// Copyright 2025 thpoll83
// SPDX-License-Identifier: GPL-2.0-or-later
#pragma once
// GENERATED by fonts/gen-lang-fonts.sh — do not hand-edit.
// Language-layer country flags: NotoColorEmoji, rendered at 54 px (taller
// than the 40 px keycap) so the keymap can vertically centre + clip them and
// have the flag content fill the height.  1 px inner border, Floyd-Steinberg
// dither.  first = 0xE000 + LANG_* enum index
// (order = enum lang_layer in lang/lang_lut.h).
// /tmp/fontconvert_pinned -ffonts/Noto_CEmoji/NotoColorEmoji-Regular.ttf -s20 -g -r54 -W72 -O1 -Dfs -e-0.10 -F0xE000 -v_LangFlags_ -S 1F1FA 1F1F8, 1F1E9 1F1EA, 1F1EB 1F1F7, 1F1EA 1F1F8, 1F1F5 1F1F9, 1F1EE 1F1F9, 1F1F9 1F1F7, 1F1F0 1F1F7, 1F1EF 1F1F5, 1F1F8 1F1E6, 1F1EC 1F1F7, 1F1FA 1F1E6, 1F1F7 1F1FA, 1F1E7 1F1FE, 1F1F0 1F1FF, 1F1E7 1F1EC, 1F1F5 1F1F1, 1F1F7 1F1F4, 1F1E8 1F1F3, 1F1F3 1F1F1, 1F1EE 1F1F1, 1F1F8 1F1EA, 1F1EB 1F1EE, 1F1F3 1F1F4, 1F1E9 1F1F0, 1F1ED 1F1FA, 1F1E8 1F1FF, 1F1ED 1F1F7, 1F1F8 1F1F0, 1F1F1 1F1F9, 1F1F1 1F1FB, 1F1EA 1F1EA, 1F1E7 1F1F7, 1F1F7 1F1F8, 1F1F2 1F1F0, 1F1EE 1F1F7, 1F1EE 1F1F3, 1F1EE 1F1F3, 1F1F3 1F1F5, 1F1F2 1F1F3, 1F1F5 1F1F0, 1F1EC 1F1E7, 1F1F2 1F1FD, 1F1E8 1F1ED, 1F1E7 1F1EA, 1F1E8 1F1E6, 1F1F9 1F1ED, 1F1EE 1F1F3, 1F1EE 1F1F3, 1F1EE 1F1F3, 1F1F9 1F1FC, 1F1EC 1F1EA, 1F1E6 1F1F2, 1F1EE 1F1E9, 1F1E6 1F1FF, 1F1EE 1F1F8, 1F1FB 1F1F3, 1F1ED 1F1F0, 1F1E6 1F1FA, 1F1F3 1F1FF, 1F1F3 1F1FF, 1F1FC 1F1F8, 1F1EB 1F1EF, 1F1F5 1F1ED, 1F1FA 1F1F8, 1F1FF 1F1E6, 1F1FF 1F1E6, 1F1EA 1F1EC, 1F1F0 1F1EA, 1F1EA 1F1F9, 1F1F3 1F1EC, 1F1F3 1F1EC, 1F1F2 1F1E6, 1F1EE 1F1F6, 1F1EE 1F1F6, 1F1F2 1F1FE, 1F1FA 1F1FF, 1F1E8 1F1E6, 1F1E6 1F1F7, 1F1F5 1F1EC, 1F1F5 1F1EB, 1F1E8 1F1F4, 1F1F5 1F1EA, 1F1FB 1F1EA, 1F1E8 1F1F1, 1F1EA 1F1E8, 1F1EC 1F1F9, 1F1E9 1F1F4, 1F1E7 1F1F4, 1F1F5 1F1FE, 1F1E8 1F1F7, 1F1F8 1F1FB, 1F1ED 1F1F3, 1F1F5 1F1E6, 1F1FA 1F1FE, 1F1F3 1F1EE, 1F1E6 1F1F9, 1F1E7 1F1EA, 1F1EA 1F1F8, 1F1EE 1F1EA, 1F1E7 1F1E6, 1F1E8 1F1ED, 1F1F8 1F1EE, 1F1EB 1F1F4, 1F1E6 1F1EA, 1F1F8 1F1FE, 1F1EF 1F1F4, 1F1F1 1F1E7, 1F1FE 1F1EA, 1F1F0 1F1FC, 1F1F4 1F1F2, 1F1F5 1F1F8, 1F1F6 1F1E6, 1F1E7 1F1ED, 1F1E9 1F1FF, 1F1F8 1F1E9, 1F1F9 1F1F3, 1F1F1 1F1FE, 1F1E8 1F1E9, 1F1E8 1F1EE, 1F1E8 1F1F2, 1F1F8 1F1F3, 1F1F2 1F1EC, 1F1EC 1F1ED, 1F1FA 1F1EC, 1F1FF 1F1F2, 1F1F9 1F1FF, 1F1E6 1F1F4, 1F1F2 1F1FF, 1F1E7 1F1E9, 1F1EE 1F1F3, 1F1F5 1F1F0, 1F1F5 1F1ED, 1F1F8 1F1EC, 1F1F1 1F1F0, 1F1F0 1F1EC, 1F1F9 1F1EF, 1F1EC 1F1FA, 1F1F8 1F1E7, 1F1FB 1F1FA, 1F1EB 1F1F2, 1F1F3 1F1E8, 1F1F9 1F1F4, 1F1EA 1F1F8, 1F1EA 1F1F8, 1F1E8 1F1ED, 1F1EC 1F1E7, 1F1EE 1F1EA, 1F1F2 1F1F9, 1F1F1 1F1FA, 1F1F3 1F1F4, 1F1F5 1F1FE, 1F1F5 1F1EA, 1F1E7 1F1F4, 1F1FA 1F1F8, 1F1F2 1F1FD, 1F1E6 1F1EB, 1F1E8 1F1E6, 1F1E8 1F1E6, 1F1FA 1F1F8 
// Visualize your font via https://tchapi.github.io/Adafruit-GFX-Font-Customiser

/* sequence: 1F1FA 1F1F8, 1F1E9 1F1EA, 1F1EB 1F1F7, 1F1EA 1F1F8, 1F1F5 1F1F9, 1F1EE 1F1F9, 1F1F9 1F1F7, 1F1F0 1F1F7, 1F1EF 1F1F5, 1F1F8 1F1E6, 1F1EC 1F1F7, 1F1FA 1F1E6, 1F1F7 1F1FA, 1F1E7 1F1FE, 1F1F0 1F1FF, 1F1E7 1F1EC, 1F1F5 1F1F1, 1F1F7 1F1F4, 1F1E8 1F1F3, 1F1F3 1F1F1, 1F1EE 1F1F1, 1F1F8 1F1EA, 1F1EB 1F1EE, 1F1F3 1F1F4, 1F1E9 1F1F0, 1F1ED 1F1FA, 1F1E8 1F1FF, 1F1ED 1F1F7, 1F1F8 1F1F0, 1F1F1 1F1F9, 1F1F1 1F1FB, 1F1EA 1F1EA, 1F1E7 1F1F7, 1F1F7 1F1F8, 1F1F2 1F1F0, 1F1EE 1F1F7, 1F1EE 1F1F3, 1F1EE 1F1F3, 1F1F3 1F1F5, 1F1F2 1F1F3, 1F1F5 1F1F0, 1F1EC 1F1E7, 1F1F2 1F1FD, 1F1E8 1F1ED, 1F1E7 1F1EA, 1F1E8 1F1E6, 1F1F9 1F1ED, 1F1EE 1F1F3, 1F1EE 1F1F3, 1F1EE 1F1F3, 1F1F9 1F1FC, 1F1EC 1F1EA, 1F1E6 1F1F2, 1F1EE 1F1E9, 1F1E6 1F1FF, 1F1EE 1F1F8, 1F1FB 1F1F3, 1F1ED 1F1F0, 1F1E6 1F1FA, 1F1F3 1F1FF, 1F1F3 1F1FF, 1F1FC 1F1F8, 1F1EB 1F1EF, 1F1F5 1F1ED, 1F1FA 1F1F8, 1F1FF 1F1E6, 1F1FF 1F1E6, 1F1EA 1F1EC, 1F1F0 1F1EA, 1F1EA 1F1F9, 1F1F3 1F1EC, 1F1F3 1F1EC, 1F1F2 1F1E6, 1F1EE 1F1F6, 1F1EE 1F1F6, 1F1F2 1F1FE, 1F1FA 1F1FF, 1F1E8 1F1E6, 1F1E6 1F1F7, 1F1F5 1F1EC, 1F1F5 1F1EB, 1F1E8 1F1F4, 1F1F5 1F1EA, 1F1FB 1F1EA, 1F1E8 1F1F1, 1F1EA 1F1E8, 1F1EC 1F1F9, 1F1E9 1F1F4, 1F1E7 1F1F4, 1F1F5 1F1FE, 1F1E8 1F1F7, 1F1F8 1F1FB, 1F1ED 1F1F3, 1F1F5 1F1E6, 1F1FA 1F1FE, 1F1F3 1F1EE, 1F1E6 1F1F9, 1F1E7 1F1EA, 1F1EA 1F1F8, 1F1EE 1F1EA, 1F1E7 1F1E6, 1F1E8 1F1ED, 1F1F8 1F1EE, 1F1EB 1F1F4, 1F1E6 1F1EA, 1F1F8 1F1FE, 1F1EF 1F1F4, 1F1F1 1F1E7, 1F1FE 1F1EA, 1F1F0 1F1FC, 1F1F4 1F1F2, 1F1F5 1F1F8, 1F1F6 1F1E6, 1F1E7 1F1ED, 1F1E9 1F1FF, 1F1F8 1F1E9, 1F1F9 1F1F3, 1F1F1 1F1FE, 1F1E8 1F1E9, 1F1E8 1F1EE, 1F1E8 1F1F2, 1F1F8 1F1F3, 1F1F2 1F1EC, 1F1EC 1F1ED, 1F1FA 1F1EC, 1F1FF 1F1F2, 1F1F9 1F1FF, 1F1E6 1F1F4, 1F1F2 1F1FF, 1F1E7 1F1E9, 1F1EE 1F1F3, 1F1F5 1F1F0, 1F1F5 1F1ED, 1F1F8 1F1EC, 1F1F1 1F1F0, 1F1F0 1F1EC, 1F1F9 1F1EF, 1F1EC 1F1FA, 1F1F8 1F1E7, 1F1FB 1F1FA, 1F1EB 1F1F2, 1F1F3 1F1E8, 1F1F9 1F1F4, 1F1EA 1F1F8, 1F1EA 1F1F8, 1F1E8 1F1ED, 1F1EC 1F1E7, 1F1EE 1F1EA, 1F1F2 1F1F9, 1F1F1 1F1FA, 1F1F3 1F1F4, 1F1F5 1F1FE, 1F1F5 1F1EA, 1F1E7 1F1F4, 1F1FA 1F1F8, 1F1F2 1F1FD, 1F1E6 1F1EB, 1F1E8 1F1E6, 1F1E8 1F1E6, 1F1FA 1F1F8 */
const uint8_t NotoColorEmoji_Regular_LangFlags_20pt7bBitmaps[]PROGMEM = {
  0x00, 0x00, 0x00, 0x00, 0x00, 0x00, 0x00, 0x00, 0x00, 0x00, 0x00, 0x00, 0x00, 0x00, 0x00, 0xFC,
  0xFF, 0xFF, 0xFF, 0x7F, 0x00, 0x00, 0xAC, 0xA4, 0xA8, 0x38, 0x25, 0x00, 0x00, 0x86, 0x88, 0xE4,
  0x1C, 0x37, 0x00, 0x00, 0x2A, 0x13, 0x71, 0x9A, 0x13, 0x00, 0x00, 0x16, 0x28, 0x71, 0x9C, 0x13,
  0x00, 0x00, 0x66, 0x45, 0x76, 0x8E, 0x11, 0x00, 0x00, 0x83, 0xA8, 0x38, 0x8E, 0x13, 0x00, 0x00,
  0x1D, 0x89, 0xB0, 0xCE, 0x19, 0x00, 0x00, 0xA3, 0x22, 0x3A, 0x86, 0x09, 0x00, 0x00, 0x25, 0x24,
  0x3A, 0xEE, 0x09, 0x00, 0x00, 0x8B, 0xC9, 0x38, 0xC7, 0x09, 0x00, 0x00, 0x11, 0x08, 0x38, 0xC6,
  0x09, 0x00, 0x80, 0x6B, 0x23, 0x3B, 0xE7, 0x09, 0x00, 0x80, 0x00, 0x88, 0x38, 0xC6, 0x09, 0x00,
  0x80, 0x9A, 0xAA, 0x38, 0xC7, 0x09, 0x00, 0x80, 0x25, 0x40, 0x3A, 0xE6, 0x09, 0x00, 0x00, 0xA3,
  0x12, 0x38, 0xC7, 0x09, 0x00, 0x00, 0x99, 0xCC, 0x3A, 0xC6, 0x09, 0x00, 0x00, 0x03, 0x00, 0x18,
  0xCE, 0x09, 0x00, 0x00, 0x75, 0x2B, 0xBB, 0xCE, 0x09, 0x00, 0x00, 0x03, 0x00, 0x38, 0x8E, 0x09,
  0x00, 0x00, 0x39, 0xE7, 0x31, 0xCE, 0x19, 0x00, 0x00, 0x39, 0xC6, 0x79, 0x8E, 0x13, 0x00, 0x00,
  0x3F, 0xAF, 0x31, 0x8E, 0x11, 0x00, 0x00, 0x32, 0xC6, 0x71, 0x8C, 0x13, 0x00, 0x00, 0x3A, 0x8F,
  0x79, 0xCE, 0x13, 0x00, 0x00, 0x72, 0xAA, 0x73, 0x1C, 0x13, 0x00, 0x00, 0x3A, 0x8E, 0x63, 0x9C,
  0x13, 0x00, 0x00, 0x72, 0x8D, 0x73, 0x1A, 0x13, 0x00, 0x00, 0x5A, 0xDC, 0xE3, 0x1C, 0x37, 0x00,
  0x00, 0x72, 0x8E, 0x63, 0x98, 0x23, 0x00, 0x00, 0x76, 0x1C, 0xF3, 0x1C, 0x27, 0x00, 0x00, 0x64,
  0x9C, 0xE3, 0x18, 0x27, 0x00, 0x00, 0xF4, 0x1E, 0x67, 0x3A, 0x27, 0x00, 0x00, 0x64, 0x94, 0xE3,
  0x38, 0x27, 0x00, 0x00, 0xF4, 0x1C, 0xC7, 0x38, 0x26, 0x00, 0x00, 0xE4, 0x58, 0xD3, 0x3A, 0x27,
  0x00, 0x00, 0x74, 0x1A, 0xE7, 0x38, 0x66, 0x00, 0x00, 0xE4, 0x1C, 0xC7, 0x38, 0x4E, 0x00, 0x00,
  0xE4, 0x58, 0xE7, 0x3A, 0x46, 0x00, 0x00, 0xF4, 0x1C, 0xC3, 0x18, 0x67, 0x00, 0x00, 0xE4, 0x98,
  0xE7, 0x3C, 0x26, 0x00, 0x00, 0xE4, 0x1C, 0xE7, 0x38, 0x27, 0x00, 0x00, 0x74, 0x1A, 0xA3, 0x18,
  0x23, 0x00, 0x00, 0x64, 0x9C, 0xE7, 0x3C, 0x27, 0x00, 0x00, 0x76, 0x1C, 0xE3, 0x18, 0x27, 0x00,
  0x00, 0x72, 0x8D, 0x63, 0x1C, 0x33, 0x00, 0x00, 0x3A, 0xAC, 0xF3, 0x9C, 0x13, 0x00, 0x00, 0xB2,
  0x8E, 0x31, 0x8C, 0x13, 0x00, 0x00, 0x3A, 0xC6, 0x79, 0x8E, 0x12, 0x00, 0x00, 0x3B, 0xD7, 0x31,
  0xCE, 0x19, 0x00, 0x00, 0x0D, 0x45, 0x28, 0x42, 0x09, 0x00, 0x80, 0xFF, 0xFF, 0xFF, 0xFF, 0x0F,
  0x00, 0x00, 0x00, 0x00, 0x00, 0x00, 0x00, 0x00, 0x00, 0x00, 0x00, 0x00, 0x00, 0x00, 0x00, 0x00,
  0x00, 0x00, 0x00, 0x00, 0x00, 0x00, 0x00, 0x00, 0x00, 0x00, 0x00, 0x00, 0x00, 0x00, 0xFC, 0xFF,
  0xFF, 0xFF, 0x7F, 0x00, 0x00, 0x04, 0x00, 0x00, 0x54, 0x35, 0x00, 0x00, 0x06, 0x00, 0x00, 0xEA,
  0x3A, 0x00, 0x00, 0x02, 0x00, 0x08, 0xBE, 0x17, 0x00, 0x00, 0x02, 0x00, 0x40, 0x6A, 0x1D, 0x00,
  0x00, 0x02, 0x00, 0x01, 0xB6, 0x13, 0x00, 0x00, 0x03, 0x00, 0x00, 0xDB, 0x1E, 0x00, 0x00, 0x01,
  0x00, 0x88, 0x6E, 0x1B, 0x00, 0x00, 0x01, 0x80, 0x00, 0xB5, 0x0D, 0x00, 0x00, 0x01, 0x00, 0x00,
  0xDF, 0x0A, 0x00, 0x00, 0x01, 0x00, 0x88, 0x75, 0x0F, 0x00, 0x00, 0x01, 0x80, 0x00, 0xAA, 0x0B,
  0x00, 0x80, 0x01, 0x00, 0x80, 0xDF, 0x0A, 0x00, 0x80, 0x00, 0x00, 0x08, 0x75, 0x0D, 0x00, 0x80,
  0x00, 0x80, 0x80, 0xAE, 0x0B, 0x00, 0x80, 0x01, 0x00, 0x00, 0xDB, 0x0E, 0x00, 0x00, 0x01, 0x00,
  0x88, 0x75, 0x0B, 0x00, 0x00, 0x01, 0x80, 0x00, 0xDF, 0x0E, 0x00, 0x00, 0x01, 0x00, 0x00, 0xB5,
  0x09, 0x00, 0x00, 0x01, 0x00, 0x08, 0x6B, 0x0F, 0x00, 0x00, 0x01, 0x80, 0x40, 0xDD, 0x0A, 0x00,
  0x00, 0x01, 0x00, 0x00, 0xBB, 0x1D, 0x00, 0x00, 0x01, 0x00, 0x00, 0x56, 0x1B, 0x00, 0x00, 0x03,
  0x00, 0x09, 0xFD, 0x16, 0x00, 0x00, 0x02, 0x00, 0x40, 0x56, 0x1D, 0x00, 0x00, 0x02, 0x00, 0x00,
  0xAA, 0x13, 0x00, 0x00, 0x02, 0x00, 0x01, 0xFE, 0x1E, 0x00, 0x00, 0x02, 0x00, 0x10, 0xAA, 0x15,
  0x00, 0x00, 0x02, 0x00, 0x00, 0x56, 0x1B, 0x00, 0x00, 0x02, 0x00, 0x82, 0xFC, 0x3D, 0x00, 0x00,
  0x02, 0x00, 0x00, 0x54, 0x2B, 0x00, 0x00, 0x06, 0x00, 0x20, 0xAC, 0x36, 0x00, 0x00, 0x04, 0x00,
  0x02, 0xFA, 0x2D, 0x00, 0x00, 0x04, 0x00, 0x00, 0x54, 0x3B, 0x00, 0x00, 0x04, 0x00, 0x20, 0xAC,
  0x26, 0x00, 0x00, 0x04, 0x00, 0x02, 0xFA, 0x3D, 0x00, 0x00, 0x04, 0x00, 0x00, 0x54, 0x2B, 0x00,
  0x00, 0x04, 0x00, 0x10, 0xB9, 0x76, 0x00, 0x00, 0x04, 0x00, 0x00, 0xD4, 0x6D, 0x00, 0x00, 0x04,
  0x00, 0x02, 0x6C, 0x5B, 0x00, 0x00, 0x04, 0x00, 0x40, 0xB8, 0x66, 0x00, 0x00, 0x04, 0x00, 0x00,
  0xD4, 0x3D, 0x00, 0x00, 0x04, 0x00, 0x10, 0xBC, 0x2A, 0x00, 0x00, 0x04, 0x00, 0x02, 0x64, 0x37,
  0x00, 0x00, 0x04, 0x00, 0x00, 0xDD, 0x2A, 0x00, 0x00, 0x06, 0x00, 0x00, 0xB4, 0x2D, 0x00, 0x00,
  0x02, 0x00, 0x10, 0x6C, 0x3B, 0x00, 0x00, 0x02, 0x00, 0x82, 0xDA, 0x16, 0x00, 0x00, 0x02, 0x00,
  0x00, 0xB6, 0x15, 0x00, 0x00, 0x02, 0x00, 0x00, 0x6A, 0x1A, 0x00, 0x00, 0x03, 0x00, 0x21, 0xDD,
  0x1F, 0x00, 0x00, 0x01, 0x00, 0x00, 0x33, 0x08, 0x00, 0x80, 0xFF, 0xFF, 0xFF, 0xFF, 0x0F, 0x00,
  0x00, 0x00, 0x00, 0x00, 0x00, 0x00, 0x00, 0x00, 0x00, 0x00, 0x00, 0x00, 0x00, 0x00, 0x00, 0x00,
  0x00, 0x00, 0x00, 0x00, 0x00, 0x00, 0x00, 0x00, 0x00, 0x00, 0x00, 0x00, 0x00, 0xFC, 0xFF, 0xFF,
  0xFF, 0x7F, 0x00, 0x00, 0x04, 0x00, 0x00, 0x00, 0x20, 0x00, 0x00, 0x86, 0x00, 0x00, 0x00, 0x30,
  0x00, 0x00, 0x02, 0x10, 0x04, 0x01, 0x10, 0x00, 0x00, 0x12, 0x82, 0x00, 0x00, 0x10, 0x00, 0x00,
  0x02, 0x00, 0x20, 0x00, 0x12, 0x00, 0x00, 0x43, 0x10, 0x00, 0x10, 0x10, 0x00, 0x00, 0x01, 0x00,
  0x10, 0x00, 0x18, 0x00, 0x00, 0x09, 0x02, 0x02, 0x00, 0x08, 0x00, 0x00, 0x41, 0x40, 0x00, 0x04,
  0x08, 0x00, 0x00, 0x01, 0x00, 0x00, 0x00, 0x08, 0x00, 0x00, 0x09, 0x04, 0x00, 0x00, 0x0A, 0x00,
  0x80, 0x01, 0x20, 0x40, 0x00, 0x08, 0x00, 0x80, 0x80, 0x00, 0x04, 0x00, 0x08, 0x00, 0x80, 0x08,
  0x10, 0x00, 0x08, 0x08, 0x00, 0x80, 0x01, 0x00, 0x00, 0x00, 0x08, 0x00, 0x00, 0x01, 0x02, 0x00,
  0x00, 0x08, 0x00, 0x00, 0x49, 0x80, 0x08, 0x01, 0x0A, 0x00, 0x00, 0xFF, 0xFF, 0xFF, 0xFF, 0x0F,
  0x00, 0x00, 0xFD, 0xFF, 0xFF, 0xFF, 0x0B, 0x00, 0x00, 0x7F, 0xFF, 0xEE, 0xFF, 0x0F, 0x00, 0x00,
  0xEF, 0xF7, 0xFF, 0x76, 0x1B, 0x00, 0x00, 0xFF, 0xBF, 0xF7, 0xFF, 0x1F, 0x00, 0x00, 0xFF, 0xFE,
  0xFF, 0xBB, 0x17, 0x00, 0x00, 0xDA, 0xF7, 0xBD, 0xFF, 0x1B, 0x00, 0x00, 0xFE, 0xFF, 0xFF, 0xFD,
  0x1F, 0x00, 0x00, 0xEE, 0xBF, 0xEF, 0xDF, 0x1D, 0x00, 0x00, 0xFE, 0xF6, 0xFD, 0xFE, 0x17, 0x00,
  0x00, 0xFA, 0xFF, 0xFF, 0xEF, 0x1E, 0x00, 0x00, 0xBE, 0x7F, 0xBF, 0xFF, 0x3F, 0x00, 0x00, 0xFE,
  0xEF, 0xF7, 0xFF, 0x2F, 0x00, 0x00, 0xF6, 0xFD, 0xFF, 0xED, 0x3E, 0x00, 0x00, 0xDC, 0x7F, 0xFB,
  0xFF, 0x2F, 0x00, 0x00, 0xFC, 0xF7, 0xBF, 0xF7, 0x3B, 0x00, 0x00, 0xFC, 0xFF, 0xFF, 0xFF, 0x3F,
  0x00, 0x00, 0x04, 0x00, 0x00, 0x00, 0x20, 0x00, 0x00, 0x8C, 0x28, 0x52, 0x10, 0x20, 0x00, 0x00,
  0x24, 0x82, 0x00, 0x45, 0x75, 0x00, 0x00, 0x94, 0x28, 0x24, 0x10, 0x40, 0x00, 0x00, 0x04, 0x02,
  0x89, 0x82, 0x44, 0x00, 0x00, 0xAC, 0x50, 0x00, 0x08, 0x60, 0x00, 0x00, 0x04, 0x04, 0xAA, 0xA0,
  0x22, 0x00, 0x00, 0x24, 0x91, 0x00, 0x02, 0x28, 0x00, 0x00, 0x4C, 0x04, 0x22, 0x28, 0x20, 0x00,
  0x00, 0x04, 0xA1, 0x88, 0x82, 0x22, 0x00, 0x00, 0x56, 0x14, 0x00, 0x10, 0x28, 0x00, 0x00, 0x0A,
  0x40, 0xAA, 0x04, 0x30, 0x00, 0x00, 0x42, 0x09, 0x01, 0xA0, 0x12, 0x00, 0x00, 0x12, 0x22, 0x10,
  0x09, 0x18, 0x00, 0x00, 0x46, 0x08, 0x45, 0x40, 0x10, 0x00, 0x00, 0x0B, 0x41, 0x00, 0x12, 0x19,
  0x00, 0x00, 0x41, 0x08, 0x88, 0x00, 0x08, 0x00, 0x80, 0xFF, 0xFF, 0xFF, 0xFF, 0x0F, 0x00, 0x00,
  0x00, 0x00, 0x00, 0x00, 0x00, 0x00, 0x00, 0x00, 0x00, 0x00, 0x00, 0x00, 0x00, 0x00, 0x00, 0x00,
  0x00, 0x00, 0x00, 0x00, 0x00, 0x00, 0x00, 0x00, 0x00, 0x00, 0x00, 0x00, 0xFC, 0xFF, 0xFF, 0xFF,
  0x7F, 0x00, 0x00, 0x04, 0xA8, 0xAA, 0x1A, 0x20, 0x00, 0x00, 0x26, 0xDA, 0x75, 0x17, 0x30, 0x00,
  0x00, 0x82, 0x74, 0xDF, 0x0A, 0x19, 0x00, 0x00, 0x0A, 0xAC, 0xB5, 0x0D, 0x10, 0x00, 0x00, 0x42,
  0xDA, 0x6A, 0x87, 0x10, 0x00, 0x00, 0x13, 0x76, 0xDF, 0x0A, 0x10, 0x00, 0x00, 0x01, 0xAA, 0xB5,
  0x05, 0x18, 0x00, 0x00, 0x45, 0xDE, 0x6E, 0x47, 0x0C, 0x00, 0x00, 0x01, 0x75, 0xDB, 0x02, 0x08,
  0x00, 0x00, 0x11, 0xDA, 0x6D, 0x23, 0x0A, 0x00, 0x00, 0x85, 0x6E, 0xD3, 0x06, 0x08, 0x00, 0x80,
  0x01, 0x5A, 0x2A, 0x01, 0x08, 0x00, 0x80, 0x20, 0xF7, 0xF5, 0x26, 0x08, 0x00, 0x80, 0x04, 0x0A,
  0x00, 0x03, 0x09, 0x00, 0x80, 0x91, 0xDE, 0x52, 0x05, 0x08, 0x00, 0x00, 0x01, 0x12, 0x04, 0x03,
  0x08, 0x00, 0x00, 0x45, 0x4E, 0xD0, 0x46, 0x08, 0x00, 0x00, 0x01, 0x8A, 0x03, 0x05, 0x08, 0x00,
  0x00, 0x09, 0x3E, 0xAD, 0x02, 0x09, 0x00, 0x00, 0x41, 0x8A, 0x09, 0x05, 0x08, 0x00, 0x00, 0x05,
  0x75, 0xF7, 0x26, 0x18, 0x00, 0x00, 0x01, 0xDE, 0x48, 0x02, 0x10, 0x00, 0x00, 0x93, 0xB4, 0xA6,
  0x0D, 0x11, 0x00, 0x00, 0x02, 0x6C, 0x5B, 0x03, 0x10, 0x00, 0x00, 0x0A, 0xDA, 0xB6, 0x4E, 0x10,
  0x00, 0x00, 0x42, 0xB4, 0xED, 0x05, 0x14, 0x00, 0x00, 0x02, 0xDC, 0x36, 0x0B, 0x10, 0x00, 0x00,
  0x12, 0xB4, 0xED, 0x26, 0x12, 0x00, 0x00, 0x82, 0x6C, 0x9B, 0x0D, 0x30, 0x00, 0x00, 0x02, 0xD8,
  0x76, 0x1B, 0x20, 0x00, 0x00, 0x16, 0xB4, 0xCD, 0x06, 0x22, 0x00, 0x00, 0x84, 0x68, 0xBB, 0x1D,
  0x20, 0x00, 0x00, 0x04, 0xB8, 0x6D, 0x13, 0x20, 0x00, 0x00, 0x24, 0x68, 0xDB, 0x0E, 0x21, 0x00,
  0x00, 0x04, 0xD9, 0xA6, 0x19, 0x30, 0x00, 0x00, 0x04, 0xA8, 0x7D, 0x17, 0x20, 0x00, 0x00, 0x24,
  0x78, 0xAB, 0x1A, 0x68, 0x00, 0x00, 0x04, 0xC9, 0xD6, 0x15, 0x41, 0x00, 0x00, 0x04, 0xB8, 0x6D,
  0x0F, 0x40, 0x00, 0x00, 0x24, 0x68, 0xDB, 0x14, 0x60, 0x00, 0x00, 0x04, 0xD9, 0xB4, 0x1B, 0x30,
  0x00, 0x00, 0x04, 0xB0, 0x6F, 0x16, 0x21, 0x00, 0x00, 0x24, 0x6C, 0xDA, 0x0D, 0x20, 0x00, 0x00,
  0x04, 0xD8, 0xA7, 0x1A, 0x28, 0x00, 0x00, 0x06, 0xA9, 0x7C, 0x07, 0x20, 0x00, 0x00, 0x22, 0x74,
  0xCB, 0x8A, 0x30, 0x00, 0x00, 0x02, 0xD8, 0xBD, 0x0D, 0x10, 0x00, 0x00, 0x12, 0x36, 0x53, 0x0B,
  0x14, 0x00, 0x00, 0x02, 0xEC, 0xEE, 0x04, 0x10, 0x00, 0x00, 0x83, 0x5A, 0xB5, 0x87, 0x18, 0x00,
  0x00, 0x01, 0xA6, 0x4A, 0x00, 0x08, 0x00, 0x80, 0xFF, 0xFF, 0xFF, 0xFF, 0x0F, 0x00, 0x00, 0x00,
  0x00, 0x00, 0x00, 0x00, 0x00, 0x00, 0x00, 0x00, 0x00, 0x00, 0x00, 0x00, 0x00, 0x00, 0x00, 0x00,
  0x00, 0x00, 0x00, 0x00, 0x00, 0x00, 0x00, 0x00, 0x00, 0x00, 0x00, 0xFC, 0xFF, 0xFF, 0xFF, 0x7F,
  0x00, 0x00, 0x24, 0x11, 0x89, 0x20, 0x22, 0x00, 0x00, 0x4E, 0x44, 0x20, 0x0A, 0x38, 0x00, 0x00,
  0x02, 0x91, 0x0A, 0xA0, 0x10, 0x00, 0x00, 0x56, 0x04, 0xA0, 0x02, 0x12, 0x00, 0x00, 0x02, 0x21,
  0x05, 0x48, 0x18, 0x00, 0x00, 0x57, 0x4A, 0x10, 0x01, 0x11, 0x00, 0x00, 0x01, 0x00, 0x41, 0x14,
  0x1C, 0x00, 0x00, 0xAB, 0x52, 0x14, 0x40, 0x08, 0x00, 0x00, 0x01, 0x00, 0x40, 0x09, 0x09, 0x00,
  0x00, 0x55, 0x55, 0x05, 0x20, 0x08, 0x00, 0x00, 0x03, 0x00, 0x50, 0x82, 0x08, 0x00, 0x80, 0x29,
  0x2A, 0x02, 0x08, 0x0A, 0x00, 0x80, 0x82, 0xC0, 0x3D, 0x22, 0x08, 0x00, 0x80, 0x10, 0x72, 0xA5,
  0x80, 0x08, 0x00, 0x80, 0x8B, 0xB8, 0x64, 0x14, 0x0A, 0x00, 0x00, 0x21, 0x45, 0x91, 0x01, 0x08,
  0x00, 0x00, 0x05, 0x2C, 0x42, 0xA2, 0x08, 0x00, 0x00, 0x53, 0xC1, 0xAD, 0x04, 0x0A, 0x00, 0x00,
  0x01, 0xD2, 0x19, 0x25, 0x08, 0x00, 0x00, 0x95, 0x42, 0x3F, 0x84, 0x08, 0x00, 0x00, 0x41, 0x6E,
  0x88, 0x02, 0x1C, 0x00, 0x00, 0x01, 0x80, 0x3F, 0x24, 0x10, 0x00, 0x00, 0x0B, 0x94, 0x5B, 0x05,
  0x10, 0x00, 0x00, 0x42, 0x4A, 0x04, 0x85, 0x14, 0x00, 0x00, 0x02, 0x08, 0xC2, 0x00, 0x10, 0x00,
  0x00, 0x12, 0xB1, 0x74, 0x23, 0x12, 0x00, 0x00, 0x02, 0xE0, 0xC8, 0x09, 0x10, 0x00, 0x00, 0x82,
  0x80, 0x46, 0x00, 0x11, 0x00, 0x00, 0x12, 0x08, 0x3C, 0x00, 0x30, 0x00, 0x00, 0x02, 0x40, 0x02,
  0x49, 0x30, 0x00, 0x00, 0x06, 0x01, 0x00, 0x00, 0x22, 0x00, 0x00, 0x24, 0x08, 0x00, 0x00, 0x20,
  0x00, 0x00, 0x04, 0x40, 0x42, 0x92, 0x28, 0x00, 0x00, 0x04, 0x01, 0x10, 0x00, 0x20, 0x00, 0x00,
  0x24, 0x08, 0x00, 0x00, 0x24, 0x00, 0x00, 0x04, 0x40, 0x82, 0x24, 0x21, 0x00, 0x00, 0x04, 0x01,
  0x10, 0x00, 0x60, 0x00, 0x00, 0x24, 0x08, 0x00, 0x00, 0x40, 0x00, 0x00, 0x04, 0x40, 0x82, 0x24,
  0x49, 0x00, 0x00, 0x04, 0x01, 0x10, 0x00, 0x60, 0x00, 0x00, 0x24, 0x08, 0x00, 0x00, 0x20, 0x00,
  0x00, 0x04, 0x40, 0x82, 0x24, 0x21, 0x00, 0x00, 0x04, 0x01, 0x10, 0x00, 0x24, 0x00, 0x00, 0x24,
  0x08, 0x00, 0x00, 0x20, 0x00, 0x00, 0x06, 0x40, 0x82, 0x24, 0x22, 0x00, 0x00, 0x82, 0x04, 0x10,
  0x80, 0x30, 0x00, 0x00, 0x12, 0x00, 0x01, 0x00, 0x10, 0x00, 0x00, 0x02, 0x20, 0x80, 0x44, 0x10,
  0x00, 0x00, 0x82, 0x04, 0x10, 0x10, 0x10, 0x00, 0x00, 0x13, 0x00, 0x02, 0x00, 0x1A, 0x00, 0x00,
  0x01, 0x20, 0x80, 0x00, 0x08, 0x00, 0x80, 0xFF, 0xFF, 0xFF, 0xFF, 0x0F, 0x00, 0x00, 0x00, 0x00,
  0x00, 0x00, 0x00, 0x00, 0x00, 0x00, 0x00, 0x00, 0x00, 0x00, 0x00, 0x00, 0x00, 0x00, 0x00, 0x00,
  0x00, 0x00, 0x00, 0x00, 0x00, 0x00, 0x00, 0x00, 0x00, 0x00, 0xFC, 0xFF, 0xFF, 0xFF, 0x7F, 0x00,
  0x00, 0x2C, 0xAA, 0xAA, 0xAA, 0x34, 0x00, 0x00, 0x56, 0x55, 0x49, 0x14, 0x39, 0x00, 0x00, 0x8E,
  0x08, 0x92, 0xA2, 0x12, 0x00, 0x00, 0x52, 0xD3, 0x24, 0x49, 0x14, 0x00, 0x00, 0x26, 0x24, 0x59,
  0x92, 0x10, 0x00, 0x00, 0x4B, 0x49, 0x82, 0x24, 0x15, 0x00, 0x00, 0xB1, 0xAA, 0x54, 0x49, 0x1A,
  0x00, 0x00, 0x07, 0x11, 0x49, 0x92, 0x08, 0x00, 0x00, 0x69, 0xA6, 0x92, 0x24, 0x09, 0x00, 0x00,
  0x95, 0x48, 0x24, 0x49, 0x0A, 0x00, 0x00, 0x2B, 0x95, 0x4A, 0x92, 0x08, 0x00, 0x80, 0x41, 0x22,
  0x91, 0x24, 0x0D, 0x00, 0x80, 0x9A, 0x49, 0x2A, 0x49, 0x08, 0x00, 0x80, 0x25, 0xA4, 0x84, 0x12,
  0x0D, 0x00, 0x80, 0xC9, 0x0A, 0x29, 0xA4, 0x08, 0x00, 0x00, 0x13, 0x71, 0x92, 0x49, 0x0A, 0x00,
  0x00, 0xA9, 0x84, 0x24, 0x12, 0x09, 0x00, 0x00, 0xFF, 0xFF, 0xFF, 0xFF, 0x0F, 0x00, 0x00, 0xFD,
  0xFF, 0xFF, 0xFF, 0x0F, 0x00, 0x00, 0xDF, 0xFF, 0xBE, 0xDF, 0x0D, 0x00, 0x00, 0xFF, 0xF6, 0xFF,
  0xFB, 0x1F, 0x00, 0x00, 0xF7, 0xBF, 0xF7, 0xFF, 0x1B, 0x00, 0x00, 0x7F, 0xFF, 0xBF, 0x7F, 0x17,
  0x00, 0x00, 0xFA, 0xFF, 0xFD, 0xED, 0x1F, 0x00, 0x00, 0xFE, 0xB7, 0xDF, 0xFF, 0x17, 0x00, 0x00,
  0x6E, 0xFF, 0xFF, 0x7F, 0x1B, 0x00, 0x00, 0xFE, 0xFB, 0xF7, 0xFB, 0x1F, 0x00, 0x00, 0xFA, 0xFF,
  0x7E, 0xDF, 0x17, 0x00, 0x00, 0xBE, 0xDF, 0xFF, 0xFF, 0x3F, 0x00, 0x00, 0xFE, 0xFD, 0xEF, 0xFF,
  0x3E, 0x00, 0x00, 0xF6, 0xEF, 0x7D, 0xDB, 0x37, 0x00, 0x00, 0xDC, 0xFF, 0xFF, 0xFF, 0x2F, 0x00,
  0x00, 0xFC, 0x7D, 0xDF, 0x7F, 0x3F, 0x00, 0x00, 0xFC, 0xFF, 0xFF, 0xFF, 0x2F, 0x00, 0x00, 0x04,
  0x00, 0x00, 0x00, 0x20, 0x00, 0x00, 0x24, 0x0A, 0x42, 0x04, 0x20, 0x00, 0x00, 0x8C, 0xA0, 0x10,
  0x40, 0x65, 0x00, 0x00, 0x44, 0x04, 0x44, 0x11, 0x50, 0x00, 0x00, 0x14, 0x11, 0x01, 0x04, 0x40,
  0x00, 0x00, 0x24, 0x40, 0x14, 0x40, 0x65, 0x00, 0x00, 0x84, 0x04, 0x40, 0x11, 0x20, 0x00, 0x00,
  0x2C, 0x52, 0x01, 0x04, 0x28, 0x00, 0x00, 0x04, 0x00, 0x54, 0x40, 0x21, 0x00, 0x00, 0xA4, 0x22,
  0x01, 0x11, 0x20, 0x00, 0x00, 0x0E, 0x08, 0x00, 0x04, 0x32, 0x00, 0x00, 0x22, 0x42, 0x54, 0x40,
  0x30, 0x00, 0x00, 0x82, 0x10, 0x01, 0x11, 0x19, 0x00, 0x00, 0x2A, 0x02, 0x04, 0x04, 0x10, 0x00,
  0x00, 0x02, 0x48, 0x50, 0x40, 0x14, 0x00, 0x00, 0x97, 0x00, 0x01, 0x09, 0x18, 0x00, 0x00, 0x01,
  0x12, 0x04, 0x00, 0x09, 0x00, 0x80, 0xFF, 0xFF, 0xFF, 0xFF, 0x0F, 0x00, 0x00, 0x00, 0x00, 0x00,
  0x00, 0x00, 0x00, 0x00, 0x00, 0x00, 0x00, 0x00, 0x00, 0x00, 0x00, 0x00, 0x00, 0x00, 0x00, 0x00,
  0x00, 0x00, 0x00, 0x00, 0x00, 0x00, 0x00, 0x00, 0x00, 0xFC, 0xFF, 0xFF, 0xFF, 0x7F, 0x00, 0x00,
  0x04, 0x00, 0x00, 0x00, 0x20, 0x00, 0x00, 0x96, 0x88, 0x48, 0x12, 0x31, 0x00, 0x00, 0x02, 0x22,
  0x02, 0x00, 0x18, 0x00, 0x00, 0x4A, 0x00, 0x20, 0x20, 0x10, 0x00, 0x00, 0x02, 0x88, 0x08, 0x02,
  0x11, 0x00, 0x00, 0x13, 0x01, 0x80, 0x08, 0x10, 0x00, 0x00, 0x41, 0x24, 0x02, 0x40, 0x18, 0x00,
  0x00, 0x05, 0x80, 0x10, 0x04, 0x0A, 0x00, 0x00, 0x11, 0x02, 0x80, 0x20, 0x08, 0x00, 0x00, 0x81,
  0x90, 0x1F, 0x00, 0x09, 0x00, 0x00, 0x25, 0xE0, 0x7F, 0x08, 0x08, 0x00, 0x80, 0x01, 0xFC, 0xEF,
  0x80, 0x08, 0x00, 0x80, 0x84, 0xF8, 0xFF, 0x21, 0x08, 0x00, 0x80, 0x10, 0x5E, 0x70, 0x03, 0x08,
  0x00, 0x80, 0x41, 0x1E, 0xC0, 0x13, 0x08, 0x00, 0x00, 0x05, 0x8E, 0x88, 0x03, 0x09, 0x00, 0x00,
  0x11, 0x06, 0x00, 0x07, 0x08, 0x00, 0x00, 0x81, 0x26, 0x22, 0x46, 0x08, 0x00, 0x00, 0x05, 0x06,
  0x00, 0x06, 0x0A, 0x00, 0x00, 0x21, 0x87, 0x88, 0x06, 0x08, 0x00, 0x00, 0x09, 0x04, 0x00, 0x44,
  0x18, 0x00, 0x00, 0x01, 0x24, 0x22, 0x06, 0x10, 0x00, 0x00, 0x4B, 0x0A, 0x00, 0x21, 0x12, 0x00,
  0x00, 0x02, 0x90, 0x08, 0x02, 0x10, 0x00, 0x00, 0x22, 0x01, 0x40, 0x11, 0x11, 0x00, 0x00, 0x0A,
  0x20, 0x02, 0x00, 0x10, 0x00, 0x00, 0x02, 0x04, 0x0C, 0x00, 0x10, 0x00, 0x00, 0x42, 0x90, 0x4C,
  0x24, 0x19, 0x00, 0x00, 0x12, 0x01, 0x7F, 0x00, 0x30, 0x00, 0x00, 0x02, 0x08, 0x1E, 0x02, 0x20,
  0x00, 0x00, 0x86, 0x00, 0x34, 0x90, 0x24, 0x00, 0x00, 0x14, 0x44, 0x26, 0x00, 0x20, 0x00, 0x00,
  0x44, 0x00, 0x80, 0x00, 0x20, 0x00, 0x00, 0x04, 0x10, 0x11, 0x24, 0x21, 0x00, 0x00, 0x04, 0x01,
  0x00, 0x00, 0x28, 0x00, 0x00, 0x14, 0x44, 0x44, 0x82, 0x20, 0x00, 0x00, 0x44, 0x00, 0x00, 0x00,
  0x60, 0x00, 0x00, 0x04, 0x22, 0x20, 0x10, 0x42, 0x00, 0x00, 0x24, 0x00, 0x09, 0x02, 0x40, 0x00,
  0x00, 0x04, 0x01, 0x00, 0x40, 0x68, 0x00, 0x00, 0x04, 0x48, 0x40, 0x00, 0x20, 0x00, 0x00, 0x44,
  0x00, 0x02, 0x12, 0x21, 0x00, 0x00, 0x14, 0x04, 0x10, 0x00, 0x28, 0x00, 0x00, 0x04, 0x21, 0x81,
  0x00, 0x20, 0x00, 0x00, 0x06, 0x00, 0x00, 0x20, 0x21, 0x00, 0x00, 0x42, 0x10, 0x48, 0x04, 0x30,
  0x00, 0x00, 0x12, 0x02, 0x01, 0x80, 0x18, 0x00, 0x00, 0x02, 0x00, 0x00, 0x00, 0x10, 0x00, 0x00,
  0x82, 0x20, 0x48, 0x12, 0x10, 0x00, 0x00, 0x13, 0x04, 0x01, 0x80, 0x18, 0x00, 0x00, 0x01, 0x00,
  0x00, 0x00, 0x08, 0x00, 0x80, 0xFF, 0xFF, 0xFF, 0xFF, 0x0F, 0x00, 0x00, 0x00, 0x00, 0x00, 0x00,
  0x00, 0x00, 0x00, 0x00, 0x00, 0x00, 0x00, 0x00, 0x00, 0x00, 0x00, 0x00, 0x00, 0x00, 0x00, 0x00,
  0x00, 0x00, 0x00, 0x00, 0x00, 0x00, 0x00, 0x00, 0xFC, 0xFF, 0xFF, 0xFF, 0x7F, 0x00, 0x00, 0xB4,
  0xDF, 0xB6, 0x6D, 0x3B, 0x00, 0x00, 0xFE, 0xFD, 0xFF, 0xFF, 0x3F, 0x00, 0x00, 0xDE, 0xEF, 0xFB,
  0xFE, 0x1F, 0x00, 0x00, 0xFE, 0xFF, 0xFF, 0x6F, 0x1B, 0x00, 0x00, 0xFA, 0x7E, 0xDF, 0xFF, 0x17,
  0x00, 0x00, 0xFF, 0xF7, 0xFF, 0xFB, 0x1F, 0x00, 0x00, 0xDD, 0xFF, 0x7B, 0xBF, 0x1B, 0x00, 0x00,
  0xFF, 0xBA, 0xFF, 0xFD, 0x0F, 0x00, 0x00, 0xFD, 0xF9, 0xDD, 0xD8, 0x0B, 0x00, 0x00, 0x5F, 0xF4,
  0x7F, 0xF3, 0x0D, 0x00, 0x00, 0x3D, 0xE2, 0x7E, 0xC4, 0x0F, 0x00, 0x80, 0x8F, 0xC8, 0xAF, 0x88,
  0x0B, 0x00, 0x80, 0x45, 0xE6, 0x3F, 0x26, 0x0F, 0x00, 0x80, 0x1F, 0x71, 0x77, 0xC8, 0x0D, 0x00,
  0x80, 0xDD, 0xF8, 0xFF, 0x91, 0x0B, 0x00, 0x00, 0x3F, 0xBE, 0xFF, 0xE7, 0x0F, 0x00, 0x00, 0x9D,
  0xFF, 0xFB, 0xCE, 0x0E, 0x00, 0x00, 0xFF, 0x5B, 0xC0, 0xFF, 0x0B, 0x00, 0x00, 0xFD, 0x1F, 0x24,
  0xFF, 0x0F, 0x00, 0x00, 0xEF, 0x46, 0x01, 0xDE, 0x0B, 0x00, 0x00, 0xFF, 0x17, 0x88, 0xFC, 0x1E,
  0x00, 0x00, 0xF7, 0x83, 0x02, 0xFA, 0x17, 0x00, 0x00, 0x7F, 0x23, 0x10, 0xB8, 0x1F, 0x00, 0x00,
  0xFA, 0x4B, 0x45, 0xF8, 0x1B, 0x00, 0x00, 0xBE, 0x03, 0x00, 0xF2, 0x17, 0x00, 0x00, 0xFE, 0x53,
  0x81, 0x70, 0x1F, 0x00, 0x00, 0xDA, 0x03, 0x14, 0xF0, 0x17, 0x00, 0x00, 0xFE, 0x95, 0x00, 0xF8,
  0x1B, 0x00, 0x00, 0xFE, 0x47, 0x48, 0x72, 0x3F, 0x00, 0x00, 0x76, 0x0F, 0x01, 0xF0, 0x2F, 0x00,
  0x00, 0xFE, 0x2F, 0x20, 0xF8, 0x3B, 0x00, 0x00, 0xF4, 0x1B, 0x05, 0xBA, 0x2F, 0x00, 0x00, 0xBC,
  0x7F, 0x10, 0xFE, 0x3F, 0x00, 0x00, 0xFC, 0xBF, 0x81, 0xFF, 0x3B, 0x00, 0x00, 0xFC, 0xFC, 0xFF,
  0x1B, 0x2F, 0x00, 0x00, 0x6C, 0xF1, 0xFF, 0x1F, 0x3F, 0x00, 0x00, 0x7C, 0xF2, 0xFD, 0xCE, 0x76,
  0x00, 0x00, 0xBC, 0x88, 0xDF, 0x33, 0x5E, 0x00, 0x00, 0x1C, 0x11, 0xFF, 0xA8, 0x78, 0x00, 0x00,
  0x74, 0x66, 0x7B, 0x45, 0x6C, 0x00, 0x00, 0xFC, 0x88, 0xFF, 0x51, 0x3F, 0x00, 0x00, 0xBC, 0xB3,
  0xEF, 0x8B, 0x3F, 0x00, 0x00, 0xFC, 0xC7, 0xFF, 0xE5, 0x37, 0x00, 0x00, 0xF4, 0xEF, 0xBD, 0xF7,
  0x2F, 0x00, 0x00, 0xBE, 0xFF, 0xFF, 0xFF, 0x3E, 0x00, 0x00, 0xFE, 0xFD, 0xEE, 0xFE, 0x37, 0x00,
  0x00, 0xF6, 0xEF, 0xFF, 0xDF, 0x1F, 0x00, 0x00, 0x7E, 0xFF, 0x7F, 0xFF, 0x16, 0x00, 0x00, 0xFA,
  0xF7, 0xF6, 0xF7, 0x1F, 0x00, 0x00, 0xBF, 0xFF, 0xFF, 0xFF, 0x1B, 0x00, 0x00, 0xED, 0x5A, 0x5B,
  0x55, 0x0D, 0x00, 0x80, 0xFF, 0xFF, 0xFF, 0xFF, 0x0F, 0x00, 0x00, 0x00, 0x00, 0x00, 0x00, 0x00,
  0x00, 0x00, 0x00, 0x00, 0x00, 0x00, 0x00, 0x00, 0x00, 0x00, 0x00, 0x00, 0x00, 0x00, 0x00, 0x00,
  0x00, 0x00, 0x00, 0x00, 0x00, 0x00, 0x00, 0xFC, 0xFF, 0xFF, 0xFF, 0x7F, 0x00, 0x00, 0xB4, 0x6D,
  0xDB, 0xB6, 0x2D, 0x00, 0x00, 0xFE, 0xFF, 0xFF, 0xFF, 0x3F, 0x00, 0x00, 0xDE, 0xF7, 0xEF, 0xFB,
  0x17, 0x00, 0x00, 0xFE, 0x7F, 0xFF, 0xBF, 0x1D, 0x00, 0x00, 0xFA, 0xFE, 0x7B, 0xFF, 0x1F, 0x00,
  0x00, 0xFF, 0xF7, 0xFF, 0xFB, 0x16, 0x00, 0x00, 0xDD, 0xBF, 0xDF, 0xFF, 0x1F, 0x00, 0x00, 0xFF,
  0xFE, 0xFD, 0xDD, 0x0B, 0x00, 0x00, 0xFD, 0xF7, 0xEF, 0xFF, 0x0F, 0x00, 0x00, 0xDF, 0xFF, 0xFF,
  0x7F, 0x0B, 0x00, 0x00, 0xFD, 0xBF, 0x7D, 0xF7, 0x0F, 0x00, 0x80, 0xFF, 0xF6, 0xFF, 0xBF, 0x0B,
  0x00, 0x80, 0xDD, 0xFF, 0xEF, 0xFD, 0x0F, 0x00, 0x80, 0xFF, 0xFB, 0xFD, 0xDF, 0x0B, 0x00, 0x80,
  0xFD, 0xBF, 0x7F, 0xFF, 0x0D, 0x00, 0x00, 0xDF, 0x7E, 0xE0, 0xF7, 0x0F, 0x00, 0x00, 0xFD, 0x0F,
  0x80, 0x7F, 0x0B, 0x00, 0x00, 0xFF, 0x03, 0x00, 0xFE, 0x0F, 0x00, 0x00, 0x7D, 0x03, 0x20, 0xEC,
  0x0B, 0x00, 0x00, 0xEF, 0x01, 0x02, 0xF8, 0x0F, 0x00, 0x00, 0xFF, 0x20, 0x00, 0x70, 0x1B, 0x00,
  0x00, 0xF7, 0x01, 0x00, 0xF0, 0x17, 0x00, 0x00, 0x7F, 0x00, 0x42, 0xE4, 0x1F, 0x00, 0x00, 0xFA,
  0x10, 0x00, 0x60, 0x17, 0x00, 0x00, 0xBE, 0x00, 0x01, 0xE0, 0x1B, 0x00, 0x00, 0xFE, 0x00, 0x40,
  0xC0, 0x1F, 0x00, 0x00, 0xDA, 0x10, 0x00, 0xC8, 0x1D, 0x00, 0x00, 0xFE, 0x01, 0x08, 0xC0, 0x1F,
  0x00, 0x00, 0xFE, 0x01, 0x00, 0xC2, 0x37, 0x00, 0x00, 0x76, 0x83, 0x00, 0xE0, 0x2F, 0x00, 0x00,
  0xFE, 0x03, 0x40, 0xE0, 0x3E, 0x00, 0x00, 0xF4, 0x07, 0x04, 0xE0, 0x37, 0x00, 0x00, 0xBC, 0x0D,
  0x00, 0xF8, 0x3F, 0x00, 0x00, 0xFC, 0x1F, 0x00, 0x78, 0x3B, 0x00, 0x00, 0xFC, 0x7F, 0x20, 0xFE,
  0x3F, 0x00, 0x00, 0x6C, 0xFF, 0x81, 0xEF, 0x2D, 0x00, 0x00, 0xFC, 0xDB, 0xFF, 0xFF, 0x7F, 0x00,
  0x00, 0xFC, 0xFF, 0xFF, 0xBD, 0x5F, 0x00, 0x00, 0xDC, 0xEF, 0xFE, 0xFF, 0x77, 0x00, 0x00, 0xF4,
  0xFE, 0x6F, 0xF7, 0x7E, 0x00, 0x00, 0xFC, 0xF7, 0xFF, 0xFF, 0x3F, 0x00, 0x00, 0xBC, 0xFF, 0xFD,
  0xBB, 0x37, 0x00, 0x00, 0xFC, 0xBF, 0xEF, 0xFF, 0x3F, 0x00, 0x00, 0xF4, 0xFD, 0x7F, 0xFF, 0x2D,
  0x00, 0x00, 0xDE, 0xEF, 0xFD, 0xDB, 0x3F, 0x00, 0x00, 0xFE, 0xFF, 0xFF, 0xFF, 0x3E, 0x00, 0x00,
  0xEE, 0x7E, 0x6F, 0xFF, 0x17, 0x00, 0x00, 0xFE, 0xEF, 0xFF, 0xF7, 0x1F, 0x00, 0x00, 0x7A, 0xFF,
  0xFB, 0xBF, 0x1B, 0x00, 0x00, 0xFF, 0xF7, 0xFF, 0xFE, 0x1F, 0x00, 0x00, 0xAD, 0x5D, 0xAD, 0xAB,
  0x0C, 0x00, 0x80, 0xFF, 0xFF, 0xFF, 0xFF, 0x0F, 0x00, 0x00, 0x00, 0x00, 0x00, 0x00, 0x00, 0x00,
  0x00, 0x00, 0x00, 0x00, 0x00, 0x00, 0x00, 0x00, 0x00, 0x00, 0x00, 0x00, 0x00, 0x00, 0x00, 0x00,
  0x00, 0x00, 0x00, 0x00, 0x00, 0x00, 0xFC, 0xFF, 0xFF, 0xFF, 0x7F, 0x00, 0x00, 0x54, 0x55, 0x51,
  0x44, 0x24, 0x00, 0x00, 0x0E, 0x00, 0x04, 0x11, 0x31, 0x00, 0x00, 0xA2, 0x2A, 0x51, 0x24, 0x18,
  0x00, 0x00, 0x16, 0x41, 0x04, 0x81, 0x12, 0x00, 0x00, 0x4A, 0x14, 0x51, 0x2A, 0x10, 0x00, 0x00,
  0x23, 0x42, 0x04, 0x00, 0x12, 0x00, 0x00, 0x8B, 0x10, 0xA9, 0x92, 0x18, 0x00, 0x00, 0x21, 0x45,
  0x00, 0x48, 0x08, 0x00, 0x00, 0x4B, 0x90, 0xAA, 0x02, 0x0D, 0x00, 0x00, 0x91, 0x24, 0x00, 0x28,
  0x08, 0x00, 0x00, 0x0B, 0x89, 0x2A, 0x81, 0x08, 0x00, 0x80, 0x21, 0x22, 0x80, 0x14, 0x0A, 0x00,
  0x80, 0x4A, 0x84, 0x13, 0x40, 0x08, 0x00, 0x80, 0x90, 0x2D, 0x48, 0x11, 0x0A, 0x00, 0x80, 0x0B,
  0xF2, 0x03, 0x84, 0x08, 0x00, 0x00, 0x21, 0x5F, 0xAA, 0x20, 0x08, 0x00, 0x00, 0x4B, 0xAA, 0x01,
  0x0A, 0x09, 0x00, 0x00, 0x11, 0x77, 0x93, 0x42, 0x08, 0x00, 0x00, 0x43, 0xA8, 0x0A, 0x16, 0x0A,
  0x00, 0x00, 0x15, 0xA5, 0xA0, 0x80, 0x08, 0x00, 0x00, 0x41, 0x2A, 0x07, 0x26, 0x18, 0x00, 0x00,
  0x15, 0xF5, 0x22, 0x04, 0x12, 0x00, 0x00, 0x43, 0x2C, 0x89, 0xA6, 0x10, 0x00, 0x00, 0x16, 0x93,
  0x43, 0x04, 0x10, 0x00, 0x00, 0x42, 0xDC, 0x12, 0x24, 0x15, 0x00, 0x00, 0x16, 0xD6, 0x45, 0x05,
  0x10, 0x00, 0x00, 0xA2, 0x7C, 0x11, 0x48, 0x10, 0x00, 0x00, 0x0A, 0x0A, 0x05, 0x09, 0x15, 0x00,
  0x00, 0xA2, 0xF4, 0x4B, 0x4C, 0x30, 0x00, 0x00, 0x0A, 0x88, 0x88, 0x08, 0x22, 0x00, 0x00, 0x26,
  0x6D, 0x07, 0x4A, 0x28, 0x00, 0x00, 0x4C, 0x78, 0x29, 0x08, 0x20, 0x00, 0x00, 0x04, 0x05, 0x86,
  0x98, 0x22, 0x00, 0x00, 0x54, 0xE8, 0x14, 0x12, 0x28, 0x00, 0x00, 0x0C, 0x3A, 0x47, 0x58, 0x20,
  0x00, 0x00, 0x44, 0xD9, 0x08, 0x01, 0x21, 0x00, 0x00, 0x14, 0xC0, 0x17, 0x04, 0x64, 0x00, 0x00,
  0x44, 0x3D, 0x4A, 0x50, 0x50, 0x00, 0x00, 0x14, 0x80, 0x02, 0x01, 0x41, 0x00, 0x00, 0x84, 0x22,
  0x28, 0x04, 0x60, 0x00, 0x00, 0x2C, 0x88, 0x00, 0x50, 0x24, 0x00, 0x00, 0x84, 0x00, 0x4A, 0x01,
  0x31, 0x00, 0x00, 0x24, 0xAA, 0x00, 0x04, 0x60, 0x00, 0x00, 0x0C, 0x00, 0x28, 0x50, 0x28, 0x00,
  0x00, 0xA6, 0x22, 0x82, 0x02, 0x22, 0x00, 0x00, 0x02, 0x88, 0x00, 0x80, 0x30, 0x00, 0x00, 0x2A,
  0x21, 0x54, 0x08, 0x10, 0x00, 0x00, 0x82, 0x04, 0x01, 0x21, 0x12, 0x00, 0x00, 0x16, 0x10, 0x00,
  0x04, 0x10, 0x00, 0x00, 0x43, 0x42, 0x2A, 0x80, 0x18, 0x00, 0x00, 0x09, 0x08, 0x00, 0x21, 0x08,
  0x00, 0x80, 0xFF, 0xFF, 0xFF, 0xFF, 0x0F, 0x00, 0x00, 0x00, 0x00, 0x00, 0x00, 0x00, 0x00, 0x00,
  0x00, 0x00, 0x00, 0x00, 0x00, 0x00, 0x00, 0x00, 0x00, 0x00, 0x00, 0x00, 0x00, 0x00, 0x00, 0x00,
  0x00, 0x00, 0x00, 0x00, 0x00, 0xFC, 0xFF, 0xFF, 0xFF, 0x7F, 0x00, 0x00, 0x2C, 0x2D, 0xEA, 0xC5,
  0x22, 0x00, 0x00, 0x46, 0xBE, 0xC0, 0xF3, 0x33, 0x00, 0x00, 0x96, 0x1E, 0xF5, 0xA2, 0x19, 0x00,
  0x00, 0x42, 0x56, 0xE0, 0xE9, 0x11, 0x00, 0x00, 0x16, 0x9F, 0x74, 0xF1, 0x12, 0x00, 0x00, 0x4B,
  0x0F, 0xF1, 0xD5, 0x18, 0x00, 0x00, 0x25, 0x2F, 0xB4, 0xF0, 0x18, 0x00, 0x00, 0xFF, 0xFB, 0xFF,
  0xFA, 0x0A, 0x00, 0x00, 0xDF, 0xFF, 0xFF, 0x70, 0x08, 0x00, 0x00, 0xFD, 0xBD, 0x6F, 0xF2, 0x08,
  0x00, 0x00, 0xFF, 0xFF, 0xFF, 0xB8, 0x0A, 0x00, 0x80, 0x01, 0x07, 0x70, 0xF5, 0x08, 0x00, 0x80,
  0x2A, 0xAF, 0xFA, 0x78, 0x08, 0x00, 0x80, 0x40, 0x07, 0x70, 0xB0, 0x0A, 0x00, 0x80, 0x0B, 0xAF,
  0xFA, 0xFA, 0x08, 0x00, 0x00, 0x51, 0x17, 0xF0, 0x70, 0x08, 0x00, 0x00, 0x8B, 0x4F, 0xB5, 0xF4,
  0x0A, 0x00, 0x00, 0x21, 0x0F, 0xF8, 0xF0, 0x08, 0x00, 0x00, 0x4B, 0xAB, 0xF0, 0x72, 0x08, 0x00,
  0x00, 0xF5, 0xF4, 0xBA, 0xF8, 0x0A, 0x00, 0x00, 0xF1, 0xF0, 0xF0, 0xB2, 0x18, 0x00, 0x00, 0xF5,
  0xFA, 0xF4, 0xF0, 0x14, 0x00, 0x00, 0xEB, 0xE1, 0xE2, 0xE9, 0x11, 0x00, 0x00, 0x76, 0xE9, 0xE9,
  0xE4, 0x10, 0x00, 0x00, 0xE2, 0xE1, 0xE0, 0xF1, 0x19, 0x00, 0x00, 0xF6, 0xEA, 0xF5, 0xE1, 0x11,
  0x00, 0x00, 0xE2, 0xE1, 0xE1, 0xE4, 0x11, 0x00, 0x00, 0x6A, 0xE9, 0xE2, 0x71, 0x19, 0x00, 0x00,
  0xE2, 0xE3, 0xE9, 0xE3, 0x31, 0x00, 0x00, 0xEA, 0xE9, 0xC3, 0xC9, 0x23, 0x00, 0x00, 0xC6, 0xC3,
  0xD2, 0xE3, 0x29, 0x00, 0x00, 0xCC, 0xEB, 0xC3, 0xC3, 0x23, 0x00, 0x00, 0xD4, 0xC1, 0xD3, 0xC9,
  0x21, 0x00, 0x00, 0xC4, 0x6B, 0xC3, 0xE3, 0x2B, 0x00, 0x00, 0xEC, 0xC3, 0xD3, 0xC3, 0x23, 0x00,
  0x00, 0xC4, 0xE2, 0xC3, 0xCB, 0x23, 0x00, 0x00, 0xD4, 0xCB, 0xE3, 0xE2, 0x72, 0x00, 0x00, 0xCC,
  0xC3, 0xCA, 0xC7, 0x43, 0x00, 0x00, 0xC4, 0xD3, 0x63, 0xD3, 0x43, 0x00, 0x00, 0xD4, 0xCA, 0xC3,
  0xC3, 0x6B, 0x00, 0x00, 0xC4, 0xC3, 0xEB, 0xCB, 0x21, 0x00, 0x00, 0xEC, 0xD3, 0x41, 0xC3, 0x23,
  0x00, 0x00, 0xC4, 0xC2, 0xE3, 0xC3, 0x6B, 0x00, 0x00, 0xE4, 0xD3, 0xCB, 0xD3, 0x21, 0x00, 0x00,
  0xCE, 0xE3, 0xC1, 0xC3, 0x23, 0x00, 0x00, 0xE2, 0xCA, 0xF3, 0xE2, 0x31, 0x00, 0x00, 0xEA, 0xE1,
  0xE0, 0xE1, 0x19, 0x00, 0x00, 0x62, 0xF1, 0x65, 0xE9, 0x11, 0x00, 0x00, 0xF6, 0xE5, 0xF0, 0xE1,
  0x10, 0x00, 0x00, 0xF3, 0xF0, 0xF2, 0xF4, 0x1C, 0x00, 0x00, 0x59, 0xB0, 0x50, 0x50, 0x08, 0x00,
  0x80, 0xFF, 0xFF, 0xFF, 0xFF, 0x0F, 0x00, 0x00, 0x00, 0x00, 0x00, 0x00, 0x00, 0x00, 0x00, 0x00,
  0x00, 0x00, 0x00, 0x00, 0x00, 0x00, 0x00, 0x00, 0x00, 0x00, 0x00, 0x00, 0x00, 0x00, 0x00, 0x00,
  0x00, 0x00, 0x00, 0x00, 0xFC, 0xFF, 0xFF, 0xFF, 0x7F, 0x00, 0x00, 0x24, 0x55, 0x51, 0x57, 0x35,
  0x00, 0x00, 0x4E, 0x00, 0xF4, 0xBA, 0x3B, 0x00, 0x00, 0x12, 0x95, 0x5A, 0xEF, 0x1E, 0x00, 0x00,
  0x46, 0x20, 0xE8, 0x75, 0x15, 0x00, 0x00, 0x2A, 0x45, 0xBA, 0xDE, 0x17, 0x00, 0x00, 0x83, 0x88,
  0xEC, 0x6B, 0x1D, 0x00, 0x00, 0x2B, 0x12, 0xBA, 0xB6, 0x1B, 0x00, 0x00, 0x81, 0xA0, 0xEC, 0xDD,
  0x0E, 0x00, 0x00, 0x2B, 0x05, 0xB5, 0x76, 0x0B, 0x00, 0x00, 0x41, 0x28, 0xDC, 0xBB, 0x0D, 0x00,
  0x00, 0x2B, 0x42, 0x6D, 0xED, 0x0A, 0x00, 0x80, 0x81, 0x08, 0xBA, 0xB7, 0x0F, 0x00, 0x80, 0x2A,
  0x52, 0xEC, 0xDA, 0x0A, 0x00, 0x80, 0x80, 0x00, 0xB5, 0x6F, 0x0B, 0x00, 0x80, 0x2B, 0x55, 0xDE,
  0xBA, 0x0D, 0x00, 0x00, 0x41, 0x00, 0x74, 0xED, 0x0A, 0x00, 0x00, 0x0B, 0x55, 0xDD, 0xB7, 0x0F,
  0x00, 0x00, 0x51, 0x00, 0xB4, 0x5A, 0x0D, 0x00, 0x00, 0x03, 0xA5, 0xEC, 0xFD, 0x0A, 0x00, 0x00,
  0x55, 0x00, 0x5A, 0xD7, 0x0B, 0x00, 0x00, 0x81, 0xAA, 0xFC, 0xAD, 0x1E, 0x00, 0x00, 0x15, 0x00,
  0x54, 0xFB, 0x1D, 0x00, 0x00, 0xA3, 0x54, 0xBA, 0xAE, 0x12, 0x00, 0x00, 0x06, 0x02, 0xE8, 0x5B,
  0x1F, 0x00, 0x00, 0xAA, 0x90, 0xBA, 0xF6, 0x15, 0x00, 0x00, 0x02, 0x04, 0xD4, 0x5D, 0x1B, 0x00,
  0x00, 0x56, 0xA1, 0x78, 0xE7, 0x16, 0x00, 0x00, 0x02, 0x14, 0xAA, 0xBD, 0x1D, 0x00, 0x00, 0xAA,
  0x40, 0xD8, 0x56, 0x3B, 0x00, 0x00, 0x02, 0x0A, 0x71, 0xFB, 0x2E, 0x00, 0x00, 0x56, 0x20, 0xD4,
  0xAD, 0x35, 0x00, 0x00, 0x0C, 0x85, 0x70, 0x77, 0x2F, 0x00, 0x00, 0x24, 0x10, 0xD2, 0xDA, 0x3A,
  0x00, 0x00, 0x84, 0x42, 0xB8, 0xAF, 0x25, 0x00, 0x00, 0x2C, 0x10, 0xE1, 0x7A, 0x3F, 0x00, 0x00,
  0x04, 0x45, 0x58, 0xD5, 0x35, 0x00, 0x00, 0x54, 0x00, 0xF2, 0x6F, 0x6B, 0x00, 0x00, 0x04, 0x54,
  0x50, 0xBA, 0x5E, 0x00, 0x00, 0x54, 0x01, 0xF1, 0xD7, 0x75, 0x00, 0x00, 0x04, 0x28, 0x54, 0x7D,
  0x6B, 0x00, 0x00, 0x2C, 0x82, 0xB0, 0xD6, 0x3E, 0x00, 0x00, 0x84, 0x10, 0xF2, 0xAB, 0x35, 0x00,
  0x00, 0x14, 0x04, 0x28, 0x7D, 0x2B, 0x00, 0x00, 0x44, 0xA1, 0xF0, 0xDB, 0x3E, 0x00, 0x00, 0x0E,
  0x08, 0xAA, 0xB6, 0x25, 0x00, 0x00, 0xA2, 0x00, 0xD8, 0x6D, 0x3B, 0x00, 0x00, 0x02, 0xAA, 0x68,
  0xDB, 0x16, 0x00, 0x00, 0x2A, 0x00, 0xBA, 0xB6, 0x1D, 0x00, 0x00, 0x82, 0x00, 0xD4, 0xED, 0x12,
  0x00, 0x00, 0x17, 0xAA, 0x7C, 0xB7, 0x1F, 0x00, 0x00, 0x81, 0x00, 0x90, 0x54, 0x08, 0x00, 0x80,
  0xFF, 0xFF, 0xFF, 0xFF, 0x0F, 0x00, 0x00, 0x00, 0x00, 0x00, 0x00, 0x00, 0x00, 0x00, 0x00, 0x00,
  0x00, 0x00, 0x00, 0x00, 0x00, 0x00, 0x00, 0x00, 0x00, 0x00, 0x00, 0x00, 0x00, 0x00, 0x00, 0x00,
  0x00, 0x00, 0x00, 0xFC, 0xFF, 0xFF, 0xFF, 0x7F, 0x00, 0x00, 0xB4, 0x2D, 0x00, 0x20, 0x21, 0x00,
  0x00, 0xFE, 0x3F, 0x49, 0x0A, 0x38, 0x00, 0x00, 0xDE, 0x17, 0x00, 0x40, 0x15, 0x00, 0x00, 0xFE,
  0x9F, 0x24, 0x14, 0x10, 0x00, 0x00, 0xFA, 0x1E, 0x00, 0x41, 0x14, 0x00, 0x00, 0xFF, 0x47, 0x10,
  0x04, 0x11, 0x00, 0x00, 0xDD, 0x0F, 0x82, 0x50, 0x18, 0x00, 0x00, 0xFF, 0x2E, 0x00, 0x04, 0x0C,
  0x00, 0x00, 0xFD, 0x07, 0x24, 0x41, 0x09, 0x00, 0x00, 0xDF, 0x8F, 0x00, 0x14, 0x08, 0x00, 0x00,
  0xFD, 0x07, 0x82, 0x80, 0x08, 0x00, 0x80, 0xFF, 0x2E, 0x10, 0x0A, 0x0A, 0x00, 0x80, 0xDD, 0x07,
  0x01, 0x20, 0x08, 0x00, 0x80, 0xFF, 0x0B, 0x80, 0x84, 0x0A, 0x00, 0x80, 0xFD, 0x4F, 0x24, 0x12,
  0x08, 0x00, 0x00, 0xDF, 0x06, 0x00, 0x40, 0x0A, 0x00, 0x00, 0xFD, 0x8F, 0x10, 0x11, 0x08, 0x00,
  0x00, 0xFF, 0x0F, 0x02, 0x84, 0x08, 0x00, 0x00, 0x7D, 0x0F, 0x00, 0x11, 0x0A, 0x00, 0x00, 0xEF,
  0x8B, 0x20, 0x40, 0x08, 0x00, 0x00, 0xFF, 0x0F, 0x04, 0x05, 0x18, 0x00, 0x00, 0xF7, 0x0F, 0x00,
  0x50, 0x15, 0x00, 0x00, 0x7F, 0x9B, 0x20, 0x00, 0x10, 0x00, 0x00, 0xFA, 0x0F, 0x04, 0x15, 0x10,
  0x00, 0x00, 0xBE, 0x1F, 0x00, 0x40, 0x15, 0x00, 0x00, 0xFE, 0x97, 0x10, 0x08, 0x10, 0x00, 0x00,
  0xEE, 0x1F, 0x80, 0x02, 0x14, 0x00, 0x00, 0xFA, 0x1E, 0x02, 0x50, 0x11, 0x00, 0x00, 0xFE, 0x37,
  0x00, 0x00, 0x30, 0x00, 0x00, 0xBE, 0x1F, 0x91, 0x94, 0x24, 0x00, 0x00, 0xF6, 0x3B, 0x00, 0x00,
  0x20, 0x00, 0x00, 0xFC, 0x3F, 0x00, 0x88, 0x24, 0x00, 0x00, 0x7C, 0x3F, 0x04, 0x22, 0x20, 0x00,
  0x00, 0xEC, 0x1B, 0x20, 0x00, 0x21, 0x00, 0x00, 0xFC, 0x3F, 0x01, 0x14, 0x34, 0x00, 0x00, 0xF4,
  0x3E, 0x10, 0x40, 0x20, 0x00, 0x00, 0xFC, 0x2F, 0x00, 0x01, 0x61, 0x00, 0x00, 0xBC, 0x3F, 0x01,
  0x28, 0x44, 0x00, 0x00, 0xFC, 0x3B, 0x88, 0x00, 0x50, 0x00, 0x00, 0xF4, 0x3F, 0x00, 0x10, 0x61,
  0x00, 0x00, 0xBC, 0x3D, 0x40, 0x40, 0x24, 0x00, 0x00, 0xFC, 0x1F, 0x01, 0x04, 0x20, 0x00, 0x00,
  0xFC, 0x3F, 0x08, 0x10, 0x29, 0x00, 0x00, 0xB4, 0x3B, 0x00, 0x40, 0x20, 0x00, 0x00, 0xFE, 0x1F,
  0x80, 0x04, 0x24, 0x00, 0x00, 0xFE, 0x3E, 0x02, 0x10, 0x31, 0x00, 0x00, 0xF6, 0x0F, 0x20, 0x40,
  0x10, 0x00, 0x00, 0xBE, 0x1F, 0x00, 0x02, 0x10, 0x00, 0x00, 0xFA, 0x1B, 0x02, 0x28, 0x12, 0x00,
  0x00, 0xFF, 0x0F, 0x00, 0x01, 0x18, 0x00, 0x00, 0xAD, 0x06, 0x00, 0x80, 0x08, 0x00, 0x80, 0xFF,
  0xFF, 0xFF, 0xFF, 0x0F, 0x00, 0x00, 0x00, 0x00, 0x00, 0x00, 0x00, 0x00, 0x00, 0x00, 0x00, 0x00,
  0x00, 0x00, 0x00, 0x00, 0x00, 0x00, 0x00, 0x00, 0x00, 0x00, 0x00, 0x00, 0x00, 0x00, 0x00, 0x00,
  0x00, 0x00, 0xFC, 0xFF, 0xFF, 0xFF, 0x7F, 0x00, 0x00, 0xB4, 0xA2, 0x83, 0x45, 0x38, 0x00, 0x00,
  0x56, 0x4D, 0x7C, 0xB2, 0x33, 0x00, 0x00, 0xEE, 0xAF, 0x6B, 0xB9, 0x1F, 0x00, 0x00, 0x5A, 0x71,
  0x96, 0x63, 0x14, 0x00, 0x00, 0xA6, 0xC6, 0xEC, 0x98, 0x11, 0x00, 0x00, 0x53, 0x31, 0x05, 0x55,
  0x16, 0x00, 0x00, 0x05, 0x04, 0x50, 0xAA, 0x19, 0x00, 0x00, 0x53, 0x51, 0x05, 0x55, 0x0A, 0x00,
  0x00, 0xA9, 0x04, 0x90, 0x2A, 0x09, 0x00, 0x00, 0x03, 0x52, 0x25, 0xC5, 0x0A, 0x00, 0x00, 0xA9,
  0x00, 0x82, 0x38, 0x09, 0x00, 0x80, 0x13, 0x55, 0x28, 0x47, 0x0A, 0x00, 0x80, 0x44, 0x88, 0x82,
  0xA8, 0x0D, 0x00, 0x80, 0x12, 0x21, 0x28, 0x55, 0x08, 0x00, 0x80, 0x49, 0x8A, 0x02, 0x2B, 0x0B,
  0x00, 0x00, 0x23, 0x20, 0x48, 0xC4, 0x0C, 0x00, 0x00, 0x89, 0x8A, 0x22, 0x39, 0x09, 0x00, 0x00,
  0x53, 0x20, 0x08, 0x47, 0x0A, 0x00, 0x00, 0x09, 0x8A, 0x42, 0x98, 0x09, 0x00, 0x00, 0xA3, 0x20,
  0x10, 0x23, 0x0E, 0x00, 0x00, 0x15, 0x8A, 0x8A, 0xDC, 0x18, 0x00, 0x00, 0x41, 0x21, 0x20, 0x21,
  0x13, 0x00, 0x00, 0x17, 0x84, 0x02, 0x4E, 0x14, 0x00, 0x00, 0xA2, 0x28, 0xA8, 0xB0, 0x1A, 0x00,
  0x00, 0x06, 0x81, 0x02, 0x4A, 0x11, 0x00, 0x00, 0x2A, 0x2A, 0x88, 0x16, 0x16, 0x00, 0x00, 0x42,
  0x00, 0x21, 0xE8, 0x18, 0x00, 0x00, 0x96, 0xAA, 0x08, 0x05, 0x13, 0x00, 0x00, 0x02, 0x00, 0x42,
  0xBA, 0x34, 0x00, 0x00, 0xAA, 0x4A, 0x10, 0x40, 0x2A, 0x00, 0x00, 0x06, 0x20, 0x85, 0x96, 0x21,
  0x00, 0x00, 0xAC, 0x0A, 0x20, 0x68, 0x2A, 0x00, 0x00, 0x04, 0x40, 0x14, 0x85, 0x24, 0x00, 0x00,
  0x54, 0x15, 0x41, 0x38, 0x29, 0x00, 0x00, 0x0C, 0x40, 0x08, 0xC2, 0x24, 0x00, 0x00, 0x44, 0x0A,
  0x22, 0x18, 0x2B, 0x00, 0x00, 0x94, 0x40, 0x81, 0x62, 0x70, 0x00, 0x00, 0x04, 0x12, 0x28, 0x8C,
  0x66, 0x00, 0x00, 0xAC, 0x40, 0x02, 0x31, 0x49, 0x00, 0x00, 0x04, 0x14, 0x10, 0x44, 0x72, 0x00,
  0x00, 0x54, 0x81, 0x44, 0xB2, 0x24, 0x00, 0x00, 0x04, 0x24, 0x11, 0x44, 0x2A, 0x00, 0x00, 0xAC,
  0x00, 0x80, 0x98, 0x31, 0x00, 0x00, 0x04, 0xAA, 0x24, 0x22, 0x2A, 0x00, 0x00, 0x26, 0x00, 0x08,
  0xCC, 0x24, 0x00, 0x00, 0x8A, 0x22, 0x41, 0x11, 0x39, 0x00, 0x00, 0x12, 0x08, 0x04, 0x64, 0x12,
  0x00, 0x00, 0x42, 0xA1, 0x90, 0x8A, 0x14, 0x00, 0x00, 0x16, 0x04, 0x02, 0x54, 0x19, 0x00, 0x00,
  0x03, 0x11, 0x20, 0x21, 0x1A, 0x00, 0x00, 0x49, 0x40, 0x84, 0x94, 0x0C, 0x00, 0x80, 0xFF, 0xFF,
  0xFF, 0xFF, 0x0F, 0x00, 0x00, 0x00, 0x00, 0x00, 0x00, 0x00, 0x00, 0x00, 0x00, 0x00, 0x00, 0x00,
  0x00, 0x00, 0x00, 0x00, 0x00, 0x00, 0x00, 0x00, 0x00, 0x00, 0x00, 0x00, 0x00, 0x00, 0x00, 0x00,
  0x00, 0xFC, 0xFF, 0xFF, 0xFF, 0x7F, 0x00, 0x00, 0x7C, 0xE2, 0x8F, 0x63, 0x2C, 0x00, 0x00, 0xC6,
  0x1D, 0x78, 0x9C, 0x33, 0x00, 0x00, 0xBA, 0xF6, 0x97, 0x6B, 0x15, 0x00, 0x00, 0xD6, 0xA9, 0xEA,
  0xD6, 0x16, 0x00, 0x00, 0x2A, 0x56, 0x15, 0x29, 0x11, 0x00, 0x00, 0xD7, 0xA9, 0xEA, 0x52, 0x16,
  0x00, 0x00, 0x2B, 0x56, 0x15, 0xAD, 0x19, 0x00, 0x00, 0x55, 0x29, 0x62, 0x12, 0x0A, 0x00, 0x00,
  0xAB, 0xD6, 0x9D, 0xE5, 0x0D, 0x00, 0x00, 0x15, 0x29, 0x62, 0x1A, 0x08, 0x00, 0x00, 0xEB, 0xD6,
  0x8D, 0xA4, 0x0B, 0x00, 0x80, 0x15, 0x09, 0x70, 0x53, 0x08, 0x00, 0x80, 0xAA, 0xF6, 0x8F, 0x2C,
  0x0B, 0x00, 0x80, 0x55, 0x09, 0x50, 0xD1, 0x08, 0x00, 0x80, 0xAB, 0xE6, 0xAE, 0x0E, 0x0B, 0x00,
  0x00, 0x55, 0x19, 0x41, 0x70, 0x0C, 0x00, 0x00, 0xAB, 0x62, 0xBE, 0x87, 0x09, 0x00, 0x00, 0x15,
  0x9D, 0x41, 0x58, 0x0A, 0x00, 0x00, 0xEB, 0x62, 0xAE, 0xA6, 0x0C, 0x00, 0x00, 0x15, 0x95, 0x50,
  0x49, 0x0B, 0x00, 0x00, 0xA9, 0x6A, 0xAF, 0x32, 0x1C, 0x00, 0x00, 0x57, 0x91, 0x54, 0xC5, 0x19,
  0x00, 0x00, 0xAB, 0x6E, 0xAB, 0x3A, 0x12, 0x00, 0x00, 0x56, 0x91, 0x54, 0x41, 0x15, 0x00, 0x00,
  0xAA, 0x6C, 0xAB, 0xAE, 0x10, 0x00, 0x00, 0x16, 0xDB, 0x57, 0x11, 0x17, 0x00, 0x00, 0xEA, 0xB4,
  0xAA, 0xEE, 0x18, 0x00, 0x00, 0x16, 0x5B, 0x5D, 0x11, 0x12, 0x00, 0x00, 0xCA, 0xE4, 0xD7, 0xAA,
  0x3D, 0x00, 0x00, 0x36, 0xBD, 0x3A, 0x55, 0x30, 0x00, 0x00, 0xCE, 0x42, 0xC7, 0x9A, 0x2B, 0x00,
  0x00, 0x34, 0xFD, 0x38, 0x21, 0x24, 0x00, 0x00, 0x44, 0x02, 0xC7, 0x5E, 0x29, 0x00, 0x00, 0xBC,
  0xF5, 0x38, 0xA1, 0x26, 0x00, 0x00, 0x44, 0x0A, 0xD5, 0x4A, 0x28, 0x00, 0x00, 0xB4, 0xD4, 0x2A,
  0x95, 0x33, 0x00, 0x00, 0x4C, 0x2B, 0xC5, 0x28, 0x6C, 0x00, 0x00, 0xB4, 0x44, 0x3A, 0x53, 0x61,
  0x00, 0x00, 0x0C, 0xB9, 0x41, 0xAC, 0x4A, 0x00, 0x00, 0xF4, 0x46, 0xAE, 0x42, 0x65, 0x00, 0x00,
  0x04, 0x99, 0x50, 0x19, 0x2A, 0x00, 0x00, 0xBC, 0x62, 0x0D, 0xE6, 0x30, 0x00, 0x00, 0x44, 0x9D,
  0xF2, 0x09, 0x2B, 0x00, 0x00, 0xB4, 0x20, 0x04, 0x52, 0x24, 0x00, 0x00, 0x4E, 0xCF, 0xAB, 0x2C,
  0x29, 0x00, 0x00, 0x32, 0x30, 0x54, 0xD1, 0x36, 0x00, 0x00, 0xCE, 0x4D, 0x29, 0x05, 0x10, 0x00,
  0x00, 0x12, 0x92, 0x46, 0xBA, 0x16, 0x00, 0x00, 0x6A, 0x65, 0xA8, 0x81, 0x10, 0x00, 0x00, 0x97,
  0x8A, 0x15, 0x36, 0x1D, 0x00, 0x00, 0x4B, 0x54, 0xA2, 0x80, 0x0A, 0x00, 0x80, 0xFF, 0xFF, 0xFF,
  0xFF, 0x0F, 0x00, 0x00, 0x00, 0x00, 0x00, 0x00, 0x00, 0x00, 0x00, 0x00, 0x00, 0x00, 0x00, 0x00,
  0x00, 0x00, 0x00, 0x00, 0x00, 0x00, 0x00, 0x00, 0x00, 0x00, 0x00, 0x00, 0x00, 0x00, 0x00, 0x00,
  0xFC, 0xFF, 0xFF, 0xFF, 0x7F, 0x00, 0x00, 0xB4, 0xAD, 0xA2, 0x0A, 0x20, 0x00, 0x00, 0xFE, 0x3F,
  0x55, 0xA0, 0x3A, 0x00, 0x00, 0xDE, 0x57, 0x89, 0x05, 0x10, 0x00, 0x00, 0xFE, 0x5F, 0x32, 0x50,
  0x14, 0x00, 0x00, 0xFA, 0x9E, 0x44, 0x01, 0x11, 0x00, 0x00, 0xFF, 0x57, 0x95, 0x24, 0x10, 0x00,
  0x00, 0xDD, 0xAF, 0x28, 0x88, 0x18, 0x00, 0x00, 0xFF, 0x0E, 0x55, 0x01, 0x0A, 0x00, 0x00, 0xFD,
  0xB7, 0x82, 0x28, 0x08, 0x00, 0x00, 0xDF, 0x4F, 0x34, 0x82, 0x08, 0x00, 0x00, 0xFD, 0x97, 0x49,
  0x10, 0x0A, 0x00, 0x80, 0xFF, 0x2E, 0x92, 0x42, 0x08, 0x00, 0x80, 0xDD, 0x4F, 0x25, 0x08, 0x09,
  0x00, 0x80, 0xFF, 0x2B, 0x52, 0x02, 0x08, 0x00, 0x80, 0xFD, 0xCF, 0x84, 0x50, 0x08, 0x00, 0x00,
  0xDF, 0x16, 0x59, 0x02, 0x0D, 0x00, 0x00, 0xFD, 0xAF, 0x22, 0x08, 0x08, 0x00, 0x00, 0xFF, 0x4F,
  0x94, 0x40, 0x0A, 0x00, 0x00, 0x7D, 0x2F, 0x4B, 0x0A, 0x08, 0x00, 0x00, 0xEF, 0x4B, 0x20, 0x80,
  0x08, 0x00, 0x00, 0xFF, 0xAF, 0xAA, 0x28, 0x1C, 0x00, 0x00, 0xF7, 0x1F, 0x49, 0x02, 0x11, 0x00,
  0x00, 0x7F, 0xAB, 0x92, 0x10, 0x10, 0x00, 0x00, 0xFA, 0x5F, 0x24, 0x41, 0x14, 0x00, 0x00, 0xFE,
  0x1D, 0x49, 0x04, 0x11, 0x00, 0x00, 0xEE, 0xDF, 0x92, 0x10, 0x10, 0x00, 0x00, 0x7E, 0x1F, 0x24,
  0x41, 0x12, 0x00, 0x00, 0xFA, 0xB7, 0x4A, 0x0A, 0x10, 0x00, 0x00, 0xBE, 0x5F, 0x91, 0x20, 0x39,
  0x00, 0x00, 0xFE, 0x3F, 0x24, 0x01, 0x20, 0x00, 0x00, 0xF6, 0x9D, 0x49, 0x8A, 0x24, 0x00, 0x00,
  0xDC, 0x3F, 0x92, 0x20, 0x20, 0x00, 0x00, 0xFC, 0xB7, 0x24, 0x01, 0x22, 0x00, 0x00, 0xEC, 0x3F,
  0x49, 0x8A, 0x20, 0x00, 0x00, 0xFC, 0xDE, 0x24, 0x21, 0x28, 0x00, 0x00, 0xF4, 0x3F, 0x49, 0x02,
  0x21, 0x00, 0x00, 0xFC, 0x3B, 0x92, 0x08, 0x64, 0x00, 0x00, 0xBC, 0x7F, 0x25, 0x41, 0x40, 0x00,
  0x00, 0xFC, 0x9D, 0x48, 0x12, 0x42, 0x00, 0x00, 0xF4, 0x7F, 0x12, 0x81, 0x70, 0x00, 0x00, 0xBC,
  0x3F, 0x45, 0x02, 0x20, 0x00, 0x00, 0xFC, 0xB7, 0x90, 0x28, 0x22, 0x00, 0x00, 0xFC, 0x3E, 0x2D,
  0x01, 0x28, 0x00, 0x00, 0xF4, 0x3F, 0x80, 0x90, 0x20, 0x00, 0x00, 0xDE, 0x5B, 0x65, 0x02, 0x22,
  0x00, 0x00, 0xFE, 0xBF, 0x0A, 0x09, 0x30, 0x00, 0x00, 0xEE, 0x1E, 0x90, 0x40, 0x18, 0x00, 0x00,
  0xFE, 0x4F, 0x25, 0x02, 0x11, 0x00, 0x00, 0x7A, 0xBF, 0x88, 0x10, 0x14, 0x00, 0x00, 0xFF, 0x0F,
  0x22, 0x01, 0x18, 0x00, 0x00, 0xAD, 0x45, 0x49, 0x40, 0x08, 0x00, 0x80, 0xFF, 0xFF, 0xFF, 0xFF,
  0x0F, 0x00, 0x00, 0x00, 0x00, 0x00, 0x00, 0x00, 0x00, 0x00, 0x00, 0x00, 0x00, 0x00, 0x00, 0x00,
  0x00, 0x00, 0x00, 0x00, 0x00, 0x00, 0x00, 0x00, 0x00, 0x00, 0x00, 0x00, 0x00, 0x00, 0x00, 0xFC,
  0xFF, 0xFF, 0xFF, 0x7F, 0x00, 0x00, 0xB4, 0x6D, 0x0B, 0x08, 0x20, 0x00, 0x00, 0xFE, 0xFF, 0x47,
  0x41, 0x32, 0x00, 0x00, 0xDE, 0xF7, 0x17, 0x04, 0x10, 0x00, 0x00, 0xFE, 0x7F, 0x87, 0x90, 0x14,
  0x00, 0x00, 0xFA, 0xFE, 0x23, 0x00, 0x10, 0x00, 0x00, 0xFF, 0xF7, 0x0B, 0x4A, 0x12, 0x00, 0x00,
  0xDD, 0xBF, 0x83, 0x00, 0x18, 0x00, 0x00, 0xFF, 0xFE, 0x21, 0x20, 0x09, 0x00, 0x00, 0xFD, 0xF7,
  0x0B, 0x0A, 0x08, 0x00, 0x00, 0xDF, 0xFF, 0x83, 0x80, 0x08, 0x00, 0x00, 0xFD, 0xBF, 0x21, 0x10,
  0x08, 0x00, 0x80, 0xFF, 0xF6, 0x0B, 0x02, 0x0A, 0x00, 0x80, 0xDD, 0xFF, 0x81, 0x20, 0x08, 0x00,
  0x80, 0xFF, 0xFB, 0x23, 0x84, 0x08, 0x00, 0x80, 0xFD, 0xBF, 0x09, 0x00, 0x08, 0x00, 0x00, 0xDF,
  0xFE, 0x83, 0x12, 0x09, 0x00, 0x00, 0xFD, 0xFF, 0x13, 0x00, 0x08, 0x00, 0x00, 0xFF, 0xB7, 0x01,
  0x49, 0x08, 0x00, 0x00, 0x7D, 0xFF, 0x13, 0x00, 0x09, 0x00, 0x00, 0xEF, 0xFB, 0x43, 0x04, 0x08,
  0x00, 0x00, 0xFF, 0xBF, 0x03, 0x21, 0x1C, 0x00, 0x00, 0xF7, 0xFF, 0x13, 0x80, 0x10, 0x00, 0x00,
  0x7F, 0xDB, 0x45, 0x04, 0x12, 0x00, 0x00, 0xFA, 0xFF, 0x07, 0x20, 0x10, 0x00, 0x00, 0xBE, 0xFF,
  0x06, 0x09, 0x10, 0x00, 0x00, 0xFE, 0xF7, 0x27, 0x80, 0x12, 0x00, 0x00, 0xEE, 0xBF, 0x87, 0x04,
  0x10, 0x00, 0x00, 0xFA, 0xFE, 0x07, 0x20, 0x18, 0x00, 0x00, 0xFE, 0xF7, 0x25, 0x80, 0x30, 0x00,
  0x00, 0xBE, 0xFF, 0x0F, 0x05, 0x22, 0x00, 0x00, 0xF6, 0xBB, 0x07, 0x10, 0x20, 0x00, 0x00, 0xFC,
  0xFF, 0x4F, 0x80, 0x28, 0x00, 0x00, 0x7C, 0xFF, 0x0E, 0x21, 0x20, 0x00, 0x00, 0xEC, 0xFB, 0x07,
  0x04, 0x22, 0x00, 0x00, 0xFC, 0xDF, 0x4F, 0x10, 0x20, 0x00, 0x00, 0x74, 0xFF, 0x0E, 0x80, 0x30,
  0x00, 0x00, 0xFC, 0xFF, 0x27, 0x05, 0x64, 0x00, 0x00, 0xFC, 0xDB, 0x0F, 0x20, 0x40, 0x00, 0x00,
  0x6C, 0xFF, 0x0F, 0x02, 0x41, 0x00, 0x00, 0xFC, 0xFF, 0x46, 0x10, 0x68, 0x00, 0x00, 0xF4, 0xDD,
  0x0F, 0x00, 0x20, 0x00, 0x00, 0xFC, 0xFF, 0x4F, 0x44, 0x22, 0x00, 0x00, 0xDC, 0xEE, 0x07, 0x01,
  0x20, 0x00, 0x00, 0xFC, 0xFF, 0x0E, 0x10, 0x28, 0x00, 0x00, 0xEE, 0xF7, 0x4F, 0x80, 0x20, 0x00,
  0x00, 0xFE, 0x7F, 0x07, 0x0A, 0x32, 0x00, 0x00, 0xFE, 0xFE, 0x07, 0x00, 0x10, 0x00, 0x00, 0xDE,
  0xDF, 0x47, 0x20, 0x11, 0x00, 0x00, 0xFA, 0xFB, 0x05, 0x02, 0x10, 0x00, 0x00, 0xFF, 0xFF, 0x23,
  0x88, 0x18, 0x00, 0x00, 0xB7, 0xAE, 0x02, 0x00, 0x08, 0x00, 0x80, 0xFF, 0xFF, 0xFF, 0xFF, 0x0F,
  0x00, 0x00, 0x00, 0x00, 0x00, 0x00, 0x00, 0x00, 0x00, 0x00, 0x00, 0x00, 0x00, 0x00, 0x00, 0x00,
  0x00, 0x00, 0x00, 0x00, 0x00, 0x00, 0x00, 0x00, 0x00, 0x00, 0x00, 0x00, 0x00, 0x00, 0xFC, 0xFF,
  0xFF, 0xFF, 0x7F, 0x00, 0x00, 0x04, 0x00, 0x00, 0x00, 0x20, 0x00, 0x00, 0x86, 0x04, 0x01, 0x00,
  0x30, 0x00, 0x00, 0x12, 0x20, 0x10, 0x21, 0x10, 0x00, 0x00, 0x02, 0x00, 0x00, 0x00, 0x10, 0x00,
  0x00, 0x0A, 0x09, 0x84, 0x10, 0x10, 0x00, 0x00, 0x43, 0x80, 0x00, 0x00, 0x14, 0x00, 0x00, 0x01,
  0x04, 0x00, 0x00, 0x18, 0x00, 0x00, 0x09, 0x40, 0x10, 0x00, 0x08, 0x00, 0x00, 0x41, 0x02, 0x00,
  0x21, 0x08, 0x00, 0x00, 0x05, 0x20, 0x04, 0x00, 0x08, 0x00, 0x00, 0x21, 0x00, 0x80, 0x00, 0x08,
  0x00, 0x80, 0x01, 0x08, 0x00, 0x00, 0x0C, 0x00, 0x80, 0x00, 0x01, 0x01, 0x10, 0x08, 0x00, 0x80,
  0x24, 0x00, 0x10, 0x00, 0x0A, 0x00, 0x80, 0x01, 0x20, 0x00, 0x00, 0x08, 0x00, 0x00, 0x11, 0x02,
  0x00, 0x01, 0x08, 0x00, 0x00, 0x01, 0x00, 0x02, 0x00, 0x08, 0x00, 0x00, 0xFF, 0xFF, 0xFF, 0xFF,
  0x0F, 0x00, 0x00, 0x57, 0xB5, 0xDA, 0x6A, 0x0B, 0x00, 0x00, 0xFD, 0xEF, 0xB7, 0xDD, 0x0E, 0x00,
  0x00, 0x5B, 0xBD, 0x6A, 0xB7, 0x19, 0x00, 0x00, 0xB7, 0x6B, 0xDF, 0x6D, 0x17, 0x00, 0x00, 0xDF,
  0xB6, 0x75, 0xDB, 0x1D, 0x00, 0x00, 0x76, 0xDF, 0xDB, 0x76, 0x13, 0x00, 0x00, 0xDA, 0x75, 0xAD,
  0x9D, 0x1E, 0x00, 0x00, 0x6E, 0xDB, 0x7E, 0xF7, 0x15, 0x00, 0x00, 0xBA, 0xAF, 0xEB, 0xAD, 0x1B,
  0x00, 0x00, 0xDE, 0xFA, 0x56, 0x5B, 0x15, 0x00, 0x00, 0x76, 0x57, 0xBD, 0xF6, 0x3E, 0x00, 0x00,
  0xAA, 0xED, 0xF7, 0xAD, 0x3B, 0x00, 0x00, 0xFE, 0xBE, 0xAA, 0x7B, 0x25, 0x00, 0x00, 0x54, 0x6B,
  0x5F, 0xAD, 0x3F, 0x00, 0x00, 0xFC, 0xDD, 0xF5, 0x76, 0x29, 0x00, 0x00, 0x54, 0x77, 0xAF, 0xDB,
  0x37, 0x00, 0x00, 0x04, 0x00, 0x00, 0x00, 0x20, 0x00, 0x00, 0x24, 0x10, 0x00, 0x08, 0x20, 0x00,
  0x00, 0x04, 0x82, 0x24, 0x81, 0x70, 0x00, 0x00, 0x94, 0x00, 0x00, 0x00, 0x40, 0x00, 0x00, 0x04,
  0x10, 0x00, 0x10, 0x42, 0x00, 0x00, 0x44, 0x04, 0x49, 0x02, 0x60, 0x00, 0x00, 0x04, 0x40, 0x00,
  0x40, 0x20, 0x00, 0x00, 0x14, 0x01, 0x20, 0x08, 0x22, 0x00, 0x00, 0x04, 0x10, 0x02, 0x00, 0x20,
  0x00, 0x00, 0x44, 0x04, 0x08, 0x21, 0x30, 0x00, 0x00, 0x06, 0x40, 0x00, 0x00, 0x21, 0x00, 0x00,
  0x12, 0x01, 0x44, 0x04, 0x38, 0x00, 0x00, 0x02, 0x10, 0x01, 0x20, 0x10, 0x00, 0x00, 0x22, 0x02,
  0x00, 0x00, 0x10, 0x00, 0x00, 0x02, 0x40, 0x90, 0x04, 0x12, 0x00, 0x00, 0x8B, 0x08, 0x00, 0x40,
  0x18, 0x00, 0x00, 0x01, 0x00, 0x02, 0x00, 0x08, 0x00, 0x80, 0xFF, 0xFF, 0xFF, 0xFF, 0x0F, 0x00,
  0x00, 0x00, 0x00, 0x00, 0x00, 0x00, 0x00, 0x00, 0x00, 0x00, 0x00, 0x00, 0x00, 0x00, 0x00, 0x00,
  0x00, 0x00, 0x00, 0x00, 0x00, 0x00, 0x00, 0x00, 0x00, 0x00, 0x00, 0x00, 0x00, 0xFC, 0xFF, 0xFF,
  0xFF, 0x7F, 0x00, 0x00, 0x24, 0xA5, 0x88, 0x08, 0x22, 0x00, 0x00, 0x4E, 0x08, 0x22, 0xA2, 0x30,
  0x00, 0x00, 0x12, 0xA1, 0x14, 0x09, 0x1A, 0x00, 0x00, 0x46, 0x0A, 0x40, 0x40, 0x10, 0x00, 0x00,
  0x92, 0x51, 0x15, 0x15, 0x11, 0x00, 0x00, 0x27, 0x23, 0x00, 0x40, 0x14, 0x00, 0x00, 0x89, 0x1E,
  0x55, 0x09, 0x18, 0x00, 0x00, 0xE3, 0x4B, 0x00, 0x20, 0x09, 0x00, 0x00, 0xD9, 0x06, 0xA5, 0x0A,
  0x08, 0x00, 0x00, 0x83, 0x4D, 0x00, 0x40, 0x09, 0x00, 0x00, 0xA9, 0x99, 0x2A, 0x12, 0x08, 0x00,
  0x80, 0x83, 0x04, 0x80, 0x00, 0x09, 0x00, 0x80, 0xA8, 0xA2, 0x14, 0x54, 0x08, 0x00, 0x80, 0x02,
  0x10, 0x40, 0x01, 0x0A, 0x00, 0x80, 0xA9, 0x42, 0x05, 0x88, 0x08, 0x00, 0x00, 0x03, 0x14, 0x50,
  0x22, 0x08, 0x00, 0x00, 0xAD, 0x80, 0x09, 0x80, 0x0A, 0x00, 0x00, 0x0B, 0x55, 0x82, 0x0A, 0x08,
  0x00, 0x00, 0x21, 0x80, 0x28, 0x20, 0x0A, 0x00, 0x00, 0xD5, 0x1A, 0x82, 0x88, 0x08, 0x00, 0x00,
  0x83, 0xB0, 0x08, 0x02, 0x18, 0x00, 0x00, 0x51, 0x15, 0x20, 0xA0, 0x10, 0x00, 0x00, 0x07, 0x80,
  0x8A, 0x0A, 0x12, 0x00, 0x00, 0xAA, 0x28, 0x00, 0x40, 0x10, 0x00, 0x00, 0x02, 0x02, 0x29, 0x11,
  0x19, 0x00, 0x00, 0x56, 0x50, 0x80, 0x04, 0x10, 0x00, 0x00, 0x02, 0x05, 0x0A, 0xA0, 0x10, 0x00,
  0x00, 0x2A, 0xA0, 0x20, 0x02, 0x1A, 0x00, 0x00, 0x82, 0x0A, 0x88, 0x08, 0x30, 0x00, 0x00, 0x2A,
  0x40, 0x22, 0xA0, 0x20, 0x00, 0x00, 0x06, 0x11, 0x00, 0x0A, 0x22, 0x00, 0x00, 0x54, 0x84, 0x8A,
  0x40, 0x28, 0x00, 0x00, 0x0C, 0x21, 0x20, 0x04, 0x21, 0x00, 0x00, 0x24, 0x08, 0x05, 0x11, 0x20,
  0x00, 0x00, 0x84, 0x44, 0x40, 0x40, 0x22, 0x00, 0x00, 0x2C, 0x00, 0x14, 0x0A, 0x28, 0x00, 0x00,
  0x04, 0x55, 0x81, 0x20, 0x60, 0x00, 0x00, 0x54, 0x00, 0x08, 0x80, 0x52, 0x00, 0x00, 0x04, 0x22,
  0x22, 0x0A, 0x40, 0x00, 0x00, 0xA4, 0x88, 0x80, 0x20, 0x69, 0x00, 0x00, 0x0C, 0x00, 0x0A, 0x04,
  0x20, 0x00, 0x00, 0x44, 0x2A, 0x20, 0x91, 0x24, 0x00, 0x00, 0x14, 0x80, 0x04, 0x00, 0x20, 0x00,
  0x00, 0x84, 0x22, 0x40, 0x44, 0x22, 0x00, 0x00, 0x2E, 0x08, 0x15, 0x11, 0x20, 0x00, 0x00, 0x02,
  0x02, 0x00, 0x00, 0x38, 0x00, 0x00, 0xA2, 0x50, 0x24, 0x4A, 0x11, 0x00, 0x00, 0x0A, 0x04, 0x81,
  0x00, 0x10, 0x00, 0x00, 0x42, 0x20, 0x10, 0x00, 0x12, 0x00, 0x00, 0x17, 0x89, 0x04, 0x52, 0x18,
  0x00, 0x00, 0x01, 0x00, 0x40, 0x00, 0x08, 0x00, 0x80, 0xFF, 0xFF, 0xFF, 0xFF, 0x0F, 0x00, 0x00,
  0x00, 0x00, 0x00, 0x00, 0x00, 0x00, 0x00, 0x00, 0x00, 0x00, 0x00, 0x00, 0x00, 0x00, 0x00, 0x00,
  0x00, 0x00, 0x00, 0x00, 0x00, 0x00, 0x00, 0x00, 0x00, 0x00, 0x00, 0x00, 0xFC, 0xFF, 0xFF, 0xFF,
  0x7F, 0x00, 0x00, 0x44, 0xC8, 0xB6, 0x09, 0x20, 0x00, 0x00, 0x16, 0xE2, 0xFF, 0x43, 0x31, 0x00,
  0x00, 0x8A, 0xE0, 0xFF, 0x11, 0x14, 0x00, 0x00, 0x22, 0xEA, 0xB6, 0x01, 0x10, 0x00, 0x00, 0x06,
  0xE0, 0xFF, 0x44, 0x11, 0x00, 0x00, 0xA3, 0xF8, 0xFF, 0x11, 0x14, 0x00, 0x00, 0x09, 0x72, 0xBB,
  0x00, 0x18, 0x00, 0x00, 0x81, 0xF0, 0xFF, 0xA4, 0x0A, 0x00, 0x00, 0x2B, 0xF4, 0xDD, 0x00, 0x08,
  0x00, 0x00, 0x01, 0xF1, 0xFF, 0x04, 0x08, 0x00, 0x00, 0x49, 0x78, 0xEF, 0x50, 0x08, 0x00, 0x80,
  0x03, 0xF1, 0x7F, 0x02, 0x09, 0x00, 0x80, 0x10, 0xF4, 0xFB, 0x00, 0x0C, 0x00, 0x80, 0x44, 0xF8,
  0x7F, 0x24, 0x08, 0x00, 0x80, 0x01, 0x71, 0xDF, 0x80, 0x08, 0x00, 0x00, 0x53, 0xF4, 0xFB, 0x12,
  0x0A, 0x00, 0x00, 0x01, 0xF8, 0x7F, 0x00, 0x08, 0x00, 0x00, 0x05, 0xB1, 0xFF, 0x20, 0x09, 0x00,
  0x00, 0x51, 0xF4, 0xED, 0x04, 0x08, 0x00, 0x00, 0x05, 0xF0, 0xFF, 0x10, 0x08, 0x00, 0x00, 0x01,
  0xF1, 0x77, 0x01, 0x19, 0x00, 0x00, 0x51, 0x74, 0xFF, 0x20, 0x10, 0x00, 0x00, 0x07, 0xF0, 0xFF,
  0x04, 0x12, 0x00, 0x00, 0x82, 0xE2, 0xDD, 0x11, 0x10, 0x00, 0x00, 0x2A, 0xE0, 0xFF, 0x81, 0x10,
  0x00, 0x00, 0x02, 0xE8, 0xEE, 0x08, 0x14, 0x00, 0x00, 0x82, 0xE0, 0xFF, 0x41, 0x10, 0x00, 0x00,
  0x2A, 0xE2, 0xFF, 0x05, 0x10, 0x00, 0x00, 0x02, 0xE8, 0xBE, 0x21, 0x32, 0x00, 0x00, 0x92, 0xC0,
  0xF7, 0x03, 0x20, 0x00, 0x00, 0x06, 0xD0, 0xFF, 0x12, 0x31, 0x00, 0x00, 0x44, 0xC2, 0xFB, 0x03,
  0x20, 0x00, 0x00, 0x14, 0xE0, 0xBF, 0x03, 0x28, 0x00, 0x00, 0x04, 0xC9, 0xFE, 0x23, 0x21, 0x00,
  0x00, 0x44, 0xC0, 0xEF, 0x03, 0x20, 0x00, 0x00, 0x14, 0xD0, 0xFF, 0x12, 0x24, 0x00, 0x00, 0x04,
  0xC2, 0xFD, 0x03, 0x60, 0x00, 0x00, 0x44, 0xC0, 0xBF, 0x8B, 0x40, 0x00, 0x00, 0x14, 0xC9, 0xF7,
  0x03, 0x60, 0x00, 0x00, 0x04, 0xC0, 0xFF, 0x45, 0x64, 0x00, 0x00, 0x44, 0xC4, 0xDE, 0x03, 0x20,
  0x00, 0x00, 0x04, 0xE0, 0xFF, 0x22, 0x20, 0x00, 0x00, 0x14, 0xC1, 0xFB, 0x03, 0x22, 0x00, 0x00,
  0x04, 0xC8, 0xDF, 0x03, 0x60, 0x00, 0x00, 0x46, 0xE0, 0xFE, 0x83, 0x20, 0x00, 0x00, 0x12, 0xC2,
  0x7F, 0x11, 0x30, 0x00, 0x00, 0x02, 0xF0, 0xF7, 0x01, 0x14, 0x00, 0x00, 0x22, 0xE1, 0xBE, 0x41,
  0x10, 0x00, 0x00, 0x02, 0xE0, 0xFF, 0x01, 0x10, 0x00, 0x00, 0x8B, 0xF8, 0xDF, 0x08, 0x1A, 0x00,
  0x00, 0x01, 0x50, 0x75, 0x00, 0x08, 0x00, 0x80, 0xFF, 0xFF, 0xFF, 0xFF, 0x0F, 0x00, 0x00, 0x00,
  0x00, 0x00, 0x00, 0x00, 0x00, 0x00, 0x00, 0x00, 0x00, 0x00, 0x00, 0x00, 0x00, 0x00, 0x00, 0x00,
  0x00, 0x00, 0x00, 0x00, 0x00, 0x00, 0x00, 0x00, 0x00, 0x00, 0x00, 0xFC, 0xFF, 0xFF, 0xFF, 0x7F,
  0x00, 0x00, 0x54, 0xBC, 0x6D, 0x1B, 0x34, 0x00, 0x00, 0x1E, 0xF8, 0xFF, 0x4F, 0x3C, 0x00, 0x00,
  0x2E, 0xDD, 0xFF, 0x0D, 0x1C, 0x00, 0x00, 0x0E, 0xFC, 0xDD, 0x0F, 0x1D, 0x00, 0x00, 0x4A, 0xFE,
  0xFF, 0x0E, 0x16, 0x00, 0x00, 0x0F, 0xDE, 0xEE, 0x47, 0x1E, 0x00, 0x00, 0x4D, 0xFD, 0xFF, 0x07,
  0x1E, 0x00, 0x00, 0x07, 0xFE, 0x7F, 0x07, 0x0F, 0x00, 0x00, 0x95, 0xEE, 0xFB, 0x43, 0x0A, 0x00,
  0x00, 0x07, 0x7E, 0xDF, 0x07, 0x0F, 0x00, 0x00, 0x25, 0xFF, 0xFF, 0x05, 0x0B, 0x00, 0x80, 0x07,
  0xFE, 0xFB, 0x47, 0x0F, 0x00, 0x80, 0x95, 0x6E, 0x7F, 0x03, 0x0B, 0x00, 0x80, 0x07, 0xFF, 0xEF,
  0x07, 0x0F, 0x00, 0x80, 0x45, 0xF6, 0xFF, 0x43, 0x0B, 0x00, 0x00, 0x07, 0xFF, 0xFD, 0x06, 0x0F,
  0x00, 0x00, 0x15, 0xBE, 0xEF, 0x07, 0x0B, 0x00, 0x00, 0x47, 0xFE, 0x7F, 0x07, 0x0F, 0x00, 0x00,
  0x0D, 0xAE, 0xF7, 0x47, 0x0E, 0x00, 0x00, 0x87, 0x3E, 0xCF, 0x07, 0x0E, 0x00, 0x00, 0x0F, 0x3E,
  0xC4, 0x05, 0x1E, 0x00, 0x00, 0x27, 0x3E, 0xD1, 0x07, 0x1E, 0x00, 0x00, 0x0F, 0x6D, 0xC4, 0x47,
  0x16, 0x00, 0x00, 0x0A, 0x3E, 0x1F, 0x0F, 0x1E, 0x00, 0x00, 0x4E, 0x1C, 0x1F, 0x0E, 0x16, 0x00,
  0x00, 0x0E, 0x44, 0xAF, 0x08, 0x1C, 0x00, 0x00, 0x8E, 0x1C, 0x3F, 0x0E, 0x1D, 0x00, 0x00, 0x1A,
  0x7E, 0x1C, 0x0F, 0x1C, 0x00, 0x00, 0x1E, 0xF8, 0x88, 0x8F, 0x3C, 0x00, 0x00, 0x1E, 0xB9, 0xA2,
  0x17, 0x2C, 0x00, 0x00, 0x16, 0xFC, 0x08, 0x1F, 0x3C, 0x00, 0x00, 0x9C, 0xF8, 0x3C, 0x1B, 0x2C,
  0x00, 0x00, 0x1C, 0xB8, 0xFF, 0x1F, 0x38, 0x00, 0x00, 0x2C, 0xF8, 0xDF, 0x1F, 0x3A, 0x00, 0x00,
  0x3C, 0xFA, 0xFE, 0x1D, 0x38, 0x00, 0x00, 0x34, 0xF8, 0xF7, 0x0F, 0x38, 0x00, 0x00, 0x1C, 0xD9,
  0x7F, 0x9F, 0x78, 0x00, 0x00, 0x3C, 0xF8, 0xFE, 0x17, 0x58, 0x00, 0x00, 0x3C, 0xF8, 0xEF, 0x1F,
  0x78, 0x00, 0x00, 0x14, 0xD9, 0xFF, 0x1D, 0x78, 0x00, 0x00, 0x3C, 0xF8, 0xBD, 0x1F, 0x39, 0x00,
  0x00, 0x1C, 0xEC, 0xFF, 0x0F, 0x38, 0x00, 0x00, 0x5C, 0xF8, 0xEE, 0x1D, 0x3C, 0x00, 0x00, 0x14,
  0xFA, 0xFF, 0x1F, 0x28, 0x00, 0x00, 0x1E, 0xF8, 0x7F, 0x0F, 0x3E, 0x00, 0x00, 0x1E, 0xDC, 0xF6,
  0x17, 0x3C, 0x00, 0x00, 0x16, 0xFD, 0xBF, 0x0F, 0x1C, 0x00, 0x00, 0x0E, 0xFC, 0xFF, 0x0F, 0x16,
  0x00, 0x00, 0x8A, 0xDC, 0xF7, 0x05, 0x1B, 0x00, 0x00, 0x0F, 0xFE, 0xFE, 0x07, 0x1E, 0x00, 0x00,
  0x05, 0xB6, 0xAB, 0x02, 0x0D, 0x00, 0x80, 0xFF, 0xFF, 0xFF, 0xFF, 0x0F, 0x00, 0x00, 0x00, 0x00,
  0x00, 0x00, 0x00, 0x00, 0x00, 0x00, 0x00, 0x00, 0x00, 0x00, 0x00, 0x00, 0x00, 0x00, 0x00, 0x00,
  0x00, 0x00, 0x00, 0x00, 0x00, 0x00, 0x00, 0x00, 0x00, 0x00, 0xFC, 0xFF, 0xFF, 0xFF, 0x7F, 0x00,
  0x00, 0x2C, 0x95, 0x55, 0x28, 0x22, 0x00, 0x00, 0x46, 0x22, 0xBB, 0x82, 0x38, 0x00, 0x00, 0x96,
  0x48, 0x6D, 0x54, 0x14, 0x00, 0x00, 0x22, 0x92, 0x36, 0x01, 0x11, 0x00, 0x00, 0x96, 0xC4, 0x5B,
  0x52, 0x14, 0x00, 0x00, 0x4B, 0x91, 0x2E, 0x04, 0x11, 0x00, 0x00, 0x23, 0xA4, 0xB5, 0x50, 0x18,
  0x00, 0x00, 0x89, 0xCA, 0x1E, 0x85, 0x0A, 0x00, 0x00, 0x53, 0x40, 0x2B, 0x10, 0x08, 0x00, 0x00,
  0x25, 0xD5, 0x5D, 0xA5, 0x08, 0x00, 0x00, 0x8B, 0xC8, 0x16, 0x00, 0x0A, 0x00, 0x80, 0x21, 0xA2,
  0xAD, 0xAA, 0x08, 0x00, 0x80, 0x8A, 0x54, 0x17, 0x00, 0x0C, 0x00, 0x80, 0x24, 0xC1, 0x5D, 0x55,
  0x09, 0x00, 0x80, 0x53, 0x64, 0x2B, 0x00, 0x08, 0x00, 0x00, 0x89, 0x8A, 0x96, 0xAA, 0x0A, 0x00,
  0x00, 0x6F, 0xFD, 0x7D, 0x5D, 0x0D, 0x00, 0x00, 0xFB, 0x6B, 0xDB, 0xEB, 0x0B, 0x00, 0x00, 0x55,
  0xDF, 0xB6, 0xB6, 0x0E, 0x00, 0x00, 0xBF, 0xB2, 0xDD, 0x5D, 0x09, 0x00, 0x00, 0xEB, 0xEF, 0xB6,
  0xEA, 0x1F, 0x00, 0x00, 0xBD, 0xBA, 0x6D, 0xBF, 0x12, 0x00, 0x00, 0x43, 0x45, 0x37, 0x01, 0x11,
  0x00, 0x00, 0x12, 0x90, 0x2D, 0x50, 0x14, 0x00, 0x00, 0x26, 0x85, 0x5A, 0x05, 0x10, 0x00, 0x00,
  0x4A, 0xA8, 0x2F, 0x20, 0x11, 0x00, 0x00, 0x02, 0x81, 0x7A, 0x0A, 0x1A, 0x00, 0x00, 0x56, 0x2A,
  0x95, 0x40, 0x10, 0x00, 0x00, 0x22, 0x80, 0x7F, 0x92, 0x38, 0x00, 0x00, 0x8A, 0x2A, 0x55, 0x00,
  0x22, 0x00, 0x00, 0x26, 0x04, 0xAB, 0x54, 0x20, 0x00, 0x00, 0x8C, 0x50, 0x7D, 0x02, 0x2A, 0x00,
  0x00, 0x24, 0x05, 0xD7, 0x88, 0x20, 0x00, 0x00, 0x0C, 0x52, 0xAA, 0x20, 0x22, 0x00, 0x00, 0x54,
  0x00, 0x7D, 0x02, 0x28, 0x00, 0x00, 0x84, 0x54, 0xD7, 0xA8, 0x20, 0x00, 0x00, 0x2C, 0x01, 0xAA,
  0x00, 0x62, 0x00, 0x00, 0x04, 0x54, 0x7D, 0x8A, 0x48, 0x00, 0x00, 0x54, 0x01, 0xD6, 0x20, 0x40,
  0x00, 0x00, 0x0C, 0x54, 0xBB, 0x08, 0x72, 0x00, 0x00, 0x24, 0x01, 0x56, 0x82, 0x20, 0x00, 0x00,
  0x44, 0x54, 0xED, 0x20, 0x24, 0x00, 0x00, 0x0C, 0x01, 0x3B, 0x0A, 0x31, 0x00, 0x00, 0x54, 0x14,
  0xD5, 0x40, 0x20, 0x00, 0x00, 0x06, 0x41, 0x6F, 0x04, 0x24, 0x00, 0x00, 0x4A, 0x14, 0x35, 0x11,
  0x31, 0x00, 0x00, 0x12, 0x81, 0x5A, 0x40, 0x10, 0x00, 0x00, 0x42, 0xA8, 0xB7, 0x04, 0x14, 0x00,
  0x00, 0x16, 0x82, 0x2C, 0x10, 0x11, 0x00, 0x00, 0xA3, 0xA4, 0x1B, 0x41, 0x18, 0x00, 0x00, 0x05,
  0x40, 0x26, 0x04, 0x0C, 0x00, 0x80, 0xFF, 0xFF, 0xFF, 0xFF, 0x0F, 0x00, 0x00, 0x00, 0x00, 0x00,
  0x00, 0x00, 0x00, 0x00, 0x00, 0x00, 0x00, 0x00, 0x00, 0x00, 0x00, 0x00, 0x00, 0x00, 0x00, 0x00,
  0x00, 0x00, 0x00, 0x00, 0x00, 0x00, 0x00, 0x00, 0x00, 0xFC, 0xFF, 0xFF, 0xFF, 0x7F, 0x00, 0x00,
  0xB4, 0x5F, 0x00, 0x6E, 0x3B, 0x00, 0x00, 0xFE, 0x7D, 0x10, 0xFF, 0x3F, 0x00, 0x00, 0xDE, 0x3F,
  0x82, 0xFE, 0x1F, 0x00, 0x00, 0xFE, 0x2F, 0x08, 0x77, 0x1B, 0x00, 0x00, 0xFA, 0x3E, 0x80, 0xFF,
  0x17, 0x00, 0x00, 0xFF, 0x97, 0x80, 0xBB, 0x1F, 0x00, 0x00, 0xDD, 0x1F, 0x92, 0xFF, 0x1F, 0x00,
  0x00, 0xFF, 0x1E, 0x80, 0xFF, 0x0D, 0x00, 0x00, 0xFD, 0x1F, 0x81, 0xDB, 0x0F, 0x00, 0x00, 0xDF,
  0x17, 0x88, 0xFF, 0x0E, 0x00, 0x00, 0xFD, 0x1F, 0xC0, 0xFF, 0x0B, 0x00, 0x80, 0xFF, 0x1E, 0x81,
  0xEF, 0x0F, 0x00, 0x80, 0xDD, 0x17, 0xC8, 0x7D, 0x0B, 0x00, 0x80, 0xFF, 0x1F, 0x80, 0xFF, 0x0F,
  0x00, 0x80, 0x01, 0x00, 0x02, 0x00, 0x08, 0x00, 0x00, 0x01, 0x40, 0x20, 0x00, 0x08, 0x00, 0x00,
  0x21, 0x00, 0x00, 0x00, 0x08, 0x00, 0x00, 0x05, 0x09, 0x12, 0x08, 0x08, 0x00, 0x00, 0x11, 0x40,
  0x00, 0x00, 0x0A, 0x00, 0x00, 0x81, 0x00, 0x00, 0x01, 0x08, 0x00, 0x00, 0x01, 0x08, 0x01, 0x40,
  0x18, 0x00, 0x00, 0x25, 0x00, 0x90, 0x00, 0x10, 0x00, 0x00, 0x4B, 0x15, 0x00, 0x2A, 0x15, 0x00,
  0x00, 0xFE, 0x3F, 0x82, 0xFF, 0x17, 0x00, 0x00, 0xFE, 0x2F, 0x00, 0xFF, 0x1F, 0x00, 0x00, 0xBA,
  0x3F, 0x10, 0xBF, 0x17, 0x00, 0x00, 0xFE, 0x3D, 0x00, 0xF7, 0x1D, 0x00, 0x00, 0xFE, 0x2F, 0x01,
  0xFF, 0x1F, 0x00, 0x00, 0xB6, 0x3F, 0x88, 0x7E, 0x3F, 0x00, 0x00, 0xFE, 0x7B, 0x00, 0xEF, 0x3F,
  0x00, 0x00, 0xF6, 0x3F, 0x00, 0xFE, 0x2B, 0x00, 0x00, 0x7C, 0x7F, 0x04, 0xBE, 0x3F, 0x00, 0x00,
  0xFC, 0x6F, 0x40, 0xFE, 0x2D, 0x00, 0x00, 0xEC, 0x7D, 0x00, 0xEE, 0x3F, 0x00, 0x00, 0xFC, 0x7F,
  0x00, 0xFE, 0x2F, 0x00, 0x00, 0x74, 0x3F, 0x04, 0x7E, 0x3F, 0x00, 0x00, 0xFC, 0x77, 0x80, 0xFE,
  0x7B, 0x00, 0x00, 0xBC, 0x7F, 0x02, 0xEE, 0x6F, 0x00, 0x00, 0xFC, 0x7B, 0x40, 0x7E, 0x7F, 0x00,
  0x00, 0xF4, 0xBF, 0x00, 0xFE, 0x6F, 0x00, 0x00, 0xFC, 0x7E, 0x00, 0xEE, 0x3D, 0x00, 0x00, 0xDC,
  0x6F, 0x20, 0xFE, 0x2F, 0x00, 0x00, 0xFC, 0x7F, 0x00, 0xBE, 0x3F, 0x00, 0x00, 0xF4, 0x7B, 0x10,
  0xFE, 0x2D, 0x00, 0x00, 0x7E, 0x7F, 0x00, 0xEE, 0x3F, 0x00, 0x00, 0xFE, 0x5F, 0x00, 0xFF, 0x37,
  0x00, 0x00, 0xEE, 0x3B, 0x00, 0x7F, 0x1F, 0x00, 0x00, 0x7E, 0x3F, 0x00, 0xF7, 0x17, 0x00, 0x00,
  0xFA, 0x1F, 0x88, 0xBF, 0x1B, 0x00, 0x00, 0xBF, 0x1F, 0x80, 0xFF, 0x1F, 0x00, 0x00, 0xF7, 0x05,
  0x80, 0xAA, 0x0D, 0x00, 0x80, 0xFF, 0xFF, 0xFF, 0xFF, 0x0F, 0x00, 0x00, 0x00, 0x00, 0x00, 0x00,
  0x00, 0x00, 0x00, 0x00, 0x00, 0x00, 0x00, 0x00, 0x00, 0x00, 0x00, 0x00, 0x00, 0x00, 0x00, 0x00,
  0x00, 0x00, 0x00, 0x00, 0x00, 0x00, 0x00, 0x00, 0xFC, 0xFF, 0xFF, 0xFF, 0x7F, 0x00, 0x00, 0x2C,
  0x49, 0x41, 0x10, 0x31, 0x00, 0x00, 0x46, 0x92, 0xC1, 0x45, 0x34, 0x00, 0x00, 0x96, 0xC4, 0xE9,
  0x10, 0x12, 0x00, 0x00, 0x22, 0xD1, 0x60, 0xA4, 0x10, 0x00, 0x00, 0x16, 0xE4, 0x60, 0x01, 0x1A,
  0x00, 0x00, 0x4B, 0xD1, 0x60, 0xAA, 0x10, 0x00, 0x00, 0xA3, 0xC4, 0x68, 0x00, 0x1C, 0x00, 0x00,
  0x09, 0x72, 0x70, 0x55, 0x09, 0x00, 0x00, 0x53, 0xE9, 0x30, 0x00, 0x08, 0x00, 0x00, 0x29, 0x60,
  0xB0, 0x2A, 0x0A, 0x00, 0x00, 0x83, 0x6A, 0x30, 0x80, 0x08, 0x00, 0x80, 0x55, 0x64, 0xB2, 0x12,
  0x0A, 0x00, 0x80, 0x02, 0x71, 0x30, 0x48, 0x08, 0x00, 0x80, 0xB9, 0x6A, 0x70, 0x93, 0x0D, 0x00,
  0x80, 0xFF, 0x7F, 0xF0, 0xFF, 0x0B, 0x00, 0x00, 0xFD, 0x7F, 0xF0, 0xFF, 0x0F, 0x00, 0x00, 0x01,
  0x00, 0x02, 0x00, 0x08, 0x00, 0x00, 0x01, 0x00, 0x00, 0x00, 0x08, 0x00, 0x00, 0x01, 0x00, 0x00,
  0x00, 0x08, 0x00, 0x00, 0x01, 0x00, 0x00, 0x00, 0x08, 0x00, 0x00, 0x55, 0x49, 0x90, 0x08, 0x1A,
  0x00, 0x00, 0xFF, 0xFF, 0xE0, 0xFF, 0x1F, 0x00, 0x00, 0xFF, 0xFF, 0xE0, 0xFF, 0x17, 0x00, 0x00,
  0x02, 0xC0, 0x70, 0x00, 0x10, 0x00, 0x00, 0x26, 0xD5, 0x60, 0x22, 0x12, 0x00, 0x00, 0x4A, 0xC0,
  0xE1, 0x88, 0x10, 0x00, 0x00, 0x82, 0xAA, 0x61, 0x22, 0x1A, 0x00, 0x00, 0x16, 0x80, 0xC1, 0x00,
  0x10, 0x00, 0x00, 0xA2, 0xAA, 0xC1, 0xAA, 0x32, 0x00, 0x00, 0x0A, 0x80, 0xC1, 0x00, 0x28, 0x00,
  0x00, 0xA6, 0xAA, 0xC1, 0x14, 0x21, 0x00, 0x00, 0x0C, 0x80, 0xC3, 0x41, 0x28, 0x00, 0x00, 0x54,
  0x55, 0xC3, 0x10, 0x22, 0x00, 0x00, 0x04, 0x80, 0xC3, 0x85, 0x28, 0x00, 0x00, 0xAC, 0x2A, 0xC3,
  0x08, 0x20, 0x00, 0x00, 0x04, 0x80, 0x83, 0xA1, 0x22, 0x00, 0x00, 0x54, 0x15, 0xC3, 0x05, 0x68,
  0x00, 0x00, 0x0C, 0x40, 0x83, 0x21, 0x41, 0x00, 0x00, 0x44, 0x0A, 0x83, 0x09, 0x48, 0x00, 0x00,
  0x94, 0xA0, 0xC3, 0x41, 0x62, 0x00, 0x00, 0x04, 0x0A, 0x83, 0x11, 0x20, 0x00, 0x00, 0xAC, 0x40,
  0xC3, 0x84, 0x2A, 0x00, 0x00, 0x04, 0x94, 0xC3, 0x21, 0x20, 0x00, 0x00, 0x54, 0x81, 0xC1, 0x08,
  0x22, 0x00, 0x00, 0x0E, 0xA8, 0xC1, 0x82, 0x20, 0x00, 0x00, 0x82, 0x82, 0xC1, 0x28, 0x34, 0x00,
  0x00, 0x2A, 0xD0, 0x61, 0x00, 0x11, 0x00, 0x00, 0x02, 0xC5, 0xE0, 0x22, 0x10, 0x00, 0x00, 0x56,
  0x50, 0x61, 0x08, 0x12, 0x00, 0x00, 0x03, 0xE1, 0x60, 0xA0, 0x18, 0x00, 0x00, 0x21, 0xA4, 0x30,
  0x02, 0x08, 0x00, 0x80, 0xFF, 0xFF, 0xFF, 0xFF, 0x0F, 0x00, 0x00, 0x00, 0x00, 0x00, 0x00, 0x00,
  0x00, 0x00, 0x00, 0x00, 0x00, 0x00, 0x00, 0x00, 0x00, 0x00, 0x00, 0x00, 0x00, 0x00, 0x00, 0x00,
  0x00, 0x00, 0x00, 0x00, 0x00, 0x00, 0x00, 0x00, 0x00, 0x00, 0x00, 0x00, 0x00, 0x00, 0x00, 0x00,
  0x00, 0x00, 0x00, 0x00, 0x00, 0x00, 0x00, 0x00, 0x00, 0x00, 0x00, 0x00, 0xFC, 0xFF, 0xFF, 0xFF,
  0x7F, 0x00, 0x00, 0x84, 0x20, 0x16, 0x00, 0x20, 0x00, 0x00, 0x16, 0x04, 0x3E, 0x24, 0x28, 0x00,
  0x00, 0x42, 0x80, 0x3F, 0x01, 0x31, 0x00, 0x00, 0x0A, 0x12, 0x17, 0x10, 0x10, 0x00, 0x00, 0x23,
  0x00, 0x1F, 0x00, 0x10, 0x00, 0x00, 0x01, 0x49, 0x9B, 0x84, 0x1C, 0x00, 0x00, 0x15, 0x80, 0x1F,
  0x00, 0x08, 0x00, 0x00, 0x81, 0xA0, 0x0D, 0x22, 0x08, 0x00, 0x00, 0x01, 0x84, 0x4F, 0x00, 0x08,
  0x00, 0x80, 0x95, 0x90, 0x0F, 0x10, 0x09, 0x00, 0x80, 0x00, 0x80, 0x0F, 0x02, 0x08, 0x00, 0x80,
  0x20, 0x84, 0x4B, 0x80, 0x08, 0x00, 0x80, 0x05, 0xA1, 0x0F, 0x08, 0x08, 0x00, 0x00, 0x01, 0x80,
  0x0F, 0x00, 0x08, 0x00, 0x00, 0xFF, 0xFF, 0xFD, 0xFF, 0x0B, 0x00, 0x00, 0xFD, 0xFF, 0xBF, 0xEF,
  0x0F, 0x00, 0x00, 0xDF, 0x6D, 0xFF, 0x7F, 0x0B, 0x00, 0x00, 0xFD, 0xFF, 0xF7, 0xFD, 0x1F, 0x00,
  0x00, 0xFF, 0xFF, 0xFF, 0xFF, 0x1F, 0x00, 0x00, 0x03, 0x00, 0x1F, 0x00, 0x10, 0x00, 0x00, 0x4A,
  0x04, 0x17, 0x10, 0x10, 0x00, 0x00, 0x02, 0x20, 0x1F, 0x02, 0x11, 0x00, 0x00, 0x12, 0x01, 0x3F,
  0x00, 0x10, 0x00, 0x00, 0x02, 0x88, 0x2E, 0x90, 0x10, 0x00, 0x00, 0x42, 0x00, 0x3E, 0x02, 0x30,
  0x00, 0x00, 0x12, 0x22, 0x3E, 0x00, 0x28, 0x00, 0x00, 0x02, 0x00, 0x3F, 0x80, 0x20, 0x00, 0x00,
  0x86, 0x08, 0x36, 0x12, 0x24, 0x00, 0x00, 0x14, 0x00, 0x3E, 0x00, 0x60, 0x00, 0x00, 0x44, 0x44,
  0x7E, 0x00, 0x20, 0x00, 0x00, 0x04, 0x00, 0x5C, 0x20, 0x21, 0x00, 0x00, 0x24, 0x22, 0x7E, 0x04,
  0x20, 0x00, 0x00, 0x04, 0x00, 0x7C, 0x00, 0x68, 0x00, 0x00, 0x04, 0x11, 0x5C, 0x80, 0x40, 0x00,
  0x00, 0x24, 0x00, 0x7D, 0x08, 0x44, 0x00, 0x00, 0x04, 0x08, 0x7C, 0x00, 0x60, 0x00, 0x00, 0x04,
  0x81, 0x7C, 0x04, 0x22, 0x00, 0x00, 0x24, 0x00, 0x5E, 0x40, 0x20, 0x00, 0x00, 0x04, 0x20, 0x3E,
  0x00, 0x20, 0x00, 0x00, 0x86, 0x04, 0x2E, 0x22, 0x20, 0x00, 0x00, 0x12, 0x00, 0x3F, 0x00, 0x30,
  0x00, 0x00, 0x02, 0x20, 0x3E, 0x00, 0x12, 0x00, 0x00, 0x42, 0x04, 0x0F, 0x11, 0x10, 0x00, 0x00,
  0x03, 0x80, 0x1F, 0x00, 0x19, 0x00, 0x00, 0x11, 0x00, 0x15, 0x00, 0x08, 0x00, 0x80, 0xFF, 0xFF,
  0xFF, 0xFF, 0x0F, 0x00, 0x00, 0x00, 0x00, 0x00, 0x00, 0x00, 0x00, 0x00, 0x00, 0x00, 0x00, 0x00,
  0x00, 0x00, 0x00, 0x00, 0x00, 0x00, 0x00, 0x00, 0x00, 0x00, 0x00, 0x00, 0x00, 0x00, 0x00, 0x00,
  0x00, 0x00, 0x00, 0x00, 0x00, 0x00, 0x00, 0x00, 0x00, 0x00, 0x00, 0x00, 0x00, 0x00, 0x00, 0x00,
  0x00, 0x00, 0x00, 0x00, 0x00, 0x00, 0xFC, 0xFF, 0xFF, 0xFF, 0x7F, 0x00, 0x00, 0x54, 0x95, 0x6D,
  0x23, 0x29, 0x00, 0x00, 0x0E, 0xE0, 0xFF, 0x49, 0x32, 0x00, 0x00, 0xA2, 0xEA, 0xFF, 0x93, 0x18,
  0x00, 0x00, 0x16, 0xE1, 0xDB, 0x24, 0x32, 0x00, 0x00, 0x4A, 0x74, 0xFF, 0x91, 0x18, 0x00, 0x00,
  0x23, 0xF2, 0x7F, 0x45, 0x12, 0x00, 0x00, 0x8B, 0xF0, 0xFD, 0x2A, 0x19, 0x00, 0x00, 0x21, 0xF5,
  0xEF, 0x10, 0x0C, 0x00, 0x00, 0x4B, 0x70, 0xFF, 0x42, 0x09, 0x00, 0x00, 0x91, 0xFA, 0xBF, 0x14,
  0x0C, 0x00, 0x00, 0x0B, 0xF0, 0xFD, 0x40, 0x09, 0x00, 0x80, 0xA1, 0xFA, 0x6F, 0x95, 0x08, 0x00,
  0x80, 0x0A, 0xB8, 0xFF, 0x22, 0x0A, 0x00, 0x80, 0xA0, 0xF2, 0x7D, 0x08, 0x09, 0x00, 0x80, 0x0B,
  0xF8, 0xFF, 0x52, 0x0C, 0x00, 0x00, 0xA1, 0xBA, 0x6F, 0x01, 0x09, 0x00, 0x00, 0x4B, 0xF0, 0xFF,
  0x54, 0x08, 0x00, 0x00, 0x11, 0xF5, 0xFD, 0x88, 0x0A, 0x00, 0x00, 0x43, 0xF0, 0xEF, 0x24, 0x08,
  0x00, 0x00, 0x15, 0x75, 0x7F, 0x41, 0x0D, 0x00, 0x00, 0x41, 0xF0, 0xF7, 0x0A, 0x18, 0x00, 0x00,
  0x15, 0xFA, 0xFF, 0x50, 0x11, 0x00, 0x00, 0xA3, 0xE0, 0xFE, 0x05, 0x1A, 0x00, 0x00, 0x06, 0xEA,
  0xDF, 0x50, 0x10, 0x00, 0x00, 0xAA, 0xE0, 0xFB, 0x85, 0x12, 0x00, 0x00, 0x02, 0xF4, 0x7F, 0x11,
  0x18, 0x00, 0x00, 0x56, 0x61, 0xFF, 0xA5, 0x12, 0x00, 0x00, 0x02, 0xE8, 0xDB, 0x01, 0x10, 0x00,
  0x00, 0xAA, 0xE2, 0xFF, 0xAB, 0x3A, 0x00, 0x00, 0x02, 0xC8, 0xEF, 0x03, 0x20, 0x00, 0x00, 0x2E,
  0xE2, 0xFE, 0x52, 0x25, 0x00, 0x00, 0x84, 0xD0, 0xF7, 0x0B, 0x30, 0x00, 0x00, 0x14, 0xC4, 0x7F,
  0xA3, 0x22, 0x00, 0x00, 0x4C, 0xC9, 0xFF, 0x03, 0x28, 0x00, 0x00, 0x04, 0xC0, 0xDD, 0x4B, 0x21,
  0x00, 0x00, 0x54, 0xD2, 0xFF, 0x13, 0x24, 0x00, 0x00, 0x04, 0xC1, 0xF7, 0x42, 0x70, 0x00, 0x00,
  0x2C, 0xD4, 0xFF, 0x17, 0x45, 0x00, 0x00, 0x84, 0xC0, 0xBD, 0x43, 0x40, 0x00, 0x00, 0x14, 0xC4,
  0xFF, 0x13, 0x71, 0x00, 0x00, 0x44, 0xD1, 0xEF, 0x25, 0x24, 0x00, 0x00, 0x0C, 0xC4, 0xFF, 0x03,
  0x21, 0x00, 0x00, 0x44, 0xC0, 0xBD, 0x4B, 0x28, 0x00, 0x00, 0x14, 0xD1, 0xFF, 0x11, 0x22, 0x00,
  0x00, 0x46, 0xE4, 0xF7, 0x83, 0x20, 0x00, 0x00, 0x0A, 0xC0, 0xBF, 0x25, 0x34, 0x00, 0x00, 0x22,
  0xF5, 0xFE, 0x09, 0x11, 0x00, 0x00, 0x0A, 0xE0, 0xEF, 0x41, 0x14, 0x00, 0x00, 0x42, 0x71, 0xFF,
  0x04, 0x10, 0x00, 0x00, 0x07, 0xF4, 0xFF, 0x52, 0x19, 0x00, 0x00, 0x91, 0xD0, 0x55, 0x00, 0x08,
  0x00, 0x80, 0xFF, 0xFF, 0xFF, 0xFF, 0x0F, 0x00, 0x00, 0x00, 0x00, 0x00, 0x00, 0x00, 0x00, 0x00,
  0x00, 0x00, 0x00, 0x00, 0x00, 0x00, 0x00, 0x00, 0x00, 0x00, 0x00, 0x00, 0x00, 0x00, 0x00, 0x00,
  0x00, 0x00, 0x00, 0x00, 0x00, 0xFC, 0xFF, 0xFF, 0xFF, 0x7F, 0x00, 0x00, 0x44, 0x44, 0x00, 0x00,
  0x20, 0x00, 0x00, 0x16, 0x11, 0x55, 0x95, 0x38, 0x00, 0x00, 0x86, 0x04, 0x00, 0x00, 0x12, 0x00,
  0x00, 0x2E, 0x50, 0x24, 0x20, 0x10, 0x00, 0x00, 0x0A, 0x01, 0x81, 0x82, 0x10, 0x00, 0x00, 0x5F,
  0x14, 0x08, 0x08, 0x10, 0x00, 0x00, 0x1D, 0x41, 0x22, 0x21, 0x1A, 0x00, 0x00, 0x3F, 0x10, 0x00,
  0x00, 0x08, 0x00, 0x00, 0x3D, 0x85, 0x48, 0x88, 0x08, 0x00, 0x00, 0x5F, 0x10, 0x02, 0x02, 0x0A,
  0x00, 0x00, 0xFD, 0x40, 0x88, 0x20, 0x08, 0x00, 0x80, 0xFF, 0x04, 0x20, 0x08, 0x09, 0x00, 0x80,
  0xDD, 0x91, 0x02, 0x00, 0x08, 0x00, 0x80, 0xFF, 0x02, 0x88, 0x22, 0x08, 0x00, 0x80, 0xFD, 0x23,
  0x01, 0x80, 0x0C, 0x00, 0x00, 0xDF, 0x07, 0x24, 0x08, 0x08, 0x00, 0x00, 0xFD, 0x4D, 0x80, 0x20,
  0x08, 0x00, 0x00, 0xFF, 0x0F, 0x01, 0x02, 0x09, 0x00, 0x00, 0x7D, 0x1F, 0x28, 0x00, 0x08, 0x00,
  0x00, 0xEF, 0x3F, 0x02, 0x24, 0x0A, 0x00, 0x00, 0xFF, 0x7B, 0x80, 0x00, 0x18, 0x00, 0x00, 0xF7,
  0xFF, 0x08, 0x92, 0x10, 0x00, 0x00, 0x7F, 0x6F, 0x21, 0x00, 0x14, 0x00, 0x00, 0xFA, 0xFF, 0x01,
  0x00, 0x10, 0x00, 0x00, 0xBE, 0xFB, 0x93, 0x24, 0x11, 0x00, 0x00, 0xFE, 0xFF, 0x06, 0x00, 0x10,
  0x00, 0x00, 0xEE, 0xDF, 0x47, 0x12, 0x18, 0x00, 0x00, 0xFA, 0xFE, 0x07, 0x00, 0x11, 0x00, 0x00,
  0xFE, 0xF7, 0x0B, 0x40, 0x30, 0x00, 0x00, 0xBE, 0x7F, 0x87, 0x04, 0x24, 0x00, 0x00, 0xF6, 0xFB,
  0x2F, 0x10, 0x20, 0x00, 0x00, 0xFC, 0xBF, 0x07, 0x00, 0x21, 0x00, 0x00, 0x7C, 0xFF, 0x8F, 0x44,
  0x30, 0x00, 0x00, 0xEC, 0xFB, 0x0D, 0x00, 0x20, 0x00, 0x00, 0xFC, 0xDF, 0x0F, 0x11, 0x22, 0x00,
  0x00, 0xF4, 0xFE, 0x0F, 0x00, 0x28, 0x00, 0x00, 0xFC, 0xEF, 0x4E, 0x44, 0x60, 0x00, 0x00, 0xBC,
  0xFF, 0x0F, 0x00, 0x44, 0x00, 0x00, 0xFC, 0x7B, 0x07, 0x11, 0x41, 0x00, 0x00, 0xF4, 0xFF, 0x2F,
  0x00, 0x60, 0x00, 0x00, 0xBC, 0xFD, 0x0B, 0x04, 0x20, 0x00, 0x00, 0xFC, 0xDF, 0x8F, 0x20, 0x29,
  0x00, 0x00, 0xFC, 0xFF, 0x0E, 0x00, 0x20, 0x00, 0x00, 0xB4, 0xFB, 0x0F, 0x12, 0x20, 0x00, 0x00,
  0xFE, 0xBF, 0x47, 0x00, 0x29, 0x00, 0x00, 0xFE, 0xFE, 0x07, 0x00, 0x30, 0x00, 0x00, 0xF6, 0xEF,
  0x15, 0x24, 0x14, 0x00, 0x00, 0xBE, 0xFF, 0x87, 0x00, 0x10, 0x00, 0x00, 0xFA, 0x7B, 0x03, 0x10,
  0x11, 0x00, 0x00, 0xFF, 0xFF, 0x13, 0x02, 0x18, 0x00, 0x00, 0xAD, 0xD6, 0x02, 0x00, 0x08, 0x00,
  0x80, 0xFF, 0xFF, 0xFF, 0xFF, 0x0F, 0x00, 0x00, 0x00, 0x00, 0x00, 0x00, 0x00, 0x00, 0x00, 0x00,
  0x00, 0x00, 0x00, 0x00, 0x00, 0x00, 0x00, 0x00, 0x00, 0x00, 0x00, 0x00, 0x00, 0x00, 0x00, 0x00,
  0x00, 0x00, 0x00, 0x00, 0xFC, 0xFF, 0xFF, 0xFF, 0x7F, 0x00, 0x00, 0x04, 0xC0, 0x6D, 0x03, 0x20,
  0x00, 0x00, 0x86, 0xE0, 0xFF, 0x03, 0x30, 0x00, 0x00, 0x02, 0xE8, 0xBE, 0x01, 0x10, 0x00, 0x00,
  0x12, 0xE2, 0xFF, 0x01, 0x10, 0x00, 0x00, 0x02, 0xE0, 0xF7, 0x00, 0x10, 0x00, 0x00, 0x43, 0xF0,
  0xFE, 0x00, 0x10, 0x00, 0x00, 0x09, 0xF2, 0xBF, 0x00, 0x18, 0x00, 0x00, 0x01, 0xF0, 0xF7, 0x00,
  0x08, 0x00, 0x00, 0x41, 0x70, 0xFF, 0x00, 0x09, 0x00, 0x00, 0x09, 0xF2, 0x7B, 0x00, 0x08, 0x00,
  0x00, 0x01, 0xF8, 0xFF, 0x00, 0x08, 0x00, 0x80, 0x21, 0x71, 0xDF, 0x00, 0x08, 0x00, 0x80, 0x04,
  0xF8, 0x7F, 0x00, 0x08, 0x00, 0x80, 0x00, 0xB0, 0xF7, 0x00, 0x08, 0x00, 0x80, 0x41, 0xFA, 0x7F,
  0x00, 0x08, 0x00, 0x00, 0x09, 0xF0, 0xFD, 0x00, 0x08, 0x00, 0x00, 0x01, 0xF0, 0xDF, 0x00, 0x08,
  0x00, 0x00, 0x41, 0x72, 0xFF, 0x00, 0x08, 0x00, 0x00, 0x09, 0xF0, 0xF7, 0x00, 0x08, 0x00, 0x00,
  0x01, 0xF1, 0x7F, 0x00, 0x08, 0x00, 0x00, 0xC1, 0x5C, 0xEB, 0x00, 0x18, 0x00, 0x00, 0x09, 0x03,
  0xC7, 0x01, 0x10, 0x00, 0x00, 0x43, 0xA8, 0x55, 0x05, 0x10, 0x00, 0x00, 0x02, 0xE0, 0x38, 0x06,
  0x10, 0x00, 0x00, 0x92, 0x62, 0x55, 0x0D, 0x10, 0x00, 0x00, 0x42, 0x05, 0xC7, 0x01, 0x10, 0x00,
  0x00, 0x82, 0x6A, 0x59, 0x06, 0x10, 0x00, 0x00, 0x12, 0xE0, 0x38, 0x0E, 0x10, 0x00, 0x00, 0x82,
  0x10, 0xC7, 0x01, 0x30, 0x00, 0x00, 0x02, 0x06, 0x8E, 0x03, 0x20, 0x00, 0x00, 0x26, 0xD9, 0x6F,
  0x03, 0x20, 0x00, 0x00, 0x04, 0xC2, 0xFD, 0x03, 0x20, 0x00, 0x00, 0x04, 0xC0, 0xFF, 0x01, 0x20,
  0x00, 0x00, 0x24, 0xC1, 0xDF, 0x03, 0x20, 0x00, 0x00, 0x04, 0xC8, 0xFB, 0x02, 0x20, 0x00, 0x00,
  0x04, 0xC0, 0xFF, 0x03, 0x20, 0x00, 0x00, 0x24, 0xC1, 0xBD, 0x03, 0x60, 0x00, 0x00, 0x04, 0xC8,
  0xFF, 0x03, 0x40, 0x00, 0x00, 0x04, 0xC0, 0xEF, 0x05, 0x40, 0x00, 0x00, 0x24, 0xC1, 0xFF, 0x03,
  0x60, 0x00, 0x00, 0x04, 0xC8, 0x7D, 0x03, 0x20, 0x00, 0x00, 0x04, 0xC0, 0xEF, 0x03, 0x20, 0x00,
  0x00, 0x24, 0xC1, 0xFF, 0x03, 0x20, 0x00, 0x00, 0x04, 0xC8, 0xFF, 0x02, 0x20, 0x00, 0x00, 0x06,
  0xE0, 0xED, 0x03, 0x20, 0x00, 0x00, 0x42, 0xC2, 0x7F, 0x03, 0x30, 0x00, 0x00, 0x12, 0xE0, 0xF7,
  0x01, 0x10, 0x00, 0x00, 0x02, 0xF1, 0xFF, 0x01, 0x10, 0x00, 0x00, 0x02, 0xE0, 0xBE, 0x01, 0x10,
  0x00, 0x00, 0x93, 0xF0, 0xFF, 0x00, 0x18, 0x00, 0x00, 0x01, 0xB8, 0xAA, 0x00, 0x08, 0x00, 0x80,
  0xFF, 0xFF, 0xFF, 0xFF, 0x0F, 0x00, 0x00, 0x00, 0x00, 0x00, 0x00, 0x00, 0x00, 0x00, 0x00, 0x00,
  0x00, 0x00, 0x00, 0x00, 0x00, 0x00, 0x00, 0x00, 0x00, 0x00, 0x00, 0x00, 0x00, 0x00, 0x00, 0x00,
  0x00, 0x00, 0x00, 0xFC, 0xFF, 0xFF, 0xFF, 0x7F, 0x00, 0x00, 0xB4, 0x1F, 0x91, 0x00, 0x20, 0x00,
  0x00, 0xFE, 0x7D, 0x04, 0x54, 0x35, 0x00, 0x00, 0xDE, 0x0F, 0xA1, 0x02, 0x10, 0x00, 0x00, 0xFE,
  0x5F, 0x08, 0x10, 0x11, 0x00, 0x00, 0xFA, 0x1E, 0x42, 0x42, 0x18, 0x00, 0x00, 0xFF, 0xA7, 0x10,
  0x08, 0x12, 0x00, 0x00, 0xDD, 0x0F, 0x84, 0x22, 0x18, 0x00, 0x00, 0xFF, 0x4E, 0x21, 0x80, 0x08,
  0x00, 0x00, 0xFD, 0x17, 0x08, 0x09, 0x0A, 0x00, 0x00, 0xDF, 0x8F, 0x40, 0x20, 0x08, 0x00, 0x00,
  0xFD, 0xFB, 0x0F, 0x85, 0x08, 0x00, 0x80, 0xFF, 0x00, 0x30, 0x10, 0x0A, 0x00, 0x80, 0xDD, 0x15,
  0xC4, 0x80, 0x08, 0x00, 0x80, 0xFF, 0xC0, 0x21, 0x25, 0x08, 0x00, 0x80, 0xFD, 0xB5, 0x04, 0x02,
  0x09, 0x00, 0x00, 0xDF, 0xB0, 0x11, 0x25, 0x08, 0x00, 0x00, 0xFD, 0x95, 0x41, 0x04, 0x09, 0x00,
  0x00, 0xFF, 0xFD, 0x0F, 0x4A, 0x08, 0x00, 0x00, 0x7D, 0x35, 0x49, 0x00, 0x0C, 0x00, 0x00, 0xEF,
  0xB1, 0x01, 0x14, 0x09, 0x00, 0x00, 0xFF, 0x35, 0x29, 0x45, 0x18, 0x00, 0x00, 0xF7, 0x81, 0x03,
  0x02, 0x11, 0x00, 0x00, 0x7F, 0x13, 0x10, 0x11, 0x14, 0x00, 0x00, 0xFA, 0x83, 0xC4, 0x44, 0x10,
  0x00, 0x00, 0xBE, 0x2B, 0x38, 0x00, 0x11, 0x00, 0x00, 0xFE, 0x9F, 0x05, 0x11, 0x14, 0x00, 0x00,
  0xDA, 0x1F, 0x00, 0x44, 0x10, 0x00, 0x00, 0xFE, 0x9D, 0xA0, 0x00, 0x11, 0x00, 0x00, 0xFE, 0x2F,
  0x0A, 0x28, 0x30, 0x00, 0x00, 0x76, 0x1F, 0x00, 0x82, 0x24, 0x00, 0x00, 0xFE, 0xBF, 0x20, 0x00,
  0x20, 0x00, 0x00, 0xF4, 0x3B, 0x8A, 0x28, 0x32, 0x00, 0x00, 0xBC, 0x1F, 0x00, 0x82, 0x20, 0x00,
  0x00, 0xFC, 0xBD, 0x04, 0x00, 0x28, 0x00, 0x00, 0xFC, 0x3F, 0xA0, 0x54, 0x22, 0x00, 0x00, 0x6C,
  0x5F, 0x02, 0x00, 0x20, 0x00, 0x00, 0xFC, 0x3F, 0x10, 0x00, 0x69, 0x00, 0x00, 0xFC, 0x3B, 0x02,
  0x55, 0x40, 0x00, 0x00, 0xDC, 0x5F, 0x40, 0x00, 0x40, 0x00, 0x00, 0xF4, 0x3E, 0x09, 0x20, 0x6A,
  0x00, 0x00, 0xFC, 0x2F, 0x80, 0x04, 0x20, 0x00, 0x00, 0xBC, 0x3F, 0x11, 0x90, 0x24, 0x00, 0x00,
  0xFC, 0x3B, 0x00, 0x02, 0x20, 0x00, 0x00, 0xF4, 0x3F, 0x84, 0x40, 0x22, 0x00, 0x00, 0xBE, 0x1D,
  0x11, 0x08, 0x20, 0x00, 0x00, 0xFE, 0x3F, 0x00, 0x41, 0x34, 0x00, 0x00, 0xF6, 0x1F, 0x08, 0x08,
  0x10, 0x00, 0x00, 0x7E, 0x17, 0x41, 0x20, 0x11, 0x00, 0x00, 0xFA, 0x1F, 0x08, 0x02, 0x18, 0x00,
  0x00, 0xBF, 0x8F, 0x00, 0x88, 0x18, 0x00, 0x00, 0xED, 0x0A, 0x40, 0x00, 0x08, 0x00, 0x80, 0xFF,
  0xFF, 0xFF, 0xFF, 0x0F, 0x00, 0x00, 0x00, 0x00, 0x00, 0x00, 0x00, 0x00, 0x00, 0x00, 0x00, 0x00,
  0x00, 0x00, 0x00, 0x00, 0x00, 0x00, 0x00, 0x00, 0x00, 0x00, 0x00, 0x00, 0x00, 0x00, 0x00, 0x00,
  0x00, 0x00, 0xFC, 0xFF, 0xFF, 0xFF, 0x7F, 0x00, 0x00, 0xAC, 0xAA, 0x44, 0x02, 0x20, 0x00, 0x00,
  0x6E, 0x37, 0x91, 0xA8, 0x3A, 0x00, 0x00, 0xBE, 0x0D, 0x0A, 0x00, 0x10, 0x00, 0x00, 0x6A, 0x5B,
  0xA0, 0x8A, 0x14, 0x00, 0x00, 0xD6, 0x96, 0x0A, 0x20, 0x10, 0x00, 0x00, 0xBF, 0x0D, 0xA0, 0x08,
  0x11, 0x00, 0x00, 0x6B, 0xAB, 0x0A, 0x02, 0x1C, 0x00, 0x00, 0xD5, 0x06, 0xA0, 0x50, 0x08, 0x00,
  0x00, 0xBF, 0xAD, 0x0A, 0x00, 0x09, 0x00, 0x00, 0x6B, 0x0B, 0x40, 0x45, 0x08, 0x00, 0x00, 0xB7,
  0x55, 0x15, 0x10, 0x0C, 0x00, 0x80, 0x6D, 0x0B, 0x80, 0x04, 0x09, 0x00, 0x80, 0xDA, 0xA6, 0x2A,
  0x40, 0x08, 0x00, 0x80, 0xB7, 0x0D, 0x00, 0x11, 0x08, 0x00, 0x80, 0x6B, 0xA3, 0x52, 0x04, 0x09,
  0x00, 0x00, 0xDD, 0x0E, 0x00, 0x40, 0x0C, 0x00, 0x00, 0xB7, 0x25, 0x55, 0x11, 0x08, 0x00, 0x00,
  0x6B, 0x4B, 0x00, 0x04, 0x09, 0x00, 0x00, 0xBD, 0x0D, 0x52, 0x40, 0x08, 0x00, 0x00, 0x6B, 0xAB,
  0x04, 0x11, 0x0A, 0x00, 0x00, 0xD7, 0x06, 0x20, 0x04, 0x18, 0x00, 0x00, 0xBD, 0x4D, 0x95, 0xA0,
  0x10, 0x00, 0x00, 0x57, 0x13, 0x00, 0x00, 0x12, 0x00, 0x00, 0xEA, 0x9E, 0x8A, 0x0A, 0x10, 0x00,
  0x00, 0xBE, 0x55, 0x20, 0xA0, 0x10, 0x00, 0x00, 0x6A, 0x0A, 0x08, 0x01, 0x12, 0x00, 0x00, 0xD6,
  0x9F, 0x42, 0x04, 0x10, 0x00, 0x00, 0xBA, 0x2A, 0x10, 0x50, 0x14, 0x00, 0x00, 0x6E, 0x95, 0x84,
  0x02, 0x30, 0x00, 0x00, 0x9A, 0x2F, 0x22, 0x20, 0x31, 0x00, 0x00, 0x76, 0x55, 0x00, 0x02, 0x20,
  0x00, 0x00, 0xDC, 0x2E, 0xAA, 0x88, 0x24, 0x00, 0x00, 0xB4, 0x99, 0x00, 0x00, 0x20, 0x00, 0x00,
  0x6C, 0x37, 0x22, 0x25, 0x21, 0x00, 0x00, 0xD4, 0x2C, 0x08, 0x00, 0x28, 0x00, 0x00, 0xBC, 0x9B,
  0x42, 0x90, 0x20, 0x00, 0x00, 0x64, 0x35, 0x10, 0x05, 0x60, 0x00, 0x00, 0xDC, 0xAE, 0x04, 0x00,
  0x52, 0x00, 0x00, 0xB4, 0x15, 0xA0, 0x50, 0x40, 0x00, 0x00, 0x6C, 0x3B, 0x05, 0x02, 0x69, 0x00,
  0x00, 0xD4, 0x54, 0x10, 0x00, 0x20, 0x00, 0x00, 0xBC, 0x2F, 0x42, 0x49, 0x24, 0x00, 0x00, 0x64,
  0x9A, 0x08, 0x00, 0x20, 0x00, 0x00, 0xDC, 0x2D, 0x80, 0x04, 0x21, 0x00, 0x00, 0xB6, 0x32, 0x25,
  0x20, 0x20, 0x00, 0x00, 0x6E, 0x0F, 0x00, 0x02, 0x32, 0x00, 0x00, 0xDA, 0x5A, 0x44, 0x10, 0x10,
  0x00, 0x00, 0x36, 0x0B, 0x11, 0x81, 0x10, 0x00, 0x00, 0xEA, 0x16, 0x00, 0x08, 0x14, 0x00, 0x00,
  0x9F, 0x4D, 0x24, 0x01, 0x18, 0x00, 0x00, 0x69, 0x02, 0x01, 0x40, 0x08, 0x00, 0x80, 0xFF, 0xFF,
  0xFF, 0xFF, 0x0F, 0x00, 0x00, 0x00, 0x00, 0x00, 0x00, 0x00, 0x00, 0x00, 0x00, 0x00, 0x00, 0x00,
  0x00, 0x00, 0x00, 0x00, 0x00, 0x00, 0x00, 0x00, 0x00, 0x00, 0x00, 0x00, 0x00, 0x00, 0x00, 0x00,
  0x00, 0xFC, 0xFF, 0xFF, 0xFF, 0x7F, 0x00, 0x00, 0x24, 0x45, 0xB7, 0x00, 0x20, 0x00, 0x00, 0x4E,
  0x10, 0x7F, 0xAA, 0x3A, 0x00, 0x00, 0x12, 0xA5, 0x7B, 0x00, 0x10, 0x00, 0x00, 0x46, 0x80, 0x3F,
  0x91, 0x14, 0x00, 0x00, 0x92, 0xAA, 0x5F, 0x04, 0x10, 0x00, 0x00, 0x07, 0x80, 0x3B, 0x21, 0x11,
  0x00, 0x00, 0xA9, 0xEA, 0x3F, 0x08, 0x1C, 0x00, 0x00, 0x03, 0x80, 0x9F, 0x40, 0x08, 0x00, 0x00,
  0xA9, 0xEA, 0x3D, 0x0A, 0x09, 0x00, 0x00, 0x03, 0xC0, 0x0F, 0x20, 0x08, 0x00, 0x00, 0xA9, 0xCA,
  0xBF, 0x88, 0x08, 0x00, 0x80, 0x03, 0xE0, 0x1D, 0x02, 0x0A, 0x00, 0x80, 0xA8, 0xCA, 0x1F, 0x10,
  0x08, 0x00, 0x80, 0x02, 0xC0, 0xAF, 0x42, 0x08, 0x00, 0x80, 0xA9, 0xD4, 0x1D, 0x08, 0x09, 0x00,
  0x00, 0x03, 0xC0, 0x1F, 0x21, 0x0C, 0x00, 0x00, 0x55, 0xD5, 0x3F, 0x00, 0x08, 0x00, 0x00, 0x01,
  0xC0, 0x2D, 0x8A, 0x0A, 0x00, 0x00, 0x2B, 0xC9, 0x9F, 0x20, 0x08, 0x00, 0x00, 0x01, 0xA4, 0x3F,
  0x00, 0x08, 0x00, 0x00, 0x55, 0xC1, 0x3B, 0x4A, 0x1C, 0x00, 0x00, 0x01, 0x94, 0x9F, 0x00, 0x11,
  0x00, 0x00, 0xA7, 0x80, 0x3F, 0x10, 0x10, 0x00, 0x00, 0x0A, 0xA4, 0x3B, 0x81, 0x18, 0x00, 0x00,
  0x42, 0x81, 0x3F, 0x24, 0x10, 0x00, 0x00, 0x16, 0xA8, 0x7F, 0x00, 0x12, 0x00, 0x00, 0x82, 0x02,
  0x37, 0x49, 0x10, 0x00, 0x00, 0x2A, 0xA0, 0x7F, 0x00, 0x18, 0x00, 0x00, 0x02, 0x0A, 0x7F, 0x22,
  0x31, 0x00, 0x00, 0xA2, 0x40, 0x37, 0x08, 0x20, 0x00, 0x00, 0x0E, 0x04, 0xFF, 0x00, 0x22, 0x00,
  0x00, 0x44, 0x11, 0x5F, 0x22, 0x20, 0x00, 0x00, 0x14, 0x40, 0xFF, 0x80, 0x28, 0x00, 0x00, 0x84,
  0x14, 0xFB, 0x08, 0x20, 0x00, 0x00, 0x2C, 0x00, 0xDF, 0x20, 0x22, 0x00, 0x00, 0x04, 0x45, 0xFE,
  0x00, 0x30, 0x00, 0x00, 0x14, 0x10, 0xEF, 0x84, 0x60, 0x00, 0x00, 0x44, 0x01, 0x7E, 0x20, 0x44,
  0x00, 0x00, 0x14, 0x44, 0xFF, 0x04, 0x40, 0x00, 0x00, 0x04, 0x10, 0xBE, 0x80, 0x60, 0x00, 0x00,
  0x54, 0x41, 0xF7, 0x10, 0x24, 0x00, 0x00, 0x04, 0x04, 0x7F, 0x42, 0x20, 0x00, 0x00, 0x14, 0x10,
  0xFD, 0x00, 0x22, 0x00, 0x00, 0x44, 0x41, 0x5F, 0x08, 0x20, 0x00, 0x00, 0x0E, 0x04, 0x7F, 0x81,
  0x20, 0x00, 0x00, 0x22, 0x90, 0x77, 0x10, 0x30, 0x00, 0x00, 0x02, 0x01, 0x7F, 0x00, 0x12, 0x00,
  0x00, 0x4A, 0xA4, 0x3B, 0x42, 0x10, 0x00, 0x00, 0x02, 0x80, 0x3F, 0x08, 0x10, 0x00, 0x00, 0x2B,
  0xC9, 0x3F, 0x00, 0x19, 0x00, 0x00, 0x01, 0x40, 0x15, 0x02, 0x08, 0x00, 0x80, 0xFF, 0xFF, 0xFF,
  0xFF, 0x0F, 0x00, 0x00, 0x00, 0x00, 0x00, 0x00, 0x00, 0x00, 0x00, 0x00, 0x00, 0x00, 0x00, 0x00,
  0x00, 0x00, 0x00, 0x00, 0x00, 0x00, 0x00, 0x00, 0x00, 0x00, 0x00, 0x00, 0x00, 0x00, 0x00, 0x00,
  0xFC, 0xFF, 0xFF, 0xFF, 0x7F, 0x00, 0x00, 0x4C, 0x15, 0x00, 0xB4, 0x2D, 0x00, 0x00, 0x96, 0x08,
  0x00, 0xFC, 0x3F, 0x00, 0x00, 0x26, 0x05, 0x00, 0xDE, 0x17, 0x00, 0x00, 0x4A, 0x12, 0x00, 0xFE,
  0x1D, 0x00, 0x00, 0x26, 0x09, 0x00, 0xF6, 0x17, 0x00, 0x00, 0x4B, 0x02, 0x00, 0x7F, 0x1F, 0x00,
  0x00, 0x93, 0x04, 0x00, 0xFB, 0x1B, 0x00, 0x00, 0x25, 0x09, 0x00, 0xBF, 0x0F, 0x00, 0x00, 0x4B,
  0x02, 0x00, 0xFF, 0x0B, 0x00, 0x00, 0x91, 0x04, 0x00, 0xF7, 0x0F, 0x00, 0x00, 0x27, 0x01, 0x00,
  0xBF, 0x0B, 0x00, 0x80, 0x49, 0x0A, 0x00, 0xFF, 0x0D, 0x00, 0x80, 0x92, 0x00, 0x00, 0xFF, 0x0F,
  0x00, 0x80, 0x24, 0x06, 0x00, 0xB7, 0x0B, 0x00, 0x80, 0x93, 0x00, 0x00, 0xFF, 0x0F, 0x00, 0x00,
  0x25, 0x09, 0x00, 0xDF, 0x0D, 0x00, 0x00, 0x4B, 0x02, 0x00, 0xFF, 0x0F, 0x00, 0x00, 0x91, 0x04,
  0x00, 0xF7, 0x0B, 0x00, 0x00, 0x27, 0x01, 0x00, 0x7F, 0x0F, 0x00, 0x00, 0x49, 0x04, 0x00, 0xFF,
  0x0B, 0x00, 0x00, 0x13, 0x09, 0x00, 0xB7, 0x1F, 0x00, 0x00, 0x45, 0x02, 0x00, 0xFE, 0x17, 0x00,
  0x00, 0x93, 0x08, 0x00, 0xFF, 0x1D, 0x00, 0x00, 0x2E, 0x02, 0x00, 0xF6, 0x17, 0x00, 0x00, 0x82,
  0x14, 0x00, 0xBE, 0x1F, 0x00, 0x00, 0x56, 0x09, 0x00, 0xFE, 0x15, 0x00, 0x00, 0x0A, 0x02, 0x00,
  0xEE, 0x1F, 0x00, 0x00, 0xA2, 0x14, 0x00, 0xFE, 0x1E, 0x00, 0x00, 0x56, 0x00, 0x00, 0xFC, 0x3F,
  0x00, 0x00, 0x02, 0x15, 0x00, 0xDC, 0x37, 0x00, 0x00, 0xAE, 0x02, 0x00, 0xFC, 0x2F, 0x00, 0x00,
  0x44, 0x28, 0x00, 0xFC, 0x3E, 0x00, 0x00, 0x2C, 0x02, 0x00, 0xDC, 0x2F, 0x00, 0x00, 0x84, 0x28,
  0x00, 0xFC, 0x3B, 0x00, 0x00, 0x6C, 0x12, 0x00, 0xEC, 0x3F, 0x00, 0x00, 0x04, 0x09, 0x00, 0xFC,
  0x2F, 0x00, 0x00, 0xAC, 0x04, 0x00, 0x78, 0x7B, 0x00, 0x00, 0x14, 0x10, 0x00, 0xFC, 0x7F, 0x00,
  0x00, 0x44, 0x25, 0x00, 0xDC, 0x6F, 0x00, 0x00, 0x2C, 0x02, 0x00, 0xF8, 0x7D, 0x00, 0x00, 0x84,
  0x08, 0x00, 0xFC, 0x3F, 0x00, 0x00, 0x2C, 0x12, 0x00, 0xDC, 0x2E, 0x00, 0x00, 0x84, 0x04, 0x00,
  0xFC, 0x3F, 0x00, 0x00, 0x2C, 0x11, 0x00, 0xFC, 0x2F, 0x00, 0x00, 0x46, 0x04, 0x00, 0xDC, 0x3D,
  0x00, 0x00, 0x0A, 0x21, 0x00, 0xFC, 0x3F, 0x00, 0x00, 0x52, 0x0A, 0x00, 0x7E, 0x17, 0x00, 0x00,
  0x86, 0x10, 0x00, 0xFE, 0x1F, 0x00, 0x00, 0x4A, 0x04, 0x00, 0xEE, 0x17, 0x00, 0x00, 0x13, 0x09,
  0x00, 0xFF, 0x1D, 0x00, 0x00, 0x83, 0x00, 0x00, 0x55, 0x0B, 0x00, 0x80, 0xFF, 0xFF, 0xFF, 0xFF,
  0x0F, 0x00, 0x00, 0x00, 0x00, 0x00, 0x00, 0x00, 0x00, 0x00, 0x00, 0x00, 0x00, 0x00, 0x00, 0x00,
  0x00, 0x00, 0x00, 0x00, 0x00, 0x00, 0x00, 0x00, 0x00, 0x00, 0x00, 0x00, 0x00, 0x00, 0x00, 0xFC,
  0xFF, 0xFF, 0xFF, 0x7F, 0x00, 0x00, 0x34, 0x15, 0x55, 0x55, 0x21, 0x00, 0x00, 0x46, 0xAA, 0xAA,
  0xA8, 0x36, 0x00, 0x00, 0xAA, 0x52, 0x04, 0x13, 0x18, 0x00, 0x00, 0x9A, 0x84, 0x72, 0xA4, 0x12,
  0x00, 0x00, 0x22, 0x5B, 0x85, 0x4A, 0x14, 0x00, 0x00, 0x57, 0x20, 0x2E, 0x91, 0x12, 0x00, 0x00,
  0xAB, 0xD6, 0x95, 0x2A, 0x19, 0x00, 0x00, 0x45, 0x09, 0x2F, 0x44, 0x0A, 0x00, 0x00, 0x99, 0xD4,
  0xD5, 0x92, 0x0C, 0x00, 0x00, 0x23, 0x63, 0x1F, 0x25, 0x09, 0x00, 0x00, 0x55, 0xD4, 0xB5, 0x48,
  0x0A, 0x00, 0x80, 0x2B, 0x69, 0x6F, 0x92, 0x0C, 0x00, 0x80, 0xC9, 0xF2, 0x5D, 0x25, 0x09, 0x00,
  0x80, 0x12, 0x59, 0xFB, 0x48, 0x0A, 0x00, 0x80, 0x65, 0xF6, 0x56, 0x25, 0x09, 0x00, 0x00, 0x8B,
  0xAC, 0xFF, 0x49, 0x0A, 0x00, 0x00, 0x35, 0x7D, 0x50, 0x93, 0x08, 0x00, 0x00, 0xC1, 0x5A, 0xC1,
  0x25, 0x0D, 0x00, 0x00, 0x17, 0x47, 0x00, 0x4B, 0x0A, 0x00, 0x00, 0xA9, 0xC6, 0x00, 0xAE, 0x08,
  0x00, 0x00, 0x93, 0x41, 0x20, 0x14, 0x1D, 0x00, 0x00, 0xAD, 0xC3, 0x00, 0x58, 0x10, 0x00, 0x00,
  0x43, 0x83, 0x00, 0x38, 0x15, 0x00, 0x00, 0xDA, 0x82, 0x00, 0x70, 0x12, 0x00, 0x00, 0xE6, 0x83,
  0x01, 0xD0, 0x18, 0x00, 0x00, 0x92, 0x02, 0x11, 0x70, 0x15, 0x00, 0x00, 0xEE, 0x01, 0x01, 0xB0,
  0x12, 0x00, 0x00, 0x82, 0x03, 0x03, 0x71, 0x10, 0x00, 0x00, 0x56, 0x07, 0x02, 0xD0, 0x36, 0x00,
  0x00, 0x2A, 0x06, 0x04, 0x30, 0x28, 0x00, 0x00, 0xC6, 0x0D, 0x0C, 0xB8, 0x22, 0x00, 0x00, 0x1C,
  0x1A, 0x08, 0x29, 0x34, 0x00, 0x00, 0xA4, 0x2C, 0x10, 0x9C, 0x22, 0x00, 0x00, 0x5C, 0x79, 0x20,
  0x57, 0x29, 0x00, 0x00, 0x04, 0xB2, 0xE7, 0x0E, 0x24, 0x00, 0x00, 0xDC, 0xE4, 0xBD, 0xA5, 0x30,
  0x00, 0x00, 0x24, 0x59, 0xDB, 0x4B, 0x65, 0x00, 0x00, 0x4C, 0xC2, 0x76, 0x13, 0x48, 0x00, 0x00,
  0x94, 0xD4, 0xEF, 0x4A, 0x65, 0x00, 0x00, 0x2C, 0x09, 0x5D, 0x25, 0x62, 0x00, 0x00, 0x44, 0x52,
  0xFB, 0x90, 0x28, 0x00, 0x00, 0x9C, 0x25, 0x57, 0x45, 0x32, 0x00, 0x00, 0x24, 0x48, 0xBE, 0x12,
  0x21, 0x00, 0x00, 0xCC, 0x92, 0x34, 0x48, 0x34, 0x00, 0x00, 0x16, 0x24, 0x4D, 0x25, 0x21, 0x00,
  0x00, 0xA6, 0x4A, 0x9A, 0x90, 0x34, 0x00, 0x00, 0x52, 0x91, 0x24, 0x0A, 0x12, 0x00, 0x00, 0x26,
  0x24, 0x89, 0xA4, 0x10, 0x00, 0x00, 0x4A, 0x49, 0x24, 0x01, 0x15, 0x00, 0x00, 0x93, 0x12, 0x53,
  0xAA, 0x18, 0x00, 0x00, 0x25, 0x48, 0x00, 0x10, 0x0A, 0x00, 0x80, 0xFF, 0xFF, 0xFF, 0xFF, 0x0F,
  0x00, 0x00, 0x00, 0x00, 0x00, 0x00, 0x00, 0x00, 0x00, 0x00, 0x00, 0x00, 0x00, 0x00, 0x00, 0x00,
  0x00, 0x00, 0x00, 0x00, 0x00, 0x00, 0x00, 0x00, 0x00, 0x00, 0x00, 0x00, 0x00, 0x00, 0xFC, 0xFF,
  0xFF, 0xFF, 0x7F, 0x00, 0x00, 0x4C, 0x25, 0x40, 0xDC, 0x36, 0x00, 0x00, 0x96, 0x88, 0x0A, 0xFC,
  0x3F, 0x00, 0x00, 0x26, 0x22, 0x20, 0xFF, 0x1F, 0x00, 0x00, 0x52, 0x09, 0x01, 0xBE, 0x15, 0x00,
  0x00, 0x86, 0x14, 0x84, 0xF6, 0x1F, 0x00, 0x00, 0x2B, 0x40, 0x10, 0xFF, 0x17, 0x00, 0x00, 0x53,
  0x05, 0x41, 0x7B, 0x1B, 0x00, 0x00, 0x09, 0x2A, 0x04, 0xFF, 0x0F, 0x00, 0x00, 0xA3, 0x00, 0x20,
  0xDF, 0x0F, 0x00, 0x00, 0x15, 0x89, 0x08, 0xFF, 0x0D, 0x00, 0x00, 0x4B, 0x22, 0x80, 0xF7, 0x0B,
  0x00, 0x80, 0x21, 0x88, 0x12, 0x7F, 0x0F, 0x00, 0x80, 0xCA, 0xF2, 0xFF, 0xFD, 0x0B, 0x00, 0x80,
  0x24, 0xE9, 0xDA, 0xF0, 0x0F, 0x00, 0x80, 0x53, 0x86, 0xBF, 0x76, 0x0B, 0x00, 0x00, 0xA9, 0x59,
  0xD4, 0xE0, 0x0F, 0x00, 0x00, 0x03, 0xB6, 0x2A, 0xDE, 0x0B, 0x00, 0x00, 0xF5, 0xE9, 0xDD, 0xD7,
  0x0F, 0x00, 0x00, 0x0B, 0xE6, 0x3A, 0xDF, 0x0B, 0x00, 0x00, 0x61, 0x29, 0x53, 0xDC, 0x0D, 0x00,
  0x00, 0x8B, 0x56, 0x94, 0xE1, 0x1F, 0x00, 0x00, 0x51, 0x25, 0x7F, 0xEB, 0x16, 0x00, 0x00, 0x47,
  0xE8, 0xFF, 0xF4, 0x1F, 0x00, 0x00, 0x92, 0xD1, 0xD5, 0xDB, 0x17, 0x00, 0x00, 0x26, 0x0A, 0x2A,
  0xFE, 0x1F, 0x00, 0x00, 0x4A, 0x40, 0x00, 0xEE, 0x16, 0x00, 0x00, 0x82, 0x0A, 0x00, 0xFF, 0x1F,
  0x00, 0x00, 0x16, 0x10, 0x04, 0xF6, 0x17, 0x00, 0x00, 0xA2, 0x82, 0x20, 0x7E, 0x3F, 0x00, 0x00,
  0x0A, 0x14, 0x00, 0xFC, 0x3F, 0x00, 0x00, 0xA6, 0x40, 0x88, 0xBC, 0x2F, 0x00, 0x00, 0x0C, 0x15,
  0x02, 0xFC, 0x3B, 0x00, 0x00, 0x54, 0x00, 0x40, 0xDC, 0x2F, 0x00, 0x00, 0x04, 0x95, 0x00, 0xFC,
  0x3F, 0x00, 0x00, 0x4C, 0x00, 0x08, 0xFC, 0x3E, 0x00, 0x00, 0x94, 0x2A, 0x40, 0xFC, 0x37, 0x00,
  0x00, 0x04, 0x00, 0x01, 0xDA, 0x7F, 0x00, 0x00, 0xAC, 0x0A, 0x08, 0xFC, 0x5E, 0x00, 0x00, 0x04,
  0x20, 0x80, 0xFC, 0x77, 0x00, 0x00, 0x54, 0x85, 0x04, 0xF4, 0x7F, 0x00, 0x00, 0x04, 0x10, 0x40,
  0xBC, 0x2F, 0x00, 0x00, 0xAC, 0x02, 0x00, 0xFC, 0x3D, 0x00, 0x00, 0x04, 0x28, 0x01, 0xDC, 0x2F,
  0x00, 0x00, 0x54, 0x01, 0x08, 0xFE, 0x3F, 0x00, 0x00, 0x0E, 0x08, 0x40, 0xFC, 0x2D, 0x00, 0x00,
  0x82, 0x42, 0x00, 0xDC, 0x3F, 0x00, 0x00, 0x2A, 0x10, 0x22, 0xFE, 0x17, 0x00, 0x00, 0x02, 0x05,
  0x00, 0xEE, 0x1E, 0x00, 0x00, 0x56, 0x10, 0x00, 0xFF, 0x17, 0x00, 0x00, 0x03, 0x01, 0x11, 0xF7,
  0x1F, 0x00, 0x00, 0x21, 0x04, 0x00, 0x5D, 0x09, 0x00, 0x80, 0xFF, 0xFF, 0xFF, 0xFF, 0x0F, 0x00,
  0x00, 0x00, 0x00, 0x00, 0x00, 0x00, 0x00, 0x00, 0x00, 0x00, 0x00, 0x00, 0x00, 0x00, 0x00, 0x00,
  0x00, 0x00, 0x00, 0x00, 0x00, 0x00, 0x00, 0x00, 0x00, 0x00, 0x00, 0x00, 0x00, 0xFC, 0xFF, 0xFF,
  0xFF, 0x7F, 0x00, 0x00, 0x04, 0x00, 0x56, 0x00, 0x20, 0x00, 0x00, 0x06, 0x00, 0x7B, 0x00, 0x30,
  0x00, 0x00, 0x0A, 0x10, 0x1F, 0x80, 0x18, 0x00, 0x00, 0x0E, 0x01, 0x37, 0x08, 0x1C, 0x00, 0x00,
  0x0A, 0x08, 0x1D, 0x01, 0x16, 0x00, 0x00, 0x17, 0x80, 0x0B, 0x40, 0x1B, 0x00, 0x00, 0x1F, 0x00,
  0x1F, 0x80, 0x1D, 0x00, 0x00, 0x15, 0x42, 0x15, 0x51, 0x0F, 0x00, 0x00, 0x3F, 0x00, 0x0F, 0xC0,
  0x0A, 0x00, 0x00, 0x75, 0x90, 0x05, 0xE0, 0x09, 0x00, 0x00, 0x59, 0x00, 0x0F, 0xB8, 0x08, 0x00,
  0x80, 0xF1, 0x08, 0x0B, 0x71, 0x08, 0x00, 0x80, 0x60, 0x01, 0x05, 0x2C, 0x0C, 0x00, 0x80, 0xC0,
  0x81, 0x87, 0x1C, 0x08, 0x00, 0x80, 0x91, 0x03, 0x05, 0x8A, 0x08, 0x00, 0x00, 0x01, 0x07, 0x07,
  0x0E, 0x08, 0x00, 0x00, 0x01, 0x0A, 0x42, 0x03, 0x08, 0x00, 0x00, 0x11, 0x0D, 0x87, 0x02, 0x08,
  0x00, 0x00, 0x01, 0x18, 0x82, 0x81, 0x08, 0x00, 0x00, 0x01, 0x30, 0xC6, 0x10, 0x08, 0x00, 0x00,
  0x11, 0x60, 0x64, 0x00, 0x18, 0x00, 0x00, 0x01, 0x41, 0x40, 0x00, 0x14, 0x00, 0x00, 0x03, 0x10,
  0x1F, 0x08, 0x10, 0x00, 0x00, 0x2E, 0xC0, 0x75, 0x00, 0x17, 0x00, 0x00, 0xF6, 0xCB, 0xBF, 0xE8,
  0x1D, 0x00, 0x00, 0x5E, 0x4D, 0xD5, 0xFE, 0x16, 0x00, 0x00, 0xF6, 0xC3, 0xFF, 0x50, 0x1F, 0x00,
  0x00, 0x0E, 0x90, 0x2D, 0x00, 0x18, 0x00, 0x00, 0x02, 0x00, 0x76, 0x00, 0x31, 0x00, 0x00, 0x02,
  0x80, 0x80, 0x00, 0x20, 0x00, 0x00, 0x46, 0xC4, 0x88, 0x41, 0x20, 0x00, 0x00, 0x04, 0x60, 0x18,
  0x03, 0x20, 0x00, 0x00, 0x04, 0x22, 0x19, 0x06, 0x28, 0x00, 0x00, 0x04, 0x30, 0x18, 0x0C, 0x20,
  0x00, 0x00, 0x44, 0x38, 0x08, 0x94, 0x20, 0x00, 0x00, 0x04, 0x0C, 0x3C, 0x38, 0x20, 0x00, 0x00,
  0x04, 0x1E, 0x28, 0x70, 0x60, 0x00, 0x00, 0x04, 0x0B, 0x39, 0xE0, 0x50, 0x00, 0x00, 0xC4, 0x07,
  0x14, 0xA0, 0x41, 0x00, 0x00, 0x84, 0x02, 0x3C, 0xC2, 0x62, 0x00, 0x00, 0xE4, 0x81, 0x14, 0x80,
  0x27, 0x00, 0x00, 0x74, 0x09, 0x3C, 0x90, 0x2D, 0x00, 0x00, 0xD4, 0x00, 0x54, 0x00, 0x2B, 0x00,
  0x00, 0x7C, 0x40, 0x3E, 0x00, 0x2F, 0x00, 0x00, 0x1E, 0x00, 0x2A, 0x04, 0x3A, 0x00, 0x00, 0x36,
  0x22, 0x3E, 0x00, 0x36, 0x00, 0x00, 0x0E, 0x00, 0x17, 0x40, 0x1C, 0x00, 0x00, 0x0A, 0x01, 0x3D,
  0x00, 0x14, 0x00, 0x00, 0x06, 0x80, 0x2B, 0x04, 0x18, 0x00, 0x00, 0x03, 0x90, 0x1E, 0x00, 0x1A,
  0x00, 0x00, 0x01, 0x40, 0x05, 0x00, 0x08, 0x00, 0x80, 0xFF, 0xFF, 0xFF, 0xFF, 0x0F, 0x00, 0x00,
  0x00, 0x00, 0x00, 0x00, 0x00, 0x00, 0x00, 0x00, 0x00, 0x00, 0x00, 0x00, 0x00, 0x00, 0x00, 0x00,
  0x00, 0x00, 0x00, 0x00, 0x00, 0x00, 0x00, 0x00, 0x00, 0x00, 0x00, 0x00, 0xFC, 0xFF, 0xFF, 0xFF,
  0x7F, 0x00, 0x00, 0x8C, 0xB1, 0x6D, 0x07, 0x20, 0x00, 0x00, 0x76, 0xEE, 0xFF, 0x0B, 0x30, 0x00,
  0x00, 0x8A, 0xF9, 0xFE, 0x05, 0x11, 0x00, 0x00, 0x56, 0xEA, 0xDF, 0x01, 0x10, 0x00, 0x00, 0xAA,
  0x75, 0xFF, 0x46, 0x10, 0x00, 0x00, 0x47, 0xFA, 0xF7, 0x01, 0x10, 0x00, 0x00, 0xBB, 0xBC, 0xFF,
  0x02, 0x1C, 0x00, 0x00, 0x45, 0xF7, 0xBF, 0x21, 0x08, 0x00, 0x00, 0x99, 0xFC, 0xFD, 0x02, 0x08,
  0x00, 0x00, 0x67, 0xF5, 0xEF, 0x00, 0x09, 0x00, 0x00, 0x89, 0xBE, 0xFF, 0x03, 0x08, 0x00, 0x80,
  0x77, 0xF4, 0x7D, 0x20, 0x08, 0x00, 0x80, 0x80, 0xFF, 0xFF, 0x02, 0x08, 0x00, 0x80, 0x7E, 0xB4,
  0xEF, 0x11, 0x0A, 0x00, 0x80, 0x81, 0xFE, 0x7D, 0x00, 0x08, 0x00, 0x00, 0x3B, 0xF9, 0xFF, 0x03,
  0x09, 0x00, 0x00, 0xC5, 0xF6, 0xDF, 0x00, 0x08, 0x00, 0x00, 0x19, 0xBD, 0xFD, 0x22, 0x08, 0x00,
  0x00, 0xE7, 0xF8, 0xEF, 0x02, 0x08, 0x00, 0x00, 0x09, 0xF7, 0xFE, 0x02, 0x09, 0x00, 0x00, 0x77,
  0xFC, 0xFF, 0x01, 0x18, 0x00, 0x00, 0x89, 0xB5, 0xBF, 0x22, 0x10, 0x00, 0x00, 0x53, 0xFA, 0xE8,
  0x05, 0x10, 0x00, 0x00, 0x2E, 0xDD, 0xD2, 0x01, 0x12, 0x00, 0x00, 0xD2, 0xF0, 0xDF, 0x07, 0x10,
  0x00, 0x00, 0x0A, 0x6F, 0x80, 0x40, 0x10, 0x00, 0x00, 0x76, 0xF8, 0xFF, 0x07, 0x10, 0x00, 0x00,
  0x82, 0x75, 0xC1, 0x01, 0x12, 0x00, 0x00, 0x5E, 0xEA, 0xDD, 0x07, 0x30, 0x00, 0x00, 0x22, 0xF5,
  0xF6, 0x8B, 0x20, 0x00, 0x00, 0xCE, 0xD8, 0xFF, 0x05, 0x20, 0x00, 0x00, 0x34, 0xF3, 0x7F, 0x0B,
  0x28, 0x00, 0x00, 0x44, 0xCC, 0xF7, 0x03, 0x20, 0x00, 0x00, 0x9C, 0xF2, 0xFE, 0x8F, 0x20, 0x00,
  0x00, 0x64, 0xE9, 0xDF, 0x03, 0x24, 0x00, 0x00, 0x94, 0xD6, 0xFF, 0x0E, 0x20, 0x00, 0x00, 0x24,
  0xF0, 0xF6, 0x03, 0x62, 0x00, 0x00, 0xDC, 0xED, 0x7F, 0x2F, 0x40, 0x00, 0x00, 0x04, 0xD2, 0xFF,
  0x03, 0x40, 0x00, 0x00, 0xBC, 0x74, 0xDF, 0x0B, 0x61, 0x00, 0x00, 0x44, 0xEB, 0xFB, 0x07, 0x20,
  0x00, 0x00, 0x2C, 0xD0, 0xFF, 0x8A, 0x20, 0x00, 0x00, 0xD4, 0xF6, 0xEF, 0x07, 0x20, 0x00, 0x00,
  0x04, 0xE9, 0xFE, 0x0B, 0x20, 0x00, 0x00, 0xBE, 0xD4, 0x77, 0x0B, 0x24, 0x00, 0x00, 0x42, 0xF9,
  0xFF, 0x03, 0x30, 0x00, 0x00, 0x2E, 0xE6, 0xFD, 0x85, 0x10, 0x00, 0x00, 0xD2, 0xF8, 0xBF, 0x01,
  0x10, 0x00, 0x00, 0x06, 0xB6, 0xF7, 0x07, 0x10, 0x00, 0x00, 0xDB, 0xFC, 0xFF, 0x80, 0x18, 0x00,
  0x00, 0x01, 0xD1, 0x5A, 0x01, 0x08, 0x00, 0x80, 0xFF, 0xFF, 0xFF, 0xFF, 0x0F, 0x00, 0x00, 0x00,
  0x00, 0x00, 0x00, 0x00, 0x00, 0x00, 0x00, 0x00, 0x00, 0x00, 0x00, 0x00, 0x00, 0x00, 0x00, 0x00,
  0x00, 0x00, 0x00, 0x00, 0x00, 0x00, 0x00, 0x00, 0x00, 0x00, 0x00, 0xFC, 0xFF, 0xFF, 0xFF, 0x7F,
  0x00, 0x00, 0xB4, 0xDD, 0x6D, 0x23, 0x29, 0x00, 0x00, 0x6E, 0xE3, 0xFF, 0x4B, 0x32, 0x00, 0x00,
  0x9A, 0xFE, 0xF7, 0x91, 0x18, 0x00, 0x00, 0x76, 0x69, 0x7F, 0x25, 0x12, 0x00, 0x00, 0xAA, 0xF7,
  0xFB, 0x89, 0x14, 0x00, 0x00, 0x77, 0xBD, 0xFF, 0x22, 0x11, 0x00, 0x00, 0x8D, 0xF2, 0xDF, 0x58,
  0x1C, 0x00, 0x00, 0x7B, 0xFF, 0xFF, 0x02, 0x09, 0x00, 0x00, 0xD5, 0x74, 0xFB, 0xA8, 0x08, 0x00,
  0x00, 0xAF, 0xFB, 0xDF, 0x12, 0x0A, 0x00, 0x00, 0x59, 0xB5, 0xFF, 0x44, 0x09, 0x00, 0x80, 0xA7,
  0xFE, 0x6F, 0x11, 0x0C, 0x00, 0x80, 0x7C, 0xF9, 0xFD, 0x4A, 0x09, 0x00, 0x80, 0xCB, 0xF7, 0x7F,
  0x20, 0x0A, 0x00, 0x80, 0x35, 0xBC, 0xFF, 0x95, 0x08, 0x00, 0x00, 0xEF, 0xFB, 0x6D, 0x08, 0x0D,
  0x00, 0x00, 0x99, 0xF6, 0xFF, 0x22, 0x08, 0x00, 0x00, 0x67, 0xB9, 0xFF, 0x48, 0x09, 0x00, 0x00,
  0xDD, 0xFE, 0xF7, 0x12, 0x0A, 0x00, 0x00, 0x33, 0xF3, 0xBE, 0x44, 0x08, 0x00, 0x00, 0xCD, 0xFC,
  0xFF, 0x90, 0x1A, 0x00, 0x00, 0xBB, 0x5B, 0xE0, 0x25, 0x10, 0x00, 0x00, 0x57, 0x76, 0xDF, 0x48,
  0x1A, 0x00, 0x00, 0xEA, 0xA9, 0xB5, 0x85, 0x10, 0x00, 0x00, 0x1E, 0xB7, 0x62, 0x11, 0x1A, 0x00,
  0x00, 0xE2, 0xB8, 0x51, 0xA5, 0x10, 0x00, 0x00, 0xBE, 0xA7, 0x69, 0x09, 0x1A, 0x00, 0x00, 0x4A,
  0x7A, 0x57, 0xA1, 0x10, 0x00, 0x00, 0xB6, 0xED, 0xBA, 0x0B, 0x35, 0x00, 0x00, 0xDA, 0xB2, 0xC9,
  0x53, 0x20, 0x00, 0x00, 0x26, 0xED, 0xFF, 0x02, 0x2A, 0x00, 0x00, 0xFC, 0xD6, 0xF7, 0xAB, 0x20,
  0x00, 0x00, 0x84, 0xF9, 0xBF, 0x03, 0x2A, 0x00, 0x00, 0x7C, 0xC6, 0xFE, 0x93, 0x60, 0x00, 0x00,
  0xA4, 0xFD, 0xFF, 0x25, 0x35, 0x00, 0x00, 0x5C, 0x63, 0xF7, 0x43, 0x20, 0x00, 0x00, 0xA4, 0xDE,
  0xBF, 0x0B, 0x69, 0x00, 0x00, 0x7C, 0xE1, 0xFB, 0x55, 0x44, 0x00, 0x00, 0x84, 0xDF, 0xFF, 0x03,
  0x41, 0x00, 0x00, 0x7C, 0xF0, 0x7E, 0x2B, 0x74, 0x00, 0x00, 0xC4, 0xCF, 0xEF, 0x43, 0x21, 0x00,
  0x00, 0x3C, 0xF2, 0xFF, 0x0B, 0x28, 0x00, 0x00, 0xD4, 0xCD, 0xBD, 0x53, 0x25, 0x00, 0x00, 0xA4,
  0xFA, 0xFF, 0x01, 0x20, 0x00, 0x00, 0x5E, 0xC5, 0xEE, 0x57, 0x32, 0x00, 0x00, 0xA2, 0xFE, 0xFF,
  0x01, 0x31, 0x00, 0x00, 0x7E, 0xE1, 0x7F, 0x95, 0x14, 0x00, 0x00, 0x82, 0xFF, 0xFD, 0x01, 0x10,
  0x00, 0x00, 0x7E, 0xB0, 0xEF, 0xAA, 0x12, 0x00, 0x00, 0x83, 0xFF, 0xFF, 0x00, 0x18, 0x00, 0x00,
  0x7D, 0xD0, 0xBA, 0x44, 0x0C, 0x00, 0x80, 0xFF, 0xFF, 0xFF, 0xFF, 0x0F, 0x00, 0x00, 0x00, 0x00,
  0x00, 0x00, 0x00, 0x00, 0x00, 0x00, 0x00, 0x00, 0x00, 0x00, 0x00, 0x00, 0x00, 0x00, 0x00, 0x00,
  0x00, 0x00, 0x00, 0x00, 0x00, 0x00, 0x00, 0x00, 0x00, 0x00, 0xFC, 0xFF, 0xFF, 0xFF, 0x7F, 0x00,
  0x00, 0xB4, 0xDD, 0x6D, 0x23, 0x29, 0x00, 0x00, 0x6E, 0xE3, 0xFF, 0x4B, 0x32, 0x00, 0x00, 0x9A,
  0xFE, 0xF7, 0x91, 0x18, 0x00, 0x00, 0x76, 0x69, 0x7F, 0x25, 0x12, 0x00, 0x00, 0xAA, 0xF7, 0xFB,
  0x89, 0x14, 0x00, 0x00, 0x77, 0xBD, 0xFF, 0x22, 0x11, 0x00, 0x00, 0x8D, 0xF2, 0xDF, 0x58, 0x1C,
  0x00, 0x00, 0x7B, 0xFF, 0xFF, 0x02, 0x09, 0x00, 0x00, 0xD5, 0x74, 0xFB, 0xA8, 0x08, 0x00, 0x00,
  0xAF, 0xFB, 0xDF, 0x12, 0x0A, 0x00, 0x00, 0x59, 0xB5, 0xFF, 0x44, 0x09, 0x00, 0x80, 0xA7, 0xFE,
  0x6F, 0x11, 0x0C, 0x00, 0x80, 0x7C, 0xF9, 0xFD, 0x4A, 0x09, 0x00, 0x80, 0xCB, 0xF7, 0x7F, 0x20,
  0x0A, 0x00, 0x80, 0x35, 0xBC, 0xFF, 0x95, 0x08, 0x00, 0x00, 0xEF, 0xFB, 0x6D, 0x08, 0x0D, 0x00,
  0x00, 0x99, 0xF6, 0xFF, 0x22, 0x08, 0x00, 0x00, 0x67, 0xB9, 0xFF, 0x48, 0x09, 0x00, 0x00, 0xDD,
  0xFE, 0xF7, 0x12, 0x0A, 0x00, 0x00, 0x33, 0xF3, 0xBE, 0x44, 0x08, 0x00, 0x00, 0xCD, 0xFC, 0xFF,
  0x90, 0x1A, 0x00, 0x00, 0xBB, 0x5B, 0xE0, 0x25, 0x10, 0x00, 0x00, 0x57, 0x76, 0xDF, 0x48, 0x1A,
  0x00, 0x00, 0xEA, 0xA9, 0xB5, 0x85, 0x10, 0x00, 0x00, 0x1E, 0xB7, 0x62, 0x11, 0x1A, 0x00, 0x00,
  0xE2, 0xB8, 0x51, 0xA5, 0x10, 0x00, 0x00, 0xBE, 0xA7, 0x69, 0x09, 0x1A, 0x00, 0x00, 0x4A, 0x7A,
  0x57, 0xA1, 0x10, 0x00, 0x00, 0xB6, 0xED, 0xBA, 0x0B, 0x35, 0x00, 0x00, 0xDA, 0xB2, 0xC9, 0x53,
  0x20, 0x00, 0x00, 0x26, 0xED, 0xFF, 0x02, 0x2A, 0x00, 0x00, 0xFC, 0xD6, 0xF7, 0xAB, 0x20, 0x00,
  0x00, 0x84, 0xF9, 0xBF, 0x03, 0x2A, 0x00, 0x00, 0x7C, 0xC6, 0xFE, 0x93, 0x60, 0x00, 0x00, 0xA4,
  0xFD, 0xFF, 0x25, 0x35, 0x00, 0x00, 0x5C, 0x63, 0xF7, 0x43, 0x20, 0x00, 0x00, 0xA4, 0xDE, 0xBF,
  0x0B, 0x69, 0x00, 0x00, 0x7C, 0xE1, 0xFB, 0x55, 0x44, 0x00, 0x00, 0x84, 0xDF, 0xFF, 0x03, 0x41,
  0x00, 0x00, 0x7C, 0xF0, 0x7E, 0x2B, 0x74, 0x00, 0x00, 0xC4, 0xCF, 0xEF, 0x43, 0x21, 0x00, 0x00,
  0x3C, 0xF2, 0xFF, 0x0B, 0x28, 0x00, 0x00, 0xD4, 0xCD, 0xBD, 0x53, 0x25, 0x00, 0x00, 0xA4, 0xFA,
  0xFF, 0x01, 0x20, 0x00, 0x00, 0x5E, 0xC5, 0xEE, 0x57, 0x32, 0x00, 0x00, 0xA2, 0xFE, 0xFF, 0x01,
  0x31, 0x00, 0x00, 0x7E, 0xE1, 0x7F, 0x95, 0x14, 0x00, 0x00, 0x82, 0xFF, 0xFD, 0x01, 0x10, 0x00,
  0x00, 0x7E, 0xB0, 0xEF, 0xAA, 0x12, 0x00, 0x00, 0x83, 0xFF, 0xFF, 0x00, 0x18, 0x00, 0x00, 0x7D,
  0xD0, 0xBA, 0x44, 0x0C, 0x00, 0x80, 0xFF, 0xFF, 0xFF, 0xFF, 0x0F, 0x00, 0x00, 0x00, 0x00, 0x00,
  0x00, 0x00, 0x00, 0x00, 0x00, 0x00, 0x00, 0x00, 0x00, 0x00, 0x00, 0x00, 0x00, 0x00, 0x00, 0x00,
  0x00, 0x00, 0x00, 0x00, 0x00, 0x00, 0x00, 0x00, 0x00, 0x00, 0x00, 0x00, 0x00, 0x00, 0x00, 0x00,
  0x00, 0x00, 0x00, 0x00, 0x00, 0x00, 0x00, 0x00, 0x00, 0x00, 0x00, 0x00, 0x00, 0x00, 0x00, 0x00,
  0x00, 0x00, 0x00, 0x00, 0x00, 0x00, 0x00, 0x00, 0x00, 0x00, 0x00, 0x00, 0x00, 0x00, 0x00, 0x00,
  0x00, 0x00, 0x00, 0x00, 0x00, 0x00, 0x00, 0x00, 0x00, 0x00, 0x00, 0x00, 0x00, 0x00, 0x00, 0x00,
  0x00, 0xFC, 0xFF, 0xFF, 0xFF, 0x7F, 0x00, 0x00, 0x44, 0x45, 0x24, 0x12, 0x31, 0x00, 0x00, 0x14,
  0x10, 0x81, 0x00, 0x10, 0x00, 0x00, 0x24, 0x62, 0x08, 0x49, 0x14, 0x00, 0x00, 0x8C, 0x48, 0x20,
  0x15, 0x19, 0x00, 0x00, 0x18, 0xE0, 0x82, 0x1F, 0x08, 0x00, 0x00, 0x88, 0x72, 0xC8, 0x3E, 0x0C,
  0x00, 0x00, 0x38, 0xF8, 0xE2, 0x2F, 0x09, 0x00, 0x00, 0x10, 0xBD, 0x40, 0x3F, 0x08, 0x00, 0x00,
  0x50, 0xF8, 0xF4, 0xB7, 0x08, 0x00, 0x00, 0x30, 0xF8, 0x80, 0x1F, 0x08, 0x00, 0x00, 0xE0, 0xF2,
  0xC8, 0x3B, 0x0A, 0x00, 0x00, 0x40, 0x48, 0x80, 0x4F, 0x08, 0x00, 0x00, 0xC0, 0x60, 0x11, 0x1D,
  0x08, 0x00, 0x00, 0x80, 0x23, 0x5C, 0x04, 0x0A, 0x00, 0x00, 0x00, 0x89, 0x34, 0x44, 0x18, 0x00,
  0x00, 0x00, 0x03, 0x66, 0x01, 0x11, 0x00, 0x00, 0x00, 0x2E, 0xC4, 0x10, 0x10, 0x00, 0x00, 0x00,
  0x8C, 0x8C, 0x03, 0x12, 0x00, 0x00, 0x00, 0x08, 0x08, 0x43, 0x10, 0x00, 0x00, 0x00, 0x38, 0x09,
  0x16, 0x31, 0x00, 0x00, 0x00, 0x30, 0x08, 0x0C, 0x20, 0x00, 0x00, 0x00, 0xA0, 0x1C, 0x58, 0x24,
  0x00, 0x00, 0x00, 0x60, 0x10, 0x30, 0x20, 0x00, 0x00, 0x00, 0xC0, 0x12, 0x60, 0x31, 0x00, 0x00,
  0x00, 0x80, 0x10, 0xC0, 0x20, 0x00, 0x00, 0x00, 0x80, 0x11, 0x80, 0x65, 0x00, 0x00, 0x00, 0x00,
  0x15, 0x00, 0x41, 0x00, 0x00, 0x00, 0x00, 0x11, 0x00, 0x6B, 0x00, 0x00, 0x00, 0x00, 0x13, 0x00,
  0x26, 0x00, 0x00, 0x00, 0x00, 0x12, 0x00, 0x24, 0x00, 0x00, 0x00, 0x00, 0x1A, 0x00, 0x3C, 0x00,
  0x00, 0x00, 0x00, 0x0E, 0x00, 0x38, 0x00, 0x00, 0x00, 0x00, 0x0C, 0x00, 0x18, 0x00, 0x00, 0x00,
  0x00, 0x04, 0x00, 0x10, 0x00, 0x00, 0x00, 0x00, 0x04, 0x00, 0x00, 0x00, 0x00, 0x00, 0x00, 0x06,
  0x00, 0x00, 0x00, 0x00, 0x00, 0x00, 0x00, 0x00, 0x00, 0x00, 0x00, 0x00, 0x00, 0x00, 0x00, 0x00,
  0x00, 0x00, 0x00, 0x00, 0x00, 0x00, 0x00, 0x00, 0x00, 0x00, 0x00, 0x00, 0x00, 0x00, 0x00, 0x00,
  0x00, 0x00, 0x00, 0x00, 0x00, 0x00, 0x00, 0x00, 0x00, 0x00, 0x00, 0x00, 0x00, 0x00, 0x00, 0x00,
  0x00, 0x00, 0x00, 0x00, 0x00, 0x00, 0x00, 0x00, 0x00, 0x00, 0x00, 0x00, 0x00, 0x00, 0x00, 0x00,
  0x00, 0x00, 0x00, 0x00, 0x00, 0x00, 0x00, 0x00, 0x00, 0x00, 0x00, 0x00, 0x00, 0x00, 0x00, 0x00,
  0x00, 0x00, 0x00, 0x00, 0x00, 0x00, 0x00, 0x00, 0xFC, 0xFF, 0xFF, 0xFF, 0x7F, 0x00, 0x00, 0xA4,
  0x22, 0x91, 0x04, 0x20, 0x00, 0x00, 0x0E, 0x48, 0x04, 0x50, 0x35, 0x00, 0x00, 0x52, 0x05, 0x22,
  0x01, 0x10, 0x00, 0x00, 0x06, 0x90, 0xDA, 0xBE, 0x14, 0x00, 0x00, 0x52, 0x25, 0xEE, 0x6B, 0x10,
  0x00, 0x00, 0x07, 0x80, 0x14, 0x14, 0x11, 0x00, 0x00, 0xA9, 0x5A, 0xE9, 0x2B, 0x1C, 0x00, 0x00,
  0xC3, 0xEE, 0x4A, 0xA9, 0x08, 0x00, 0x00, 0xA9, 0x1A, 0xB5, 0x16, 0x0A, 0x00, 0x00, 0x43, 0x6C,
  0xED, 0x29, 0x08, 0x00, 0x00, 0x29, 0x01, 0x00, 0x84, 0x08, 0x00, 0x80, 0x03, 0xA8, 0xFF, 0x37,
  0x0A, 0x00, 0x80, 0xA8, 0x02, 0x55, 0x5D, 0x08, 0x00, 0x80, 0x02, 0x50, 0x02, 0x00, 0x09, 0x00,
  0x80, 0x49, 0x05, 0x28, 0x01, 0x08, 0x00, 0x00, 0x13, 0x10, 0x01, 0x54, 0x0A, 0x00, 0x00, 0x41,
  0x41, 0xA4, 0x00, 0x08, 0x00, 0x00, 0x15, 0x24, 0x00, 0x40, 0x08, 0x00, 0x00, 0x03, 0x11, 0x15,
  0x0A, 0x09, 0x00, 0x00, 0x51, 0x04, 0x80, 0x00, 0x08, 0x00, 0x00, 0x05, 0x40, 0x21, 0x24, 0x18,
  0x00, 0x00, 0x41, 0x11, 0x04, 0x00, 0x11, 0x00, 0x00, 0x17, 0x84, 0x10, 0x41, 0x14, 0x00, 0x00,
  0x02, 0x21, 0x42, 0x08, 0x10, 0x00, 0x00, 0x52, 0x08, 0x00, 0x22, 0x10, 0x00, 0x00, 0x06, 0x41,
  0x11, 0x00, 0x11, 0x00, 0x00, 0x22, 0x04, 0x44, 0x11, 0x10, 0x00, 0x00, 0x8A, 0x10, 0x00, 0x80,
  0x14, 0x00, 0x00, 0x22, 0x42, 0x11, 0x04, 0x30, 0x00, 0x00, 0x02, 0x08, 0x44, 0x20, 0x22, 0x00,
  0x00, 0x4E, 0x21, 0x00, 0x09, 0x20, 0x00, 0x00, 0x04, 0x00, 0x11, 0x80, 0x30, 0x00, 0x00, 0x54,
  0x4A, 0x84, 0x04, 0x20, 0x00, 0x00, 0x04, 0x00, 0x00, 0x20, 0x22, 0x00, 0x00, 0x4C, 0x89, 0x52,
  0x02, 0x20, 0x00, 0x00, 0x04, 0x20, 0x00, 0x40, 0x24, 0x00, 0x00, 0x14, 0x05, 0x01, 0x09, 0x70,
  0x00, 0x00, 0x44, 0x10, 0x54, 0x20, 0x41, 0x00, 0x00, 0x14, 0x41, 0x00, 0x04, 0x48, 0x00, 0x00,
  0x04, 0x04, 0x81, 0x00, 0x62, 0x00, 0x00, 0x54, 0x10, 0x14, 0x20, 0x20, 0x00, 0x00, 0x04, 0x41,
  0x40, 0x8A, 0x20, 0x00, 0x00, 0x24, 0x04, 0x09, 0x00, 0x24, 0x00, 0x00, 0x8C, 0x10, 0x00, 0x20,
  0x20, 0x00, 0x00, 0x06, 0x42, 0x92, 0x02, 0x31, 0x00, 0x00, 0x22, 0x08, 0x00, 0x08, 0x30, 0x00,
  0x00, 0x8A, 0x20, 0x49, 0x40, 0x14, 0x00, 0x00, 0x02, 0x02, 0x00, 0x02, 0x10, 0x00, 0x00, 0x52,
  0x88, 0x24, 0x10, 0x11, 0x00, 0x00, 0x07, 0x21, 0x00, 0x01, 0x18, 0x00, 0x00, 0x01, 0x00, 0x00,
  0x40, 0x08, 0x00, 0x80, 0xFF, 0xFF, 0xFF, 0xFF, 0x0F, 0x00, 0x00, 0x00, 0x00, 0x00, 0x00, 0x00,
  0x00, 0x00, 0x00, 0x00, 0x00, 0x00, 0x00, 0x00, 0x00, 0x00, 0x00, 0x00, 0x00, 0x00, 0x00, 0x00,
  0x00, 0x00, 0x00, 0x00, 0x00, 0x00, 0x00, 0xFC, 0xFF, 0xFF, 0xFF, 0x7F, 0x00, 0x00, 0xB4, 0xDF,
  0xB6, 0x6D, 0x3B, 0x00, 0x00, 0xFE, 0xFD, 0xFF, 0xFF, 0x3F, 0x00, 0x00, 0xDE, 0xEF, 0xFB, 0xF7,
  0x17, 0x00, 0x00, 0xFE, 0xFF, 0xBF, 0x7F, 0x1F, 0x00, 0x00, 0xFA, 0x7E, 0xFF, 0xFD, 0x1B, 0x00,
  0x00, 0xFF, 0xF7, 0xFB, 0xDF, 0x1F, 0x00, 0x00, 0xDD, 0xFF, 0xDF, 0xFE, 0x1D, 0x00, 0x00, 0xFF,
  0x7E, 0xFF, 0xEF, 0x0F, 0x00, 0x00, 0xFD, 0xEF, 0xFF, 0xFF, 0x0E, 0x00, 0x00, 0xDF, 0xFF, 0xDB,
  0xFD, 0x0B, 0x00, 0x00, 0xFD, 0xBD, 0xFF, 0xDF, 0x0F, 0x00, 0x80, 0xFF, 0xFF, 0xFF, 0xFF, 0x0B,
  0x00, 0x80, 0x24, 0x92, 0x04, 0x48, 0x0C, 0x00, 0x80, 0x00, 0x00, 0x20, 0x01, 0x08, 0x00, 0x80,
  0x85, 0x44, 0x00, 0x00, 0x08, 0x00, 0x00, 0x11, 0x00, 0x02, 0x00, 0x09, 0x00, 0x00, 0x41, 0x02,
  0x10, 0x11, 0x08, 0x00, 0x00, 0x05, 0x90, 0x00, 0x00, 0x08, 0x00, 0x00, 0x01, 0x00, 0x08, 0x00,
  0x08, 0x00, 0x00, 0x91, 0x04, 0x80, 0x88, 0x08, 0x00, 0x00, 0x05, 0x20, 0x02, 0x00, 0x18, 0x00,
  0x00, 0x41, 0x00, 0x04, 0x40, 0x10, 0x00, 0x00, 0x03, 0xD2, 0x7F, 0x00, 0x10, 0x00, 0x00, 0x0A,
  0xF0, 0xFF, 0x21, 0x10, 0x00, 0x00, 0x22, 0xF9, 0xFF, 0x07, 0x10, 0x00, 0x00, 0x02, 0x1C, 0xF0,
  0x06, 0x10, 0x00, 0x00, 0x12, 0x04, 0xC8, 0x0F, 0x14, 0x00, 0x00, 0x82, 0x02, 0x00, 0x1F, 0x10,
  0x00, 0x00, 0x02, 0x90, 0x00, 0x3E, 0x30, 0x00, 0x00, 0x12, 0x00, 0x84, 0x2E, 0x20, 0x00, 0x00,
  0x86, 0x04, 0x00, 0x3C, 0x20, 0x00, 0x00, 0x04, 0x00, 0x41, 0x78, 0x20, 0x00, 0x00, 0x24, 0x20,
  0x00, 0x38, 0x30, 0x00, 0x00, 0x04, 0x01, 0x10, 0x78, 0x20, 0x00, 0x00, 0x04, 0x88, 0x00, 0x30,
  0x28, 0x00, 0x00, 0x24, 0x80, 0x00, 0x30, 0x20, 0x00, 0x00, 0x04, 0xE1, 0x07, 0x39, 0x60, 0x00,
  0x00, 0x04, 0xD0, 0x01, 0x18, 0x40, 0x00, 0x00, 0x24, 0xC0, 0x41, 0x08, 0x44, 0x00, 0x00, 0x04,
  0x24, 0x00, 0x0C, 0x60, 0x00, 0x00, 0x84, 0x00, 0x10, 0x02, 0x22, 0x00, 0x00, 0x04, 0x00, 0x00,
  0x00, 0x20, 0x00, 0x00, 0x24, 0x00, 0x01, 0x00, 0x21, 0x00, 0x00, 0x04, 0x08, 0x00, 0x00, 0x20,
  0x00, 0x00, 0x06, 0x41, 0x10, 0x82, 0x20, 0x00, 0x00, 0x02, 0x00, 0x00, 0x00, 0x30, 0x00, 0x00,
  0x22, 0x00, 0x08, 0x00, 0x10, 0x00, 0x00, 0x02, 0x10, 0x00, 0x00, 0x10, 0x00, 0x00, 0x02, 0x02,
  0x02, 0x00, 0x10, 0x00, 0x00, 0x23, 0x00, 0x00, 0x04, 0x18, 0x00, 0x00, 0x01, 0x00, 0x00, 0x00,
  0x08, 0x00, 0x80, 0xFF, 0xFF, 0xFF, 0xFF, 0x0F, 0x00, 0x00, 0x00, 0x00, 0x00, 0x00, 0x00, 0x00,
  0x00, 0x00, 0x00, 0x00, 0x00, 0x00, 0x00, 0x00, 0x00, 0x00, 0x00, 0x00, 0x00, 0x00, 0x00, 0x00,
  0x00, 0x00, 0x00, 0x00, 0x00, 0x00, 0xFC, 0xFF, 0xFF, 0xFF, 0x7F, 0x00, 0x00, 0x44, 0xC0, 0x80,
  0x02, 0x36, 0x00, 0x00, 0x46, 0xE0, 0xAA, 0x03, 0x3F, 0x00, 0x00, 0xD6, 0x68, 0x80, 0x81, 0x13,
  0x00, 0x00, 0xCE, 0x60, 0xC1, 0xC1, 0x13, 0x00, 0x00, 0x8A, 0x30, 0xE8, 0xE0, 0x11, 0x00, 0x00,
  0x9F, 0x71, 0xC2, 0xF0, 0x18, 0x00, 0x00, 0x1F, 0xB1, 0xC0, 0x78, 0x1C, 0x00, 0x00, 0x3D, 0x33,
  0xE8, 0x3C, 0x0A, 0x00, 0x00, 0x5D, 0x32, 0xE2, 0x1C, 0x0B, 0x00, 0x00, 0x79, 0xB6, 0xA0, 0xCE,
  0x09, 0x00, 0x00, 0x79, 0x3C, 0xE4, 0x8F, 0x08, 0x00, 0x80, 0xF1, 0x38, 0xD0, 0x63, 0x08, 0x00,
  0x80, 0xE0, 0x39, 0xE1, 0x27, 0x08, 0x00, 0x80, 0x68, 0x33, 0xE4, 0x32, 0x08, 0x00, 0x80, 0xC1,
  0x33, 0xD0, 0x11, 0x08, 0x00, 0x00, 0x81, 0x37, 0xE1, 0x0C, 0x08, 0x00, 0x00, 0x01, 0x3F, 0xE8,
  0x08, 0x08, 0x00, 0x00, 0x89, 0x3E, 0xC2, 0x04, 0x08, 0x00, 0x00, 0x01, 0x5E, 0xE0, 0x06, 0x08,
  0x00, 0x00, 0x01, 0x3C, 0xC8, 0x02, 0x08, 0x00, 0x00, 0x01, 0x78, 0xC2, 0x01, 0x18, 0x00, 0x00,
  0xFF, 0x7F, 0xE0, 0xFF, 0x1F, 0x00, 0x00, 0xFF, 0x5F, 0xC0, 0xFF, 0x1B, 0x00, 0x00, 0x02, 0x00,
  0x0A, 0x00, 0x10, 0x00, 0x00, 0x02, 0x40, 0x00, 0x00, 0x10, 0x00, 0x00, 0x8A, 0x08, 0x20, 0x00,
  0x10, 0x00, 0x00, 0x22, 0x22, 0x82, 0x24, 0x19, 0x00, 0x00, 0x02, 0x00, 0x08, 0x00, 0x10, 0x00,
  0x00, 0xFE, 0xFF, 0xC0, 0xFF, 0x3F, 0x00, 0x00, 0xFE, 0xFF, 0x84, 0xFF, 0x3F, 0x00, 0x00, 0x06,
  0xD0, 0xA0, 0x03, 0x20, 0x00, 0x00, 0x04, 0xD0, 0x00, 0x0F, 0x20, 0x00, 0x00, 0x04, 0xE8, 0x84,
  0x1F, 0x20, 0x00, 0x00, 0x04, 0xCC, 0x10, 0x1F, 0x20, 0x00, 0x00, 0x04, 0xC4, 0x81, 0x3B, 0x20,
  0x00, 0x00, 0x04, 0xE6, 0x08, 0x7B, 0x20, 0x00, 0x00, 0x04, 0xF3, 0x41, 0xF3, 0x60, 0x00, 0x00,
  0x04, 0x71, 0x01, 0xE3, 0x40, 0x00, 0x00, 0x84, 0xF9, 0x08, 0xE7, 0x41, 0x00, 0x00, 0xC4, 0xDC,
  0x41, 0xC7, 0x63, 0x00, 0x00, 0x44, 0xFC, 0x00, 0x8B, 0x23, 0x00, 0x00, 0x24, 0xCE, 0x09, 0x9B,
  0x27, 0x00, 0x00, 0x34, 0xCF, 0x40, 0x13, 0x2F, 0x00, 0x00, 0x94, 0xC7, 0x84, 0x23, 0x2F, 0x00,
  0x00, 0x8E, 0xE3, 0x20, 0x23, 0x2E, 0x00, 0x00, 0xE6, 0xC1, 0x80, 0x61, 0x3E, 0x00, 0x00, 0xE2,
  0xE1, 0x80, 0x41, 0x1C, 0x00, 0x00, 0xFA, 0x60, 0xA4, 0x41, 0x14, 0x00, 0x00, 0x3A, 0x60, 0xC0,
  0xC1, 0x1C, 0x00, 0x00, 0x3F, 0x30, 0xC2, 0x80, 0x18, 0x00, 0x00, 0x17, 0x30, 0x60, 0x80, 0x08,
  0x00, 0x80, 0xFF, 0xFF, 0xFF, 0xFF, 0x0F, 0x00, 0x00, 0x00, 0x00, 0x00, 0x00, 0x00, 0x00, 0x00,
  0x00, 0x00, 0x00, 0x00, 0x00, 0x00, 0x00, 0x00, 0x00, 0x00, 0x00, 0x00, 0x00, 0x00, 0x00, 0x00,
  0x00, 0x00, 0x00, 0x00, 0x00, 0xFC, 0xFF, 0xFF, 0xFF, 0x7F, 0x00, 0x00, 0x54, 0x55, 0x94, 0x48,
  0x30, 0x00, 0x00, 0x0E, 0x00, 0x01, 0x02, 0x35, 0x00, 0x00, 0xA2, 0x2A, 0xAA, 0x54, 0x10, 0x00,
  0x00, 0x16, 0x40, 0x01, 0x00, 0x14, 0x00, 0x00, 0x8A, 0x0A, 0x54, 0x45, 0x11, 0x00, 0x00, 0x23,
  0x51, 0x01, 0x10, 0x14, 0x00, 0x00, 0x8B, 0x04, 0x14, 0x49, 0x18, 0x00, 0x00, 0x21, 0x48, 0x41,
  0x02, 0x09, 0x00, 0x00, 0x4B, 0x11, 0x14, 0x50, 0x08, 0x00, 0x00, 0x21, 0x42, 0x81, 0x04, 0x0A,
  0x00, 0x00, 0x8B, 0x14, 0x2A, 0x21, 0x08, 0x00, 0x80, 0x21, 0x40, 0x00, 0x88, 0x0A, 0x00, 0x80,
  0x4A, 0x95, 0xA2, 0x22, 0x08, 0x00, 0x80, 0x20, 0x00, 0x08, 0x00, 0x09, 0x00, 0x80, 0x8B, 0xAA,
  0x42, 0x2A, 0x08, 0x00, 0x00, 0x21, 0x00, 0x28, 0x80, 0x08, 0x00, 0x00, 0x4B, 0x55, 0x81, 0x24,
  0x0A, 0x00, 0x00, 0xFF, 0xFF, 0xFF, 0xFF, 0x0F, 0x00, 0x00, 0xFD, 0xFE, 0xFE, 0xFF, 0x0B, 0x00,
  0x00, 0xFF, 0xEF, 0xFB, 0x7E, 0x0F, 0x00, 0x00, 0x6F, 0x7F, 0xEF, 0xEF, 0x1B, 0x00, 0x00, 0xFF,
  0xF7, 0x33, 0xFF, 0x17, 0x00, 0x00, 0xFF, 0xBF, 0xEE, 0xF7, 0x1F, 0x00, 0x00, 0xDA, 0xDD, 0x99,
  0x7E, 0x1B, 0x00, 0x00, 0xFE, 0x9F, 0x66, 0xFF, 0x17, 0x00, 0x00, 0xEE, 0x2E, 0x98, 0xBA, 0x1F,
  0x00, 0x00, 0xFE, 0x4F, 0xA0, 0xFF, 0x17, 0x00, 0x00, 0xFA, 0x17, 0xA7, 0xDC, 0x1F, 0x00, 0x00,
  0xBE, 0x3F, 0xA8, 0xFF, 0x3D, 0x00, 0x00, 0xFE, 0x7D, 0x74, 0xFF, 0x2F, 0x00, 0x00, 0xF6, 0xFF,
  0xDB, 0xED, 0x37, 0x00, 0x00, 0xDC, 0xEF, 0xF7, 0x7F, 0x3F, 0x00, 0x00, 0xFC, 0x7E, 0x7F, 0xFF,
  0x3B, 0x00, 0x00, 0xFC, 0xFF, 0xFF, 0xFF, 0x3F, 0x00, 0x00, 0x04, 0x00, 0x00, 0x00, 0x20, 0x00,
  0x00, 0x04, 0x00, 0x00, 0x00, 0x20, 0x00, 0x00, 0x44, 0x92, 0x20, 0x08, 0x60, 0x00, 0x00, 0x14,
  0x00, 0x04, 0x81, 0x44, 0x00, 0x00, 0x04, 0x44, 0x10, 0x00, 0x40, 0x00, 0x00, 0x44, 0x00, 0x00,
  0x10, 0x60, 0x00, 0x00, 0x04, 0x11, 0x04, 0x82, 0x20, 0x00, 0x00, 0x14, 0x80, 0x40, 0x00, 0x24,
  0x00, 0x00, 0x04, 0x04, 0x08, 0x10, 0x20, 0x00, 0x00, 0x44, 0x20, 0x00, 0x82, 0x20, 0x00, 0x00,
  0x06, 0x01, 0x41, 0x00, 0x28, 0x00, 0x00, 0x12, 0x08, 0x08, 0x10, 0x30, 0x00, 0x00, 0x02, 0x40,
  0x00, 0x02, 0x11, 0x00, 0x00, 0x22, 0x01, 0x22, 0x00, 0x10, 0x00, 0x00, 0x02, 0x08, 0x00, 0x10,
  0x10, 0x00, 0x00, 0x8B, 0x80, 0x10, 0x81, 0x18, 0x00, 0x00, 0x01, 0x20, 0x00, 0x00, 0x08, 0x00,
  0x80, 0xFF, 0xFF, 0xFF, 0xFF, 0x0F, 0x00, 0x00, 0x00, 0x00, 0x00, 0x00, 0x00, 0x00, 0x00, 0x00,
  0x00, 0x00, 0x00, 0x00, 0x00, 0x00, 0x00, 0x00, 0x00, 0x00, 0x00, 0x00, 0x00, 0x00, 0x00, 0x00,
  0x00, 0x00, 0x00, 0x00, 0x00, 0x00, 0x00, 0x00, 0x00, 0x00, 0x00, 0x00, 0x00, 0x00, 0x00, 0x00,
  0x00, 0x00, 0x00, 0x00, 0x00, 0x00, 0x00, 0x00, 0x00, 0x00, 0x00, 0x00, 0x00, 0x00, 0x00, 0x00,
  0x00, 0x00, 0x00, 0x00, 0x00, 0x00, 0x00, 0x00, 0x00, 0x00, 0x00, 0x00, 0x00, 0x00, 0xFC, 0xFF,
  0xFF, 0xFF, 0x7F, 0x00, 0x00, 0x04, 0x00, 0x00, 0x00, 0x20, 0x00, 0x00, 0x06, 0x10, 0x20, 0x40,
  0x30, 0x00, 0x00, 0x42, 0x82, 0x04, 0x09, 0x12, 0x00, 0x00, 0x12, 0x00, 0x00, 0x00, 0x10, 0x00,
  0x00, 0x03, 0x48, 0x90, 0x20, 0x19, 0x00, 0x00, 0x09, 0x01, 0x02, 0x00, 0x08, 0x00, 0x00, 0x01,
  0x00, 0x00, 0x04, 0x08, 0x00, 0x00, 0x41, 0xC4, 0x9F, 0x20, 0x09, 0x00, 0x80, 0x09, 0xE0, 0x1F,
  0x00, 0x08, 0x00, 0x80, 0x00, 0xC2, 0x1F, 0x04, 0x08, 0x00, 0x80, 0x45, 0xC0, 0x8E, 0x20, 0x09,
  0x00, 0x00, 0x01, 0xD0, 0x1F, 0x00, 0x08, 0x00, 0x00, 0x01, 0x42, 0x57, 0x84, 0x08, 0x00, 0x00,
  0x49, 0xC0, 0x1F, 0x00, 0x08, 0x00, 0x00, 0x01, 0x80, 0x3F, 0x10, 0x08, 0x00, 0x00, 0x01, 0xD5,
  0x97, 0x02, 0x19, 0x00, 0x00, 0xCB, 0xFF, 0xFE, 0x3F, 0x10, 0x00, 0x00, 0x82, 0xFF, 0xFF, 0x3F,
  0x10, 0x00, 0x00, 0x82, 0xDB, 0xF7, 0x3E, 0x12, 0x00, 0x00, 0x12, 0xFF, 0xFE, 0x37, 0x10, 0x00,
  0x00, 0x02, 0xFF, 0xBF, 0x3F, 0x10, 0x00, 0x00, 0x42, 0xEF, 0xFB, 0x7B, 0x18, 0x00, 0x00, 0x02,
  0xFF, 0xDF, 0x7F, 0x32, 0x00, 0x00, 0x16, 0x00, 0x7F, 0x00, 0x20, 0x00, 0x00, 0x04, 0x01, 0x6E,
  0x00, 0x21, 0x00, 0x00, 0x04, 0x40, 0x7F, 0x24, 0x20, 0x00, 0x00, 0x24, 0x08, 0xFE, 0x00, 0x28,
  0x00, 0x00, 0x04, 0x01, 0x6E, 0x00, 0x21, 0x00, 0x00, 0x04, 0x40, 0xFE, 0x24, 0x60, 0x00, 0x00,
  0x24, 0x08, 0x7E, 0x00, 0x44, 0x00, 0x00, 0x04, 0x01, 0xDE, 0x10, 0x60, 0x00, 0x00, 0x04, 0x40,
  0xFF, 0x80, 0x20, 0x00, 0x00, 0x24, 0x08, 0x00, 0x04, 0x24, 0x00, 0x00, 0x04, 0x01, 0x00, 0x00,
  0x20, 0x00, 0x00, 0x06, 0x40, 0x10, 0x91, 0x30, 0x00, 0x00, 0x42, 0x10, 0x02, 0x00, 0x14, 0x00,
  0x00, 0x12, 0x02, 0x88, 0x08, 0x10, 0x00, 0x00, 0x03, 0x00, 0x00, 0x40, 0x18, 0x00, 0x00, 0x01,
  0x41, 0x04, 0x00, 0x08, 0x00, 0x80, 0xFF, 0xFF, 0xFF, 0xFF, 0x0F, 0x00, 0x00, 0x00, 0x00, 0x00,
  0x00, 0x00, 0x00, 0x00, 0x00, 0x00, 0x00, 0x00, 0x00, 0x00, 0x00, 0x00, 0x00, 0x00, 0x00, 0x00,
  0x00, 0x00, 0x00, 0x00, 0x00, 0x00, 0x00, 0x00, 0x00, 0x00, 0x00, 0x00, 0x00, 0x00, 0x00, 0x00,
  0x00, 0x00, 0x00, 0x00, 0x00, 0x00, 0x00, 0x00, 0x00, 0x00, 0x00, 0x00, 0x00, 0x00, 0x00, 0x00,
  0x00, 0x00, 0x00, 0x00, 0x00, 0x00, 0x00, 0x00, 0x00, 0x00, 0x00, 0x00, 0x00, 0x00, 0x00, 0x00,
  0x00, 0x00, 0x00, 0x00, 0x00, 0x00, 0x00, 0x00, 0x00, 0x00, 0x00, 0x00, 0x00, 0x00, 0x00, 0x00,
  0x00, 0x00, 0x00, 0x00, 0x00, 0x00, 0x00, 0x00, 0x00, 0x00, 0x00, 0x00, 0x00, 0x00, 0x00, 0x00,
  0x00, 0x00, 0x00, 0x00, 0x00, 0x00, 0xFC, 0xFF, 0xFF, 0xFF, 0x7F, 0x00, 0x00, 0x06, 0x00, 0x00,
  0x00, 0x30, 0x00, 0x00, 0x02, 0x00, 0x00, 0x00, 0x10, 0x00, 0x00, 0x02, 0x00, 0x00, 0x00, 0x10,
  0x00, 0x00, 0x03, 0x00, 0x00, 0x00, 0x10, 0x00, 0x00, 0x01, 0x00, 0x00, 0x00, 0x18, 0x00, 0x00,
  0x01, 0x00, 0x00, 0x00, 0x08, 0x00, 0x00, 0x01, 0x00, 0x00, 0x00, 0x08, 0x00, 0x00, 0x01, 0x00,
  0x00, 0x00, 0x08, 0x00, 0x80, 0x01, 0x00, 0x00, 0x00, 0x08, 0x00, 0x80, 0x00, 0x00, 0x00, 0x00,
  0x08, 0x00, 0x80, 0x00, 0x00, 0x00, 0x00, 0x08, 0x00, 0x80, 0x01, 0x00, 0x00, 0x00, 0x08, 0x00,
  0x00, 0x01, 0x00, 0x00, 0x00, 0x08, 0x00, 0x00, 0x57, 0x55, 0x55, 0x55, 0x0D, 0x00, 0x00, 0xFD,
  0xFF, 0xFF, 0xFF, 0x0B, 0x00, 0x00, 0xDB, 0xBA, 0xAA, 0xAA, 0x0E, 0x00, 0x00, 0x7F, 0xEF, 0xFF,
  0xFF, 0x1B, 0x00, 0x00, 0xD7, 0x5B, 0x55, 0x55, 0x15, 0x00, 0x00, 0xFE, 0xFE, 0xFF, 0xFF, 0x1F,
  0x00, 0x00, 0xAA, 0xAB, 0x6A, 0x55, 0x13, 0x00, 0x00, 0xFE, 0xFE, 0xFF, 0xFF, 0x1E, 0x00, 0x00,
  0xBA, 0x57, 0x55, 0xD5, 0x1B, 0x00, 0x00, 0xEE, 0xFA, 0xFF, 0xBF, 0x16, 0x00, 0x00, 0xB6, 0xBF,
  0xAA, 0xEA, 0x3D, 0x00, 0x00, 0xFE, 0xEA, 0xFF, 0x5F, 0x2F, 0x00, 0x00, 0xAC, 0xBF, 0xAA, 0xFA,
  0x2A, 0x00, 0x00, 0xFC, 0xED, 0xFF, 0xD7, 0x3F, 0x00, 0x00, 0x4C, 0x5B, 0x55, 0xBD, 0x24, 0x00,
  0x00, 0x94, 0x04, 0x88, 0x00, 0x29, 0x00, 0x00, 0x04, 0x40, 0x01, 0x08, 0x60, 0x00, 0x00, 0xAC,
  0x12, 0xAA, 0xA2, 0x48, 0x00, 0x00, 0x04, 0x48, 0x00, 0x00, 0x42, 0x00, 0x00, 0xA4, 0x02, 0x45,
  0x4A, 0x70, 0x00, 0x00, 0x0C, 0x50, 0x10, 0x00, 0x21, 0x00, 0x00, 0x24, 0x05, 0x82, 0x12, 0x64,
  0x00, 0x00, 0x44, 0x90, 0x28, 0x40, 0x20, 0x00, 0x00, 0x0E, 0x02, 0x00, 0x0A, 0x25, 0x00, 0x00,
  0x52, 0xA9, 0x8A, 0x00, 0x30, 0x00, 0x00, 0x02, 0x00, 0x20, 0x52, 0x10, 0x00, 0x00, 0x16, 0x95,
  0x04, 0x00, 0x15, 0x00, 0x00, 0x43, 0x00, 0x90, 0x24, 0x18, 0x00, 0x80, 0xFF, 0xFF, 0xFF, 0xFF,
  0x0F, 0x00, 0x00, 0x00, 0x00, 0x00, 0x00, 0x00, 0x00, 0x00, 0x00, 0x00, 0x00, 0x00, 0x00, 0x00,
  0x00, 0x00, 0x00, 0x00, 0x00, 0x00, 0x00, 0x00, 0x00, 0x00, 0x00, 0x00, 0x00, 0x00, 0x00, 0x00,
  0x00, 0x00, 0x00, 0x00, 0x00, 0x00, 0x00, 0x00, 0x00, 0x00, 0x00, 0x00, 0x00, 0x00, 0x00, 0x00,
  0x00, 0x00, 0x00, 0x00, 0x00, 0x00, 0x00, 0x00, 0x00, 0x00, 0x00, 0x00, 0x00, 0x00, 0x00, 0x00,
  0x00, 0x00, 0xFC, 0xFF, 0xFF, 0xFF, 0x7F, 0x00, 0x00, 0x04, 0x00, 0x00, 0x00, 0x20, 0x00, 0x00,
  0x86, 0x40, 0x10, 0x20, 0x30, 0x00, 0x00, 0x02, 0x08, 0x82, 0x04, 0x19, 0x00, 0x00, 0x12, 0x02,
  0x00, 0x00, 0x10, 0x00, 0x00, 0x02, 0x80, 0x20, 0x22, 0x14, 0x00, 0x00, 0x43, 0x10, 0x04, 0x00,
  0x10, 0x00, 0x00, 0x09, 0x02, 0x00, 0x11, 0x19, 0x00, 0x00, 0x01, 0x40, 0x22, 0x00, 0x08, 0x00,
  0x00, 0x41, 0x08, 0x00, 0x88, 0x08, 0x00, 0x00, 0x09, 0x00, 0x10, 0x01, 0x08, 0x00, 0x00, 0x01,
  0x21, 0x02, 0x40, 0x08, 0x00, 0x80, 0x01, 0x00, 0x00, 0x00, 0x08, 0x00, 0x80, 0xFD, 0xBE, 0x7D,
  0xBF, 0x0D, 0x00, 0x80, 0xDF, 0xF7, 0xEF, 0xEF, 0x0F, 0x00, 0x80, 0xFD, 0xFF, 0xFF, 0xFB, 0x0B,
  0x00, 0x00, 0xFF, 0xDF, 0x7B, 0xFF, 0x0E, 0x00, 0x00, 0xDD, 0x16, 0xF2, 0xFF, 0x0B, 0x00, 0x00,
  0xFF, 0x1F, 0xE0, 0xBB, 0x0F, 0x00, 0x00, 0xFD, 0x3F, 0xC1, 0xFF, 0x0F, 0x00, 0x00, 0xEF, 0x06,
  0x00, 0xDF, 0x0D, 0x00, 0x00, 0xFF, 0x1F, 0x08, 0xF8, 0x1F, 0x00, 0x00, 0x77, 0x7F, 0x41, 0xFA,
  0x1B, 0x00, 0x00, 0xFF, 0x40, 0x00, 0xB8, 0x1F, 0x00, 0x00, 0xFA, 0x01, 0x10, 0xF9, 0x15, 0x00,
  0x00, 0x3E, 0x00, 0x02, 0xF8, 0x1F, 0x00, 0x00, 0x1E, 0x48, 0x40, 0x08, 0x18, 0x00, 0x00, 0x7A,
  0x00, 0x08, 0xF8, 0x1F, 0x00, 0x00, 0xBE, 0x03, 0x01, 0xF2, 0x1F, 0x00, 0x00, 0xFE, 0x41, 0x20,
  0xF0, 0x3D, 0x00, 0x00, 0xF6, 0xFF, 0x02, 0xF1, 0x3F, 0x00, 0x00, 0x7E, 0x7F, 0x10, 0x64, 0x2F,
  0x00, 0x00, 0xF4, 0x1B, 0x00, 0xFE, 0x3F, 0x00, 0x00, 0xBC, 0xFF, 0x88, 0xFF, 0x2D, 0x00, 0x00,
  0xFC, 0x7F, 0x80, 0xF7, 0x3F, 0x00, 0x00, 0xFC, 0x77, 0xCC, 0xBE, 0x37, 0x00, 0x00, 0xEC, 0xFE,
  0xFF, 0xFF, 0x3F, 0x00, 0x00, 0xFC, 0xDF, 0xF7, 0xFB, 0x6E, 0x00, 0x00, 0xF4, 0xFF, 0xFF, 0xFF,
  0x7F, 0x00, 0x00, 0xAC, 0x52, 0x29, 0x2A, 0x55, 0x00, 0x00, 0x04, 0x00, 0x84, 0x00, 0x60, 0x00,
  0x00, 0x44, 0x08, 0x00, 0x00, 0x22, 0x00, 0x00, 0x04, 0x00, 0x42, 0x48, 0x20, 0x00, 0x00, 0x24,
  0x44, 0x00, 0x00, 0x20, 0x00, 0x00, 0x04, 0x00, 0x10, 0x02, 0x24, 0x00, 0x00, 0x86, 0x20, 0x02,
  0x90, 0x20, 0x00, 0x00, 0x02, 0x04, 0x80, 0x00, 0x30, 0x00, 0x00, 0x12, 0x00, 0x11, 0x44, 0x14,
  0x00, 0x00, 0x82, 0x20, 0x00, 0x00, 0x10, 0x00, 0x00, 0x02, 0x04, 0x80, 0x20, 0x12, 0x00, 0x00,
  0x13, 0x00, 0x12, 0x04, 0x18, 0x00, 0x00, 0x01, 0x41, 0x00, 0x00, 0x08, 0x00, 0x80, 0xFF, 0xFF,
  0xFF, 0xFF, 0x0F, 0x00, 0x00, 0x00, 0x00, 0x00, 0x00, 0x00, 0x00, 0x00, 0x00, 0x00, 0x00, 0x00,
  0x00, 0x00, 0x00, 0x00, 0x00, 0x00, 0x00, 0x00, 0x00, 0x00, 0x00, 0x00, 0x00, 0x00, 0x00, 0x00,
  0x00, 0xFC, 0xFF, 0xFF, 0xFF, 0x7F, 0x00, 0x00, 0x24, 0x1F, 0x00, 0xDC, 0x22, 0x00, 0x00, 0x4E,
  0x3F, 0x00, 0x7C, 0x30, 0x00, 0x00, 0x82, 0x17, 0x08, 0x7E, 0x12, 0x00, 0x00, 0xD6, 0x1F, 0x81,
  0x7E, 0x10, 0x00, 0x00, 0x82, 0x1B, 0x00, 0x6E, 0x14, 0x00, 0x00, 0xD7, 0x0F, 0x00, 0x3F, 0x11,
  0x00, 0x00, 0xC1, 0x0D, 0x10, 0x37, 0x18, 0x00, 0x00, 0xEB, 0x0F, 0x01, 0x3F, 0x0A, 0x00, 0x00,
  0xC1, 0x0F, 0x00, 0x3F, 0x08, 0x00, 0x00, 0xD5, 0x06, 0x00, 0x9F, 0x08, 0x00, 0x00, 0xE3, 0x0F,
  0x90, 0x37, 0x0A, 0x00, 0x80, 0xC1, 0x07, 0x01, 0x1F, 0x08, 0x00, 0x80, 0xEA, 0x0F, 0x00, 0xBF,
  0x0A, 0x00, 0x80, 0xC0, 0x05, 0x80, 0x17, 0x08, 0x00, 0x80, 0xD5, 0x0F, 0x00, 0x3F, 0x09, 0x00,
  0x00, 0xC3, 0x07, 0x21, 0x3F, 0x08, 0x00, 0x00, 0xE9, 0x0D, 0x00, 0x37, 0x08, 0x00, 0x00, 0xC1,
  0x0F, 0x00, 0x3F, 0x0D, 0x00, 0x00, 0xEB, 0x0E, 0x00, 0x3F, 0x08, 0x00, 0x00, 0xC1, 0x0F, 0x00,
  0x3F, 0x08, 0x00, 0x00, 0xD5, 0x0F, 0x04, 0x37, 0x19, 0x00, 0x00, 0x41, 0x07, 0x00, 0x3F, 0x10,
  0x00, 0x00, 0xD7, 0x1F, 0x00, 0x3F, 0x12, 0x00, 0x00, 0x82, 0x1B, 0x00, 0x6E, 0x10, 0x00, 0x00,
  0xD2, 0x1F, 0x00, 0x7E, 0x12, 0x00, 0x00, 0x86, 0x1F, 0x00, 0x7E, 0x10, 0x00, 0x00, 0xA2, 0x1B,
  0x20, 0x6E, 0x18, 0x00, 0x00, 0x8A, 0x1F, 0x00, 0x7E, 0x12, 0x00, 0x00, 0xA2, 0x1F, 0x00, 0x7C,
  0x30, 0x00, 0x00, 0x02, 0x3B, 0x00, 0xDE, 0x28, 0x00, 0x00, 0xAE, 0x1F, 0x00, 0x7C, 0x22, 0x00,
  0x00, 0x04, 0x3F, 0x00, 0xFC, 0x20, 0x00, 0x00, 0x14, 0x3F, 0x00, 0xDC, 0x30, 0x00, 0x00, 0x44,
  0x37, 0x00, 0xFC, 0x24, 0x00, 0x00, 0x0C, 0x3F, 0x00, 0xFC, 0x20, 0x00, 0x00, 0x44, 0x1F, 0x00,
  0xDC, 0x20, 0x00, 0x00, 0x14, 0x3F, 0x00, 0xFC, 0x64, 0x00, 0x00, 0x04, 0x37, 0x00, 0xFC, 0x50,
  0x00, 0x00, 0x54, 0x3F, 0x00, 0xDA, 0x40, 0x00, 0x00, 0x04, 0x1F, 0x00, 0xFC, 0x64, 0x00, 0x00,
  0x94, 0x3D, 0x00, 0xEC, 0x20, 0x00, 0x00, 0x04, 0x2F, 0x00, 0xFC, 0x20, 0x00, 0x00, 0x54, 0x3F,
  0x00, 0xFC, 0x24, 0x00, 0x00, 0x04, 0x37, 0x00, 0x7C, 0x20, 0x00, 0x00, 0x8E, 0x3F, 0x00, 0xDC,
  0x22, 0x00, 0x00, 0x22, 0x1F, 0x00, 0x7E, 0x30, 0x00, 0x00, 0x82, 0x17, 0x00, 0x6E, 0x11, 0x00,
  0x00, 0x8A, 0x1F, 0x00, 0x7E, 0x18, 0x00, 0x00, 0xA2, 0x1B, 0x00, 0x3E, 0x10, 0x00, 0x00, 0xC7,
  0x0F, 0x00, 0x3F, 0x19, 0x00, 0x00, 0xC1, 0x06, 0x00, 0x15, 0x08, 0x00, 0x80, 0xFF, 0xFF, 0xFF,
  0xFF, 0x0F, 0x00, 0x00, 0x00, 0x00, 0x00, 0x00, 0x00, 0x00, 0x00, 0x00, 0x00, 0x00, 0x00, 0x00,
  0x00, 0x00, 0x00, 0x00, 0x00, 0x00, 0x00, 0x00, 0x00, 0x00, 0x00, 0x00, 0x00, 0x00, 0x00, 0x00,
  0xFC, 0xFF, 0xFF, 0xFF, 0x7F, 0x00, 0x00, 0xB4, 0xDD, 0x6D, 0x23, 0x29, 0x00, 0x00, 0x6E, 0xE3,
  0xFF, 0x4B, 0x32, 0x00, 0x00, 0x9A, 0xFE, 0xF7, 0x91, 0x18, 0x00, 0x00, 0x76, 0x69, 0x7F, 0x25,
  0x12, 0x00, 0x00, 0xAA, 0xF7, 0xFB, 0x89, 0x14, 0x00, 0x00, 0x77, 0xBD, 0xFF, 0x22, 0x11, 0x00,
  0x00, 0x8D, 0xF2, 0xDF, 0x58, 0x1C, 0x00, 0x00, 0x7B, 0xFF, 0xFF, 0x02, 0x09, 0x00, 0x00, 0xD5,
  0x74, 0xFB, 0xA8, 0x08, 0x00, 0x00, 0xAF, 0xFB, 0xDF, 0x12, 0x0A, 0x00, 0x00, 0x59, 0xB5, 0xFF,
  0x44, 0x09, 0x00, 0x80, 0xA7, 0xFE, 0x6F, 0x11, 0x0C, 0x00, 0x80, 0x7C, 0xF9, 0xFD, 0x4A, 0x09,
  0x00, 0x80, 0xCB, 0xF7, 0x7F, 0x20, 0x0A, 0x00, 0x80, 0x35, 0xBC, 0xFF, 0x95, 0x08, 0x00, 0x00,
  0xEF, 0xFB, 0x6D, 0x08, 0x0D, 0x00, 0x00, 0x99, 0xF6, 0xFF, 0x22, 0x08, 0x00, 0x00, 0x67, 0xB9,
  0xFF, 0x48, 0x09, 0x00, 0x00, 0xDD, 0xFE, 0xF7, 0x12, 0x0A, 0x00, 0x00, 0x33, 0xF3, 0xBE, 0x44,
  0x08, 0x00, 0x00, 0xCD, 0xFC, 0xFF, 0x90, 0x1A, 0x00, 0x00, 0xBB, 0x5B, 0xE0, 0x25, 0x10, 0x00,
  0x00, 0x57, 0x76, 0xDF, 0x48, 0x1A, 0x00, 0x00, 0xEA, 0xA9, 0xB5, 0x85, 0x10, 0x00, 0x00, 0x1E,
  0xB7, 0x62, 0x11, 0x1A, 0x00, 0x00, 0xE2, 0xB8, 0x51, 0xA5, 0x10, 0x00, 0x00, 0xBE, 0xA7, 0x69,
  0x09, 0x1A, 0x00, 0x00, 0x4A, 0x7A, 0x57, 0xA1, 0x10, 0x00, 0x00, 0xB6, 0xED, 0xBA, 0x0B, 0x35,
  0x00, 0x00, 0xDA, 0xB2, 0xC9, 0x53, 0x20, 0x00, 0x00, 0x26, 0xED, 0xFF, 0x02, 0x2A, 0x00, 0x00,
  0xFC, 0xD6, 0xF7, 0xAB, 0x20, 0x00, 0x00, 0x84, 0xF9, 0xBF, 0x03, 0x2A, 0x00, 0x00, 0x7C, 0xC6,
  0xFE, 0x93, 0x60, 0x00, 0x00, 0xA4, 0xFD, 0xFF, 0x25, 0x35, 0x00, 0x00, 0x5C, 0x63, 0xF7, 0x43,
  0x20, 0x00, 0x00, 0xA4, 0xDE, 0xBF, 0x0B, 0x69, 0x00, 0x00, 0x7C, 0xE1, 0xFB, 0x55, 0x44, 0x00,
  0x00, 0x84, 0xDF, 0xFF, 0x03, 0x41, 0x00, 0x00, 0x7C, 0xF0, 0x7E, 0x2B, 0x74, 0x00, 0x00, 0xC4,
  0xCF, 0xEF, 0x43, 0x21, 0x00, 0x00, 0x3C, 0xF2, 0xFF, 0x0B, 0x28, 0x00, 0x00, 0xD4, 0xCD, 0xBD,
  0x53, 0x25, 0x00, 0x00, 0xA4, 0xFA, 0xFF, 0x01, 0x20, 0x00, 0x00, 0x5E, 0xC5, 0xEE, 0x57, 0x32,
  0x00, 0x00, 0xA2, 0xFE, 0xFF, 0x01, 0x31, 0x00, 0x00, 0x7E, 0xE1, 0x7F, 0x95, 0x14, 0x00, 0x00,
  0x82, 0xFF, 0xFD, 0x01, 0x10, 0x00, 0x00, 0x7E, 0xB0, 0xEF, 0xAA, 0x12, 0x00, 0x00, 0x83, 0xFF,
  0xFF, 0x00, 0x18, 0x00, 0x00, 0x7D, 0xD0, 0xBA, 0x44, 0x0C, 0x00, 0x80, 0xFF, 0xFF, 0xFF, 0xFF,
  0x0F, 0x00, 0x00, 0x00, 0x00, 0x00, 0x00, 0x00, 0x00, 0x00, 0x00, 0x00, 0x00, 0x00, 0x00, 0x00,
  0x00, 0x00, 0x00, 0x00, 0x00, 0x00, 0x00, 0x00, 0x00, 0x00, 0x00, 0x00, 0x00, 0x00, 0x00, 0xFC,
  0xFF, 0xFF, 0xFF, 0x7F, 0x00, 0x00, 0xB4, 0xDD, 0x6D, 0x23, 0x29, 0x00, 0x00, 0x6E, 0xE3, 0xFF,
  0x4B, 0x32, 0x00, 0x00, 0x9A, 0xFE, 0xF7, 0x91, 0x18, 0x00, 0x00, 0x76, 0x69, 0x7F, 0x25, 0x12,
  0x00, 0x00, 0xAA, 0xF7, 0xFB, 0x89, 0x14, 0x00, 0x00, 0x77, 0xBD, 0xFF, 0x22, 0x11, 0x00, 0x00,
  0x8D, 0xF2, 0xDF, 0x58, 0x1C, 0x00, 0x00, 0x7B, 0xFF, 0xFF, 0x02, 0x09, 0x00, 0x00, 0xD5, 0x74,
  0xFB, 0xA8, 0x08, 0x00, 0x00, 0xAF, 0xFB, 0xDF, 0x12, 0x0A, 0x00, 0x00, 0x59, 0xB5, 0xFF, 0x44,
  0x09, 0x00, 0x80, 0xA7, 0xFE, 0x6F, 0x11, 0x0C, 0x00, 0x80, 0x7C, 0xF9, 0xFD, 0x4A, 0x09, 0x00,
  0x80, 0xCB, 0xF7, 0x7F, 0x20, 0x0A, 0x00, 0x80, 0x35, 0xBC, 0xFF, 0x95, 0x08, 0x00, 0x00, 0xEF,
  0xFB, 0x6D, 0x08, 0x0D, 0x00, 0x00, 0x99, 0xF6, 0xFF, 0x22, 0x08, 0x00, 0x00, 0x67, 0xB9, 0xFF,
  0x48, 0x09, 0x00, 0x00, 0xDD, 0xFE, 0xF7, 0x12, 0x0A, 0x00, 0x00, 0x33, 0xF3, 0xBE, 0x44, 0x08,
  0x00, 0x00, 0xCD, 0xFC, 0xFF, 0x90, 0x1A, 0x00, 0x00, 0xBB, 0x5B, 0xE0, 0x25, 0x10, 0x00, 0x00,
  0x57, 0x76, 0xDF, 0x48, 0x1A, 0x00, 0x00, 0xEA, 0xA9, 0xB5, 0x85, 0x10, 0x00, 0x00, 0x1E, 0xB7,
  0x62, 0x11, 0x1A, 0x00, 0x00, 0xE2, 0xB8, 0x51, 0xA5, 0x10, 0x00, 0x00, 0xBE, 0xA7, 0x69, 0x09,
  0x1A, 0x00, 0x00, 0x4A, 0x7A, 0x57, 0xA1, 0x10, 0x00, 0x00, 0xB6, 0xED, 0xBA, 0x0B, 0x35, 0x00,
  0x00, 0xDA, 0xB2, 0xC9, 0x53, 0x20, 0x00, 0x00, 0x26, 0xED, 0xFF, 0x02, 0x2A, 0x00, 0x00, 0xFC,
  0xD6, 0xF7, 0xAB, 0x20, 0x00, 0x00, 0x84, 0xF9, 0xBF, 0x03, 0x2A, 0x00, 0x00, 0x7C, 0xC6, 0xFE,
  0x93, 0x60, 0x00, 0x00, 0xA4, 0xFD, 0xFF, 0x25, 0x35, 0x00, 0x00, 0x5C, 0x63, 0xF7, 0x43, 0x20,
  0x00, 0x00, 0xA4, 0xDE, 0xBF, 0x0B, 0x69, 0x00, 0x00, 0x7C, 0xE1, 0xFB, 0x55, 0x44, 0x00, 0x00,
  0x84, 0xDF, 0xFF, 0x03, 0x41, 0x00, 0x00, 0x7C, 0xF0, 0x7E, 0x2B, 0x74, 0x00, 0x00, 0xC4, 0xCF,
  0xEF, 0x43, 0x21, 0x00, 0x00, 0x3C, 0xF2, 0xFF, 0x0B, 0x28, 0x00, 0x00, 0xD4, 0xCD, 0xBD, 0x53,
  0x25, 0x00, 0x00, 0xA4, 0xFA, 0xFF, 0x01, 0x20, 0x00, 0x00, 0x5E, 0xC5, 0xEE, 0x57, 0x32, 0x00,
  0x00, 0xA2, 0xFE, 0xFF, 0x01, 0x31, 0x00, 0x00, 0x7E, 0xE1, 0x7F, 0x95, 0x14, 0x00, 0x00, 0x82,
  0xFF, 0xFD, 0x01, 0x10, 0x00, 0x00, 0x7E, 0xB0, 0xEF, 0xAA, 0x12, 0x00, 0x00, 0x83, 0xFF, 0xFF,
  0x00, 0x18, 0x00, 0x00, 0x7D, 0xD0, 0xBA, 0x44, 0x0C, 0x00, 0x80, 0xFF, 0xFF, 0xFF, 0xFF, 0x0F,
  0x00, 0x00, 0x00, 0x00, 0x00, 0x00, 0x00, 0x00, 0x00, 0x00, 0x00, 0x00, 0x00, 0x00, 0x00, 0x00,
  0x00, 0x00, 0x00, 0x00, 0x00, 0x00, 0x00, 0x00, 0x00, 0x00, 0x00, 0x00, 0x00, 0x00, 0xFC, 0xFF,
  0xFF, 0xFF, 0x7F, 0x00, 0x00, 0xB4, 0xDD, 0x6D, 0x23, 0x29, 0x00, 0x00, 0x6E, 0xE3, 0xFF, 0x4B,
  0x32, 0x00, 0x00, 0x9A, 0xFE, 0xF7, 0x91, 0x18, 0x00, 0x00, 0x76, 0x69, 0x7F, 0x25, 0x12, 0x00,
  0x00, 0xAA, 0xF7, 0xFB, 0x89, 0x14, 0x00, 0x00, 0x77, 0xBD, 0xFF, 0x22, 0x11, 0x00, 0x00, 0x8D,
  0xF2, 0xDF, 0x58, 0x1C, 0x00, 0x00, 0x7B, 0xFF, 0xFF, 0x02, 0x09, 0x00, 0x00, 0xD5, 0x74, 0xFB,
  0xA8, 0x08, 0x00, 0x00, 0xAF, 0xFB, 0xDF, 0x12, 0x0A, 0x00, 0x00, 0x59, 0xB5, 0xFF, 0x44, 0x09,
  0x00, 0x80, 0xA7, 0xFE, 0x6F, 0x11, 0x0C, 0x00, 0x80, 0x7C, 0xF9, 0xFD, 0x4A, 0x09, 0x00, 0x80,
  0xCB, 0xF7, 0x7F, 0x20, 0x0A, 0x00, 0x80, 0x35, 0xBC, 0xFF, 0x95, 0x08, 0x00, 0x00, 0xEF, 0xFB,
  0x6D, 0x08, 0x0D, 0x00, 0x00, 0x99, 0xF6, 0xFF, 0x22, 0x08, 0x00, 0x00, 0x67, 0xB9, 0xFF, 0x48,
  0x09, 0x00, 0x00, 0xDD, 0xFE, 0xF7, 0x12, 0x0A, 0x00, 0x00, 0x33, 0xF3, 0xBE, 0x44, 0x08, 0x00,
  0x00, 0xCD, 0xFC, 0xFF, 0x90, 0x1A, 0x00, 0x00, 0xBB, 0x5B, 0xE0, 0x25, 0x10, 0x00, 0x00, 0x57,
  0x76, 0xDF, 0x48, 0x1A, 0x00, 0x00, 0xEA, 0xA9, 0xB5, 0x85, 0x10, 0x00, 0x00, 0x1E, 0xB7, 0x62,
  0x11, 0x1A, 0x00, 0x00, 0xE2, 0xB8, 0x51, 0xA5, 0x10, 0x00, 0x00, 0xBE, 0xA7, 0x69, 0x09, 0x1A,
  0x00, 0x00, 0x4A, 0x7A, 0x57, 0xA1, 0x10, 0x00, 0x00, 0xB6, 0xED, 0xBA, 0x0B, 0x35, 0x00, 0x00,
  0xDA, 0xB2, 0xC9, 0x53, 0x20, 0x00, 0x00, 0x26, 0xED, 0xFF, 0x02, 0x2A, 0x00, 0x00, 0xFC, 0xD6,
  0xF7, 0xAB, 0x20, 0x00, 0x00, 0x84, 0xF9, 0xBF, 0x03, 0x2A, 0x00, 0x00, 0x7C, 0xC6, 0xFE, 0x93,
  0x60, 0x00, 0x00, 0xA4, 0xFD, 0xFF, 0x25, 0x35, 0x00, 0x00, 0x5C, 0x63, 0xF7, 0x43, 0x20, 0x00,
  0x00, 0xA4, 0xDE, 0xBF, 0x0B, 0x69, 0x00, 0x00, 0x7C, 0xE1, 0xFB, 0x55, 0x44, 0x00, 0x00, 0x84,
  0xDF, 0xFF, 0x03, 0x41, 0x00, 0x00, 0x7C, 0xF0, 0x7E, 0x2B, 0x74, 0x00, 0x00, 0xC4, 0xCF, 0xEF,
  0x43, 0x21, 0x00, 0x00, 0x3C, 0xF2, 0xFF, 0x0B, 0x28, 0x00, 0x00, 0xD4, 0xCD, 0xBD, 0x53, 0x25,
  0x00, 0x00, 0xA4, 0xFA, 0xFF, 0x01, 0x20, 0x00, 0x00, 0x5E, 0xC5, 0xEE, 0x57, 0x32, 0x00, 0x00,
  0xA2, 0xFE, 0xFF, 0x01, 0x31, 0x00, 0x00, 0x7E, 0xE1, 0x7F, 0x95, 0x14, 0x00, 0x00, 0x82, 0xFF,
  0xFD, 0x01, 0x10, 0x00, 0x00, 0x7E, 0xB0, 0xEF, 0xAA, 0x12, 0x00, 0x00, 0x83, 0xFF, 0xFF, 0x00,
  0x18, 0x00, 0x00, 0x7D, 0xD0, 0xBA, 0x44, 0x0C, 0x00, 0x80, 0xFF, 0xFF, 0xFF, 0xFF, 0x0F, 0x00,
  0x00, 0x00, 0x00, 0x00, 0x00, 0x00, 0x00, 0x00, 0x00, 0x00, 0x00, 0x00, 0x00, 0x00, 0x00, 0x00,
  0x00, 0x00, 0x00, 0x00, 0x00, 0x00, 0x00, 0x00, 0x00, 0x00, 0x00, 0x00, 0x00, 0xFC, 0xFF, 0xFF,
  0xFF, 0x7F, 0x00, 0x00, 0x04, 0x00, 0x00, 0x00, 0x20, 0x00, 0x00, 0x06, 0x00, 0x00, 0x20, 0x30,
  0x00, 0x00, 0x02, 0x00, 0x80, 0x04, 0x19, 0x00, 0x00, 0x02, 0x00, 0x00, 0x00, 0x10, 0x00, 0x00,
  0x02, 0x00, 0x20, 0x40, 0x14, 0x00, 0x00, 0x03, 0x00, 0x00, 0x09, 0x10, 0x00, 0x00, 0x01, 0x00,
  0x00, 0x00, 0x19, 0x00, 0x00, 0x01, 0x02, 0x90, 0x20, 0x08, 0x00, 0x00, 0x41, 0x09, 0x00, 0x00,
  0x08, 0x00, 0x00, 0x91, 0x27, 0x00, 0x04, 0x09, 0x00, 0x00, 0xD1, 0x17, 0x90, 0x20, 0x08, 0x00,
  0x80, 0xE1, 0x0F, 0x00, 0x00, 0x08, 0x00, 0x80, 0xD8, 0x6D, 0x00, 0x04, 0x09, 0x00, 0x80, 0xE0,
  0x0F, 0x90, 0x20, 0x08, 0x00, 0x80, 0xD1, 0x17, 0x00, 0x00, 0x08, 0x00, 0x00, 0x41, 0x21, 0x00,
  0x04, 0x09, 0x00, 0x00, 0x41, 0x0D, 0x90, 0x20, 0x08, 0x00, 0x00, 0x01, 0x00, 0x00, 0x00, 0x08,
  0x00, 0x00, 0x01, 0x00, 0x00, 0x04, 0x09, 0x00, 0x00, 0x01, 0x00, 0x90, 0x20, 0x08, 0x00, 0x00,
  0x01, 0x00, 0x00, 0x00, 0x18, 0x00, 0x00, 0x01, 0x00, 0x00, 0x04, 0x11, 0x00, 0x00, 0x03, 0x00,
  0x90, 0x20, 0x18, 0x00, 0x00, 0x02, 0x00, 0x00, 0x00, 0x10, 0x00, 0x00, 0x02, 0x00, 0x00, 0x12,
  0x11, 0x00, 0x00, 0x02, 0x00, 0x10, 0x00, 0x10, 0x00, 0x00, 0x02, 0x00, 0x80, 0x08, 0x10, 0x00,
  0x00, 0x02, 0x21, 0x09, 0x80, 0x14, 0x00, 0x00, 0x22, 0x08, 0x00, 0x04, 0x30, 0x00, 0x00, 0x02,
  0x00, 0x84, 0x00, 0x20, 0x00, 0x00, 0x06, 0x41, 0x00, 0x20, 0x29, 0x00, 0x00, 0x24, 0x08, 0x22,
  0x02, 0x20, 0x00, 0x00, 0x04, 0x00, 0x00, 0x10, 0x24, 0x00, 0x00, 0x04, 0x41, 0x10, 0x01, 0x20,
  0x00, 0x00, 0x24, 0x08, 0x02, 0x80, 0x20, 0x00, 0x00, 0x04, 0x00, 0x80, 0x08, 0x24, 0x00, 0x00,
  0x04, 0x41, 0x10, 0x40, 0x60, 0x00, 0x00, 0x24, 0x08, 0x02, 0x04, 0x60, 0x00, 0x00, 0x04, 0x00,
  0x80, 0x00, 0x42, 0x00, 0x00, 0x04, 0x41, 0x10, 0x20, 0x70, 0x00, 0x00, 0x24, 0x08, 0x02, 0x04,
  0x21, 0x00, 0x00, 0x04, 0x00, 0x80, 0x00, 0x20, 0x00, 0x00, 0x04, 0x41, 0x10, 0x20, 0x28, 0x00,
  0x00, 0x24, 0x08, 0x02, 0x04, 0x21, 0x00, 0x00, 0x06, 0x00, 0x80, 0x00, 0x20, 0x00, 0x00, 0x82,
  0x44, 0x10, 0x20, 0x38, 0x00, 0x00, 0x12, 0x00, 0x02, 0x04, 0x11, 0x00, 0x00, 0x02, 0x20, 0x80,
  0x10, 0x10, 0x00, 0x00, 0x82, 0x04, 0x10, 0x00, 0x10, 0x00, 0x00, 0x13, 0x00, 0x02, 0x08, 0x19,
  0x00, 0x00, 0x01, 0x40, 0x00, 0x01, 0x08, 0x00, 0x80, 0xFF, 0xFF, 0xFF, 0xFF, 0x0F, 0x00, 0x00,
  0x00, 0x00, 0x00, 0x00, 0x00, 0x00, 0x00, 0x00, 0x00, 0x00, 0x00, 0x00, 0x00, 0x00, 0x00, 0x00,
  0x00, 0x00, 0x00, 0x00, 0x00, 0x00, 0x00, 0x00, 0x00, 0x00, 0x00, 0x00, 0xFC, 0xFF, 0xFF, 0xFF,
  0x7F, 0x00, 0x00, 0xB4, 0xDF, 0x00, 0xDB, 0x3B, 0x00, 0x00, 0xFE, 0xFD, 0xA0, 0x7F, 0x3F, 0x00,
  0x00, 0xDE, 0xEF, 0x80, 0xFF, 0x17, 0x00, 0x00, 0xFE, 0x7F, 0xC8, 0xFD, 0x1F, 0x00, 0x00, 0xFA,
  0x7E, 0xC0, 0x6F, 0x1B, 0x00, 0x00, 0xFF, 0x77, 0xC4, 0xFE, 0x1F, 0x00, 0x00, 0xDD, 0x3F, 0xE0,
  0xFF, 0x1D, 0x00, 0x00, 0x3F, 0x3B, 0xC0, 0xCF, 0x0F, 0x00, 0x00, 0x3D, 0x3F, 0xE9, 0xCE, 0x0B,
  0x00, 0x00, 0x27, 0x3D, 0xE0, 0x25, 0x0F, 0x00, 0x00, 0x0D, 0x9C, 0xA0, 0x01, 0x0B, 0x00, 0x80,
  0x17, 0x3D, 0xE8, 0xA9, 0x0F, 0x00, 0x80, 0x3D, 0x3F, 0xE0, 0xE7, 0x0D, 0x00, 0x80, 0x3F, 0x2F,
  0x62, 0xC7, 0x0F, 0x00, 0x80, 0xDD, 0x3F, 0xE0, 0xFF, 0x0B, 0x00, 0x00, 0xFF, 0x37, 0xD1, 0xFB,
  0x0E, 0x00, 0x00, 0xFD, 0x3F, 0xE0, 0xFF, 0x0F, 0x00, 0x00, 0xDF, 0x3D, 0xC8, 0x7E, 0x0B, 0x00,
  0x00, 0xFD, 0x3F, 0xE1, 0xEF, 0x0F, 0x00, 0x00, 0xEF, 0x2F, 0xC0, 0xFF, 0x0F, 0x00, 0x00, 0xFF,
  0x7E, 0xC8, 0xFB, 0x1A, 0x00, 0x00, 0xFF, 0x7F, 0xC0, 0xFF, 0x1F, 0x00, 0x00, 0x03, 0x00, 0x02,
  0x00, 0x10, 0x00, 0x00, 0x02, 0x00, 0x00, 0x00, 0x10, 0x00, 0x00, 0x02, 0x00, 0x91, 0x20, 0x14,
  0x00, 0x00, 0x92, 0x24, 0x00, 0x04, 0x10, 0x00, 0x00, 0x02, 0x00, 0x00, 0x10, 0x11, 0x00, 0x00,
  0x42, 0x10, 0x92, 0x00, 0x10, 0x00, 0x00, 0x02, 0x00, 0x00, 0x00, 0x30, 0x00, 0x00, 0xFE, 0xFF,
  0x88, 0xFF, 0x3F, 0x00, 0x00, 0xFE, 0xFF, 0x40, 0xFF, 0x2F, 0x00, 0x00, 0xF4, 0xFF, 0x80, 0xFF,
  0x3F, 0x00, 0x00, 0xFC, 0x6D, 0x09, 0xEF, 0x2E, 0x00, 0x00, 0xBC, 0xFF, 0x40, 0xFF, 0x3F, 0x00,
  0x00, 0xFC, 0xFF, 0x00, 0x77, 0x37, 0x00, 0x00, 0xEC, 0xEE, 0x89, 0xFF, 0x3F, 0x00, 0x00, 0xFC,
  0x7F, 0x01, 0xFF, 0x7B, 0x00, 0x00, 0xFC, 0xF8, 0x20, 0x37, 0x7F, 0x00, 0x00, 0xDC, 0xFC, 0x01,
  0x3F, 0x5F, 0x00, 0x00, 0x34, 0x69, 0x89, 0x0F, 0x69, 0x00, 0x00, 0x3C, 0xE0, 0x00, 0x07, 0x3C,
  0x00, 0x00, 0xDC, 0xEC, 0x21, 0x3F, 0x3B, 0x00, 0x00, 0xFC, 0xFC, 0x80, 0x3F, 0x2F, 0x00, 0x00,
  0x74, 0x7E, 0x04, 0x17, 0x3F, 0x00, 0x00, 0xFE, 0xF7, 0xA0, 0xFF, 0x2F, 0x00, 0x00, 0xBE, 0xFF,
  0x80, 0xFB, 0x3F, 0x00, 0x00, 0xF6, 0xBB, 0x84, 0xFF, 0x15, 0x00, 0x00, 0xFE, 0x7F, 0xA0, 0xFF,
  0x1F, 0x00, 0x00, 0x7A, 0x5F, 0xC0, 0xB7, 0x17, 0x00, 0x00, 0xFF, 0x7F, 0xC4, 0xFF, 0x1B, 0x00,
  0x00, 0xAD, 0x25, 0x60, 0xD5, 0x0E, 0x00, 0x80, 0xFF, 0xFF, 0xFF, 0xFF, 0x0F, 0x00, 0x00, 0x00,
  0x00, 0x00, 0x00, 0x00, 0x00, 0x00, 0x00, 0x00, 0x00, 0x00, 0x00, 0x00, 0x00, 0x00, 0x00, 0x00,
  0x00, 0x00, 0x00, 0x00, 0x00, 0x00, 0x00, 0x00, 0x00, 0x00, 0x00, 0xFC, 0xFF, 0xFF, 0xFF, 0x7F,
  0x00, 0x00, 0x04, 0x00, 0x00, 0x1C, 0x3F, 0x00, 0x00, 0x06, 0x40, 0x12, 0xF2, 0x30, 0x00, 0x00,
  0x02, 0x09, 0x80, 0x8C, 0x1F, 0x00, 0x00, 0x22, 0x00, 0x01, 0x7A, 0x14, 0x00, 0x00, 0x02, 0x40,
  0x48, 0xC6, 0x1B, 0x00, 0x00, 0x13, 0x08, 0x00, 0x3D, 0x15, 0x00, 0x00, 0x01, 0x01, 0x04, 0xD1,
  0x1A, 0x00, 0x00, 0x01, 0x20, 0x01, 0xAF, 0x0D, 0x00, 0x00, 0x09, 0x04, 0x20, 0x59, 0x0A, 0x00,
  0x00, 0x41, 0x00, 0x00, 0xA7, 0x0D, 0x00, 0x00, 0x01, 0x22, 0x89, 0x78, 0x0B, 0x00, 0x80, 0x01,
  0x00, 0x00, 0x87, 0x0C, 0x00, 0x80, 0x48, 0x10, 0x44, 0xFD, 0x0B, 0x00, 0x80, 0x00, 0x00, 0x00,
  0x11, 0x0C, 0x00, 0x80, 0x01, 0x82, 0x00, 0xEF, 0x0B, 0x00, 0x00, 0x09, 0x10, 0x44, 0x52, 0x0A,
  0x00, 0x00, 0x41, 0x00, 0x00, 0xAD, 0x0D, 0x00, 0x00, 0x01, 0x42, 0x22, 0x75, 0x0A, 0x00, 0x00,
  0x01, 0x00, 0x00, 0x8B, 0x0D, 0x00, 0x00, 0x09, 0x10, 0x00, 0x76, 0x0B, 0x00, 0x00, 0x41, 0x02,
  0x11, 0x99, 0x1C, 0x00, 0x00, 0x01, 0x00, 0x00, 0x66, 0x13, 0x00, 0x00, 0x03, 0x21, 0x80, 0xDA,
  0x16, 0x00, 0x00, 0x12, 0x00, 0x02, 0x2A, 0x19, 0x00, 0x00, 0x82, 0x10, 0x20, 0xD6, 0x16, 0x00,
  0x00, 0x02, 0x00, 0x01, 0xAA, 0x19, 0x00, 0x00, 0x22, 0x08, 0x00, 0x56, 0x16, 0x00, 0x00, 0x02,
  0x80, 0x10, 0xB4, 0x15, 0x00, 0x00, 0x02, 0x02, 0x00, 0x55, 0x3A, 0x00, 0x00, 0x22, 0x40, 0x00,
  0xA4, 0x25, 0x00, 0x00, 0x06, 0x01, 0x08, 0x5C, 0x3B, 0x00, 0x00, 0x04, 0x10, 0x80, 0xA8, 0x24,
  0x00, 0x00, 0x04, 0x00, 0x00, 0x54, 0x2B, 0x00, 0x00, 0x24, 0x08, 0x11, 0xB4, 0x36, 0x00, 0x00,
  0x04, 0x01, 0x00, 0x4C, 0x29, 0x00, 0x00, 0x04, 0x00, 0x00, 0xB0, 0x37, 0x00, 0x00, 0x04, 0x40,
  0x84, 0x4C, 0x68, 0x00, 0x00, 0x44, 0x04, 0x00, 0xB8, 0x57, 0x00, 0x00, 0x04, 0x00, 0x02, 0x44,
  0x68, 0x00, 0x00, 0x04, 0x02, 0x40, 0xB8, 0x77, 0x00, 0x00, 0x44, 0x20, 0x00, 0x54, 0x2A, 0x00,
  0x00, 0x04, 0x00, 0x20, 0x94, 0x35, 0x00, 0x00, 0x04, 0x10, 0x02, 0x74, 0x2A, 0x00, 0x00, 0x04,
  0x01, 0x00, 0x84, 0x35, 0x00, 0x00, 0x26, 0x08, 0x00, 0x7C, 0x2A, 0x00, 0x00, 0x02, 0x00, 0x41,
  0x80, 0x35, 0x00, 0x00, 0x02, 0x00, 0x00, 0x7E, 0x1A, 0x00, 0x00, 0x02, 0x81, 0x20, 0x82, 0x15,
  0x00, 0x00, 0x22, 0x08, 0x00, 0x7C, 0x12, 0x00, 0x00, 0x03, 0x00, 0x00, 0xA3, 0x1D, 0x00, 0x00,
  0x01, 0x00, 0x00, 0x4C, 0x0A, 0x00, 0x80, 0xFF, 0xFF, 0xFF, 0xFF, 0x0F, 0x00, 0x00, 0x00, 0x00,
  0x00, 0x00, 0x00, 0x00, 0x00, 0x00, 0x00, 0x00, 0x00, 0x00, 0x00, 0x00, 0x00, 0x00, 0x00, 0x00,
  0x00, 0x00, 0x00, 0x00, 0x00, 0x00, 0x00, 0x00, 0x00, 0x00, 0xFC, 0xFF, 0xFF, 0xFF, 0x7F, 0x00,
  0x00, 0x04, 0x00, 0x70, 0xDB, 0x36, 0x00, 0x00, 0x86, 0x40, 0xF8, 0xFF, 0x3F, 0x00, 0x00, 0x02,
  0x08, 0xDA, 0x7F, 0x17, 0x00, 0x00, 0x12, 0x02, 0xF8, 0xED, 0x1F, 0x00, 0x00, 0x02, 0x80, 0xEC,
  0xFF, 0x1B, 0x00, 0x00, 0x43, 0x10, 0xFC, 0xFF, 0x17, 0x00, 0x00, 0x09, 0x02, 0x7C, 0xDF, 0x1E,
  0x00, 0x00, 0x01, 0x80, 0xFC, 0xFB, 0x0B, 0x00, 0x00, 0x41, 0x10, 0xDC, 0x7F, 0x0F, 0x00, 0x00,
  0x09, 0x02, 0xFC, 0xFD, 0x0B, 0x00, 0x00, 0x01, 0x80, 0xFC, 0xDF, 0x0F, 0x00, 0x80, 0x21, 0x11,
  0x7E, 0xFF, 0x0D, 0x00, 0x80, 0x04, 0x00, 0xEC, 0xF7, 0x0F, 0x00, 0x80, 0x00, 0x80, 0xFE, 0x7F,
  0x0B, 0x00, 0x80, 0x41, 0x12, 0xFC, 0xFE, 0x0F, 0x00, 0x00, 0x09, 0x00, 0xDC, 0xEF, 0x0B, 0x00,
  0x00, 0x01, 0x40, 0xFE, 0x7F, 0x0F, 0x00, 0x00, 0x41, 0x02, 0xEC, 0xFD, 0x0B, 0x00, 0x00, 0x09,
  0x08, 0xFC, 0xEF, 0x0F, 0x00, 0x00, 0x01, 0x40, 0x7E, 0xFF, 0x0B, 0x00, 0x00, 0x41, 0x04, 0xFC,
  0x77, 0x1F, 0x00, 0x00, 0x09, 0x01, 0xEC, 0xFF, 0x1F, 0x00, 0x00, 0x03, 0x80, 0x7C, 0xFF, 0x15,
  0x00, 0x00, 0x82, 0x10, 0xF8, 0xDF, 0x1F, 0x00, 0x00, 0x12, 0x00, 0xBA, 0xFB, 0x17, 0x00, 0x00,
  0x02, 0x44, 0xF8, 0x7F, 0x1F, 0x00, 0x00, 0x82, 0x00, 0xF8, 0xFD, 0x1B, 0x00, 0x00, 0x12, 0x22,
  0xF8, 0xDF, 0x1F, 0x00, 0x00, 0x02, 0x00, 0xBA, 0xFF, 0x3F, 0x00, 0x00, 0x02, 0x11, 0xF0, 0xFD,
  0x36, 0x00, 0x00, 0x26, 0x00, 0xF9, 0xEF, 0x2F, 0x00, 0x00, 0x84, 0x08, 0x70, 0x7F, 0x3F, 0x00,
  0x00, 0x04, 0x80, 0xF0, 0xFF, 0x2F, 0x00, 0x00, 0x24, 0x04, 0xF0, 0xFB, 0x3B, 0x00, 0x00, 0x04,
  0x40, 0xF4, 0xDF, 0x3F, 0x00, 0x00, 0x04, 0x01, 0x70, 0xFF, 0x2E, 0x00, 0x00, 0x24, 0x08, 0xF2,
  0xFB, 0x7F, 0x00, 0x00, 0x04, 0x40, 0xF0, 0xBF, 0x7F, 0x00, 0x00, 0x04, 0x01, 0xF0, 0xFE, 0x6B,
  0x00, 0x00, 0x24, 0x08, 0xF2, 0xEF, 0x7F, 0x00, 0x00, 0x04, 0x40, 0x70, 0xFF, 0x3E, 0x00, 0x00,
  0x04, 0x01, 0xF0, 0xFF, 0x2F, 0x00, 0x00, 0x24, 0x08, 0xF2, 0xBB, 0x37, 0x00, 0x00, 0x04, 0x40,
  0xF0, 0xFF, 0x3F, 0x00, 0x00, 0x06, 0x02, 0x78, 0xEF, 0x2D, 0x00, 0x00, 0x42, 0x10, 0xF9, 0xFF,
  0x3F, 0x00, 0x00, 0x12, 0x00, 0xD8, 0x7D, 0x17, 0x00, 0x00, 0x02, 0x09, 0xFC, 0xEF, 0x1F, 0x00,
  0x00, 0x02, 0x40, 0xF8, 0xFF, 0x17, 0x00, 0x00, 0x93, 0x00, 0xBE, 0xFB, 0x1D, 0x00, 0x00, 0x01,
  0x20, 0xE8, 0x56, 0x0F, 0x00, 0x80, 0xFF, 0xFF, 0xFF, 0xFF, 0x0F, 0x00, 0x00, 0x00, 0x00, 0x00,
  0x00, 0x00, 0x00, 0x00, 0x00, 0x00, 0x00, 0x00, 0x00, 0x00, 0x00, 0x00, 0x00, 0x00, 0x00, 0x00,
  0x00, 0x00, 0x00, 0x00, 0x00, 0x00, 0x00, 0x00, 0x00, 0xFC, 0xFF, 0xFF, 0xFF, 0x7F, 0x00, 0x00,
  0xFC, 0xBF, 0x54, 0x8C, 0x22, 0x00, 0x00, 0x06, 0x00, 0x01, 0x31, 0x35, 0x00, 0x00, 0xFA, 0x3F,
  0x4A, 0xC6, 0x1A, 0x00, 0x00, 0x06, 0x40, 0x11, 0x19, 0x34, 0x00, 0x00, 0xFA, 0x1F, 0x44, 0xE2,
  0x11, 0x00, 0x00, 0x47, 0xA0, 0x90, 0x0C, 0x16, 0x00, 0x00, 0xBB, 0x0F, 0x05, 0xB3, 0x18, 0x00,
  0x00, 0x45, 0x50, 0x28, 0x48, 0x0B, 0x00, 0x00, 0xBD, 0x8F, 0x42, 0x27, 0x08, 0x00, 0x00, 0x43,
  0x20, 0x88, 0xD8, 0x1A, 0x00, 0x00, 0xB5, 0x8F, 0x12, 0x02, 0x0D, 0x00, 0x80, 0x4D, 0x20, 0xA0,
  0xB5, 0x08, 0x00, 0x80, 0xB2, 0x4F, 0x05, 0x4A, 0x0B, 0x00, 0x80, 0x4D, 0x10, 0xA8, 0x14, 0x0C,
  0x00, 0x80, 0xB3, 0x8F, 0x02, 0x61, 0x09, 0x00, 0x00, 0x4D, 0x20, 0x48, 0x8E, 0x0A, 0x00, 0x00,
  0xB1, 0x8F, 0x92, 0x30, 0x09, 0x00, 0x00, 0x4F, 0x20, 0x00, 0x45, 0x0A, 0x00, 0x00, 0xB1, 0x4F,
  0xA5, 0xAA, 0x0C, 0x00, 0x00, 0x4F, 0x10, 0x08, 0x44, 0x09, 0x00, 0x00, 0xB3, 0x4F, 0xA2, 0x9A,
  0x1C, 0x00, 0x00, 0x4D, 0x80, 0x1F, 0x21, 0x19, 0x00, 0x00, 0xB3, 0xDF, 0x71, 0x56, 0x12, 0x00,
  0x00, 0x4E, 0x60, 0xC4, 0x88, 0x14, 0x00, 0x00, 0xB2, 0x5F, 0x90, 0x65, 0x19, 0x00, 0x00, 0x4E,
  0x20, 0x45, 0x0A, 0x12, 0x00, 0x00, 0xB2, 0x5F, 0x90, 0xB0, 0x14, 0x00, 0x00, 0x4E, 0x80, 0x4A,
  0x46, 0x19, 0x00, 0x00, 0xB2, 0x1F, 0x1C, 0x28, 0x32, 0x00, 0x00, 0x4E, 0xA0, 0x9E, 0x92, 0x25,
  0x00, 0x00, 0xB6, 0x1F, 0x28, 0x24, 0x28, 0x00, 0x00, 0x54, 0x40, 0x01, 0xC9, 0x22, 0x00, 0x00,
  0xAC, 0x3F, 0x54, 0x14, 0x35, 0x00, 0x00, 0x54, 0x00, 0x01, 0xA1, 0x28, 0x00, 0x00, 0x94, 0x3F,
  0x10, 0x4C, 0x22, 0x00, 0x00, 0x6C, 0x40, 0x45, 0x91, 0x34, 0x00, 0x00, 0x94, 0x1F, 0x10, 0x24,
  0x69, 0x00, 0x00, 0x6C, 0xA0, 0x82, 0x48, 0x42, 0x00, 0x00, 0x9C, 0x1F, 0x28, 0x92, 0x54, 0x00,
  0x00, 0x64, 0x20, 0x81, 0x24, 0x69, 0x00, 0x00, 0x94, 0x4F, 0x08, 0x50, 0x22, 0x00, 0x00, 0x6C,
  0x30, 0x22, 0x0D, 0x29, 0x00, 0x00, 0x94, 0x97, 0x10, 0x50, 0x32, 0x00, 0x00, 0x54, 0x08, 0x44,
  0xA2, 0x24, 0x00, 0x00, 0xAE, 0x37, 0x01, 0x15, 0x29, 0x00, 0x00, 0x56, 0x48, 0x54, 0x48, 0x32,
  0x00, 0x00, 0xAA, 0x07, 0x00, 0xA2, 0x18, 0x00, 0x00, 0x16, 0x58, 0x45, 0x14, 0x15, 0x00, 0x00,
  0xEA, 0x07, 0x10, 0x49, 0x10, 0x00, 0x00, 0x17, 0x48, 0x04, 0xA2, 0x1A, 0x00, 0x00, 0xA3, 0x06,
  0x41, 0x09, 0x08, 0x00, 0x80, 0xFF, 0xFF, 0xFF, 0xFF, 0x0F, 0x00, 0x00, 0x00, 0x00, 0x00, 0x00,
  0x00, 0x00, 0x00, 0x00, 0x00, 0x00, 0x00, 0x00, 0x00, 0x00, 0x00, 0x00, 0x00, 0x00, 0x00, 0x00,
  0x00, 0x00, 0x00, 0x00, 0x00, 0x00, 0x00, 0x00, 0xFC, 0xFF, 0xFF, 0xFF, 0x7F, 0x00, 0x00, 0x24,
  0x11, 0xC3, 0x08, 0x20, 0x00, 0x00, 0x4E, 0x44, 0xE3, 0x40, 0x35, 0x00, 0x00, 0x02, 0x91, 0x69,
  0x12, 0x10, 0x00, 0x00, 0x56, 0x84, 0x61, 0x80, 0x10, 0x00, 0x00, 0x02, 0xA9, 0x75, 0x24, 0x14,
  0x00, 0x00, 0x57, 0xC0, 0x30, 0x81, 0x10, 0x00, 0x00, 0x01, 0xD2, 0x32, 0x08, 0x1A, 0x00, 0x00,
  0xAB, 0xC4, 0x30, 0x21, 0x08, 0x00, 0x00, 0x01, 0xE0, 0x34, 0x88, 0x08, 0x00, 0x00, 0x55, 0xD5,
  0x30, 0x02, 0x08, 0x00, 0x00, 0x03, 0xC0, 0xB4, 0x50, 0x0A, 0x00, 0x80, 0xA1, 0xE2, 0x18, 0x00,
  0x08, 0x00, 0x80, 0x0A, 0xC8, 0x30, 0x25, 0x09, 0x00, 0x80, 0x20, 0x61, 0x3A, 0x00, 0x08, 0x00,
  0x80, 0xFF, 0xFF, 0xF0, 0xFF, 0x0F, 0x00, 0x00, 0xFF, 0xFF, 0xF8, 0xFF, 0x0F, 0x00, 0x00, 0x01,
  0x00, 0x02, 0x00, 0x08, 0x00, 0x00, 0x29, 0x22, 0x08, 0x24, 0x08, 0x00, 0x00, 0x83, 0x88, 0x40,
  0x81, 0x0C, 0x00, 0x00, 0x11, 0x00, 0x0A, 0x00, 0x08, 0x00, 0x00, 0xFD, 0xFF, 0xF0, 0xFF, 0x1F,
  0x00, 0x00, 0xFF, 0xFF, 0xF4, 0xFF, 0x1F, 0x00, 0x00, 0x07, 0xC0, 0x21, 0x20, 0x10, 0x00, 0x00,
  0x52, 0x95, 0x74, 0x02, 0x11, 0x00, 0x00, 0x02, 0xC0, 0x61, 0x08, 0x10, 0x00, 0x00, 0x16, 0x89,
  0x69, 0x20, 0x14, 0x00, 0x00, 0x42, 0xA0, 0x61, 0x82, 0x10, 0x00, 0x00, 0x0A, 0x85, 0x65, 0x08,
  0x10, 0x00, 0x00, 0x22, 0x40, 0x61, 0x20, 0x34, 0x00, 0x00, 0x82, 0x94, 0xD3, 0x02, 0x21, 0x00,
  0x00, 0x2E, 0x00, 0x63, 0x10, 0x20, 0x00, 0x00, 0x04, 0x41, 0xC3, 0x04, 0x24, 0x00, 0x00, 0x14,
  0x14, 0xD3, 0x40, 0x20, 0x00, 0x00, 0x44, 0x00, 0xC3, 0x00, 0x21, 0x00, 0x00, 0x0C, 0x45, 0xD3,
  0x14, 0x30, 0x00, 0x00, 0x24, 0x10, 0xC3, 0x00, 0x24, 0x00, 0x00, 0x84, 0x00, 0xC3, 0x40, 0x60,
  0x00, 0x00, 0x14, 0x4A, 0xEB, 0x04, 0x41, 0x00, 0x00, 0x44, 0x00, 0xC3, 0x10, 0x48, 0x00, 0x00,
  0x14, 0x24, 0xC3, 0x80, 0x60, 0x00, 0x00, 0x84, 0x00, 0xD3, 0x04, 0x20, 0x00, 0x00, 0x14, 0x92,
  0xC3, 0x20, 0x28, 0x00, 0x00, 0x44, 0x00, 0xC3, 0x00, 0x21, 0x00, 0x00, 0x14, 0x49, 0xD3, 0x04,
  0x20, 0x00, 0x00, 0x06, 0x00, 0xC3, 0x40, 0x24, 0x00, 0x00, 0x8A, 0xA4, 0x61, 0x10, 0x30, 0x00,
  0x00, 0x22, 0x80, 0x69, 0x02, 0x10, 0x00, 0x00, 0x02, 0x92, 0x61, 0x00, 0x11, 0x00, 0x00, 0x8A,
  0x80, 0x30, 0x20, 0x10, 0x00, 0x00, 0x23, 0xE0, 0xB9, 0x04, 0x18, 0x00, 0x00, 0x01, 0x44, 0x00,
  0x00, 0x0C, 0x00, 0x80, 0xFF, 0xFF, 0xFF, 0xFF, 0x0F, 0x00, 0x00, 0x00, 0x00, 0x00, 0x00, 0x00,
  0x00, 0x00, 0x00, 0x00, 0x00, 0x00, 0x00, 0x00, 0x00, 0x00, 0x00, 0x00, 0x00, 0x00, 0x00, 0x00,
  0x00, 0x00, 0x00, 0x00, 0x00, 0x00, 0x00, 0xFC, 0xFF, 0xFF, 0xFF, 0x7F, 0x00, 0x00, 0xA4, 0x22,
  0x91, 0x20, 0x22, 0x00, 0x00, 0x0E, 0x48, 0x04, 0x0A, 0x30, 0x00, 0x00, 0x52, 0x05, 0xA9, 0xA0,
  0x12, 0x00, 0x00, 0x06, 0x50, 0x00, 0x02, 0x18, 0x00, 0x00, 0x52, 0x09, 0x52, 0x28, 0x11, 0x00,
  0x00, 0x07, 0xA2, 0x04, 0x01, 0x10, 0x00, 0x00, 0xA9, 0x08, 0x20, 0x44, 0x19, 0x00, 0x00, 0x03,
  0x42, 0x95, 0x10, 0x0C, 0x00, 0x00, 0xA9, 0x28, 0x00, 0x82, 0x08, 0x00, 0x00, 0x03, 0x02, 0x4A,
  0x08, 0x08, 0x00, 0x00, 0xA9, 0xA8, 0x20, 0xA1, 0x0A, 0x00, 0x80, 0x03, 0x02, 0x04, 0x04, 0x08,
  0x00, 0x80, 0xA8, 0x10, 0x11, 0x81, 0x08, 0x00, 0x80, 0x02, 0x4A, 0x42, 0x28, 0x0A, 0x00, 0x80,
  0xA9, 0x00, 0x08, 0x01, 0x08, 0x00, 0x00, 0x03, 0x54, 0x21, 0x44, 0x09, 0x00, 0x00, 0x49, 0x41,
  0x84, 0x10, 0x08, 0x00, 0x00, 0x13, 0xC4, 0x20, 0x80, 0x08, 0x00, 0x00, 0x41, 0x91, 0x09, 0x15,
  0x0C, 0x00, 0x00, 0x15, 0xC8, 0x42, 0x40, 0x08, 0x00, 0x00, 0x83, 0x82, 0x87, 0x0B, 0x19, 0x00,
  0x00, 0x29, 0xD0, 0xFB, 0x02, 0x14, 0x00, 0x00, 0x03, 0x85, 0xEE, 0x51, 0x10, 0x00, 0x00, 0x56,
  0xE0, 0xFF, 0x00, 0x11, 0x00, 0x00, 0x02, 0xBA, 0xBB, 0x24, 0x10, 0x00, 0x00, 0xAA, 0xFE, 0x6E,
  0x80, 0x14, 0x00, 0x00, 0x02, 0xF1, 0xFF, 0x08, 0x10, 0x00, 0x00, 0x2A, 0x08, 0xBB, 0x21, 0x11,
  0x00, 0x00, 0x82, 0x40, 0xEF, 0x03, 0x38, 0x00, 0x00, 0x2A, 0x0A, 0xDF, 0x27, 0x22, 0x00, 0x00,
  0x86, 0x20, 0x05, 0x8A, 0x20, 0x00, 0x00, 0x14, 0x08, 0x57, 0x10, 0x20, 0x00, 0x00, 0x4C, 0x42,
  0x06, 0x41, 0x24, 0x00, 0x00, 0x04, 0x11, 0x03, 0x04, 0x21, 0x00, 0x00, 0x14, 0x80, 0x50, 0x10,
  0x28, 0x00, 0x00, 0x44, 0x15, 0x02, 0x41, 0x20, 0x00, 0x00, 0x0C, 0x40, 0x08, 0x04, 0x65, 0x00,
  0x00, 0xA4, 0x08, 0x41, 0x10, 0x40, 0x00, 0x00, 0x04, 0x22, 0x08, 0x41, 0x50, 0x00, 0x00, 0x54,
  0x80, 0x40, 0x04, 0x62, 0x00, 0x00, 0x04, 0x09, 0x12, 0x90, 0x28, 0x00, 0x00, 0x24, 0x20, 0x00,
  0x01, 0x20, 0x00, 0x00, 0x0C, 0x82, 0x44, 0x44, 0x20, 0x00, 0x00, 0xA4, 0x28, 0x10, 0x10, 0x2A,
  0x00, 0x00, 0x06, 0x00, 0x01, 0x01, 0x20, 0x00, 0x00, 0x4A, 0x22, 0x44, 0x84, 0x30, 0x00, 0x00,
  0x02, 0x88, 0x10, 0x20, 0x12, 0x00, 0x00, 0x52, 0x01, 0x00, 0x01, 0x10, 0x00, 0x00, 0x02, 0x24,
  0x45, 0x24, 0x11, 0x00, 0x00, 0x47, 0x00, 0x10, 0x00, 0x18, 0x00, 0x00, 0x11, 0x42, 0x00, 0x82,
  0x08, 0x00, 0x80, 0xFF, 0xFF, 0xFF, 0xFF, 0x0F, 0x00, 0x00, 0x00, 0x00, 0x00, 0x00, 0x00, 0x00,
  0x00, 0x00, 0x00, 0x00, 0x00, 0x00, 0x00, 0x00, 0x00, 0x00, 0x00, 0x00, 0x00, 0x00, 0x00, 0x00,
  0x00, 0x00, 0x00, 0x00, 0x00, 0x00, 0xFC, 0xFF, 0xFF, 0xFF, 0x7F, 0x00, 0x00, 0x24, 0xA5, 0x88,
  0x08, 0x22, 0x00, 0x00, 0x4E, 0x08, 0x22, 0xA2, 0x30, 0x00, 0x00, 0x12, 0xA1, 0x88, 0x08, 0x14,
  0x00, 0x00, 0x46, 0x0A, 0x22, 0x42, 0x11, 0x00, 0x00, 0x92, 0xA0, 0x88, 0x10, 0x10, 0x00, 0x00,
  0x27, 0x0A, 0x22, 0x84, 0x14, 0x00, 0x00, 0x89, 0xA0, 0x08, 0x21, 0x18, 0x00, 0x00, 0x23, 0x0A,
  0x42, 0x08, 0x09, 0x00, 0x00, 0x89, 0xA0, 0x28, 0x45, 0x08, 0x00, 0x00, 0x23, 0x0A, 0x02, 0x20,
  0x0A, 0x00, 0x00, 0x89, 0xA0, 0x48, 0x89, 0x08, 0x00, 0x80, 0x23, 0x0A, 0x01, 0x00, 0x08, 0x00,
  0x80, 0x88, 0x20, 0x54, 0x2A, 0x0A, 0x00, 0x80, 0x22, 0x4A, 0x01, 0x80, 0x08, 0x00, 0x80, 0x89,
  0x00, 0x88, 0x12, 0x08, 0x00, 0x00, 0x23, 0x55, 0x22, 0x80, 0x0A, 0x00, 0x00, 0x49, 0xE0, 0x08,
  0x25, 0x08, 0x00, 0x00, 0x03, 0xE9, 0x43, 0x80, 0x08, 0x00, 0x00, 0x55, 0xC2, 0x27, 0x0A, 0x0A,
  0x00, 0x00, 0x01, 0xE8, 0x0E, 0x23, 0x08, 0x00, 0x00, 0xAB, 0x82, 0xEB, 0x87, 0x1C, 0x00, 0x00,
  0x01, 0xA0, 0xDF, 0x27, 0x10, 0x00, 0x00, 0x57, 0xFD, 0x6C, 0x07, 0x11, 0x00, 0x00, 0x02, 0xBC,
  0xE9, 0x21, 0x14, 0x00, 0x00, 0xAA, 0xEE, 0xCB, 0x0B, 0x11, 0x00, 0x00, 0x06, 0x6E, 0xF0, 0x41,
  0x10, 0x00, 0x00, 0x22, 0x7F, 0x0B, 0x10, 0x18, 0x00, 0x00, 0x8A, 0x90, 0xEB, 0x83, 0x12, 0x00,
  0x00, 0x22, 0xA4, 0xFB, 0x27, 0x30, 0x00, 0x00, 0x0A, 0xC1, 0xB5, 0x0E, 0x28, 0x00, 0x00, 0x46,
  0xA8, 0xEF, 0x9B, 0x22, 0x00, 0x00, 0x94, 0x82, 0xCD, 0x0F, 0x20, 0x00, 0x00, 0x0C, 0xD0, 0x07,
  0x20, 0x28, 0x00, 0x00, 0xA4, 0x04, 0x27, 0x80, 0x22, 0x00, 0x00, 0x04, 0x90, 0x06, 0x15, 0x20,
  0x00, 0x00, 0x2C, 0x05, 0x44, 0x40, 0x28, 0x00, 0x00, 0x04, 0x20, 0x11, 0x00, 0x62, 0x00, 0x00,
  0x54, 0x09, 0x40, 0x95, 0x40, 0x00, 0x00, 0x04, 0x44, 0x05, 0x00, 0x48, 0x00, 0x00, 0x94, 0x10,
  0x90, 0x20, 0x62, 0x00, 0x00, 0x04, 0x02, 0x04, 0x8A, 0x20, 0x00, 0x00, 0xAC, 0x50, 0x21, 0x00,
  0x24, 0x00, 0x00, 0x04, 0x04, 0x84, 0x10, 0x20, 0x00, 0x00, 0x14, 0x21, 0x10, 0x42, 0x21, 0x00,
  0x00, 0x46, 0x08, 0x41, 0x08, 0x24, 0x00, 0x00, 0x0A, 0x41, 0x04, 0x01, 0x30, 0x00, 0x00, 0x22,
  0x04, 0x11, 0x24, 0x11, 0x00, 0x00, 0x0A, 0x11, 0x40, 0x00, 0x18, 0x00, 0x00, 0x42, 0x40, 0x0A,
  0x90, 0x10, 0x00, 0x00, 0x07, 0x0A, 0x20, 0x05, 0x1A, 0x00, 0x00, 0x91, 0x80, 0x00, 0x00, 0x08,
  0x00, 0x80, 0xFF, 0xFF, 0xFF, 0xFF, 0x0F, 0x00, 0x00, 0x00, 0x00, 0x00, 0x00, 0x00, 0x00, 0x00,
  0x00, 0x00, 0x00, 0x00, 0x00, 0x00, 0x00, 0x00, 0x00, 0x00, 0x00, 0x00, 0x00, 0x00, 0x00, 0x00,
  0x00, 0x00, 0x00, 0x00, 0x00, 0xFC, 0xFF, 0xFF, 0xFF, 0x7F, 0x00, 0x00, 0x14, 0x21, 0x06, 0x00,
  0x20, 0x00, 0x00, 0x16, 0x11, 0x03, 0x00, 0x30, 0x00, 0x00, 0x86, 0x90, 0x05, 0x00, 0x10, 0x00,
  0x00, 0xAE, 0xD4, 0x00, 0x00, 0x10, 0x00, 0x00, 0xCE, 0x78, 0x01, 0x00, 0x10, 0x00, 0x00, 0x5B,
  0x98, 0x00, 0x00, 0x10, 0x00, 0x00, 0xD9, 0x5C, 0x00, 0x00, 0x18, 0x00, 0x00, 0x31, 0x08, 0x00,
  0x00, 0x08, 0x00, 0x00, 0x71, 0x2C, 0x00, 0x00, 0x08, 0x00, 0x00, 0x61, 0x18, 0x00, 0x08, 0x08,
  0x00, 0x00, 0x7F, 0xFC, 0x03, 0x0B, 0x08, 0x00, 0x80, 0x01, 0x00, 0x00, 0x3E, 0x08, 0x00, 0x80,
  0x00, 0x04, 0xC0, 0x1F, 0x08, 0x00, 0x80, 0x54, 0x90, 0x00, 0x6F, 0x08, 0x00, 0x80, 0x6B, 0x6C,
  0x03, 0x09, 0x08, 0x00, 0x00, 0x61, 0x1C, 0x00, 0x08, 0x08, 0x00, 0x00, 0x51, 0x38, 0x00, 0x00,
  0x08, 0x00, 0x00, 0x69, 0x2C, 0x00, 0x00, 0x08, 0x00, 0x00, 0x61, 0x68, 0x00, 0x00, 0x08, 0x00,
  0x00, 0x75, 0xD8, 0x00, 0x00, 0x08, 0x00, 0x00, 0x59, 0x8C, 0x01, 0x00, 0x18, 0x00, 0x00, 0xDB,
  0x28, 0x03, 0x00, 0x10, 0x00, 0x00, 0x8B, 0x48, 0x03, 0x00, 0x10, 0x00, 0x00, 0x8E, 0x98, 0x04,
  0x00, 0x10, 0x00, 0x00, 0x86, 0x10, 0x05, 0x00, 0x10, 0x00, 0x00, 0x86, 0x10, 0x00, 0x00, 0x10,
  0x00, 0x00, 0x02, 0x00, 0x00, 0x00, 0x10, 0x00, 0x00, 0x02, 0x00, 0x00, 0x00, 0x10, 0x00, 0x00,
  0x02, 0x00, 0x00, 0x00, 0x30, 0x00, 0x00, 0x02, 0x00, 0x00, 0x00, 0x20, 0x00, 0x00, 0x06, 0x00,
  0x00, 0x00, 0x20, 0x00, 0x00, 0x04, 0x00, 0x07, 0x00, 0x20, 0x00, 0x00, 0x04, 0x00, 0x06, 0x00,
  0x20, 0x00, 0x00, 0x04, 0x00, 0x00, 0x00, 0x20, 0x00, 0x00, 0x04, 0x00, 0x00, 0x00, 0x20, 0x00,
  0x00, 0x04, 0x00, 0x00, 0x00, 0x20, 0x00, 0x00, 0x04, 0x00, 0x00, 0x00, 0x60, 0x00, 0x00, 0x04,
  0x01, 0x00, 0x00, 0x41, 0x00, 0x00, 0xC4, 0x01, 0x00, 0xC0, 0x41, 0x00, 0x00, 0x84, 0x01, 0x00,
  0x80, 0x61, 0x00, 0x00, 0x04, 0x00, 0x20, 0x00, 0x20, 0x00, 0x00, 0x04, 0x00, 0x20, 0x00, 0x20,
  0x00, 0x00, 0x04, 0x00, 0x00, 0x00, 0x20, 0x00, 0x00, 0x04, 0xC0, 0x00, 0x00, 0x20, 0x00, 0x00,
  0x06, 0xE0, 0x00, 0x00, 0x20, 0x00, 0x00, 0x02, 0x00, 0x00, 0x00, 0x30, 0x00, 0x00, 0x02, 0x00,
  0x00, 0x00, 0x10, 0x00, 0x00, 0x02, 0x00, 0x00, 0x00, 0x10, 0x00, 0x00, 0x02, 0x00, 0x00, 0x00,
  0x10, 0x00, 0x00, 0x03, 0x00, 0x00, 0x00, 0x18, 0x00, 0x00, 0x01, 0x00, 0x00, 0x00, 0x08, 0x00,
  0x80, 0xFF, 0xFF, 0xFF, 0xFF, 0x0F, 0x00, 0x00, 0x00, 0x00, 0x00, 0x00, 0x00, 0x00, 0x00, 0x00,
  0x00, 0x00, 0x00, 0x00, 0x00, 0x00, 0x00, 0x00, 0x00, 0x00, 0x00, 0x00, 0x00, 0x00, 0x00, 0x00,
  0x00, 0x00, 0x00, 0x00, 0xFC, 0xFF, 0xFF, 0xFF, 0x7F, 0x00, 0x00, 0x04, 0x21, 0x06, 0x00, 0x20,
  0x00, 0x00, 0x16, 0x19, 0x03, 0x00, 0x30, 0x00, 0x00, 0xA6, 0x91, 0x05, 0x00, 0x10, 0x00, 0x00,
  0xAE, 0xD4, 0x02, 0x04, 0x10, 0x00, 0x00, 0xCE, 0x78, 0x41, 0x00, 0x10, 0x00, 0x00, 0xDB, 0x38,
  0x00, 0x80, 0x10, 0x00, 0x00, 0x59, 0x5A, 0x00, 0x00, 0x18, 0x00, 0x00, 0x71, 0x08, 0x04, 0x00,
  0x08, 0x00, 0x00, 0x79, 0x2C, 0x00, 0x08, 0x08, 0x00, 0x00, 0x61, 0x1A, 0x80, 0x00, 0x08, 0x00,
  0x00, 0x7F, 0xFC, 0x03, 0x00, 0x08, 0x00, 0x80, 0x01, 0x00, 0x20, 0x00, 0x08, 0x00, 0x80, 0x88,
  0x02, 0x00, 0x00, 0x08, 0x00, 0x80, 0x22, 0xA8, 0x01, 0x00, 0x08, 0x00, 0x80, 0x7D, 0x5C, 0x03,
  0x00, 0x08, 0x00, 0x00, 0x41, 0x19, 0x00, 0x10, 0x08, 0x00, 0x00, 0x51, 0x3C, 0x00, 0x00, 0x08,
  0x00, 0x00, 0x69, 0x2A, 0x80, 0x00, 0x08, 0x00, 0x00, 0x69, 0x68, 0x00, 0x00, 0x08, 0x00, 0x00,
  0x75, 0xDA, 0x00, 0x00, 0x08, 0x00, 0x00, 0x59, 0xA8, 0x01, 0x00, 0x18, 0x00, 0x00, 0xDB, 0x0C,
  0x03, 0x00, 0x10, 0x00, 0x00, 0x8F, 0x58, 0x03, 0x40, 0x10, 0x00, 0x00, 0xCE, 0x90, 0x04, 0x01,
  0x10, 0x00, 0x00, 0x86, 0x1C, 0x05, 0x00, 0x10, 0x00, 0x00, 0x82, 0x00, 0x00, 0x00, 0x10, 0x00,
  0x00, 0x02, 0x00, 0x00, 0x00, 0x10, 0x00, 0x00, 0x42, 0x00, 0x00, 0x00, 0x10, 0x00, 0x00, 0x02,
  0x00, 0x40, 0x00, 0x30, 0x00, 0x00, 0x02, 0x00, 0x00, 0x00, 0x20, 0x00, 0x00, 0x06, 0x10, 0x01,
  0x00, 0x20, 0x00, 0x00, 0x84, 0x00, 0x04, 0x00, 0x20, 0x00, 0x00, 0x04, 0x80, 0x01, 0x00, 0x22,
  0x00, 0x00, 0x04, 0x00, 0x0A, 0x00, 0x20, 0x00, 0x00, 0x04, 0x00, 0x00, 0x00, 0x20, 0x00, 0x00,
  0x04, 0x01, 0x00, 0x00, 0x20, 0x00, 0x00, 0x04, 0x00, 0x00, 0x40, 0x60, 0x00, 0x00, 0x04, 0x0A,
  0x00, 0x00, 0x41, 0x00, 0x00, 0x84, 0x01, 0x00, 0x30, 0x40, 0x00, 0x00, 0x04, 0x06, 0x00, 0x80,
  0x60, 0x00, 0x00, 0x04, 0x00, 0x08, 0x40, 0x20, 0x00, 0x00, 0x04, 0x00, 0x00, 0x00, 0x20, 0x00,
  0x00, 0x04, 0x00, 0x00, 0x00, 0x20, 0x00, 0x00, 0x04, 0x60, 0x01, 0x00, 0x20, 0x00, 0x00, 0x06,
  0x80, 0x00, 0x00, 0x20, 0x00, 0x00, 0x02, 0x00, 0x00, 0x00, 0x30, 0x00, 0x00, 0x02, 0x08, 0x00,
  0x00, 0x10, 0x00, 0x00, 0x02, 0x00, 0x00, 0x00, 0x10, 0x00, 0x00, 0x02, 0x00, 0x00, 0x00, 0x10,
  0x00, 0x00, 0x03, 0x00, 0x00, 0x00, 0x18, 0x00, 0x00, 0x01, 0x00, 0x00, 0x00, 0x08, 0x00, 0x80,
  0xFF, 0xFF, 0xFF, 0xFF, 0x0F, 0x00, 0x00, 0x00, 0x00, 0x00, 0x00, 0x00, 0x00, 0x00, 0x00, 0x00,
  0x00, 0x00, 0x00, 0x00, 0x00, 0x00, 0x00, 0x00, 0x00, 0x00, 0x00, 0x00, 0x00, 0x00, 0x00, 0x00,
  0x00, 0x00, 0x00, 0xFC, 0xFF, 0xFF, 0xFF, 0x7F, 0x00, 0x00, 0x04, 0x21, 0x06, 0x00, 0x20, 0x00,
  0x00, 0x16, 0x19, 0x03, 0x00, 0x30, 0x00, 0x00, 0xA6, 0x91, 0x05, 0x00, 0x10, 0x00, 0x00, 0xAE,
  0xD4, 0x02, 0x04, 0x10, 0x00, 0x00, 0xCE, 0x78, 0x41, 0x00, 0x10, 0x00, 0x00, 0xDB, 0x38, 0x00,
  0x80, 0x10, 0x00, 0x00, 0x59, 0x5A, 0x00, 0x00, 0x18, 0x00, 0x00, 0x71, 0x08, 0x04, 0x00, 0x08,
  0x00, 0x00, 0x79, 0x2C, 0x00, 0x08, 0x08, 0x00, 0x00, 0x61, 0x1A, 0x80, 0x00, 0x08, 0x00, 0x00,
  0x7F, 0xFC, 0x03, 0x00, 0x08, 0x00, 0x80, 0x01, 0x00, 0x20, 0x00, 0x08, 0x00, 0x80, 0x88, 0x02,
  0x00, 0x00, 0x08, 0x00, 0x80, 0x22, 0xA8, 0x01, 0x00, 0x08, 0x00, 0x80, 0x7D, 0x5C, 0x03, 0x00,
  0x08, 0x00, 0x00, 0x41, 0x19, 0x00, 0x10, 0x08, 0x00, 0x00, 0x51, 0x3C, 0x00, 0x00, 0x08, 0x00,
  0x00, 0x69, 0x2A, 0x80, 0x00, 0x08, 0x00, 0x00, 0x69, 0x68, 0x00, 0x00, 0x08, 0x00, 0x00, 0x75,
  0xDA, 0x00, 0x00, 0x08, 0x00, 0x00, 0x59, 0xA8, 0x01, 0x00, 0x18, 0x00, 0x00, 0xDB, 0x0C, 0x03,
  0x00, 0x10, 0x00, 0x00, 0x8F, 0x58, 0x03, 0x40, 0x10, 0x00, 0x00, 0xCE, 0x90, 0x04, 0x01, 0x10,
  0x00, 0x00, 0x86, 0x1C, 0x05, 0x00, 0x10, 0x00, 0x00, 0x82, 0x00, 0x00, 0x00, 0x10, 0x00, 0x00,
  0x02, 0x00, 0x00, 0x00, 0x10, 0x00, 0x00, 0x42, 0x00, 0x00, 0x00, 0x10, 0x00, 0x00, 0x02, 0x00,
  0x40, 0x00, 0x30, 0x00, 0x00, 0x02, 0x00, 0x00, 0x00, 0x20, 0x00, 0x00, 0x06, 0x10, 0x01, 0x00,
  0x20, 0x00, 0x00, 0x84, 0x00, 0x04, 0x00, 0x20, 0x00, 0x00, 0x04, 0x80, 0x01, 0x00, 0x22, 0x00,
  0x00, 0x04, 0x00, 0x0A, 0x00, 0x20, 0x00, 0x00, 0x04, 0x00, 0x00, 0x00, 0x20, 0x00, 0x00, 0x04,
  0x01, 0x00, 0x00, 0x20, 0x00, 0x00, 0x04, 0x00, 0x00, 0x40, 0x60, 0x00, 0x00, 0x04, 0x0A, 0x00,
  0x00, 0x41, 0x00, 0x00, 0x84, 0x01, 0x00, 0x30, 0x40, 0x00, 0x00, 0x04, 0x06, 0x00, 0x80, 0x60,
  0x00, 0x00, 0x04, 0x00, 0x08, 0x40, 0x20, 0x00, 0x00, 0x04, 0x00, 0x00, 0x00, 0x20, 0x00, 0x00,
  0x04, 0x00, 0x00, 0x00, 0x20, 0x00, 0x00, 0x04, 0x60, 0x01, 0x00, 0x20, 0x00, 0x00, 0x06, 0x80,
  0x00, 0x00, 0x20, 0x00, 0x00, 0x02, 0x00, 0x00, 0x00, 0x30, 0x00, 0x00, 0x02, 0x08, 0x00, 0x00,
  0x10, 0x00, 0x00, 0x02, 0x00, 0x00, 0x00, 0x10, 0x00, 0x00, 0x02, 0x00, 0x00, 0x00, 0x10, 0x00,
  0x00, 0x03, 0x00, 0x00, 0x00, 0x18, 0x00, 0x00, 0x01, 0x00, 0x00, 0x00, 0x08, 0x00, 0x80, 0xFF,
  0xFF, 0xFF, 0xFF, 0x0F, 0x00, 0x00, 0x00, 0x00, 0x00, 0x00, 0x00, 0x00, 0x00, 0x00, 0x00, 0x00,
  0x00, 0x00, 0x00, 0x00, 0x00, 0x00, 0x00, 0x00, 0x00, 0x00, 0x00, 0x00, 0x00, 0x00, 0x00, 0x00,
  0x00, 0x00, 0xFC, 0xFF, 0xFF, 0xFF, 0x7F, 0x00, 0x00, 0x04, 0x00, 0x00, 0x00, 0x20, 0x00, 0x00,
  0x86, 0x20, 0x20, 0x22, 0x39, 0x00, 0x00, 0x12, 0x04, 0x89, 0x08, 0x10, 0x00, 0x00, 0x42, 0x00,
  0x00, 0x00, 0x14, 0x00, 0x00, 0x02, 0x22, 0x10, 0x22, 0x11, 0x00, 0x00, 0x0B, 0x00, 0x42, 0x00,
  0x10, 0x00, 0x00, 0x21, 0x10, 0x00, 0x09, 0x1A, 0x00, 0x00, 0x81, 0x00, 0x11, 0x40, 0x08, 0x00,
  0x00, 0xD1, 0x04, 0x00, 0x00, 0x09, 0x00, 0x00, 0x45, 0x00, 0x44, 0x12, 0x08, 0x00, 0x00, 0x01,
  0x20, 0x10, 0x80, 0x08, 0x00, 0x80, 0x05, 0x42, 0x01, 0x09, 0x08, 0x00, 0x80, 0x0E, 0xF0, 0x20,
  0x40, 0x08, 0x00, 0x80, 0x40, 0x40, 0x04, 0x00, 0x0C, 0x00, 0x80, 0x01, 0x06, 0x10, 0x12, 0x08,
  0x00, 0x00, 0x29, 0x00, 0x80, 0x80, 0x08, 0x00, 0x00, 0x61, 0x10, 0x02, 0x00, 0x0C, 0x00, 0x00,
  0x01, 0x01, 0x10, 0x24, 0x08, 0x00, 0x00, 0x09, 0x08, 0x81, 0x00, 0x09, 0x00, 0x00, 0x01, 0x00,
  0x08, 0x08, 0x08, 0x00, 0x00, 0x21, 0x00, 0x40, 0x40, 0x18, 0x00, 0x00, 0x01, 0x41, 0x04, 0x02,
  0x14, 0x00, 0x00, 0x0B, 0x00, 0x00, 0x10, 0x10, 0x00, 0x00, 0x02, 0x08, 0x90, 0x80, 0x10, 0x00,
  0x00, 0x82, 0x00, 0x00, 0x04, 0x14, 0x00, 0x00, 0x12, 0x80, 0x44, 0x00, 0x10, 0x00, 0x00, 0x02,
  0x12, 0x00, 0x22, 0x11, 0x00, 0x00, 0x4A, 0x00, 0x08, 0x00, 0x10, 0x00, 0x00, 0x02, 0x09, 0x81,
  0x10, 0x30, 0x00, 0x00, 0x02, 0x40, 0x20, 0x80, 0x24, 0x00, 0x00, 0x56, 0x04, 0x08, 0x02, 0x20,
  0x00, 0x00, 0x04, 0x00, 0x01, 0x20, 0x20, 0x00, 0x00, 0x04, 0x11, 0x40, 0x08, 0x22, 0x00, 0x00,
  0x14, 0x40, 0x08, 0x00, 0x20, 0x00, 0x00, 0x44, 0x04, 0x02, 0x41, 0x30, 0x00, 0x00, 0x04, 0x21,
  0x20, 0x08, 0x22, 0x00, 0x00, 0x14, 0x00, 0x01, 0x00, 0x60, 0x00, 0x00, 0x04, 0x12, 0x00, 0x82,
  0x40, 0x00, 0x00, 0x44, 0x80, 0x48, 0x10, 0x40, 0x00, 0x00, 0x04, 0x01, 0x00, 0x00, 0x64, 0x00,
  0x00, 0x14, 0x10, 0x02, 0x44, 0x20, 0x00, 0x00, 0x04, 0x04, 0x90, 0x00, 0x20, 0x00, 0x00, 0x44,
  0x40, 0x00, 0x20, 0x22, 0x00, 0x00, 0x04, 0x01, 0x02, 0x04, 0x20, 0x00, 0x00, 0x16, 0x08, 0x90,
  0x00, 0x20, 0x00, 0x00, 0x82, 0x40, 0x00, 0x10, 0x31, 0x00, 0x00, 0x02, 0x04, 0x02, 0x00, 0x10,
  0x00, 0x00, 0x12, 0x20, 0x90, 0x84, 0x10, 0x00, 0x00, 0x82, 0x00, 0x00, 0x00, 0x10, 0x00, 0x00,
  0x0B, 0x12, 0x42, 0x20, 0x18, 0x00, 0x00, 0x01, 0x00, 0x00, 0x00, 0x08, 0x00, 0x80, 0xFF, 0xFF,
  0xFF, 0xFF, 0x0F, 0x00, 0x00, 0x00, 0x00, 0x00, 0x00, 0x00, 0x00, 0x00, 0x00, 0x00, 0x00, 0x00,
  0x00, 0x00, 0x00, 0x00, 0x00, 0x00, 0x00, 0x00, 0x00, 0x00, 0x00, 0x00, 0x00, 0x00, 0x00, 0x00,
  0x00, 0xFC, 0xFF, 0xFF, 0xFF, 0x7F, 0x00, 0x00, 0x04, 0x21, 0x76, 0x77, 0x3C, 0x00, 0x00, 0x16,
  0x19, 0xCB, 0xCC, 0x33, 0x00, 0x00, 0xA6, 0x91, 0x39, 0x33, 0x1D, 0x00, 0x00, 0xAE, 0xD4, 0xCA,
  0xEE, 0x12, 0x00, 0x00, 0xCE, 0x78, 0xB9, 0x95, 0x1D, 0x00, 0x00, 0xDB, 0x38, 0x64, 0x7A, 0x16,
  0x00, 0x00, 0x59, 0x58, 0xDC, 0xC7, 0x19, 0x00, 0x00, 0x79, 0x0A, 0xA4, 0x3C, 0x0F, 0x00, 0x00,
  0x71, 0x28, 0x5A, 0xD3, 0x08, 0x00, 0x00, 0x61, 0x1C, 0xB4, 0xAE, 0x0B, 0x00, 0x00, 0x7F, 0xFA,
  0xEB, 0x59, 0x0A, 0x00, 0x80, 0x01, 0x00, 0x1C, 0xE7, 0x0D, 0x00, 0x80, 0x88, 0x80, 0xEA, 0x1C,
  0x0B, 0x00, 0x80, 0x22, 0x2A, 0x54, 0xF3, 0x0C, 0x00, 0x80, 0x7D, 0xDC, 0xBB, 0x4D, 0x0B, 0x00,
  0x00, 0x41, 0x18, 0x64, 0xB6, 0x0A, 0x00, 0x00, 0x51, 0x3D, 0x9C, 0x59, 0x0D, 0x00, 0x00, 0x69,
  0x28, 0x64, 0xA7, 0x0A, 0x00, 0x00, 0x69, 0x68, 0xDC, 0xDA, 0x0D, 0x00, 0x00, 0x75, 0xDA, 0x30,
  0x35, 0x0B, 0x00, 0x00, 0x59, 0xA8, 0xED, 0xCE, 0x1C, 0x00, 0x00, 0xDB, 0x08, 0x93, 0xB1, 0x13,
  0x00, 0x00, 0x8F, 0x5C, 0x6F, 0x6E, 0x1C, 0x00, 0x00, 0xCE, 0x90, 0xB4, 0x95, 0x13, 0x00, 0x00,
  0x86, 0x18, 0xCD, 0x6A, 0x16, 0x00, 0x00, 0x96, 0x16, 0x3A, 0xD7, 0x19, 0x00, 0x00, 0x7A, 0xE9,
  0xE5, 0x38, 0x16, 0x00, 0x00, 0xA6, 0x9F, 0x9A, 0xC7, 0x19, 0x00, 0x00, 0x5E, 0x71, 0x77, 0x3C,
  0x37, 0x00, 0x00, 0xEA, 0xCE, 0xCC, 0xE3, 0x38, 0x00, 0x00, 0x96, 0x39, 0x33, 0x1C, 0x27, 0x00,
  0x00, 0x7C, 0xD7, 0xEE, 0xE7, 0x2C, 0x00, 0x00, 0xA4, 0xAA, 0x55, 0x58, 0x33, 0x00, 0x00, 0xDC,
  0x22, 0x8A, 0xA7, 0x2A, 0x00, 0x00, 0xA4, 0xD5, 0x9D, 0x5A, 0x35, 0x00, 0x00, 0x7C, 0x22, 0x99,
  0xA7, 0x2B, 0x00, 0x00, 0xC4, 0x5D, 0x93, 0x5B, 0x74, 0x00, 0x00, 0x3C, 0x23, 0x9F, 0xD6, 0x6B,
  0x00, 0x00, 0xEC, 0x44, 0x00, 0x40, 0x54, 0x00, 0x00, 0x54, 0x33, 0x9F, 0x9F, 0x6B, 0x00, 0x00,
  0xAC, 0x66, 0x99, 0x68, 0x34, 0x00, 0x00, 0x74, 0x91, 0x84, 0x95, 0x2B, 0x00, 0x00, 0xCC, 0x26,
  0x5D, 0x6B, 0x36, 0x00, 0x00, 0x34, 0x83, 0x86, 0x94, 0x29, 0x00, 0x00, 0xEE, 0xFC, 0x7D, 0x7B,
  0x26, 0x00, 0x00, 0x92, 0x03, 0x82, 0x84, 0x39, 0x00, 0x00, 0x7E, 0xFE, 0x7D, 0x7B, 0x16, 0x00,
  0x00, 0xA2, 0x91, 0x8A, 0x86, 0x19, 0x00, 0x00, 0x5E, 0x6F, 0x75, 0x79, 0x16, 0x00, 0x00, 0xB3,
  0xD0, 0xCA, 0xA6, 0x19, 0x00, 0x00, 0x4D, 0x2F, 0x15, 0x49, 0x0A, 0x00, 0x80, 0xFF, 0xFF, 0xFF,
  0xFF, 0x0F, 0x00, 0x00, 0x00, 0x00, 0x00, 0x00, 0x00, 0x00, 0x00, 0x00, 0x00, 0x00, 0x00, 0x00,
  0x00, 0x00, 0x00, 0x00, 0x00, 0x00, 0x00, 0x00, 0x00, 0x00, 0x00, 0x00, 0x00, 0x00, 0x00, 0x00,
  0xFC, 0xFF, 0xFF, 0xFF, 0x7F, 0x00, 0x00, 0xDC, 0xDB, 0xB6, 0x6D, 0x3B, 0x00, 0x00, 0x7E, 0xFF,
  0xFF, 0xFF, 0x3D, 0x00, 0x00, 0xF2, 0xFF, 0xF7, 0xBF, 0x17, 0x00, 0x00, 0xF2, 0xB7, 0x7D, 0xFB,
  0x13, 0x00, 0x00, 0xE2, 0xFE, 0xDF, 0xDF, 0x10, 0x00, 0x00, 0xF7, 0xBF, 0xFA, 0x7D, 0x10, 0x00,
  0x00, 0xC1, 0xF7, 0xD7, 0xBF, 0x18, 0x00, 0x00, 0xC1, 0x6E, 0x7D, 0x1F, 0x0A, 0x00, 0x00, 0x95,
  0xBF, 0xDB, 0x0D, 0x08, 0x00, 0x00, 0x01, 0xF7, 0xF6, 0x27, 0x09, 0x00, 0x00, 0x25, 0xDF, 0xDF,
  0x07, 0x08, 0x00, 0x80, 0x01, 0xFE, 0xFD, 0x12, 0x08, 0x00, 0x80, 0x92, 0xFC, 0xF7, 0x81, 0x08,
  0x00, 0x80, 0x00, 0xB8, 0xFF, 0x00, 0x0C, 0x00, 0x80, 0x41, 0xF0, 0xBD, 0x24, 0x08, 0x00, 0x00,
  0x15, 0xE2, 0x7F, 0x00, 0x09, 0x00, 0x00, 0x01, 0xE8, 0x2E, 0x02, 0x08, 0x00, 0x00, 0x45, 0xC0,
  0x1F, 0x40, 0x08, 0x00, 0x00, 0x01, 0x81, 0x9D, 0x08, 0x0A, 0x00, 0x00, 0x11, 0x24, 0x0F, 0x00,
  0x08, 0x00, 0x00, 0x45, 0x00, 0x46, 0x44, 0x18, 0x00, 0x00, 0x01, 0x02, 0x04, 0x00, 0x12, 0x00,
  0x00, 0x23, 0x10, 0x20, 0x22, 0x10, 0x00, 0x00, 0x0A, 0x81, 0x08, 0x00, 0x11, 0x00, 0x00, 0x02,
  0x08, 0x00, 0x08, 0x10, 0x00, 0x00, 0x42, 0x00, 0x82, 0x80, 0x10, 0x00, 0x00, 0x0A, 0x42, 0x10,
  0x02, 0x10, 0x00, 0x00, 0x22, 0x00, 0x00, 0x10, 0x14, 0x00, 0x00, 0x02, 0x11, 0x81, 0x80, 0x30,
  0x00, 0x00, 0x12, 0x00, 0x10, 0x04, 0x20, 0x00, 0x00, 0x86, 0x88, 0x00, 0x20, 0x22, 0x00, 0x00,
  0x04, 0x00, 0x88, 0x00, 0x20, 0x00, 0x00, 0x14, 0x44, 0x00, 0x04, 0x21, 0x00, 0x00, 0x84, 0x00,
  0x44, 0x20, 0x20, 0x00, 0x00, 0x04, 0x00, 0x00, 0x00, 0x28, 0x00, 0x00, 0x24, 0x48, 0x20, 0x12,
  0x20, 0x00, 0x00, 0x04, 0x01, 0x02, 0x00, 0x61, 0x00, 0x00, 0x04, 0x00, 0x10, 0x01, 0x40, 0x00,
  0x00, 0x24, 0x48, 0x00, 0x90, 0x48, 0x00, 0x00, 0x04, 0x01, 0x00, 0x00, 0x60, 0x00, 0x00, 0x04,
  0x00, 0x42, 0x42, 0x20, 0x00, 0x00, 0x24, 0x08, 0x10, 0x00, 0x24, 0x00, 0x00, 0x04, 0x41, 0x00,
  0x11, 0x20, 0x00, 0x00, 0x04, 0x00, 0x00, 0x00, 0x20, 0x00, 0x00, 0x26, 0x10, 0x42, 0x80, 0x24,
  0x00, 0x00, 0x02, 0x01, 0x10, 0x04, 0x30, 0x00, 0x00, 0x02, 0x00, 0x00, 0x20, 0x10, 0x00, 0x00,
  0x92, 0x40, 0x08, 0x01, 0x12, 0x00, 0x00, 0x02, 0x08, 0x00, 0x00, 0x10, 0x00, 0x00, 0x03, 0x00,
  0x42, 0x88, 0x18, 0x00, 0x00, 0x41, 0x00, 0x00, 0x00, 0x08, 0x00, 0x80, 0xFF, 0xFF, 0xFF, 0xFF,
  0x0F, 0x00, 0x00, 0x00, 0x00, 0x00, 0x00, 0x00, 0x00, 0x00, 0x00, 0x00, 0x00, 0x00, 0x00, 0x00,
  0x00, 0x00, 0x00, 0x00, 0x00, 0x00, 0x00, 0x00, 0x00, 0x00, 0x00, 0x00, 0x00, 0x00, 0x00, 0xFC,
  0xFF, 0xFF, 0xFF, 0x7F, 0x00, 0x00, 0xAC, 0xA4, 0xA8, 0x38, 0x25, 0x00, 0x00, 0x86, 0x88, 0xE4,
  0x1C, 0x37, 0x00, 0x00, 0x2A, 0x13, 0x71, 0x9A, 0x13, 0x00, 0x00, 0x16, 0x28, 0x71, 0x9C, 0x13,
  0x00, 0x00, 0x66, 0x45, 0x76, 0x8E, 0x11, 0x00, 0x00, 0x83, 0xA8, 0x38, 0x8E, 0x13, 0x00, 0x00,
  0x1D, 0x89, 0xB0, 0xCE, 0x19, 0x00, 0x00, 0xA3, 0x22, 0x3A, 0x86, 0x09, 0x00, 0x00, 0x25, 0x24,
  0x3A, 0xEE, 0x09, 0x00, 0x00, 0x8B, 0xC9, 0x38, 0xC7, 0x09, 0x00, 0x00, 0x11, 0x08, 0x38, 0xC6,
  0x09, 0x00, 0x80, 0x6B, 0x23, 0x3B, 0xE7, 0x09, 0x00, 0x80, 0x00, 0x88, 0x38, 0xC6, 0x09, 0x00,
  0x80, 0x9A, 0xAA, 0x38, 0xC7, 0x09, 0x00, 0x80, 0x25, 0x40, 0x3A, 0xE6, 0x09, 0x00, 0x00, 0xA3,
  0x12, 0x38, 0xC7, 0x09, 0x00, 0x00, 0x99, 0xCC, 0x3A, 0xC6, 0x09, 0x00, 0x00, 0x03, 0x00, 0x18,
  0xCE, 0x09, 0x00, 0x00, 0x75, 0x2B, 0xBB, 0xCE, 0x09, 0x00, 0x00, 0x03, 0x00, 0x38, 0x8E, 0x09,
  0x00, 0x00, 0x39, 0xE7, 0x31, 0xCE, 0x19, 0x00, 0x00, 0x39, 0xC6, 0x79, 0x8E, 0x13, 0x00, 0x00,
  0x3F, 0xAF, 0x31, 0x8E, 0x11, 0x00, 0x00, 0x32, 0xC6, 0x71, 0x8C, 0x13, 0x00, 0x00, 0x3A, 0x8F,
  0x79, 0xCE, 0x13, 0x00, 0x00, 0x72, 0xAA, 0x73, 0x1C, 0x13, 0x00, 0x00, 0x3A, 0x8E, 0x63, 0x9C,
  0x13, 0x00, 0x00, 0x72, 0x8D, 0x73, 0x1A, 0x13, 0x00, 0x00, 0x5A, 0xDC, 0xE3, 0x1C, 0x37, 0x00,
  0x00, 0x72, 0x8E, 0x63, 0x98, 0x23, 0x00, 0x00, 0x76, 0x1C, 0xF3, 0x1C, 0x27, 0x00, 0x00, 0x64,
  0x9C, 0xE3, 0x18, 0x27, 0x00, 0x00, 0xF4, 0x1E, 0x67, 0x3A, 0x27, 0x00, 0x00, 0x64, 0x94, 0xE3,
  0x38, 0x27, 0x00, 0x00, 0xF4, 0x1C, 0xC7, 0x38, 0x26, 0x00, 0x00, 0xE4, 0x58, 0xD3, 0x3A, 0x27,
  0x00, 0x00, 0x74, 0x1A, 0xE7, 0x38, 0x66, 0x00, 0x00, 0xE4, 0x1C, 0xC7, 0x38, 0x4E, 0x00, 0x00,
  0xE4, 0x58, 0xE7, 0x3A, 0x46, 0x00, 0x00, 0xF4, 0x1C, 0xC3, 0x18, 0x67, 0x00, 0x00, 0xE4, 0x98,
  0xE7, 0x3C, 0x26, 0x00, 0x00, 0xE4, 0x1C, 0xE7, 0x38, 0x27, 0x00, 0x00, 0x74, 0x1A, 0xA3, 0x18,
  0x23, 0x00, 0x00, 0x64, 0x9C, 0xE7, 0x3C, 0x27, 0x00, 0x00, 0x76, 0x1C, 0xE3, 0x18, 0x27, 0x00,
  0x00, 0x72, 0x8D, 0x63, 0x1C, 0x33, 0x00, 0x00, 0x3A, 0xAC, 0xF3, 0x9C, 0x13, 0x00, 0x00, 0xB2,
  0x8E, 0x31, 0x8C, 0x13, 0x00, 0x00, 0x3A, 0xC6, 0x79, 0x8E, 0x12, 0x00, 0x00, 0x3B, 0xD7, 0x31,
  0xCE, 0x19, 0x00, 0x00, 0x0D, 0x45, 0x28, 0x42, 0x09, 0x00, 0x80, 0xFF, 0xFF, 0xFF, 0xFF, 0x0F,
  0x00, 0x00, 0x00, 0x00, 0x00, 0x00, 0x00, 0x00, 0x00, 0x00, 0x00, 0x00, 0x00, 0x00, 0x00, 0x00,
  0x00, 0x00, 0x00, 0x00, 0x00, 0x00, 0x00, 0x00, 0x00, 0x00, 0x00, 0x00, 0x00, 0x00, 0xFC, 0xFF,
  0xFF, 0xFF, 0x7F, 0x00, 0x00, 0x4C, 0x01, 0x00, 0x40, 0x28, 0x00, 0x00, 0x96, 0x03, 0x00, 0xC0,
  0x32, 0x00, 0x00, 0x26, 0x05, 0x00, 0x30, 0x19, 0x00, 0x00, 0x4A, 0x03, 0x00, 0x48, 0x10, 0x00,
  0x00, 0x92, 0x04, 0x00, 0x94, 0x1A, 0x00, 0x00, 0x2B, 0x07, 0x00, 0x2A, 0x10, 0x00, 0x00, 0x45,
  0x0C, 0x00, 0x06, 0x1D, 0x00, 0x00, 0x89, 0x0A, 0x80, 0x51, 0x08, 0x00, 0x00, 0x53, 0x1C, 0x80,
  0x0A, 0x0D, 0x00, 0x00, 0x27, 0x31, 0x40, 0x41, 0x0E, 0x00, 0x00, 0x95, 0x14, 0xE0, 0x14, 0x0B,
  0x00, 0x80, 0x4F, 0x6A, 0x10, 0xC0, 0x0F, 0x00, 0x80, 0x2E, 0xA0, 0x70, 0x95, 0x09, 0x00, 0x80,
  0x9C, 0xEA, 0x18, 0xC0, 0x09, 0x00, 0x80, 0x3B, 0x85, 0x45, 0xF5, 0x08, 0x00, 0x00, 0x79, 0x50,
  0x1D, 0x60, 0x08, 0x00, 0x00, 0x77, 0x0A, 0x43, 0x75, 0x08, 0x00, 0x00, 0xE1, 0xC4, 0x16, 0x38,
  0x08, 0x00, 0x00, 0xCB, 0x11, 0x48, 0x39, 0x08, 0x00, 0x00, 0x91, 0x4B, 0x21, 0x1E, 0x08, 0x00,
  0x00, 0x4B, 0x27, 0x8A, 0x0C, 0x18, 0x00, 0x00, 0x25, 0x87, 0x10, 0x0E, 0x10, 0x00, 0x00, 0x93,
  0x2E, 0xA2, 0x06, 0x10, 0x00, 0x00, 0x46, 0x9C, 0x04, 0x07, 0x10, 0x00, 0x00, 0x12, 0x39, 0xA9,
  0x03, 0x10, 0x00, 0x00, 0xA6, 0x74, 0x40, 0x03, 0x10, 0x00, 0x00, 0x4A, 0xE2, 0x8A, 0x03, 0x10,
  0x00, 0x00, 0x12, 0xE8, 0xD0, 0x01, 0x10, 0x00, 0x00, 0xA6, 0xD2, 0x84, 0x01, 0x30, 0x00, 0x00,
  0x02, 0xE8, 0xD0, 0x03, 0x20, 0x00, 0x00, 0xAE, 0xC2, 0x82, 0x01, 0x20, 0x00, 0x00, 0x44, 0xD4,
  0x54, 0x03, 0x20, 0x00, 0x00, 0x2C, 0xC2, 0x80, 0x03, 0x20, 0x00, 0x00, 0x84, 0xE8, 0x55, 0x03,
  0x20, 0x00, 0x00, 0x2C, 0xC5, 0x00, 0x03, 0x20, 0x00, 0x00, 0x14, 0xD0, 0x95, 0x03, 0x20, 0x00,
  0x00, 0x44, 0xC5, 0x20, 0x03, 0x60, 0x00, 0x00, 0x2C, 0xD0, 0x85, 0x03, 0x40, 0x00, 0x00, 0x04,
  0xC5, 0x28, 0x03, 0x40, 0x00, 0x00, 0x54, 0xE8, 0x81, 0x03, 0x60, 0x00, 0x00, 0x0C, 0xC1, 0x2A,
  0x03, 0x20, 0x00, 0x00, 0x44, 0x6A, 0x01, 0x03, 0x20, 0x00, 0x00, 0x94, 0xC0, 0x54, 0x03, 0x20,
  0x00, 0x00, 0x0C, 0xD5, 0x81, 0x03, 0x60, 0x00, 0x00, 0x26, 0xC0, 0xA8, 0x01, 0x20, 0x00, 0x00,
  0x4A, 0xF5, 0x82, 0x03, 0x30, 0x00, 0x00, 0x02, 0x60, 0x90, 0x01, 0x10, 0x00, 0x00, 0x56, 0x75,
  0xC5, 0x01, 0x10, 0x00, 0x00, 0x02, 0x60, 0xD0, 0x00, 0x10, 0x00, 0x00, 0x57, 0x35, 0xC2, 0x00,
  0x18, 0x00, 0x00, 0x01, 0xB0, 0x68, 0x00, 0x08, 0x00, 0x80, 0xFF, 0xFF, 0xFF, 0xFF, 0x0F, 0x00,
  0x00, 0x00, 0x00, 0x00, 0x00, 0x00, 0x00, 0x00, 0x00, 0x00, 0x00, 0x00, 0x00, 0x00, 0x00, 0x00,
  0x00, 0x00, 0x00, 0x00, 0x00, 0x00, 0x00, 0x00, 0x00, 0x00, 0x00, 0x00, 0x00, 0xFC, 0xFF, 0xFF,
  0xFF, 0x7F, 0x00, 0x00, 0x4C, 0x01, 0x00, 0x40, 0x28, 0x00, 0x00, 0x96, 0x03, 0x00, 0xC0, 0x32,
  0x00, 0x00, 0x26, 0x05, 0x00, 0x30, 0x19, 0x00, 0x00, 0x4A, 0x03, 0x00, 0x48, 0x10, 0x00, 0x00,
  0x92, 0x04, 0x00, 0x94, 0x1A, 0x00, 0x00, 0x2B, 0x07, 0x00, 0x2A, 0x10, 0x00, 0x00, 0x45, 0x0C,
  0x00, 0x06, 0x1D, 0x00, 0x00, 0x89, 0x0A, 0x80, 0x51, 0x08, 0x00, 0x00, 0x53, 0x1C, 0x80, 0x0A,
  0x0D, 0x00, 0x00, 0x27, 0x31, 0x40, 0x41, 0x0E, 0x00, 0x00, 0x95, 0x14, 0xE0, 0x14, 0x0B, 0x00,
  0x80, 0x4F, 0x6A, 0x10, 0xC0, 0x0F, 0x00, 0x80, 0x2E, 0xA0, 0x70, 0x95, 0x09, 0x00, 0x80, 0x9C,
  0xEA, 0x18, 0xC0, 0x09, 0x00, 0x80, 0x3B, 0x85, 0x45, 0xF5, 0x08, 0x00, 0x00, 0x79, 0x50, 0x1D,
  0x60, 0x08, 0x00, 0x00, 0x77, 0x0A, 0x43, 0x75, 0x08, 0x00, 0x00, 0xE1, 0xC4, 0x16, 0x38, 0x08,
  0x00, 0x00, 0xCB, 0x11, 0x48, 0x39, 0x08, 0x00, 0x00, 0x91, 0x4B, 0x21, 0x1E, 0x08, 0x00, 0x00,
  0x4B, 0x27, 0x8A, 0x0C, 0x18, 0x00, 0x00, 0x25, 0x87, 0x10, 0x0E, 0x10, 0x00, 0x00, 0x93, 0x2E,
  0xA2, 0x06, 0x10, 0x00, 0x00, 0x46, 0x9C, 0x04, 0x07, 0x10, 0x00, 0x00, 0x12, 0x39, 0xA9, 0x03,
  0x10, 0x00, 0x00, 0xA6, 0x74, 0x40, 0x03, 0x10, 0x00, 0x00, 0x4A, 0xE2, 0x8A, 0x03, 0x10, 0x00,
  0x00, 0x12, 0xE8, 0xD0, 0x01, 0x10, 0x00, 0x00, 0xA6, 0xD2, 0x84, 0x01, 0x30, 0x00, 0x00, 0x02,
  0xE8, 0xD0, 0x03, 0x20, 0x00, 0x00, 0xAE, 0xC2, 0x82, 0x01, 0x20, 0x00, 0x00, 0x44, 0xD4, 0x54,
  0x03, 0x20, 0x00, 0x00, 0x2C, 0xC2, 0x80, 0x03, 0x20, 0x00, 0x00, 0x84, 0xE8, 0x55, 0x03, 0x20,
  0x00, 0x00, 0x2C, 0xC5, 0x00, 0x03, 0x20, 0x00, 0x00, 0x14, 0xD0, 0x95, 0x03, 0x20, 0x00, 0x00,
  0x44, 0xC5, 0x20, 0x03, 0x60, 0x00, 0x00, 0x2C, 0xD0, 0x85, 0x03, 0x40, 0x00, 0x00, 0x04, 0xC5,
  0x28, 0x03, 0x40, 0x00, 0x00, 0x54, 0xE8, 0x81, 0x03, 0x60, 0x00, 0x00, 0x0C, 0xC1, 0x2A, 0x03,
  0x20, 0x00, 0x00, 0x44, 0x6A, 0x01, 0x03, 0x20, 0x00, 0x00, 0x94, 0xC0, 0x54, 0x03, 0x20, 0x00,
  0x00, 0x0C, 0xD5, 0x81, 0x03, 0x60, 0x00, 0x00, 0x26, 0xC0, 0xA8, 0x01, 0x20, 0x00, 0x00, 0x4A,
  0xF5, 0x82, 0x03, 0x30, 0x00, 0x00, 0x02, 0x60, 0x90, 0x01, 0x10, 0x00, 0x00, 0x56, 0x75, 0xC5,
  0x01, 0x10, 0x00, 0x00, 0x02, 0x60, 0xD0, 0x00, 0x10, 0x00, 0x00, 0x57, 0x35, 0xC2, 0x00, 0x18,
  0x00, 0x00, 0x01, 0xB0, 0x68, 0x00, 0x08, 0x00, 0x80, 0xFF, 0xFF, 0xFF, 0xFF, 0x0F, 0x00, 0x00,
  0x00, 0x00, 0x00, 0x00, 0x00, 0x00, 0x00, 0x00, 0x00, 0x00, 0x00, 0x00, 0x00, 0x00, 0x00, 0x00,
  0x00, 0x00, 0x00, 0x00, 0x00, 0x00, 0x00, 0x00, 0x00, 0x00, 0x00, 0x00, 0xFC, 0xFF, 0xFF, 0xFF,
  0x7F, 0x00, 0x00, 0x04, 0xC0, 0xB6, 0x01, 0x20, 0x00, 0x00, 0xA6, 0xEA, 0xFF, 0x03, 0x30, 0x00,
  0x00, 0x0A, 0x60, 0xDF, 0x01, 0x10, 0x00, 0x00, 0x42, 0xE4, 0xFF, 0x01, 0x10, 0x00, 0x00, 0x12,
  0xF1, 0xFB, 0x00, 0x10, 0x00, 0x00, 0x07, 0xD0, 0xDF, 0x00, 0x10, 0x00, 0x00, 0x41, 0xFA, 0xFE,
  0x00, 0x18, 0x00, 0x00, 0x11, 0xF0, 0xEF, 0x00, 0x08, 0x00, 0x00, 0x85, 0x70, 0xFF, 0x00, 0x08,
  0x00, 0x00, 0x21, 0xFA, 0x77, 0x00, 0x08, 0x00, 0x00, 0x03, 0xF0, 0xFF, 0x00, 0x08, 0x00, 0x80,
  0x89, 0xF8, 0x7D, 0x00, 0x08, 0x00, 0x80, 0x20, 0xB2, 0xFF, 0x00, 0x08, 0x00, 0x80, 0x04, 0xF8,
  0x6F, 0x00, 0x08, 0x00, 0x80, 0x91, 0xF4, 0xFE, 0x00, 0x08, 0x00, 0x00, 0x03, 0xF0, 0x7F, 0x00,
  0x08, 0x00, 0x00, 0x49, 0x72, 0xF7, 0x00, 0x08, 0x00, 0x00, 0x01, 0xF0, 0xFF, 0x00, 0x08, 0x00,
  0x00, 0x05, 0xF9, 0xBB, 0x00, 0x08, 0x00, 0x00, 0x51, 0xB0, 0xFF, 0x00, 0x08, 0x00, 0x00, 0x01,
  0xF4, 0xFD, 0x00, 0x18, 0x00, 0x00, 0x85, 0xF0, 0xAF, 0x00, 0x10, 0x00, 0x00, 0x13, 0x70, 0xF2,
  0x00, 0x10, 0x00, 0x00, 0x42, 0xE2, 0xAD, 0x01, 0x10, 0x00, 0x00, 0x0A, 0x68, 0xFB, 0x00, 0x10,
  0x00, 0x00, 0x22, 0xE0, 0x9F, 0x01, 0x10, 0x00, 0x00, 0x02, 0xE1, 0xF4, 0x01, 0x10, 0x00, 0x00,
  0x0A, 0xE8, 0x6B, 0x01, 0x10, 0x00, 0x00, 0x22, 0xC1, 0xD5, 0x01, 0x30, 0x00, 0x00, 0x02, 0xD0,
  0xAE, 0x03, 0x20, 0x00, 0x00, 0x96, 0xE0, 0xFF, 0x01, 0x20, 0x00, 0x00, 0x04, 0xC4, 0xFF, 0x03,
  0x20, 0x00, 0x00, 0x44, 0xC0, 0xEF, 0x03, 0x20, 0x00, 0x00, 0x14, 0xD2, 0x7D, 0x03, 0x20, 0x00,
  0x00, 0x04, 0xC0, 0xFF, 0x03, 0x20, 0x00, 0x00, 0x84, 0xC8, 0xFF, 0x03, 0x20, 0x00, 0x00, 0x14,
  0xC0, 0x6D, 0x03, 0x60, 0x00, 0x00, 0x44, 0xC2, 0xFF, 0x03, 0x40, 0x00, 0x00, 0x04, 0xD0, 0xBE,
  0x03, 0x40, 0x00, 0x00, 0x04, 0xC1, 0xFF, 0x03, 0x60, 0x00, 0x00, 0x14, 0xC0, 0xEF, 0x03, 0x20,
  0x00, 0x00, 0x44, 0xE4, 0xFE, 0x02, 0x20, 0x00, 0x00, 0x04, 0xC0, 0xF7, 0x03, 0x20, 0x00, 0x00,
  0x84, 0xE0, 0xFF, 0x03, 0x20, 0x00, 0x00, 0x16, 0xC4, 0xBE, 0x01, 0x20, 0x00, 0x00, 0x42, 0xE0,
  0xFF, 0x03, 0x30, 0x00, 0x00, 0x02, 0x62, 0xF7, 0x01, 0x10, 0x00, 0x00, 0x12, 0xF0, 0x7F, 0x01,
  0x10, 0x00, 0x00, 0x02, 0xE0, 0xFB, 0x01, 0x10, 0x00, 0x00, 0x8B, 0xF4, 0xFF, 0x00, 0x18, 0x00,
  0x00, 0x01, 0xB0, 0x56, 0x00, 0x08, 0x00, 0x80, 0xFF, 0xFF, 0xFF, 0xFF, 0x0F, 0x00, 0x00, 0x00,
  0x00, 0x00, 0x00, 0x00, 0x00, 0x00, 0x00, 0x00, 0x00, 0x00, 0x00, 0x00, 0x00, 0x00, 0x00, 0x00,
  0x00, 0x00, 0x00, 0x00, 0x00, 0x00, 0x00, 0x00, 0x00, 0x00, 0x00, 0xFC, 0xFF, 0xFF, 0xFF, 0x7F,
  0x00, 0x00, 0x04, 0x60, 0x00, 0x04, 0x20, 0x00, 0x00, 0x06, 0x20, 0x00, 0x56, 0x35, 0x00, 0x00,
  0x02, 0x30, 0x00, 0x06, 0x10, 0x00, 0x00, 0x02, 0x30, 0x40, 0x43, 0x14, 0x00, 0x00, 0x02, 0x10,
  0x00, 0x13, 0x11, 0x00, 0x00, 0x03, 0x18, 0x08, 0x03, 0x10, 0x00, 0x00, 0x01, 0x18, 0x80, 0x51,
  0x1C, 0x00, 0x00, 0x01, 0x18, 0x04, 0x05, 0x09, 0x00, 0x00, 0x01, 0x08, 0x80, 0x21, 0x08, 0x00,
  0x00, 0x01, 0x08, 0x82, 0x09, 0x0C, 0x00, 0x00, 0x01, 0x08, 0x80, 0x41, 0x09, 0x00, 0x80, 0x01,
  0x88, 0x80, 0x09, 0x08, 0x00, 0x80, 0x00, 0x0C, 0x80, 0x21, 0x08, 0x00, 0x80, 0x00, 0x08, 0x80,
  0x89, 0x0A, 0x00, 0x80, 0x01, 0x08, 0x90, 0x01, 0x08, 0x00, 0x00, 0x01, 0x88, 0x80, 0x09, 0x08,
  0x00, 0x00, 0x01, 0x08, 0x88, 0xA1, 0x0A, 0x00, 0x00, 0x01, 0x18, 0x80, 0x01, 0x08, 0x00, 0x00,
  0x01, 0x08, 0x04, 0x15, 0x08, 0x00, 0x00, 0x81, 0x19, 0x80, 0x81, 0x0A, 0x00, 0x00, 0x01, 0x1B,
  0x00, 0x2B, 0x18, 0x00, 0x00, 0x01, 0x0C, 0x00, 0x03, 0x11, 0x00, 0x00, 0x03, 0x00, 0x00, 0x10,
  0x18, 0x00, 0x00, 0x02, 0x00, 0x00, 0x40, 0x10, 0x00, 0x00, 0x02, 0x38, 0xC4, 0x03, 0x12, 0x00,
  0x00, 0x02, 0xCA, 0x2D, 0x2C, 0x10, 0x00, 0x00, 0x02, 0x30, 0x80, 0x83, 0x14, 0x00, 0x00, 0x02,
  0x00, 0x00, 0x00, 0x10, 0x00, 0x00, 0x02, 0x00, 0x00, 0x10, 0x31, 0x00, 0x00, 0x02, 0x38, 0x00,
  0x06, 0x30, 0x00, 0x00, 0x06, 0x2C, 0x00, 0x56, 0x22, 0x00, 0x00, 0x04, 0x23, 0x00, 0x07, 0x28,
  0x00, 0x00, 0x04, 0x60, 0x00, 0xA4, 0x20, 0x00, 0x00, 0x04, 0x20, 0x10, 0x06, 0x20, 0x00, 0x00,
  0x04, 0x60, 0x00, 0x04, 0x29, 0x00, 0x00, 0x04, 0x60, 0x00, 0x2E, 0x20, 0x00, 0x00, 0x04, 0x60,
  0x00, 0x84, 0x60, 0x00, 0x00, 0x04, 0x60, 0x20, 0x0C, 0x44, 0x00, 0x00, 0x04, 0x60, 0x00, 0x4C,
  0x40, 0x00, 0x00, 0x04, 0x60, 0x00, 0x06, 0x62, 0x00, 0x00, 0x04, 0x60, 0x00, 0x0C, 0x20, 0x00,
  0x00, 0x04, 0x60, 0x20, 0x24, 0x21, 0x00, 0x00, 0x04, 0x20, 0x00, 0x06, 0x28, 0x00, 0x00, 0x04,
  0x60, 0x00, 0x06, 0x20, 0x00, 0x00, 0x06, 0x20, 0x00, 0x26, 0x21, 0x00, 0x00, 0x02, 0x30, 0x20,
  0x06, 0x30, 0x00, 0x00, 0x02, 0x30, 0x00, 0x12, 0x14, 0x00, 0x00, 0x02, 0x10, 0x10, 0x03, 0x10,
  0x00, 0x00, 0x02, 0x10, 0x00, 0x8B, 0x10, 0x00, 0x00, 0x03, 0x18, 0x08, 0x01, 0x18, 0x00, 0x00,
  0x01, 0x08, 0x80, 0x41, 0x08, 0x00, 0x80, 0xFF, 0xFF, 0xFF, 0xFF, 0x0F, 0x00, 0x00, 0x00, 0x00,
  0x00, 0x00, 0x00, 0x00, 0x00, 0x00, 0x00, 0x00, 0x00, 0x00, 0x00, 0x00, 0x00, 0x00, 0x00, 0x00,
  0x00, 0x00, 0x00, 0x00, 0x00, 0x00, 0x00, 0x00, 0x00, 0x00, 0xFC, 0xFF, 0xFF, 0xFF, 0x7F, 0x00,
  0x00, 0xAC, 0x6A, 0x55, 0x01, 0x20, 0x00, 0x00, 0x56, 0xD5, 0xFF, 0x93, 0x34, 0x00, 0x00, 0x26,
  0xE0, 0x5A, 0x01, 0x10, 0x00, 0x00, 0x4A, 0xAD, 0xF7, 0x49, 0x12, 0x00, 0x00, 0xA6, 0xF2, 0x5E,
  0x00, 0x10, 0x00, 0x00, 0x4B, 0xA8, 0xF5, 0x21, 0x10, 0x00, 0x00, 0x11, 0xF3, 0x5F, 0x04, 0x19,
  0x00, 0x00, 0x6B, 0x54, 0xB5, 0x00, 0x08, 0x00, 0x00, 0x85, 0xF9, 0xEF, 0xA4, 0x08, 0x00, 0x00,
  0x29, 0x52, 0x5D, 0x00, 0x08, 0x00, 0x00, 0x93, 0xF8, 0xFB, 0x02, 0x0A, 0x00, 0x80, 0x25, 0xAB,
  0x56, 0x20, 0x08, 0x00, 0x80, 0x52, 0xF4, 0x7F, 0x88, 0x08, 0x00, 0x80, 0x24, 0x59, 0xD5, 0x00,
  0x08, 0x00, 0x80, 0x49, 0xF2, 0x7F, 0x42, 0x08, 0x00, 0x00, 0x93, 0x5C, 0x55, 0x10, 0x0A, 0x00,
  0x00, 0x25, 0xF1, 0xFB, 0x00, 0x08, 0x00, 0x00, 0x4B, 0x0A, 0x80, 0x44, 0x08, 0x00, 0x00, 0x91,
  0x24, 0x04, 0x00, 0x08, 0x00, 0x00, 0x27, 0x81, 0x90, 0x08, 0x09, 0x00, 0x00, 0x49, 0xC8, 0x12,
  0x40, 0x18, 0x00, 0x00, 0x93, 0x02, 0x41, 0x02, 0x10, 0x00, 0x00, 0x27, 0x50, 0x54, 0x09, 0x12,
  0x00, 0x00, 0x4A, 0x0A, 0x8F, 0x40, 0x10, 0x00, 0x00, 0x16, 0xE0, 0x30, 0x04, 0x11, 0x00, 0x00,
  0xA2, 0x16, 0x41, 0x09, 0x10, 0x00, 0x00, 0x16, 0xE0, 0xA0, 0x40, 0x18, 0x00, 0x00, 0x4A, 0x08,
  0x1D, 0x11, 0x10, 0x00, 0x00, 0x92, 0x22, 0xC9, 0x02, 0x31, 0x00, 0x00, 0x46, 0x10, 0x26, 0x04,
  0x24, 0x00, 0x00, 0x96, 0x04, 0x01, 0x20, 0x20, 0x00, 0x00, 0x2C, 0x41, 0x52, 0x08, 0x22, 0x00,
  0x00, 0x44, 0x0A, 0x00, 0x81, 0x20, 0x00, 0x00, 0x2C, 0xD1, 0x00, 0x02, 0x30, 0x00, 0x00, 0x94,
  0x44, 0xFF, 0x23, 0x20, 0x00, 0x00, 0x4C, 0xD2, 0xBB, 0x02, 0x22, 0x00, 0x00, 0x24, 0xA9, 0xEE,
  0x13, 0x70, 0x00, 0x00, 0x8C, 0xC4, 0xBB, 0x82, 0x40, 0x00, 0x00, 0x64, 0x50, 0x6D, 0x03, 0x44,
  0x00, 0x00, 0x0C, 0xC5, 0xB7, 0x05, 0x60, 0x00, 0x00, 0xA4, 0x52, 0xDD, 0x22, 0x21, 0x00, 0x00,
  0x4C, 0xC8, 0xEB, 0x03, 0x20, 0x00, 0x00, 0x24, 0xA5, 0xBE, 0x81, 0x28, 0x00, 0x00, 0x4C, 0xD0,
  0x6B, 0x13, 0x20, 0x00, 0x00, 0x16, 0x45, 0xDD, 0x01, 0x24, 0x00, 0x00, 0x4A, 0xF2, 0x77, 0x83,
  0x30, 0x00, 0x00, 0x26, 0x49, 0xDD, 0x00, 0x10, 0x00, 0x00, 0x92, 0xE0, 0xB6, 0x11, 0x14, 0x00,
  0x00, 0x06, 0xAA, 0x6B, 0x81, 0x10, 0x00, 0x00, 0xAB, 0x74, 0xFF, 0x00, 0x18, 0x00, 0x00, 0x03,
  0xC1, 0x44, 0x20, 0x08, 0x00, 0x80, 0xFF, 0xFF, 0xFF, 0xFF, 0x0F, 0x00, 0x00, 0x00, 0x00, 0x00,
  0x00, 0x00, 0x00, 0x00, 0x00, 0x00, 0x00, 0x00, 0x00, 0x00, 0x00, 0x00, 0x00, 0x00, 0x00, 0x00,
  0x00, 0x00, 0x00, 0x00, 0x00, 0x00, 0x00, 0x00, 0x00, 0xFC, 0xFF, 0xFF, 0xFF, 0x7F, 0x00, 0x00,
  0xAC, 0xAA, 0x52, 0xA9, 0x34, 0x00, 0x00, 0x96, 0x54, 0x25, 0x12, 0x31, 0x00, 0x00, 0x26, 0x01,
  0x48, 0x45, 0x14, 0x00, 0x00, 0x4A, 0x56, 0x93, 0x28, 0x11, 0x00, 0x00, 0x96, 0x48, 0x48, 0x92,
  0x14, 0x00, 0x00, 0x23, 0x93, 0x92, 0x44, 0x12, 0x00, 0x00, 0x59, 0x24, 0x25, 0x11, 0x19, 0x00,
  0x00, 0x83, 0x92, 0x48, 0xA4, 0x08, 0x00, 0x00, 0x55, 0x24, 0x91, 0x0A, 0x0A, 0x00, 0x00, 0x8B,
  0x49, 0x2A, 0xA0, 0x08, 0x00, 0x00, 0x31, 0x24, 0x81, 0x4A, 0x0A, 0x00, 0x80, 0x45, 0x49, 0x2A,
  0x25, 0x09, 0x00, 0x80, 0x92, 0x92, 0x54, 0x10, 0x0C, 0x00, 0x80, 0x54, 0x24, 0x81, 0x4A, 0x09,
  0x00, 0x80, 0x23, 0x49, 0x2A, 0x04, 0x0A, 0x00, 0x00, 0x95, 0x92, 0x44, 0x51, 0x09, 0x00, 0x00,
  0x49, 0x24, 0x91, 0x24, 0x0C, 0x00, 0x00, 0xFF, 0xFF, 0xFF, 0xFF, 0x0B, 0x00, 0x00, 0xFD, 0xFF,
  0xFF, 0xFF, 0x0F, 0x00, 0x00, 0xBF, 0xF7, 0xFE, 0xDE, 0x0F, 0x00, 0x00, 0xFF, 0xFF, 0xDF, 0xFF,
  0x1E, 0x00, 0x00, 0xF7, 0xBD, 0xF7, 0xF7, 0x17, 0x00, 0x00, 0xFF, 0xFF, 0xFF, 0x7E, 0x1F, 0x00,
  0x00, 0xBA, 0xF7, 0xFE, 0xFF, 0x17, 0x00, 0x00, 0xFE, 0xFF, 0xBF, 0xB7, 0x1F, 0x00, 0x00, 0xFE,
  0xDE, 0xF7, 0xFF, 0x1B, 0x00, 0x00, 0xEE, 0xFF, 0xFE, 0xFD, 0x1F, 0x00, 0x00, 0x7A, 0xF7, 0xDF,
  0xDF, 0x1D, 0x00, 0x00, 0xFE, 0xFF, 0xFF, 0xFE, 0x3F, 0x00, 0x00, 0xBE, 0xBF, 0xFB, 0xEF, 0x2F,
  0x00, 0x00, 0xF6, 0xFB, 0xFF, 0xFF, 0x3E, 0x00, 0x00, 0xFC, 0xDF, 0xDD, 0xF6, 0x37, 0x00, 0x00,
  0xDC, 0xFF, 0xFF, 0xFF, 0x2F, 0x00, 0x00, 0xFC, 0xFF, 0xFF, 0xFF, 0x7F, 0x00, 0x00, 0x04, 0x00,
  0x00, 0x00, 0x20, 0x00, 0x00, 0xAC, 0xA4, 0x92, 0x4A, 0x31, 0x00, 0x00, 0x54, 0x49, 0x24, 0x10,
  0x64, 0x00, 0x00, 0x0C, 0x12, 0x89, 0x42, 0x49, 0x00, 0x00, 0xA4, 0x44, 0x52, 0x14, 0x40, 0x00,
  0x00, 0x0C, 0x91, 0x00, 0xA1, 0x72, 0x00, 0x00, 0x64, 0x2A, 0x55, 0x04, 0x24, 0x00, 0x00, 0x8C,
  0x00, 0x00, 0xA9, 0x20, 0x00, 0x00, 0x24, 0x55, 0x55, 0x00, 0x2A, 0x00, 0x00, 0x4C, 0x88, 0x88,
  0xAA, 0x20, 0x00, 0x00, 0x96, 0x42, 0x22, 0x00, 0x24, 0x00, 0x00, 0x2A, 0x14, 0x88, 0x2A, 0x31,
  0x00, 0x00, 0x42, 0xA1, 0x22, 0x80, 0x14, 0x00, 0x00, 0x16, 0x0A, 0x88, 0x2A, 0x10, 0x00, 0x00,
  0xA2, 0xA0, 0x22, 0x80, 0x12, 0x00, 0x00, 0x17, 0x0A, 0x89, 0x12, 0x18, 0x00, 0x00, 0x83, 0x20,
  0x20, 0x88, 0x08, 0x00, 0x80, 0xFF, 0xFF, 0xFF, 0xFF, 0x0F, 0x00, 0x00, 0x00, 0x00, 0x00, 0x00,
  0x00, 0x00, 0x00, 0x00, 0x00, 0x00, 0x00, 0x00, 0x00, 0x00, 0x00, 0x00, 0x00, 0x00, 0x00, 0x00,
  0x00, 0x00, 0x00, 0x00, 0x00, 0x00, 0x00, 0x00, 0xFC, 0xFF, 0xFF, 0xFF, 0x7F, 0x00, 0x00, 0xAC,
  0xAA, 0x52, 0xA9, 0x34, 0x00, 0x00, 0x96, 0x54, 0x25, 0x12, 0x31, 0x00, 0x00, 0x26, 0x01, 0x48,
  0x45, 0x14, 0x00, 0x00, 0x4A, 0x56, 0x93, 0x28, 0x11, 0x00, 0x00, 0x96, 0x48, 0x48, 0x92, 0x14,
  0x00, 0x00, 0x23, 0x93, 0x92, 0x44, 0x12, 0x00, 0x00, 0x59, 0x24, 0x25, 0x11, 0x19, 0x00, 0x00,
  0x83, 0x92, 0x48, 0xA4, 0x08, 0x00, 0x00, 0x55, 0x24, 0x91, 0x0A, 0x0A, 0x00, 0x00, 0x8B, 0x49,
  0x2A, 0xA0, 0x08, 0x00, 0x00, 0x31, 0x24, 0x81, 0x4A, 0x0A, 0x00, 0x80, 0x45, 0x49, 0x2A, 0x25,
  0x09, 0x00, 0x80, 0x92, 0x92, 0x54, 0x10, 0x0C, 0x00, 0x80, 0x54, 0x24, 0x81, 0x4A, 0x09, 0x00,
  0x80, 0x23, 0x49, 0x2A, 0x04, 0x0A, 0x00, 0x00, 0x95, 0x92, 0x44, 0x51, 0x09, 0x00, 0x00, 0x49,
  0x24, 0x91, 0x24, 0x0C, 0x00, 0x00, 0xFF, 0xFF, 0xFF, 0xFF, 0x0B, 0x00, 0x00, 0xFD, 0xFF, 0xFF,
  0xFF, 0x0F, 0x00, 0x00, 0xBF, 0xF7, 0xFE, 0xDE, 0x0F, 0x00, 0x00, 0xFF, 0xFF, 0xDF, 0xFF, 0x1E,
  0x00, 0x00, 0xF7, 0xBD, 0xF7, 0xF7, 0x17, 0x00, 0x00, 0xFF, 0xFF, 0xFF, 0x7E, 0x1F, 0x00, 0x00,
  0xBA, 0xF7, 0xFE, 0xFF, 0x17, 0x00, 0x00, 0xFE, 0xFF, 0xBF, 0xB7, 0x1F, 0x00, 0x00, 0xFE, 0xDE,
  0xF7, 0xFF, 0x1B, 0x00, 0x00, 0xEE, 0xFF, 0xFE, 0xFD, 0x1F, 0x00, 0x00, 0x7A, 0xF7, 0xDF, 0xDF,
  0x1D, 0x00, 0x00, 0xFE, 0xFF, 0xFF, 0xFE, 0x3F, 0x00, 0x00, 0xBE, 0xBF, 0xFB, 0xEF, 0x2F, 0x00,
  0x00, 0xF6, 0xFB, 0xFF, 0xFF, 0x3E, 0x00, 0x00, 0xFC, 0xDF, 0xDD, 0xF6, 0x37, 0x00, 0x00, 0xDC,
  0xFF, 0xFF, 0xFF, 0x2F, 0x00, 0x00, 0xFC, 0xFF, 0xFF, 0xFF, 0x7F, 0x00, 0x00, 0x04, 0x00, 0x00,
  0x00, 0x20, 0x00, 0x00, 0xAC, 0xA4, 0x92, 0x4A, 0x31, 0x00, 0x00, 0x54, 0x49, 0x24, 0x10, 0x64,
  0x00, 0x00, 0x0C, 0x12, 0x89, 0x42, 0x49, 0x00, 0x00, 0xA4, 0x44, 0x52, 0x14, 0x40, 0x00, 0x00,
  0x0C, 0x91, 0x00, 0xA1, 0x72, 0x00, 0x00, 0x64, 0x2A, 0x55, 0x04, 0x24, 0x00, 0x00, 0x8C, 0x00,
  0x00, 0xA9, 0x20, 0x00, 0x00, 0x24, 0x55, 0x55, 0x00, 0x2A, 0x00, 0x00, 0x4C, 0x88, 0x88, 0xAA,
  0x20, 0x00, 0x00, 0x96, 0x42, 0x22, 0x00, 0x24, 0x00, 0x00, 0x2A, 0x14, 0x88, 0x2A, 0x31, 0x00,
  0x00, 0x42, 0xA1, 0x22, 0x80, 0x14, 0x00, 0x00, 0x16, 0x0A, 0x88, 0x2A, 0x10, 0x00, 0x00, 0xA2,
  0xA0, 0x22, 0x80, 0x12, 0x00, 0x00, 0x17, 0x0A, 0x89, 0x12, 0x18, 0x00, 0x00, 0x83, 0x20, 0x20,
  0x88, 0x08, 0x00, 0x80, 0xFF, 0xFF, 0xFF, 0xFF, 0x0F, 0x00, 0x00, 0x00, 0x00, 0x00, 0x00, 0x00,
  0x00, 0x00, 0x00, 0x00, 0x00, 0x00, 0x00, 0x00, 0x00, 0x00, 0x00, 0x00, 0x00, 0x00, 0x00, 0x00,
  0x00, 0x00, 0x00, 0x00, 0x00, 0x00, 0x00, 0xFC, 0xFF, 0xFF, 0xFF, 0x7F, 0x00, 0x00, 0xA4, 0x28,
  0x22, 0x21, 0x20, 0x00, 0x00, 0x0E, 0x82, 0x08, 0x08, 0x35, 0x00, 0x00, 0x52, 0x28, 0x42, 0x42,
  0x10, 0x00, 0x00, 0x86, 0x82, 0x90, 0x10, 0x12, 0x00, 0x00, 0x12, 0x28, 0x04, 0x84, 0x10, 0x00,
  0x00, 0xA7, 0x82, 0x52, 0x21, 0x14, 0x00, 0x00, 0x01, 0x28, 0x00, 0x08, 0x18, 0x00, 0x00, 0xAB,
  0x02, 0x8A, 0x40, 0x09, 0x00, 0x00, 0x01, 0xA8, 0x20, 0x0A, 0x0C, 0x00, 0x00, 0xAB, 0x02, 0x02,
  0x20, 0x08, 0x00, 0x00, 0x01, 0x90, 0xA8, 0x88, 0x08, 0x00, 0x80, 0xAB, 0x0A, 0x00, 0x02, 0x0A,
  0x00, 0x80, 0x00, 0xA0, 0x8A, 0x50, 0x08, 0x00, 0x80, 0xAA, 0x04, 0x20, 0x00, 0x08, 0x00, 0x80,
  0x01, 0x52, 0x04, 0x25, 0x0A, 0x00, 0x00, 0x4B, 0x00, 0x11, 0x80, 0x08, 0x00, 0x00, 0x21, 0x4A,
  0x40, 0x09, 0x08, 0x00, 0x00, 0x95, 0x00, 0x04, 0x20, 0x0A, 0x00, 0x00, 0x03, 0x54, 0x11, 0x85,
  0x08, 0x00, 0x00, 0x51, 0x01, 0x44, 0x00, 0x08, 0x00, 0x00, 0x05, 0x10, 0x00, 0x12, 0x1A, 0x00,
  0x00, 0x11, 0x45, 0x51, 0x40, 0x10, 0x00, 0x00, 0x47, 0x10, 0x04, 0x09, 0x11, 0x00, 0x00, 0x22,
  0x81, 0x20, 0x20, 0x10, 0x00, 0x00, 0x0A, 0x14, 0x82, 0x00, 0x14, 0x00, 0x00, 0xA6, 0x40, 0x08,
  0x8A, 0x10, 0x00, 0x00, 0x02, 0x0A, 0x21, 0x20, 0x12, 0x00, 0x00, 0x2A, 0x00, 0x88, 0x00, 0x10,
  0x00, 0x00, 0x82, 0x52, 0x01, 0x0A, 0x31, 0x00, 0x00, 0x22, 0x00, 0x24, 0x20, 0x28, 0x00, 0x00,
  0x0E, 0x8A, 0x80, 0x80, 0x20, 0x00, 0x00, 0xA4, 0x20, 0x02, 0x0A, 0x24, 0x00, 0x00, 0x04, 0x02,
  0x28, 0x00, 0x21, 0x00, 0x00, 0x2C, 0x88, 0x80, 0x24, 0x20, 0x00, 0x00, 0x84, 0x20, 0x02, 0x80,
  0x28, 0x00, 0x00, 0x14, 0x82, 0x28, 0x11, 0x20, 0x00, 0x00, 0x44, 0x08, 0x00, 0x00, 0x62, 0x00,
  0x00, 0x14, 0x21, 0x92, 0x44, 0x50, 0x00, 0x00, 0x04, 0x84, 0x00, 0x00, 0x40, 0x00, 0x00, 0x54,
  0x10, 0x44, 0x92, 0x64, 0x00, 0x00, 0x04, 0x41, 0x10, 0x00, 0x20, 0x00, 0x00, 0x14, 0x04, 0x01,
  0x41, 0x22, 0x00, 0x00, 0x44, 0x10, 0x24, 0x08, 0x20, 0x00, 0x00, 0x0C, 0x41, 0x80, 0x00, 0x21,
  0x00, 0x00, 0x26, 0x04, 0x09, 0x24, 0x28, 0x00, 0x00, 0x82, 0x10, 0x00, 0x00, 0x30, 0x00, 0x00,
  0x0A, 0x42, 0xA2, 0x10, 0x11, 0x00, 0x00, 0x22, 0x00, 0x00, 0x04, 0x10, 0x00, 0x00, 0x82, 0x28,
  0x49, 0x40, 0x10, 0x00, 0x00, 0x17, 0x02, 0x00, 0x02, 0x1A, 0x00, 0x00, 0x01, 0x80, 0x20, 0x00,
  0x08, 0x00, 0x80, 0xFF, 0xFF, 0xFF, 0xFF, 0x0F, 0x00, 0x00, 0x00, 0x00, 0x00, 0x00, 0x00, 0x00,
  0x00, 0x00, 0x00, 0x00, 0x00, 0x00, 0x00, 0x00, 0x00, 0x00, 0x00, 0x00, 0x00, 0x00, 0x00, 0x00,
  0x00, 0x00, 0x00, 0x00, 0x00, 0x00, 0xFC, 0xFF, 0xFF, 0xFF, 0x7F, 0x00, 0x00, 0x04, 0xC0, 0xB6,
  0x01, 0x20, 0x00, 0x00, 0xA6, 0xEA, 0xFF, 0x03, 0x30, 0x00, 0x00, 0x0A, 0x60, 0xFF, 0x01, 0x10,
  0x00, 0x00, 0x42, 0xE4, 0x77, 0x01, 0x10, 0x00, 0x00, 0x12, 0xF1, 0xFF, 0x01, 0x10, 0x00, 0x00,
  0x07, 0xF0, 0xDE, 0x00, 0x10, 0x00, 0x00, 0x41, 0xDA, 0xFF, 0x00, 0x18, 0x00, 0x00, 0x11, 0xF0,
  0xFB, 0x00, 0x08, 0x00, 0x00, 0x85, 0xF0, 0x7F, 0x00, 0x08, 0x00, 0x00, 0x21, 0x7A, 0xEF, 0x00,
  0x08, 0x00, 0x00, 0x03, 0xF0, 0xFF, 0x00, 0x08, 0x00, 0x80, 0x89, 0xF8, 0xBD, 0x00, 0x08, 0x00,
  0x80, 0x20, 0xF2, 0xFF, 0x00, 0x08, 0x00, 0x80, 0x04, 0xB8, 0x6F, 0x00, 0x08, 0x00, 0x80, 0x91,
  0xF4, 0xFD, 0x00, 0x08, 0x00, 0x00, 0x03, 0xF0, 0x7F, 0x00, 0x08, 0x00, 0x00, 0x49, 0xF2, 0xE3,
  0x00, 0x08, 0x00, 0x00, 0x01, 0x70, 0xF7, 0x00, 0x08, 0x00, 0x00, 0x05, 0xF9, 0x6B, 0x00, 0x08,
  0x00, 0x00, 0x51, 0xF0, 0xF3, 0x00, 0x08, 0x00, 0x00, 0x01, 0xB4, 0xE5, 0x00, 0x18, 0x00, 0x00,
  0x25, 0xF0, 0xF6, 0x00, 0x10, 0x00, 0x00, 0x03, 0xF1, 0x6E, 0x01, 0x10, 0x00, 0x00, 0x0A, 0xE4,
  0xE3, 0x01, 0x10, 0x00, 0x00, 0x22, 0xE0, 0xEB, 0x00, 0x10, 0x00, 0x00, 0x82, 0x70, 0xFF, 0x01,
  0x10, 0x00, 0x00, 0x0A, 0xE2, 0xC2, 0x01, 0x10, 0x00, 0x00, 0x42, 0xE8, 0x7F, 0x01, 0x10, 0x00,
  0x00, 0x12, 0xE0, 0xFF, 0x01, 0x30, 0x00, 0x00, 0x02, 0xC2, 0xCE, 0x03, 0x20, 0x00, 0x00, 0x46,
  0xE0, 0xC7, 0x03, 0x20, 0x00, 0x00, 0x14, 0xC9, 0xDD, 0x01, 0x20, 0x00, 0x00, 0x04, 0xC0, 0xAB,
  0x03, 0x20, 0x00, 0x00, 0x44, 0xC4, 0xF5, 0x03, 0x20, 0x00, 0x00, 0x14, 0xE0, 0x82, 0x01, 0x20,
  0x00, 0x00, 0x04, 0xC1, 0xBF, 0x03, 0x20, 0x00, 0x00, 0x24, 0xC8, 0xFF, 0x03, 0x60, 0x00, 0x00,
  0x04, 0xC0, 0xFB, 0x01, 0x40, 0x00, 0x00, 0x14, 0x61, 0xBF, 0x03, 0x40, 0x00, 0x00, 0x04, 0xC4,
  0xFF, 0x03, 0x60, 0x00, 0x00, 0x44, 0xC0, 0xF7, 0x03, 0x20, 0x00, 0x00, 0x04, 0xE2, 0xBE, 0x01,
  0x20, 0x00, 0x00, 0x14, 0xC0, 0xFF, 0x03, 0x20, 0x00, 0x00, 0x84, 0xC8, 0xFB, 0x03, 0x20, 0x00,
  0x00, 0x06, 0xE0, 0xDF, 0x03, 0x20, 0x00, 0x00, 0x12, 0xC2, 0xFE, 0x02, 0x30, 0x00, 0x00, 0x42,
  0xF0, 0xFF, 0x01, 0x10, 0x00, 0x00, 0x02, 0xE0, 0xF7, 0x01, 0x10, 0x00, 0x00, 0x22, 0x72, 0xBF,
  0x00, 0x10, 0x00, 0x00, 0x0B, 0xF0, 0xFF, 0x00, 0x18, 0x00, 0x00, 0x01, 0x58, 0xD5, 0x00, 0x08,
  0x00, 0x80, 0xFF, 0xFF, 0xFF, 0xFF, 0x0F, 0x00, 0x00, 0x00, 0x00, 0x00, 0x00, 0x00, 0x00, 0x00,
  0x00, 0x00, 0x00, 0x00, 0x00, 0x00, 0x00, 0x00, 0x00, 0x00, 0x00, 0x00, 0x00, 0x00, 0x00, 0x00,
  0x00, 0x00, 0x00, 0x00, 0x00, 0xFC, 0xFF, 0xFF, 0xFF, 0x7F, 0x00, 0x00, 0x04, 0xC0, 0xB6, 0x01,
  0x20, 0x00, 0x00, 0xA6, 0xEA, 0xFF, 0x03, 0x30, 0x00, 0x00, 0x0A, 0x60, 0xFF, 0x01, 0x10, 0x00,
  0x00, 0x42, 0xE4, 0x77, 0x01, 0x10, 0x00, 0x00, 0x12, 0xF1, 0xFF, 0x01, 0x10, 0x00, 0x00, 0x07,
  0xF0, 0xDE, 0x00, 0x10, 0x00, 0x00, 0x41, 0xDA, 0xFF, 0x00, 0x18, 0x00, 0x00, 0x11, 0xF0, 0xFB,
  0x00, 0x08, 0x00, 0x00, 0x85, 0xF0, 0x7F, 0x00, 0x08, 0x00, 0x00, 0x21, 0x7A, 0xEF, 0x00, 0x08,
  0x00, 0x00, 0x03, 0xF0, 0xFF, 0x00, 0x08, 0x00, 0x80, 0x89, 0xF8, 0xBD, 0x00, 0x08, 0x00, 0x80,
  0x20, 0xF2, 0xFF, 0x00, 0x08, 0x00, 0x80, 0x04, 0xB8, 0x6F, 0x00, 0x08, 0x00, 0x80, 0x91, 0xF4,
  0xFD, 0x00, 0x08, 0x00, 0x00, 0x03, 0xF0, 0x7F, 0x00, 0x08, 0x00, 0x00, 0x49, 0xF2, 0xE3, 0x00,
  0x08, 0x00, 0x00, 0x01, 0x70, 0xF7, 0x00, 0x08, 0x00, 0x00, 0x05, 0xF9, 0x6B, 0x00, 0x08, 0x00,
  0x00, 0x51, 0xF0, 0xF3, 0x00, 0x08, 0x00, 0x00, 0x01, 0xB4, 0xE5, 0x00, 0x18, 0x00, 0x00, 0x25,
  0xF0, 0xF6, 0x00, 0x10, 0x00, 0x00, 0x03, 0xF1, 0x6E, 0x01, 0x10, 0x00, 0x00, 0x0A, 0xE4, 0xE3,
  0x01, 0x10, 0x00, 0x00, 0x22, 0xE0, 0xEB, 0x00, 0x10, 0x00, 0x00, 0x82, 0x70, 0xFF, 0x01, 0x10,
  0x00, 0x00, 0x0A, 0xE2, 0xC2, 0x01, 0x10, 0x00, 0x00, 0x42, 0xE8, 0x7F, 0x01, 0x10, 0x00, 0x00,
  0x12, 0xE0, 0xFF, 0x01, 0x30, 0x00, 0x00, 0x02, 0xC2, 0xCE, 0x03, 0x20, 0x00, 0x00, 0x46, 0xE0,
  0xC7, 0x03, 0x20, 0x00, 0x00, 0x14, 0xC9, 0xDD, 0x01, 0x20, 0x00, 0x00, 0x04, 0xC0, 0xAB, 0x03,
  0x20, 0x00, 0x00, 0x44, 0xC4, 0xF5, 0x03, 0x20, 0x00, 0x00, 0x14, 0xE0, 0x82, 0x01, 0x20, 0x00,
  0x00, 0x04, 0xC1, 0xBF, 0x03, 0x20, 0x00, 0x00, 0x24, 0xC8, 0xFF, 0x03, 0x60, 0x00, 0x00, 0x04,
  0xC0, 0xFB, 0x01, 0x40, 0x00, 0x00, 0x14, 0x61, 0xBF, 0x03, 0x40, 0x00, 0x00, 0x04, 0xC4, 0xFF,
  0x03, 0x60, 0x00, 0x00, 0x44, 0xC0, 0xF7, 0x03, 0x20, 0x00, 0x00, 0x04, 0xE2, 0xBE, 0x01, 0x20,
  0x00, 0x00, 0x14, 0xC0, 0xFF, 0x03, 0x20, 0x00, 0x00, 0x84, 0xC8, 0xFB, 0x03, 0x20, 0x00, 0x00,
  0x06, 0xE0, 0xDF, 0x03, 0x20, 0x00, 0x00, 0x12, 0xC2, 0xFE, 0x02, 0x30, 0x00, 0x00, 0x42, 0xF0,
  0xFF, 0x01, 0x10, 0x00, 0x00, 0x02, 0xE0, 0xF7, 0x01, 0x10, 0x00, 0x00, 0x22, 0x72, 0xBF, 0x00,
  0x10, 0x00, 0x00, 0x0B, 0xF0, 0xFF, 0x00, 0x18, 0x00, 0x00, 0x01, 0x58, 0xD5, 0x00, 0x08, 0x00,
  0x80, 0xFF, 0xFF, 0xFF, 0xFF, 0x0F, 0x00, 0x00, 0x00, 0x00, 0x00, 0x00, 0x00, 0x00, 0x00, 0x00,
  0x00, 0x00, 0x00, 0x00, 0x00, 0x00, 0x00, 0x00, 0x00, 0x00, 0x00, 0x00, 0x00, 0x00, 0x00, 0x00,
  0x00, 0x00, 0x00, 0x00, 0xFC, 0xFF, 0xFF, 0xFF, 0x7F, 0x00, 0x00, 0x04, 0x00, 0x00, 0x4A, 0x29,
  0x00, 0x00, 0x06, 0x00, 0x00, 0xC6, 0x38, 0x00, 0x00, 0x02, 0x00, 0x00, 0xE7, 0x1C, 0x00, 0x00,
  0x02, 0x00, 0x00, 0x63, 0x14, 0x00, 0x00, 0x02, 0x08, 0x00, 0x73, 0x1E, 0x00, 0x00, 0x83, 0x5F,
  0x80, 0x63, 0x14, 0x00, 0x00, 0xE1, 0xF0, 0x00, 0x33, 0x1E, 0x00, 0x00, 0x31, 0x80, 0x81, 0x73,
  0x0C, 0x00, 0x00, 0x09, 0x00, 0x81, 0x73, 0x0E, 0x00, 0x00, 0x09, 0x00, 0x82, 0x31, 0x0E, 0x00,
  0x00, 0x05, 0x00, 0x82, 0x73, 0x0A, 0x00, 0x80, 0x01, 0x00, 0x80, 0x31, 0x0E, 0x00, 0x80, 0x00,
  0x04, 0x80, 0x73, 0x0E, 0x00, 0x80, 0x80, 0x1A, 0x80, 0x31, 0x0E, 0x00, 0x80, 0xC1, 0x37, 0x80,
  0x71, 0x0A, 0x00, 0x00, 0x41, 0x0D, 0x80, 0x33, 0x0E, 0x00, 0x00, 0x81, 0x37, 0xC0, 0x71, 0x0E,
  0x00, 0x00, 0x21, 0x1D, 0x80, 0x73, 0x0A, 0x00, 0x00, 0x81, 0x02, 0x80, 0x73, 0x0E, 0x00, 0x00,
  0x01, 0x00, 0x80, 0x73, 0x0C, 0x00, 0x00, 0x01, 0x00, 0x80, 0x61, 0x1C, 0x00, 0x00, 0x01, 0x00,
  0x40, 0x73, 0x1C, 0x00, 0x00, 0x03, 0x00, 0x00, 0x63, 0x14, 0x00, 0x00, 0x02, 0x00, 0x00, 0x67,
  0x1C, 0x00, 0x00, 0x02, 0x00, 0x00, 0xE3, 0x1C, 0x00, 0x00, 0x12, 0x42, 0x28, 0x67, 0x14, 0x00,
  0x00, 0x32, 0xC6, 0x19, 0xE7, 0x1C, 0x00, 0x00, 0x72, 0xCE, 0x38, 0xC7, 0x18, 0x00, 0x00, 0x32,
  0xC6, 0x39, 0xC6, 0x38, 0x00, 0x00, 0x72, 0xCE, 0x31, 0xC6, 0x38, 0x00, 0x00, 0x76, 0x8E, 0x31,
  0xC6, 0x29, 0x00, 0x00, 0x74, 0x8C, 0x31, 0xCE, 0x38, 0x00, 0x00, 0x64, 0x8C, 0x71, 0xCE, 0x29,
  0x00, 0x00, 0x74, 0x8C, 0x31, 0xCE, 0x39, 0x00, 0x00, 0x64, 0x8C, 0x73, 0xCE, 0x31, 0x00, 0x00,
  0x64, 0x9C, 0x71, 0x8E, 0x31, 0x00, 0x00, 0x64, 0x8C, 0x73, 0xCC, 0x71, 0x00, 0x00, 0x64, 0x9C,
  0x73, 0x8E, 0x71, 0x00, 0x00, 0x64, 0x8D, 0x73, 0x8C, 0x51, 0x00, 0x00, 0x64, 0x9C, 0x73, 0xCE,
  0x71, 0x00, 0x00, 0x64, 0x8C, 0x71, 0x8C, 0x31, 0x00, 0x00, 0x64, 0x8C, 0x73, 0xCE, 0x39, 0x00,
  0x00, 0x74, 0x8C, 0x31, 0xCE, 0x31, 0x00, 0x00, 0x64, 0xCE, 0x71, 0xCE, 0x38, 0x00, 0x00, 0x76,
  0x86, 0x31, 0xC6, 0x29, 0x00, 0x00, 0x32, 0xCE, 0x39, 0xC6, 0x38, 0x00, 0x00, 0x32, 0xC6, 0x38,
  0xE7, 0x18, 0x00, 0x00, 0x3A, 0xCB, 0x18, 0x63, 0x1C, 0x00, 0x00, 0x3A, 0xE7, 0x1C, 0x63, 0x14,
  0x00, 0x00, 0x0B, 0xE3, 0x9C, 0x73, 0x1E, 0x00, 0x00, 0x9D, 0x22, 0x84, 0x12, 0x0A, 0x00, 0x80,
  0xFF, 0xFF, 0xFF, 0xFF, 0x0F, 0x00, 0x00, 0x00, 0x00, 0x00, 0x00, 0x00, 0x00, 0x00, 0x00, 0x00,
  0x00, 0x00, 0x00, 0x00, 0x00, 0x00, 0x00, 0x00, 0x00, 0x00, 0x00, 0x00, 0x00, 0x00, 0x00, 0x00,
  0x00, 0x00, 0x00, 0xFC, 0xFF, 0xFF, 0xFF, 0x7F, 0x00, 0x00, 0x6C, 0x44, 0xDB, 0x32, 0x32, 0x00,
  0x00, 0x96, 0xEB, 0xFF, 0xCD, 0x35, 0x00, 0x00, 0x22, 0xD4, 0xFF, 0x11, 0x1A, 0x00, 0x00, 0xEE,
  0xEA, 0xB7, 0xED, 0x11, 0x00, 0x00, 0xFA, 0xE3, 0xFE, 0x12, 0x16, 0x00, 0x00, 0x07, 0xE6, 0xDF,
  0x6C, 0x19, 0x00, 0x00, 0xBB, 0xF9, 0xFF, 0x82, 0x1A, 0x00, 0x00, 0x45, 0x76, 0xFB, 0x7C, 0x09,
  0x00, 0x00, 0x29, 0xF1, 0xDF, 0x82, 0x0A, 0x00, 0x00, 0x57, 0xF5, 0x7F, 0x5A, 0x0C, 0x00, 0x00,
  0xA9, 0xF2, 0xFB, 0xA4, 0x0B, 0x00, 0x80, 0x25, 0x75, 0xBF, 0x4B, 0x08, 0x00, 0x80, 0x5A, 0xF2,
  0x7F, 0xB4, 0x0A, 0x00, 0x80, 0xA4, 0xF5, 0x77, 0x43, 0x09, 0x00, 0x80, 0x55, 0xF2, 0xFE, 0xBC,
  0x0A, 0x00, 0x00, 0xAB, 0xF4, 0x5F, 0x01, 0x0C, 0x00, 0x00, 0x25, 0x73, 0xFF, 0xF6, 0x0B, 0x00,
  0x00, 0x59, 0xF4, 0x77, 0x09, 0x18, 0x00, 0x00, 0xA7, 0xF3, 0xFF, 0x52, 0x0B, 0x00, 0x00, 0x49,
  0xF4, 0xBE, 0xAC, 0x0C, 0x00, 0x00, 0xB7, 0xEA, 0xFF, 0x12, 0x19, 0x00, 0x00, 0x09, 0xF1, 0xF7,
  0xE4, 0x16, 0x00, 0x00, 0x63, 0xE6, 0xBE, 0x1A, 0x18, 0x00, 0x00, 0x9E, 0xE9, 0xFF, 0xA4, 0x13,
  0x00, 0x00, 0x22, 0xE2, 0xFB, 0x55, 0x14, 0x00, 0x00, 0xCE, 0xEC, 0xDF, 0x89, 0x12, 0x00, 0x00,
  0x12, 0xD1, 0xFE, 0x74, 0x15, 0x00, 0x00, 0xAE, 0xEA, 0xFF, 0x89, 0x18, 0x00, 0x00, 0x52, 0xD5,
  0xF7, 0x25, 0x33, 0x00, 0x00, 0x26, 0xC2, 0xBF, 0x59, 0x2C, 0x00, 0x00, 0xCE, 0xD4, 0xFD, 0xA3,
  0x31, 0x00, 0x00, 0x14, 0xC9, 0xFF, 0x1A, 0x26, 0x00, 0x00, 0xAC, 0xE2, 0xEE, 0xE3, 0x28, 0x00,
  0x00, 0x54, 0xDD, 0xFF, 0x0B, 0x33, 0x00, 0x00, 0x24, 0xC0, 0x77, 0x53, 0x24, 0x00, 0x00, 0x4C,
  0xAB, 0xFF, 0xAB, 0x2A, 0x00, 0x00, 0x94, 0xD4, 0xFD, 0x43, 0x71, 0x00, 0x00, 0x2C, 0x89, 0xDF,
  0x39, 0x46, 0x00, 0x00, 0xD4, 0xE4, 0xFF, 0x43, 0x69, 0x00, 0x00, 0x0C, 0xCB, 0xED, 0x9A, 0x72,
  0x00, 0x00, 0x54, 0x90, 0xFF, 0x63, 0x24, 0x00, 0x00, 0xAC, 0xEA, 0xFF, 0x8B, 0x29, 0x00, 0x00,
  0x54, 0xC5, 0xBD, 0x29, 0x32, 0x00, 0x00, 0x0C, 0xD2, 0xFF, 0x53, 0x2D, 0x00, 0x00, 0xD6, 0xC4,
  0xF7, 0xAA, 0x20, 0x00, 0x00, 0x22, 0xD9, 0xFF, 0x45, 0x36, 0x00, 0x00, 0x4A, 0xE2, 0xDE, 0x99,
  0x18, 0x00, 0x00, 0x96, 0xEC, 0xFF, 0x21, 0x13, 0x00, 0x00, 0x4A, 0xE1, 0x7B, 0x56, 0x14, 0x00,
  0x00, 0x93, 0xEA, 0xFF, 0x88, 0x19, 0x00, 0x00, 0x29, 0xB4, 0x56, 0x25, 0x0C, 0x00, 0x80, 0xFF,
  0xFF, 0xFF, 0xFF, 0x0F, 0x00, 0x00, 0x00, 0x00, 0x00, 0x00, 0x00, 0x00, 0x00, 0x00, 0x00, 0x00,
  0x00, 0x00, 0x00, 0x00, 0x00, 0x00, 0x00, 0x00, 0x00, 0x00, 0x00, 0x00, 0x00, 0x00, 0x00, 0x00,
  0x00, 0x00, 0xFC, 0xFF, 0xFF, 0xFF, 0x7F, 0x00, 0x00, 0x04, 0x00, 0x00, 0x00, 0x20, 0x00, 0x00,
  0x86, 0x40, 0x10, 0x20, 0x30, 0x00, 0x00, 0x02, 0x08, 0x82, 0x04, 0x19, 0x00, 0x00, 0x12, 0x02,
  0x00, 0x00, 0x10, 0x00, 0x00, 0x02, 0x80, 0x20, 0x22, 0x14, 0x00, 0x00, 0x43, 0x10, 0x04, 0x00,
  0x10, 0x00, 0x00, 0x09, 0x02, 0x00, 0x11, 0x19, 0x00, 0x00, 0x01, 0x40, 0x22, 0x00, 0x08, 0x00,
  0x00, 0x41, 0x08, 0x00, 0x88, 0x08, 0x00, 0x00, 0x09, 0x00, 0x10, 0x01, 0x08, 0x00, 0x00, 0x01,
  0x21, 0x02, 0x40, 0x08, 0x00, 0x80, 0x01, 0x00, 0x00, 0x00, 0x08, 0x00, 0x80, 0xFD, 0xBE, 0x7D,
  0xBF, 0x0D, 0x00, 0x80, 0xDF, 0xF7, 0xEF, 0xEF, 0x0F, 0x00, 0x80, 0xFD, 0xFF, 0xFF, 0xFB, 0x0B,
  0x00, 0x00, 0xFF, 0xDF, 0x7B, 0xFF, 0x0E, 0x00, 0x00, 0xDD, 0x16, 0xF2, 0xFF, 0x0B, 0x00, 0x00,
  0xFF, 0x1F, 0xE0, 0xBB, 0x0F, 0x00, 0x00, 0xFD, 0x3F, 0xC1, 0xFF, 0x0F, 0x00, 0x00, 0xEF, 0x06,
  0x00, 0xDF, 0x0D, 0x00, 0x00, 0xFF, 0x1F, 0x08, 0xF8, 0x1F, 0x00, 0x00, 0x77, 0x7F, 0x41, 0xFA,
  0x1B, 0x00, 0x00, 0xFF, 0x40, 0x00, 0xB8, 0x1F, 0x00, 0x00, 0xFA, 0x01, 0x10, 0xF9, 0x15, 0x00,
  0x00, 0x3E, 0x00, 0x02, 0xF8, 0x1F, 0x00, 0x00, 0x1E, 0x48, 0x40, 0x08, 0x18, 0x00, 0x00, 0x7A,
  0x00, 0x08, 0xF8, 0x1F, 0x00, 0x00, 0xBE, 0x03, 0x01, 0xF2, 0x1F, 0x00, 0x00, 0xFE, 0x41, 0x20,
  0xF0, 0x3D, 0x00, 0x00, 0xF6, 0xFF, 0x02, 0xF1, 0x3F, 0x00, 0x00, 0x7E, 0x7F, 0x10, 0x64, 0x2F,
  0x00, 0x00, 0xF4, 0x1B, 0x00, 0xFE, 0x3F, 0x00, 0x00, 0xBC, 0xFF, 0x88, 0xFF, 0x2D, 0x00, 0x00,
  0xFC, 0x7F, 0x80, 0xF7, 0x3F, 0x00, 0x00, 0xFC, 0x77, 0xCC, 0xBE, 0x37, 0x00, 0x00, 0xEC, 0xFE,
  0xFF, 0xFF, 0x3F, 0x00, 0x00, 0xFC, 0xDF, 0xF7, 0xFB, 0x6E, 0x00, 0x00, 0xF4, 0xFF, 0xFF, 0xFF,
  0x7F, 0x00, 0x00, 0xAC, 0x52, 0x29, 0x2A, 0x55, 0x00, 0x00, 0x04, 0x00, 0x84, 0x00, 0x60, 0x00,
  0x00, 0x44, 0x08, 0x00, 0x00, 0x22, 0x00, 0x00, 0x04, 0x00, 0x42, 0x48, 0x20, 0x00, 0x00, 0x24,
  0x44, 0x00, 0x00, 0x20, 0x00, 0x00, 0x04, 0x00, 0x10, 0x02, 0x24, 0x00, 0x00, 0x86, 0x20, 0x02,
  0x90, 0x20, 0x00, 0x00, 0x02, 0x04, 0x80, 0x00, 0x30, 0x00, 0x00, 0x12, 0x00, 0x11, 0x44, 0x14,
  0x00, 0x00, 0x82, 0x20, 0x00, 0x00, 0x10, 0x00, 0x00, 0x02, 0x04, 0x80, 0x20, 0x12, 0x00, 0x00,
  0x13, 0x00, 0x12, 0x04, 0x18, 0x00, 0x00, 0x01, 0x41, 0x00, 0x00, 0x08, 0x00, 0x80, 0xFF, 0xFF,
  0xFF, 0xFF, 0x0F, 0x00, 0x00, 0x00, 0x00, 0x00, 0x00, 0x00, 0x00, 0x00, 0x00, 0x00, 0x00, 0x00,
  0x00, 0x00, 0x00, 0x00, 0x00, 0x00, 0x00, 0x00, 0x00, 0x00, 0x00, 0x00, 0x00, 0x00, 0x00, 0x00,
  0x00, 0xFC, 0xFF, 0xFF, 0xFF, 0x7F, 0x00, 0x00, 0x6C, 0xBB, 0x6D, 0xE3, 0x3F, 0x00, 0x00, 0x9E,
  0xE6, 0xFF, 0x1F, 0x30, 0x00, 0x00, 0x72, 0xF9, 0xBF, 0xF1, 0x1F, 0x00, 0x00, 0xCE, 0x77, 0xFB,
  0x0F, 0x12, 0x00, 0x00, 0x3A, 0xEA, 0xDF, 0xF9, 0x15, 0x00, 0x00, 0xE7, 0xFD, 0xFD, 0x06, 0x1B,
  0x00, 0x00, 0x9D, 0xF2, 0xFF, 0xFD, 0x1C, 0x00, 0x00, 0x6B, 0xBF, 0xDF, 0x82, 0x0B, 0x00, 0x00,
  0xD5, 0xF8, 0xFD, 0x7E, 0x08, 0x00, 0x00, 0xAF, 0xF7, 0xEF, 0xC1, 0x0F, 0x00, 0x00, 0x59, 0x7A,
  0xFF, 0x3E, 0x08, 0x00, 0x80, 0xE7, 0xF5, 0x77, 0xC9, 0x0F, 0x00, 0x80, 0x5C, 0xBE, 0xFF, 0x36,
  0x08, 0x00, 0x80, 0xAB, 0xF9, 0xFB, 0xCD, 0x0F, 0x00, 0x80, 0x75, 0xDF, 0x7F, 0x32, 0x08, 0x00,
  0x00, 0x8F, 0xF0, 0xFD, 0xCD, 0x0B, 0x00, 0x00, 0xF1, 0xFF, 0xDF, 0x32, 0x0D, 0x00, 0x00, 0x2F,
  0xFA, 0xFF, 0xCE, 0x0A, 0x00, 0x00, 0xD9, 0xB5, 0xED, 0xB1, 0x0C, 0x00, 0x00, 0xB7, 0xFA, 0xFF,
  0x4E, 0x0B, 0x00, 0x00, 0x49, 0xF5, 0xFF, 0xB1, 0x1C, 0x00, 0x00, 0xB7, 0xFE, 0x6A, 0x4D, 0x13,
  0x00, 0x00, 0xEF, 0xB1, 0xFD, 0xB5, 0x14, 0x00, 0x00, 0x12, 0x7E, 0xA1, 0x4B, 0x1B, 0x00, 0x00,
  0xFE, 0xE3, 0xDE, 0xB5, 0x14, 0x00, 0x00, 0x42, 0xBC, 0x62, 0x49, 0x1B, 0x00, 0x00, 0xBE, 0xEB,
  0xDD, 0xB7, 0x14, 0x00, 0x00, 0xCA, 0x74, 0xA1, 0x49, 0x1B, 0x00, 0x00, 0x36, 0xEB, 0xFE, 0xBB,
  0x34, 0x00, 0x00, 0xDA, 0xD6, 0xD7, 0x47, 0x2B, 0x00, 0x00, 0x66, 0xF9, 0xFB, 0xAA, 0x24, 0x00,
  0x00, 0x9C, 0xC6, 0xFF, 0x5B, 0x2B, 0x00, 0x00, 0xE4, 0xFD, 0xFD, 0xA3, 0x34, 0x00, 0x00, 0x1C,
  0xC2, 0xDF, 0x5F, 0x2B, 0x00, 0x00, 0xF4, 0xFD, 0xFF, 0xA2, 0x24, 0x00, 0x00, 0x44, 0x66, 0xF7,
  0x5F, 0x3B, 0x00, 0x00, 0xBC, 0xD9, 0x7F, 0xA3, 0x64, 0x00, 0x00, 0x64, 0xF6, 0xFD, 0x5F, 0x69,
  0x00, 0x00, 0x9C, 0xC9, 0xDF, 0xA3, 0x56, 0x00, 0x00, 0x64, 0x77, 0xFF, 0x5F, 0x69, 0x00, 0x00,
  0x9C, 0xE8, 0xF7, 0x22, 0x26, 0x00, 0x00, 0xF4, 0xD7, 0xFF, 0xDF, 0x29, 0x00, 0x00, 0x04, 0xF8,
  0xBE, 0x23, 0x36, 0x00, 0x00, 0xFC, 0xC7, 0xF7, 0x5B, 0x29, 0x00, 0x00, 0x46, 0xF8, 0xFF, 0xA5,
  0x22, 0x00, 0x00, 0xBA, 0x67, 0xBF, 0x5B, 0x3D, 0x00, 0x00, 0x46, 0xFA, 0xFB, 0xA5, 0x12, 0x00,
  0x00, 0xBA, 0xE5, 0xDF, 0x1B, 0x15, 0x00, 0x00, 0x4A, 0x7A, 0xFF, 0xE4, 0x18, 0x00, 0x00, 0xB7,
  0xF5, 0xFF, 0x1B, 0x1B, 0x00, 0x00, 0x49, 0x5A, 0x55, 0x40, 0x0C, 0x00, 0x80, 0xFF, 0xFF, 0xFF,
  0xFF, 0x0F, 0x00, 0x00, 0x00, 0x00, 0x00, 0x00, 0x00, 0x00, 0x00, 0x00, 0x00, 0x00, 0x00, 0x00,
  0x00, 0x00, 0x00, 0x00, 0x00, 0x00, 0x00, 0x00, 0x00, 0x00, 0x00, 0x00, 0x00, 0x00, 0x00, 0x00,
  0x00, 0x00, 0x00, 0x00, 0x00, 0x00, 0x00, 0x00, 0x00, 0x00, 0x00, 0x00, 0x00, 0x00, 0x00, 0x00,
  0x00, 0x00, 0x00, 0x00, 0x00, 0xFC, 0xFF, 0xFF, 0xFF, 0x7F, 0x00, 0x00, 0x04, 0x00, 0x00, 0x00,
  0x20, 0x00, 0x00, 0x06, 0x00, 0x00, 0x00, 0x30, 0x00, 0x00, 0x02, 0x00, 0x00, 0x00, 0x10, 0x00,
  0x00, 0x02, 0x00, 0x00, 0x00, 0x10, 0x00, 0x00, 0x07, 0x00, 0x60, 0x00, 0x10, 0x00, 0x00, 0x11,
  0x00, 0x38, 0x00, 0x18, 0x00, 0x00, 0x01, 0x00, 0x50, 0x00, 0x08, 0x00, 0x00, 0x05, 0x00, 0x00,
  0x00, 0x08, 0x00, 0x00, 0x11, 0x00, 0x00, 0x00, 0x08, 0x00, 0x80, 0x43, 0x00, 0x00, 0x20, 0x08,
  0x00, 0x80, 0x08, 0x78, 0x00, 0x60, 0x08, 0x00, 0x80, 0x00, 0x60, 0x00, 0x60, 0x08, 0x00, 0x80,
  0xA5, 0x00, 0x00, 0x00, 0x08, 0x00, 0x00, 0x01, 0x02, 0x00, 0x03, 0x08, 0x00, 0x00, 0x25, 0x00,
  0x08, 0x00, 0x08, 0x00, 0x00, 0x01, 0x00, 0x18, 0x00, 0x18, 0x00, 0x00, 0x95, 0x0A, 0x38, 0x00,
  0x08, 0x00, 0x00, 0x01, 0x00, 0x00, 0x00, 0x08, 0x00, 0x00, 0x21, 0x10, 0x00, 0x00, 0x18, 0x00,
  0x00, 0x07, 0x02, 0x00, 0x00, 0x10, 0x00, 0x00, 0x92, 0x48, 0x00, 0x00, 0x10, 0x00, 0x00, 0x02,
  0x00, 0x00, 0x00, 0x10, 0x00, 0x00, 0x4A, 0x00, 0x01, 0x00, 0x10, 0x00, 0x00, 0x02, 0x2A, 0x04,
  0x00, 0x10, 0x00, 0x00, 0x12, 0x70, 0x00, 0x00, 0x10, 0x00, 0x00, 0x82, 0x54, 0x02, 0x00, 0x30,
  0x00, 0x00, 0x12, 0x30, 0x10, 0x00, 0x20, 0x00, 0x00, 0x46, 0x56, 0x00, 0x00, 0x20, 0x00, 0x00,
  0x04, 0xF8, 0x01, 0x00, 0x20, 0x00, 0x00, 0x14, 0x58, 0x23, 0x01, 0x20, 0x00, 0x00, 0x84, 0xB7,
  0x09, 0x00, 0x20, 0x00, 0x00, 0xC4, 0xEF, 0x82, 0x00, 0x20, 0x00, 0x00, 0x14, 0x58, 0x07, 0x00,
  0x60, 0x00, 0x00, 0x04, 0xF6, 0x0C, 0x08, 0x40, 0x00, 0x00, 0x44, 0x5C, 0x20, 0x01, 0x40, 0x00,
  0x00, 0x04, 0xB1, 0x20, 0x00, 0x60, 0x00, 0x00, 0x14, 0xE0, 0x93, 0x20, 0x20, 0x00, 0x00, 0x04,
  0x04, 0x0C, 0x04, 0x20, 0x00, 0x00, 0x44, 0x00, 0x20, 0x00, 0x20, 0x00, 0x00, 0x06, 0x21, 0x01,
  0x81, 0x20, 0x00, 0x00, 0x12, 0x08, 0x00, 0x10, 0x30, 0x00, 0x00, 0x82, 0x80, 0x48, 0x00, 0x10,
  0x00, 0x00, 0x02, 0x04, 0x00, 0x84, 0x10, 0x00, 0x00, 0x13, 0x00, 0x20, 0x00, 0x18, 0x00, 0x00,
  0x81, 0x20, 0x02, 0x20, 0x08, 0x00, 0x80, 0xFF, 0xFF, 0xFF, 0xFF, 0x0F, 0x00, 0x00, 0x00, 0x00,
  0x00, 0x00, 0x00, 0x00, 0x00, 0x00, 0x00, 0x00, 0x00, 0x00, 0x00, 0x00, 0x00, 0x00, 0x00, 0x00,
  0x00, 0x00, 0x00, 0x00, 0x00, 0x00, 0x00, 0x00, 0x00, 0x00, 0x00, 0x00, 0x00, 0x00, 0x00, 0x00,
  0x00, 0x00, 0x00, 0x00, 0x00, 0x00, 0x00, 0x00, 0x00, 0x00, 0x00, 0x00, 0x00, 0x00, 0x00, 0xFC,
  0xFF, 0xFF, 0xFF, 0x7F, 0x00, 0x00, 0x04, 0xF8, 0x6D, 0x1B, 0x20, 0x00, 0x00, 0xA6, 0xBA, 0xFF,
  0x8F, 0x34, 0x00, 0x00, 0x0A, 0xFC, 0xFF, 0x2F, 0x10, 0x00, 0x00, 0x42, 0xFC, 0xDD, 0x06, 0x10,
  0x00, 0x00, 0x12, 0xDD, 0xFF, 0x8F, 0x10, 0x00, 0x00, 0x07, 0xFE, 0xF7, 0x07, 0x12, 0x00, 0x00,
  0x41, 0x7E, 0xFF, 0x25, 0x18, 0x00, 0x00, 0x11, 0xFE, 0xBF, 0x07, 0x08, 0x00, 0x00, 0x85, 0xEE,
  0xFD, 0x87, 0x08, 0x00, 0x00, 0x21, 0xFF, 0xEF, 0x06, 0x0A, 0x00, 0x00, 0x03, 0xBE, 0xFF, 0x23,
  0x08, 0x00, 0x80, 0x89, 0xFE, 0xFD, 0x07, 0x08, 0x00, 0x80, 0x20, 0xF7, 0xDF, 0x82, 0x08, 0x00,
  0x80, 0x04, 0xBE, 0xFF, 0x17, 0x0C, 0x00, 0x80, 0x41, 0xFF, 0xFB, 0x03, 0x08, 0x00, 0x00, 0x15,
  0xEE, 0xDF, 0x07, 0x09, 0x00, 0x00, 0x81, 0xFE, 0xFE, 0x46, 0x08, 0x00, 0x00, 0x05, 0xFE, 0xFF,
  0x07, 0x08, 0x00, 0x00, 0x21, 0xBE, 0x6A, 0x07, 0x0A, 0x00, 0x00, 0x85, 0xEE, 0xCE, 0x47, 0x08,
  0x00, 0x00, 0x11, 0xBE, 0x2B, 0x07, 0x18, 0x00, 0x00, 0x01, 0x0E, 0x40, 0x26, 0x12, 0x00, 0x00,
  0x47, 0xF6, 0x5D, 0x06, 0x10, 0x00, 0x00, 0x12, 0x7D, 0x0B, 0x0D, 0x10, 0x00, 0x00, 0x02, 0x04,
  0xA6, 0x8A, 0x14, 0x00, 0x00, 0x0A, 0x06, 0x9C, 0x0C, 0x10, 0x00, 0x00, 0x42, 0x3C, 0x44, 0x09,
  0x10, 0x00, 0x00, 0x12, 0xB5, 0x8B, 0x48, 0x12, 0x00, 0x00, 0x02, 0x6C, 0xBF, 0x0C, 0x30, 0x00,
  0x00, 0x92, 0xD8, 0x00, 0x1C, 0x28, 0x00, 0x00, 0x06, 0x3C, 0xAF, 0x8E, 0x20, 0x00, 0x00, 0x44,
  0xF8, 0x38, 0x1F, 0x20, 0x00, 0x00, 0x14, 0xF8, 0xA7, 0x1F, 0x22, 0x00, 0x00, 0x04, 0xFD, 0xFF,
  0x1B, 0x20, 0x00, 0x00, 0x04, 0xD8, 0xFF, 0x1F, 0x31, 0x00, 0x00, 0x54, 0xFA, 0xF6, 0x1E, 0x20,
  0x00, 0x00, 0x04, 0xE8, 0xFF, 0x1F, 0x60, 0x00, 0x00, 0x04, 0xF9, 0xBB, 0x17, 0x44, 0x00, 0x00,
  0x24, 0xF8, 0xFF, 0x9F, 0x40, 0x00, 0x00, 0x04, 0x74, 0xFF, 0x1D, 0x60, 0x00, 0x00, 0x94, 0xF8,
  0xEF, 0x1F, 0x20, 0x00, 0x00, 0x04, 0xF8, 0x7D, 0x8F, 0x24, 0x00, 0x00, 0x44, 0xF8, 0xFF, 0x1F,
  0x20, 0x00, 0x00, 0x04, 0xBA, 0xF7, 0x1B, 0x20, 0x00, 0x00, 0x16, 0xF8, 0xBF, 0x1F, 0x22, 0x00,
  0x00, 0x82, 0xFC, 0xFE, 0x0D, 0x30, 0x00, 0x00, 0x02, 0xFC, 0xF7, 0x8F, 0x10, 0x00, 0x00, 0x12,
  0xDC, 0xFF, 0x0F, 0x10, 0x00, 0x00, 0x82, 0xFE, 0xBE, 0x45, 0x10, 0x00, 0x00, 0x0B, 0xFE, 0xFF,
  0x07, 0x18, 0x00, 0x00, 0x01, 0x56, 0xAB, 0x06, 0x08, 0x00, 0x80, 0xFF, 0xFF, 0xFF, 0xFF, 0x0F,
  0x00, 0x00, 0x00, 0x00, 0x00, 0x00, 0x00, 0x00, 0x00, 0x00, 0x00, 0x00, 0x00, 0x00, 0x00, 0x00,
  0x00, 0x00, 0x00, 0x00, 0x00, 0x00, 0x00, 0x00, 0x00, 0x00, 0x00, 0x00, 0x00, 0x00, 0xFC, 0xFF,
  0xFF, 0xFF, 0x7F, 0x00, 0x00, 0xAC, 0xAA, 0x0A, 0x00, 0x20, 0x00, 0x00, 0xFE, 0xFF, 0x47, 0x48,
  0x32, 0x00, 0x00, 0xAE, 0xAA, 0x0A, 0x01, 0x10, 0x00, 0x00, 0xFA, 0xFF, 0x05, 0x00, 0x11, 0x00,
  0x00, 0xAE, 0xAA, 0x86, 0x48, 0x10, 0x00, 0x00, 0xFB, 0xDD, 0x23, 0x00, 0x10, 0x00, 0x00, 0xAD,
  0x6E, 0x01, 0x04, 0x19, 0x00, 0x00, 0x77, 0xFB, 0x13, 0x20, 0x08, 0x00, 0x00, 0xDD, 0x57, 0x01,
  0x01, 0x08, 0x00, 0x00, 0xEF, 0xBA, 0x03, 0x08, 0x0A, 0x00, 0x00, 0xBB, 0xEF, 0x42, 0x40, 0x08,
  0x00, 0x80, 0xD7, 0x5A, 0x11, 0x04, 0x08, 0x00, 0x80, 0x7D, 0xF7, 0x03, 0x20, 0x08, 0x00, 0x80,
  0xAB, 0x6D, 0x01, 0x01, 0x09, 0x00, 0x80, 0xFF, 0xDE, 0x22, 0x00, 0x08, 0x00, 0x00, 0xAD, 0xBB,
  0x03, 0x48, 0x08, 0x00, 0x00, 0xDB, 0xD5, 0x02, 0x01, 0x08, 0x00, 0x00, 0x77, 0x7F, 0x11, 0x20,
  0x0A, 0x00, 0x00, 0xDD, 0xD5, 0x83, 0x00, 0x08, 0x00, 0x00, 0x77, 0xBB, 0x01, 0x08, 0x08, 0x00,
  0x00, 0xDD, 0x6E, 0x23, 0x40, 0x1A, 0x00, 0x00, 0xB7, 0xDB, 0x01, 0x00, 0x10, 0x00, 0x00, 0xEF,
  0x76, 0x07, 0x12, 0x10, 0x00, 0x00, 0xBA, 0xAD, 0x42, 0x80, 0x14, 0x00, 0x00, 0xEE, 0xFE, 0x05,
  0x00, 0x10, 0x00, 0x00, 0xBA, 0xAB, 0x07, 0x20, 0x10, 0x00, 0x00, 0x6E, 0x75, 0x45, 0x04, 0x11,
  0x00, 0x00, 0xDA, 0xDF, 0x06, 0x00, 0x10, 0x00, 0x00, 0x76, 0xB5, 0x23, 0x40, 0x34, 0x00, 0x00,
  0xDE, 0xEE, 0x06, 0x08, 0x20, 0x00, 0x00, 0xAE, 0xBB, 0x0D, 0x00, 0x22, 0x00, 0x00, 0xFC, 0x56,
  0x07, 0x41, 0x20, 0x00, 0x00, 0xB4, 0xFD, 0x0D, 0x00, 0x20, 0x00, 0x00, 0x6C, 0x57, 0x0B, 0x10,
  0x22, 0x00, 0x00, 0xDC, 0xED, 0x86, 0x00, 0x20, 0x00, 0x00, 0x74, 0xBB, 0x0B, 0x88, 0x20, 0x00,
  0x00, 0xDC, 0xD6, 0x0E, 0x00, 0x68, 0x00, 0x00, 0xB4, 0x7D, 0x05, 0x00, 0x40, 0x00, 0x00, 0x6C,
  0xD7, 0x0B, 0x21, 0x42, 0x00, 0x00, 0xFC, 0x6D, 0x0F, 0x00, 0x60, 0x00, 0x00, 0x54, 0xB7, 0x0A,
  0x80, 0x30, 0x00, 0x00, 0xAC, 0xDD, 0x05, 0x01, 0x20, 0x00, 0x00, 0xFC, 0xEA, 0x0E, 0x10, 0x24,
  0x00, 0x00, 0xD4, 0xB7, 0x0B, 0x00, 0x20, 0x00, 0x00, 0xBE, 0x5E, 0x05, 0x88, 0x20, 0x00, 0x00,
  0x76, 0xF5, 0x46, 0x00, 0x30, 0x00, 0x00, 0xAA, 0xAB, 0x03, 0x04, 0x14, 0x00, 0x00, 0xDE, 0x5D,
  0x07, 0x40, 0x10, 0x00, 0x00, 0x76, 0xF7, 0x02, 0x00, 0x10, 0x00, 0x00, 0xDF, 0xBA, 0x81, 0x20,
  0x18, 0x00, 0x00, 0xA1, 0x45, 0x03, 0x00, 0x08, 0x00, 0x80, 0xFF, 0xFF, 0xFF, 0xFF, 0x0F, 0x00,
  0x00, 0x00, 0x00, 0x00, 0x00, 0x00, 0x00, 0x00, 0x00, 0x00, 0x00, 0x00, 0x00, 0x00, 0x00, 0x00,
  0x00, 0x00, 0x00, 0x00, 0x00, 0x00, 0x00, 0x00, 0x00, 0x00, 0x00, 0x00, 0x00, 0xFC, 0xFF, 0xFF,
  0xFF, 0x7F, 0x00, 0x00, 0x04, 0x00, 0x00, 0x00, 0x20, 0x00, 0x00, 0xA6, 0xAA, 0x4A, 0x44, 0x34,
  0x00, 0x00, 0x0A, 0x00, 0x00, 0x11, 0x11, 0x00, 0x00, 0x42, 0x04, 0x24, 0x00, 0x10, 0x00, 0x00,
  0x12, 0x51, 0x00, 0x44, 0x10, 0x00, 0x00, 0x07, 0x00, 0x91, 0x00, 0x12, 0x00, 0x00, 0x41, 0x24,
  0x04, 0x10, 0x18, 0x00, 0x00, 0x11, 0x01, 0x40, 0x42, 0x08, 0x00, 0x00, 0x45, 0x88, 0x04, 0x00,
  0x0A, 0x00, 0x00, 0x01, 0x20, 0x10, 0x89, 0x08, 0x00, 0x00, 0x93, 0x02, 0x01, 0x00, 0x08, 0x00,
  0x80, 0x01, 0x08, 0x40, 0x10, 0x09, 0x00, 0x80, 0x24, 0x41, 0x14, 0x02, 0x08, 0x00, 0x80, 0x00,
  0x10, 0x01, 0x48, 0x08, 0x00, 0x80, 0x49, 0x02, 0x40, 0x00, 0x0A, 0x00, 0x00, 0x03, 0x20, 0x04,
  0x21, 0x08, 0x00, 0x00, 0x91, 0x84, 0x10, 0x04, 0x09, 0x00, 0x00, 0xFF, 0xFF, 0xFF, 0xFF, 0x0F,
  0x00, 0x00, 0xFD, 0xFF, 0xFF, 0xFF, 0x0B, 0x00, 0x00, 0xFF, 0xFB, 0xDF, 0xF7, 0x0F, 0x00, 0x00,
  0x6F, 0x7F, 0xFB, 0xFF, 0x1E, 0x00, 0x00, 0xFF, 0xEF, 0xFF, 0xBE, 0x17, 0x00, 0x00, 0xFF, 0xFF,
  0xEF, 0xFF, 0x1B, 0x00, 0x00, 0xDA, 0xBD, 0x7F, 0xF7, 0x1F, 0x00, 0x00, 0xFE, 0xFF, 0xFD, 0xBF,
  0x1D, 0x00, 0x00, 0xEE, 0xEE, 0xFF, 0xFF, 0x17, 0x00, 0x00, 0xFE, 0xFF, 0x6E, 0xFB, 0x1F, 0x00,
  0x00, 0xFA, 0xF7, 0xFF, 0xDF, 0x17, 0x00, 0x00, 0xBE, 0xFF, 0xF7, 0xFF, 0x3E, 0x00, 0x00, 0xFE,
  0xBD, 0xFF, 0xFD, 0x3F, 0x00, 0x00, 0xF6, 0xFF, 0xBD, 0xEF, 0x37, 0x00, 0x00, 0xDC, 0xEF, 0xFF,
  0xFF, 0x2E, 0x00, 0x00, 0xFC, 0xFE, 0xDE, 0xF7, 0x3F, 0x00, 0x00, 0xFC, 0xFF, 0xFF, 0xFF, 0x2F,
  0x00, 0x00, 0x04, 0x00, 0x00, 0x00, 0x20, 0x00, 0x00, 0x04, 0x00, 0x00, 0x00, 0x20, 0x00, 0x00,
  0x44, 0x12, 0x92, 0x08, 0x62, 0x00, 0x00, 0x14, 0x80, 0x00, 0x40, 0x40, 0x00, 0x00, 0x04, 0x09,
  0x08, 0x02, 0x50, 0x00, 0x00, 0x24, 0x00, 0x41, 0x10, 0x61, 0x00, 0x00, 0x04, 0x20, 0x00, 0x00,
  0x28, 0x00, 0x00, 0x14, 0x82, 0x08, 0x82, 0x20, 0x00, 0x00, 0x84, 0x08, 0x40, 0x10, 0x20, 0x00,
  0x00, 0x04, 0x40, 0x00, 0x00, 0x28, 0x00, 0x00, 0x16, 0x01, 0x12, 0x04, 0x21, 0x00, 0x00, 0x02,
  0x08, 0x80, 0x20, 0x30, 0x00, 0x00, 0x42, 0x20, 0x01, 0x00, 0x10, 0x00, 0x00, 0x12, 0x02, 0x48,
  0x04, 0x12, 0x00, 0x00, 0x02, 0x00, 0x00, 0x40, 0x10, 0x00, 0x00, 0x8B, 0x48, 0x02, 0x02, 0x18,
  0x00, 0x00, 0x01, 0x00, 0x40, 0x00, 0x08, 0x00, 0x80, 0xFF, 0xFF, 0xFF, 0xFF, 0x0F, 0x00, 0x00,
  0x00, 0x00, 0x00, 0x00, 0x00, 0x00, 0x00, 0x00, 0x00, 0x00, 0x00, 0x00, 0x00, 0x00, 0x00, 0x00,
  0x00, 0x00, 0x00, 0x00, 0x00, 0x00, 0x00, 0x00, 0x00, 0x00, 0x00, 0x00, 0xFC, 0xFF, 0xFF, 0xFF,
  0x7F, 0x00, 0x00, 0xAC, 0x2A, 0x00, 0x00, 0x20, 0x00, 0x00, 0xDE, 0x17, 0x00, 0x24, 0x32, 0x00,
  0x00, 0x76, 0x5D, 0x04, 0x80, 0x10, 0x00, 0x00, 0xDE, 0x0B, 0x80, 0x08, 0x10, 0x00, 0x00, 0x76,
  0x1D, 0x02, 0x00, 0x11, 0x00, 0x00, 0xDB, 0x06, 0x00, 0x22, 0x18, 0x00, 0x00, 0x6F, 0x0B, 0x01,
  0x88, 0x18, 0x00, 0x00, 0xB5, 0x0F, 0x40, 0x00, 0x08, 0x00, 0x00, 0xDF, 0x0A, 0x00, 0x22, 0x0A,
  0x00, 0x00, 0xEB, 0x05, 0x20, 0x00, 0x08, 0x00, 0x00, 0x3F, 0x0F, 0x01, 0x88, 0x08, 0x00, 0x80,
  0xF3, 0x05, 0x00, 0x02, 0x08, 0x00, 0x80, 0xAE, 0x0A, 0x10, 0x20, 0x08, 0x00, 0x80, 0xDB, 0x07,
  0x00, 0x02, 0x09, 0x00, 0x80, 0x77, 0x0D, 0x01, 0x10, 0x08, 0x00, 0x00, 0xBB, 0x06, 0x30, 0x81,
  0x08, 0x00, 0x00, 0xEF, 0x0B, 0x02, 0x08, 0x08, 0x00, 0x00, 0x55, 0x0D, 0x06, 0x40, 0x08, 0x00,
  0x00, 0xFB, 0x06, 0x00, 0x01, 0x0A, 0x00, 0x00, 0x5F, 0x8B, 0x00, 0x08, 0x08, 0x00, 0x00, 0xB5,
  0x8F, 0x01, 0x82, 0x18, 0x00, 0x00, 0xEF, 0x0A, 0x00, 0x20, 0x14, 0x00, 0x00, 0x5B, 0x0D, 0x80,
  0x00, 0x10, 0x00, 0x00, 0xB6, 0xD7, 0x00, 0x04, 0x11, 0x00, 0x00, 0xFE, 0x1A, 0x00, 0x20, 0x10,
  0x00, 0x00, 0xAA, 0x0F, 0x00, 0x02, 0x10, 0x00, 0x00, 0xD6, 0x9A, 0x00, 0x10, 0x12, 0x00, 0x00,
  0x7E, 0x95, 0x01, 0x80, 0x10, 0x00, 0x00, 0xAA, 0x2F, 0x00, 0x09, 0x38, 0x00, 0x00, 0xF6, 0x1A,
  0x00, 0x00, 0x20, 0x00, 0x00, 0x5E, 0x17, 0x02, 0x20, 0x21, 0x00, 0x00, 0xB4, 0x3D, 0x00, 0x00,
  0x28, 0x00, 0x00, 0xEC, 0x16, 0x18, 0x04, 0x20, 0x00, 0x00, 0x5C, 0x2B, 0x10, 0x20, 0x21, 0x00,
  0x00, 0xF4, 0x3D, 0x88, 0x00, 0x20, 0x00, 0x00, 0x5C, 0x17, 0x80, 0x11, 0x24, 0x00, 0x00, 0xB4,
  0x3A, 0x00, 0x80, 0x60, 0x00, 0x00, 0xEC, 0x2D, 0x00, 0x00, 0x50, 0x00, 0x00, 0x5C, 0x17, 0x00,
  0x08, 0x40, 0x00, 0x00, 0xF4, 0x3A, 0x00, 0x40, 0x62, 0x00, 0x00, 0x5C, 0x1D, 0x00, 0x04, 0x30,
  0x00, 0x00, 0xB4, 0x37, 0x00, 0x00, 0x20, 0x00, 0x00, 0xEC, 0x2A, 0x00, 0x20, 0x29, 0x00, 0x00,
  0x5C, 0x1D, 0x00, 0x04, 0x20, 0x00, 0x00, 0xB6, 0x37, 0x00, 0x00, 0x20, 0x00, 0x00, 0xDE, 0x0A,
  0x00, 0x90, 0x38, 0x00, 0x00, 0x76, 0x1F, 0x00, 0x02, 0x10, 0x00, 0x00, 0xAA, 0x15, 0x00, 0x40,
  0x10, 0x00, 0x00, 0xDE, 0x0E, 0x00, 0x00, 0x14, 0x00, 0x00, 0x77, 0x0B, 0x00, 0x12, 0x18, 0x00,
  0x00, 0x89, 0x06, 0x00, 0x00, 0x08, 0x00, 0x80, 0xFF, 0xFF, 0xFF, 0xFF, 0x0F, 0x00, 0x00, 0x00,
  0x00, 0x00, 0x00, 0x00, 0x00, 0x00, 0x00, 0x00, 0x00, 0x00, 0x00, 0x00, 0x00, 0x00, 0x00, 0x00,
  0x00, 0x00, 0x00, 0x00, 0x00, 0x00, 0x00, 0x00, 0x00, 0x00, 0x00, 0xFC, 0xFF, 0xFF, 0xFF, 0x7F,
  0x00, 0x00, 0x24, 0x20, 0x10, 0x09, 0x22, 0x00, 0x00, 0x06, 0x05, 0x41, 0xA0, 0x30, 0x00, 0x00,
  0x4A, 0x20, 0x94, 0x0A, 0x1A, 0x00, 0x00, 0x02, 0x04, 0x00, 0x20, 0x10, 0x00, 0x00, 0x12, 0x91,
  0xA8, 0x84, 0x12, 0x00, 0x00, 0x47, 0x01, 0x02, 0x22, 0x10, 0x00, 0x00, 0x01, 0x2F, 0x90, 0x88,
  0x18, 0x00, 0x00, 0xD1, 0x07, 0x24, 0x00, 0x0A, 0x00, 0x00, 0xE5, 0x87, 0x80, 0xAA, 0x08, 0x00,
  0x00, 0x81, 0x27, 0x2A, 0x00, 0x08, 0x00, 0x00, 0x89, 0x08, 0x00, 0x11, 0x09, 0x00, 0x80, 0xC3,
  0x00, 0x51, 0x44, 0x08, 0x00, 0x80, 0x10, 0x20, 0x04, 0x11, 0x09, 0x00, 0x80, 0x00, 0x82, 0x20,
  0x00, 0x08, 0x00, 0x80, 0x45, 0x08, 0x14, 0x45, 0x09, 0x00, 0x00, 0x11, 0x00, 0x40, 0x10, 0x0C,
  0x00, 0x00, 0x83, 0x24, 0x09, 0x41, 0x08, 0x00, 0x00, 0xFD, 0xFF, 0x23, 0x04, 0x09, 0x00, 0x00,
  0xFF, 0xFF, 0x83, 0x50, 0x08, 0x00, 0x00, 0xFF, 0xBE, 0x2B, 0x04, 0x0A, 0x00, 0x00, 0xF7, 0xF7,
  0x01, 0x21, 0x18, 0x00, 0x00, 0xBF, 0xFF, 0x47, 0x88, 0x10, 0x00, 0x00, 0xFF, 0xFB, 0x13, 0x02,
  0x12, 0x00, 0x00, 0xDA, 0xBF, 0x87, 0x20, 0x10, 0x00, 0x00, 0xFE, 0xFD, 0x25, 0x8A, 0x12, 0x00,
  0x00, 0xEE, 0xDF, 0x07, 0x00, 0x18, 0x00, 0x00, 0xFE, 0xFE, 0xA7, 0x20, 0x10, 0x00, 0x00, 0xFA,
  0xEF, 0x07, 0x8A, 0x12, 0x00, 0x00, 0xBE, 0xFF, 0x26, 0x20, 0x30, 0x00, 0x00, 0xFE, 0xFF, 0x8F,
  0x02, 0x24, 0x00, 0x00, 0xF6, 0x6D, 0x07, 0x48, 0x21, 0x00, 0x00, 0xDC, 0xFF, 0x2F, 0x01, 0x28,
  0x00, 0x00, 0xFC, 0xBF, 0x0F, 0x90, 0x20, 0x00, 0x00, 0xEC, 0xFE, 0x4B, 0x05, 0x22, 0x00, 0x00,
  0xFC, 0xF7, 0x0F, 0x20, 0x28, 0x00, 0x00, 0xF4, 0xBF, 0x8F, 0x80, 0x20, 0x00, 0x00, 0xFC, 0xFD,
  0x2B, 0x0A, 0x62, 0x00, 0x00, 0xBC, 0xDF, 0x0F, 0x20, 0x50, 0x00, 0x00, 0xF4, 0xFF, 0x4D, 0x81,
  0x44, 0x00, 0x00, 0xFC, 0xED, 0x0F, 0x14, 0x60, 0x00, 0x00, 0xFC, 0xFF, 0x2F, 0x00, 0x29, 0x00,
  0x00, 0xB4, 0x7F, 0x07, 0x21, 0x20, 0x00, 0x00, 0xFC, 0xFD, 0x4F, 0x84, 0x24, 0x00, 0x00, 0xFC,
  0xEF, 0x0D, 0x10, 0x20, 0x00, 0x00, 0x7E, 0xFF, 0x8F, 0x02, 0x22, 0x00, 0x00, 0xEE, 0xBF, 0x27,
  0x48, 0x30, 0x00, 0x00, 0xFE, 0xFB, 0x05, 0x00, 0x18, 0x00, 0x00, 0xBE, 0xFF, 0x27, 0x25, 0x11,
  0x00, 0x00, 0xFA, 0xDD, 0x07, 0x00, 0x10, 0x00, 0x00, 0xFF, 0xFF, 0x91, 0x00, 0x1A, 0x00, 0x00,
  0xD7, 0x76, 0x03, 0x48, 0x08, 0x00, 0x80, 0xFF, 0xFF, 0xFF, 0xFF, 0x0F, 0x00, 0x00, 0x00, 0x00,
  0x00, 0x00, 0x00, 0x00, 0x00, 0x00, 0x00, 0x00, 0x00, 0x00, 0x00, 0x00, 0x00, 0x00, 0x00, 0x00,
  0x00, 0x00, 0x00, 0x00, 0x00, 0x00, 0x00, 0x00, 0x00, 0x00, 0xFC, 0xFF, 0xFF, 0xFF, 0x7F, 0x00,
  0x00, 0xAC, 0xAA, 0x4A, 0x00, 0x20, 0x00, 0x00, 0xF6, 0xFF, 0x17, 0xAA, 0x3A, 0x00, 0x00, 0xBA,
  0x56, 0x85, 0x00, 0x10, 0x00, 0x00, 0xEE, 0xFB, 0x27, 0x22, 0x11, 0x00, 0x00, 0xBA, 0xAE, 0x02,
  0x08, 0x14, 0x00, 0x00, 0xEF, 0xFB, 0xAB, 0xA0, 0x10, 0x00, 0x00, 0xDB, 0xAE, 0x02, 0x02, 0x1A,
  0x00, 0x00, 0xBD, 0xFB, 0x13, 0x28, 0x08, 0x00, 0x00, 0xF7, 0x56, 0x83, 0x80, 0x08, 0x00, 0x00,
  0xAF, 0xFF, 0x22, 0x0A, 0x0A, 0x00, 0x00, 0x7D, 0xD5, 0x03, 0x20, 0x08, 0x00, 0x80, 0xEB, 0xBF,
  0x88, 0x84, 0x08, 0x00, 0x80, 0x5E, 0xF5, 0x23, 0x10, 0x0A, 0x00, 0x80, 0xF5, 0xAF, 0x02, 0x41,
  0x08, 0x00, 0x80, 0x5F, 0xDD, 0x49, 0x04, 0x08, 0x00, 0x00, 0xF7, 0x7B, 0x03, 0x90, 0x0A, 0x00,
  0x00, 0xAD, 0xD6, 0x11, 0x01, 0x08, 0x00, 0x00, 0xFB, 0x7F, 0x43, 0x24, 0x08, 0x00, 0x00, 0x5F,
  0xD5, 0x0B, 0x80, 0x0A, 0x00, 0x00, 0xF5, 0x3B, 0x00, 0x09, 0x08, 0x00, 0x00, 0x5F, 0xC9, 0xFF,
  0x20, 0x1A, 0x00, 0x00, 0xEB, 0xBB, 0x80, 0x81, 0x10, 0x00, 0x00, 0xBF, 0x32, 0x45, 0x09, 0x10,
  0x00, 0x00, 0xEE, 0x61, 0x1A, 0x22, 0x15, 0x00, 0x00, 0x5A, 0x8F, 0xA3, 0x02, 0x10, 0x00, 0x00,
  0xF6, 0x45, 0x16, 0x41, 0x10, 0x00, 0x00, 0x5E, 0xA7, 0x4D, 0x16, 0x15, 0x00, 0x00, 0xF6, 0x65,
  0x92, 0x00, 0x10, 0x00, 0x00, 0x5E, 0x63, 0x15, 0x43, 0x38, 0x00, 0x00, 0xF6, 0xD5, 0x00, 0x11,
  0x21, 0x00, 0x00, 0x5E, 0x2F, 0xFF, 0x05, 0x28, 0x00, 0x00, 0xF4, 0xEA, 0x08, 0x20, 0x21, 0x00,
  0x00, 0xAC, 0xB7, 0x0F, 0x00, 0x24, 0x00, 0x00, 0xFC, 0xFD, 0x8A, 0x24, 0x20, 0x00, 0x00, 0x54,
  0xAB, 0x0F, 0x80, 0x22, 0x00, 0x00, 0xFC, 0x7E, 0x45, 0x02, 0x20, 0x00, 0x00, 0xAC, 0xED, 0x0F,
  0x90, 0x68, 0x00, 0x00, 0xF4, 0x5B, 0x05, 0x01, 0x40, 0x00, 0x00, 0x5C, 0xF7, 0x2E, 0x48, 0x42,
  0x00, 0x00, 0xF4, 0xDE, 0x0B, 0x00, 0x70, 0x00, 0x00, 0xAC, 0xB5, 0x06, 0x41, 0x24, 0x00, 0x00,
  0xFC, 0x6F, 0x4F, 0x08, 0x20, 0x00, 0x00, 0x54, 0xF5, 0x05, 0x20, 0x31, 0x00, 0x00, 0xFC, 0x5F,
  0x0B, 0x02, 0x20, 0x00, 0x00, 0x56, 0xB5, 0x4F, 0x90, 0x24, 0x00, 0x00, 0xFE, 0xEE, 0x02, 0x00,
  0x30, 0x00, 0x00, 0xAA, 0xBB, 0x27, 0x44, 0x10, 0x00, 0x00, 0xFE, 0xEE, 0x02, 0x01, 0x12, 0x00,
  0x00, 0xAA, 0xB5, 0x05, 0x10, 0x10, 0x00, 0x00, 0x7F, 0x5F, 0x23, 0x40, 0x18, 0x00, 0x00, 0xC7,
  0xF2, 0x02, 0x04, 0x0A, 0x00, 0x80, 0xFF, 0xFF, 0xFF, 0xFF, 0x0F, 0x00, 0x00, 0x00, 0x00, 0x00,
  0x00, 0x00, 0x00, 0x00, 0x00, 0x00, 0x00, 0x00, 0x00, 0x00, 0x00, 0x00, 0x00, 0x00, 0x00, 0x00,
  0x00, 0x00, 0x00, 0x00, 0x00, 0x00, 0x00, 0x00, 0x00, 0xFC, 0xFF, 0xFF, 0xFF, 0x7F, 0x00, 0x00,
  0xFC, 0xFF, 0x8F, 0x31, 0x25, 0x00, 0x00, 0x06, 0x00, 0x70, 0x4E, 0x3A, 0x00, 0x00, 0xFA, 0xFF,
  0x97, 0xB1, 0x15, 0x00, 0x00, 0x06, 0x00, 0x48, 0x0A, 0x1A, 0x00, 0x00, 0xFA, 0xFF, 0xB7, 0xF5,
  0x11, 0x00, 0x00, 0x07, 0x00, 0x48, 0x0A, 0x16, 0x00, 0x00, 0xFB, 0xFF, 0xA7, 0xD1, 0x18, 0x00,
  0x00, 0x05, 0x00, 0x58, 0x2E, 0x0B, 0x00, 0x00, 0xF9, 0xFF, 0xA7, 0x50, 0x0C, 0x00, 0x00, 0x07,
  0x00, 0x50, 0xA7, 0x09, 0x00, 0x00, 0xF9, 0xBF, 0x2F, 0x58, 0x0A, 0x00, 0x80, 0x05, 0x60, 0xD0,
  0xA3, 0x0C, 0x00, 0x80, 0xFA, 0x8F, 0x2B, 0x1C, 0x0B, 0x00, 0x80, 0x05, 0x78, 0x94, 0xE1, 0x08,
  0x00, 0x80, 0xFB, 0x83, 0x6A, 0x0E, 0x0D, 0x00, 0x00, 0x05, 0x7E, 0x95, 0xB1, 0x0A, 0x00, 0x00,
  0xFB, 0x80, 0x2A, 0x4A, 0x09, 0x00, 0x00, 0xDD, 0xFF, 0xFF, 0xFF, 0x0F, 0x00, 0x00, 0xFF, 0xFF,
  0xF7, 0xFF, 0x0B, 0x00, 0x00, 0x7D, 0xFF, 0xFF, 0xBF, 0x0F, 0x00, 0x00, 0xFF, 0x77, 0xF8, 0xF6,
  0x1D, 0x00, 0x00, 0xEF, 0x9F, 0xC7, 0xFF, 0x1F, 0x00, 0x00, 0xFF, 0xFE, 0x1F, 0x7F, 0x17, 0x00,
  0x00, 0xFE, 0x7F, 0x7B, 0xEF, 0x1F, 0x00, 0x00, 0xDA, 0xDB, 0xDF, 0xFF, 0x17, 0x00, 0x00, 0xFE,
  0xBF, 0xF5, 0xFB, 0x1D, 0x00, 0x00, 0x7E, 0x7F, 0x3F, 0xBF, 0x17, 0x00, 0x00, 0xFA, 0xDB, 0xC6,
  0xFE, 0x1F, 0x00, 0x00, 0xDE, 0xFF, 0x3F, 0xEF, 0x3D, 0x00, 0x00, 0xFE, 0x6F, 0x95, 0xFF, 0x2F,
  0x00, 0x00, 0xF6, 0xFE, 0xEA, 0x7B, 0x3F, 0x00, 0x00, 0xFC, 0xF7, 0xFF, 0xFF, 0x37, 0x00, 0x00,
  0xDC, 0xFF, 0x7F, 0xDF, 0x2F, 0x00, 0x00, 0xFC, 0xFF, 0xFF, 0xFF, 0x3F, 0x00, 0x00, 0x24, 0x00,
  0x80, 0x00, 0x20, 0x00, 0x00, 0xCC, 0x7F, 0x37, 0xF5, 0x2A, 0x00, 0x00, 0x34, 0x80, 0xC8, 0x0A,
  0x65, 0x00, 0x00, 0xCC, 0x36, 0x13, 0x51, 0x4A, 0x00, 0x00, 0x34, 0xC9, 0xAC, 0xAA, 0x50, 0x00,
  0x00, 0x4C, 0x16, 0x51, 0x44, 0x66, 0x00, 0x00, 0xB4, 0xA9, 0x86, 0xA9, 0x28, 0x00, 0x00, 0x04,
  0x52, 0x39, 0x16, 0x25, 0x00, 0x00, 0xFC, 0x2D, 0x42, 0xA1, 0x28, 0x00, 0x00, 0x04, 0xC2, 0xAD,
  0x54, 0x33, 0x00, 0x00, 0x6E, 0x19, 0x10, 0x13, 0x24, 0x00, 0x00, 0x92, 0x66, 0x6B, 0x44, 0x39,
  0x00, 0x00, 0x2E, 0x89, 0x84, 0xB9, 0x14, 0x00, 0x00, 0xD2, 0x32, 0x29, 0x02, 0x11, 0x00, 0x00,
  0x2A, 0xCC, 0x96, 0x54, 0x1A, 0x00, 0x00, 0xA7, 0x11, 0xA8, 0xAA, 0x1C, 0x00, 0x00, 0x4B, 0xAA,
  0x02, 0x00, 0x09, 0x00, 0x80, 0xFF, 0xFF, 0xFF, 0xFF, 0x0F, 0x00, 0x00, 0x00, 0x00, 0x00, 0x00,
  0x00, 0x00, 0x00, 0x00, 0x00, 0x00, 0x00, 0x00, 0x00, 0x00, 0x00, 0x00, 0x00, 0x00, 0x00, 0x00,
  0x00, 0x00, 0x00, 0x00, 0x00, 0x00, 0x00, 0x00, 0xFC, 0xFF, 0xFF, 0xFF, 0x7F, 0x00, 0x00, 0x04,
  0x00, 0x6D, 0x00, 0x20, 0x00, 0x00, 0x86, 0x20, 0x7F, 0x49, 0x32, 0x00, 0x00, 0x12, 0x04, 0x3F,
  0x00, 0x10, 0x00, 0x00, 0x42, 0x80, 0x7F, 0x10, 0x10, 0x00, 0x00, 0x02, 0xA2, 0x37, 0x82, 0x14,
  0x00, 0x00, 0x0B, 0x80, 0x3F, 0x08, 0x10, 0x00, 0x00, 0x21, 0x90, 0x3B, 0x41, 0x18, 0x00, 0x00,
  0x01, 0xC1, 0x1F, 0x00, 0x0A, 0x00, 0x00, 0x11, 0xC8, 0x3D, 0x08, 0x08, 0x00, 0x00, 0x05, 0xC0,
  0x1F, 0x41, 0x08, 0x00, 0x00, 0x01, 0xC1, 0x2F, 0x04, 0x09, 0x00, 0x80, 0x21, 0xC0, 0x1F, 0x00,
  0x08, 0x00, 0x80, 0x00, 0xC8, 0x1D, 0x91, 0x08, 0x00, 0x80, 0x04, 0xC0, 0x2F, 0x00, 0x08, 0x00,
  0x80, 0x21, 0xC1, 0x1F, 0x04, 0x08, 0x00, 0x00, 0x01, 0xE0, 0x1E, 0x21, 0x09, 0x00, 0x00, 0x09,
  0xC4, 0x5F, 0x00, 0x08, 0x00, 0x00, 0x01, 0xC0, 0x1B, 0x08, 0x08, 0x00, 0x00, 0x41, 0xC2, 0x3F,
  0x40, 0x08, 0x00, 0x00, 0x09, 0x80, 0x1F, 0x01, 0x09, 0x00, 0x00, 0x01, 0xA0, 0x3B, 0x08, 0x18,
  0x00, 0x00, 0x01, 0x80, 0x3F, 0x00, 0x10, 0x00, 0x00, 0xFF, 0xFF, 0xED, 0xFF, 0x1F, 0x00, 0x00,
  0xFE, 0x7F, 0xD3, 0xFF, 0x17, 0x00, 0x00, 0xFA, 0x7F, 0xF5, 0xFF, 0x1F, 0x00, 0x00, 0xBE, 0x7B,
  0xD5, 0xDD, 0x17, 0x00, 0x00, 0xFE, 0xDF, 0xD1, 0xFF, 0x3E, 0x00, 0x00, 0xFA, 0xFE, 0xCA, 0xF7,
  0x17, 0x00, 0x00, 0xFE, 0xFF, 0xF7, 0xFF, 0x3F, 0x00, 0x00, 0x02, 0x00, 0x7F, 0x00, 0x20, 0x00,
  0x00, 0x06, 0x00, 0x7F, 0x00, 0x20, 0x00, 0x00, 0x14, 0x21, 0xB7, 0x00, 0x20, 0x00, 0x00, 0x04,
  0x04, 0x7F, 0x00, 0x20, 0x00, 0x00, 0x44, 0x00, 0xFF, 0x00, 0x20, 0x00, 0x00, 0x14, 0x48, 0x6E,
  0x00, 0x20, 0x00, 0x00, 0x04, 0x01, 0xFF, 0x00, 0x20, 0x00, 0x00, 0x24, 0x04, 0xFE, 0x00, 0x60,
  0x00, 0x00, 0x04, 0x20, 0x6F, 0x00, 0x40, 0x00, 0x00, 0x14, 0x01, 0xFE, 0x00, 0x40, 0x00, 0x00,
  0x04, 0x88, 0xFE, 0x00, 0x60, 0x00, 0x00, 0x44, 0x00, 0x6F, 0x00, 0x20, 0x00, 0x00, 0x04, 0x22,
  0xFE, 0x00, 0x20, 0x00, 0x00, 0x14, 0x00, 0x7F, 0x00, 0x20, 0x00, 0x00, 0x84, 0x08, 0xF7, 0x00,
  0x20, 0x00, 0x00, 0x06, 0x40, 0x3F, 0x00, 0x20, 0x00, 0x00, 0x12, 0x02, 0x7F, 0x00, 0x30, 0x00,
  0x00, 0x42, 0x90, 0x7B, 0x00, 0x10, 0x00, 0x00, 0x02, 0x80, 0x5F, 0x00, 0x10, 0x00, 0x00, 0x22,
  0x82, 0x3F, 0x00, 0x10, 0x00, 0x00, 0x0B, 0xA0, 0x3B, 0x00, 0x18, 0x00, 0x00, 0x01, 0xC8, 0x16,
  0x00, 0x08, 0x00, 0x80, 0xFF, 0xFF, 0xFF, 0xFF, 0x0F, 0x00, 0x00, 0x00, 0x00, 0x00, 0x00, 0x00,
  0x00, 0x00, 0x00, 0x00, 0x00, 0x00, 0x00, 0x00, 0x00, 0x00, 0x00, 0x00, 0x00, 0x00, 0x00, 0x00,
  0x00, 0x00, 0x00, 0x00, 0x00, 0x00, 0x00, 0xFC, 0xFF, 0xFF, 0xFF, 0x7F, 0x00, 0x00, 0x24, 0x55,
  0x55, 0x51, 0x31, 0x00, 0x00, 0x4E, 0xC0, 0xFF, 0x07, 0x34, 0x00, 0x00, 0x12, 0xF5, 0xAA, 0x90,
  0x12, 0x00, 0x00, 0x46, 0xA2, 0xFF, 0x25, 0x10, 0x00, 0x00, 0x92, 0xE8, 0x55, 0x89, 0x14, 0x00,
  0x00, 0x27, 0x52, 0xFF, 0x22, 0x11, 0x00, 0x00, 0x89, 0xF8, 0x55, 0x09, 0x1A, 0x00, 0x00, 0x23,
  0x52, 0xFF, 0x50, 0x08, 0x00, 0x00, 0x89, 0xF4, 0x55, 0x82, 0x0C, 0x00, 0x00, 0x23, 0x59, 0xFF,
  0x14, 0x09, 0x00, 0x00, 0x49, 0xF0, 0x55, 0x21, 0x08, 0x00, 0x80, 0x93, 0x5A, 0xFF, 0x44, 0x0D,
  0x00, 0x80, 0x08, 0xF0, 0xAA, 0x08, 0x08, 0x00, 0x80, 0xA2, 0xDA, 0xFF, 0x50, 0x09, 0x00, 0x80,
  0x09, 0xB4, 0xAA, 0x02, 0x08, 0x00, 0x00, 0xA3, 0xF0, 0x7F, 0x54, 0x0A, 0x00, 0x00, 0x09, 0x55,
  0xD5, 0x00, 0x08, 0x00, 0x00, 0x53, 0xF0, 0xFF, 0xAA, 0x0C, 0x00, 0x00, 0x05, 0xB5, 0xAA, 0x00,
  0x09, 0x00, 0x00, 0x21, 0xF0, 0xFF, 0x14, 0x08, 0x00, 0x00, 0x4B, 0x55, 0xAD, 0x40, 0x1D, 0x00,
  0x00, 0x01, 0xF0, 0xFB, 0x14, 0x10, 0x00, 0x00, 0x57, 0x55, 0xAF, 0x81, 0x12, 0x00, 0x00, 0x02,
  0xE0, 0x7A, 0x29, 0x18, 0x00, 0x00, 0xAA, 0xEA, 0xEF, 0x01, 0x11, 0x00, 0x00, 0x06, 0xA0, 0x5A,
  0x49, 0x14, 0x00, 0x00, 0xA2, 0xE4, 0xFF, 0x01, 0x11, 0x00, 0x00, 0x0A, 0x52, 0x55, 0x55, 0x14,
  0x00, 0x00, 0xA2, 0xE0, 0xBF, 0x01, 0x30, 0x00, 0x00, 0x0A, 0x4A, 0xF5, 0x4A, 0x25, 0x00, 0x00,
  0x56, 0xE0, 0xAF, 0x03, 0x20, 0x00, 0x00, 0x04, 0x45, 0xFD, 0x52, 0x34, 0x00, 0x00, 0x2C, 0xD0,
  0xAB, 0x03, 0x21, 0x00, 0x00, 0x84, 0x42, 0xFF, 0x12, 0x20, 0x00, 0x00, 0x24, 0xD0, 0xAA, 0x43,
  0x35, 0x00, 0x00, 0x0C, 0xC5, 0xDF, 0x0A, 0x20, 0x00, 0x00, 0x44, 0xA0, 0x7A, 0x23, 0x62, 0x00,
  0x00, 0x14, 0xC2, 0xD7, 0x85, 0x50, 0x00, 0x00, 0xA4, 0xA8, 0xBE, 0x13, 0x44, 0x00, 0x00, 0x04,
  0xC2, 0x75, 0x41, 0x70, 0x00, 0x00, 0x2C, 0x50, 0xEF, 0x17, 0x21, 0x00, 0x00, 0x84, 0xC4, 0x5A,
  0x01, 0x24, 0x00, 0x00, 0x14, 0xC0, 0xBF, 0xA3, 0x70, 0x00, 0x00, 0x44, 0x55, 0xF5, 0x0A, 0x62,
  0x00, 0x00, 0x0E, 0xC0, 0xAF, 0x21, 0x28, 0x00, 0x00, 0x22, 0xD2, 0x7A, 0x83, 0x30, 0x00, 0x00,
  0x82, 0x60, 0xEF, 0x09, 0x12, 0x00, 0x00, 0x2A, 0xAA, 0x5B, 0x21, 0x18, 0x00, 0x00, 0x02, 0xE0,
  0xB6, 0x88, 0x10, 0x00, 0x00, 0x97, 0xB0, 0xFD, 0x02, 0x1A, 0x00, 0x00, 0x01, 0x6A, 0x4B, 0x20,
  0x08, 0x00, 0x80, 0xFF, 0xFF, 0xFF, 0xFF, 0x0F, 0x00, 0x00, 0x00, 0x00, 0x00, 0x00, 0x00, 0x00,
  0x00, 0x00, 0x00, 0x00, 0x00, 0x00, 0x00, 0x00, 0x00, 0x00, 0x00, 0x00, 0x00, 0x00, 0x00, 0x00,
  0x00, 0x00, 0x00, 0x00, 0x00, 0x00, 0xFC, 0xFF, 0xFF, 0xFF, 0x7F, 0x00, 0x00, 0x24, 0x95, 0x6D,
  0x03, 0x20, 0x00, 0x00, 0x4E, 0xE0, 0xFF, 0x49, 0x34, 0x00, 0x00, 0x12, 0xD5, 0xF7, 0x01, 0x10,
  0x00, 0x00, 0x46, 0xE2, 0xFF, 0x21, 0x12, 0x00, 0x00, 0x92, 0xE8, 0xBD, 0x01, 0x10, 0x00, 0x00,
  0x27, 0xF2, 0xFF, 0x08, 0x11, 0x00, 0x00, 0x89, 0x78, 0xEF, 0x00, 0x18, 0x00, 0x00, 0x23, 0xF2,
  0xFF, 0x40, 0x08, 0x00, 0x00, 0x89, 0xF4, 0xFB, 0x08, 0x08, 0x00, 0x00, 0x23, 0xB9, 0xBF, 0x00,
  0x0A, 0x00, 0x00, 0x49, 0xF0, 0xFD, 0x20, 0x08, 0x00, 0x80, 0x93, 0xFA, 0xDF, 0x00, 0x08, 0x00,
  0x80, 0x08, 0xF8, 0xFF, 0x08, 0x08, 0x00, 0x80, 0xA2, 0xB2, 0x6D, 0x80, 0x08, 0x00, 0x80, 0x09,
  0xF4, 0xFF, 0x00, 0x08, 0x00, 0x00, 0xA3, 0xF8, 0xFF, 0x48, 0x08, 0x00, 0x00, 0x09, 0x75, 0xDF,
  0x00, 0x08, 0x00, 0x00, 0x53, 0xF0, 0xFB, 0x00, 0x08, 0x00, 0x00, 0x05, 0xF5, 0xFF, 0x00, 0x0A,
  0x00, 0x00, 0x21, 0xF0, 0xDF, 0x48, 0x08, 0x00, 0x00, 0x4B, 0x75, 0xFB, 0x00, 0x18, 0x00, 0x00,
  0x01, 0xF0, 0xFF, 0x00, 0x10, 0x00, 0x00, 0x57, 0xF5, 0xEA, 0x08, 0x18, 0x00, 0x00, 0x02, 0xA0,
  0xB6, 0x81, 0x10, 0x00, 0x00, 0x56, 0xF5, 0x6D, 0x01, 0x10, 0x00, 0x00, 0x02, 0x20, 0xF7, 0x21,
  0x10, 0x00, 0x00, 0xAA, 0xEA, 0x4D, 0x01, 0x14, 0x00, 0x00, 0x02, 0x60, 0xFA, 0x11, 0x10, 0x00,
  0x00, 0xAA, 0xE8, 0xD5, 0x01, 0x32, 0x00, 0x00, 0x02, 0xC2, 0x7F, 0x03, 0x20, 0x00, 0x00, 0x2E,
  0xD1, 0xFF, 0x03, 0x20, 0x00, 0x00, 0x04, 0xC4, 0xF7, 0x43, 0x20, 0x00, 0x00, 0x54, 0xD1, 0xBF,
  0x01, 0x24, 0x00, 0x00, 0x0C, 0xC0, 0xFD, 0x03, 0x20, 0x00, 0x00, 0x44, 0xD5, 0xFF, 0x43, 0x20,
  0x00, 0x00, 0x14, 0xC0, 0xEF, 0x03, 0x20, 0x00, 0x00, 0x84, 0xE2, 0x7E, 0x03, 0x64, 0x00, 0x00,
  0x2C, 0xC8, 0xF7, 0x03, 0x40, 0x00, 0x00, 0x04, 0xC1, 0xFF, 0x45, 0x40, 0x00, 0x00, 0x54, 0xD0,
  0xFF, 0x03, 0x60, 0x00, 0x00, 0x04, 0xC5, 0xB6, 0x03, 0x28, 0x00, 0x00, 0x24, 0xE0, 0xFF, 0x21,
  0x20, 0x00, 0x00, 0x8C, 0xC8, 0xFF, 0x03, 0x24, 0x00, 0x00, 0x24, 0xC2, 0x7D, 0x03, 0x20, 0x00,
  0x00, 0x86, 0xD0, 0xEF, 0x03, 0x20, 0x00, 0x00, 0x0A, 0xE4, 0xFF, 0x01, 0x31, 0x00, 0x00, 0xA2,
  0xE0, 0x7E, 0x01, 0x10, 0x00, 0x00, 0x0A, 0xE2, 0xF7, 0x21, 0x10, 0x00, 0x00, 0x42, 0xE8, 0xFF,
  0x00, 0x10, 0x00, 0x00, 0x07, 0xF2, 0xFB, 0x00, 0x18, 0x00, 0x00, 0x91, 0xB0, 0xAE, 0x00, 0x08,
  0x00, 0x80, 0xFF, 0xFF, 0xFF, 0xFF, 0x0F, 0x00, 0x00, 0x00, 0x00, 0x00, 0x00, 0x00, 0x00, 0x00,
  0x00, 0x00, 0x00, 0x00, 0x00, 0x00, 0x00, 0x00, 0x00, 0x00, 0x00, 0x00, 0x00, 0x00, 0x00, 0x00,
  0x00, 0x00, 0x00, 0x00, 0x00, 0xFC, 0xFF, 0xFF, 0xFF, 0x7F, 0x00, 0x00, 0x04, 0x37, 0x08, 0xDC,
  0x20, 0x00, 0x00, 0x86, 0x5F, 0x81, 0x7C, 0x30, 0x00, 0x00, 0x92, 0x1B, 0x24, 0x7E, 0x10, 0x00,
  0x00, 0x82, 0x9F, 0x00, 0x7E, 0x10, 0x00, 0x00, 0xCA, 0x1D, 0x10, 0x2F, 0x10, 0x00, 0x00, 0xC3,
  0x4F, 0x02, 0x3F, 0x10, 0x00, 0x00, 0xC1, 0x0E, 0x48, 0x3B, 0x18, 0x00, 0x00, 0xC9, 0x0F, 0x01,
  0x3F, 0x08, 0x00, 0x00, 0xC1, 0x0F, 0x20, 0x1F, 0x08, 0x00, 0x00, 0xE5, 0x4B, 0x82, 0x3B, 0x08,
  0x00, 0x00, 0xC1, 0x0F, 0x08, 0x1F, 0x08, 0x00, 0x80, 0xE1, 0x86, 0x80, 0x3F, 0x08, 0x00, 0x80,
  0xC0, 0x0F, 0x24, 0x1B, 0x08, 0x00, 0x80, 0xE4, 0x27, 0x81, 0x3F, 0x08, 0x00, 0x80, 0xC1, 0x0D,
  0x00, 0x1F, 0x08, 0x00, 0x00, 0xC1, 0x47, 0x44, 0x37, 0x08, 0x00, 0x00, 0xE9, 0x0F, 0x10, 0x3F,
  0x08, 0x00, 0x00, 0xC1, 0x0D, 0x01, 0x1F, 0x08, 0x00, 0x00, 0xC1, 0x4F, 0x08, 0x3F, 0x08, 0x00,
  0x00, 0xC9, 0x0F, 0x40, 0x37, 0x08, 0x00, 0x00, 0xC1, 0x0D, 0x02, 0x3F, 0x18, 0x00, 0x00, 0xC1,
  0x4F, 0x10, 0x3F, 0x10, 0x00, 0x00, 0x93, 0x0F, 0x81, 0x2E, 0x10, 0x00, 0x00, 0xC2, 0x1B, 0x00,
  0x7E, 0x10, 0x00, 0x00, 0x82, 0x1F, 0x24, 0x7E, 0x10, 0x00, 0x00, 0x92, 0x9F, 0x00, 0x6F, 0x10,
  0x00, 0x00, 0x82, 0x1B, 0x10, 0x7E, 0x10, 0x00, 0x00, 0x82, 0x1F, 0x02, 0x7E, 0x10, 0x00, 0x00,
  0x82, 0x1F, 0x40, 0x6E, 0x30, 0x00, 0x00, 0x22, 0xB7, 0x08, 0x7C, 0x20, 0x00, 0x00, 0x06, 0x1F,
  0x00, 0xFE, 0x20, 0x00, 0x00, 0x04, 0x3F, 0x42, 0xDC, 0x20, 0x00, 0x00, 0x04, 0x3F, 0x10, 0xFC,
  0x20, 0x00, 0x00, 0x44, 0x37, 0x00, 0xFC, 0x20, 0x00, 0x00, 0x04, 0x3F, 0x82, 0xDC, 0x20, 0x00,
  0x00, 0x04, 0x9F, 0x10, 0xFE, 0x20, 0x00, 0x00, 0x04, 0x3F, 0x00, 0x78, 0x60, 0x00, 0x00, 0x84,
  0x2D, 0x04, 0xFD, 0x40, 0x00, 0x00, 0x04, 0xBF, 0x20, 0xEC, 0x40, 0x00, 0x00, 0x04, 0x3F, 0x00,
  0xFC, 0x60, 0x00, 0x00, 0x84, 0x2E, 0x88, 0xBC, 0x20, 0x00, 0x00, 0x04, 0x3F, 0x01, 0xFC, 0x20,
  0x00, 0x00, 0x04, 0x37, 0x20, 0xF6, 0x20, 0x00, 0x00, 0x04, 0x3F, 0x04, 0xBC, 0x20, 0x00, 0x00,
  0x86, 0x3F, 0x00, 0xFD, 0x20, 0x00, 0x00, 0x02, 0x17, 0x11, 0x7C, 0x30, 0x00, 0x00, 0x82, 0x1F,
  0x00, 0x5E, 0x10, 0x00, 0x00, 0x82, 0x9B, 0x88, 0x7E, 0x10, 0x00, 0x00, 0xC2, 0x1F, 0x00, 0x3E,
  0x10, 0x00, 0x00, 0xC3, 0x0F, 0x04, 0x3F, 0x18, 0x00, 0x00, 0x41, 0x05, 0x00, 0x0B, 0x08, 0x00,
  0x80, 0xFF, 0xFF, 0xFF, 0xFF, 0x0F, 0x00, 0x00, 0x00, 0x00, 0x00, 0x00, 0x00, 0x00, 0x00, 0x00,
  0x00, 0x00, 0x00, 0x00, 0x00, 0x00, 0x00, 0x00, 0x00, 0x00, 0x00, 0x00, 0x00, 0x00, 0x00, 0x00,
  0x00, 0x00, 0x00, 0x00, 0xFC, 0xFF, 0xFF, 0xFF, 0x7F, 0x00, 0x00, 0x24, 0x91, 0x6D, 0x03, 0x30,
  0x00, 0x00, 0x4E, 0xE4, 0xFF, 0x55, 0x31, 0x00, 0x00, 0x02, 0xE9, 0xFE, 0x01, 0x14, 0x00, 0x00,
  0x56, 0xE0, 0xDF, 0x89, 0x10, 0x00, 0x00, 0x02, 0x6A, 0xFF, 0x00, 0x10, 0x00, 0x00, 0x57, 0xF1,
  0xF7, 0x25, 0x19, 0x00, 0x00, 0x01, 0xF8, 0x7F, 0x00, 0x18, 0x00, 0x00, 0x2B, 0xB2, 0xFF, 0x24,
  0x09, 0x00, 0x00, 0x81, 0xF4, 0xDD, 0x00, 0x08, 0x00, 0x00, 0x15, 0xF0, 0xFF, 0x92, 0x08, 0x00,
  0x00, 0x43, 0xF5, 0x6E, 0x00, 0x0C, 0x00, 0x80, 0x21, 0xF8, 0xFF, 0x48, 0x08, 0x00, 0x80, 0x0A,
  0xB2, 0x7F, 0x02, 0x0A, 0x00, 0x80, 0x40, 0xF9, 0xFB, 0x00, 0x08, 0x00, 0x80, 0x15, 0xF4, 0xDF,
  0x50, 0x09, 0x00, 0x00, 0x43, 0x70, 0x7F, 0x04, 0x08, 0x00, 0x00, 0x09, 0xF9, 0xFF, 0x00, 0x08,
  0x00, 0x00, 0x21, 0xB0, 0xDB, 0x44, 0x08, 0x00, 0x00, 0x8B, 0xFA, 0xFF, 0x10, 0x09, 0x00, 0x00,
  0x01, 0xF0, 0xEF, 0x00, 0x08, 0x00, 0x00, 0x25, 0xF2, 0xFE, 0x84, 0x18, 0x00, 0x00, 0x91, 0xF0,
  0x7F, 0x21, 0x14, 0x00, 0x00, 0x07, 0x6A, 0xE1, 0x00, 0x10, 0x00, 0x00, 0x22, 0xE0, 0xCA, 0x09,
  0x11, 0x00, 0x00, 0x8A, 0xF2, 0x35, 0x21, 0x10, 0x00, 0x00, 0x02, 0x60, 0x4F, 0x81, 0x10, 0x00,
  0x00, 0xAA, 0xE4, 0xB5, 0x09, 0x14, 0x00, 0x00, 0x02, 0xF0, 0x8A, 0x01, 0x10, 0x00, 0x00, 0x8A,
  0xC2, 0xE3, 0x11, 0x31, 0x00, 0x00, 0x22, 0xE0, 0x7D, 0x43, 0x28, 0x00, 0x00, 0x06, 0xC9, 0xFF,
  0x03, 0x20, 0x00, 0x00, 0x4C, 0xE0, 0xBE, 0x23, 0x24, 0x00, 0x00, 0x04, 0xC9, 0xFF, 0x03, 0x20,
  0x00, 0x00, 0x14, 0xC0, 0xEF, 0x13, 0x21, 0x00, 0x00, 0x44, 0xE2, 0xFE, 0x02, 0x28, 0x00, 0x00,
  0x14, 0xC8, 0xF7, 0x03, 0x20, 0x00, 0x00, 0x84, 0xC0, 0x7F, 0x4B, 0x62, 0x00, 0x00, 0x14, 0xD2,
  0xFE, 0x03, 0x40, 0x00, 0x00, 0x44, 0xC0, 0xEF, 0x23, 0x60, 0x00, 0x00, 0x04, 0xC9, 0xFF, 0x05,
  0x62, 0x00, 0x00, 0x14, 0xC0, 0xBD, 0x03, 0x20, 0x00, 0x00, 0x44, 0xC4, 0xFF, 0x23, 0x21, 0x00,
  0x00, 0x14, 0xC1, 0xF7, 0x03, 0x20, 0x00, 0x00, 0x04, 0xD0, 0xBF, 0x11, 0x20, 0x00, 0x00, 0x96,
  0xC0, 0xFD, 0x03, 0x24, 0x00, 0x00, 0x02, 0xE4, 0xDF, 0x09, 0x30, 0x00, 0x00, 0x4A, 0xE0, 0xFE,
  0x81, 0x10, 0x00, 0x00, 0x02, 0xF2, 0xEF, 0x01, 0x10, 0x00, 0x00, 0x22, 0xE0, 0xFF, 0x20, 0x14,
  0x00, 0x00, 0x0B, 0xF1, 0xFD, 0x04, 0x18, 0x00, 0x00, 0x01, 0x58, 0x57, 0x00, 0x08, 0x00, 0x80,
  0xFF, 0xFF, 0xFF, 0xFF, 0x0F, 0x00, 0x00, 0x00, 0x00, 0x00, 0x00, 0x00, 0x00, 0x00, 0x00, 0x00,
  0x00, 0x00, 0x00, 0x00, 0x00, 0x00, 0x00, 0x00, 0x00, 0x00, 0x00, 0x00, 0x00, 0x00, 0x00, 0x00,
  0x00, 0x00, 0x00, 0xFC, 0xFF, 0xFF, 0xFF, 0x7F, 0x00, 0x00, 0x2C, 0xD5, 0xB6, 0x55, 0x2A, 0x00,
  0x00, 0x56, 0xE2, 0xFF, 0x83, 0x30, 0x00, 0x00, 0x86, 0xF4, 0xFB, 0x29, 0x1A, 0x00, 0x00, 0x32,
  0xA9, 0xBF, 0x45, 0x11, 0x00, 0x00, 0x46, 0xF2, 0xFD, 0x11, 0x14, 0x00, 0x00, 0xAB, 0xD4, 0xFF,
  0xA8, 0x18, 0x00, 0x00, 0x11, 0xF9, 0xEF, 0x02, 0x19, 0x00, 0x00, 0x4B, 0xF2, 0x7F, 0x55, 0x0A,
  0x00, 0x00, 0xA5, 0x74, 0xFB, 0x20, 0x08, 0x00, 0x00, 0x13, 0xF9, 0xBF, 0x8A, 0x0A, 0x00, 0x00,
  0x49, 0xB2, 0xFF, 0x20, 0x0C, 0x00, 0x80, 0xA7, 0xF8, 0xEF, 0x8A, 0x08, 0x00, 0x80, 0x10, 0xFA,
  0x7D, 0x20, 0x0D, 0x00, 0x80, 0xA6, 0xF4, 0xFF, 0x4A, 0x08, 0x00, 0x80, 0x49, 0xB9, 0x7F, 0x11,
  0x09, 0x00, 0x00, 0x13, 0xF2, 0xED, 0x24, 0x0C, 0x00, 0x00, 0xA5, 0xF8, 0xFF, 0x40, 0x09, 0x00,
  0x00, 0x4B, 0xB5, 0xEE, 0x0A, 0x0C, 0x00, 0x00, 0x11, 0x58, 0xC7, 0x50, 0x09, 0x00, 0x00, 0xA7,
  0xF2, 0xFF, 0x04, 0x0A, 0x00, 0x00, 0x51, 0xF4, 0xFF, 0x52, 0x18, 0x00, 0x00, 0x05, 0x79, 0x7B,
  0x81, 0x12, 0x00, 0x00, 0xAB, 0xE2, 0xFF, 0x15, 0x14, 0x00, 0x00, 0x12, 0xF4, 0xDF, 0xA0, 0x10,
  0x00, 0x00, 0x46, 0xE1, 0xFA, 0x05, 0x15, 0x00, 0x00, 0x92, 0xEA, 0xF3, 0x29, 0x10, 0x00, 0x00,
  0x26, 0xE0, 0xFF, 0x41, 0x15, 0x00, 0x00, 0x8A, 0xEA, 0xBE, 0x09, 0x10, 0x00, 0x00, 0x22, 0xF1,
  0xF7, 0x53, 0x35, 0x00, 0x00, 0x5A, 0xC4, 0xFF, 0x02, 0x20, 0x00, 0x00, 0x86, 0xD2, 0xFD, 0xAB,
  0x2A, 0x00, 0x00, 0x2C, 0xE8, 0xDF, 0x03, 0x20, 0x00, 0x00, 0x84, 0x42, 0x3C, 0x53, 0x25, 0x00,
  0x00, 0x2C, 0xE9, 0xBF, 0x03, 0x20, 0x00, 0x00, 0x54, 0xC4, 0xED, 0x55, 0x2A, 0x00, 0x00, 0x0C,
  0xD1, 0xFF, 0x03, 0x20, 0x00, 0x00, 0xA4, 0xC4, 0xFF, 0xAB, 0x72, 0x00, 0x00, 0x0C, 0xD2, 0x6F,
  0x03, 0x40, 0x00, 0x00, 0x54, 0xC1, 0xFD, 0x2B, 0x55, 0x00, 0x00, 0x84, 0xD4, 0xBF, 0x83, 0x60,
  0x00, 0x00, 0x2C, 0xC8, 0xFF, 0x4B, 0x28, 0x00, 0x00, 0x44, 0xE1, 0xED, 0x13, 0x22, 0x00, 0x00,
  0x2C, 0xCA, 0xFF, 0x82, 0x28, 0x00, 0x00, 0x84, 0xE0, 0xFE, 0x2B, 0x20, 0x00, 0x00, 0x2E, 0xCA,
  0xDF, 0x83, 0x2A, 0x00, 0x00, 0x82, 0xE4, 0xFF, 0x11, 0x30, 0x00, 0x00, 0x2A, 0x71, 0xF7, 0x45,
  0x14, 0x00, 0x00, 0x46, 0xE4, 0x7F, 0x11, 0x11, 0x00, 0x00, 0x92, 0xF0, 0xFB, 0x01, 0x14, 0x00,
  0x00, 0x0B, 0xB5, 0xFF, 0x54, 0x18, 0x00, 0x00, 0x23, 0xF0, 0x56, 0x00, 0x09, 0x00, 0x80, 0xFF,
  0xFF, 0xFF, 0xFF, 0x0F, 0x00, 0x00, 0x00, 0x00, 0x00, 0x00, 0x00, 0x00, 0x00, 0x00, 0x00, 0x00,
  0x00, 0x00, 0x00, 0x00, 0x00, 0x00, 0x00, 0x00, 0x00, 0x00, 0x00, 0x00, 0x00, 0x00, 0x00, 0x00,
  0x00, 0x00, 0xFC, 0xFF, 0xFF, 0xFF, 0x7F, 0x00, 0x00, 0xB4, 0x6D, 0x4B, 0x04, 0x20, 0x00, 0x00,
  0xFE, 0xFF, 0x07, 0x50, 0x35, 0x00, 0x00, 0xDE, 0xF7, 0x57, 0x01, 0x10, 0x00, 0x00, 0xFE, 0x7F,
  0x07, 0x44, 0x10, 0x00, 0x00, 0xFA, 0xFE, 0x23, 0x11, 0x12, 0x00, 0x00, 0xFF, 0xDF, 0x0B, 0x80,
  0x10, 0x00, 0x00, 0xDD, 0xFB, 0x43, 0x14, 0x18, 0x00, 0x00, 0xFF, 0xFF, 0x12, 0x41, 0x0A, 0x00,
  0x00, 0x7D, 0xDF, 0x03, 0x08, 0x08, 0x00, 0x00, 0xDF, 0xFE, 0x53, 0x22, 0x09, 0x00, 0x00, 0x7D,
  0xF2, 0x03, 0x00, 0x08, 0x00, 0x80, 0x7F, 0x79, 0x89, 0x48, 0x08, 0x00, 0x80, 0x0D, 0xFC, 0x23,
  0x02, 0x09, 0x00, 0x80, 0x7F, 0xB8, 0x03, 0x10, 0x08, 0x00, 0x80, 0x7D, 0xF7, 0x49, 0x81, 0x08,
  0x00, 0x00, 0x7F, 0xFF, 0x03, 0x24, 0x0C, 0x00, 0x00, 0xDD, 0xBF, 0x13, 0x00, 0x08, 0x00, 0x00,
  0xFF, 0xF7, 0x43, 0x09, 0x09, 0x00, 0x00, 0xFD, 0xFE, 0x02, 0x40, 0x08, 0x00, 0x00, 0xEF, 0xFF,
  0x93, 0x04, 0x0C, 0x00, 0x00, 0xFF, 0xDB, 0x03, 0x90, 0x18, 0x00, 0x00, 0xF7, 0xFF, 0x25, 0x01,
  0x10, 0x00, 0x00, 0x7F, 0xFF, 0x03, 0x48, 0x12, 0x00, 0x00, 0xFA, 0xBB, 0x27, 0x01, 0x10, 0x00,
  0x00, 0xFE, 0xFF, 0x07, 0x00, 0x10, 0x00, 0x00, 0xAA, 0x54, 0xD9, 0xDE, 0x1B, 0x00, 0x00, 0x02,
  0x02, 0xF8, 0xFB, 0x1E, 0x00, 0x00, 0x02, 0x80, 0xF8, 0xFF, 0x17, 0x00, 0x00, 0xAA, 0x08, 0xB8,
  0xBD, 0x3F, 0x00, 0x00, 0x02, 0x20, 0xFA, 0xFF, 0x2B, 0x00, 0x00, 0x06, 0x01, 0xF0, 0xEF, 0x3F,
  0x00, 0x00, 0x14, 0x84, 0x70, 0xFF, 0x2E, 0x00, 0x00, 0x44, 0x10, 0xF4, 0xFB, 0x3F, 0x00, 0x00,
  0x04, 0x41, 0xF0, 0xBF, 0x2F, 0x00, 0x00, 0x14, 0x00, 0xF2, 0xFF, 0x3B, 0x00, 0x00, 0x44, 0x04,
  0x70, 0xEB, 0x3F, 0x00, 0x00, 0x04, 0x90, 0xF8, 0x6F, 0x6E, 0x00, 0x00, 0x14, 0x01, 0xF0, 0x07,
  0x5F, 0x00, 0x00, 0x04, 0x04, 0xB1, 0x81, 0x7F, 0x00, 0x00, 0x44, 0x20, 0xF4, 0x0F, 0x77, 0x00,
  0x00, 0x04, 0x02, 0xF0, 0x6F, 0x3F, 0x00, 0x00, 0x94, 0x10, 0xF2, 0xEB, 0x3B, 0x00, 0x00, 0x04,
  0x80, 0x70, 0xBF, 0x2F, 0x00, 0x00, 0x04, 0x09, 0xF0, 0xFF, 0x3F, 0x00, 0x00, 0x16, 0x00, 0xF8,
  0xF7, 0x2D, 0x00, 0x00, 0x42, 0x20, 0xF9, 0xFE, 0x3F, 0x00, 0x00, 0x02, 0x02, 0xD8, 0xBF, 0x17,
  0x00, 0x00, 0x22, 0x88, 0xF8, 0xF7, 0x1D, 0x00, 0x00, 0x0A, 0x00, 0x7C, 0xFF, 0x17, 0x00, 0x00,
  0x83, 0x44, 0xFC, 0xFB, 0x1E, 0x00, 0x00, 0x01, 0x00, 0x54, 0xAF, 0x0B, 0x00, 0x80, 0xFF, 0xFF,
  0xFF, 0xFF, 0x0F, 0x00, 0x00, 0x00, 0x00, 0x00, 0x00, 0x00, 0x00, 0x00, 0x00, 0x00, 0x00, 0x00,
  0x00, 0x00, 0x00, 0x00, 0x00, 0x00, 0x00, 0x00, 0x00, 0x00, 0x00, 0x00, 0x00, 0x00, 0x00, 0x00,
  0x00, 0xFC, 0xFF, 0xFF, 0xFF, 0x7F, 0x00, 0x00, 0xB4, 0xDF, 0x36, 0x1C, 0x3C, 0x00, 0x00, 0xFE,
  0xFD, 0x1F, 0x3D, 0x3E, 0x00, 0x00, 0xDE, 0xF7, 0x5B, 0x1E, 0x1D, 0x00, 0x00, 0xFE, 0xDE, 0x1F,
  0x0E, 0x16, 0x00, 0x00, 0xBA, 0x6B, 0x0F, 0x9E, 0x1E, 0x00, 0x00, 0x7F, 0xA4, 0x9F, 0x0F, 0x1F,
  0x00, 0x00, 0xCD, 0xDA, 0x0B, 0x0F, 0x1B, 0x00, 0x00, 0x3F, 0x25, 0x0F, 0x0B, 0x0F, 0x00, 0x00,
  0xAD, 0xDB, 0x8F, 0x8F, 0x0B, 0x00, 0x00, 0x5F, 0xA6, 0x0B, 0x0F, 0x0F, 0x00, 0x00, 0xAD, 0xCD,
  0x0F, 0x87, 0x0B, 0x00, 0x80, 0xB7, 0xB4, 0x46, 0x0F, 0x0F, 0x00, 0x80, 0x5D, 0xC9, 0x0F, 0x87,
  0x0B, 0x00, 0x80, 0x7F, 0xF5, 0x8F, 0x0F, 0x0F, 0x00, 0x80, 0xBD, 0xFD, 0x0B, 0x8F, 0x0B, 0x00,
  0x00, 0xFF, 0x6F, 0x8F, 0x0B, 0x0F, 0x00, 0x00, 0xDD, 0xFD, 0x07, 0x8F, 0x0B, 0x00, 0x00, 0xFF,
  0xFF, 0x0F, 0x0F, 0x0F, 0x00, 0x00, 0xED, 0x6F, 0x4F, 0x0F, 0x0B, 0x00, 0x00, 0x0F, 0x0B, 0x07,
  0x07, 0x0F, 0x00, 0x00, 0x0F, 0x0F, 0x0F, 0x8F, 0x1B, 0x00, 0x00, 0x97, 0x8E, 0x0E, 0x0F, 0x17,
  0x00, 0x00, 0x0F, 0x0F, 0x9F, 0x0E, 0x1F, 0x00, 0x00, 0x1A, 0x1E, 0x0E, 0x1E, 0x16, 0x00, 0x00,
  0x9E, 0x9E, 0x1E, 0x0E, 0x1F, 0x00, 0x00, 0x1E, 0x0E, 0x1E, 0x1E, 0x16, 0x00, 0x00, 0x1A, 0x1E,
  0x8E, 0x1E, 0x1E, 0x00, 0x00, 0x1E, 0x9E, 0x1E, 0x8E, 0x16, 0x00, 0x00, 0x9E, 0x1E, 0x1E, 0x1E,
  0x3E, 0x00, 0x00, 0x36, 0x2C, 0x3C, 0x3C, 0x3C, 0x00, 0x00, 0x3E, 0x3E, 0x1C, 0x1C, 0x2C, 0x00,
  0x00, 0x34, 0x1C, 0x3D, 0x3E, 0x3E, 0x00, 0x00, 0x3C, 0x3C, 0x3C, 0x3C, 0x2C, 0x00, 0x00, 0x3C,
  0x3E, 0x3C, 0x3C, 0x3C, 0x00, 0x00, 0x3C, 0x1C, 0x1C, 0x2C, 0x2C, 0x00, 0x00, 0x2C, 0x3C, 0x3D,
  0x3E, 0x3C, 0x00, 0x00, 0x3C, 0x3D, 0x3C, 0x38, 0x7C, 0x00, 0x00, 0x3C, 0x3C, 0x3C, 0x3C, 0x6C,
  0x00, 0x00, 0x5C, 0x2C, 0x2C, 0x3C, 0x5C, 0x00, 0x00, 0x34, 0x3C, 0x3E, 0x1C, 0x7C, 0x00, 0x00,
  0x3C, 0x3E, 0x3C, 0x3A, 0x2C, 0x00, 0x00, 0x3C, 0x3C, 0x1C, 0x3C, 0x3C, 0x00, 0x00, 0x3C, 0x2C,
  0x3C, 0x3C, 0x3C, 0x00, 0x00, 0x34, 0x3E, 0x2E, 0x1C, 0x2C, 0x00, 0x00, 0x1E, 0x1C, 0x3C, 0x3E,
  0x3E, 0x00, 0x00, 0x3E, 0x3E, 0x1E, 0x1C, 0x3C, 0x00, 0x00, 0x16, 0x0E, 0x1E, 0x1E, 0x1E, 0x00,
  0x00, 0x1E, 0x1E, 0x17, 0x0E, 0x16, 0x00, 0x00, 0x1A, 0x0F, 0x1E, 0x1F, 0x1F, 0x00, 0x00, 0x0F,
  0x8F, 0x0F, 0x07, 0x1B, 0x00, 0x00, 0x0D, 0x05, 0x0A, 0x0D, 0x0D, 0x00, 0x80, 0xFF, 0xFF, 0xFF,
  0xFF, 0x0F, 0x00, 0x00, 0x00, 0x00, 0x00, 0x00, 0x00, 0x00, 0x00, 0x00, 0x00, 0x00, 0x00, 0x00,
  0x00, 0x00, 0x00, 0x00, 0x00, 0x00, 0x00, 0x00, 0x00, 0x00, 0x00, 0x00, 0x00, 0x00, 0x00, 0x00,
  0xFC, 0xFF, 0xFF, 0xFF, 0x7F, 0x00, 0x00, 0x2C, 0xC9, 0xB6, 0x25, 0x22, 0x00, 0x00, 0x46, 0xF2,
  0xFF, 0x83, 0x38, 0x00, 0x00, 0x96, 0x64, 0xFF, 0x2A, 0x12, 0x00, 0x00, 0x22, 0xEA, 0xF7, 0x81,
  0x14, 0x00, 0x00, 0x96, 0xF0, 0xBF, 0x29, 0x10, 0x00, 0x00, 0x4B, 0xD5, 0xFD, 0x42, 0x15, 0x00,
  0x00, 0x23, 0xF8, 0xDF, 0x08, 0x18, 0x00, 0x00, 0x89, 0x72, 0xFF, 0x92, 0x0A, 0x00, 0x00, 0x53,
  0xF4, 0xF7, 0x20, 0x08, 0x00, 0x00, 0x25, 0xB9, 0xFF, 0x84, 0x1A, 0x00, 0x00, 0x8B, 0xF8, 0xDF,
  0x28, 0x08, 0x00, 0x80, 0x21, 0xF2, 0xFD, 0x02, 0x09, 0x00, 0x80, 0x8A, 0xF4, 0x6F, 0x54, 0x08,
  0x00, 0x80, 0x24, 0x7A, 0xFF, 0x00, 0x0D, 0x00, 0x80, 0x93, 0xF0, 0x7F, 0x45, 0x08, 0x00, 0x00,
  0x49, 0xFA, 0xFB, 0x90, 0x08, 0x00, 0x00, 0x23, 0x71, 0xDF, 0x04, 0x0A, 0x00, 0x00, 0x15, 0xF4,
  0xFF, 0xA8, 0x18, 0x00, 0x00, 0x43, 0xF9, 0xFF, 0x00, 0x08, 0x00, 0x00, 0x29, 0x72, 0xDB, 0x4A,
  0x0A, 0x00, 0x00, 0x83, 0xF0, 0xFF, 0x20, 0x19, 0x00, 0x00, 0x29, 0xF5, 0xFD, 0x11, 0x18, 0x00,
  0x00, 0x47, 0xB0, 0x6F, 0x85, 0x10, 0x00, 0x00, 0x12, 0xF5, 0xEB, 0x20, 0x12, 0x00, 0x00, 0x26,
  0xE0, 0xED, 0x09, 0x19, 0x00, 0x00, 0x4A, 0x65, 0xFB, 0x45, 0x10, 0x00, 0x00, 0x02, 0xE8, 0xE5,
  0x10, 0x12, 0x00, 0x00, 0x56, 0xE1, 0xDF, 0x83, 0x10, 0x00, 0x00, 0x22, 0x6A, 0x6F, 0x29, 0x3A,
  0x00, 0x00, 0x8A, 0xE0, 0xFB, 0x03, 0x20, 0x00, 0x00, 0x26, 0xCA, 0xFF, 0xA3, 0x28, 0x00, 0x00,
  0x8C, 0xE0, 0xFD, 0x0A, 0x22, 0x00, 0x00, 0x24, 0xC9, 0xDF, 0x43, 0x20, 0x00, 0x00, 0x0C, 0xE2,
  0xFF, 0x13, 0x2A, 0x00, 0x00, 0x54, 0xC4, 0xED, 0x85, 0x20, 0x00, 0x00, 0x84, 0xC8, 0xFF, 0x23,
  0x22, 0x00, 0x00, 0x2C, 0xD1, 0x7F, 0x0B, 0x70, 0x00, 0x00, 0x04, 0xC2, 0xFD, 0x83, 0x44, 0x00,
  0x00, 0x54, 0xD4, 0xEF, 0x2B, 0x40, 0x00, 0x00, 0x84, 0xC0, 0xFF, 0x02, 0x69, 0x00, 0x00, 0x2C,
  0xD5, 0xFD, 0x4B, 0x20, 0x00, 0x00, 0x04, 0xC0, 0xDF, 0x03, 0x32, 0x00, 0x00, 0x54, 0xD5, 0xFF,
  0x93, 0x20, 0x00, 0x00, 0x0C, 0xC0, 0x77, 0x03, 0x24, 0x00, 0x00, 0xA6, 0xEA, 0xFE, 0x53, 0x20,
  0x00, 0x00, 0x0A, 0xE0, 0xBF, 0x01, 0x31, 0x00, 0x00, 0x42, 0x65, 0xFF, 0x05, 0x14, 0x00, 0x00,
  0x12, 0xE0, 0xF7, 0x51, 0x10, 0x00, 0x00, 0x46, 0xEA, 0x7F, 0x01, 0x11, 0x00, 0x00, 0x93, 0xF0,
  0xFB, 0x24, 0x18, 0x00, 0x00, 0x05, 0xB4, 0xAE, 0x00, 0x0C, 0x00, 0x80, 0xFF, 0xFF, 0xFF, 0xFF,
  0x0F, 0x00, 0x00, 0x00, 0x00, 0x00, 0x00, 0x00, 0x00, 0x00, 0x00, 0x00, 0x00, 0x00, 0x00, 0x00,
  0x00, 0x00, 0x00, 0x00, 0x00, 0x00, 0x00, 0x00, 0x00, 0x00, 0x00, 0x00, 0x00, 0x00, 0x00, 0xFC,
  0xFF, 0xFF, 0xFF, 0x7F, 0x00, 0x00, 0x54, 0xD5, 0xB6, 0x45, 0x24, 0x00, 0x00, 0x0E, 0xE0, 0xFF,
  0x13, 0x31, 0x00, 0x00, 0x52, 0xD5, 0xFB, 0x88, 0x14, 0x00, 0x00, 0x86, 0xE8, 0xFF, 0x23, 0x10,
  0x00, 0x00, 0x52, 0xE2, 0xDE, 0x88, 0x12, 0x00, 0x00, 0x27, 0xF8, 0xFF, 0x21, 0x18, 0x00, 0x00,
  0x8B, 0x72, 0x7F, 0x0A, 0x1A, 0x00, 0x00, 0x21, 0xF9, 0xF7, 0xA0, 0x08, 0x00, 0x00, 0x4B, 0xB4,
  0xBF, 0x0A, 0x0C, 0x00, 0x00, 0x91, 0xF2, 0xFB, 0x40, 0x09, 0x00, 0x00, 0x0B, 0xF8, 0xFF, 0x14,
  0x08, 0x00, 0x80, 0xA5, 0xBA, 0xDF, 0x82, 0x0C, 0x00, 0x80, 0x42, 0xF0, 0x7D, 0x50, 0x08, 0x00,
  0x80, 0x28, 0xFA, 0xFF, 0x04, 0x09, 0x00, 0x80, 0x93, 0xF4, 0x77, 0x21, 0x08, 0x00, 0x00, 0x09,
  0x71, 0xFF, 0x14, 0x0D, 0x00, 0x00, 0x23, 0xF4, 0xDF, 0x40, 0x08, 0x00, 0x00, 0x49, 0xF9, 0xFD,
  0x04, 0x0A, 0x00, 0x00, 0x13, 0xF2, 0xEF, 0x90, 0x08, 0x00, 0x00, 0x45, 0xB8, 0xFF, 0x24, 0x08,
  0x00, 0x00, 0x91, 0xF2, 0x7D, 0x81, 0x1A, 0x00, 0x00, 0x0B, 0xF8, 0xFF, 0x08, 0x10, 0x00, 0x00,
  0xA3, 0xE2, 0xEE, 0xA5, 0x18, 0x00, 0x00, 0x06, 0xE8, 0xFF, 0x00, 0x12, 0x00, 0x00, 0xAA, 0xF2,
  0xBF, 0x55, 0x10, 0x00, 0x00, 0x42, 0xE0, 0xFB, 0x01, 0x12, 0x00, 0x00, 0x16, 0x75, 0xDF, 0x89,
  0x10, 0x00, 0x00, 0x82, 0xE0, 0xFF, 0x21, 0x14, 0x00, 0x00, 0x2A, 0xEA, 0xFD, 0x0A, 0x31, 0x00,
  0x00, 0x82, 0xC0, 0xEF, 0x43, 0x20, 0x00, 0x00, 0x2E, 0xD4, 0xFF, 0x13, 0x25, 0x00, 0x00, 0x44,
  0xE1, 0x77, 0x03, 0x20, 0x00, 0x00, 0x0C, 0xC4, 0xFE, 0x53, 0x32, 0x00, 0x00, 0x54, 0xE9, 0xBF,
  0x03, 0x20, 0x00, 0x00, 0x04, 0xC0, 0xFB, 0x93, 0x2A, 0x00, 0x00, 0xAC, 0xCA, 0xFF, 0x03, 0x20,
  0x00, 0x00, 0x04, 0xC0, 0xDD, 0x55, 0x64, 0x00, 0x00, 0x54, 0xD5, 0xFF, 0x03, 0x51, 0x00, 0x00,
  0x04, 0xC0, 0xFF, 0x46, 0x40, 0x00, 0x00, 0xAC, 0xD2, 0xED, 0x13, 0x64, 0x00, 0x00, 0x04, 0xC0,
  0xFF, 0x03, 0x21, 0x00, 0x00, 0x24, 0xD5, 0x77, 0x4B, 0x28, 0x00, 0x00, 0x4C, 0xC0, 0xFF, 0x03,
  0x21, 0x00, 0x00, 0x04, 0xE9, 0xFE, 0x29, 0x24, 0x00, 0x00, 0x56, 0xC4, 0xF7, 0x83, 0x20, 0x00,
  0x00, 0x0A, 0xE0, 0xBF, 0x05, 0x32, 0x00, 0x00, 0x42, 0x75, 0xFF, 0x51, 0x10, 0x00, 0x00, 0x12,
  0xE0, 0xFB, 0x01, 0x11, 0x00, 0x00, 0xA6, 0xE8, 0xBF, 0x0A, 0x10, 0x00, 0x00, 0x03, 0xF2, 0xFD,
  0x40, 0x1A, 0x00, 0x00, 0x49, 0x58, 0xD7, 0x10, 0x08, 0x00, 0x80, 0xFF, 0xFF, 0xFF, 0xFF, 0x0F,
  0x00, 0x00, 0x00, 0x00, 0x00, 0x00, 0x00, 0x00, 0x00, 0x00, 0x00, 0x00, 0x00, 0x00, 0x00, 0x00,
  0x00, 0x00, 0x00, 0x00, 0x00, 0x00, 0x00, 0x00, 0x00, 0x00, 0x00, 0x00, 0x00, 0x00, 0x00, 0x00,
  0x00, 0x00, 0x00, 0x00, 0x00, 0x00, 0x00, 0x00, 0x00, 0x00, 0x00, 0x00, 0x00, 0x00, 0x00, 0x00,
  0x00, 0x00, 0x00, 0x00, 0x00, 0x00, 0x00, 0x00, 0x00, 0x00, 0x00, 0x00, 0x00, 0x00, 0x00, 0x00,
  0x00, 0xFC, 0xFF, 0xFF, 0xFF, 0x7F, 0x00, 0x00, 0x06, 0x00, 0x00, 0x00, 0x30, 0x00, 0x00, 0x02,
  0x00, 0x00, 0x00, 0x10, 0x00, 0x00, 0x02, 0x00, 0x00, 0x00, 0x10, 0x00, 0x00, 0x03, 0x00, 0x00,
  0x00, 0x10, 0x00, 0x00, 0x01, 0x00, 0x00, 0x00, 0x18, 0x00, 0x00, 0x01, 0x00, 0x00, 0x00, 0x08,
  0x00, 0x00, 0x01, 0x00, 0x00, 0x00, 0x08, 0x00, 0x00, 0x01, 0x00, 0x00, 0x00, 0x08, 0x00, 0x80,
  0x01, 0x00, 0x00, 0x00, 0x08, 0x00, 0x80, 0x00, 0x00, 0x00, 0x00, 0x08, 0x00, 0x80, 0x00, 0x00,
  0x00, 0x00, 0x08, 0x00, 0x80, 0x01, 0x00, 0x00, 0x00, 0x08, 0x00, 0x00, 0x01, 0x00, 0x00, 0x00,
  0x08, 0x00, 0x00, 0x57, 0x55, 0x55, 0x55, 0x0D, 0x00, 0x00, 0xFD, 0xFF, 0xFF, 0xFF, 0x0B, 0x00,
  0x00, 0xDB, 0xBA, 0xAA, 0xAA, 0x0E, 0x00, 0x00, 0x7F, 0xEF, 0xFF, 0xFF, 0x1B, 0x00, 0x00, 0xD7,
  0x5B, 0x55, 0x55, 0x15, 0x00, 0x00, 0xFE, 0xFE, 0xFF, 0xFF, 0x1F, 0x00, 0x00, 0xAA, 0xAB, 0x6A,
  0x55, 0x13, 0x00, 0x00, 0xFE, 0xFE, 0xFF, 0xFF, 0x1E, 0x00, 0x00, 0xBA, 0x57, 0x55, 0xD5, 0x1B,
  0x00, 0x00, 0xEE, 0xFA, 0xFF, 0xBF, 0x16, 0x00, 0x00, 0xB6, 0xBF, 0xAA, 0xEA, 0x3D, 0x00, 0x00,
  0xFE, 0xEA, 0xFF, 0x5F, 0x2F, 0x00, 0x00, 0xAC, 0xBF, 0xAA, 0xFA, 0x2A, 0x00, 0x00, 0xFC, 0xED,
  0xFF, 0xD7, 0x3F, 0x00, 0x00, 0x4C, 0x5B, 0x55, 0xBD, 0x24, 0x00, 0x00, 0x94, 0x04, 0x88, 0x00,
  0x29, 0x00, 0x00, 0x04, 0x40, 0x01, 0x08, 0x60, 0x00, 0x00, 0xAC, 0x12, 0xAA, 0xA2, 0x48, 0x00,
  0x00, 0x04, 0x48, 0x00, 0x00, 0x42, 0x00, 0x00, 0xA4, 0x02, 0x45, 0x4A, 0x70, 0x00, 0x00, 0x0C,
  0x50, 0x10, 0x00, 0x21, 0x00, 0x00, 0x24, 0x05, 0x82, 0x12, 0x64, 0x00, 0x00, 0x44, 0x90, 0x28,
  0x40, 0x20, 0x00, 0x00, 0x0E, 0x02, 0x00, 0x0A, 0x25, 0x00, 0x00, 0x52, 0xA9, 0x8A, 0x00, 0x30,
  0x00, 0x00, 0x02, 0x00, 0x20, 0x52, 0x10, 0x00, 0x00, 0x16, 0x95, 0x04, 0x00, 0x15, 0x00, 0x00,
  0x43, 0x00, 0x90, 0x24, 0x18, 0x00, 0x80, 0xFF, 0xFF, 0xFF, 0xFF, 0x0F, 0x00, 0x00, 0x00, 0x00,
  0x00, 0x00, 0x00, 0x00, 0x00, 0x00, 0x00, 0x00, 0x00, 0x00, 0x00, 0x00, 0x00, 0x00, 0x00, 0x00,
  0x00, 0x00, 0x00, 0x00, 0x00, 0x00, 0x00, 0x00, 0x00, 0x00, 0x00, 0x00, 0x00, 0x00, 0x00, 0x00,
  0x00, 0x00, 0x00, 0x00, 0x00, 0x00, 0x00, 0x00, 0x00, 0x00, 0x00, 0x00, 0x00, 0x00, 0x00, 0x00,
  0x00, 0x00, 0x00, 0x00, 0x00, 0x00, 0x00, 0x00, 0x00, 0x00, 0x00, 0x00, 0x00, 0xFC, 0xFF, 0xFF,
  0xFF, 0x7F, 0x00, 0x00, 0x04, 0xA8, 0xAA, 0x1A, 0x20, 0x00, 0x00, 0x26, 0xDA, 0x75, 0x17, 0x30,
  0x00, 0x00, 0x82, 0x74, 0xDF, 0x0A, 0x19, 0x00, 0x00, 0x0A, 0xAC, 0xB5, 0x0D, 0x10, 0x00, 0x00,
  0x42, 0xDA, 0x6A, 0x87, 0x10, 0x00, 0x00, 0x13, 0x76, 0xDF, 0x0A, 0x10, 0x00, 0x00, 0x01, 0xAA,
  0xB5, 0x05, 0x18, 0x00, 0x00, 0x45, 0xDE, 0x6E, 0x47, 0x0C, 0x00, 0x00, 0x01, 0x75, 0xDB, 0x02,
  0x08, 0x00, 0x00, 0x11, 0xDA, 0x6D, 0x23, 0x0A, 0x00, 0x00, 0x85, 0x6E, 0xD3, 0x06, 0x08, 0x00,
  0x80, 0x01, 0x5A, 0x2A, 0x01, 0x08, 0x00, 0x80, 0x20, 0xF7, 0xF5, 0x26, 0x08, 0x00, 0x80, 0x04,
  0x0A, 0x00, 0x03, 0x09, 0x00, 0x80, 0x91, 0xDE, 0x52, 0x05, 0x08, 0x00, 0x00, 0x01, 0x12, 0x04,
  0x03, 0x08, 0x00, 0x00, 0x45, 0x4E, 0xD0, 0x46, 0x08, 0x00, 0x00, 0x01, 0x8A, 0x03, 0x05, 0x08,
  0x00, 0x00, 0x09, 0x3E, 0xAD, 0x02, 0x09, 0x00, 0x00, 0x41, 0x8A, 0x09, 0x05, 0x08, 0x00, 0x00,
  0x05, 0x75, 0xF7, 0x26, 0x18, 0x00, 0x00, 0x01, 0xDE, 0x48, 0x02, 0x10, 0x00, 0x00, 0x93, 0xB4,
  0xA6, 0x0D, 0x11, 0x00, 0x00, 0x02, 0x6C, 0x5B, 0x03, 0x10, 0x00, 0x00, 0x0A, 0xDA, 0xB6, 0x4E,
  0x10, 0x00, 0x00, 0x42, 0xB4, 0xED, 0x05, 0x14, 0x00, 0x00, 0x02, 0xDC, 0x36, 0x0B, 0x10, 0x00,
  0x00, 0x12, 0xB4, 0xED, 0x26, 0x12, 0x00, 0x00, 0x82, 0x6C, 0x9B, 0x0D, 0x30, 0x00, 0x00, 0x02,
  0xD8, 0x76, 0x1B, 0x20, 0x00, 0x00, 0x16, 0xB4, 0xCD, 0x06, 0x22, 0x00, 0x00, 0x84, 0x68, 0xBB,
  0x1D, 0x20, 0x00, 0x00, 0x04, 0xB8, 0x6D, 0x13, 0x20, 0x00, 0x00, 0x24, 0x68, 0xDB, 0x0E, 0x21,
  0x00, 0x00, 0x04, 0xD9, 0xA6, 0x19, 0x30, 0x00, 0x00, 0x04, 0xA8, 0x7D, 0x17, 0x20, 0x00, 0x00,
  0x24, 0x78, 0xAB, 0x1A, 0x68, 0x00, 0x00, 0x04, 0xC9, 0xD6, 0x15, 0x41, 0x00, 0x00, 0x04, 0xB8,
  0x6D, 0x0F, 0x40, 0x00, 0x00, 0x24, 0x68, 0xDB, 0x14, 0x60, 0x00, 0x00, 0x04, 0xD9, 0xB4, 0x1B,
  0x30, 0x00, 0x00, 0x04, 0xB0, 0x6F, 0x16, 0x21, 0x00, 0x00, 0x24, 0x6C, 0xDA, 0x0D, 0x20, 0x00,
  0x00, 0x04, 0xD8, 0xA7, 0x1A, 0x28, 0x00, 0x00, 0x06, 0xA9, 0x7C, 0x07, 0x20, 0x00, 0x00, 0x22,
  0x74, 0xCB, 0x8A, 0x30, 0x00, 0x00, 0x02, 0xD8, 0xBD, 0x0D, 0x10, 0x00, 0x00, 0x12, 0x36, 0x53,
  0x0B, 0x14, 0x00, 0x00, 0x02, 0xEC, 0xEE, 0x04, 0x10, 0x00, 0x00, 0x83, 0x5A, 0xB5, 0x87, 0x18,
  0x00, 0x00, 0x01, 0xA6, 0x4A, 0x00, 0x08, 0x00, 0x80, 0xFF, 0xFF, 0xFF, 0xFF, 0x0F, 0x00, 0x00,
  0x00, 0x00, 0x00, 0x00, 0x00, 0x00, 0x00, 0x00, 0x00, 0x00, 0x00, 0x00, 0x00, 0x00, 0x00, 0x00,
  0x00, 0x00, 0x00, 0x00, 0x00, 0x00, 0x00, 0x00, 0x00, 0x00, 0x00, 0x00, 0xFC, 0xFF, 0xFF, 0xFF,
  0x7F, 0x00, 0x00, 0x8C, 0x91, 0xA2, 0xA8, 0x28, 0x00, 0x00, 0x76, 0x2E, 0x5D, 0x15, 0x33, 0x00,
  0x00, 0x8A, 0xD0, 0x80, 0x68, 0x14, 0x00, 0x00, 0x66, 0x0B, 0x77, 0x87, 0x19, 0x00, 0x00, 0x9A,
  0x74, 0x08, 0x28, 0x12, 0x00, 0x00, 0x23, 0x89, 0xD3, 0x52, 0x15, 0x00, 0x00, 0xDF, 0x26, 0x2C,
  0xA5, 0x18, 0x00, 0x00, 0x01, 0xD9, 0x42, 0x0A, 0x0D, 0x00, 0x00, 0xFD, 0x24, 0x99, 0xB4, 0x0A,
  0x00, 0x00, 0x03, 0x4B, 0x66, 0x41, 0x08, 0x00, 0x00, 0x6D, 0xB0, 0x88, 0xAC, 0x0A, 0x00, 0x80,
  0x91, 0x47, 0x35, 0x13, 0x0D, 0x00, 0x80, 0x2E, 0x98, 0x42, 0xC8, 0x08, 0x00, 0x80, 0x50, 0x63,
  0xAC, 0x16, 0x0A, 0x00, 0x80, 0xAD, 0x8C, 0x11, 0xA1, 0x0C, 0x00, 0x00, 0x23, 0x31, 0x66, 0x4A,
  0x09, 0x00, 0x00, 0xCD, 0xCA, 0x88, 0x95, 0x0A, 0x00, 0x00, 0xFF, 0xFF, 0xFF, 0xFF, 0x0F, 0x00,
  0x00, 0x7F, 0x7F, 0xFF, 0xEE, 0x0D, 0x00, 0x00, 0xFD, 0xF7, 0xFF, 0xFF, 0x0F, 0x00, 0x00, 0xEF,
  0xFF, 0x6F, 0xF7, 0x1E, 0x00, 0x00, 0x7F, 0xFB, 0xFD, 0xFF, 0x1F, 0x00, 0x00, 0xFF, 0xBF, 0xFF,
  0xFB, 0x1B, 0x00, 0x00, 0xDE, 0xFF, 0xDF, 0xBF, 0x1F, 0x00, 0x00, 0xFA, 0xF7, 0xFB, 0xFE, 0x15,
  0x00, 0x00, 0xFE, 0x7E, 0xFF, 0xFF, 0x1F, 0x00, 0x00, 0xDE, 0xFF, 0xDF, 0xB7, 0x17, 0x00, 0x00,
  0xFA, 0xEF, 0xFD, 0xFF, 0x1F, 0x00, 0x00, 0xFE, 0xFD, 0xEF, 0xDE, 0x3D, 0x00, 0x00, 0xBE, 0xBF,
  0xFF, 0xFF, 0x2F, 0x00, 0x00, 0xF6, 0xFF, 0x7D, 0xF7, 0x3E, 0x00, 0x00, 0xFC, 0xED, 0xFF, 0xFF,
  0x2F, 0x00, 0x00, 0xDC, 0xFF, 0xDE, 0xBF, 0x3F, 0x00, 0x00, 0xFC, 0xFF, 0xFF, 0xFF, 0x6F, 0x00,
  0x00, 0x24, 0x11, 0x45, 0x80, 0x30, 0x00, 0x00, 0xDC, 0xEE, 0xBA, 0x7F, 0x2F, 0x00, 0x00, 0xA4,
  0x12, 0x45, 0x80, 0x60, 0x00, 0x00, 0x5C, 0xED, 0xBA, 0x3E, 0x5B, 0x00, 0x00, 0xA4, 0x12, 0x45,
  0xC1, 0x64, 0x00, 0x00, 0x5C, 0xED, 0xBA, 0x1E, 0x69, 0x00, 0x00, 0xA4, 0x12, 0x45, 0xE0, 0x36,
  0x00, 0x00, 0x5C, 0xED, 0xBA, 0x1F, 0x29, 0x00, 0x00, 0xA4, 0x13, 0x45, 0xA0, 0x24, 0x00, 0x00,
  0x54, 0xEC, 0x9A, 0x5B, 0x2B, 0x00, 0x00, 0xAE, 0x13, 0x65, 0xA4, 0x24, 0x00, 0x00, 0x52, 0xEC,
  0x2A, 0x4B, 0x39, 0x00, 0x00, 0xAE, 0x13, 0xD5, 0x34, 0x16, 0x00, 0x00, 0x52, 0xEC, 0x22, 0xC3,
  0x11, 0x00, 0x00, 0xAE, 0x13, 0x5D, 0x3C, 0x1A, 0x00, 0x00, 0x53, 0xEC, 0xA2, 0x41, 0x1D, 0x00,
  0x00, 0x4D, 0x15, 0x54, 0xAA, 0x08, 0x00, 0x80, 0xFF, 0xFF, 0xFF, 0xFF, 0x0F, 0x00, 0x00, 0x00,
  0x00, 0x00, 0x00, 0x00, 0x00, 0x00, 0x00, 0x00, 0x00, 0x00, 0x00, 0x00, 0x00, 0x00, 0x00, 0x00,
  0x00, 0x00, 0x00, 0x00, 0x00, 0x00, 0x00, 0x00, 0x00, 0x00, 0x00, 0xFC, 0xFF, 0xFF, 0xFF, 0x7F,
  0x00, 0x00, 0x04, 0x00, 0x00, 0x00, 0x20, 0x00, 0x00, 0x86, 0x20, 0x00, 0x00, 0x30, 0x00, 0x00,
  0x02, 0x00, 0x20, 0x00, 0x10, 0x00, 0x00, 0x12, 0x04, 0x02, 0x04, 0x10, 0x00, 0x00, 0x82, 0x20,
  0x00, 0x00, 0x11, 0x00, 0x00, 0x03, 0x00, 0x10, 0x02, 0x10, 0x00, 0x00, 0x11, 0x10, 0x00, 0x00,
  0x18, 0x00, 0x00, 0x03, 0x01, 0x02, 0x00, 0x08, 0x00, 0x00, 0x01, 0x08, 0x00, 0x01, 0x08, 0x00,
  0x00, 0x23, 0x00, 0x00, 0x00, 0x08, 0x00, 0x00, 0x89, 0x00, 0x01, 0x80, 0x08, 0x00, 0x80, 0x1F,
  0x08, 0x20, 0x00, 0x08, 0x00, 0x80, 0x38, 0x00, 0x00, 0x00, 0x08, 0x00, 0x80, 0x88, 0x04, 0x00,
  0x00, 0x08, 0x00, 0x80, 0x81, 0x03, 0x01, 0x08, 0x08, 0x00, 0x00, 0xC7, 0x03, 0x20, 0x00, 0x08,
  0x00, 0x00, 0x8B, 0x10, 0x00, 0x00, 0x08, 0x00, 0x00, 0x3F, 0x70, 0x10, 0x00, 0x08, 0x00, 0x00,
  0x55, 0x3C, 0x00, 0x00, 0x08, 0x00, 0x00, 0xEF, 0x90, 0x00, 0x00, 0x08, 0x00, 0x00, 0xB5, 0x03,
  0x0E, 0x20, 0x18, 0x00, 0x00, 0x5F, 0x8F, 0x07, 0x00, 0x10, 0x00, 0x00, 0xF7, 0x1A, 0x0A, 0x00,
  0x10, 0x00, 0x00, 0xAE, 0x35, 0x62, 0x00, 0x10, 0x00, 0x00, 0x5A, 0xEF, 0xE0, 0x01, 0x10, 0x00,
  0x00, 0xF6, 0x5D, 0xC1, 0x01, 0x10, 0x00, 0x00, 0x5E, 0xEB, 0x47, 0x08, 0x10, 0x00, 0x00, 0xB6,
  0xB6, 0x1A, 0x3C, 0x10, 0x00, 0x00, 0xEE, 0xDB, 0x2D, 0x18, 0x30, 0x00, 0x00, 0xBA, 0x6E, 0xF7,
  0x48, 0x20, 0x00, 0x00, 0x6E, 0xB5, 0x5A, 0x01, 0x27, 0x00, 0x00, 0xD4, 0xDB, 0xAD, 0xC7, 0x23,
  0x00, 0x00, 0xBC, 0x6E, 0xF7, 0x0A, 0x25, 0x00, 0x00, 0xEC, 0xB5, 0x5D, 0x35, 0x20, 0x00, 0x00,
  0xB4, 0xDE, 0xAA, 0x5F, 0x38, 0x00, 0x00, 0x5C, 0x6B, 0xF7, 0x6A, 0x21, 0x00, 0x00, 0xF4, 0xB5,
  0x5D, 0xDD, 0x62, 0x00, 0x00, 0xAC, 0xDE, 0xB6, 0xAB, 0x45, 0x00, 0x00, 0x7C, 0x7B, 0xDB, 0x76,
  0x5F, 0x00, 0x00, 0x84, 0x00, 0x04, 0x81, 0x60, 0x00, 0x00, 0x04, 0x00, 0x00, 0x00, 0x20, 0x00,
  0x00, 0x04, 0x00, 0x00, 0x00, 0x20, 0x00, 0x00, 0x04, 0x00, 0x00, 0x00, 0x20, 0x00, 0x00, 0x04,
  0x40, 0x00, 0x00, 0x20, 0x00, 0x00, 0x06, 0x00, 0x00, 0x00, 0x20, 0x00, 0x00, 0x02, 0x04, 0x00,
  0x00, 0x30, 0x00, 0x00, 0x02, 0x00, 0x00, 0x00, 0x10, 0x00, 0x00, 0x02, 0x00, 0x00, 0x00, 0x10,
  0x00, 0x00, 0x02, 0x00, 0x00, 0x00, 0x10, 0x00, 0x00, 0x03, 0x00, 0x00, 0x00, 0x18, 0x00, 0x00,
  0x01, 0x00, 0x00, 0x00, 0x08, 0x00, 0x80, 0xFF, 0xFF, 0xFF, 0xFF, 0x0F, 0x00, 0x00, 0x00, 0x00,
  0x00, 0x00, 0x00, 0x00, 0x00, 0x00, 0x00, 0x00, 0x00, 0x00, 0x00, 0x00, 0x00, 0x00, 0x00, 0x00,
  0x00, 0x00, 0x00, 0x00, 0x00, 0x00, 0x00, 0x00, 0x00, 0x00, 0x00, 0x00, 0x00, 0x00, 0x00, 0x00,
  0x00, 0x00, 0x00, 0x00, 0x00, 0x00, 0x00, 0x00, 0x00, 0x00, 0x00, 0x00, 0x00, 0x00, 0x00, 0x00,
  0x00, 0x00, 0x00, 0x00, 0x00, 0x00, 0x00, 0x00, 0x00, 0x00, 0x00, 0x00, 0x00, 0x00, 0x00, 0x00,
  0x00, 0x00, 0x00, 0x00, 0xFC, 0xFF, 0xFF, 0xFF, 0x7F, 0x00, 0x00, 0x04, 0x00, 0x00, 0x00, 0x20,
  0x00, 0x00, 0x06, 0x10, 0x20, 0x40, 0x30, 0x00, 0x00, 0x42, 0x82, 0x04, 0x09, 0x12, 0x00, 0x00,
  0x12, 0x00, 0x00, 0x00, 0x10, 0x00, 0x00, 0x03, 0x48, 0x90, 0x20, 0x19, 0x00, 0x00, 0x09, 0x01,
  0x02, 0x00, 0x08, 0x00, 0x00, 0x01, 0x00, 0x00, 0x04, 0x08, 0x00, 0x00, 0x41, 0xC4, 0x9F, 0x20,
  0x09, 0x00, 0x80, 0x09, 0xE0, 0x1F, 0x00, 0x08, 0x00, 0x80, 0x00, 0xC2, 0x1F, 0x04, 0x08, 0x00,
  0x80, 0x45, 0xC0, 0x8E, 0x20, 0x09, 0x00, 0x00, 0x01, 0xD0, 0x1F, 0x00, 0x08, 0x00, 0x00, 0x01,
  0x42, 0x57, 0x84, 0x08, 0x00, 0x00, 0x49, 0xC0, 0x1F, 0x00, 0x08, 0x00, 0x00, 0x01, 0x80, 0x3F,
  0x10, 0x08, 0x00, 0x00, 0x01, 0xD5, 0x97, 0x02, 0x19, 0x00, 0x00, 0xCB, 0xFF, 0xFE, 0x3F, 0x10,
  0x00, 0x00, 0x82, 0xFF, 0xFF, 0x3F, 0x10, 0x00, 0x00, 0x82, 0xDB, 0xF7, 0x3E, 0x12, 0x00, 0x00,
  0x12, 0xFF, 0xFE, 0x37, 0x10, 0x00, 0x00, 0x02, 0xFF, 0xBF, 0x3F, 0x10, 0x00, 0x00, 0x42, 0xEF,
  0xFB, 0x7B, 0x18, 0x00, 0x00, 0x02, 0xFF, 0xDF, 0x7F, 0x32, 0x00, 0x00, 0x16, 0x00, 0x7F, 0x00,
  0x20, 0x00, 0x00, 0x04, 0x01, 0x6E, 0x00, 0x21, 0x00, 0x00, 0x04, 0x40, 0x7F, 0x24, 0x20, 0x00,
  0x00, 0x24, 0x08, 0xFE, 0x00, 0x28, 0x00, 0x00, 0x04, 0x01, 0x6E, 0x00, 0x21, 0x00, 0x00, 0x04,
  0x40, 0xFE, 0x24, 0x60, 0x00, 0x00, 0x24, 0x08, 0x7E, 0x00, 0x44, 0x00, 0x00, 0x04, 0x01, 0xDE,
  0x10, 0x60, 0x00, 0x00, 0x04, 0x40, 0xFF, 0x80, 0x20, 0x00, 0x00, 0x24, 0x08, 0x00, 0x04, 0x24,
  0x00, 0x00, 0x04, 0x01, 0x00, 0x00, 0x20, 0x00, 0x00, 0x06, 0x40, 0x10, 0x91, 0x30, 0x00, 0x00,
  0x42, 0x10, 0x02, 0x00, 0x14, 0x00, 0x00, 0x12, 0x02, 0x88, 0x08, 0x10, 0x00, 0x00, 0x03, 0x00,
  0x00, 0x40, 0x18, 0x00, 0x00, 0x01, 0x41, 0x04, 0x00, 0x08, 0x00, 0x80, 0xFF, 0xFF, 0xFF, 0xFF,
  0x0F, 0x00, 0x00, 0x00, 0x00, 0x00, 0x00, 0x00, 0x00, 0x00, 0x00, 0x00, 0x00, 0x00, 0x00, 0x00,
  0x00, 0x00, 0x00, 0x00, 0x00, 0x00, 0x00, 0x00, 0x00, 0x00, 0x00, 0x00, 0x00, 0x00, 0x00, 0x00,
  0x00, 0x00, 0x00, 0x00, 0x00, 0x00, 0x00, 0x00, 0x00, 0x00, 0x00, 0x00, 0x00, 0x00, 0x00, 0x00,
  0x00, 0x00, 0x00, 0x00, 0x00, 0x00, 0x00, 0x00, 0x00, 0x00, 0x00, 0x00, 0x00, 0x00, 0x00, 0x00,
  0x00, 0x00, 0x00, 0x00, 0x00, 0x00, 0x00, 0x00, 0x00, 0xFC, 0xFF, 0xFF, 0xFF, 0x7F, 0x00, 0x00,
  0xB4, 0x5F, 0x24, 0x12, 0x20, 0x00, 0x00, 0xFE, 0x3D, 0x89, 0x40, 0x35, 0x00, 0x00, 0xDE, 0x4F,
  0x10, 0x04, 0x10, 0x00, 0x00, 0xFE, 0x9F, 0x42, 0x51, 0x10, 0x00, 0x00, 0xFA, 0x1E, 0x14, 0x04,
  0x15, 0x00, 0x00, 0xFF, 0xA7, 0x80, 0x00, 0x10, 0x00, 0x00, 0xDD, 0x0F, 0x55, 0x54, 0x1A, 0x00,
  0x00, 0xFF, 0x2E, 0x00, 0x01, 0x08, 0x00, 0x00, 0xFD, 0x4F, 0x29, 0x88, 0x08, 0x00, 0x00, 0x5F,
  0x00, 0x82, 0x20, 0x0A, 0x00, 0x00, 0x3D, 0x7A, 0x48, 0x02, 0x08, 0x00, 0x80, 0xBF, 0xB8, 0x01,
  0x88, 0x0C, 0x00, 0x80, 0x1D, 0xFD, 0x55, 0x21, 0x08, 0x00, 0x80, 0xBF, 0x9C, 0x00, 0x04, 0x09,
  0x00, 0x80, 0x3D, 0x70, 0x8A, 0x10, 0x0C, 0x00, 0x00, 0x5F, 0x05, 0x20, 0x40, 0x08, 0x00, 0x00,
  0xFD, 0x8F, 0x04, 0x05, 0x09, 0x00, 0x00, 0xFF, 0x2F, 0x51, 0x10, 0x0C, 0x00, 0x00, 0xFD, 0x0B,
  0x04, 0x42, 0x08, 0x00, 0x00, 0x6F, 0x4F, 0x21, 0x08, 0x09, 0x00, 0x00, 0xFF, 0x0F, 0x88, 0x00,
  0x1C, 0x00, 0x00, 0xF7, 0x57, 0x22, 0x52, 0x10, 0x00, 0x00, 0xFF, 0x8E, 0x00, 0x00, 0x11, 0x00,
  0x00, 0xFA, 0x1F, 0xAA, 0x04, 0x14, 0x00, 0x00, 0xBE, 0x5F, 0x00, 0x50, 0x10, 0x00, 0x00, 0xFE,
  0x1B, 0x12, 0x01, 0x11, 0x00, 0x00, 0xDA, 0x9F, 0x40, 0x24, 0x14, 0x00, 0x00, 0xFE, 0x1D, 0x14,
  0x80, 0x10, 0x00, 0x00, 0xFE, 0x3F, 0x01, 0x09, 0x30, 0x00, 0x00, 0x76, 0x2F, 0x50, 0x20, 0x25,
  0x00, 0x00, 0xFE, 0x3F, 0x05, 0x02, 0x20, 0x00, 0x00, 0xF4, 0x3B, 0x20, 0x48, 0x20, 0x00, 0x00,
  0xBC, 0x9F, 0x82, 0x00, 0x25, 0x00, 0x00, 0xFC, 0x3D, 0x08, 0x12, 0x20, 0x00, 0x00, 0xFC, 0x3F,
  0x21, 0x40, 0x32, 0x00, 0x00, 0x6C, 0x5F, 0x84, 0x04, 0x20, 0x00, 0x00, 0xFC, 0x3F, 0x20, 0x90,
  0x64, 0x00, 0x00, 0xFC, 0x3B, 0x05, 0x01, 0x40, 0x00, 0x00, 0xDC, 0x5F, 0x10, 0x24, 0x61, 0x00,
  0x00, 0xF4, 0x3E, 0x44, 0x00, 0x68, 0x00, 0x00, 0xFC, 0x3F, 0x01, 0x49, 0x22, 0x00, 0x00, 0xBC,
  0x37, 0x28, 0x00, 0x20, 0x00, 0x00, 0xFC, 0xBF, 0x80, 0x24, 0x21, 0x00, 0x00, 0xF4, 0x1D, 0x02,
  0x00, 0x28, 0x00, 0x00, 0xDE, 0x3F, 0x28, 0x92, 0x20, 0x00, 0x00, 0xFE, 0xAF, 0x80, 0x00, 0x34,
  0x00, 0x00, 0xEE, 0x1E, 0x12, 0x48, 0x10, 0x00, 0x00, 0xFE, 0x1F, 0x40, 0x00, 0x12, 0x00, 0x00,
  0x7A, 0x8F, 0x04, 0x22, 0x10, 0x00, 0x00, 0xFF, 0x17, 0x10, 0x08, 0x19, 0x00, 0x00, 0xAD, 0x0D,
  0x81, 0x00, 0x08, 0x00, 0x80, 0xFF, 0xFF, 0xFF, 0xFF, 0x0F, 0x00, 0x00, 0x00, 0x00, 0x00, 0x00,
  0x00, 0x00, 0x00, 0x00, 0x00, 0x00, 0x00, 0x00, 0x00, 0x00, 0x00, 0x00, 0x00, 0x00, 0x00, 0x00,
  0x00, 0x00, 0x00, 0x00, 0x00, 0x00, 0x00, 0x00, 0xFC, 0xFF, 0xFF, 0xFF, 0x7F, 0x00, 0x00, 0xB4,
  0xDF, 0x2A, 0x6D, 0x3B, 0x00, 0x00, 0xFE, 0x7D, 0x80, 0xFF, 0x3F, 0x00, 0x00, 0xDE, 0x6F, 0x52,
  0xF7, 0x1D, 0x00, 0x00, 0xFE, 0xBF, 0x84, 0xFF, 0x17, 0x00, 0x00, 0xFA, 0x3E, 0xD1, 0xBE, 0x1F,
  0x00, 0x00, 0xFF, 0x37, 0x84, 0xF7, 0x15, 0x00, 0x00, 0xDD, 0x5F, 0xD1, 0xFF, 0x1F, 0x00, 0x00,
  0xFF, 0x3E, 0x8A, 0xFB, 0x0F, 0x00, 0x00, 0xFD, 0xAF, 0xC0, 0xBF, 0x0D, 0x00, 0x00, 0xDF, 0x1F,
  0xD4, 0xFF, 0x0B, 0x00, 0x00, 0xFD, 0x5D, 0xC1, 0xEF, 0x0F, 0x00, 0x80, 0xEF, 0x1F, 0xD2, 0xFD,
  0x0E, 0x00, 0x80, 0xFF, 0x4F, 0xC4, 0xFF, 0x0B, 0x00, 0x80, 0x5A, 0x9A, 0x68, 0x55, 0x0B, 0x00,
  0x80, 0xA1, 0x24, 0x01, 0x02, 0x08, 0x00, 0x00, 0x0B, 0x01, 0xAA, 0xA8, 0x08, 0x00, 0x00, 0x41,
  0x54, 0x00, 0x00, 0x0A, 0x00, 0x00, 0x1B, 0x81, 0x4A, 0x8A, 0x08, 0x00, 0x00, 0x41, 0x14, 0x20,
  0x20, 0x0C, 0x00, 0x00, 0x2B, 0xA1, 0x8A, 0x0A, 0x09, 0x00, 0x00, 0x05, 0x04, 0x00, 0x40, 0x18,
  0x00, 0x00, 0x51, 0xA9, 0xAA, 0x92, 0x14, 0x00, 0x00, 0x07, 0x02, 0x00, 0x00, 0x10, 0x00, 0x00,
  0xFE, 0xBF, 0xD2, 0xFF, 0x1F, 0x00, 0x00, 0xFA, 0x3F, 0x84, 0xFF, 0x17, 0x00, 0x00, 0xFE, 0x7B,
  0x20, 0xFF, 0x1E, 0x00, 0x00, 0xFE, 0x5E, 0x95, 0xFB, 0x17, 0x00, 0x00, 0xDA, 0x7F, 0x40, 0xDF,
  0x1F, 0x00, 0x00, 0xFE, 0x7F, 0x0A, 0xFF, 0x3E, 0x00, 0x00, 0x7E, 0x77, 0x40, 0xF7, 0x2F, 0x00,
  0x00, 0xF6, 0x3F, 0x11, 0x7F, 0x3F, 0x00, 0x00, 0xBC, 0xFB, 0x44, 0xFB, 0x37, 0x00, 0x00, 0xFC,
  0x7F, 0x10, 0xBF, 0x3F, 0x00, 0x00, 0xEC, 0xFD, 0x04, 0xFF, 0x3B, 0x00, 0x00, 0xFC, 0xDF, 0x48,
  0xF6, 0x2F, 0x00, 0x00, 0xF4, 0xFE, 0x20, 0x7F, 0x3F, 0x00, 0x00, 0xFC, 0xEF, 0x0A, 0xFE, 0x7F,
  0x00, 0x00, 0xBC, 0x7F, 0x40, 0xEE, 0x6B, 0x00, 0x00, 0xFC, 0xFB, 0x04, 0x7F, 0x5F, 0x00, 0x00,
  0xF4, 0xFF, 0x52, 0xFE, 0x7F, 0x00, 0x00, 0xBC, 0x7D, 0x00, 0xEE, 0x3B, 0x00, 0x00, 0xFC, 0xDF,
  0x8A, 0xFE, 0x2F, 0x00, 0x00, 0xFC, 0x7F, 0x20, 0x7F, 0x3F, 0x00, 0x00, 0xB4, 0xFB, 0x02, 0xF7,
  0x2F, 0x00, 0x00, 0xFE, 0x3F, 0xA8, 0xBE, 0x3B, 0x00, 0x00, 0xFE, 0x7E, 0x01, 0xFF, 0x3F, 0x00,
  0x00, 0xF6, 0x6F, 0x88, 0xFF, 0x1F, 0x00, 0x00, 0xBE, 0x3F, 0x22, 0xB7, 0x15, 0x00, 0x00, 0xFA,
  0x3B, 0x80, 0xFF, 0x1F, 0x00, 0x00, 0xFF, 0xBF, 0x8A, 0xFF, 0x1F, 0x00, 0x00, 0xAD, 0x0E, 0xE0,
  0x55, 0x0D, 0x00, 0x80, 0xFF, 0xFF, 0xFF, 0xFF, 0x0F, 0x00, 0x00, 0x00, 0x00, 0x00, 0x00, 0x00,
  0x00, 0x00, 0x00, 0x00, 0x00, 0x00, 0x00, 0x00, 0x00, 0x00, 0x00, 0x00, 0x00, 0x00, 0x00, 0x00,
  0x00, 0x00, 0x00, 0x00, 0x00, 0x00, 0x00, 0xFC, 0xFF, 0xFF, 0xFF, 0x7F, 0x00, 0x00, 0x04, 0x00,
  0x00, 0x00, 0x20, 0x00, 0x00, 0x86, 0x40, 0x10, 0x20, 0x30, 0x00, 0x00, 0x02, 0x08, 0x82, 0x04,
  0x19, 0x00, 0x00, 0x12, 0x02, 0x00, 0x00, 0x10, 0x00, 0x00, 0x02, 0x80, 0x20, 0x90, 0x10, 0x00,
  0x00, 0x43, 0x10, 0x04, 0x01, 0x10, 0x00, 0x00, 0x09, 0x02, 0x00, 0x08, 0x1C, 0x00, 0x00, 0x01,
  0x80, 0x90, 0x40, 0x08, 0x00, 0x00, 0x41, 0x10, 0x00, 0x00, 0x0A, 0x00, 0x00, 0x09, 0x02, 0x02,
  0x24, 0x08, 0x00, 0x00, 0x01, 0x40, 0x90, 0x00, 0x09, 0x00, 0x80, 0x81, 0x00, 0x00, 0x00, 0x08,
  0x00, 0x80, 0x2A, 0xBA, 0x6D, 0x00, 0x08, 0x00, 0x80, 0x80, 0xF0, 0xFF, 0x00, 0x08, 0x00, 0x80,
  0x2B, 0xFD, 0x7F, 0x00, 0x08, 0x00, 0x00, 0x11, 0x70, 0xDF, 0x00, 0x08, 0x00, 0x00, 0x4B, 0xF9,
  0xFB, 0x00, 0x08, 0x00, 0x00, 0x21, 0xF2, 0xFF, 0x00, 0x08, 0x00, 0x00, 0x8B, 0x74, 0xBF, 0x00,
  0x08, 0x00, 0x00, 0x45, 0xF0, 0xF7, 0x00, 0x08, 0x00, 0x00, 0x11, 0xF5, 0xFF, 0x00, 0x18, 0x00,
  0x00, 0x4B, 0xF2, 0xBE, 0x00, 0x10, 0x00, 0x00, 0x23, 0xE8, 0xF7, 0x00, 0x10, 0x00, 0x00, 0x86,
  0xF2, 0xFF, 0x01, 0x10, 0x00, 0x00, 0x4A, 0x60, 0xFF, 0x01, 0x10, 0x00, 0x00, 0x12, 0xF5, 0xDB,
  0x00, 0x10, 0x00, 0x00, 0xA6, 0xE0, 0xFF, 0x01, 0x10, 0x00, 0x00, 0x02, 0xEA, 0xEF, 0x01, 0x10,
  0x00, 0x00, 0xAA, 0xD0, 0xFE, 0x01, 0x30, 0x00, 0x00, 0x02, 0xE2, 0xF7, 0x03, 0x20, 0x00, 0x00,
  0xAE, 0xC4, 0x7F, 0x03, 0x20, 0x00, 0x00, 0x44, 0xE8, 0xFF, 0x03, 0x20, 0x00, 0x00, 0x0C, 0xD1,
  0xB6, 0x03, 0x20, 0x00, 0x00, 0x54, 0xC2, 0xFF, 0x03, 0x20, 0x00, 0x00, 0x04, 0xE4, 0xFF, 0x01,
  0x20, 0x00, 0x00, 0xAC, 0xC8, 0xEE, 0x03, 0x20, 0x00, 0x00, 0x04, 0xC1, 0x7F, 0x03, 0x60, 0x00,
  0x00, 0x54, 0xEA, 0xFB, 0x03, 0x40, 0x00, 0x00, 0x04, 0xC0, 0xBF, 0x03, 0x40, 0x00, 0x00, 0xAC,
  0x4A, 0xFF, 0x03, 0x60, 0x00, 0x00, 0x04, 0xE0, 0xEF, 0x01, 0x20, 0x00, 0x00, 0xA4, 0xD2, 0xFD,
  0x03, 0x20, 0x00, 0x00, 0x0C, 0xC0, 0xBF, 0x03, 0x20, 0x00, 0x00, 0x54, 0xD5, 0xFF, 0x01, 0x20,
  0x00, 0x00, 0x06, 0xC0, 0xED, 0x03, 0x20, 0x00, 0x00, 0x4A, 0xF1, 0xFF, 0x02, 0x30, 0x00, 0x00,
  0x12, 0xE4, 0xFE, 0x01, 0x10, 0x00, 0x00, 0x82, 0xE0, 0xDF, 0x01, 0x10, 0x00, 0x00, 0x56, 0xEA,
  0xFF, 0x00, 0x10, 0x00, 0x00, 0x03, 0xF0, 0xFB, 0x00, 0x18, 0x00, 0x00, 0x25, 0xB1, 0x2E, 0x00,
  0x08, 0x00, 0x80, 0xFF, 0xFF, 0xFF, 0xFF, 0x0F, 0x00, 0x00, 0x00, 0x00, 0x00, 0x00, 0x00, 0x00,
  0x00, 0x00, 0x00, 0x00, 0x00, 0x00, 0x00, 0x00, 0x00, 0x00, 0x00, 0x00, 0x00, 0x00, 0x00, 0x00,
  0x00, 0x00, 0x00, 0x00, 0x00, 0x00, 0xFC, 0xFF, 0xFF, 0xFF, 0x7F, 0x00, 0x00, 0x4C, 0xA9, 0x6D,
  0x03, 0x20, 0x00, 0x00, 0x96, 0xD2, 0xFF, 0x03, 0x30, 0x00, 0x00, 0x26, 0xE4, 0xBF, 0x01, 0x10,
  0x00, 0x00, 0x92, 0xEA, 0xFE, 0x01, 0x10, 0x00, 0x00, 0x26, 0xF1, 0xF7, 0x00, 0x10, 0x00, 0x00,
  0x4B, 0xB4, 0xFF, 0x00, 0x10, 0x00, 0x00, 0x93, 0xF2, 0xBB, 0x00, 0x18, 0x00, 0x00, 0x29, 0xF9,
  0xFF, 0x00, 0x08, 0x00, 0x00, 0x47, 0x74, 0xFD, 0x00, 0x08, 0x00, 0x00, 0x11, 0xF1, 0x7D, 0x00,
  0x08, 0x00, 0x00, 0x4B, 0xBC, 0xC8, 0x00, 0x08, 0x00, 0x80, 0x25, 0xF1, 0xE2, 0x00, 0x08, 0x00,
  0x80, 0x92, 0x1A, 0x70, 0x00, 0x08, 0x00, 0x80, 0x48, 0xF4, 0xE0, 0x00, 0x08, 0x00, 0x80, 0x07,
  0xF9, 0xCD, 0x00, 0x08, 0x00, 0x00, 0x51, 0xF4, 0xFC, 0x00, 0x08, 0x00, 0x00, 0x2B, 0xB9, 0x7F,
  0x00, 0x08, 0x00, 0x00, 0x85, 0xF2, 0xFF, 0x00, 0x08, 0x00, 0x00, 0x23, 0xF4, 0xEF, 0x00, 0x08,
  0x00, 0x00, 0x49, 0xF1, 0x7D, 0x00, 0x08, 0x00, 0x00, 0x13, 0x74, 0xFF, 0x00, 0x18, 0x00, 0x00,
  0x45, 0xF9, 0xBD, 0x00, 0x10, 0x00, 0x00, 0x93, 0xE2, 0xF9, 0x01, 0x10, 0x00, 0x00, 0x26, 0x78,
  0x8B, 0x01, 0x10, 0x00, 0x00, 0x52, 0xE1, 0xC1, 0x01, 0x10, 0x00, 0x00, 0x06, 0x6A, 0xE0, 0x01,
  0x10, 0x00, 0x00, 0xAA, 0xE0, 0xC3, 0x01, 0x10, 0x00, 0x00, 0x12, 0xE9, 0xB3, 0x01, 0x10, 0x00,
  0x00, 0x46, 0xD2, 0x75, 0x01, 0x30, 0x00, 0x00, 0x22, 0xE8, 0xFB, 0x03, 0x20, 0x00, 0x00, 0x8E,
  0xC2, 0xFF, 0x03, 0x20, 0x00, 0x00, 0x24, 0xD1, 0xFD, 0x02, 0x20, 0x00, 0x00, 0x4C, 0xE4, 0xDF,
  0x03, 0x20, 0x00, 0x00, 0x24, 0xD2, 0xFF, 0x03, 0x20, 0x00, 0x00, 0x8C, 0xC8, 0xF5, 0x02, 0x20,
  0x00, 0x00, 0x54, 0xC2, 0xF7, 0x03, 0x20, 0x00, 0x00, 0x04, 0xD1, 0x27, 0x03, 0x60, 0x00, 0x00,
  0x2C, 0xC4, 0x83, 0x01, 0x40, 0x00, 0x00, 0x44, 0xD1, 0x90, 0x03, 0x40, 0x00, 0x00, 0x14, 0xE4,
  0x83, 0x03, 0x60, 0x00, 0x00, 0x4C, 0xC9, 0x27, 0x03, 0x20, 0x00, 0x00, 0x04, 0xC2, 0xF5, 0x01,
  0x20, 0x00, 0x00, 0x54, 0xC8, 0xFF, 0x03, 0x20, 0x00, 0x00, 0x8C, 0xD2, 0xF7, 0x02, 0x20, 0x00,
  0x00, 0x26, 0xE0, 0xFF, 0x03, 0x20, 0x00, 0x00, 0x4A, 0xD5, 0xBE, 0x01, 0x30, 0x00, 0x00, 0x02,
  0xE0, 0xF7, 0x01, 0x10, 0x00, 0x00, 0x56, 0xF5, 0xFF, 0x01, 0x10, 0x00, 0x00, 0x02, 0x60, 0x7F,
  0x01, 0x10, 0x00, 0x00, 0x57, 0xF9, 0xF7, 0x00, 0x18, 0x00, 0x00, 0x01, 0xB0, 0x5D, 0x00, 0x08,
  0x00, 0x80, 0xFF, 0xFF, 0xFF, 0xFF, 0x0F, 0x00, 0x00, 0x00, 0x00, 0x00, 0x00, 0x00, 0x00, 0x00,
  0x00, 0x00, 0x00, 0x00, 0x00, 0x00, 0x00, 0x00, 0x00, 0x00, 0x00, 0x00, 0x00, 0x00, 0x00, 0x00,
  0x00, 0x00, 0x00, 0x00, 0x00, 0xFC, 0xFF, 0xFF, 0xFF, 0x7F, 0x00, 0x00, 0x04, 0x00, 0x20, 0x00,
  0x20, 0x00, 0x00, 0xA6, 0xAA, 0x02, 0x09, 0x39, 0x00, 0x00, 0x02, 0x00, 0x08, 0x20, 0x10, 0x00,
  0x00, 0x22, 0x01, 0x40, 0x02, 0x12, 0x00, 0x00, 0x02, 0x54, 0x09, 0x10, 0x18, 0x00, 0x00, 0x43,
  0x00, 0x20, 0x81, 0x12, 0x00, 0x00, 0x01, 0x81, 0x06, 0x08, 0x18, 0x00, 0x00, 0x01, 0x14, 0x0F,
  0x81, 0x0A, 0x00, 0x00, 0x81, 0x40, 0x24, 0x20, 0x08, 0x00, 0x00, 0x01, 0x00, 0x01, 0x84, 0x0A,
  0x00, 0x00, 0x01, 0x0A, 0x90, 0x20, 0x08, 0x00, 0x80, 0x01, 0xA0, 0x04, 0x88, 0x0A, 0x00, 0x80,
  0x00, 0x00, 0x40, 0x20, 0x08, 0x00, 0x80, 0x00, 0x08, 0x02, 0x8A, 0x0A, 0x00, 0x80, 0x01, 0x20,
  0x10, 0x20, 0x08, 0x00, 0x00, 0x01, 0x80, 0x40, 0x8A, 0x0C, 0x00, 0x00, 0x01, 0x00, 0x02, 0x20,
  0x09, 0x00, 0x00, 0x01, 0x10, 0x88, 0x0A, 0x08, 0x00, 0x00, 0x01, 0x90, 0xA0, 0x50, 0x0D, 0x00,
  0x00, 0x01, 0x30, 0xC0, 0x02, 0x08, 0x00, 0x00, 0x01, 0x70, 0xD2, 0xA4, 0x1A, 0x00, 0x00, 0x01,
  0x70, 0xE0, 0x08, 0x10, 0x00, 0x00, 0x03, 0xE0, 0xF1, 0x21, 0x19, 0x00, 0x00, 0x02, 0xE0, 0xF1,
  0x8A, 0x10, 0x00, 0x00, 0x02, 0xE0, 0xBA, 0x21, 0x12, 0x00, 0x00, 0x02, 0xE0, 0xFF, 0x09, 0x18,
  0x00, 0x00, 0x02, 0x60, 0xFF, 0xA1, 0x12, 0x00, 0x00, 0x02, 0xE0, 0xEF, 0x09, 0x10, 0x00, 0x00,
  0x02, 0xC0, 0x7F, 0x23, 0x39, 0x00, 0x00, 0x02, 0xC0, 0xFB, 0x89, 0x20, 0x00, 0x00, 0x06, 0xC0,
  0xFF, 0x43, 0x2A, 0x00, 0x00, 0x04, 0xC0, 0xDD, 0x13, 0x20, 0x00, 0x00, 0x04, 0xC0, 0xFF, 0x23,
  0x32, 0x00, 0x00, 0x04, 0xC0, 0x7F, 0x83, 0x20, 0x00, 0x00, 0x04, 0xC0, 0xFB, 0x2B, 0x24, 0x00,
  0x00, 0x04, 0x40, 0xDF, 0x03, 0x31, 0x00, 0x00, 0x04, 0xC0, 0xFF, 0x15, 0x60, 0x00, 0x00, 0x04,
  0x80, 0xF7, 0x43, 0x65, 0x00, 0x00, 0x04, 0xC0, 0x7F, 0x0B, 0x40, 0x00, 0x00, 0x04, 0xC0, 0xFD,
  0xA3, 0x68, 0x00, 0x00, 0x04, 0xC0, 0xDF, 0x0B, 0x22, 0x00, 0x00, 0x04, 0x40, 0xFF, 0x43, 0x30,
  0x00, 0x00, 0x04, 0xC0, 0xF7, 0x12, 0x21, 0x00, 0x00, 0x04, 0xC0, 0xFF, 0x03, 0x24, 0x00, 0x00,
  0x06, 0xC0, 0xBD, 0x4B, 0x30, 0x00, 0x00, 0x02, 0xC0, 0xFF, 0x21, 0x31, 0x00, 0x00, 0x02, 0xE0,
  0xEF, 0x05, 0x14, 0x00, 0x00, 0x02, 0xE0, 0xFE, 0x10, 0x10, 0x00, 0x00, 0x02, 0xE0, 0xF7, 0x45,
  0x19, 0x00, 0x00, 0x03, 0xF0, 0xFF, 0x00, 0x18, 0x00, 0x00, 0x01, 0x50, 0x5D, 0x88, 0x08, 0x00,
  0x80, 0xFF, 0xFF, 0xFF, 0xFF, 0x0F, 0x00, 0x00, 0x00, 0x00, 0x00, 0x00, 0x00, 0x00, 0x00, 0x00,
  0x00, 0x00, 0x00, 0x00, 0x00, 0x00, 0x00, 0x00, 0x00, 0x00, 0x00, 0x00, 0x00, 0x00, 0x00, 0x00,
  0x00, 0x00, 0x00, 0x00, 0xFC, 0xFF, 0xFF, 0xFF, 0x7F, 0x00, 0x00, 0x24, 0xD9, 0xB6, 0x0D, 0x20,
  0x00, 0x00, 0x4E, 0xFC, 0xFF, 0x5F, 0x35, 0x00, 0x00, 0x02, 0xFD, 0xDF, 0x0F, 0x10, 0x00, 0x00,
  0x56, 0xDC, 0xFE, 0x0D, 0x11, 0x00, 0x00, 0x02, 0xFD, 0xF7, 0x4F, 0x14, 0x00, 0x00, 0x57, 0xFE,
  0x7F, 0x07, 0x10, 0x00, 0x00, 0x01, 0xDE, 0xFD, 0x27, 0x19, 0x00, 0x00, 0xAB, 0xFE, 0xDF, 0x07,
  0x0C, 0x00, 0x00, 0x01, 0xEE, 0xFE, 0xA5, 0x08, 0x00, 0x00, 0x55, 0xFF, 0xEF, 0x07, 0x0A, 0x00,
  0x00, 0x03, 0xFE, 0xFF, 0x13, 0x08, 0x00, 0x80, 0x21, 0xEF, 0x7B, 0x87, 0x08, 0x00, 0x80, 0x4A,
  0x7E, 0xFF, 0x23, 0x0C, 0x00, 0x80, 0x00, 0xFF, 0xDF, 0x07, 0x09, 0x00, 0x80, 0x55, 0xEE, 0xFD,
  0x25, 0x08, 0x00, 0x00, 0x03, 0xFF, 0xEF, 0x87, 0x08, 0x00, 0x00, 0xA9, 0x7E, 0xFF, 0x13, 0x08,
  0x00, 0x00, 0x01, 0xEE, 0xDF, 0x47, 0x0A, 0x00, 0x00, 0x2B, 0xFE, 0x7B, 0x05, 0x08, 0x00, 0x00,
  0x81, 0x7E, 0xCB, 0x97, 0x08, 0x00, 0x00, 0x15, 0x6E, 0xB7, 0x03, 0x1A, 0x00, 0x00, 0x41, 0xFF,
  0xC8, 0x27, 0x10, 0x00, 0x00, 0x17, 0x1C, 0x93, 0x8D, 0x10, 0x00, 0x00, 0x02, 0xD5, 0x2C, 0x05,
  0x12, 0x00, 0x00, 0x52, 0x36, 0x52, 0x2E, 0x18, 0x00, 0x00, 0x06, 0xC4, 0xA5, 0x8C, 0x10, 0x00,
  0x00, 0xA2, 0x2C, 0x5A, 0x02, 0x12, 0x00, 0x00, 0x0A, 0x5E, 0x81, 0x2B, 0x10, 0x00, 0x00, 0x42,
  0x98, 0x36, 0x8F, 0x38, 0x00, 0x00, 0x12, 0xFD, 0xC9, 0x1F, 0x22, 0x00, 0x00, 0x0E, 0xF8, 0x36,
  0x17, 0x20, 0x00, 0x00, 0x44, 0xDD, 0xD3, 0x9E, 0x24, 0x00, 0x00, 0x14, 0xF8, 0xBF, 0x1E, 0x20,
  0x00, 0x00, 0x44, 0xFC, 0xFD, 0x1D, 0x21, 0x00, 0x00, 0x0C, 0xD9, 0x7F, 0x1F, 0x24, 0x00, 0x00,
  0x44, 0xF8, 0xFE, 0x4F, 0x20, 0x00, 0x00, 0x14, 0xEC, 0xEF, 0x1F, 0x71, 0x00, 0x00, 0x04, 0xF9,
  0xFF, 0x1B, 0x44, 0x00, 0x00, 0x54, 0x78, 0x77, 0x5F, 0x40, 0x00, 0x00, 0x04, 0xFA, 0xFF, 0x1F,
  0x71, 0x00, 0x00, 0x94, 0xD8, 0xFB, 0x17, 0x20, 0x00, 0x00, 0x04, 0xFA, 0xFF, 0x9E, 0x24, 0x00,
  0x00, 0x24, 0xF8, 0xDE, 0x1F, 0x20, 0x00, 0x00, 0x8C, 0xFA, 0xFF, 0x9B, 0x30, 0x00, 0x00, 0x06,
  0xB8, 0xFF, 0x0F, 0x22, 0x00, 0x00, 0x22, 0xFA, 0xDB, 0x1E, 0x38, 0x00, 0x00, 0x8A, 0xFC, 0xFF,
  0x4F, 0x10, 0x00, 0x00, 0x02, 0xFC, 0xFE, 0x07, 0x11, 0x00, 0x00, 0x52, 0xDE, 0xEF, 0x0E, 0x14,
  0x00, 0x00, 0x07, 0xFF, 0xFF, 0x47, 0x18, 0x00, 0x00, 0x01, 0xAA, 0x5A, 0x03, 0x08, 0x00, 0x80,
  0xFF, 0xFF, 0xFF, 0xFF, 0x0F, 0x00, 0x00, 0x00, 0x00, 0x00, 0x00, 0x00, 0x00, 0x00, 0x00, 0x00,
  0x00, 0x00, 0x00, 0x00, 0x00, 0x00, 0x00, 0x00, 0x00, 0x00, 0x00, 0x00, 0x00, 0x00, 0x00, 0x00,
  0x00, 0x00, 0x00, 0xFC, 0xFF, 0xFF, 0xFF, 0x7F, 0x00, 0x00, 0x04, 0xC0, 0xB6, 0x01, 0x20, 0x00,
  0x00, 0xA6, 0xEA, 0xFF, 0x03, 0x30, 0x00, 0x00, 0x0A, 0x60, 0xDF, 0x01, 0x10, 0x00, 0x00, 0x42,
  0xE4, 0xFF, 0x01, 0x10, 0x00, 0x00, 0x12, 0xF1, 0xFB, 0x00, 0x10, 0x00, 0x00, 0x07, 0xD0, 0xDF,
  0x00, 0x10, 0x00, 0x00, 0x41, 0xFA, 0xFE, 0x00, 0x18, 0x00, 0x00, 0x11, 0xF0, 0xEF, 0x00, 0x08,
  0x00, 0x00, 0x85, 0x70, 0xFF, 0x00, 0x08, 0x00, 0x00, 0x21, 0xFA, 0x77, 0x00, 0x08, 0x00, 0x00,
  0x03, 0xF0, 0xFF, 0x00, 0x08, 0x00, 0x80, 0x89, 0x78, 0xBF, 0x00, 0x08, 0x00, 0x80, 0x20, 0xF2,
  0xFB, 0x00, 0x08, 0x00, 0x80, 0x04, 0xB8, 0xDF, 0x00, 0x08, 0x00, 0x80, 0x41, 0xF1, 0x7F, 0x00,
  0x08, 0x00, 0x00, 0x15, 0xF8, 0xFF, 0x00, 0x08, 0x00, 0x00, 0x81, 0x74, 0xDB, 0x00, 0x08, 0x00,
  0x00, 0x05, 0xF0, 0xFF, 0x00, 0x08, 0x00, 0x00, 0x21, 0xF2, 0xEF, 0x00, 0x08, 0x00, 0x00, 0x85,
  0x70, 0xFF, 0x00, 0x08, 0x00, 0x00, 0x11, 0xF0, 0xFB, 0x00, 0x18, 0x00, 0x00, 0x01, 0xF2, 0xBF,
  0x00, 0x10, 0x00, 0x00, 0x47, 0x70, 0xFF, 0x00, 0x10, 0x00, 0x00, 0x12, 0xE9, 0xEF, 0x01, 0x10,
  0x00, 0x00, 0x02, 0xE0, 0xFD, 0x01, 0x10, 0x00, 0x00, 0x0A, 0xE4, 0xFF, 0x00, 0x10, 0x00, 0x00,
  0x42, 0xE1, 0xDE, 0x01, 0x10, 0x00, 0x00, 0x02, 0xE0, 0xFF, 0x01, 0x10, 0x00, 0x00, 0x92, 0xE8,
  0xF7, 0x01, 0x30, 0x00, 0x00, 0x02, 0xC0, 0x7F, 0x03, 0x20, 0x00, 0x00, 0x16, 0xE2, 0xFE, 0x03,
  0x20, 0x00, 0x00, 0x44, 0xC0, 0xB7, 0x03, 0x20, 0x00, 0x00, 0x04, 0xC9, 0xFF, 0x03, 0x20, 0x00,
  0x00, 0x14, 0xC0, 0xFB, 0x03, 0x20, 0x00, 0x00, 0x04, 0xC2, 0xFF, 0x02, 0x20, 0x00, 0x00, 0x44,
  0xD0, 0xFD, 0x03, 0x20, 0x00, 0x00, 0x14, 0xC1, 0xDF, 0x03, 0x60, 0x00, 0x00, 0x04, 0xC0, 0xFE,
  0x03, 0x40, 0x00, 0x00, 0x44, 0xE4, 0xEF, 0x02, 0x40, 0x00, 0x00, 0x04, 0xC0, 0xFF, 0x03, 0x60,
  0x00, 0x00, 0x14, 0xC1, 0xF6, 0x03, 0x20, 0x00, 0x00, 0x04, 0xC8, 0xFF, 0x01, 0x20, 0x00, 0x00,
  0x44, 0xE0, 0xBF, 0x03, 0x20, 0x00, 0x00, 0x04, 0xC2, 0xFE, 0x03, 0x20, 0x00, 0x00, 0x16, 0xE0,
  0xF7, 0x01, 0x20, 0x00, 0x00, 0x82, 0xC8, 0xBF, 0x03, 0x30, 0x00, 0x00, 0x02, 0xE0, 0xFF, 0x01,
  0x10, 0x00, 0x00, 0x12, 0xE2, 0xF6, 0x01, 0x10, 0x00, 0x00, 0x82, 0xF0, 0xBF, 0x00, 0x10, 0x00,
  0x00, 0x0B, 0xF0, 0xFF, 0x00, 0x18, 0x00, 0x00, 0x01, 0x54, 0xD5, 0x00, 0x08, 0x00, 0x80, 0xFF,
  0xFF, 0xFF, 0xFF, 0x0F, 0x00, 0x00, 0x00, 0x00, 0x00, 0x00, 0x00, 0x00, 0x00, 0x00, 0x00, 0x00,
  0x00, 0x00, 0x00, 0x00, 0x00, 0x00, 0x00, 0x00, 0x00, 0x00, 0x00, 0x00, 0x00, 0x00, 0x00, 0x00,
  0x00, 0x00, 0xFC, 0xFF, 0xFF, 0xFF, 0x7F, 0x00, 0x00, 0x04, 0x00, 0x00, 0x00, 0x20, 0x00, 0x00,
  0x06, 0x00, 0x00, 0x00, 0x30, 0x00, 0x00, 0x06, 0x00, 0x00, 0x00, 0x10, 0x00, 0x00, 0x12, 0x00,
  0x00, 0x00, 0x10, 0x00, 0x00, 0x0E, 0x00, 0x00, 0x00, 0x10, 0x00, 0x00, 0x23, 0x00, 0x00, 0x00,
  0x14, 0x00, 0x00, 0x0B, 0x00, 0x00, 0x00, 0x18, 0x00, 0x00, 0x51, 0x00, 0x00, 0x00, 0x09, 0x00,
  0x00, 0x27, 0x00, 0x00, 0x00, 0x08, 0x00, 0x00, 0x89, 0x00, 0x00, 0x40, 0x08, 0x00, 0x00, 0x13,
  0x01, 0x00, 0x00, 0x0A, 0x00, 0x80, 0xA5, 0x00, 0x00, 0x10, 0x08, 0x00, 0x80, 0x4A, 0x5A, 0x55,
  0x80, 0x08, 0x00, 0x80, 0x10, 0xF1, 0xFF, 0x04, 0x08, 0x00, 0x80, 0x47, 0xFC, 0x7F, 0x20, 0x08,
  0x00, 0x00, 0xA9, 0xB2, 0xEF, 0x00, 0x09, 0x00, 0x00, 0x03, 0xF8, 0xFD, 0x08, 0x08, 0x00, 0x00,
  0x55, 0xF5, 0xBF, 0x40, 0x08, 0x00, 0x00, 0x23, 0x72, 0xFF, 0x04, 0x0A, 0x00, 0x00, 0x89, 0xF0,
  0xF7, 0x00, 0x08, 0x00, 0x00, 0x53, 0xF5, 0xBF, 0x90, 0x18, 0x00, 0x00, 0x05, 0xF8, 0xFE, 0x00,
  0x18, 0x00, 0x00, 0x53, 0xE1, 0xF7, 0x05, 0x10, 0x00, 0x00, 0x26, 0xEA, 0xFF, 0x20, 0x11, 0x00,
  0x00, 0x92, 0xE4, 0xBE, 0x01, 0x10, 0x00, 0x00, 0x46, 0xF0, 0xFF, 0x11, 0x10, 0x00, 0x00, 0x2A,
  0xE5, 0xF7, 0x81, 0x14, 0x00, 0x00, 0x12, 0xE2, 0xBE, 0x01, 0x10, 0x00, 0x00, 0x46, 0xE8, 0xFF,
  0x11, 0x30, 0x00, 0x00, 0xA2, 0xD2, 0xF7, 0x83, 0x24, 0x00, 0x00, 0x0E, 0xE1, 0xFF, 0x02, 0x20,
  0x00, 0x00, 0x24, 0xC4, 0xDE, 0x23, 0x22, 0x00, 0x00, 0x4C, 0xE9, 0xFF, 0x03, 0x20, 0x00, 0x00,
  0x24, 0xD2, 0xFB, 0x11, 0x21, 0x00, 0x00, 0x8C, 0xC0, 0xDF, 0x03, 0x20, 0x00, 0x00, 0x54, 0xE4,
  0xFE, 0x03, 0x20, 0x00, 0x00, 0x04, 0xC9, 0xEF, 0x4A, 0x64, 0x00, 0x00, 0x2C, 0xA4, 0xFF, 0x03,
  0x40, 0x00, 0x00, 0x44, 0xD1, 0xFB, 0x03, 0x41, 0x00, 0x00, 0x14, 0xC4, 0xFF, 0x0A, 0x70, 0x00,
  0x00, 0x4C, 0xE9, 0xDE, 0x43, 0x20, 0x00, 0x00, 0x04, 0xC2, 0xFF, 0x03, 0x24, 0x00, 0x00, 0x54,
  0xC8, 0xF7, 0x22, 0x20, 0x00, 0x00, 0x8C, 0xD2, 0xFF, 0x03, 0x20, 0x00, 0x00, 0x26, 0xC0, 0xBD,
  0x03, 0x21, 0x00, 0x00, 0x4A, 0xF5, 0xFF, 0x11, 0x30, 0x00, 0x00, 0x02, 0x60, 0xEF, 0x81, 0x10,
  0x00, 0x00, 0x56, 0xF5, 0xFF, 0x01, 0x10, 0x00, 0x00, 0x02, 0xE0, 0x7B, 0x01, 0x10, 0x00, 0x00,
  0x57, 0xF5, 0xFF, 0x10, 0x19, 0x00, 0x00, 0x01, 0xB0, 0xAA, 0x00, 0x08, 0x00, 0x80, 0xFF, 0xFF,
  0xFF, 0xFF, 0x0F, 0x00, 0x00, 0x00, 0x00, 0x00, 0x00, 0x00, 0x00, 0x00, 0x00, 0x00, 0x00, 0x00,
  0x00, 0x00, 0x00, 0x00, 0x00, 0x00, 0x00, 0x00, 0x00, 0x00, 0x00, 0x00, 0x00, 0x00, 0x00, 0x00,
  0x00, 0xFC, 0xFF, 0xFF, 0xFF, 0x7F, 0x00, 0x00, 0x44, 0x82, 0x08, 0x08, 0x20, 0x00, 0x00, 0x16,
  0x10, 0xA0, 0x00, 0x31, 0x00, 0x00, 0x8A, 0xA5, 0x02, 0x52, 0x14, 0x00, 0x00, 0xD2, 0x0A, 0x48,
  0x00, 0x10, 0x00, 0x00, 0x26, 0x27, 0x00, 0x24, 0x11, 0x00, 0x00, 0xEB, 0x81, 0x52, 0x00, 0x10,
  0x00, 0x00, 0x65, 0x12, 0x00, 0x89, 0x18, 0x00, 0x00, 0x91, 0x46, 0x24, 0x00, 0x08, 0x00, 0x00,
  0x6B, 0x08, 0x81, 0x24, 0x09, 0x00, 0x00, 0x01, 0x20, 0x08, 0x00, 0x08, 0x00, 0x00, 0xA5, 0x8A,
  0x20, 0x90, 0x08, 0x00, 0x80, 0x01, 0x00, 0x02, 0x05, 0x08, 0x00, 0x80, 0xDF, 0x27, 0x48, 0x80,
  0x0A, 0x00, 0x80, 0xFD, 0x8E, 0x00, 0x29, 0x08, 0x00, 0x80, 0xFF, 0x07, 0x12, 0x04, 0x09, 0x00,
  0x00, 0xDD, 0x2B, 0x80, 0x52, 0x0C, 0x00, 0x00, 0xFF, 0x8F, 0x24, 0x00, 0x09, 0x00, 0x00, 0xFD,
  0x0E, 0x00, 0x55, 0x0A, 0x00, 0x00, 0xDF, 0x4F, 0x12, 0x00, 0x08, 0x00, 0x00, 0xFD, 0x0F, 0x00,
  0x55, 0x09, 0x00, 0x00, 0xFF, 0x0E, 0x49, 0x00, 0x1C, 0x00, 0x00, 0xEF, 0x47, 0x00, 0xAA, 0x10,
  0x00, 0x00, 0x7F, 0x1F, 0x24, 0x01, 0x12, 0x00, 0x00, 0xFE, 0x8F, 0x00, 0x54, 0x10, 0x00, 0x00,
  0xDA, 0x1F, 0x04, 0x00, 0x15, 0x00, 0x00, 0xFE, 0x9D, 0x40, 0x25, 0x10, 0x00, 0x00, 0xFE, 0x1F,
  0x12, 0x90, 0x12, 0x00, 0x00, 0xDA, 0x0E, 0x80, 0x04, 0x18, 0x00, 0x00, 0xFE, 0xBF, 0x00, 0x50,
  0x31, 0x00, 0x00, 0xFE, 0x1F, 0x94, 0x04, 0x24, 0x00, 0x00, 0xF6, 0x2D, 0x01, 0xA0, 0x20, 0x00,
  0x00, 0xBC, 0x3F, 0x48, 0x08, 0x24, 0x00, 0x00, 0xFC, 0x37, 0x00, 0x22, 0x21, 0x00, 0x00, 0xEC,
  0x3F, 0x21, 0x08, 0x34, 0x00, 0x00, 0xFC, 0x3E, 0x04, 0x41, 0x21, 0x00, 0x00, 0xF4, 0x9F, 0x10,
  0x14, 0x20, 0x00, 0x00, 0xFC, 0x3B, 0x00, 0x00, 0x75, 0x00, 0x00, 0xBC, 0x3F, 0x44, 0x50, 0x40,
  0x00, 0x00, 0xFC, 0x3D, 0x01, 0x05, 0x41, 0x00, 0x00, 0xF4, 0x3F, 0x10, 0x10, 0x74, 0x00, 0x00,
  0xBC, 0x2F, 0x00, 0x42, 0x21, 0x00, 0x00, 0xFC, 0x3F, 0x25, 0x10, 0x28, 0x00, 0x00, 0xFC, 0x3D,
  0x80, 0x84, 0x20, 0x00, 0x00, 0xB4, 0x2F, 0x00, 0x20, 0x2A, 0x00, 0x00, 0xFE, 0x3F, 0x49, 0x08,
  0x20, 0x00, 0x00, 0xFE, 0x1E, 0x00, 0xA2, 0x30, 0x00, 0x00, 0xF6, 0x97, 0x24, 0x00, 0x1A, 0x00,
  0x00, 0xBE, 0x1F, 0x00, 0x49, 0x10, 0x00, 0x00, 0xFA, 0x1B, 0x00, 0x04, 0x11, 0x00, 0x00, 0xFF,
  0x8F, 0x24, 0x10, 0x1C, 0x00, 0x00, 0xAD, 0x06, 0x00, 0x41, 0x08, 0x00, 0x80, 0xFF, 0xFF, 0xFF,
  0xFF, 0x0F, 0x00, 0x00, 0x00, 0x00, 0x00, 0x00, 0x00, 0x00, 0x00, 0x00, 0x00, 0x00, 0x00, 0x00,
  0x00, 0x00, 0x00, 0x00, 0x00, 0x00, 0x00, 0x00, 0x00, 0x00, 0x00, 0x00, 0x00, 0x00, 0x00, 0x00,
  0xFC, 0xFF, 0xFF, 0xFF, 0x7F, 0x00, 0x00, 0x04, 0x00, 0x20, 0x00, 0x20, 0x00, 0x00, 0xA6, 0xAA,
  0x02, 0x91, 0x34, 0x00, 0x00, 0x02, 0x00, 0x08, 0x04, 0x10, 0x00, 0x00, 0x02, 0x00, 0x40, 0x40,
  0x1A, 0x00, 0x00, 0x82, 0xAA, 0x12, 0x01, 0x10, 0x00, 0x00, 0x03, 0x00, 0x00, 0x88, 0x1A, 0x00,
  0x00, 0x01, 0x04, 0x84, 0x20, 0x18, 0x00, 0x00, 0x01, 0xA0, 0x10, 0x84, 0x0A, 0x00, 0x00, 0x01,
  0x08, 0x40, 0x20, 0x08, 0x00, 0x00, 0x01, 0x40, 0x02, 0x8A, 0x1A, 0x00, 0x00, 0x01, 0x00, 0x08,
  0x21, 0x08, 0x00, 0x80, 0x01, 0x90, 0x80, 0x88, 0x0A, 0x00, 0x80, 0x00, 0x10, 0xE4, 0x22, 0x08,
  0x00, 0x80, 0x00, 0x70, 0x60, 0x48, 0x09, 0x00, 0x80, 0x01, 0x70, 0xF2, 0x02, 0x0C, 0x00, 0x00,
  0x01, 0xF0, 0xF8, 0x54, 0x09, 0x00, 0x00, 0x01, 0xF0, 0xBF, 0x00, 0x08, 0x00, 0x00, 0x01, 0x70,
  0xFF, 0xAA, 0x0A, 0x00, 0x00, 0x01, 0xF0, 0xF7, 0x00, 0x08, 0x00, 0x00, 0x01, 0xB0, 0xFF, 0x54,
  0x0C, 0x00, 0x00, 0x01, 0xF0, 0xBB, 0x02, 0x19, 0x00, 0x00, 0x01, 0xF0, 0xFF, 0x29, 0x14, 0x00,
  0x00, 0x03, 0xE0, 0xDE, 0x00, 0x11, 0x00, 0x00, 0x02, 0xE0, 0xFF, 0x55, 0x18, 0x00, 0x00, 0x02,
  0xE0, 0xF7, 0x01, 0x12, 0x00, 0x00, 0x02, 0x60, 0xFF, 0xA4, 0x14, 0x00, 0x00, 0x02, 0xE0, 0xFB,
  0x09, 0x10, 0x00, 0x00, 0x02, 0xE0, 0xBF, 0x21, 0x15, 0x00, 0x00, 0x02, 0xC0, 0xFD, 0x0B, 0x30,
  0x00, 0x00, 0x02, 0xC0, 0xDF, 0x41, 0x21, 0x00, 0x00, 0x06, 0xC0, 0xFF, 0x2B, 0x24, 0x00, 0x00,
  0x04, 0xC0, 0xFD, 0x03, 0x21, 0x00, 0x00, 0x04, 0xC0, 0xDF, 0x49, 0x74, 0x00, 0x00, 0x04, 0xC0,
  0xFE, 0x03, 0x20, 0x00, 0x00, 0x04, 0xC0, 0xEF, 0x56, 0x25, 0x00, 0x00, 0x04, 0x40, 0xFF, 0x03,
  0x20, 0x00, 0x00, 0x04, 0xC0, 0xF7, 0x8B, 0x62, 0x00, 0x00, 0x04, 0x80, 0x7F, 0x23, 0x48, 0x00,
  0x00, 0x04, 0xC0, 0xFF, 0x0B, 0x41, 0x00, 0x00, 0x04, 0xC0, 0xFD, 0x43, 0x70, 0x00, 0x00, 0x04,
  0xC0, 0x6F, 0x13, 0x25, 0x00, 0x00, 0x04, 0x40, 0xFF, 0x0B, 0x20, 0x00, 0x00, 0x04, 0xC0, 0xF7,
  0x43, 0x24, 0x00, 0x00, 0x04, 0xC0, 0xFF, 0x09, 0x21, 0x00, 0x00, 0x06, 0xC0, 0xBD, 0x23, 0x28,
  0x00, 0x00, 0x02, 0xC0, 0xFF, 0x85, 0x30, 0x00, 0x00, 0x02, 0xE0, 0xEF, 0x11, 0x12, 0x00, 0x00,
  0x02, 0xE0, 0xFE, 0x04, 0x18, 0x00, 0x00, 0x02, 0xE0, 0xF7, 0xA1, 0x10, 0x00, 0x00, 0x03, 0xF0,
  0xFF, 0x04, 0x1A, 0x00, 0x00, 0x01, 0x50, 0x5D, 0x00, 0x08, 0x00, 0x80, 0xFF, 0xFF, 0xFF, 0xFF,
  0x0F, 0x00, 0x00, 0x00, 0x00, 0x00, 0x00, 0x00, 0x00, 0x00, 0x00, 0x00, 0x00, 0x00, 0x00, 0x00,
  0x00, 0x00, 0x00, 0x00, 0x00, 0x00, 0x00, 0x00, 0x00, 0x00, 0x00, 0x00, 0x00, 0x00, 0x00, 0xC0,
  0xFF, 0xFF, 0xFF, 0x07, 0x00, 0x00, 0xE0, 0xDE, 0xB6, 0x6D, 0x07, 0x00, 0x00, 0xE0, 0xFF, 0xFF,
  0xFF, 0x02, 0x00, 0x00, 0x70, 0xF7, 0xFF, 0xFE, 0x03, 0x00, 0x00, 0xF0, 0xFF, 0xED, 0x6F, 0x03,
  0x00, 0x00, 0xD0, 0xBF, 0x7F, 0xFF, 0x03, 0x00, 0x00, 0xF0, 0xFD, 0xF7, 0x77, 0x01, 0x00, 0x00,
  0xD0, 0xEF, 0xFF, 0xFF, 0x01, 0x00, 0x00, 0xF0, 0xFF, 0xBE, 0xBF, 0x01, 0x00, 0x00, 0x70, 0xF7,
  0xFF, 0xFD, 0x01, 0x00, 0x00, 0xF8, 0x7F, 0xF7, 0x6F, 0x01, 0x00, 0x00, 0xB8, 0xFB, 0xBF, 0xFF,
  0x01, 0x00, 0x00, 0xF8, 0xBF, 0xFF, 0x7F, 0x01, 0x00, 0x00, 0xF8, 0xFF, 0xFB, 0xED, 0x01, 0x00,
  0x00, 0xF8, 0xEE, 0xDF, 0x7F, 0x01, 0x00, 0x00, 0xF8, 0xFF, 0xFF, 0xFF, 0x01, 0x00, 0x00, 0xB8,
  0xDD, 0xB6, 0x4D, 0x01, 0x00, 0x00, 0xB8, 0x69, 0x36, 0xDB, 0x01, 0x00, 0x00, 0x30, 0xC9, 0x24,
  0x49, 0x01, 0x00, 0x00, 0x10, 0x04, 0x00, 0x00, 0x01, 0x00, 0x00, 0x50, 0x40, 0x44, 0x00, 0x01,
  0x00, 0x00, 0x10, 0x09, 0x00, 0x10, 0x01, 0x00, 0x00, 0x10, 0x20, 0x22, 0x02, 0x01, 0x00, 0x00,
  0x50, 0x02, 0x00, 0x80, 0x01, 0x00, 0x00, 0x10, 0x10, 0x11, 0x00, 0x03, 0x00, 0x00, 0x90, 0x00,
  0x00, 0x11, 0x02, 0x00, 0x00, 0x10, 0x44, 0x00, 0x00, 0x02, 0x00, 0x00, 0x90, 0x00, 0x24, 0x08,
  0x02, 0x00, 0x00, 0x30, 0x10, 0x00, 0x00, 0x02, 0x00, 0x00, 0x20, 0x82, 0x00, 0x01, 0x02, 0x00,
  0x00, 0xA0, 0x00, 0x08, 0x20, 0x02, 0x00, 0x00, 0x20, 0x10, 0x42, 0x00, 0x02, 0x00, 0x00, 0x20,
  0x04, 0x00, 0x04, 0x02, 0x00, 0x00, 0xA0, 0x40, 0x00, 0x80, 0x02, 0x00, 0x00, 0x20, 0x02, 0x12,
  0x01, 0x02, 0x00, 0x00, 0x20, 0x00, 0x00, 0x20, 0x06, 0x00, 0x00, 0x20, 0x91, 0x80, 0x00, 0x04,
  0x00, 0x00, 0x20, 0x00, 0x08, 0x00, 0x04, 0x00, 0x00, 0x20, 0x08, 0x00, 0x08, 0x04, 0x00, 0x00,
  0x20, 0x01, 0x42, 0x00, 0x05, 0x00, 0x00, 0x20, 0x40, 0x00, 0x04, 0x04, 0x00, 0x00, 0x20, 0x04,
  0x10, 0x80, 0x04, 0x00, 0x00, 0x20, 0x00, 0x01, 0x00, 0x06, 0x00, 0x00, 0x20, 0x11, 0x00, 0x01,
  0x02, 0x00, 0x00, 0x20, 0x00, 0x08, 0x20, 0x02, 0x00, 0x00, 0x20, 0x88, 0x80, 0x00, 0x02, 0x00,
  0x00, 0x20, 0x01, 0x00, 0x10, 0x02, 0x00, 0x00, 0x30, 0x00, 0x08, 0x00, 0x02, 0x00, 0x00, 0x10,
  0x88, 0x00, 0x00, 0x02, 0x00, 0x00, 0x90, 0x00, 0x80, 0x00, 0x03, 0x00, 0x00, 0x10, 0x04, 0x04,
  0x10, 0x01, 0x00, 0x00, 0x18, 0x00, 0x00, 0x80, 0x01, 0x00, 0x00, 0xF8, 0xFF, 0xFF, 0xFF, 0x00,
  0x00, 0x00, 0x00, 0x00, 0x00, 0x00, 0x00, 0x00, 0x00, 0x00, 0x00, 0x00, 0x00, 0x00, 0x00, 0x00,
  0x00, 0x00, 0x00, 0x00, 0x00, 0x00, 0x00, 0x00, 0x00, 0x00, 0x00, 0x00, 0x00, 0x00, 0xFC, 0xFF,
  0xFF, 0xFF, 0x7F, 0x00, 0x00, 0xB4, 0x6D, 0xDB, 0xB6, 0x2D, 0x00, 0x00, 0xFE, 0xFF, 0xFF, 0xFF,
  0x3F, 0x00, 0x00, 0xDE, 0xF7, 0xEF, 0xFB, 0x1B, 0x00, 0x00, 0xFE, 0x7F, 0xFF, 0xBF, 0x1F, 0x00,
  0x00, 0xFA, 0xFE, 0x7B, 0xFF, 0x1D, 0x00, 0x00, 0xFF, 0xF7, 0xFF, 0xDB, 0x17, 0x00, 0x00, 0xDD,
  0xBF, 0xDF, 0xFF, 0x1F, 0x00, 0x00, 0xFF, 0xFE, 0xFD, 0xFF, 0x0E, 0x00, 0x00, 0xFD, 0xF7, 0xFF,
  0xEE, 0x0B, 0x00, 0x00, 0xDF, 0xFF, 0xEE, 0xFF, 0x0F, 0x00, 0x00, 0xFD, 0xDF, 0x7F, 0x77, 0x0B,
  0x00, 0x80, 0xEF, 0xFE, 0xFF, 0xFF, 0x0F, 0x00, 0x80, 0xFF, 0xF7, 0xDB, 0xFB, 0x0B, 0x00, 0x80,
  0x3E, 0x9F, 0xEF, 0xAF, 0x0F, 0x00, 0x80, 0xAF, 0x9F, 0xCF, 0xE6, 0x0B, 0x00, 0x00, 0x1F, 0x4E,
  0x97, 0xC7, 0x09, 0x00, 0x00, 0x9D, 0x0E, 0x87, 0xC3, 0x0B, 0x00, 0x00, 0x1D, 0x0E, 0x07, 0x8B,
  0x09, 0x00, 0x00, 0x89, 0x44, 0x46, 0x03, 0x09, 0x00, 0x00, 0x15, 0x08, 0x00, 0x22, 0x09, 0x00,
  0x00, 0x41, 0x04, 0x09, 0x00, 0x18, 0x00, 0x00, 0x09, 0x20, 0x40, 0x10, 0x11, 0x00, 0x00, 0x03,
  0x01, 0x04, 0x02, 0x10, 0x00, 0x00, 0x26, 0x94, 0x20, 0x88, 0x10, 0x00, 0x00, 0x02, 0x00, 0x00,
  0x00, 0x10, 0x00, 0x00, 0x92, 0x00, 0x89, 0x44, 0x14, 0x00, 0x00, 0x02, 0x22, 0x00, 0x00, 0x10,
  0x00, 0x00, 0x4A, 0x88, 0x20, 0x00, 0x12, 0x00, 0x00, 0x02, 0x00, 0x04, 0x49, 0x30, 0x00, 0x00,
  0x02, 0x11, 0x00, 0x00, 0x20, 0x00, 0x00, 0x56, 0x00, 0x41, 0x00, 0x24, 0x00, 0x00, 0x04, 0x44,
  0x08, 0x92, 0x20, 0x00, 0x00, 0x84, 0x00, 0x20, 0x00, 0x20, 0x00, 0x00, 0x14, 0x10, 0x01, 0x40,
  0x24, 0x00, 0x00, 0x44, 0x04, 0x10, 0x09, 0x20, 0x00, 0x00, 0x04, 0x40, 0x04, 0x00, 0x20, 0x00,
  0x00, 0x14, 0x01, 0x80, 0x80, 0x64, 0x00, 0x00, 0x04, 0x08, 0x01, 0x10, 0x40, 0x00, 0x00, 0x44,
  0x20, 0x10, 0x02, 0x42, 0x00, 0x00, 0x04, 0x01, 0x04, 0x00, 0x60, 0x00, 0x00, 0x14, 0x84, 0x40,
  0x48, 0x20, 0x00, 0x00, 0x04, 0x10, 0x00, 0x00, 0x28, 0x00, 0x00, 0x44, 0x00, 0x12, 0x01, 0x21,
  0x00, 0x00, 0x04, 0x09, 0x00, 0x08, 0x20, 0x00, 0x00, 0x16, 0x40, 0x80, 0x40, 0x20, 0x00, 0x00,
  0x82, 0x00, 0x12, 0x00, 0x34, 0x00, 0x00, 0x02, 0x24, 0x00, 0x10, 0x10, 0x00, 0x00, 0x12, 0x00,
  0x00, 0x02, 0x11, 0x00, 0x00, 0x82, 0x10, 0x49, 0x00, 0x10, 0x00, 0x00, 0x0B, 0x02, 0x00, 0x20,
  0x18, 0x00, 0x00, 0x01, 0x00, 0x00, 0x04, 0x08, 0x00, 0x80, 0xFF, 0xFF, 0xFF, 0xFF, 0x0F, 0x00,
  0x00, 0x00, 0x00, 0x00, 0x00, 0x00, 0x00, 0x00, 0x00, 0x00, 0x00, 0x00, 0x00, 0x00, 0x00, 0x00,
  0x00, 0x00, 0x00, 0x00, 0x00, 0x00, 0x00, 0x00, 0x00, 0x00, 0x00, 0x00, 0x00, 0xFC, 0xFF, 0xFF,
  0xFF, 0x7F, 0x00, 0x00, 0xA4, 0xA2, 0x88, 0x20, 0x22, 0x00, 0x00, 0x0E, 0x08, 0x22, 0x0A, 0x38,
  0x00, 0x00, 0x52, 0xA2, 0x84, 0xA0, 0x10, 0x00, 0x00, 0x86, 0x08, 0x20, 0x02, 0x12, 0x00, 0x00,
  0x12, 0xA2, 0x0A, 0x88, 0x10, 0x00, 0x00, 0xA7, 0x08, 0xA0, 0x22, 0x14, 0x00, 0x00, 0x01, 0xA2,
  0x04, 0x80, 0x18, 0x00, 0x00, 0xAB, 0x08, 0x22, 0x0A, 0x08, 0x00, 0x00, 0x01, 0x42, 0x88, 0xA0,
  0x0A, 0x00, 0x00, 0xAB, 0x28, 0x21, 0x04, 0x18, 0x00, 0x00, 0x01, 0x02, 0x04, 0x81, 0x08, 0x00,
  0x80, 0xAB, 0x50, 0x11, 0x28, 0x0A, 0x00, 0x80, 0x00, 0x04, 0x40, 0x01, 0x08, 0x00, 0x80, 0x2A,
  0x11, 0x15, 0x44, 0x09, 0x00, 0x80, 0x81, 0x44, 0x80, 0x10, 0x08, 0x00, 0x00, 0x2B, 0x20, 0x22,
  0x02, 0x08, 0x00, 0x00, 0x01, 0x95, 0x08, 0x48, 0x09, 0x00, 0x00, 0x55, 0x00, 0x80, 0x00, 0x08,
  0x00, 0x00, 0x03, 0x4A, 0x24, 0x12, 0x0C, 0x00, 0x00, 0x91, 0x00, 0x00, 0x40, 0x09, 0x00, 0x00,
  0x45, 0x02, 0x11, 0x04, 0x18, 0x00, 0x00, 0x11, 0x50, 0x84, 0x10, 0x10, 0x00, 0x00, 0x47, 0x01,
  0x00, 0x42, 0x15, 0x00, 0x00, 0x12, 0x44, 0x29, 0x00, 0x10, 0x00, 0x00, 0x02, 0x10, 0x80, 0x10,
  0x10, 0x00, 0x00, 0xEE, 0xD3, 0x36, 0xD3, 0x16, 0x00, 0x00, 0xFE, 0xF2, 0xED, 0xF3, 0x1F, 0x00,
  0x00, 0xFA, 0xF7, 0xE1, 0xF7, 0x17, 0x00, 0x00, 0xBE, 0xF3, 0xE2, 0x75, 0x3F, 0x00, 0x00, 0xFE,
  0xEF, 0x91, 0xF3, 0x2B, 0x00, 0x00, 0xF6, 0xED, 0x62, 0xFB, 0x3F, 0x00, 0x00, 0xBC, 0xDF, 0xF7,
  0xBF, 0x2F, 0x00, 0x00, 0xFC, 0x7F, 0xDF, 0xFD, 0x3B, 0x00, 0x00, 0xEC, 0xF7, 0xFF, 0xEF, 0x7F,
  0x00, 0x00, 0xFC, 0xFE, 0xFB, 0xFE, 0x2E, 0x00, 0x00, 0xF4, 0xBF, 0xFF, 0xF7, 0x3F, 0x00, 0x00,
  0xFC, 0xFB, 0xDD, 0x7F, 0x7F, 0x00, 0x00, 0xBC, 0xFF, 0xFF, 0xFF, 0x57, 0x00, 0x00, 0xFC, 0xDD,
  0xEF, 0xB6, 0x7F, 0x00, 0x00, 0xF4, 0xFF, 0xFE, 0xFF, 0x7B, 0x00, 0x00, 0xBC, 0xFF, 0xF7, 0xDF,
  0x3F, 0x00, 0x00, 0xFC, 0xF7, 0x7F, 0xFF, 0x2D, 0x00, 0x00, 0xFC, 0xBE, 0xFF, 0xFB, 0x3F, 0x00,
  0x00, 0xF4, 0xFF, 0xDD, 0x7F, 0x7F, 0x00, 0x00, 0xDE, 0xFB, 0xFF, 0xEF, 0x37, 0x00, 0x00, 0xFE,
  0xDF, 0xF7, 0xFE, 0x3F, 0x00, 0x00, 0xEE, 0xFE, 0xFF, 0xF7, 0x1E, 0x00, 0x00, 0xFE, 0xEF, 0xDE,
  0xFF, 0x17, 0x00, 0x00, 0x7A, 0xFF, 0xFF, 0xBD, 0x1F, 0x00, 0x00, 0xFF, 0xFF, 0xF7, 0xFF, 0x1B,
  0x00, 0x00, 0xAD, 0x55, 0xAD, 0xD6, 0x0E, 0x00, 0x80, 0xFF, 0xFF, 0xFF, 0xFF, 0x0F, 0x00, 0x00,
  0x00, 0x00, 0x00, 0x00, 0x00, 0x00, 0x00, 0x00, 0x00, 0x00, 0x00, 0x00, 0x00, 0x00, 0x00, 0x00,
  0x00, 0x00, 0x00, 0x00, 0x00, 0x00, 0x00, 0x00, 0x00, 0x00, 0x00, 0x00, 0xFC, 0xFF, 0xFF, 0xFF,
  0x7F, 0x00, 0x00, 0x94, 0xA4, 0x4A, 0x14, 0x21, 0x00, 0x00, 0x26, 0x09, 0x10, 0x41, 0x34, 0x00,
  0x00, 0x4A, 0xA2, 0x42, 0x14, 0x11, 0x00, 0x00, 0x02, 0x49, 0x14, 0x41, 0x10, 0x00, 0x00, 0x52,
  0x14, 0x41, 0x14, 0x10, 0x00, 0x00, 0x07, 0x41, 0x14, 0x21, 0x10, 0x00, 0x00, 0x41, 0x14, 0x41,
  0x04, 0x18, 0x00, 0x00, 0x11, 0x41, 0x2A, 0x01, 0x08, 0x00, 0x00, 0x45, 0x94, 0x00, 0x00, 0x08,
  0x00, 0x00, 0x01, 0x22, 0x55, 0x01, 0x08, 0x00, 0x00, 0x93, 0x08, 0x00, 0x00, 0x08, 0x00, 0x80,
  0x01, 0x50, 0xC9, 0x00, 0x08, 0x00, 0x80, 0x24, 0x19, 0x52, 0x00, 0x08, 0x00, 0x80, 0x00, 0x70,
  0xE0, 0x00, 0x08, 0x00, 0x80, 0x45, 0x7A, 0x75, 0x00, 0x08, 0x00, 0x00, 0x11, 0xF0, 0xF8, 0x00,
  0x08, 0x00, 0x00, 0x83, 0xF4, 0x7F, 0x00, 0x08, 0x00, 0x00, 0x11, 0xF0, 0xFF, 0x00, 0x08, 0x00,
  0x00, 0x41, 0x72, 0xDB, 0x00, 0x08, 0x00, 0x00, 0x05, 0xF0, 0xFF, 0x00, 0x08, 0x00, 0x00, 0x11,
  0xF9, 0xEF, 0x00, 0x18, 0x00, 0x00, 0x41, 0x70, 0xFF, 0x00, 0x10, 0x00, 0x00, 0x07, 0xE4, 0xFB,
  0x00, 0x10, 0x00, 0x00, 0x92, 0xF0, 0xBF, 0x01, 0x10, 0x00, 0x00, 0x02, 0xE0, 0xFE, 0x01, 0x10,
  0x00, 0x00, 0x4A, 0xE2, 0xEF, 0x01, 0x10, 0x00, 0x00, 0x02, 0xE8, 0xFF, 0x00, 0x10, 0x00, 0x00,
  0x12, 0xE0, 0xF6, 0x01, 0x10, 0x00, 0x00, 0x82, 0xE2, 0x7F, 0x03, 0x30, 0x00, 0x00, 0x12, 0xC0,
  0xFF, 0x01, 0x20, 0x00, 0x00, 0x06, 0xE9, 0xDD, 0x03, 0x20, 0x00, 0x00, 0x14, 0xC0, 0xFF, 0x03,
  0x20, 0x00, 0x00, 0x44, 0xC4, 0xEE, 0x01, 0x20, 0x00, 0x00, 0x04, 0xE0, 0xFF, 0x03, 0x20, 0x00,
  0x00, 0x14, 0xC1, 0x7F, 0x03, 0x20, 0x00, 0x00, 0x44, 0xC8, 0xFB, 0x03, 0x20, 0x00, 0x00, 0x04,
  0xC0, 0xDF, 0x03, 0x60, 0x00, 0x00, 0x14, 0x61, 0xFF, 0x01, 0x40, 0x00, 0x00, 0x04, 0xC4, 0xFB,
  0x03, 0x40, 0x00, 0x00, 0x44, 0xD0, 0xBF, 0x03, 0x60, 0x00, 0x00, 0x04, 0xC0, 0xFE, 0x01, 0x20,
  0x00, 0x00, 0x94, 0xC4, 0xEF, 0x03, 0x20, 0x00, 0x00, 0x04, 0xE0, 0xFF, 0x03, 0x20, 0x00, 0x00,
  0x04, 0xC1, 0xBD, 0x01, 0x20, 0x00, 0x00, 0x16, 0xC8, 0xFF, 0x03, 0x20, 0x00, 0x00, 0x42, 0xE0,
  0xEE, 0x01, 0x30, 0x00, 0x00, 0x02, 0xE2, 0xFF, 0x00, 0x10, 0x00, 0x00, 0x12, 0xE0, 0xFF, 0x01,
  0x10, 0x00, 0x00, 0x82, 0xE8, 0xDD, 0x00, 0x10, 0x00, 0x00, 0x0B, 0xF0, 0xFF, 0x00, 0x18, 0x00,
  0x00, 0x01, 0xB2, 0xB6, 0x00, 0x08, 0x00, 0x80, 0xFF, 0xFF, 0xFF, 0xFF, 0x0F, 0x00, 0x00, 0x00,
  0x00, 0x00, 0x00, 0x00, 0x00, 0x00, 0x00, 0x00, 0x00, 0x00, 0x00, 0x00, 0x00, 0x00, 0x00, 0x00,
  0x00, 0x00, 0x00, 0x00, 0x00, 0x00, 0x00, 0x00, 0x00, 0x00, 0x00, 0xFC, 0xFF, 0xFF, 0xFF, 0x7F,
  0x00, 0x00, 0x04, 0x00, 0x00, 0x00, 0x20, 0x00, 0x00, 0x06, 0x00, 0x02, 0x00, 0x30, 0x00, 0x00,
  0x22, 0x49, 0x40, 0x92, 0x14, 0x00, 0x00, 0x02, 0x00, 0x10, 0x00, 0x10, 0x00, 0x00, 0x12, 0x04,
  0x01, 0x00, 0x10, 0x00, 0x00, 0x03, 0x00, 0x08, 0x04, 0x11, 0x00, 0x00, 0x81, 0x20, 0x80, 0x20,
  0x18, 0x00, 0x00, 0x09, 0x00, 0x01, 0x00, 0x08, 0x00, 0x00, 0x41, 0x04, 0x08, 0x84, 0x08, 0x00,
  0x00, 0x01, 0x20, 0x40, 0x00, 0x08, 0x00, 0x00, 0x09, 0x00, 0x00, 0x02, 0x08, 0x00, 0x80, 0x41,
  0x12, 0x09, 0x20, 0x0A, 0x00, 0x80, 0x00, 0x00, 0x00, 0x01, 0x08, 0x00, 0x80, 0x08, 0x00, 0x20,
  0x10, 0x09, 0x00, 0x80, 0x41, 0x90, 0x00, 0x00, 0x08, 0x00, 0x00, 0x01, 0x02, 0x84, 0x08, 0x08,
  0x00, 0x00, 0x09, 0x00, 0x00, 0x00, 0x08, 0x00, 0x00, 0x41, 0xC8, 0x3F, 0x40, 0x0A, 0x00, 0x00,
  0x01, 0xE0, 0xFF, 0x00, 0x08, 0x00, 0x00, 0x09, 0x7A, 0xE0, 0x11, 0x08, 0x00, 0x00, 0x41, 0x38,
  0x80, 0x03, 0x18, 0x00, 0x00, 0x01, 0x1C, 0x00, 0x83, 0x14, 0x00, 0x00, 0x13, 0x0E, 0x1F, 0x07,
  0x10, 0x00, 0x00, 0x02, 0x8C, 0x7F, 0x0E, 0x10, 0x00, 0x00, 0x82, 0xCC, 0x7B, 0x0C, 0x14, 0x00,
  0x00, 0x12, 0xCC, 0xF3, 0x8C, 0x10, 0x00, 0x00, 0x02, 0xEC, 0xC0, 0x0C, 0x10, 0x00, 0x00, 0x02,
  0xD9, 0xE1, 0x0D, 0x14, 0x00, 0x00, 0x22, 0xD8, 0xE3, 0x0E, 0x30, 0x00, 0x00, 0x02, 0xB8, 0xD9,
  0x86, 0x20, 0x00, 0x00, 0x06, 0xF1, 0xFF, 0x07, 0x28, 0x00, 0x00, 0x24, 0xC0, 0xFF, 0x23, 0x20,
  0x00, 0x00, 0x04, 0xC8, 0xEF, 0x01, 0x22, 0x00, 0x00, 0x04, 0x00, 0x7E, 0x10, 0x20, 0x00, 0x00,
  0x24, 0x01, 0x00, 0x00, 0x20, 0x00, 0x00, 0x04, 0x08, 0x00, 0x08, 0x21, 0x00, 0x00, 0x04, 0x40,
  0x82, 0x00, 0x70, 0x00, 0x00, 0x04, 0x01, 0x00, 0x84, 0x40, 0x00, 0x00, 0x24, 0x00, 0x10, 0x00,
  0x40, 0x00, 0x00, 0x04, 0x48, 0x80, 0x00, 0x64, 0x00, 0x00, 0x04, 0x01, 0x02, 0x10, 0x20, 0x00,
  0x00, 0x04, 0x00, 0x10, 0x80, 0x20, 0x00, 0x00, 0x24, 0x44, 0x00, 0x02, 0x30, 0x00, 0x00, 0x04,
  0x00, 0x08, 0x20, 0x20, 0x00, 0x00, 0x06, 0x21, 0x80, 0x00, 0x22, 0x00, 0x00, 0x22, 0x00, 0x02,
  0x08, 0x30, 0x00, 0x00, 0x02, 0x08, 0x40, 0x00, 0x10, 0x00, 0x00, 0x02, 0x80, 0x00, 0x84, 0x10,
  0x00, 0x00, 0x12, 0x01, 0x08, 0x00, 0x10, 0x00, 0x00, 0x03, 0x08, 0x00, 0x41, 0x18, 0x00, 0x00,
  0x01, 0x00, 0x02, 0x00, 0x08, 0x00, 0x80, 0xFF, 0xFF, 0xFF, 0xFF, 0x0F, 0x00, 0x00, 0x00, 0x00,
  0x00, 0x00, 0x00, 0x00, 0x00, 0x00, 0x00, 0x00, 0x00, 0x00, 0x00, 0x00, 0x00, 0x00, 0x00, 0x00,
  0x00, 0x00, 0x00, 0x00, 0x00, 0x00, 0x00, 0x00, 0x00, 0x00, 0xFC, 0xFF, 0xFF, 0xFF, 0x7F, 0x00,
  0x00, 0x04, 0x00, 0x00, 0x80, 0x2A, 0x00, 0x00, 0x06, 0x00, 0x00, 0x60, 0x35, 0x00, 0x00, 0x22,
  0x01, 0x00, 0x00, 0x1A, 0x00, 0x00, 0x02, 0x00, 0x00, 0xD0, 0x10, 0x00, 0x00, 0x12, 0x00, 0x00,
  0x20, 0x1B, 0x00, 0x00, 0x03, 0x00, 0x00, 0x90, 0x14, 0x00, 0x00, 0x81, 0x00, 0x00, 0x28, 0x19,
  0x00, 0x00, 0x09, 0x00, 0x00, 0xC0, 0x0C, 0x00, 0x00, 0x41, 0x00, 0x00, 0x18, 0x09, 0x00, 0x00,
  0x01, 0x00, 0x00, 0x60, 0x0A, 0x00, 0x00, 0x09, 0x00, 0x00, 0x88, 0x0C, 0x00, 0x80, 0x41, 0x00,
  0x00, 0x50, 0x09, 0x00, 0x80, 0x00, 0x00, 0x00, 0x28, 0x0A, 0x00, 0x80, 0x08, 0x00, 0x00, 0x50,
  0x09, 0x00, 0x80, 0x41, 0x00, 0x00, 0x88, 0x0C, 0x00, 0x00, 0x01, 0x00, 0x00, 0x50, 0x09, 0x00,
  0x00, 0x09, 0x00, 0x00, 0x28, 0x0A, 0x00, 0x00, 0x41, 0x00, 0x00, 0x40, 0x09, 0x00, 0x00, 0x01,
  0x00, 0x00, 0x98, 0x0A, 0x00, 0x00, 0x09, 0x00, 0x00, 0x20, 0x0C, 0x00, 0x00, 0x41, 0x00, 0x00,
  0xC8, 0x19, 0x00, 0x00, 0x01, 0x00, 0x00, 0x10, 0x12, 0x00, 0x00, 0x13, 0x00, 0x0F, 0xA0, 0x14,
  0x00, 0x00, 0x02, 0x80, 0x31, 0x50, 0x19, 0x00, 0x00, 0x82, 0xC0, 0x40, 0x00, 0x12, 0x00, 0x00,
  0x12, 0x40, 0x80, 0xD0, 0x14, 0x00, 0x00, 0x02, 0x00, 0x00, 0x20, 0x19, 0x00, 0x00, 0x02, 0x01,
  0x00, 0x40, 0x12, 0x00, 0x00, 0x22, 0x00, 0x08, 0xA0, 0x34, 0x00, 0x00, 0x02, 0x00, 0x1C, 0x00,
  0x29, 0x00, 0x00, 0x06, 0x01, 0x14, 0x60, 0x32, 0x00, 0x00, 0x24, 0x00, 0x00, 0x80, 0x24, 0x00,
  0x00, 0x04, 0x00, 0x00, 0x20, 0x29, 0x00, 0x00, 0x04, 0x00, 0x00, 0x80, 0x24, 0x00, 0x00, 0x24,
  0x01, 0x00, 0x20, 0x29, 0x00, 0x00, 0x04, 0x00, 0x00, 0x40, 0x32, 0x00, 0x00, 0x04, 0x00, 0x00,
  0x80, 0x64, 0x00, 0x00, 0x04, 0x01, 0x00, 0x20, 0x49, 0x00, 0x00, 0x24, 0x00, 0x00, 0x80, 0x54,
  0x00, 0x00, 0x04, 0x00, 0x00, 0x20, 0x61, 0x00, 0x00, 0x04, 0x01, 0x00, 0x80, 0x2C, 0x00, 0x00,
  0x04, 0x00, 0x00, 0x20, 0x21, 0x00, 0x00, 0x24, 0x04, 0x00, 0x40, 0x2A, 0x00, 0x00, 0x04, 0x00,
  0x00, 0xA0, 0x20, 0x00, 0x00, 0x06, 0x01, 0x00, 0x00, 0x2A, 0x00, 0x00, 0x22, 0x00, 0x00, 0xA0,
  0x35, 0x00, 0x00, 0x02, 0x00, 0x00, 0x10, 0x10, 0x00, 0x00, 0x02, 0x00, 0x00, 0xA0, 0x12, 0x00,
  0x00, 0x12, 0x01, 0x00, 0x40, 0x14, 0x00, 0x00, 0x03, 0x00, 0x00, 0x28, 0x19, 0x00, 0x00, 0x01,
  0x00, 0x00, 0x80, 0x08, 0x00, 0x80, 0xFF, 0xFF, 0xFF, 0xFF, 0x0F, 0x00, 0x00, 0x00, 0x00, 0x00,
  0x00, 0x00, 0x00, 0x00, 0x00, 0x00, 0x00, 0x00, 0x00, 0x00, 0x00, 0x00, 0x00, 0x00, 0x00, 0x00,
  0x00, 0x00, 0x00, 0x00, 0x00, 0x00, 0x00, 0x00, 0x00, 0x00, 0x00, 0x00, 0x00, 0x00, 0x00, 0x00,
  0x00, 0x00, 0x00, 0x00, 0x00, 0x00, 0x00, 0x00, 0x00, 0x00, 0x00, 0x00, 0x00, 0x00, 0xFC, 0xFF,
  0xFF, 0xFF, 0x7F, 0x00, 0x00, 0x4C, 0x4C, 0x44, 0x24, 0x20, 0x00, 0x00, 0x96, 0x91, 0xAA, 0x1A,
  0x30, 0x00, 0x00, 0x22, 0x2A, 0x11, 0x05, 0x1A, 0x00, 0x00, 0xD6, 0x53, 0x4A, 0x86, 0x14, 0x00,
  0x00, 0x0B, 0xA5, 0xA4, 0x21, 0x1A, 0x00, 0x00, 0xB1, 0x7F, 0x49, 0x01, 0x1B, 0x00, 0x00, 0xC7,
  0x0D, 0x92, 0x84, 0x08, 0x00, 0x00, 0x79, 0xAB, 0x65, 0xD0, 0x0A, 0x00, 0x00, 0xE5, 0x1E, 0x50,
  0x81, 0x0C, 0x00, 0x80, 0x9B, 0xB5, 0x36, 0x68, 0x09, 0x00, 0x80, 0xA0, 0x6B, 0x08, 0x20, 0x0C,
  0x00, 0x80, 0x4A, 0x89, 0x5A, 0x52, 0x09, 0x00, 0x80, 0xB5, 0x32, 0x05, 0x98, 0x0A, 0x00, 0x00,
  0x41, 0x44, 0x16, 0x29, 0x08, 0x00, 0x00, 0x97, 0xA9, 0x04, 0x94, 0x0C, 0x00, 0x00, 0x29, 0x12,
  0x43, 0x4C, 0x09, 0x00, 0x00, 0x47, 0xA5, 0x02, 0x22, 0x0A, 0x00, 0x00, 0xA9, 0x48, 0x09, 0x97,
  0x18, 0x00, 0x00, 0x13, 0x92, 0x41, 0x42, 0x12, 0x00, 0x00, 0xA7, 0xA4, 0x04, 0x15, 0x11, 0x00,
  0x00, 0x4A, 0xC9, 0x20, 0xA9, 0x14, 0x00, 0x00, 0x96, 0x52, 0x82, 0x05, 0x12, 0x00, 0x00, 0x2A,
  0x64, 0x90, 0xA2, 0x18, 0x00, 0x00, 0x46, 0x69, 0xC0, 0x48, 0x11, 0x00, 0x00, 0xAA, 0x12, 0x22,
  0x15, 0x12, 0x00, 0x00, 0x12, 0x34, 0xE0, 0x40, 0x34, 0x00, 0x00, 0xA6, 0x8A, 0x28, 0x92, 0x30,
  0x00, 0x00, 0x4E, 0x19, 0x50, 0x25, 0x25, 0x00, 0x00, 0x24, 0x14, 0x31, 0x48, 0x22, 0x00, 0x00,
  0x9C, 0x0A, 0x98, 0x12, 0x28, 0x00, 0x00, 0x44, 0x45, 0x48, 0xA1, 0x22, 0x00, 0x00, 0x2C, 0x06,
  0x16, 0x04, 0x34, 0x00, 0x00, 0x94, 0x12, 0xAC, 0xAA, 0x62, 0x00, 0x00, 0x4C, 0x81, 0x42, 0x40,
  0x50, 0x00, 0x00, 0xA4, 0x05, 0x15, 0x15, 0x45, 0x00, 0x00, 0x4C, 0x20, 0x4B, 0xA2, 0x68, 0x00,
  0x00, 0xD4, 0x80, 0x20, 0x08, 0x22, 0x00, 0x00, 0x6C, 0xC8, 0x92, 0x92, 0x28, 0x00, 0x00, 0x14,
  0x22, 0x45, 0x24, 0x22, 0x00, 0x00, 0x2E, 0x60, 0x30, 0x81, 0x30, 0x00, 0x00, 0x1A, 0x10, 0x05,
  0x2A, 0x35, 0x00, 0x00, 0x8E, 0x5C, 0x52, 0x40, 0x18, 0x00, 0x00, 0x02, 0xA4, 0x88, 0x0A, 0x11,
  0x00, 0x00, 0x03, 0x0A, 0x25, 0x51, 0x1A, 0x00, 0x00, 0x21, 0x23, 0x00, 0x04, 0x08, 0x00, 0x80,
  0xFF, 0xFF, 0xFF, 0xFF, 0x0F, 0x00, 0x00, 0x00, 0x00, 0x00, 0x00, 0x00, 0x00, 0x00, 0x00, 0x00,
  0x00, 0x00, 0x00, 0x00, 0x00, 0x00, 0x00, 0x00, 0x00, 0x00, 0x00, 0x00, 0x00, 0x00, 0x00, 0x00,
  0x00, 0x00, 0x00, 0x00, 0x00, 0x00, 0x00, 0x00, 0x00, 0x00, 0x00, 0x00, 0x00, 0x00, 0x00, 0x00,
  0x00, 0x00, 0x00, 0x00, 0x00, 0x00, 0x00, 0x00, 0xFC, 0xFF, 0xFF, 0xFF, 0x7F, 0x00, 0x00, 0x7C,
  0xF9, 0x3F, 0x31, 0x26, 0x00, 0x00, 0x86, 0x06, 0xC0, 0xCE, 0x39, 0x00, 0x00, 0x7A, 0xF9, 0x3F,
  0x31, 0x12, 0x00, 0x00, 0xC6, 0x06, 0xC0, 0xC6, 0x15, 0x00, 0x00, 0x3A, 0xF9, 0x3F, 0x39, 0x1A,
  0x00, 0x00, 0xC7, 0x06, 0x40, 0xC6, 0x14, 0x00, 0x00, 0x3B, 0xF9, 0xBF, 0x29, 0x1B, 0x00, 0x00,
  0xC5, 0x06, 0x40, 0xD6, 0x08, 0x00, 0x00, 0x3D, 0xF9, 0x9F, 0x29, 0x0B, 0x00, 0x00, 0xC3, 0x06,
  0x60, 0x52, 0x0C, 0x00, 0x00, 0x35, 0xF9, 0x9F, 0xAD, 0x0B, 0x00, 0x80, 0xCD, 0x06, 0x60, 0x12,
  0x08, 0x00, 0x80, 0x32, 0xF9, 0x8F, 0xED, 0x0D, 0x00, 0x80, 0xCD, 0x06, 0x70, 0x00, 0x0A, 0x00,
  0x80, 0x33, 0xF9, 0x8F, 0x7F, 0x09, 0x00, 0x00, 0xCD, 0x06, 0x50, 0x80, 0x0A, 0x00, 0x00, 0x33,
  0xF9, 0x56, 0x5B, 0x0D, 0x00, 0x00, 0xFD, 0xDF, 0xFF, 0xFF, 0x0B, 0x00, 0x00, 0xFF, 0xFF, 0xFF,
  0xFF, 0x0F, 0x00, 0x00, 0xBF, 0xFF, 0x7D, 0xF7, 0x0D, 0x00, 0x00, 0xF7, 0xB7, 0xEF, 0xBF, 0x1F,
  0x00, 0x00, 0xFF, 0xFE, 0xFF, 0xFD, 0x1B, 0x00, 0x00, 0xFF, 0xFF, 0xFE, 0xDF, 0x1F, 0x00, 0x00,
  0xDA, 0xEF, 0xB7, 0xFF, 0x15, 0x00, 0x00, 0xFE, 0xFD, 0xFF, 0xED, 0x1F, 0x00, 0x00, 0xF6, 0xBF,
  0xFF, 0xFF, 0x1E, 0x00, 0x00, 0x7E, 0xFF, 0xED, 0xF7, 0x17, 0x00, 0x00, 0xFA, 0xF7, 0x7F, 0x7F,
  0x1F, 0x00, 0x00, 0xBE, 0xFF, 0xFF, 0xFB, 0x3F, 0x00, 0x00, 0xFE, 0xBB, 0xFD, 0xBF, 0x2F, 0x00,
  0x00, 0xF6, 0xFF, 0x6F, 0xFF, 0x3B, 0x00, 0x00, 0xFC, 0xDE, 0xFF, 0xEF, 0x2F, 0x00, 0x00, 0xDC,
  0xFF, 0xFB, 0xFD, 0x3D, 0x00, 0x00, 0xFC, 0xFF, 0xFF, 0xFF, 0x3F, 0x00, 0x00, 0x44, 0x80, 0x10,
  0x04, 0x62, 0x00, 0x00, 0x94, 0x2A, 0x45, 0x51, 0x28, 0x00, 0x00, 0x2C, 0x55, 0xB2, 0xAA, 0x72,
  0x00, 0x00, 0xC4, 0x88, 0x04, 0x00, 0x45, 0x00, 0x00, 0x1C, 0x25, 0xA9, 0xAA, 0x60, 0x00, 0x00,
  0x64, 0xD2, 0x54, 0x55, 0x6A, 0x00, 0x00, 0x8C, 0x04, 0x09, 0x00, 0x31, 0x00, 0x00, 0x54, 0x59,
  0x52, 0x95, 0x24, 0x00, 0x00, 0x2C, 0xA2, 0xA4, 0x2A, 0x29, 0x00, 0x00, 0x94, 0x15, 0x09, 0x40,
  0x22, 0x00, 0x00, 0x26, 0x48, 0x52, 0x95, 0x28, 0x00, 0x00, 0xCA, 0x92, 0x24, 0x22, 0x32, 0x00,
  0x00, 0x12, 0x25, 0x49, 0x89, 0x14, 0x00, 0x00, 0xA6, 0x48, 0x92, 0x24, 0x11, 0x00, 0x00, 0x5A,
  0x92, 0x24, 0x52, 0x1A, 0x00, 0x00, 0x03, 0x25, 0x49, 0x81, 0x18, 0x00, 0x00, 0x55, 0x90, 0x10,
  0x14, 0x0C, 0x00, 0x80, 0xFF, 0xFF, 0xFF, 0xFF, 0x0F, 0x00, 0x00, 0x00, 0x00, 0x00, 0x00, 0x00,
  0x00, 0x00, 0x00, 0x00, 0x00, 0x00, 0x00, 0x00, 0x00, 0x00, 0x00, 0x00, 0x00, 0x00, 0x00, 0x00,
  0x00, 0x00, 0x00, 0x00, 0x00, 0x00, 0x00, 0xFC, 0xFF, 0xFF, 0xFF, 0x7F, 0x00, 0x00, 0x4C, 0xAA,
  0x54, 0xAA, 0x28, 0x00, 0x00, 0xB6, 0x04, 0x89, 0x00, 0x32, 0x00, 0x00, 0x06, 0xA9, 0x22, 0xAA,
  0x14, 0x00, 0x00, 0x52, 0x52, 0x94, 0x10, 0x11, 0x00, 0x00, 0xAE, 0x04, 0x41, 0x4A, 0x14, 0x00,
  0x00, 0x03, 0xA9, 0x2A, 0x01, 0x11, 0x00, 0x00, 0x2B, 0x02, 0x80, 0x54, 0x1A, 0x00, 0x00, 0x55,
  0xA9, 0x2A, 0x22, 0x08, 0x00, 0x00, 0x83, 0x54, 0x94, 0x88, 0x0A, 0x00, 0x00, 0x29, 0x02, 0x41,
  0x42, 0x08, 0x00, 0x00, 0x97, 0x48, 0x2A, 0x14, 0x0D, 0x00, 0x80, 0x41, 0x95, 0x80, 0x40, 0x08,
  0x00, 0x80, 0x2A, 0x20, 0x2A, 0x95, 0x0A, 0x00, 0x80, 0x94, 0x8A, 0x44, 0x20, 0x08, 0x00, 0x80,
  0x43, 0x24, 0x11, 0x45, 0x09, 0x00, 0x00, 0x29, 0x51, 0x42, 0x08, 0x08, 0x00, 0x00, 0x93, 0x04,
  0x94, 0x52, 0x0A, 0x00, 0x00, 0x41, 0x90, 0x00, 0x00, 0x09, 0x00, 0x00, 0x05, 0x02, 0x20, 0x08,
  0x08, 0x00, 0x00, 0x11, 0x40, 0x02, 0x01, 0x08, 0x00, 0x00, 0x81, 0x08, 0x08, 0x40, 0x1A, 0x00,
  0x00, 0x25, 0x22, 0x40, 0x08, 0x10, 0x00, 0x00, 0x03, 0x00, 0x03, 0x02, 0x11, 0x00, 0x00, 0x8A,
  0x10, 0x36, 0x20, 0x10, 0x00, 0x00, 0x22, 0x04, 0x8A, 0x00, 0x10, 0x00, 0x00, 0x02, 0xC0, 0x1F,
  0x04, 0x11, 0x00, 0x00, 0x0A, 0x09, 0x34, 0x20, 0x18, 0x00, 0x00, 0x42, 0x00, 0x4A, 0x00, 0x10,
  0x00, 0x00, 0x12, 0x22, 0x04, 0x89, 0x34, 0x00, 0x00, 0x02, 0x80, 0x04, 0x00, 0x20, 0x00, 0x00,
  0x46, 0x08, 0x20, 0x04, 0x22, 0x00, 0x00, 0x14, 0x41, 0x80, 0x20, 0x20, 0x00, 0x00, 0x04, 0x04,
  0x02, 0x00, 0x21, 0x00, 0x00, 0x04, 0x00, 0x00, 0x00, 0x20, 0x00, 0x00, 0xFC, 0xFF, 0xFF, 0xFF,
  0x3B, 0x00, 0x00, 0xB4, 0x55, 0x55, 0x6B, 0x2E, 0x00, 0x00, 0x6C, 0xEF, 0xEE, 0xD6, 0x73, 0x00,
  0x00, 0xDC, 0xB5, 0xBB, 0xBD, 0x5E, 0x00, 0x00, 0x74, 0xDB, 0xD6, 0x6A, 0x75, 0x00, 0x00, 0xDC,
  0x6E, 0xBB, 0xD7, 0x6B, 0x00, 0x00, 0xB4, 0xBB, 0x6D, 0xBD, 0x3E, 0x00, 0x00, 0xEC, 0xD6, 0xDE,
  0x6A, 0x25, 0x00, 0x00, 0xBC, 0x7D, 0xAB, 0xD7, 0x3B, 0x00, 0x00, 0xD4, 0xD6, 0x75, 0xBD, 0x2E,
  0x00, 0x00, 0x6E, 0xAB, 0xDE, 0x6A, 0x35, 0x00, 0x00, 0xFE, 0x7D, 0xB7, 0xD7, 0x3B, 0x00, 0x00,
  0x56, 0xD7, 0x6D, 0xBD, 0x16, 0x00, 0x00, 0xBA, 0xBA, 0xDA, 0x6A, 0x1D, 0x00, 0x00, 0xEE, 0x6D,
  0xB7, 0xD7, 0x13, 0x00, 0x00, 0x5F, 0xDF, 0x5D, 0x7D, 0x1D, 0x00, 0x00, 0xB1, 0x30, 0xD3, 0x82,
  0x0A, 0x00, 0x80, 0xFF, 0xFF, 0xFF, 0xFF, 0x0F, 0x00, 0x00, 0x00, 0x00, 0x00, 0x00, 0x00, 0x00,
  0x00, 0x00, 0x00, 0x00, 0x00, 0x00, 0x00, 0x00, 0x00, 0x00, 0x00, 0x00, 0x00, 0x00, 0x00, 0x00,
  0x00, 0x00, 0x00, 0x00, 0x00, 0x00, 0xFC, 0xFF, 0xFF, 0xFF, 0x7F, 0x00, 0x00, 0xAC, 0xAA, 0x94,
  0x24, 0x29, 0x00, 0x00, 0x16, 0x45, 0x29, 0x49, 0x32, 0x00, 0x00, 0xA6, 0x28, 0x42, 0x92, 0x14,
  0x00, 0x00, 0x4A, 0x92, 0x94, 0x44, 0x11, 0x00, 0x00, 0x96, 0x24, 0x29, 0x11, 0x18, 0x00, 0x00,
  0x23, 0x49, 0x42, 0xA4, 0x12, 0x00, 0x00, 0x49, 0x92, 0x14, 0x49, 0x1C, 0x00, 0x00, 0xB3, 0x24,
  0x49, 0x22, 0x09, 0x00, 0x00, 0x05, 0x49, 0xA2, 0x08, 0x0C, 0x00, 0x00, 0x53, 0x92, 0x08, 0x52,
  0x09, 0x00, 0x00, 0x25, 0x49, 0xA5, 0xA4, 0x08, 0x00, 0x80, 0x4B, 0x12, 0x48, 0x02, 0x0A, 0x00,
  0x80, 0x92, 0xA4, 0x12, 0x49, 0x09, 0x00, 0x80, 0x24, 0x49, 0x44, 0x14, 0x08, 0x00, 0x80, 0x93,
  0x12, 0xA9, 0x40, 0x0D, 0x00, 0x00, 0x25, 0x48, 0x02, 0x95, 0x08, 0x00, 0x00, 0xC9, 0x92, 0x54,
  0x22, 0x0A, 0x00, 0x00, 0xBF, 0xFF, 0xEF, 0xDF, 0x0B, 0x00, 0x00, 0xFF, 0xED, 0xBE, 0xFD, 0x0F,
  0x00, 0x00, 0xD5, 0xBF, 0xFB, 0xB7, 0x0A, 0x00, 0x00, 0x7F, 0xF5, 0xAE, 0xFE, 0x1F, 0x00, 0x00,
  0xEF, 0xBF, 0xFD, 0xAB, 0x1B, 0x00, 0x00, 0xFB, 0xED, 0x5C, 0xFF, 0x16, 0x00, 0x00, 0x5E, 0xBF,
  0xC1, 0xDD, 0x1F, 0x00, 0x00, 0xF6, 0xFB, 0xD2, 0x77, 0x15, 0x00, 0x00, 0xBE, 0x0F, 0x64, 0xDD,
  0x1F, 0x00, 0x00, 0xEE, 0xFA, 0xC9, 0xFF, 0x15, 0x00, 0x00, 0xFA, 0xFF, 0x91, 0x55, 0x1F, 0x00,
  0x00, 0x5E, 0x57, 0x6B, 0xFF, 0x3B, 0x00, 0x00, 0xF6, 0xFD, 0xFD, 0xEB, 0x3E, 0x00, 0x00, 0x7E,
  0xB7, 0xBB, 0xBE, 0x27, 0x00, 0x00, 0xDC, 0xFF, 0xEF, 0xEF, 0x3D, 0x00, 0x00, 0xF4, 0xAD, 0xF6,
  0x7A, 0x2F, 0x00, 0x00, 0x7C, 0xFF, 0xBF, 0xDF, 0x7B, 0x00, 0x00, 0x04, 0x00, 0x40, 0x00, 0x24,
  0x00, 0x00, 0x94, 0x44, 0x00, 0x20, 0x20, 0x00, 0x00, 0x04, 0x00, 0x22, 0x02, 0x62, 0x00, 0x00,
  0x14, 0x91, 0x08, 0x88, 0x50, 0x00, 0x00, 0x44, 0x04, 0x80, 0x20, 0x40, 0x00, 0x00, 0x14, 0x20,
  0x22, 0x02, 0x62, 0x00, 0x00, 0x84, 0x84, 0x08, 0x10, 0x28, 0x00, 0x00, 0x14, 0x00, 0x40, 0x84,
  0x20, 0x00, 0x00, 0x84, 0x28, 0x02, 0x00, 0x24, 0x00, 0x00, 0x14, 0x82, 0x28, 0x21, 0x21, 0x00,
  0x00, 0x46, 0x10, 0x00, 0x08, 0x20, 0x00, 0x00, 0x0A, 0x00, 0x91, 0x00, 0x32, 0x00, 0x00, 0x22,
  0x25, 0x00, 0x48, 0x10, 0x00, 0x00, 0x02, 0x80, 0x04, 0x01, 0x10, 0x00, 0x00, 0x8A, 0x08, 0x20,
  0x20, 0x19, 0x00, 0x00, 0x23, 0x20, 0x88, 0x08, 0x18, 0x00, 0x00, 0x01, 0x02, 0x01, 0x00, 0x08,
  0x00, 0x80, 0xFF, 0xFF, 0xFF, 0xFF, 0x0F, 0x00, 0x00, 0x00, 0x00, 0x00, 0x00, 0x00, 0x00, 0x00,
  0x00, 0x00, 0x00, 0x00, 0x00, 0x00, 0x00, 0x00, 0x00, 0x00, 0x00, 0x00, 0x00, 0x00, 0x00, 0x00,
  0x00, 0x00, 0x00, 0x00, 0x00, 0xFC, 0xFF, 0xFF, 0xFF, 0x7F, 0x00, 0x00, 0xB4, 0xDF, 0xB6, 0x6D,
  0x3B, 0x00, 0x00, 0xFE, 0xFD, 0xFF, 0xFF, 0x3F, 0x00, 0x00, 0xDE, 0xEF, 0xFB, 0xF7, 0x1F, 0x00,
  0x00, 0xFE, 0xFF, 0xBF, 0x7F, 0x1B, 0x00, 0x00, 0xFA, 0x7E, 0xFF, 0xFD, 0x17, 0x00, 0x00, 0xFF,
  0xF7, 0xFB, 0xDF, 0x1F, 0x00, 0x00, 0xDD, 0xFF, 0xDF, 0xFE, 0x1D, 0x00, 0x00, 0xFF, 0xBE, 0xFF,
  0xEF, 0x0F, 0x00, 0x00, 0xFD, 0xF7, 0xFD, 0xFF, 0x0E, 0x00, 0x00, 0xDF, 0xFF, 0xBF, 0xFB, 0x0B,
  0x00, 0x00, 0xFD, 0xFF, 0xF7, 0xFF, 0x0F, 0x00, 0x80, 0xFF, 0xB6, 0xFF, 0xDE, 0x0A, 0x00, 0x80,
  0xDD, 0xFF, 0xFD, 0xFF, 0x0F, 0x00, 0x80, 0xFF, 0xDF, 0xDF, 0xF7, 0x0B, 0x00, 0x80, 0xFD, 0xFD,
  0xFF, 0xFF, 0x0D, 0x00, 0x00, 0xDF, 0xEF, 0xED, 0xBE, 0x0F, 0x00, 0x00, 0xFF, 0xFF, 0xFF, 0xEF,
  0x0B, 0x00, 0x00, 0x03, 0x00, 0x00, 0x10, 0x08, 0x00, 0x00, 0xA9, 0x54, 0xA9, 0x82, 0x08, 0x00,
  0x00, 0x55, 0x29, 0x02, 0x28, 0x0A, 0x00, 0x00, 0x01, 0x82, 0xA8, 0x84, 0x18, 0x00, 0x00, 0xB5,
  0x54, 0x02, 0x11, 0x12, 0x00, 0x00, 0x07, 0x29, 0x29, 0xA4, 0x10, 0x00, 0x00, 0xAA, 0x82, 0x44,
  0x01, 0x14, 0x00, 0x00, 0x56, 0x54, 0x10, 0xAA, 0x12, 0x00, 0x00, 0x02, 0x09, 0x45, 0x00, 0x10,
  0x00, 0x00, 0xD6, 0xA2, 0x88, 0xAA, 0x18, 0x00, 0x00, 0x0A, 0x54, 0x12, 0x00, 0x12, 0x00, 0x00,
  0x52, 0x01, 0xA1, 0xAA, 0x34, 0x00, 0x00, 0xA6, 0x54, 0x04, 0x00, 0x20, 0x00, 0x00, 0x16, 0x8A,
  0xAA, 0x2A, 0x25, 0x00, 0x00, 0x4C, 0x20, 0x00, 0x00, 0x20, 0x00, 0x00, 0xA4, 0x4A, 0x55, 0x55,
  0x35, 0x00, 0x00, 0x0C, 0x15, 0x02, 0x00, 0x20, 0x00, 0x00, 0x54, 0xA0, 0xA8, 0x8A, 0x22, 0x00,
  0x00, 0x2C, 0x09, 0x05, 0x20, 0x30, 0x00, 0x00, 0x84, 0x52, 0x50, 0x05, 0x65, 0x00, 0x00, 0x2C,
  0x84, 0x02, 0x50, 0x60, 0x00, 0x00, 0x44, 0x29, 0x54, 0x02, 0x42, 0x00, 0x00, 0xAC, 0x40, 0x01,
  0xA9, 0x68, 0x00, 0x00, 0x04, 0x2A, 0x52, 0x00, 0x20, 0x00, 0x00, 0x6C, 0x85, 0x04, 0x45, 0x2A,
  0x00, 0x00, 0x04, 0x50, 0x50, 0x10, 0x20, 0x00, 0x00, 0xAC, 0x0A, 0x05, 0x82, 0x22, 0x00, 0x00,
  0x16, 0xA1, 0xA8, 0x28, 0x28, 0x00, 0x00, 0x4A, 0x14, 0x02, 0x00, 0x31, 0x00, 0x00, 0x22, 0x42,
  0x51, 0x4A, 0x10, 0x00, 0x00, 0x96, 0x08, 0x04, 0x01, 0x12, 0x00, 0x00, 0x42, 0x52, 0x21, 0x90,
  0x10, 0x00, 0x00, 0x17, 0x01, 0x0A, 0x45, 0x1C, 0x00, 0x00, 0x23, 0x54, 0x40, 0x00, 0x08, 0x00,
  0x80, 0xFF, 0xFF, 0xFF, 0xFF, 0x0F, 0x00, 0x00, 0x00, 0x00, 0x00, 0x00, 0x00, 0x00, 0x00, 0x00,
  0x00, 0x00, 0x00, 0x00, 0x00, 0x00, 0x00, 0x00, 0x00, 0x00, 0x00, 0x00, 0x00, 0x00, 0x00, 0x00,
  0x00, 0x00, 0x00, 0x00, 0xFC, 0xFF, 0xFF, 0xFF, 0x7F, 0x00, 0x00, 0x04, 0xC0, 0x56, 0x21, 0x21,
  0x00, 0x00, 0xA6, 0xAA, 0xFD, 0x0B, 0x34, 0x00, 0x00, 0x0A, 0x60, 0x57, 0x41, 0x11, 0x00, 0x00,
  0x42, 0xE4, 0xED, 0x14, 0x10, 0x00, 0x00, 0x12, 0x51, 0xBB, 0x41, 0x15, 0x00, 0x00, 0x07, 0xE0,
  0xEE, 0x04, 0x10, 0x00, 0x00, 0x41, 0xBA, 0xB5, 0x50, 0x1C, 0x00, 0x00, 0x11, 0xD0, 0x5F, 0x05,
  0x09, 0x00, 0x00, 0x85, 0x70, 0xF5, 0x90, 0x08, 0x00, 0x00, 0x21, 0xDA, 0xAE, 0x02, 0x18, 0x00,
  0x00, 0x03, 0xB0, 0x7B, 0xA8, 0x0A, 0x00, 0x80, 0x89, 0xE8, 0xAE, 0x00, 0x08, 0x00, 0x80, 0x20,
  0xB2, 0xDB, 0x8A, 0x08, 0x00, 0x80, 0x04, 0xD8, 0x76, 0x20, 0x0A, 0x00, 0x80, 0x41, 0x71, 0xDB,
  0x04, 0x08, 0x00, 0x00, 0x15, 0xD0, 0x6D, 0xA2, 0x0A, 0x00, 0x00, 0x81, 0xB4, 0xBE, 0x08, 0x08,
  0x00, 0x00, 0x05, 0xF0, 0xEB, 0x20, 0x09, 0x00, 0x00, 0x21, 0x52, 0xB7, 0x02, 0x08, 0x00, 0x00,
  0x85, 0xB0, 0x5A, 0xA8, 0x08, 0x00, 0x00, 0x11, 0xF0, 0xED, 0x01, 0x1A, 0x00, 0x00, 0x01, 0xB2,
  0xB8, 0x14, 0x18, 0x00, 0x00, 0x47, 0xE0, 0x11, 0x80, 0x10, 0x00, 0x00, 0x12, 0xA9, 0x80, 0x25,
  0x12, 0x00, 0x00, 0x02, 0x60, 0x80, 0x80, 0x10, 0x00, 0x00, 0x8A, 0x20, 0x40, 0x09, 0x18, 0x00,
  0x00, 0x02, 0x64, 0x80, 0x21, 0x12, 0x00, 0x00, 0x92, 0xD0, 0x03, 0x8A, 0x10, 0x00, 0x00, 0x02,
  0x60, 0x33, 0x00, 0x32, 0x00, 0x00, 0x12, 0xC2, 0xE2, 0x23, 0x28, 0x00, 0x00, 0x46, 0xA0, 0x5B,
  0x89, 0x20, 0x00, 0x00, 0x04, 0xC9, 0xB6, 0x03, 0x22, 0x00, 0x00, 0x14, 0x40, 0xED, 0x22, 0x28,
  0x00, 0x00, 0x44, 0xC4, 0x5B, 0x89, 0x20, 0x00, 0x00, 0x04, 0xA0, 0xF6, 0x03, 0x22, 0x00, 0x00,
  0x14, 0xC1, 0x5D, 0x52, 0x28, 0x00, 0x00, 0x04, 0x48, 0xEB, 0x05, 0x60, 0x00, 0x00, 0x44, 0xC0,
  0x5E, 0x23, 0x61, 0x00, 0x00, 0x04, 0xA2, 0xB5, 0x05, 0x44, 0x00, 0x00, 0x94, 0x40, 0xEF, 0x92,
  0x70, 0x00, 0x00, 0x04, 0xC8, 0x55, 0x03, 0x20, 0x00, 0x00, 0x44, 0x40, 0xBB, 0x45, 0x22, 0x00,
  0x00, 0x04, 0xA2, 0xEE, 0x02, 0x20, 0x00, 0x00, 0x14, 0xC0, 0x5B, 0x13, 0x29, 0x00, 0x00, 0x86,
  0xC8, 0xB4, 0x41, 0x20, 0x00, 0x00, 0x02, 0xA0, 0xEF, 0x0A, 0x30, 0x00, 0x00, 0x12, 0x61, 0x5B,
  0x01, 0x11, 0x00, 0x00, 0x02, 0xA8, 0xB6, 0x21, 0x14, 0x00, 0x00, 0x42, 0xE0, 0xED, 0x04, 0x10,
  0x00, 0x00, 0x0B, 0x52, 0xB7, 0x90, 0x18, 0x00, 0x00, 0x01, 0xB0, 0x48, 0x00, 0x08, 0x00, 0x80,
  0xFF, 0xFF, 0xFF, 0xFF, 0x0F, 0x00, 0x00, 0x00, 0x00, 0x00, 0x00, 0x00, 0x00, 0x00, 0x00, 0x00,
  0x00, 0x00, 0x00, 0x00, 0x00, 0x00, 0x00, 0x00, 0x00, 0x00, 0x00, 0x00, 0x00, 0x00, 0x00, 0x00,
  0x00, 0x00, 0x00, 0xFC, 0xFF, 0xFF, 0xFF, 0x7F, 0x00, 0x00, 0x04, 0x2B, 0x00, 0xAC, 0x20, 0x00,
  0x00, 0x06, 0x3D, 0x00, 0x74, 0x30, 0x00, 0x00, 0x82, 0x0E, 0x02, 0x3A, 0x12, 0x00, 0x00, 0x82,
  0x1B, 0x00, 0x6E, 0x10, 0x00, 0x00, 0x82, 0x0E, 0x01, 0x3A, 0x10, 0x00, 0x00, 0x83, 0x15, 0x00,
  0x2F, 0x11, 0x00, 0x00, 0xC1, 0x0F, 0x00, 0x1A, 0x18, 0x00, 0x00, 0x41, 0x05, 0x00, 0x37, 0x08,
  0x00, 0x00, 0xC1, 0x8F, 0x00, 0x2D, 0x08, 0x00, 0x00, 0x41, 0x05, 0x00, 0x3F, 0x08, 0x00, 0x00,
  0xC1, 0x07, 0x00, 0x0B, 0x0A, 0x00, 0x80, 0x41, 0x8D, 0x00, 0x3D, 0x08, 0x00, 0x80, 0xC0, 0x0B,
  0x00, 0x17, 0x08, 0x00, 0x80, 0x40, 0x05, 0x00, 0x1F, 0x08, 0x00, 0x80, 0xC1, 0x0F, 0x00, 0x35,
  0x0A, 0x00, 0x00, 0x41, 0x05, 0x01, 0x1B, 0x08, 0x00, 0x00, 0xC1, 0x0F, 0x00, 0x2F, 0x08, 0x00,
  0x00, 0x41, 0x85, 0x00, 0x3D, 0x08, 0x00, 0x00, 0xC1, 0x0E, 0x00, 0x2B, 0x08, 0x00, 0x00, 0x81,
  0x0B, 0x00, 0x1F, 0x08, 0x00, 0x00, 0xC1, 0x86, 0x0F, 0x2A, 0x1A, 0x00, 0x00, 0x81, 0xCF, 0x3F,
  0x3D, 0x10, 0x00, 0x00, 0x83, 0xD5, 0x7E, 0x2E, 0x10, 0x00, 0x00, 0x82, 0xEE, 0xD9, 0x5A, 0x10,
  0x00, 0x00, 0x82, 0x1B, 0x52, 0x76, 0x10, 0x00, 0x00, 0x82, 0x36, 0x23, 0x5F, 0x10, 0x00, 0x00,
  0x82, 0xCF, 0xCF, 0x35, 0x14, 0x00, 0x00, 0x02, 0xDD, 0xA3, 0x5E, 0x10, 0x00, 0x00, 0x82, 0x9B,
  0xCF, 0x74, 0x30, 0x00, 0x00, 0x02, 0x36, 0x7F, 0x5C, 0x24, 0x00, 0x00, 0x06, 0x0F, 0x1C, 0xB4,
  0x20, 0x00, 0x00, 0x04, 0x3D, 0x00, 0x5C, 0x20, 0x00, 0x00, 0x04, 0x2B, 0x00, 0xF4, 0x20, 0x00,
  0x00, 0x04, 0x3F, 0x00, 0x5C, 0x68, 0x00, 0x00, 0x04, 0x2A, 0x02, 0xB4, 0x20, 0x00, 0x00, 0x04,
  0x1F, 0x00, 0xD8, 0x20, 0x00, 0x00, 0x04, 0x2A, 0x00, 0xEC, 0x60, 0x00, 0x00, 0x04, 0x3F, 0x02,
  0xB8, 0x40, 0x00, 0x00, 0x04, 0x2A, 0x00, 0x54, 0x48, 0x00, 0x00, 0x04, 0x37, 0x00, 0xFC, 0x60,
  0x00, 0x00, 0x04, 0x1E, 0x02, 0xA8, 0x20, 0x00, 0x00, 0x04, 0x35, 0x00, 0xDC, 0x20, 0x00, 0x00,
  0x04, 0x1F, 0x00, 0x74, 0x20, 0x00, 0x00, 0x04, 0x35, 0x00, 0xDC, 0x20, 0x00, 0x00, 0x06, 0x2F,
  0x02, 0x34, 0x28, 0x00, 0x00, 0x02, 0x15, 0x00, 0xEC, 0x30, 0x00, 0x00, 0x82, 0x1E, 0x00, 0x3E,
  0x10, 0x00, 0x00, 0x82, 0x0B, 0x02, 0x6A, 0x10, 0x00, 0x00, 0x82, 0x1E, 0x00, 0x56, 0x10, 0x00,
  0x00, 0x43, 0x0B, 0x00, 0x3D, 0x18, 0x00, 0x00, 0x81, 0x05, 0x00, 0x23, 0x08, 0x00, 0x80, 0xFF,
  0xFF, 0xFF, 0xFF, 0x0F, 0x00, 0x00, 0x00, 0x00, 0x00, 0x00, 0x00, 0x00, 0x00, 0x00, 0x00, 0x00,
  0x00, 0x00, 0x00, 0x00, 0x00, 0x00, 0x00, 0x00, 0x00, 0x00, 0x00, 0x00, 0x00, 0x00, 0x00, 0x00,
  0x00, 0x00, 0xFC, 0xFF, 0xFF, 0xFF, 0x7F, 0x00, 0x00, 0xAC, 0x2A, 0x52, 0x29, 0x29, 0x00, 0x00,
  0x56, 0x45, 0x25, 0x52, 0x32, 0x00, 0x00, 0x26, 0x98, 0x48, 0x85, 0x14, 0x00, 0x00, 0x4A, 0x23,
  0x95, 0x28, 0x11, 0x00, 0x00, 0x96, 0x54, 0x42, 0x52, 0x14, 0x00, 0x00, 0x4B, 0x89, 0x94, 0x04,
  0x11, 0x00, 0x00, 0x11, 0x52, 0x29, 0x52, 0x1A, 0x00, 0x00, 0xE7, 0x24, 0x84, 0xA4, 0x08, 0x00,
  0x00, 0x09, 0x49, 0x69, 0x09, 0x0A, 0x00, 0x00, 0x55, 0x92, 0x04, 0xA2, 0x08, 0x00, 0x00, 0x23,
  0x25, 0xA9, 0x48, 0x0A, 0x00, 0x80, 0x49, 0x48, 0x52, 0x12, 0x09, 0x00, 0x80, 0x96, 0x95, 0x04,
  0x49, 0x0C, 0x00, 0x80, 0x20, 0x22, 0xA9, 0x24, 0x09, 0x00, 0x80, 0x55, 0x49, 0x52, 0x90, 0x08,
  0x00, 0x00, 0x8B, 0x94, 0x04, 0x45, 0x0A, 0x00, 0x00, 0x51, 0x22, 0xA9, 0x2A, 0x09, 0x00, 0x00,
  0x27, 0x49, 0x12, 0x00, 0x0C, 0x00, 0x00, 0x49, 0x92, 0x44, 0x55, 0x09, 0x00, 0x00, 0x93, 0x24,
  0xA9, 0x88, 0x08, 0x00, 0x00, 0x25, 0x49, 0x02, 0x22, 0x1A, 0x00, 0x00, 0x4B, 0x92, 0x54, 0x88,
  0x10, 0x00, 0x00, 0x93, 0x24, 0xA1, 0x22, 0x15, 0x00, 0x00, 0x26, 0x49, 0x0A, 0x49, 0x10, 0x00,
  0x00, 0x4A, 0x92, 0x50, 0x14, 0x15, 0x00, 0x00, 0x96, 0x24, 0x25, 0x41, 0x10, 0x00, 0x00, 0x22,
  0x49, 0x88, 0x14, 0x15, 0x00, 0x00, 0x56, 0x92, 0x12, 0x22, 0x10, 0x00, 0x00, 0x8A, 0x24, 0xA4,
  0x48, 0x35, 0x00, 0x00, 0x22, 0x49, 0x09, 0x85, 0x20, 0x00, 0x00, 0x5E, 0x12, 0xA2, 0x10, 0x2A,
  0x00, 0x00, 0x84, 0x44, 0x49, 0xA2, 0x20, 0x00, 0x00, 0x2C, 0xA9, 0x24, 0x14, 0x25, 0x00, 0x00,
  0x54, 0x02, 0x80, 0x00, 0x20, 0x00, 0x00, 0x8C, 0x28, 0x04, 0x42, 0x28, 0x00, 0x00, 0x24, 0x45,
  0x51, 0x08, 0x21, 0x00, 0x00, 0x4C, 0x12, 0x00, 0x00, 0x64, 0x00, 0x00, 0xA4, 0xA8, 0x84, 0x50,
  0x40, 0x00, 0x00, 0x4C, 0x01, 0x10, 0x02, 0x42, 0x00, 0x00, 0x24, 0x2A, 0x00, 0x00, 0x60, 0x00,
  0x00, 0x8C, 0x44, 0x00, 0x00, 0x20, 0x00, 0x00, 0x64, 0x11, 0x00, 0x00, 0x20, 0x00, 0x00, 0x8C,
  0x0A, 0x00, 0x00, 0x20, 0x00, 0x00, 0x14, 0x20, 0x00, 0x00, 0x20, 0x00, 0x00, 0xAE, 0x14, 0x00,
  0x00, 0x20, 0x00, 0x00, 0x42, 0x49, 0x20, 0x41, 0x30, 0x00, 0x00, 0x16, 0x82, 0x4F, 0x9A, 0x16,
  0x00, 0x00, 0xA2, 0x54, 0xB0, 0x24, 0x11, 0x00, 0x00, 0x56, 0x20, 0x45, 0x52, 0x12, 0x00, 0x00,
  0x0B, 0xD5, 0x9A, 0xA5, 0x1C, 0x00, 0x00, 0x23, 0x08, 0x20, 0x08, 0x09, 0x00, 0x80, 0xFF, 0xFF,
  0xFF, 0xFF, 0x0F, 0x00, 0x00, 0x00, 0x00, 0x00, 0x00, 0x00, 0x00, 0x00, 0x00, 0x00, 0x00, 0x00,
  0x00, 0x00, 0x00, 0x00, 0x00, 0x00, 0x00, 0x00, 0x00, 0x00, 0x00, 0x00, 0x00, 0x00, 0x00, 0x00,
  0x00, 0xFC, 0xFF, 0xFF, 0xFF, 0x7F, 0x00, 0x00, 0xFC, 0xFF, 0xE3, 0x64, 0x20, 0x00, 0x00, 0x06,
  0x00, 0x1C, 0x39, 0x30, 0x00, 0x00, 0xFA, 0xFF, 0x63, 0x17, 0x10, 0x00, 0x00, 0x06, 0x00, 0x9C,
  0x0C, 0x10, 0x00, 0x00, 0xFA, 0xFF, 0x23, 0x07, 0x10, 0x00, 0x00, 0x07, 0x00, 0xDC, 0x02, 0x10,
  0x00, 0x00, 0xFB, 0xFF, 0xA1, 0x01, 0x18, 0x00, 0x00, 0x05, 0x00, 0x5E, 0x00, 0x08, 0x00, 0x00,
  0xF9, 0xFF, 0xE1, 0x00, 0x08, 0x00, 0x00, 0x07, 0x00, 0x5E, 0x00, 0x08, 0x00, 0x00, 0xF9, 0xFF,
  0x30, 0x00, 0x0C, 0x00, 0x80, 0x05, 0x00, 0x1F, 0x00, 0x0A, 0x00, 0x80, 0xFA, 0x7F, 0x09, 0x00,
  0x0E, 0x00, 0x80, 0x04, 0x80, 0x0E, 0x00, 0x09, 0x00, 0x80, 0xFB, 0x3F, 0x05, 0x80, 0x0B, 0x00,
  0x00, 0x15, 0xC0, 0x03, 0x80, 0x0C, 0x00, 0x00, 0xE5, 0x3B, 0x01, 0xC0, 0x0A, 0x00, 0x00, 0x1B,
  0xC4, 0x01, 0xA0, 0x08, 0x00, 0x00, 0xE5, 0xB5, 0x00, 0x60, 0x0B, 0x00, 0x00, 0x15, 0xCA, 0x00,
  0x50, 0x0C, 0x00, 0x00, 0xEB, 0x75, 0x00, 0xB0, 0x1A, 0x00, 0x00, 0x15, 0x32, 0x00, 0x58, 0x19,
  0x00, 0x00, 0xEB, 0x2D, 0x00, 0x28, 0x12, 0x00, 0x00, 0x16, 0x32, 0x00, 0x5C, 0x15, 0x00, 0x00,
  0xEA, 0x1C, 0x00, 0x8A, 0x18, 0x00, 0x00, 0x12, 0x0B, 0x00, 0x36, 0x15, 0x00, 0x00, 0xEE, 0x1C,
  0x00, 0xC5, 0x14, 0x00, 0x00, 0x12, 0x07, 0x00, 0x1B, 0x11, 0x00, 0x00, 0x6E, 0x06, 0x80, 0x62,
  0x36, 0x00, 0x00, 0x92, 0x05, 0x80, 0x8D, 0x28, 0x00, 0x00, 0x66, 0x03, 0x40, 0x31, 0x23, 0x00,
  0x00, 0x9C, 0x01, 0xC0, 0x46, 0x34, 0x00, 0x00, 0x64, 0x01, 0xA0, 0xA8, 0x29, 0x00, 0x00, 0xD4,
  0x00, 0x60, 0x15, 0x22, 0x00, 0x00, 0xAC, 0x00, 0xB0, 0xA2, 0x2C, 0x00, 0x00, 0x74, 0x00, 0x28,
  0x55, 0x21, 0x00, 0x00, 0x54, 0x00, 0x58, 0x88, 0x6C, 0x00, 0x00, 0x3C, 0x00, 0xAC, 0x33, 0x51,
  0x00, 0x00, 0x14, 0x00, 0x0A, 0x44, 0x46, 0x00, 0x00, 0x0C, 0x00, 0xB6, 0x99, 0x68, 0x00, 0x00,
  0x04, 0x00, 0x45, 0x22, 0x33, 0x00, 0x00, 0x04, 0x80, 0x93, 0x4C, 0x24, 0x00, 0x00, 0x04, 0x40,
  0x6D, 0x91, 0x29, 0x00, 0x00, 0x04, 0xA0, 0x00, 0x2A, 0x22, 0x00, 0x00, 0x06, 0x60, 0x5B, 0x45,
  0x29, 0x00, 0x00, 0x02, 0x90, 0xA4, 0x28, 0x32, 0x00, 0x00, 0x02, 0x78, 0x52, 0x55, 0x15, 0x00,
  0x00, 0x02, 0x8C, 0x04, 0x82, 0x10, 0x00, 0x00, 0x02, 0x26, 0xDB, 0x54, 0x15, 0x00, 0x00, 0x03,
  0x5B, 0x20, 0x29, 0x1A, 0x00, 0x00, 0x81, 0x80, 0x0A, 0x02, 0x09, 0x00, 0x80, 0xFF, 0xFF, 0xFF,
  0xFF, 0x0F, 0x00, 0x00, 0x00, 0x00, 0x00, 0x00, 0x00, 0x00, 0x00, 0x00, 0x00, 0x00, 0x00, 0x00,
  0x00, 0x00, 0x00, 0x00, 0x00, 0x00, 0x00, 0x00, 0x00, 0x00, 0x00, 0x00, 0x00, 0x00, 0x00, 0x00,
  0xFC, 0xFF, 0xFF, 0xFF, 0x7F, 0x00, 0x00, 0xA4, 0x28, 0x02, 0x00, 0x20, 0x00, 0x00, 0x0E, 0x82,
  0x08, 0x00, 0x30, 0x00, 0x00, 0x52, 0x28, 0x02, 0x00, 0x10, 0x00, 0x00, 0x86, 0x82, 0x00, 0x00,
  0x10, 0x00, 0x00, 0x12, 0x28, 0x02, 0x00, 0x10, 0x00, 0x00, 0xA7, 0x82, 0x00, 0x00, 0x10, 0x00,
  0x00, 0x01, 0x28, 0x00, 0x00, 0x18, 0x00, 0x00, 0xAB, 0x02, 0x01, 0x00, 0x08, 0x00, 0x00, 0x01,
  0xA8, 0x00, 0x00, 0x08, 0x00, 0x00, 0xAB, 0x02, 0x00, 0x00, 0x08, 0x00, 0x00, 0x01, 0x88, 0x02,
  0x00, 0x08, 0x00, 0x80, 0xAB, 0x22, 0x00, 0x00, 0x08, 0x00, 0x80, 0x00, 0x10, 0x01, 0x00, 0x08,
  0x00, 0x80, 0xAA, 0x4A, 0x00, 0x00, 0x08, 0x00, 0x80, 0x01, 0x00, 0x00, 0x00, 0x08, 0x00, 0x00,
  0x2B, 0x45, 0x01, 0x00, 0x08, 0x00, 0x00, 0x01, 0x10, 0x00, 0x00, 0x08, 0x00, 0x00, 0x55, 0x85,
  0x02, 0x00, 0x08, 0x00, 0x00, 0x03, 0x20, 0x80, 0x01, 0x08, 0x00, 0x00, 0x91, 0x12, 0x02, 0x03,
  0x08, 0x00, 0x00, 0x45, 0x80, 0x00, 0x01, 0x18, 0x00, 0x00, 0x11, 0x54, 0x0E, 0x02, 0x10, 0x00,
  0x00, 0x47, 0x01, 0x18, 0x06, 0x10, 0x00, 0x00, 0x0A, 0xB8, 0x32, 0x02, 0x10, 0x00, 0x00, 0x42,
  0x72, 0x60, 0x02, 0x10, 0x00, 0x00, 0x16, 0xA1, 0x80, 0x04, 0x10, 0x00, 0x00, 0x82, 0x15, 0x85,
  0x07, 0x10, 0x00, 0x00, 0x2A, 0xA3, 0x00, 0x01, 0x10, 0x00, 0x00, 0x02, 0x0C, 0x00, 0x02, 0x30,
  0x00, 0x00, 0xA2, 0x0A, 0x85, 0x05, 0x20, 0x00, 0x00, 0x0E, 0x78, 0x60, 0x08, 0x20, 0x00, 0x00,
  0x24, 0xC2, 0x5F, 0x10, 0x20, 0x00, 0x00, 0x84, 0x40, 0x04, 0x20, 0x20, 0x00, 0x00, 0x2C, 0x14,
  0x01, 0x20, 0x20, 0x00, 0x00, 0x04, 0x01, 0x04, 0x40, 0x20, 0x00, 0x00, 0x14, 0x50, 0x00, 0x00,
  0x20, 0x00, 0x00, 0x44, 0x05, 0x09, 0x00, 0x60, 0x00, 0x00, 0x14, 0x40, 0x00, 0x00, 0x40, 0x00,
  0x00, 0x04, 0x11, 0x02, 0x00, 0x40, 0x00, 0x00, 0x54, 0x04, 0x08, 0x00, 0x60, 0x00, 0x00, 0x04,
  0xA0, 0x00, 0x00, 0x20, 0x00, 0x00, 0x24, 0x05, 0x02, 0x00, 0x20, 0x00, 0x00, 0x0C, 0x10, 0x08,
  0x00, 0x20, 0x00, 0x00, 0x44, 0x44, 0x01, 0x00, 0x60, 0x00, 0x00, 0x16, 0x01, 0x04, 0x00, 0x20,
  0x00, 0x00, 0x02, 0x04, 0x00, 0x00, 0x30, 0x00, 0x00, 0x4A, 0x50, 0x01, 0x00, 0x10, 0x00, 0x00,
  0x02, 0x01, 0x04, 0x00, 0x10, 0x00, 0x00, 0x12, 0x04, 0x00, 0x00, 0x10, 0x00, 0x00, 0x47, 0x50,
  0x01, 0x00, 0x18, 0x00, 0x00, 0x01, 0x01, 0x00, 0x00, 0x08, 0x00, 0x80, 0xFF, 0xFF, 0xFF, 0xFF,
  0x0F, 0x00, 0x00, 0x00, 0x00, 0x00, 0x00, 0x00, 0x00, 0x00, 0x00, 0x00, 0x00, 0x00, 0x00, 0x00,
  0x00, 0x00, 0x00, 0x00, 0x00, 0x00, 0x00, 0x00, 0x00, 0x00, 0x00, 0x00, 0x00, 0x00, 0x00, 0xFC,
  0xFF, 0xFF, 0xFF, 0x7F, 0x00, 0x00, 0x04, 0x00, 0x04, 0x00, 0x20, 0x00, 0x00, 0x56, 0x55, 0x45,
  0x22, 0x31, 0x00, 0x00, 0x06, 0x00, 0x00, 0x08, 0x1C, 0x00, 0x00, 0x12, 0x01, 0x8C, 0x81, 0x14,
  0x00, 0x00, 0x46, 0x14, 0x66, 0x10, 0x1E, 0x00, 0x00, 0x0B, 0x00, 0x71, 0x82, 0x1B, 0x00, 0x00,
  0x93, 0xF2, 0x14, 0x40, 0x1D, 0x00, 0x00, 0x29, 0xA0, 0x34, 0xD2, 0x0F, 0x00, 0x00, 0x43, 0x44,
  0x5B, 0xE0, 0x0A, 0x00, 0x00, 0x15, 0x00, 0x75, 0xB8, 0x0F, 0x00, 0x00, 0x4B, 0x29, 0x83, 0x6A,
  0x09, 0x00, 0x80, 0x21, 0x00, 0x45, 0xF4, 0x0F, 0x00, 0x80, 0x8A, 0x0A, 0x01, 0x5E, 0x0B, 0x00,
  0x80, 0x24, 0x40, 0x10, 0xF5, 0x0A, 0x00, 0x80, 0x93, 0x0A, 0x42, 0xAF, 0x0B, 0x00, 0x00, 0x49,
  0x8C, 0x80, 0x7D, 0x0B, 0x00, 0x00, 0x23, 0x09, 0x08, 0xEB, 0x0E, 0x00, 0x00, 0x15, 0x0C, 0x81,
  0xDF, 0x0B, 0x00, 0x00, 0x43, 0x09, 0x00, 0xB5, 0x0A, 0x00, 0x00, 0x29, 0x0A, 0x04, 0xFF, 0x0F,
  0x00, 0x00, 0x83, 0x18, 0x00, 0xAB, 0x1A, 0x00, 0x00, 0x29, 0x19, 0x00, 0x7F, 0x1F, 0x00, 0x00,
  0x47, 0x12, 0x00, 0xAB, 0x15, 0x00, 0x00, 0x12, 0x18, 0x00, 0xF7, 0x17, 0x00, 0x00, 0xA6, 0x12,
  0x00, 0x5E, 0x1D, 0x00, 0x00, 0x0A, 0x14, 0x00, 0xF6, 0x13, 0x00, 0x00, 0xA2, 0x18, 0x00, 0x5E,
  0x1D, 0x00, 0x00, 0x16, 0x31, 0x00, 0xB6, 0x17, 0x00, 0x00, 0x42, 0x22, 0x00, 0xEE, 0x3A, 0x00,
  0x00, 0x2A, 0x34, 0x00, 0xDA, 0x2F, 0x00, 0x00, 0x86, 0x20, 0x00, 0xBE, 0x3A, 0x00, 0x00, 0x2C,
  0x35, 0x00, 0xF4, 0x27, 0x00, 0x00, 0x44, 0x20, 0x00, 0xAC, 0x3A, 0x00, 0x00, 0x0C, 0x35, 0x00,
  0x7C, 0x6F, 0x00, 0x00, 0x54, 0x40, 0x00, 0xD4, 0x35, 0x00, 0x00, 0x84, 0x2A, 0x00, 0xBC, 0x3F,
  0x00, 0x00, 0x2C, 0x60, 0x00, 0x6C, 0x75, 0x00, 0x00, 0x04, 0x15, 0x00, 0xF4, 0x4B, 0x00, 0x00,
  0x54, 0x60, 0x00, 0x5C, 0x7D, 0x00, 0x00, 0x8C, 0x4A, 0x00, 0xFC, 0x76, 0x00, 0x00, 0x24, 0x20,
  0x00, 0x54, 0x2F, 0x00, 0x00, 0x44, 0x55, 0x00, 0xEC, 0x35, 0x00, 0x00, 0x0C, 0x20, 0x00, 0xBC,
  0x6E, 0x00, 0x00, 0x54, 0x29, 0x00, 0xD4, 0x3B, 0x00, 0x00, 0x06, 0x24, 0x00, 0x7E, 0x2D, 0x00,
  0x00, 0x4A, 0x21, 0x00, 0xAA, 0x37, 0x00, 0x00, 0x12, 0x34, 0x00, 0xF6, 0x1A, 0x00, 0x00, 0x42,
  0x11, 0x00, 0x5E, 0x17, 0x00, 0x00, 0x16, 0x18, 0x00, 0xEB, 0x15, 0x00, 0x00, 0xA3, 0x0A, 0x00,
  0xBD, 0x1E, 0x00, 0x00, 0x05, 0x00, 0x00, 0x63, 0x09, 0x00, 0x80, 0xFF, 0xFF, 0xFF, 0xFF, 0x0F,
  0x00, 0x00, 0x00, 0x00, 0x00, 0x00, 0x00, 0x00, 0x00, 0x00, 0x00, 0x00, 0x00, 0x00, 0x00, 0x00,
  0x00, 0x00, 0x00, 0x00, 0x00, 0x00, 0x00, 0x00, 0x00, 0x00, 0x00, 0x00, 0x00, 0x00, 0xFC, 0xFF,
  0xFF, 0xFF, 0x7F, 0x00, 0x00, 0x54, 0xA9, 0xA2, 0x88, 0x24, 0x00, 0x00, 0x0E, 0x02, 0x08, 0x22,
  0x30, 0x00, 0x00, 0xA2, 0xA8, 0xA2, 0x48, 0x15, 0x00, 0x00, 0x16, 0x11, 0x08, 0x02, 0x10, 0x00,
  0x00, 0x4A, 0x8A, 0xA2, 0x90, 0x12, 0x00, 0x00, 0x23, 0x20, 0x08, 0x25, 0x10, 0x00, 0x00, 0x8B,
  0x8A, 0x22, 0x00, 0x1A, 0x00, 0x00, 0x51, 0x24, 0x48, 0xA9, 0x08, 0x00, 0x00, 0x0B, 0x81, 0x02,
  0x04, 0x0C, 0x00, 0x00, 0x21, 0x2A, 0x54, 0x21, 0x09, 0x00, 0x00, 0x4B, 0x80, 0x00, 0x88, 0x08,
  0x00, 0x80, 0x91, 0x2A, 0x55, 0x02, 0x08, 0x00, 0x80, 0x0A, 0x01, 0x00, 0xA9, 0x0A, 0x00, 0x80,
  0x20, 0x54, 0x55, 0x00, 0x08, 0x00, 0x80, 0x4B, 0x82, 0x00, 0x8A, 0x08, 0x00, 0x00, 0x91, 0x28,
  0x94, 0x20, 0x0A, 0x00, 0x00, 0x0B, 0x42, 0x21, 0x42, 0x08, 0x00, 0x00, 0xA1, 0x14, 0x84, 0x08,
  0x0A, 0x00, 0x00, 0x13, 0x41, 0x29, 0x92, 0x08, 0x00, 0x00, 0x45, 0x14, 0x80, 0x00, 0x08, 0x00,
  0x00, 0x11, 0xA1, 0x2A, 0xA4, 0x1A, 0x00, 0x00, 0x45, 0x0A, 0x00, 0x09, 0x18, 0x00, 0x00, 0x93,
  0xA0, 0xAA, 0x40, 0x10, 0x00, 0x00, 0x46, 0x0A, 0x00, 0x2A, 0x15, 0x00, 0x00, 0x12, 0x50, 0x55,
  0x00, 0x10, 0x00, 0x00, 0xA6, 0x02, 0x00, 0x15, 0x10, 0x00, 0x00, 0x02, 0x54, 0x29, 0x40, 0x15,
  0x00, 0x00, 0xAA, 0x00, 0x82, 0x0A, 0x10, 0x00, 0x00, 0x02, 0x55, 0x28, 0x20, 0x32, 0x00, 0x00,
  0x2A, 0x80, 0x82, 0x84, 0x20, 0x00, 0x00, 0x46, 0x15, 0x10, 0x10, 0x28, 0x00, 0x00, 0x0C, 0xA0,
  0x4A, 0x45, 0x22, 0x00, 0x00, 0x54, 0x05, 0x00, 0x00, 0x20, 0x00, 0x00, 0x04, 0x50, 0x14, 0x29,
  0x28, 0x00, 0x00, 0xAC, 0x02, 0x41, 0x80, 0x22, 0x00, 0x00, 0x04, 0x28, 0x08, 0x02, 0x20, 0x00,
  0x00, 0x54, 0x81, 0x82, 0x28, 0x69, 0x00, 0x00, 0x04, 0x14, 0x28, 0x00, 0x40, 0x00, 0x00, 0xAC,
  0x80, 0x00, 0xA2, 0x44, 0x00, 0x00, 0x04, 0x22, 0xA2, 0x08, 0x60, 0x00, 0x00, 0x54, 0x08, 0x08,
  0x00, 0x22, 0x00, 0x00, 0x04, 0xA1, 0x02, 0xA5, 0x20, 0x00, 0x00, 0x2C, 0x08, 0x50, 0x00, 0x28,
  0x00, 0x00, 0x84, 0x82, 0x04, 0x08, 0x21, 0x00, 0x00, 0x26, 0x28, 0x80, 0x20, 0x20, 0x00, 0x00,
  0x0A, 0x01, 0x29, 0x82, 0x34, 0x00, 0x00, 0x42, 0x48, 0x00, 0x08, 0x10, 0x00, 0x00, 0x12, 0x02,
  0x45, 0x21, 0x12, 0x00, 0x00, 0xA6, 0x10, 0x00, 0x00, 0x10, 0x00, 0x00, 0x03, 0x44, 0x12, 0x88,
  0x18, 0x00, 0x00, 0x49, 0x00, 0x40, 0x02, 0x08, 0x00, 0x80, 0xFF, 0xFF, 0xFF, 0xFF, 0x0F, 0x00,
  0x00, 0x00, 0x00, 0x00, 0x00, 0x00, 0x00, 0x00, 0x00, 0x00, 0x00, 0x00, 0x00, 0x00, 0x00, 0x00,
  0x00, 0x00, 0x00, 0x00, 0x00, 0x00, 0x00, 0x00, 0x00, 0x00, 0x00, 0x00, 0x00, 0xFC, 0xFF, 0xFF,
  0xFF, 0x7F, 0x00, 0x00, 0xB4, 0xDD, 0x6D, 0x23, 0x29, 0x00, 0x00, 0x6E, 0xE3, 0xFF, 0x4B, 0x32,
  0x00, 0x00, 0x9A, 0xFE, 0xF7, 0x91, 0x18, 0x00, 0x00, 0x76, 0x69, 0x7F, 0x25, 0x12, 0x00, 0x00,
  0xAA, 0xF7, 0xFB, 0x89, 0x14, 0x00, 0x00, 0x77, 0xBD, 0xFF, 0x22, 0x11, 0x00, 0x00, 0x8D, 0xF2,
  0xDF, 0x58, 0x1C, 0x00, 0x00, 0x7B, 0xFF, 0xFF, 0x02, 0x09, 0x00, 0x00, 0xD5, 0x74, 0xFB, 0xA8,
  0x08, 0x00, 0x00, 0xAF, 0xFB, 0xDF, 0x12, 0x0A, 0x00, 0x00, 0x59, 0xB5, 0xFF, 0x44, 0x09, 0x00,
  0x80, 0xA7, 0xFE, 0x6F, 0x11, 0x0C, 0x00, 0x80, 0x7C, 0xF9, 0xFD, 0x4A, 0x09, 0x00, 0x80, 0xCB,
  0xF7, 0x7F, 0x20, 0x0A, 0x00, 0x80, 0x35, 0xBC, 0xFF, 0x95, 0x08, 0x00, 0x00, 0xEF, 0xFB, 0x6D,
  0x08, 0x0D, 0x00, 0x00, 0x99, 0xF6, 0xFF, 0x22, 0x08, 0x00, 0x00, 0x67, 0xB9, 0xFF, 0x48, 0x09,
  0x00, 0x00, 0xDD, 0xFE, 0xF7, 0x12, 0x0A, 0x00, 0x00, 0x33, 0xF3, 0xBE, 0x44, 0x08, 0x00, 0x00,
  0xCD, 0xFC, 0xFF, 0x90, 0x1A, 0x00, 0x00, 0xBB, 0x5B, 0xE0, 0x25, 0x10, 0x00, 0x00, 0x57, 0x76,
  0xDF, 0x48, 0x1A, 0x00, 0x00, 0xEA, 0xA9, 0xB5, 0x85, 0x10, 0x00, 0x00, 0x1E, 0xB7, 0x62, 0x11,
  0x1A, 0x00, 0x00, 0xE2, 0xB8, 0x51, 0xA5, 0x10, 0x00, 0x00, 0xBE, 0xA7, 0x69, 0x09, 0x1A, 0x00,
  0x00, 0x4A, 0x7A, 0x57, 0xA1, 0x10, 0x00, 0x00, 0xB6, 0xED, 0xBA, 0x0B, 0x35, 0x00, 0x00, 0xDA,
  0xB2, 0xC9, 0x53, 0x20, 0x00, 0x00, 0x26, 0xED, 0xFF, 0x02, 0x2A, 0x00, 0x00, 0xFC, 0xD6, 0xF7,
  0xAB, 0x20, 0x00, 0x00, 0x84, 0xF9, 0xBF, 0x03, 0x2A, 0x00, 0x00, 0x7C, 0xC6, 0xFE, 0x93, 0x60,
  0x00, 0x00, 0xA4, 0xFD, 0xFF, 0x25, 0x35, 0x00, 0x00, 0x5C, 0x63, 0xF7, 0x43, 0x20, 0x00, 0x00,
  0xA4, 0xDE, 0xBF, 0x0B, 0x69, 0x00, 0x00, 0x7C, 0xE1, 0xFB, 0x55, 0x44, 0x00, 0x00, 0x84, 0xDF,
  0xFF, 0x03, 0x41, 0x00, 0x00, 0x7C, 0xF0, 0x7E, 0x2B, 0x74, 0x00, 0x00, 0xC4, 0xCF, 0xEF, 0x43,
  0x21, 0x00, 0x00, 0x3C, 0xF2, 0xFF, 0x0B, 0x28, 0x00, 0x00, 0xD4, 0xCD, 0xBD, 0x53, 0x25, 0x00,
  0x00, 0xA4, 0xFA, 0xFF, 0x01, 0x20, 0x00, 0x00, 0x5E, 0xC5, 0xEE, 0x57, 0x32, 0x00, 0x00, 0xA2,
  0xFE, 0xFF, 0x01, 0x31, 0x00, 0x00, 0x7E, 0xE1, 0x7F, 0x95, 0x14, 0x00, 0x00, 0x82, 0xFF, 0xFD,
  0x01, 0x10, 0x00, 0x00, 0x7E, 0xB0, 0xEF, 0xAA, 0x12, 0x00, 0x00, 0x83, 0xFF, 0xFF, 0x00, 0x18,
  0x00, 0x00, 0x7D, 0xD0, 0xBA, 0x44, 0x0C, 0x00, 0x80, 0xFF, 0xFF, 0xFF, 0xFF, 0x0F, 0x00, 0x00,
  0x00, 0x00, 0x00, 0x00, 0x00, 0x00, 0x00, 0x00, 0x00, 0x00, 0x00, 0x00, 0x00, 0x00, 0x00, 0x00,
  0x00, 0x00, 0x00, 0x00, 0x00, 0x00, 0x00, 0x00, 0x00, 0x00, 0x00, 0x00, 0xFC, 0xFF, 0xFF, 0xFF,
  0x7F, 0x00, 0x00, 0xB4, 0xDF, 0xB6, 0x6D, 0x3B, 0x00, 0x00, 0xFE, 0xFD, 0xFF, 0xFF, 0x3F, 0x00,
  0x00, 0xDE, 0xEF, 0xFB, 0xF7, 0x17, 0x00, 0x00, 0xFE, 0xFF, 0xBF, 0x7F, 0x1F, 0x00, 0x00, 0xFA,
  0x7E, 0xFF, 0xFD, 0x1B, 0x00, 0x00, 0xFF, 0xF7, 0xFB, 0xDF, 0x1F, 0x00, 0x00, 0xDD, 0xFF, 0xDF,
  0xFE, 0x1D, 0x00, 0x00, 0xFF, 0x7E, 0xFF, 0xEF, 0x0F, 0x00, 0x00, 0xFD, 0xEF, 0xFF, 0xFF, 0x0E,
  0x00, 0x00, 0xDF, 0xFF, 0xDB, 0xFD, 0x0B, 0x00, 0x00, 0xFD, 0xBD, 0xFF, 0xDF, 0x0F, 0x00, 0x80,
  0xFF, 0xFF, 0xFF, 0xFF, 0x0B, 0x00, 0x80, 0x24, 0x92, 0x04, 0x48, 0x0C, 0x00, 0x80, 0x00, 0x00,
  0x20, 0x01, 0x08, 0x00, 0x80, 0x85, 0x44, 0x00, 0x00, 0x08, 0x00, 0x00, 0x11, 0x00, 0x02, 0x00,
  0x09, 0x00, 0x00, 0x41, 0x02, 0x10, 0x11, 0x08, 0x00, 0x00, 0x05, 0x90, 0x00, 0x00, 0x08, 0x00,
  0x00, 0x01, 0x00, 0x08, 0x00, 0x08, 0x00, 0x00, 0x91, 0x04, 0x80, 0x88, 0x08, 0x00, 0x00, 0x05,
  0x20, 0x02, 0x00, 0x18, 0x00, 0x00, 0x41, 0x00, 0x04, 0x40, 0x10, 0x00, 0x00, 0x03, 0xD2, 0x7F,
  0x00, 0x10, 0x00, 0x00, 0x0A, 0xF0, 0xFF, 0x21, 0x10, 0x00, 0x00, 0x22, 0xF9, 0xFF, 0x07, 0x10,
  0x00, 0x00, 0x02, 0x1C, 0xF0, 0x06, 0x10, 0x00, 0x00, 0x12, 0x04, 0xC8, 0x0F, 0x14, 0x00, 0x00,
  0x82, 0x02, 0x00, 0x1F, 0x10, 0x00, 0x00, 0x02, 0x90, 0x00, 0x3E, 0x30, 0x00, 0x00, 0x12, 0x00,
  0x84, 0x2E, 0x20, 0x00, 0x00, 0x86, 0x04, 0x00, 0x3C, 0x20, 0x00, 0x00, 0x04, 0x00, 0x41, 0x78,
  0x20, 0x00, 0x00, 0x24, 0x20, 0x00, 0x38, 0x30, 0x00, 0x00, 0x04, 0x01, 0x10, 0x78, 0x20, 0x00,
  0x00, 0x04, 0x88, 0x00, 0x30, 0x28, 0x00, 0x00, 0x24, 0x80, 0x00, 0x30, 0x20, 0x00, 0x00, 0x04,
  0xE1, 0x07, 0x39, 0x60, 0x00, 0x00, 0x04, 0xD0, 0x01, 0x18, 0x40, 0x00, 0x00, 0x24, 0xC0, 0x41,
  0x08, 0x44, 0x00, 0x00, 0x04, 0x24, 0x00, 0x0C, 0x60, 0x00, 0x00, 0x84, 0x00, 0x10, 0x02, 0x22,
  0x00, 0x00, 0x04, 0x00, 0x00, 0x00, 0x20, 0x00, 0x00, 0x24, 0x00, 0x01, 0x00, 0x21, 0x00, 0x00,
  0x04, 0x08, 0x00, 0x00, 0x20, 0x00, 0x00, 0x06, 0x41, 0x10, 0x82, 0x20, 0x00, 0x00, 0x02, 0x00,
  0x00, 0x00, 0x30, 0x00, 0x00, 0x22, 0x00, 0x08, 0x00, 0x10, 0x00, 0x00, 0x02, 0x10, 0x00, 0x00,
  0x10, 0x00, 0x00, 0x02, 0x02, 0x02, 0x00, 0x10, 0x00, 0x00, 0x23, 0x00, 0x00, 0x04, 0x18, 0x00,
  0x00, 0x01, 0x00, 0x00, 0x00, 0x08, 0x00, 0x80, 0xFF, 0xFF, 0xFF, 0xFF, 0x0F, 0x00, 0x00, 0x00,
  0x00, 0x00, 0x00, 0x00, 0x00, 0x00, 0x00, 0x00, 0x00, 0x00, 0x00, 0x00, 0x00, 0x00, 0x00, 0x00,
  0x00, 0x00, 0x00, 0x00, 0x00, 0x00, 0x00, 0x00, 0x00, 0x00, 0x00, 0xFC, 0xFF, 0xFF, 0xFF, 0x7F,
  0x00, 0x00, 0xDC, 0xDB, 0xB6, 0x6D, 0x3B, 0x00, 0x00, 0x7E, 0xFF, 0xFF, 0xFF, 0x3D, 0x00, 0x00,
  0xF2, 0xFF, 0xF7, 0xBF, 0x17, 0x00, 0x00, 0xF2, 0xB7, 0x7D, 0xFB, 0x13, 0x00, 0x00, 0xE2, 0xFE,
  0xDF, 0xDF, 0x10, 0x00, 0x00, 0xF7, 0xBF, 0xFA, 0x7D, 0x10, 0x00, 0x00, 0xC1, 0xF7, 0xD7, 0xBF,
  0x18, 0x00, 0x00, 0xC1, 0x6E, 0x7D, 0x1F, 0x0A, 0x00, 0x00, 0x95, 0xBF, 0xDB, 0x0D, 0x08, 0x00,
  0x00, 0x01, 0xF7, 0xF6, 0x27, 0x09, 0x00, 0x00, 0x25, 0xDF, 0xDF, 0x07, 0x08, 0x00, 0x80, 0x01,
  0xFE, 0xFD, 0x12, 0x08, 0x00, 0x80, 0x92, 0xFC, 0xF7, 0x81, 0x08, 0x00, 0x80, 0x00, 0xB8, 0xFF,
  0x00, 0x0C, 0x00, 0x80, 0x41, 0xF0, 0xBD, 0x24, 0x08, 0x00, 0x00, 0x15, 0xE2, 0x7F, 0x00, 0x09,
  0x00, 0x00, 0x01, 0xE8, 0x2E, 0x02, 0x08, 0x00, 0x00, 0x45, 0xC0, 0x1F, 0x40, 0x08, 0x00, 0x00,
  0x01, 0x81, 0x9D, 0x08, 0x0A, 0x00, 0x00, 0x11, 0x24, 0x0F, 0x00, 0x08, 0x00, 0x00, 0x45, 0x00,
  0x46, 0x44, 0x18, 0x00, 0x00, 0x01, 0x02, 0x04, 0x00, 0x12, 0x00, 0x00, 0x23, 0x10, 0x20, 0x22,
  0x10, 0x00, 0x00, 0x0A, 0x81, 0x08, 0x00, 0x11, 0x00, 0x00, 0x02, 0x08, 0x00, 0x08, 0x10, 0x00,
  0x00, 0x42, 0x00, 0x82, 0x80, 0x10, 0x00, 0x00, 0x0A, 0x42, 0x10, 0x02, 0x10, 0x00, 0x00, 0x22,
  0x00, 0x00, 0x10, 0x14, 0x00, 0x00, 0x02, 0x11, 0x81, 0x80, 0x30, 0x00, 0x00, 0x12, 0x00, 0x10,
  0x04, 0x20, 0x00, 0x00, 0x86, 0x88, 0x00, 0x20, 0x22, 0x00, 0x00, 0x04, 0x00, 0x88, 0x00, 0x20,
  0x00, 0x00, 0x14, 0x44, 0x00, 0x04, 0x21, 0x00, 0x00, 0x84, 0x00, 0x44, 0x20, 0x20, 0x00, 0x00,
  0x04, 0x00, 0x00, 0x00, 0x28, 0x00, 0x00, 0x24, 0x48, 0x20, 0x12, 0x20, 0x00, 0x00, 0x04, 0x01,
  0x02, 0x00, 0x61, 0x00, 0x00, 0x04, 0x00, 0x10, 0x01, 0x40, 0x00, 0x00, 0x24, 0x48, 0x00, 0x90,
  0x48, 0x00, 0x00, 0x04, 0x01, 0x00, 0x00, 0x60, 0x00, 0x00, 0x04, 0x00, 0x42, 0x42, 0x20, 0x00,
  0x00, 0x24, 0x08, 0x10, 0x00, 0x24, 0x00, 0x00, 0x04, 0x41, 0x00, 0x11, 0x20, 0x00, 0x00, 0x04,
  0x00, 0x00, 0x00, 0x20, 0x00, 0x00, 0x26, 0x10, 0x42, 0x80, 0x24, 0x00, 0x00, 0x02, 0x01, 0x10,
  0x04, 0x30, 0x00, 0x00, 0x02, 0x00, 0x00, 0x20, 0x10, 0x00, 0x00, 0x92, 0x40, 0x08, 0x01, 0x12,
  0x00, 0x00, 0x02, 0x08, 0x00, 0x00, 0x10, 0x00, 0x00, 0x03, 0x00, 0x42, 0x88, 0x18, 0x00, 0x00,
  0x41, 0x00, 0x00, 0x00, 0x08, 0x00, 0x80, 0xFF, 0xFF, 0xFF, 0xFF, 0x0F, 0x00, 0x00, 0x00, 0x00,
  0x00, 0x00, 0x00, 0x00, 0x00, 0x00, 0x00, 0x00, 0x00, 0x00, 0x00, 0x00, 0x00, 0x00, 0x00, 0x00,
  0x00, 0x00, 0x00, 0x00, 0x00, 0x00, 0x00, 0x00, 0x00, 0x00, 0xFC, 0xFF, 0xFF, 0xFF, 0x7F, 0x00,
  0x00, 0x2C, 0x49, 0x75, 0xDB, 0x3E, 0x00, 0x00, 0x46, 0x12, 0xF8, 0xFF, 0x3B, 0x00, 0x00, 0x96,
  0x48, 0xB9, 0xFF, 0x1F, 0x00, 0x00, 0x42, 0x22, 0xFA, 0xB7, 0x1D, 0x00, 0x00, 0x96, 0x8F, 0xDC,
  0xFF, 0x17, 0x00, 0x00, 0xEB, 0x3F, 0xFD, 0xFD, 0x1F, 0x00, 0x00, 0xF3, 0x3F, 0xEC, 0x7F, 0x1B,
  0x00, 0x00, 0x39, 0x70, 0xFD, 0xEF, 0x0F, 0x00, 0x00, 0x5F, 0x6A, 0xFC, 0xFD, 0x0B, 0x00, 0x00,
  0x85, 0xC0, 0xBE, 0x7F, 0x0F, 0x00, 0x00, 0xD7, 0x55, 0xFC, 0xF7, 0x0B, 0x00, 0x80, 0x25, 0x98,
  0xEE, 0xBF, 0x0F, 0x00, 0x80, 0x8A, 0x1A, 0xFD, 0xFE, 0x0B, 0x00, 0x80, 0x30, 0x41, 0xFE, 0xFF,
  0x0F, 0x00, 0x80, 0x3B, 0x24, 0x6C, 0xB7, 0x0D, 0x00, 0x00, 0x41, 0x9A, 0xFE, 0xFF, 0x0F, 0x00,
  0x00, 0x8B, 0x18, 0xFC, 0xFF, 0x0A, 0x00, 0x00, 0xD1, 0x89, 0x7E, 0xFB, 0x0F, 0x00, 0x00, 0x8B,
  0x22, 0xEC, 0xDF, 0x0B, 0x00, 0x00, 0x25, 0x88, 0xFE, 0xFF, 0x0F, 0x00, 0x00, 0x91, 0x22, 0xBC,
  0xEF, 0x1E, 0x00, 0x00, 0x05, 0x84, 0xFA, 0xFD, 0x17, 0x00, 0x00, 0xAB, 0x28, 0xFC, 0x7F, 0x1F,
  0x00, 0x00, 0x06, 0x41, 0xB9, 0xF7, 0x17, 0x00, 0x00, 0x52, 0x0A, 0xFC, 0xBF, 0x1F, 0x00, 0x00,
  0x06, 0x50, 0xF9, 0xFD, 0x1B, 0x00, 0x00, 0xAA, 0x02, 0xB8, 0xFF, 0x1F, 0x00, 0x00, 0x02, 0x54,
  0xFA, 0xEF, 0x16, 0x00, 0x00, 0xAA, 0x00, 0xF9, 0xFF, 0x3F, 0x00, 0x00, 0x02, 0x55, 0xB8, 0xBD,
  0x3F, 0x00, 0x00, 0x2E, 0x00, 0xF2, 0xFF, 0x2F, 0x00, 0x00, 0x44, 0x95, 0xF8, 0xF7, 0x3D, 0x00,
  0x00, 0x0C, 0x40, 0x72, 0xFF, 0x2F, 0x00, 0x00, 0x54, 0x15, 0xF0, 0xBB, 0x37, 0x00, 0x00, 0x04,
  0x80, 0xFA, 0xFF, 0x3F, 0x00, 0x00, 0xAC, 0x2A, 0x70, 0xFF, 0x2E, 0x00, 0x00, 0x04, 0x00, 0xF5,
  0xEF, 0x7F, 0x00, 0x00, 0x54, 0x45, 0xF0, 0xFD, 0x7B, 0x00, 0x00, 0x04, 0x10, 0xF1, 0xBF, 0x6F,
  0x00, 0x00, 0xAC, 0x42, 0x74, 0xFF, 0x7F, 0x00, 0x00, 0x04, 0x10, 0xF1, 0xF7, 0x3E, 0x00, 0x00,
  0x24, 0x25, 0xF8, 0xFF, 0x37, 0x00, 0x00, 0x4C, 0x80, 0x72, 0xBB, 0x3F, 0x00, 0x00, 0x04, 0x09,
  0xF0, 0xFF, 0x2B, 0x00, 0x00, 0x56, 0xA4, 0xF4, 0xFF, 0x3F, 0x00, 0x00, 0x0A, 0x00, 0xB8, 0xBB,
  0x3D, 0x00, 0x00, 0x42, 0x29, 0xFD, 0xFF, 0x1F, 0x00, 0x00, 0x12, 0x82, 0xD8, 0xDD, 0x17, 0x00,
  0x00, 0x46, 0x08, 0xFC, 0xFF, 0x1B, 0x00, 0x00, 0x0B, 0xA1, 0xFA, 0xFF, 0x1F, 0x00, 0x00, 0x41,
  0x04, 0xAC, 0xAA, 0x0C, 0x00, 0x80, 0xFF, 0xFF, 0xFF, 0xFF, 0x0F, 0x00, 0x00, 0x00, 0x00, 0x00,
  0x00, 0x00, 0x00, 0x00, 0x00, 0x00, 0x00, 0x00, 0x00, 0x00, 0x00, 0x00, 0x00, 0x00, 0x00, 0x00,
  0x00, 0x00, 0x00, 0x00, 0x00, 0x00, 0x00, 0x00, 0x00, 0xFC, 0xFF, 0xFF, 0xFF, 0x7F, 0x00, 0x00,
  0xAC, 0xAA, 0xAA, 0xD6, 0x36, 0x00, 0x00, 0x5E, 0x55, 0x55, 0x29, 0x3D, 0x00, 0x00, 0x86, 0x00,
  0x20, 0x00, 0x10, 0x00, 0x00, 0x2E, 0xAA, 0x02, 0x22, 0x1E, 0x00, 0x00, 0x06, 0x00, 0x88, 0x88,
  0x14, 0x00, 0x00, 0xAB, 0x12, 0x21, 0x00, 0x1A, 0x00, 0x00, 0x07, 0x40, 0x08, 0x22, 0x1D, 0x00,
  0x00, 0x25, 0x05, 0x82, 0x08, 0x0A, 0x00, 0x00, 0x47, 0x90, 0x20, 0x00, 0x0E, 0x00, 0x00, 0x9B,
  0x6E, 0x5D, 0xF7, 0x0A, 0x00, 0x00, 0x67, 0x81, 0xA2, 0x08, 0x0B, 0x00, 0x80, 0x2B, 0x7E, 0x4C,
  0x65, 0x0C, 0x00, 0x80, 0xD6, 0x81, 0x33, 0x8A, 0x0B, 0x00, 0x80, 0x25, 0x6E, 0xCC, 0x74, 0x0E,
  0x00, 0x80, 0xDB, 0x10, 0x11, 0x03, 0x09, 0x00, 0x00, 0x27, 0x6B, 0x6B, 0xEC, 0x0E, 0x00, 0x00,
  0xFB, 0xDE, 0xD6, 0x9B, 0x09, 0x00, 0x00, 0xAD, 0xB5, 0xBD, 0x76, 0x0F, 0x00, 0x00, 0x17, 0x00,
  0x00, 0x80, 0x08, 0x00, 0x00, 0x33, 0x02, 0x00, 0xC0, 0x0E, 0x00, 0x00, 0x55, 0x90, 0x04, 0x21,
  0x1A, 0x00, 0x00, 0x07, 0x00, 0x00, 0x08, 0x1D, 0x00, 0x00, 0x8B, 0x04, 0x20, 0x00, 0x14, 0x00,
  0x00, 0x06, 0x40, 0x00, 0x00, 0x14, 0x00, 0x00, 0x4E, 0x00, 0x0C, 0x82, 0x14, 0x00, 0x00, 0x0A,
  0xFF, 0xAB, 0x12, 0x1C, 0x00, 0x00, 0x06, 0x00, 0x50, 0x00, 0x14, 0x00, 0x00, 0x2A, 0x00, 0xC0,
  0x01, 0x18, 0x00, 0x00, 0x0E, 0xD9, 0x38, 0x01, 0x36, 0x00, 0x00, 0x16, 0x28, 0xEC, 0x30, 0x28,
  0x00, 0x00, 0x1E, 0xB4, 0x53, 0x03, 0x28, 0x00, 0x00, 0x14, 0x68, 0xBD, 0x7D, 0x34, 0x00, 0x00,
  0x1C, 0xAD, 0x6A, 0x03, 0x28, 0x00, 0x00, 0x14, 0x58, 0x55, 0x01, 0x28, 0x00, 0x00, 0x1C, 0xA8,
  0xEE, 0x00, 0x38, 0x00, 0x00, 0x14, 0x11, 0x58, 0x20, 0x28, 0x00, 0x00, 0x0C, 0x64, 0xB4, 0x00,
  0x68, 0x00, 0x00, 0x9C, 0x04, 0xDC, 0x43, 0x78, 0x00, 0x00, 0x14, 0x94, 0x34, 0x5C, 0x48, 0x00,
  0x00, 0x0C, 0x04, 0xEC, 0x53, 0x68, 0x00, 0x00, 0x14, 0x59, 0xB4, 0x46, 0x28, 0x00, 0x00, 0x1C,
  0x00, 0xCC, 0x29, 0x28, 0x00, 0x00, 0x14, 0x50, 0x3B, 0x5A, 0x28, 0x00, 0x00, 0x0C, 0x20, 0x00,
  0x00, 0x28, 0x00, 0x00, 0x96, 0x04, 0x00, 0x01, 0x38, 0x00, 0x00, 0x0A, 0x00, 0x00, 0x00, 0x34,
  0x00, 0x00, 0x0E, 0x00, 0x04, 0x00, 0x18, 0x00, 0x00, 0x6A, 0x40, 0x00, 0xC0, 0x15, 0x00, 0x00,
  0x36, 0x09, 0x40, 0x90, 0x14, 0x00, 0x00, 0x07, 0x00, 0x00, 0x00, 0x1A, 0x00, 0x00, 0xE9, 0xF6,
  0xBF, 0xAF, 0x0D, 0x00, 0x80, 0xFF, 0xFF, 0xFF, 0xFF, 0x0F, 0x00, 0x00, 0x00, 0x00, 0x00, 0x00,
  0x00, 0x00, 0x00, 0x00, 0x00, 0x00, 0x00, 0x00, 0x00, 0x00, 0x00, 0x00, 0x00, 0x00, 0x00, 0x00,
  0x00, 0x00, 0x00, 0x00, 0x00, 0x00, 0x00, 0x00, 0xFC, 0xFF, 0xFF, 0xFF, 0x7F, 0x00, 0x00, 0x24,
  0x01, 0x00, 0x00, 0x21, 0x00, 0x00, 0x06, 0x54, 0x55, 0x15, 0x38, 0x00, 0x00, 0x4A, 0x00, 0x00,
  0x40, 0x10, 0x00, 0x00, 0x12, 0x05, 0x01, 0x00, 0x15, 0x00, 0x00, 0x42, 0x50, 0x54, 0x15, 0x10,
  0x00, 0x00, 0x07, 0x02, 0x00, 0x40, 0x10, 0x00, 0x00, 0x51, 0x88, 0x22, 0x00, 0x19, 0x00, 0x00,
  0x05, 0x21, 0x80, 0x14, 0x08, 0x00, 0x00, 0x21, 0x04, 0x09, 0x00, 0x08, 0x00, 0x00, 0x83, 0x10,
  0x20, 0x49, 0x09, 0x00, 0x00, 0x29, 0x40, 0x04, 0x00, 0x08, 0x00, 0x80, 0x01, 0x05, 0x91, 0x04,
  0x0C, 0x00, 0x80, 0x12, 0x10, 0x00, 0xA0, 0x08, 0x00, 0x80, 0x40, 0x42, 0x44, 0x02, 0x08, 0x00,
  0x80, 0x15, 0x08, 0x11, 0x40, 0x08, 0x00, 0x00, 0x81, 0x20, 0x00, 0x09, 0x0A, 0x00, 0x00, 0x13,
  0x02, 0x0A, 0x20, 0x08, 0x00, 0x00, 0x41, 0x68, 0x53, 0x04, 0x08, 0x00, 0x00, 0x05, 0x81, 0x94,
  0x80, 0x0C, 0x00, 0x00, 0x11, 0x74, 0x3F, 0x11, 0x08, 0x00, 0x00, 0x45, 0xAA, 0xC0, 0x42, 0x1A,
  0x00, 0x00, 0x01, 0x90, 0x93, 0x05, 0x10, 0x00, 0x00, 0x93, 0x5E, 0x25, 0x2A, 0x10, 0x00, 0x00,
  0x06, 0xA8, 0x4A, 0x06, 0x11, 0x00, 0x00, 0x22, 0x2F, 0xF8, 0x06, 0x14, 0x00, 0x00, 0x82, 0x6C,
  0x5D, 0x5C, 0x10, 0x00, 0x00, 0x0A, 0x58, 0xF4, 0x06, 0x10, 0x00, 0x00, 0xA2, 0x4A, 0x09, 0x1C,
  0x15, 0x00, 0x00, 0x02, 0x34, 0x53, 0x03, 0x30, 0x00, 0x00, 0x4A, 0x68, 0x0E, 0x26, 0x20, 0x00,
  0x00, 0x06, 0x91, 0xC1, 0x89, 0x28, 0x00, 0x00, 0x14, 0x24, 0xBF, 0x02, 0x22, 0x00, 0x00, 0x44,
  0x40, 0x4A, 0x24, 0x20, 0x00, 0x00, 0x04, 0x91, 0xB2, 0x00, 0x21, 0x00, 0x00, 0x14, 0x04, 0x04,
  0x12, 0x28, 0x00, 0x00, 0x44, 0x40, 0x00, 0x00, 0x20, 0x00, 0x00, 0x04, 0x01, 0x48, 0x20, 0x61,
  0x00, 0x00, 0x14, 0x14, 0x01, 0x02, 0x40, 0x00, 0x00, 0x44, 0x40, 0x44, 0x88, 0x44, 0x00, 0x00,
  0x04, 0x01, 0x00, 0x00, 0x60, 0x00, 0x00, 0x14, 0x24, 0x08, 0x21, 0x22, 0x00, 0x00, 0x44, 0x00,
  0x41, 0x08, 0x20, 0x00, 0x00, 0x04, 0x12, 0x10, 0x80, 0x28, 0x00, 0x00, 0x94, 0x00, 0x01, 0x02,
  0x20, 0x00, 0x00, 0x06, 0x20, 0x44, 0x10, 0x22, 0x00, 0x00, 0x22, 0x04, 0x00, 0x41, 0x30, 0x00,
  0x00, 0x82, 0x90, 0x10, 0x00, 0x10, 0x00, 0x00, 0x0A, 0x02, 0x04, 0x24, 0x14, 0x00, 0x00, 0x22,
  0x00, 0x41, 0x00, 0x11, 0x00, 0x00, 0x03, 0x21, 0x00, 0x11, 0x18, 0x00, 0x00, 0x09, 0x08, 0x08,
  0x00, 0x08, 0x00, 0x80, 0xFF, 0xFF, 0xFF, 0xFF, 0x0F, 0x00, 0x00, 0x00, 0x00, 0x00, 0x00, 0x00,
  0x00, 0x00, 0x00, 0x00, 0x00, 0x00, 0x00, 0x00, 0x00, 0x00, 0x00, 0x00, 0x00, 0x00, 0x00, 0x00,
  0x00, 0x00, 0x00, 0x00, 0x00, 0x00, 0x00, 0xFC, 0xFF, 0xFF, 0xFF, 0x7F, 0x00, 0x00, 0x04, 0xD0,
  0xB6, 0x4D, 0x20, 0x00, 0x00, 0x06, 0xF0, 0xFF, 0x07, 0x3A, 0x00, 0x00, 0x02, 0xF4, 0xFF, 0x96,
  0x10, 0x00, 0x00, 0x42, 0x78, 0xF7, 0x07, 0x14, 0x00, 0x00, 0x02, 0xF8, 0xBF, 0x23, 0x11, 0x00,
  0x00, 0x23, 0xBC, 0xFB, 0x0B, 0x14, 0x00, 0x00, 0x01, 0xF8, 0xFF, 0x41, 0x18, 0x00, 0x00, 0x01,
  0xFE, 0xDF, 0x0B, 0x09, 0x00, 0x00, 0x11, 0xEC, 0xFE, 0x42, 0x0C, 0x00, 0x00, 0x01, 0xFD, 0xF7,
  0x13, 0x08, 0x00, 0x00, 0x01, 0xBC, 0x7F, 0x03, 0x09, 0x00, 0x80, 0x81, 0xFC, 0xFB, 0x49, 0x08,
  0x00, 0x80, 0x10, 0xDC, 0xFF, 0x01, 0x0C, 0x00, 0x80, 0x00, 0xFC, 0xDF, 0x13, 0x09, 0x00, 0x80,
  0x01, 0xFC, 0xFE, 0x42, 0x08, 0x00, 0x00, 0x11, 0xFD, 0xF7, 0x09, 0x08, 0x00, 0x00, 0x01, 0xDC,
  0xFF, 0x23, 0x09, 0x00, 0x00, 0x81, 0xFC, 0xBE, 0x01, 0x08, 0x00, 0x00, 0x01, 0xFC, 0xFF, 0x8B,
  0x0C, 0x00, 0x00, 0x11, 0xBC, 0xF7, 0x23, 0x08, 0x00, 0x00, 0x01, 0xF8, 0xDE, 0x02, 0x18, 0x00,
  0x00, 0x01, 0xF9, 0xFF, 0x93, 0x18, 0x00, 0x00, 0x03, 0xD8, 0xB7, 0x03, 0x12, 0x00, 0x00, 0x22,
  0xF8, 0xFE, 0x26, 0x10, 0x00, 0x00, 0x02, 0xF8, 0xBF, 0x03, 0x11, 0x00, 0x00, 0x02, 0xD9, 0xEB,
  0x26, 0x10, 0x00, 0x00, 0x02, 0xF8, 0xBE, 0x87, 0x14, 0x00, 0x00, 0x22, 0xF0, 0xFF, 0x05, 0x10,
  0x00, 0x00, 0x02, 0xB8, 0x5F, 0x27, 0x30, 0x00, 0x00, 0x02, 0xF2, 0xFB, 0x07, 0x21, 0x00, 0x00,
  0x06, 0xF0, 0xEE, 0x4D, 0x24, 0x00, 0x00, 0x44, 0xF0, 0xFF, 0x07, 0x20, 0x00, 0x00, 0x04, 0x70,
  0x7F, 0x0F, 0x28, 0x00, 0x00, 0x04, 0xF4, 0xF7, 0x4F, 0x21, 0x00, 0x00, 0x04, 0xF0, 0xFF, 0x0B,
  0x24, 0x00, 0x00, 0x44, 0x60, 0xBB, 0x0F, 0x20, 0x00, 0x00, 0x04, 0xF4, 0xFF, 0x4D, 0x60, 0x00,
  0x00, 0x04, 0xE0, 0xFF, 0x0F, 0x49, 0x00, 0x00, 0x04, 0xF0, 0xDB, 0x0F, 0x40, 0x00, 0x00, 0x84,
  0x60, 0xFF, 0x0E, 0x62, 0x00, 0x00, 0x04, 0xF0, 0xFF, 0x47, 0x30, 0x00, 0x00, 0x04, 0xB4, 0xF7,
  0x0F, 0x20, 0x00, 0x00, 0x04, 0xF0, 0xBF, 0x8B, 0x24, 0x00, 0x00, 0x44, 0xF0, 0xFD, 0x0F, 0x20,
  0x00, 0x00, 0x06, 0xF4, 0xFF, 0x26, 0x20, 0x00, 0x00, 0x02, 0xB0, 0xEF, 0x07, 0x39, 0x00, 0x00,
  0x02, 0xF8, 0x7D, 0x07, 0x10, 0x00, 0x00, 0x42, 0xF8, 0xFF, 0x23, 0x14, 0x00, 0x00, 0x02, 0xDC,
  0xF7, 0x87, 0x10, 0x00, 0x00, 0x03, 0xF8, 0xFF, 0x02, 0x18, 0x00, 0x00, 0x01, 0x6C, 0xB5, 0x41,
  0x08, 0x00, 0x80, 0xFF, 0xFF, 0xFF, 0xFF, 0x0F, 0x00, 0x00, 0x00, 0x00, 0x00, 0x00, 0x00, 0x00,
  0x00, 0x00, 0x00, 0x00, 0x00, 0x00, 0x00, 0x00, 0x00, 0x00, 0x00, 0x00, 0x00, 0x00, 0x00, 0x00,
  0x00, 0x00, 0x00, 0x00, 0x00, 0x00, 0xFC, 0xFF, 0xFF, 0xFF, 0x7F, 0x00, 0x00, 0x44, 0x24, 0x08,
  0x04, 0x20, 0x00, 0x00, 0x0E, 0x01, 0x41, 0x80, 0x30, 0x00, 0x00, 0x02, 0x00, 0x00, 0x02, 0x10,
  0x00, 0x00, 0x22, 0x10, 0x00, 0x00, 0x18, 0x00, 0x00, 0x06, 0x84, 0x08, 0x40, 0x10, 0x00, 0x00,
  0x83, 0x00, 0x40, 0x00, 0x10, 0x00, 0x00, 0x01, 0x40, 0x00, 0x00, 0x18, 0x00, 0x00, 0x13, 0x04,
  0x20, 0x08, 0x0C, 0x00, 0x00, 0x81, 0x20, 0x00, 0x00, 0x08, 0x00, 0x00, 0x09, 0x00, 0x04, 0x04,
  0x08, 0x00, 0x00, 0x01, 0x04, 0x00, 0x00, 0x0A, 0x00, 0x80, 0x43, 0x00, 0x40, 0x00, 0x08, 0x00,
  0x80, 0x00, 0x42, 0x00, 0x00, 0x09, 0x00, 0x80, 0x08, 0x00, 0x04, 0x00, 0x08, 0x00, 0x80, 0x41,
  0x20, 0x00, 0x10, 0x08, 0x00, 0x00, 0x03, 0x00, 0x80, 0x00, 0x08, 0x00, 0x00, 0x01, 0x02, 0x02,
  0x00, 0x0C, 0x00, 0x00, 0x11, 0x00, 0x00, 0x00, 0x08, 0x00, 0x00, 0x81, 0x10, 0x01, 0x10, 0x08,
  0x00, 0x00, 0x03, 0x00, 0x00, 0x00, 0x08, 0x00, 0x00, 0x11, 0x08, 0x80, 0x00, 0x1C, 0x00, 0x00,
  0x01, 0x00, 0x0D, 0x00, 0x10, 0x00, 0x00, 0x0B, 0xC1, 0x5B, 0x00, 0x10, 0x00, 0x00, 0x02, 0xB0,
  0xB6, 0x00, 0x11, 0x00, 0x00, 0x82, 0xA8, 0x3D, 0x03, 0x10, 0x00, 0x00, 0x06, 0x5C, 0x42, 0x0D,
  0x10, 0x00, 0x00, 0x02, 0xD0, 0x9D, 0x06, 0x10, 0x00, 0x00, 0x22, 0x20, 0x37, 0x01, 0x10, 0x00,
  0x00, 0x02, 0xC4, 0x9E, 0x00, 0x30, 0x00, 0x00, 0x12, 0x00, 0x20, 0x00, 0x20, 0x00, 0x00, 0x06,
  0x02, 0x04, 0x00, 0x30, 0x00, 0x00, 0x04, 0x00, 0x00, 0x00, 0x20, 0x00, 0x00, 0x14, 0x00, 0x00,
  0x00, 0x24, 0x00, 0x00, 0x04, 0x80, 0x00, 0x00, 0x20, 0x00, 0x00, 0x04, 0x02, 0x00, 0x08, 0x20,
  0x00, 0x00, 0x14, 0x00, 0x00, 0x00, 0x20, 0x00, 0x00, 0x04, 0x01, 0x40, 0x00, 0x60, 0x00, 0x00,
  0x04, 0x80, 0x00, 0x00, 0x60, 0x00, 0x00, 0x84, 0x00, 0x00, 0x00, 0x40, 0x00, 0x00, 0x04, 0x00,
  0x00, 0x00, 0x70, 0x00, 0x00, 0x14, 0x40, 0x00, 0x00, 0x20, 0x00, 0x00, 0x04, 0x00, 0x40, 0x00,
  0x20, 0x00, 0x00, 0x04, 0x00, 0x00, 0x00, 0x20, 0x00, 0x00, 0x04, 0x02, 0x00, 0x00, 0x30, 0x00,
  0x00, 0x06, 0x00, 0x00, 0x00, 0x20, 0x00, 0x00, 0x22, 0x40, 0x00, 0x00, 0x30, 0x00, 0x00, 0x02,
  0x00, 0x40, 0x00, 0x10, 0x00, 0x00, 0x02, 0x00, 0x00, 0x00, 0x10, 0x00, 0x00, 0x02, 0x08, 0x00,
  0x00, 0x18, 0x00, 0x00, 0x03, 0x00, 0x00, 0x00, 0x18, 0x00, 0x00, 0x11, 0x01, 0x20, 0x00, 0x0C,
  0x00, 0x80, 0xFF, 0xFF, 0xFF, 0xFF, 0x0F, 0x00, 0x00, 0x00, 0x00, 0x00, 0x00, 0x00, 0x00, 0x00,
  0x00, 0x00, 0x00, 0x00, 0x00, 0x00, 0x00, 0x00, 0x00, 0x00, 0x00, 0x00, 0x00, 0x00, 0x00, 0x00,
  0x00, 0x00, 0x00, 0x00, 0x00, 0xFC, 0xFF, 0xFF, 0xFF, 0x7F, 0x00, 0x00, 0x24, 0x22, 0x12, 0x44,
  0x38, 0x00, 0x00, 0xAE, 0x88, 0x42, 0x01, 0x36, 0x00, 0x00, 0xE2, 0x22, 0x1E, 0x94, 0x1C, 0x00,
  0x00, 0x7E, 0xC8, 0x87, 0x00, 0x13, 0x00, 0x00, 0xD2, 0x02, 0x2B, 0xA2, 0x16, 0x00, 0x00, 0x17,
  0x50, 0x00, 0xC8, 0x13, 0x00, 0x00, 0x81, 0x06, 0xA9, 0xA0, 0x18, 0x00, 0x00, 0x2B, 0x5C, 0x00,
  0x6A, 0x0A, 0x00, 0x00, 0x81, 0x0F, 0x4A, 0xD0, 0x08, 0x00, 0x00, 0x53, 0x96, 0x00, 0x39, 0x08,
  0x00, 0x00, 0x09, 0x22, 0x14, 0x2C, 0x0A, 0x00, 0x80, 0x8B, 0x80, 0x40, 0x96, 0x08, 0x00, 0x80,
  0x68, 0xAA, 0x15, 0x0A, 0x0A, 0x00, 0x80, 0x3E, 0xC0, 0x83, 0x2D, 0x08, 0x00, 0x80, 0x79, 0x91,
  0x17, 0x87, 0x08, 0x00, 0x00, 0x0B, 0x84, 0xC0, 0x01, 0x0A, 0x00, 0x00, 0x81, 0x20, 0x48, 0x2B,
  0x08, 0x00, 0x00, 0x25, 0x8A, 0xA0, 0x80, 0x08, 0x00, 0x00, 0x93, 0x00, 0xE2, 0x05, 0x0A, 0x00,
  0x00, 0x01, 0xA8, 0xB8, 0x50, 0x08, 0x00, 0x00, 0x55, 0x02, 0x60, 0x00, 0x18, 0x00, 0x00, 0x01,
  0x11, 0x5D, 0x0A, 0x11, 0x00, 0x00, 0x17, 0x40, 0x30, 0x40, 0x10, 0x00, 0x00, 0x42, 0x15, 0x9E,
  0x12, 0x12, 0x00, 0x00, 0x12, 0x80, 0x14, 0x00, 0x10, 0x00, 0x00, 0x86, 0x08, 0x2A, 0x92, 0x10,
  0x00, 0x00, 0x22, 0xA2, 0x8E, 0x00, 0x12, 0x00, 0x00, 0x0A, 0x00, 0x0B, 0x12, 0x10, 0x00, 0x00,
  0xA2, 0x4A, 0x25, 0x40, 0x39, 0x00, 0x00, 0x02, 0x80, 0x83, 0x04, 0x20, 0x00, 0x00, 0x2E, 0xD2,
  0x0A, 0x10, 0x24, 0x00, 0x00, 0x84, 0x40, 0x21, 0x41, 0x20, 0x00, 0x00, 0x14, 0xAA, 0x05, 0x04,
  0x21, 0x00, 0x00, 0x44, 0xE0, 0x40, 0x10, 0x28, 0x00, 0x00, 0x0C, 0x71, 0x12, 0x41, 0x20, 0x00,
  0x00, 0x44, 0x54, 0x00, 0x04, 0x22, 0x00, 0x00, 0x14, 0x38, 0x41, 0x10, 0x70, 0x00, 0x00, 0x84,
  0x16, 0x14, 0x81, 0x40, 0x00, 0x00, 0x14, 0x5C, 0x00, 0x04, 0x42, 0x00, 0x00, 0x44, 0x06, 0x41,
  0x10, 0x70, 0x00, 0x00, 0x14, 0x2B, 0x14, 0x81, 0x20, 0x00, 0x00, 0x84, 0x85, 0x00, 0x08, 0x24,
  0x00, 0x00, 0x54, 0x03, 0x20, 0x42, 0x20, 0x00, 0x00, 0xC4, 0x29, 0x05, 0x00, 0x22, 0x00, 0x00,
  0xAE, 0x00, 0x90, 0x08, 0x20, 0x00, 0x00, 0x72, 0x48, 0x02, 0x20, 0x31, 0x00, 0x00, 0xAA, 0x02,
  0x40, 0x02, 0x10, 0x00, 0x00, 0x1E, 0x90, 0x10, 0x10, 0x10, 0x00, 0x00, 0x4A, 0x00, 0x04, 0x01,
  0x14, 0x00, 0x00, 0x17, 0x25, 0x01, 0x88, 0x18, 0x00, 0x00, 0x03, 0x00, 0x20, 0x00, 0x08, 0x00,
  0x80, 0xFF, 0xFF, 0xFF, 0xFF, 0x0F, 0x00, 0x00, 0x00, 0x00, 0x00, 0x00, 0x00, 0x00, 0x00, 0x00,
  0x00, 0x00, 0x00, 0x00, 0x00, 0x00, 0x00, 0x00, 0x00, 0x00, 0x00, 0x00, 0x00, 0x00, 0x00, 0x00,
  0x00, 0x00, 0x00, 0x00, 0xFC, 0xFF, 0xFF, 0xFF, 0x7F, 0x00, 0x00, 0x24, 0x00, 0x00, 0x00, 0x26,
  0x00, 0x00, 0xC6, 0x00, 0x00, 0x00, 0x31, 0x00, 0x00, 0x42, 0x00, 0x0E, 0x80, 0x10, 0x00, 0x00,
  0xC2, 0x80, 0x11, 0x40, 0x18, 0x00, 0x00, 0x42, 0x40, 0x10, 0x60, 0x10, 0x00, 0x00, 0x87, 0x21,
  0x11, 0x10, 0x12, 0x00, 0x00, 0x81, 0x21, 0x42, 0x28, 0x1C, 0x00, 0x00, 0x11, 0x61, 0x68, 0x08,
  0x09, 0x00, 0x00, 0x05, 0xC3, 0x30, 0x8C, 0x0A, 0x00, 0x00, 0x01, 0x82, 0x1F, 0x02, 0x18, 0x00,
  0x00, 0x13, 0x06, 0x00, 0x42, 0x09, 0x00, 0x80, 0x01, 0x02, 0x00, 0x23, 0x0A, 0x00, 0x80, 0x24,
  0x0C, 0x80, 0x40, 0x09, 0x00, 0x80, 0x00, 0x08, 0x80, 0x91, 0x08, 0x00, 0x80, 0x49, 0x18, 0x40,
  0x20, 0x0A, 0x00, 0x00, 0x03, 0x31, 0xC0, 0x48, 0x09, 0x00, 0x00, 0x11, 0x20, 0x20, 0x90, 0x08,
  0x00, 0x00, 0x41, 0x60, 0x60, 0x24, 0x0A, 0x00, 0x00, 0x05, 0xC2, 0x30, 0x48, 0x09, 0x00, 0x00,
  0x91, 0x00, 0x11, 0x92, 0x08, 0x00, 0x00, 0x01, 0x88, 0x18, 0x24, 0x1A, 0x00, 0x00, 0x25, 0x02,
  0x0B, 0x49, 0x15, 0x00, 0x00, 0x83, 0x00, 0x86, 0x12, 0x10, 0x00, 0x00, 0x0A, 0x04, 0x0C, 0x44,
  0x19, 0x00, 0x00, 0x22, 0x10, 0x44, 0x91, 0x12, 0x00, 0x00, 0x02, 0x01, 0x8C, 0x24, 0x14, 0x00,
  0x00, 0x4A, 0x48, 0x04, 0x4A, 0x11, 0x00, 0x00, 0x02, 0x02, 0x8C, 0x10, 0x14, 0x00, 0x00, 0x12,
  0x00, 0x08, 0x45, 0x39, 0x00, 0x00, 0x42, 0x11, 0x08, 0x92, 0x22, 0x00, 0x00, 0x06, 0x40, 0x98,
  0x28, 0x24, 0x00, 0x00, 0x14, 0x04, 0x08, 0x85, 0x28, 0x00, 0x00, 0x44, 0x00, 0x18, 0x50, 0x21,
  0x00, 0x00, 0x04, 0x49, 0x08, 0x05, 0x2A, 0x00, 0x00, 0x14, 0x00, 0x18, 0x52, 0x24, 0x00, 0x00,
  0x44, 0x24, 0x11, 0x89, 0x22, 0x00, 0x00, 0x04, 0x00, 0x08, 0x24, 0x68, 0x00, 0x00, 0x14, 0x01,
  0x18, 0x92, 0x42, 0x00, 0x00, 0x04, 0x24, 0x10, 0x41, 0x54, 0x00, 0x00, 0x44, 0x80, 0x08, 0x14,
  0x61, 0x00, 0x00, 0x04, 0x02, 0x18, 0x22, 0x2A, 0x00, 0x00, 0x94, 0x10, 0x08, 0x49, 0x21, 0x00,
  0x00, 0x04, 0x80, 0x18, 0x04, 0x34, 0x00, 0x00, 0x04, 0x09, 0x08, 0x51, 0x21, 0x00, 0x00, 0x16,
  0x00, 0x88, 0x24, 0x2A, 0x00, 0x00, 0x42, 0x20, 0x08, 0x82, 0x30, 0x00, 0x00, 0x02, 0x02, 0x04,
  0x29, 0x12, 0x00, 0x00, 0x22, 0x88, 0x4C, 0x84, 0x14, 0x00, 0x00, 0x0A, 0x00, 0x00, 0x51, 0x10,
  0x00, 0x00, 0x83, 0x44, 0x46, 0x0A, 0x1D, 0x00, 0x00, 0x01, 0x00, 0x00, 0x20, 0x08, 0x00, 0x80,
  0xFF, 0xFF, 0xFF, 0xFF, 0x0F, 0x00, 0x00, 0x00, 0x00, 0x00, 0x00, 0x00, 0x00, 0x00, 0x00, 0x00,
  0x00, 0x00, 0x00, 0x00, 0x00, 0x00, 0x00, 0x00, 0x00, 0x00, 0x00, 0x00, 0x00, 0x00, 0x00, 0x00,
  0x00, 0x00, 0x00, 0xFC, 0xFF, 0xFF, 0xFF, 0x7F, 0x00, 0x00, 0xB4, 0xED, 0x8E, 0xFB, 0x3E, 0x00,
  0x00, 0x6E, 0x9B, 0x79, 0x04, 0x31, 0x00, 0x00, 0x9A, 0x64, 0xC6, 0xFF, 0x1F, 0x00, 0x00, 0xF6,
  0xDF, 0xBD, 0x20, 0x10, 0x00, 0x00, 0x1A, 0xB1, 0x4A, 0xDF, 0x1F, 0x00, 0x00, 0xF7, 0x4E, 0xF5,
  0x34, 0x11, 0x00, 0x00, 0x4D, 0xBB, 0x8F, 0xCB, 0x1E, 0x00, 0x00, 0xBB, 0x64, 0x78, 0xBC, 0x09,
  0x00, 0x00, 0xE5, 0xDF, 0xC7, 0x43, 0x0E, 0x00, 0x00, 0x1F, 0xA9, 0x3C, 0xBE, 0x09, 0x00, 0x00,
  0xF5, 0x56, 0xE3, 0x51, 0x0B, 0x00, 0x80, 0xAB, 0xF5, 0x1E, 0xAF, 0x0C, 0x00, 0x80, 0x54, 0x0E,
  0xF1, 0x58, 0x0B, 0x00, 0x80, 0xBF, 0xF9, 0x4F, 0xA7, 0x09, 0x00, 0x80, 0x65, 0x27, 0xB2, 0x5A,
  0x0E, 0x00, 0x00, 0x9B, 0xDD, 0x6D, 0xB5, 0x09, 0x00, 0x00, 0x75, 0xB2, 0x9F, 0x4A, 0x0E, 0x00,
  0x00, 0xCF, 0xCD, 0x76, 0xBD, 0x09, 0x00, 0x00, 0x39, 0x3B, 0x8F, 0x43, 0x0B, 0x00, 0x00, 0xE7,
  0xE4, 0x79, 0xBC, 0x0C, 0x00, 0x00, 0x9D, 0x1F, 0xA6, 0x4B, 0x1B, 0x00, 0x00, 0x73, 0xF0, 0x5B,
  0xB5, 0x12, 0x00, 0x00, 0xCF, 0x4F, 0xB4, 0x4A, 0x15, 0x00, 0x00, 0xBA, 0xB4, 0x4B, 0x75, 0x15,
  0x00, 0x00, 0xD6, 0x6B, 0xBD, 0xFA, 0x1A, 0x00, 0x00, 0xEA, 0x97, 0xC2, 0xDD, 0x15, 0x00, 0x00,
  0xB6, 0x6F, 0x3D, 0x7A, 0x1A, 0x00, 0x00, 0xEE, 0xB0, 0xCB, 0xC5, 0x15, 0x00, 0x00, 0x12, 0x4F,
  0x74, 0x3A, 0x3A, 0x00, 0x00, 0xFE, 0xBA, 0x8B, 0xCD, 0x25, 0x00, 0x00, 0x46, 0x65, 0x7D, 0x32,
  0x3A, 0x00, 0x00, 0xBC, 0x9A, 0xA2, 0xCD, 0x25, 0x00, 0x00, 0x64, 0x67, 0xBD, 0x32, 0x2A, 0x00,
  0x00, 0xDC, 0xBC, 0x5F, 0xED, 0x35, 0x00, 0x00, 0x14, 0x43, 0xFE, 0x12, 0x2A, 0x00, 0x00, 0xF4,
  0xBE, 0x11, 0xED, 0x35, 0x00, 0x00, 0x4C, 0xC9, 0xEE, 0x12, 0x6A, 0x00, 0x00, 0xBC, 0x36, 0x55,
  0xED, 0x55, 0x00, 0x00, 0xC4, 0xCD, 0xAA, 0x52, 0x6A, 0x00, 0x00, 0x3C, 0x32, 0x55, 0xAD, 0x65,
  0x00, 0x00, 0xD4, 0xED, 0xAB, 0x52, 0x3A, 0x00, 0x00, 0xA4, 0x16, 0x54, 0xAD, 0x25, 0x00, 0x00,
  0x5C, 0xE9, 0xBB, 0x52, 0x2A, 0x00, 0x00, 0xE4, 0x36, 0x44, 0xAD, 0x25, 0x00, 0x00, 0x1E, 0xCB,
  0xBB, 0x52, 0x2A, 0x00, 0x00, 0xE6, 0x34, 0x4C, 0xAD, 0x35, 0x00, 0x00, 0x5A, 0xEB, 0xB3, 0x52,
  0x12, 0x00, 0x00, 0xAA, 0x16, 0x4C, 0xAD, 0x15, 0x00, 0x00, 0x56, 0xE9, 0xB3, 0x52, 0x1A, 0x00,
  0x00, 0xAB, 0x17, 0x4E, 0xAD, 0x19, 0x00, 0x00, 0x55, 0xE8, 0x90, 0x02, 0x0A, 0x00, 0x80, 0xFF,
  0xFF, 0xFF, 0xFF, 0x0F, 0x00, 0x00, 0x00, 0x00, 0x00, 0x00, 0x00, 0x00, 0x00, 0x00, 0x00, 0x00,
  0x00, 0x00, 0x00, 0x00, 0x00, 0x00, 0x00, 0x00, 0x00, 0x00, 0x00, 0x00, 0x00, 0x00, 0x00, 0x00,
  0x00, 0x00, 0xFC, 0xFF, 0xFF, 0xFF, 0x7F, 0x00, 0x00, 0x04, 0xA0, 0x52, 0xA5, 0x2A, 0x00, 0x00,
  0xA6, 0x02, 0x25, 0x4A, 0x34, 0x00, 0x00, 0x0A, 0xA8, 0x48, 0x91, 0x12, 0x00, 0x00, 0x02, 0x40,
  0x92, 0x24, 0x19, 0x00, 0x00, 0x52, 0x29, 0x49, 0x4A, 0x12, 0x00, 0x00, 0x03, 0x40, 0x12, 0x91,
  0x14, 0x00, 0x00, 0x05, 0x92, 0xA4, 0x24, 0x19, 0x00, 0x00, 0x51, 0x20, 0x49, 0x92, 0x0C, 0x00,
  0x00, 0x01, 0x89, 0x12, 0x24, 0x09, 0x00, 0x00, 0x25, 0xF0, 0xFF, 0x4A, 0x0A, 0x00, 0x00, 0x01,
  0xBC, 0x56, 0x91, 0x08, 0x00, 0x80, 0x25, 0xEF, 0xBD, 0x27, 0x09, 0x00, 0x80, 0x00, 0xBB, 0xF7,
  0x4B, 0x0A, 0x00, 0x80, 0x84, 0x6D, 0xAD, 0x8E, 0x08, 0x00, 0x80, 0xA1, 0xFF, 0xFF, 0x43, 0x09,
  0x00, 0x00, 0xC5, 0x0A, 0x02, 0x03, 0x0A, 0x00, 0x00, 0x11, 0x01, 0x00, 0x40, 0x08, 0x00, 0x00,
  0xC1, 0x0C, 0x00, 0x82, 0x0A, 0x00, 0x00, 0x85, 0xBF, 0xBF, 0x03, 0x09, 0x00, 0x00, 0x41, 0x6B,
  0x6B, 0x8F, 0x0C, 0x00, 0x00, 0x09, 0xF7, 0xFE, 0x2A, 0x19, 0x00, 0x00, 0x21, 0xDE, 0xD5, 0x4F,
  0x14, 0x00, 0x00, 0x03, 0xB8, 0xBF, 0x02, 0x11, 0x00, 0x00, 0x8A, 0x70, 0xF5, 0x55, 0x1A, 0x00,
  0x00, 0x02, 0xC4, 0x5F, 0xA8, 0x10, 0x00, 0x00, 0x12, 0x00, 0x80, 0x02, 0x12, 0x00, 0x00, 0x82,
  0xA0, 0x22, 0xA4, 0x14, 0x00, 0x00, 0x0A, 0x04, 0x48, 0x4A, 0x12, 0x00, 0x00, 0x42, 0xA0, 0x92,
  0x10, 0x39, 0x00, 0x00, 0x02, 0x42, 0x09, 0x4A, 0x24, 0x00, 0x00, 0x06, 0x00, 0xA4, 0x24, 0x21,
  0x00, 0x00, 0x94, 0xA0, 0x10, 0x91, 0x28, 0x00, 0x00, 0x04, 0x08, 0x45, 0x4A, 0x22, 0x00, 0x00,
  0x04, 0x40, 0x28, 0x04, 0x29, 0x00, 0x00, 0x24, 0x01, 0x85, 0x50, 0x24, 0x00, 0x00, 0x04, 0x48,
  0x22, 0x25, 0x31, 0x00, 0x00, 0x04, 0x80, 0x48, 0x88, 0x64, 0x00, 0x00, 0x24, 0x01, 0x12, 0x25,
  0x62, 0x00, 0x00, 0x04, 0xA0, 0x44, 0x90, 0x48, 0x00, 0x00, 0x04, 0x04, 0x11, 0x45, 0x64, 0x00,
  0x00, 0x24, 0x40, 0x24, 0x28, 0x21, 0x00, 0x00, 0x04, 0x81, 0x42, 0x05, 0x2A, 0x00, 0x00, 0x04,
  0x10, 0x08, 0x50, 0x21, 0x00, 0x00, 0x24, 0x40, 0x51, 0x25, 0x34, 0x00, 0x00, 0x06, 0x02, 0x0A,
  0x10, 0x21, 0x00, 0x00, 0x02, 0xA0, 0x40, 0x45, 0x34, 0x00, 0x00, 0x22, 0x00, 0x15, 0x12, 0x11,
  0x00, 0x00, 0x02, 0x51, 0xA0, 0x48, 0x14, 0x00, 0x00, 0x02, 0x00, 0x0A, 0x04, 0x11, 0x00, 0x00,
  0x13, 0xA8, 0x50, 0x51, 0x1A, 0x00, 0x00, 0x01, 0x00, 0x02, 0x04, 0x08, 0x00, 0x80, 0xFF, 0xFF,
  0xFF, 0xFF, 0x0F, 0x00, 0x00, 0x00, 0x00, 0x00, 0x00, 0x00, 0x00, 0x00, 0x00, 0x00, 0x00, 0x00,
  0x00, 0x00, 0x00, 0x00, 0x00, 0x00, 0x00, 0x00, 0x00, 0x00, 0x00, 0x00, 0x00, 0x00, 0x00, 0x00,
  0x00, 0xFC, 0xFF, 0xFF, 0xFF, 0x7F, 0x00, 0x00, 0xB4, 0x6D, 0x0B, 0x00, 0x20, 0x00, 0x00, 0xFE,
  0xFF, 0x0F, 0x00, 0x30, 0x00, 0x00, 0xDE, 0xFF, 0x05, 0x00, 0x10, 0x00, 0x00, 0xFE, 0xDD, 0x07,
  0x84, 0x10, 0x00, 0x00, 0xFA, 0xFF, 0x06, 0x00, 0x10, 0x00, 0x00, 0x7F, 0xF8, 0x03, 0x41, 0x10,
  0x00, 0x00, 0x5D, 0xE8, 0x03, 0x00, 0x18, 0x00, 0x00, 0x7F, 0xF8, 0x03, 0x20, 0x08, 0x00, 0x00,
  0x55, 0xA8, 0x83, 0x00, 0x08, 0x00, 0x00, 0x03, 0x00, 0x03, 0x10, 0x08, 0x00, 0x00, 0x01, 0x80,
  0x03, 0x00, 0x08, 0x00, 0x80, 0x03, 0x80, 0x01, 0x08, 0x08, 0x00, 0x80, 0x7D, 0xFC, 0x83, 0x00,
  0x08, 0x00, 0x80, 0x3F, 0xF8, 0x01, 0x00, 0x08, 0x00, 0x80, 0x3D, 0xF8, 0x03, 0x00, 0x09, 0x00,
  0x00, 0xFF, 0xBF, 0x83, 0x00, 0x08, 0x00, 0x00, 0xDD, 0xFF, 0x03, 0x10, 0x08, 0x00, 0x00, 0xFF,
  0xF7, 0x02, 0x00, 0x08, 0x00, 0x00, 0xFD, 0xFF, 0x03, 0x08, 0x08, 0x00, 0x00, 0xEF, 0xDE, 0x83,
  0x00, 0x0A, 0x00, 0x00, 0xFF, 0xFF, 0x03, 0x00, 0x18, 0x00, 0x00, 0x01, 0x00, 0x00, 0x00, 0x10,
  0x00, 0x00, 0x03, 0x00, 0x00, 0x10, 0x10, 0x00, 0x00, 0x02, 0x00, 0x00, 0x01, 0x12, 0x00, 0x00,
  0x02, 0x02, 0x10, 0x00, 0x10, 0x00, 0x00, 0x02, 0x80, 0x00, 0x00, 0x10, 0x00, 0x00, 0x42, 0x00,
  0x08, 0x10, 0x10, 0x00, 0x00, 0x02, 0x10, 0x00, 0x00, 0x12, 0x00, 0x00, 0x02, 0x00, 0x04, 0x02,
  0x30, 0x00, 0x00, 0x02, 0x02, 0x00, 0x00, 0x21, 0x00, 0x00, 0x06, 0x00, 0x01, 0x01, 0x20, 0x00,
  0x00, 0x44, 0x00, 0x00, 0x00, 0x20, 0x00, 0x00, 0x04, 0x10, 0x00, 0x40, 0x20, 0x00, 0x00, 0x04,
  0x00, 0x88, 0x00, 0x20, 0x00, 0x00, 0x04, 0x02, 0x00, 0x20, 0x20, 0x00, 0x00, 0x04, 0x80, 0x00,
  0x00, 0x20, 0x00, 0x00, 0x84, 0x00, 0x40, 0x00, 0x60, 0x00, 0x00, 0x04, 0x00, 0x00, 0x10, 0x48,
  0x00, 0x00, 0x04, 0x10, 0x04, 0x00, 0x40, 0x00, 0x00, 0x04, 0x00, 0x00, 0x00, 0x60, 0x00, 0x00,
  0x84, 0x08, 0x02, 0x02, 0x22, 0x00, 0x00, 0x04, 0x00, 0x00, 0x00, 0x20, 0x00, 0x00, 0x04, 0x00,
  0x81, 0x00, 0x20, 0x00, 0x00, 0x04, 0x00, 0x00, 0x40, 0x20, 0x00, 0x00, 0x86, 0x80, 0x00, 0x00,
  0x20, 0x00, 0x00, 0x02, 0x08, 0x40, 0x20, 0x30, 0x00, 0x00, 0x02, 0x00, 0x00, 0x00, 0x10, 0x00,
  0x00, 0x02, 0x00, 0x00, 0x00, 0x10, 0x00, 0x00, 0x82, 0x00, 0x04, 0x00, 0x10, 0x00, 0x00, 0x03,
  0x20, 0x00, 0x02, 0x1A, 0x00, 0x00, 0x01, 0x00, 0x00, 0x00, 0x08, 0x00, 0x80, 0xFF, 0xFF, 0xFF,
  0xFF, 0x0F, 0x00, 0x00, 0x00, 0x00, 0x00, 0x00, 0x00, 0x00, 0x00, 0x00, 0x00, 0x00, 0x00, 0x00,
  0x00, 0x00, 0x00, 0x00, 0x00, 0x00, 0x00, 0x00, 0x00, 0x00, 0x00, 0x00, 0x00, 0x00, 0x00, 0x00,
  0xFC, 0xFF, 0xFF, 0xFF, 0x7F, 0x00, 0x00, 0x04, 0xA8, 0xAA, 0x1A, 0x20, 0x00, 0x00, 0x26, 0xDA,
  0x75, 0x17, 0x30, 0x00, 0x00, 0x82, 0x74, 0xDF, 0x0A, 0x19, 0x00, 0x00, 0x0A, 0xAC, 0xB5, 0x0D,
  0x10, 0x00, 0x00, 0x42, 0xDA, 0x6A, 0x87, 0x10, 0x00, 0x00, 0x13, 0x76, 0xDF, 0x0A, 0x10, 0x00,
  0x00, 0x01, 0xAA, 0xB5, 0x05, 0x18, 0x00, 0x00, 0x45, 0xDE, 0x6E, 0x47, 0x0C, 0x00, 0x00, 0x01,
  0x75, 0xDB, 0x02, 0x08, 0x00, 0x00, 0x11, 0xDA, 0x6D, 0x23, 0x0A, 0x00, 0x00, 0x85, 0x6E, 0xD3,
  0x06, 0x08, 0x00, 0x80, 0x01, 0x5A, 0x2A, 0x01, 0x08, 0x00, 0x80, 0x20, 0xF7, 0xF5, 0x26, 0x08,
  0x00, 0x80, 0x04, 0x0A, 0x00, 0x03, 0x09, 0x00, 0x80, 0x91, 0xDE, 0x52, 0x05, 0x08, 0x00, 0x00,
  0x01, 0x12, 0x04, 0x03, 0x08, 0x00, 0x00, 0x45, 0x4E, 0xD0, 0x46, 0x08, 0x00, 0x00, 0x01, 0x8A,
  0x03, 0x05, 0x08, 0x00, 0x00, 0x09, 0x3E, 0xAD, 0x02, 0x09, 0x00, 0x00, 0x41, 0x8A, 0x09, 0x05,
  0x08, 0x00, 0x00, 0x05, 0x75, 0xF7, 0x26, 0x18, 0x00, 0x00, 0x01, 0xDE, 0x48, 0x02, 0x10, 0x00,
  0x00, 0x93, 0xB4, 0xA6, 0x0D, 0x11, 0x00, 0x00, 0x02, 0x6C, 0x5B, 0x03, 0x10, 0x00, 0x00, 0x0A,
  0xDA, 0xB6, 0x4E, 0x10, 0x00, 0x00, 0x42, 0xB4, 0xED, 0x05, 0x14, 0x00, 0x00, 0x02, 0xDC, 0x36,
  0x0B, 0x10, 0x00, 0x00, 0x12, 0xB4, 0xED, 0x26, 0x12, 0x00, 0x00, 0x82, 0x6C, 0x9B, 0x0D, 0x30,
  0x00, 0x00, 0x02, 0xD8, 0x76, 0x1B, 0x20, 0x00, 0x00, 0x16, 0xB4, 0xCD, 0x06, 0x22, 0x00, 0x00,
  0x84, 0x68, 0xBB, 0x1D, 0x20, 0x00, 0x00, 0x04, 0xB8, 0x6D, 0x13, 0x20, 0x00, 0x00, 0x24, 0x68,
  0xDB, 0x0E, 0x21, 0x00, 0x00, 0x04, 0xD9, 0xA6, 0x19, 0x30, 0x00, 0x00, 0x04, 0xA8, 0x7D, 0x17,
  0x20, 0x00, 0x00, 0x24, 0x78, 0xAB, 0x1A, 0x68, 0x00, 0x00, 0x04, 0xC9, 0xD6, 0x15, 0x41, 0x00,
  0x00, 0x04, 0xB8, 0x6D, 0x0F, 0x40, 0x00, 0x00, 0x24, 0x68, 0xDB, 0x14, 0x60, 0x00, 0x00, 0x04,
  0xD9, 0xB4, 0x1B, 0x30, 0x00, 0x00, 0x04, 0xB0, 0x6F, 0x16, 0x21, 0x00, 0x00, 0x24, 0x6C, 0xDA,
  0x0D, 0x20, 0x00, 0x00, 0x04, 0xD8, 0xA7, 0x1A, 0x28, 0x00, 0x00, 0x06, 0xA9, 0x7C, 0x07, 0x20,
  0x00, 0x00, 0x22, 0x74, 0xCB, 0x8A, 0x30, 0x00, 0x00, 0x02, 0xD8, 0xBD, 0x0D, 0x10, 0x00, 0x00,
  0x12, 0x36, 0x53, 0x0B, 0x14, 0x00, 0x00, 0x02, 0xEC, 0xEE, 0x04, 0x10, 0x00, 0x00, 0x83, 0x5A,
  0xB5, 0x87, 0x18, 0x00, 0x00, 0x01, 0xA6, 0x4A, 0x00, 0x08, 0x00, 0x80, 0xFF, 0xFF, 0xFF, 0xFF,
  0x0F, 0x00, 0x00, 0x00, 0x00, 0x00, 0x00, 0x00, 0x00, 0x00, 0x00, 0x00, 0x00, 0x00, 0x00, 0x00,
  0x00, 0x00, 0x00, 0x00, 0x00, 0x00, 0x00, 0x00, 0x00, 0x00, 0x00, 0x00, 0x00, 0x00, 0x00, 0xFC,
  0xFF, 0xFF, 0xFF, 0x7F, 0x00, 0x00, 0x04, 0xA8, 0xAA, 0x1A, 0x20, 0x00, 0x00, 0x26, 0xDA, 0x75,
  0x17, 0x30, 0x00, 0x00, 0x82, 0x74, 0xDF, 0x0A, 0x19, 0x00, 0x00, 0x0A, 0xAC, 0xB5, 0x0D, 0x10,
  0x00, 0x00, 0x42, 0xDA, 0x6A, 0x87, 0x10, 0x00, 0x00, 0x13, 0x76, 0xDF, 0x0A, 0x10, 0x00, 0x00,
  0x01, 0xAA, 0xB5, 0x05, 0x18, 0x00, 0x00, 0x45, 0xDE, 0x6E, 0x47, 0x0C, 0x00, 0x00, 0x01, 0x75,
  0xDB, 0x02, 0x08, 0x00, 0x00, 0x11, 0xDA, 0x6D, 0x23, 0x0A, 0x00, 0x00, 0x85, 0x6E, 0xD3, 0x06,
  0x08, 0x00, 0x80, 0x01, 0x5A, 0x2A, 0x01, 0x08, 0x00, 0x80, 0x20, 0xF7, 0xF5, 0x26, 0x08, 0x00,
  0x80, 0x04, 0x0A, 0x00, 0x03, 0x09, 0x00, 0x80, 0x91, 0xDE, 0x52, 0x05, 0x08, 0x00, 0x00, 0x01,
  0x12, 0x04, 0x03, 0x08, 0x00, 0x00, 0x45, 0x4E, 0xD0, 0x46, 0x08, 0x00, 0x00, 0x01, 0x8A, 0x03,
  0x05, 0x08, 0x00, 0x00, 0x09, 0x3E, 0xAD, 0x02, 0x09, 0x00, 0x00, 0x41, 0x8A, 0x09, 0x05, 0x08,
  0x00, 0x00, 0x05, 0x75, 0xF7, 0x26, 0x18, 0x00, 0x00, 0x01, 0xDE, 0x48, 0x02, 0x10, 0x00, 0x00,
  0x93, 0xB4, 0xA6, 0x0D, 0x11, 0x00, 0x00, 0x02, 0x6C, 0x5B, 0x03, 0x10, 0x00, 0x00, 0x0A, 0xDA,
  0xB6, 0x4E, 0x10, 0x00, 0x00, 0x42, 0xB4, 0xED, 0x05, 0x14, 0x00, 0x00, 0x02, 0xDC, 0x36, 0x0B,
  0x10, 0x00, 0x00, 0x12, 0xB4, 0xED, 0x26, 0x12, 0x00, 0x00, 0x82, 0x6C, 0x9B, 0x0D, 0x30, 0x00,
  0x00, 0x02, 0xD8, 0x76, 0x1B, 0x20, 0x00, 0x00, 0x16, 0xB4, 0xCD, 0x06, 0x22, 0x00, 0x00, 0x84,
  0x68, 0xBB, 0x1D, 0x20, 0x00, 0x00, 0x04, 0xB8, 0x6D, 0x13, 0x20, 0x00, 0x00, 0x24, 0x68, 0xDB,
  0x0E, 0x21, 0x00, 0x00, 0x04, 0xD9, 0xA6, 0x19, 0x30, 0x00, 0x00, 0x04, 0xA8, 0x7D, 0x17, 0x20,
  0x00, 0x00, 0x24, 0x78, 0xAB, 0x1A, 0x68, 0x00, 0x00, 0x04, 0xC9, 0xD6, 0x15, 0x41, 0x00, 0x00,
  0x04, 0xB8, 0x6D, 0x0F, 0x40, 0x00, 0x00, 0x24, 0x68, 0xDB, 0x14, 0x60, 0x00, 0x00, 0x04, 0xD9,
  0xB4, 0x1B, 0x30, 0x00, 0x00, 0x04, 0xB0, 0x6F, 0x16, 0x21, 0x00, 0x00, 0x24, 0x6C, 0xDA, 0x0D,
  0x20, 0x00, 0x00, 0x04, 0xD8, 0xA7, 0x1A, 0x28, 0x00, 0x00, 0x06, 0xA9, 0x7C, 0x07, 0x20, 0x00,
  0x00, 0x22, 0x74, 0xCB, 0x8A, 0x30, 0x00, 0x00, 0x02, 0xD8, 0xBD, 0x0D, 0x10, 0x00, 0x00, 0x12,
  0x36, 0x53, 0x0B, 0x14, 0x00, 0x00, 0x02, 0xEC, 0xEE, 0x04, 0x10, 0x00, 0x00, 0x83, 0x5A, 0xB5,
  0x87, 0x18, 0x00, 0x00, 0x01, 0xA6, 0x4A, 0x00, 0x08, 0x00, 0x80, 0xFF, 0xFF, 0xFF, 0xFF, 0x0F,
  0x00, 0x00, 0x00, 0x00, 0x00, 0x00, 0x00, 0x00, 0x00, 0x00, 0x00, 0x00, 0x00, 0x00, 0x00, 0x00,
  0x00, 0x00, 0x00, 0x00, 0x00, 0x00, 0x00, 0x00, 0x00, 0x00, 0x00, 0x00, 0x00, 0x00, 0x00, 0x00,
  0x00, 0x00, 0x00, 0x00, 0x00, 0x00, 0x00, 0x00, 0x00, 0x00, 0x00, 0x00, 0x00, 0x00, 0x00, 0x00,
  0x00, 0x00, 0x00, 0x00, 0x00, 0x00, 0x00, 0x00, 0x00, 0x00, 0x00, 0x00, 0x00, 0x00, 0x00, 0x00,
  0x00, 0x00, 0x00, 0x00, 0x00, 0x00, 0x00, 0x00, 0xFC, 0xFF, 0xFF, 0xFF, 0x7F, 0x00, 0x00, 0x04,
  0x00, 0x00, 0x00, 0x20, 0x00, 0x00, 0x06, 0x10, 0x20, 0x40, 0x30, 0x00, 0x00, 0x42, 0x82, 0x04,
  0x09, 0x12, 0x00, 0x00, 0x12, 0x00, 0x00, 0x00, 0x10, 0x00, 0x00, 0x03, 0x48, 0x90, 0x20, 0x19,
  0x00, 0x00, 0x09, 0x01, 0x02, 0x00, 0x08, 0x00, 0x00, 0x01, 0x00, 0x00, 0x04, 0x08, 0x00, 0x00,
  0x41, 0xC4, 0x9F, 0x20, 0x09, 0x00, 0x80, 0x09, 0xE0, 0x1F, 0x00, 0x08, 0x00, 0x80, 0x00, 0xC2,
  0x1F, 0x04, 0x08, 0x00, 0x80, 0x45, 0xC0, 0x8E, 0x20, 0x09, 0x00, 0x00, 0x01, 0xD0, 0x1F, 0x00,
  0x08, 0x00, 0x00, 0x01, 0x42, 0x57, 0x84, 0x08, 0x00, 0x00, 0x49, 0xC0, 0x1F, 0x00, 0x08, 0x00,
  0x00, 0x01, 0x80, 0x3F, 0x10, 0x08, 0x00, 0x00, 0x01, 0xD5, 0x97, 0x02, 0x19, 0x00, 0x00, 0xCB,
  0xFF, 0xFE, 0x3F, 0x10, 0x00, 0x00, 0x82, 0xFF, 0xFF, 0x3F, 0x10, 0x00, 0x00, 0x82, 0xDB, 0xF7,
  0x3E, 0x12, 0x00, 0x00, 0x12, 0xFF, 0xFE, 0x37, 0x10, 0x00, 0x00, 0x02, 0xFF, 0xBF, 0x3F, 0x10,
  0x00, 0x00, 0x42, 0xEF, 0xFB, 0x7B, 0x18, 0x00, 0x00, 0x02, 0xFF, 0xDF, 0x7F, 0x32, 0x00, 0x00,
  0x16, 0x00, 0x7F, 0x00, 0x20, 0x00, 0x00, 0x04, 0x01, 0x6E, 0x00, 0x21, 0x00, 0x00, 0x04, 0x40,
  0x7F, 0x24, 0x20, 0x00, 0x00, 0x24, 0x08, 0xFE, 0x00, 0x28, 0x00, 0x00, 0x04, 0x01, 0x6E, 0x00,
  0x21, 0x00, 0x00, 0x04, 0x40, 0xFE, 0x24, 0x60, 0x00, 0x00, 0x24, 0x08, 0x7E, 0x00, 0x44, 0x00,
  0x00, 0x04, 0x01, 0xDE, 0x10, 0x60, 0x00, 0x00, 0x04, 0x40, 0xFF, 0x80, 0x20, 0x00, 0x00, 0x24,
  0x08, 0x00, 0x04, 0x24, 0x00, 0x00, 0x04, 0x01, 0x00, 0x00, 0x20, 0x00, 0x00, 0x06, 0x40, 0x10,
  0x91, 0x30, 0x00, 0x00, 0x42, 0x10, 0x02, 0x00, 0x14, 0x00, 0x00, 0x12, 0x02, 0x88, 0x08, 0x10,
  0x00, 0x00, 0x03, 0x00, 0x00, 0x40, 0x18, 0x00, 0x00, 0x01, 0x41, 0x04, 0x00, 0x08, 0x00, 0x80,
  0xFF, 0xFF, 0xFF, 0xFF, 0x0F, 0x00, 0x00, 0x00, 0x00, 0x00, 0x00, 0x00, 0x00, 0x00, 0x00, 0x00,
  0x00, 0x00, 0x00, 0x00, 0x00, 0x00, 0x00, 0x00, 0x00, 0x00, 0x00, 0x00, 0x00, 0x00, 0x00, 0x00,
  0x00, 0x00, 0x00, 0x00, 0x00, 0x00, 0x00, 0x00, 0x00, 0x00, 0x00, 0x00, 0x00, 0x00, 0x00, 0x00,
  0x00, 0x00, 0x00, 0x00, 0x00, 0x00, 0x00, 0x00, 0x00, 0x00, 0x00, 0x00, 0x00, 0x00, 0x00, 0x00,
  0x00, 0x00, 0x00, 0x00, 0x00, 0x00, 0x00, 0x00, 0x00, 0x00, 0x00, 0x00, 0x00, 0xFC, 0xFF, 0xFF,
  0xFF, 0x7F, 0x00, 0x00, 0x44, 0xC0, 0x80, 0x02, 0x36, 0x00, 0x00, 0x46, 0xE0, 0xAA, 0x03, 0x3F,
  0x00, 0x00, 0xD6, 0x68, 0x80, 0x81, 0x13, 0x00, 0x00, 0xCE, 0x60, 0xC1, 0xC1, 0x13, 0x00, 0x00,
  0x8A, 0x30, 0xE8, 0xE0, 0x11, 0x00, 0x00, 0x9F, 0x71, 0xC2, 0xF0, 0x18, 0x00, 0x00, 0x1F, 0xB1,
  0xC0, 0x78, 0x1C, 0x00, 0x00, 0x3D, 0x33, 0xE8, 0x3C, 0x0A, 0x00, 0x00, 0x5D, 0x32, 0xE2, 0x1C,
  0x0B, 0x00, 0x00, 0x79, 0xB6, 0xA0, 0xCE, 0x09, 0x00, 0x00, 0x79, 0x3C, 0xE4, 0x8F, 0x08, 0x00,
  0x80, 0xF1, 0x38, 0xD0, 0x63, 0x08, 0x00, 0x80, 0xE0, 0x39, 0xE1, 0x27, 0x08, 0x00, 0x80, 0x68,
  0x33, 0xE4, 0x32, 0x08, 0x00, 0x80, 0xC1, 0x33, 0xD0, 0x11, 0x08, 0x00, 0x00, 0x81, 0x37, 0xE1,
  0x0C, 0x08, 0x00, 0x00, 0x01, 0x3F, 0xE8, 0x08, 0x08, 0x00, 0x00, 0x89, 0x3E, 0xC2, 0x04, 0x08,
  0x00, 0x00, 0x01, 0x5E, 0xE0, 0x06, 0x08, 0x00, 0x00, 0x01, 0x3C, 0xC8, 0x02, 0x08, 0x00, 0x00,
  0x01, 0x78, 0xC2, 0x01, 0x18, 0x00, 0x00, 0xFF, 0x7F, 0xE0, 0xFF, 0x1F, 0x00, 0x00, 0xFF, 0x5F,
  0xC0, 0xFF, 0x1B, 0x00, 0x00, 0x02, 0x00, 0x0A, 0x00, 0x10, 0x00, 0x00, 0x02, 0x40, 0x00, 0x00,
  0x10, 0x00, 0x00, 0x8A, 0x08, 0x20, 0x00, 0x10, 0x00, 0x00, 0x22, 0x22, 0x82, 0x24, 0x19, 0x00,
  0x00, 0x02, 0x00, 0x08, 0x00, 0x10, 0x00, 0x00, 0xFE, 0xFF, 0xC0, 0xFF, 0x3F, 0x00, 0x00, 0xFE,
  0xFF, 0x84, 0xFF, 0x3F, 0x00, 0x00, 0x06, 0xD0, 0xA0, 0x03, 0x20, 0x00, 0x00, 0x04, 0xD0, 0x00,
  0x0F, 0x20, 0x00, 0x00, 0x04, 0xE8, 0x84, 0x1F, 0x20, 0x00, 0x00, 0x04, 0xCC, 0x10, 0x1F, 0x20,
  0x00, 0x00, 0x04, 0xC4, 0x81, 0x3B, 0x20, 0x00, 0x00, 0x04, 0xE6, 0x08, 0x7B, 0x20, 0x00, 0x00,
  0x04, 0xF3, 0x41, 0xF3, 0x60, 0x00, 0x00, 0x04, 0x71, 0x01, 0xE3, 0x40, 0x00, 0x00, 0x84, 0xF9,
  0x08, 0xE7, 0x41, 0x00, 0x00, 0xC4, 0xDC, 0x41, 0xC7, 0x63, 0x00, 0x00, 0x44, 0xFC, 0x00, 0x8B,
  0x23, 0x00, 0x00, 0x24, 0xCE, 0x09, 0x9B, 0x27, 0x00, 0x00, 0x34, 0xCF, 0x40, 0x13, 0x2F, 0x00,
  0x00, 0x94, 0xC7, 0x84, 0x23, 0x2F, 0x00, 0x00, 0x8E, 0xE3, 0x20, 0x23, 0x2E, 0x00, 0x00, 0xE6,
  0xC1, 0x80, 0x61, 0x3E, 0x00, 0x00, 0xE2, 0xE1, 0x80, 0x41, 0x1C, 0x00, 0x00, 0xFA, 0x60, 0xA4,
  0x41, 0x14, 0x00, 0x00, 0x3A, 0x60, 0xC0, 0xC1, 0x1C, 0x00, 0x00, 0x3F, 0x30, 0xC2, 0x80, 0x18,
  0x00, 0x00, 0x17, 0x30, 0x60, 0x80, 0x08, 0x00, 0x80, 0xFF, 0xFF, 0xFF, 0xFF, 0x0F, 0x00, 0x00,
  0x00, 0x00, 0x00, 0x00, 0x00, 0x00, 0x00, 0x00, 0x00, 0x00, 0x00, 0x00, 0x00, 0x00, 0x00, 0x00,
  0x00, 0x00, 0x00, 0x00, 0x00, 0x00, 0x00, 0x00, 0x00, 0x00, 0x00, 0x00, 0xFC, 0xFF, 0xFF, 0xFF,
  0x7F, 0x00, 0x00, 0x8C, 0x91, 0xA2, 0xA8, 0x28, 0x00, 0x00, 0x76, 0x2E, 0x5D, 0x15, 0x33, 0x00,
  0x00, 0x8A, 0xD0, 0x80, 0x68, 0x14, 0x00, 0x00, 0x66, 0x0B, 0x77, 0x87, 0x19, 0x00, 0x00, 0x9A,
  0x74, 0x08, 0x28, 0x12, 0x00, 0x00, 0x23, 0x89, 0xD3, 0x52, 0x15, 0x00, 0x00, 0xDF, 0x26, 0x2C,
  0xA5, 0x18, 0x00, 0x00, 0x01, 0xD9, 0x42, 0x0A, 0x0D, 0x00, 0x00, 0xFD, 0x24, 0x99, 0xB4, 0x0A,
  0x00, 0x00, 0x03, 0x4B, 0x66, 0x41, 0x08, 0x00, 0x00, 0x6D, 0xB0, 0x88, 0xAC, 0x0A, 0x00, 0x80,
  0x91, 0x47, 0x35, 0x13, 0x0D, 0x00, 0x80, 0x2E, 0x98, 0x42, 0xC8, 0x08, 0x00, 0x80, 0x50, 0x63,
  0xAC, 0x16, 0x0A, 0x00, 0x80, 0xAD, 0x8C, 0x11, 0xA1, 0x0C, 0x00, 0x00, 0x23, 0x31, 0x66, 0x4A,
  0x09, 0x00, 0x00, 0xCD, 0xCA, 0x88, 0x95, 0x0A, 0x00, 0x00, 0xFF, 0xFF, 0xFF, 0xFF, 0x0F, 0x00,
  0x00, 0x7F, 0x7F, 0xFF, 0xEE, 0x0D, 0x00, 0x00, 0xFD, 0xF7, 0xFF, 0xFF, 0x0F, 0x00, 0x00, 0xEF,
  0xFF, 0x6F, 0xF7, 0x1E, 0x00, 0x00, 0x7F, 0xFB, 0xFD, 0xFF, 0x1F, 0x00, 0x00, 0xFF, 0xBF, 0xFF,
  0xFB, 0x1B, 0x00, 0x00, 0xDE, 0xFF, 0xDF, 0xBF, 0x1F, 0x00, 0x00, 0xFA, 0xF7, 0xFB, 0xFE, 0x15,
  0x00, 0x00, 0xFE, 0x7E, 0xFF, 0xFF, 0x1F, 0x00, 0x00, 0xDE, 0xFF, 0xDF, 0xB7, 0x17, 0x00, 0x00,
  0xFA, 0xEF, 0xFD, 0xFF, 0x1F, 0x00, 0x00, 0xFE, 0xFD, 0xEF, 0xDE, 0x3D, 0x00, 0x00, 0xBE, 0xBF,
  0xFF, 0xFF, 0x2F, 0x00, 0x00, 0xF6, 0xFF, 0x7D, 0xF7, 0x3E, 0x00, 0x00, 0xFC, 0xED, 0xFF, 0xFF,
  0x2F, 0x00, 0x00, 0xDC, 0xFF, 0xDE, 0xBF, 0x3F, 0x00, 0x00, 0xFC, 0xFF, 0xFF, 0xFF, 0x6F, 0x00,
  0x00, 0x24, 0x11, 0x45, 0x80, 0x30, 0x00, 0x00, 0xDC, 0xEE, 0xBA, 0x7F, 0x2F, 0x00, 0x00, 0xA4,
  0x12, 0x45, 0x80, 0x60, 0x00, 0x00, 0x5C, 0xED, 0xBA, 0x3E, 0x5B, 0x00, 0x00, 0xA4, 0x12, 0x45,
  0xC1, 0x64, 0x00, 0x00, 0x5C, 0xED, 0xBA, 0x1E, 0x69, 0x00, 0x00, 0xA4, 0x12, 0x45, 0xE0, 0x36,
  0x00, 0x00, 0x5C, 0xED, 0xBA, 0x1F, 0x29, 0x00, 0x00, 0xA4, 0x13, 0x45, 0xA0, 0x24, 0x00, 0x00,
  0x54, 0xEC, 0x9A, 0x5B, 0x2B, 0x00, 0x00, 0xAE, 0x13, 0x65, 0xA4, 0x24, 0x00, 0x00, 0x52, 0xEC,
  0x2A, 0x4B, 0x39, 0x00, 0x00, 0xAE, 0x13, 0xD5, 0x34, 0x16, 0x00, 0x00, 0x52, 0xEC, 0x22, 0xC3,
  0x11, 0x00, 0x00, 0xAE, 0x13, 0x5D, 0x3C, 0x1A, 0x00, 0x00, 0x53, 0xEC, 0xA2, 0x41, 0x1D, 0x00,
  0x00, 0x4D, 0x15, 0x54, 0xAA, 0x08, 0x00, 0x80, 0xFF, 0xFF, 0xFF, 0xFF, 0x0F, 0x00, 0x00, 0x00,
  0x00, 0x00, 0x00, 0x00, 0x00, 0x00, 0x00, 0x00, 0x00, 0x00, 0x00, 0x00, 0x00, 0x00, 0x00, 0x00,
  0x00, 0x00, 0x00, 0x00, 0x00, 0x00, 0x00, 0x00, 0x00, 0x00, 0x00, 0xFC, 0xFF, 0xFF, 0xFF, 0x7F,
  0x00, 0x00, 0xB4, 0x6D, 0xDB, 0xB6, 0x2D, 0x00, 0x00, 0x7E, 0xFF, 0xFF, 0xFF, 0x3F, 0x00, 0x00,
  0xDE, 0xBE, 0x7F, 0xDF, 0x17, 0x00, 0x00, 0xBE, 0xFF, 0xFB, 0xFF, 0x1D, 0x00, 0x00, 0xD2, 0xF2,
  0xDF, 0xFB, 0x17, 0x00, 0x00, 0x3F, 0x7F, 0xFF, 0xDF, 0x1F, 0x00, 0x00, 0xC9, 0xEA, 0xFF, 0xFE,
  0x1B, 0x00, 0x00, 0x7F, 0xFF, 0xDB, 0xEF, 0x0E, 0x00, 0x00, 0x5D, 0x7F, 0xFF, 0xFF, 0x0B, 0x00,
  0x00, 0xFF, 0xF7, 0xFF, 0xFD, 0x0F, 0x00, 0x00, 0x5D, 0xFF, 0xBB, 0xDF, 0x0B, 0x00, 0x80, 0xFF,
  0xBB, 0xFF, 0xFF, 0x0E, 0x00, 0x80, 0xFD, 0xFF, 0xDD, 0xFB, 0x0B, 0x00, 0x80, 0xDF, 0xFF, 0xFF,
  0xDF, 0x0F, 0x00, 0x80, 0xFD, 0xEE, 0xFF, 0xFE, 0x0B, 0x00, 0x00, 0xFF, 0x7F, 0xF7, 0x7F, 0x0F,
  0x00, 0x00, 0xDD, 0xFB, 0xBF, 0xF7, 0x0B, 0x00, 0x00, 0xFF, 0xFF, 0xFD, 0xBF, 0x0F, 0x00, 0x00,
  0xFD, 0xDE, 0xFF, 0xFE, 0x0F, 0x00, 0x00, 0xEF, 0xFF, 0xF7, 0xEF, 0x0D, 0x00, 0x00, 0xFF, 0x7B,
  0xBF, 0xFF, 0x1F, 0x00, 0x00, 0xF7, 0xFF, 0xFB, 0x7B, 0x17, 0x00, 0x00, 0x7F, 0xDF, 0xFF, 0xFF,
  0x1B, 0x00, 0x00, 0xFA, 0xFB, 0x7D, 0xDF, 0x1F, 0x00, 0x00, 0xFE, 0xFF, 0xFF, 0xFF, 0x17, 0x00,
  0x00, 0x4A, 0x55, 0x8A, 0x52, 0x14, 0x00, 0x00, 0x12, 0x00, 0x21, 0x00, 0x11, 0x00, 0x00, 0x02,
  0x08, 0x00, 0x00, 0x10, 0x00, 0x00, 0x4A, 0x81, 0x10, 0x92, 0x30, 0x00, 0x00, 0x02, 0x24, 0x84,
  0x00, 0x28, 0x00, 0x00, 0x06, 0x00, 0x00, 0x08, 0x20, 0x00, 0x00, 0x54, 0x41, 0x22, 0x40, 0x22,
  0x00, 0x00, 0x04, 0x04, 0x00, 0x02, 0x20, 0x00, 0x00, 0x04, 0x10, 0x44, 0x10, 0x20, 0x00, 0x00,
  0x54, 0x81, 0x00, 0x80, 0x24, 0x00, 0x00, 0x04, 0x08, 0x10, 0x02, 0x20, 0x00, 0x00, 0x84, 0x40,
  0x82, 0x20, 0x62, 0x00, 0x00, 0x14, 0x04, 0x08, 0x08, 0x60, 0x00, 0x00, 0x44, 0x00, 0x40, 0x00,
  0x40, 0x00, 0x00, 0x04, 0x48, 0x01, 0x42, 0x72, 0x00, 0x00, 0x14, 0x01, 0x08, 0x00, 0x20, 0x00,
  0x00, 0x04, 0x04, 0x40, 0x10, 0x28, 0x00, 0x00, 0x44, 0x20, 0x01, 0x82, 0x20, 0x00, 0x00, 0x14,
  0x02, 0x08, 0x00, 0x24, 0x00, 0x00, 0x06, 0x90, 0x40, 0x10, 0x20, 0x00, 0x00, 0x82, 0x00, 0x04,
  0x82, 0x30, 0x00, 0x00, 0x12, 0x02, 0x20, 0x00, 0x18, 0x00, 0x00, 0x02, 0x20, 0x01, 0x11, 0x10,
  0x00, 0x00, 0x4A, 0x08, 0x00, 0x00, 0x11, 0x00, 0x00, 0x03, 0x01, 0x24, 0x08, 0x18, 0x00, 0x00,
  0x01, 0x40, 0x00, 0x00, 0x08, 0x00, 0x80, 0xFF, 0xFF, 0xFF, 0xFF, 0x0F, 0x00, 0x00, 0x00, 0x00,
  0x00, 0x00, 0x00, 0x00, 0x00, 0x00, 0x00, 0x00, 0x00, 0x00, 0x00, 0x00, 0x00, 0x00, 0x00, 0x00,
  0x00, 0x00, 0x00, 0x00, 0x00, 0x00, 0x00, 0x00, 0x00, 0x00, 0xFC, 0xFF, 0xFF, 0xFF, 0x7F, 0x00,
  0x00, 0x2C, 0xC9, 0xDB, 0x2A, 0x35, 0x00, 0x00, 0x46, 0x72, 0xFF, 0x57, 0x3A, 0x00, 0x00, 0x96,
  0xE8, 0x7F, 0x49, 0x11, 0x00, 0x00, 0x42, 0xE2, 0xF7, 0x93, 0x16, 0x00, 0x00, 0x16, 0xE9, 0xBE,
  0x6D, 0x18, 0x00, 0x00, 0xAB, 0xF4, 0xFF, 0x82, 0x13, 0x00, 0x00, 0x43, 0xF0, 0xF7, 0x39, 0x1C,
  0x00, 0x00, 0x09, 0x75, 0xFF, 0xC6, 0x0A, 0x00, 0x00, 0x53, 0xF8, 0xBF, 0x28, 0x09, 0x00, 0x00,
  0x29, 0xB5, 0xFB, 0x92, 0x0A, 0x00, 0x00, 0x83, 0xF8, 0xFF, 0x66, 0x0C, 0x00, 0x80, 0x15, 0xF2,
  0xDD, 0x98, 0x09, 0x00, 0x80, 0xA2, 0xFC, 0x7F, 0x23, 0x0A, 0x00, 0x80, 0x48, 0xB0, 0xFF, 0xCC,
  0x0C, 0x00, 0x80, 0x13, 0xF5, 0xDB, 0x12, 0x09, 0x00, 0x00, 0x89, 0xF8, 0xFF, 0xAA, 0x0A, 0x00,
  0x00, 0x23, 0x72, 0xEF, 0x54, 0x0C, 0x00, 0x00, 0x49, 0xF9, 0xFF, 0xA2, 0x09, 0x00, 0x00, 0x13,
  0xB4, 0x7B, 0x15, 0x0A, 0x00, 0x00, 0x45, 0xF2, 0xFF, 0xAA, 0x0C, 0x00, 0x00, 0x91, 0xF0, 0xFD,
  0x50, 0x19, 0x00, 0x00, 0x25, 0xF4, 0xDF, 0x87, 0x1A, 0x00, 0x00, 0x4B, 0xE9, 0xFE, 0x38, 0x11,
  0x00, 0x00, 0x06, 0xE2, 0x7F, 0x43, 0x1A, 0x00, 0x00, 0x52, 0xE8, 0xF7, 0x2D, 0x15, 0x00, 0x00,
  0x86, 0xE2, 0xBF, 0xD1, 0x10, 0x00, 0x00, 0x2A, 0xE8, 0xFE, 0x0D, 0x15, 0x00, 0x00, 0x82, 0xE2,
  0xF7, 0x51, 0x12, 0x00, 0x00, 0x2A, 0xE8, 0xFF, 0xA7, 0x3C, 0x00, 0x00, 0x82, 0xD2, 0xBD, 0x49,
  0x32, 0x00, 0x00, 0x2E, 0xC0, 0xFF, 0xA7, 0x24, 0x00, 0x00, 0x44, 0xD5, 0xEF, 0x1A, 0x29, 0x00,
  0x00, 0x0C, 0xC0, 0xFF, 0xA3, 0x32, 0x00, 0x00, 0x54, 0xD5, 0x7D, 0x4B, 0x25, 0x00, 0x00, 0x04,
  0xC0, 0xEF, 0x27, 0x28, 0x00, 0x00, 0xAC, 0xCA, 0xFF, 0x4B, 0x33, 0x00, 0x00, 0x04, 0xE0, 0x7E,
  0xB3, 0x64, 0x00, 0x00, 0x54, 0xC5, 0xF7, 0x07, 0x69, 0x00, 0x00, 0x04, 0xD0, 0xBF, 0x6B, 0x52,
  0x00, 0x00, 0xAC, 0xC2, 0xFD, 0x93, 0x64, 0x00, 0x00, 0x04, 0xD0, 0xDF, 0x27, 0x29, 0x00, 0x00,
  0x24, 0xC5, 0xFE, 0x49, 0x32, 0x00, 0x00, 0x4C, 0xE0, 0xEF, 0x97, 0x25, 0x00, 0x00, 0x04, 0xC9,
  0xFF, 0x23, 0x28, 0x00, 0x00, 0x56, 0xE4, 0x7D, 0x4B, 0x25, 0x00, 0x00, 0x0A, 0xC0, 0xFF, 0x95,
  0x34, 0x00, 0x00, 0x42, 0xF5, 0xEE, 0x23, 0x19, 0x00, 0x00, 0x12, 0xE0, 0xFF, 0x54, 0x12, 0x00,
  0x00, 0x46, 0xF2, 0xF7, 0x89, 0x14, 0x00, 0x00, 0x0B, 0xB9, 0xFF, 0x52, 0x1A, 0x00, 0x00, 0x41,
  0x60, 0xAD, 0x24, 0x09, 0x00, 0x80, 0xFF, 0xFF, 0xFF, 0xFF, 0x0F, 0x00, 0x00, 0x00, 0x00, 0x00,
  0x00, 0x00, 0x00, 0x00, 0x00, 0x00, 0x00, 0x00, 0x00, 0x00, 0x00, 0x00, 0x00, 0x00, 0x00, 0x00,
  0x00, 0x00, 0x00, 0x00, 0x00, 0x00, 0x00, 0x00, 0x00, 0xFC, 0xFF, 0xFF, 0xFF, 0x7F, 0x00, 0x00,
  0x2C, 0x49, 0x41, 0x10, 0x31, 0x00, 0x00, 0x46, 0x92, 0xC1, 0x45, 0x34, 0x00, 0x00, 0x96, 0xC4,
  0xE9, 0x10, 0x12, 0x00, 0x00, 0x22, 0xD1, 0x60, 0xA4, 0x10, 0x00, 0x00, 0x16, 0xE4, 0x60, 0x01,
  0x1A, 0x00, 0x00, 0x4B, 0xD1, 0x60, 0xAA, 0x10, 0x00, 0x00, 0xA3, 0xC4, 0x68, 0x00, 0x1C, 0x00,
  0x00, 0x09, 0x72, 0x70, 0x55, 0x09, 0x00, 0x00, 0x53, 0xE9, 0x30, 0x00, 0x08, 0x00, 0x00, 0x29,
  0x60, 0xB0, 0x2A, 0x0A, 0x00, 0x00, 0x83, 0x6A, 0x30, 0x80, 0x08, 0x00, 0x80, 0x55, 0x64, 0xB2,
  0x12, 0x0A, 0x00, 0x80, 0x02, 0x71, 0x30, 0x48, 0x08, 0x00, 0x80, 0xB9, 0x6A, 0x70, 0x93, 0x0D,
  0x00, 0x80, 0xFF, 0x7F, 0xF0, 0xFF, 0x0B, 0x00, 0x00, 0xFD, 0x7F, 0xF0, 0xFF, 0x0F, 0x00, 0x00,
  0x01, 0x00, 0x02, 0x00, 0x08, 0x00, 0x00, 0x01, 0x00, 0x00, 0x00, 0x08, 0x00, 0x00, 0x01, 0x00,
  0x00, 0x00, 0x08, 0x00, 0x00, 0x01, 0x00, 0x00, 0x00, 0x08, 0x00, 0x00, 0x55, 0x49, 0x90, 0x08,
  0x1A, 0x00, 0x00, 0xFF, 0xFF, 0xE0, 0xFF, 0x1F, 0x00, 0x00, 0xFF, 0xFF, 0xE0, 0xFF, 0x17, 0x00,
  0x00, 0x02, 0xC0, 0x70, 0x00, 0x10, 0x00, 0x00, 0x26, 0xD5, 0x60, 0x22, 0x12, 0x00, 0x00, 0x4A,
  0xC0, 0xE1, 0x88, 0x10, 0x00, 0x00, 0x82, 0xAA, 0x61, 0x22, 0x1A, 0x00, 0x00, 0x16, 0x80, 0xC1,
  0x00, 0x10, 0x00, 0x00, 0xA2, 0xAA, 0xC1, 0xAA, 0x32, 0x00, 0x00, 0x0A, 0x80, 0xC1, 0x00, 0x28,
  0x00, 0x00, 0xA6, 0xAA, 0xC1, 0x14, 0x21, 0x00, 0x00, 0x0C, 0x80, 0xC3, 0x41, 0x28, 0x00, 0x00,
  0x54, 0x55, 0xC3, 0x10, 0x22, 0x00, 0x00, 0x04, 0x80, 0xC3, 0x85, 0x28, 0x00, 0x00, 0xAC, 0x2A,
  0xC3, 0x08, 0x20, 0x00, 0x00, 0x04, 0x80, 0x83, 0xA1, 0x22, 0x00, 0x00, 0x54, 0x15, 0xC3, 0x05,
  0x68, 0x00, 0x00, 0x0C, 0x40, 0x83, 0x21, 0x41, 0x00, 0x00, 0x44, 0x0A, 0x83, 0x09, 0x48, 0x00,
  0x00, 0x94, 0xA0, 0xC3, 0x41, 0x62, 0x00, 0x00, 0x04, 0x0A, 0x83, 0x11, 0x20, 0x00, 0x00, 0xAC,
  0x40, 0xC3, 0x84, 0x2A, 0x00, 0x00, 0x04, 0x94, 0xC3, 0x21, 0x20, 0x00, 0x00, 0x54, 0x81, 0xC1,
  0x08, 0x22, 0x00, 0x00, 0x0E, 0xA8, 0xC1, 0x82, 0x20, 0x00, 0x00, 0x82, 0x82, 0xC1, 0x28, 0x34,
  0x00, 0x00, 0x2A, 0xD0, 0x61, 0x00, 0x11, 0x00, 0x00, 0x02, 0xC5, 0xE0, 0x22, 0x10, 0x00, 0x00,
  0x56, 0x50, 0x61, 0x08, 0x12, 0x00, 0x00, 0x03, 0xE1, 0x60, 0xA0, 0x18, 0x00, 0x00, 0x21, 0xA4,
  0x30, 0x02, 0x08, 0x00, 0x80, 0xFF, 0xFF, 0xFF, 0xFF, 0x0F, 0x00, 0x00, 0x00, 0x00, 0x00, 0x00,
  0x00, 0x00, 0x00, 0x00, 0x00, 0x00, 0x00, 0x00, 0x00, 0x00, 0x00, 0x00, 0x00, 0x00, 0x00, 0x00,
  0x00, 0x00, 0x00, 0x00, 0x00, 0x00, 0x00, 0x00, 0xFC, 0xFF, 0xFF, 0xFF, 0x7F, 0x00, 0x00, 0x24,
  0x95, 0x6D, 0x03, 0x20, 0x00, 0x00, 0x4E, 0xE0, 0xFF, 0x49, 0x34, 0x00, 0x00, 0x12, 0xD5, 0xF7,
  0x01, 0x10, 0x00, 0x00, 0x46, 0xE2, 0xFF, 0x21, 0x12, 0x00, 0x00, 0x92, 0xE8, 0xBD, 0x01, 0x10,
  0x00, 0x00, 0x27, 0xF2, 0xFF, 0x08, 0x11, 0x00, 0x00, 0x89, 0x78, 0xEF, 0x00, 0x18, 0x00, 0x00,
  0x23, 0xF2, 0xFF, 0x40, 0x08, 0x00, 0x00, 0x89, 0xF4, 0xFB, 0x08, 0x08, 0x00, 0x00, 0x23, 0xB9,
  0xBF, 0x00, 0x0A, 0x00, 0x00, 0x49, 0xF0, 0xFD, 0x20, 0x08, 0x00, 0x80, 0x93, 0xFA, 0xDF, 0x00,
  0x08, 0x00, 0x80, 0x08, 0xF8, 0xFF, 0x08, 0x08, 0x00, 0x80, 0xA2, 0xB2, 0x6D, 0x80, 0x08, 0x00,
  0x80, 0x09, 0xF4, 0xFF, 0x00, 0x08, 0x00, 0x00, 0xA3, 0xF8, 0xFF, 0x48, 0x08, 0x00, 0x00, 0x09,
  0x75, 0xDF, 0x00, 0x08, 0x00, 0x00, 0x53, 0xF0, 0xFB, 0x00, 0x08, 0x00, 0x00, 0x05, 0xF5, 0xFF,
  0x00, 0x0A, 0x00, 0x00, 0x21, 0xF0, 0xDF, 0x48, 0x08, 0x00, 0x00, 0x4B, 0x75, 0xFB, 0x00, 0x18,
  0x00, 0x00, 0x01, 0xF0, 0xFF, 0x00, 0x10, 0x00, 0x00, 0x57, 0xF5, 0xEA, 0x08, 0x18, 0x00, 0x00,
  0x02, 0xA0, 0xB6, 0x81, 0x10, 0x00, 0x00, 0x56, 0xF5, 0x6D, 0x01, 0x10, 0x00, 0x00, 0x02, 0x20,
  0xF7, 0x21, 0x10, 0x00, 0x00, 0xAA, 0xEA, 0x4D, 0x01, 0x14, 0x00, 0x00, 0x02, 0x60, 0xFA, 0x11,
  0x10, 0x00, 0x00, 0xAA, 0xE8, 0xD5, 0x01, 0x32, 0x00, 0x00, 0x02, 0xC2, 0x7F, 0x03, 0x20, 0x00,
  0x00, 0x2E, 0xD1, 0xFF, 0x03, 0x20, 0x00, 0x00, 0x04, 0xC4, 0xF7, 0x43, 0x20, 0x00, 0x00, 0x54,
  0xD1, 0xBF, 0x01, 0x24, 0x00, 0x00, 0x0C, 0xC0, 0xFD, 0x03, 0x20, 0x00, 0x00, 0x44, 0xD5, 0xFF,
  0x43, 0x20, 0x00, 0x00, 0x14, 0xC0, 0xEF, 0x03, 0x20, 0x00, 0x00, 0x84, 0xE2, 0x7E, 0x03, 0x64,
  0x00, 0x00, 0x2C, 0xC8, 0xF7, 0x03, 0x40, 0x00, 0x00, 0x04, 0xC1, 0xFF, 0x45, 0x40, 0x00, 0x00,
  0x54, 0xD0, 0xFF, 0x03, 0x60, 0x00, 0x00, 0x04, 0xC5, 0xB6, 0x03, 0x28, 0x00, 0x00, 0x24, 0xE0,
  0xFF, 0x21, 0x20, 0x00, 0x00, 0x8C, 0xC8, 0xFF, 0x03, 0x24, 0x00, 0x00, 0x24, 0xC2, 0x7D, 0x03,
  0x20, 0x00, 0x00, 0x86, 0xD0, 0xEF, 0x03, 0x20, 0x00, 0x00, 0x0A, 0xE4, 0xFF, 0x01, 0x31, 0x00,
  0x00, 0xA2, 0xE0, 0x7E, 0x01, 0x10, 0x00, 0x00, 0x0A, 0xE2, 0xF7, 0x21, 0x10, 0x00, 0x00, 0x42,
  0xE8, 0xFF, 0x00, 0x10, 0x00, 0x00, 0x07, 0xF2, 0xFB, 0x00, 0x18, 0x00, 0x00, 0x91, 0xB0, 0xAE,
  0x00, 0x08, 0x00, 0x80, 0xFF, 0xFF, 0xFF, 0xFF, 0x0F, 0x00, 0x00, 0x00, 0x00, 0x00, 0x00, 0x00,
  0x00, 0x00, 0x00, 0x00, 0x00, 0x00, 0x00, 0x00, 0x00, 0x00, 0x00, 0x00, 0x00, 0x00, 0x00, 0x00,
  0x00, 0x00, 0x00, 0x00, 0x00, 0x00, 0x00, 0xFC, 0xFF, 0xFF, 0xFF, 0x7F, 0x00, 0x00, 0x04, 0x00,
  0x00, 0x00, 0x20, 0x00, 0x00, 0xA6, 0xAA, 0x4A, 0x44, 0x34, 0x00, 0x00, 0x0A, 0x00, 0x00, 0x11,
  0x11, 0x00, 0x00, 0x42, 0x04, 0x24, 0x00, 0x10, 0x00, 0x00, 0x12, 0x51, 0x00, 0x44, 0x10, 0x00,
  0x00, 0x07, 0x00, 0x91, 0x00, 0x12, 0x00, 0x00, 0x41, 0x24, 0x04, 0x10, 0x18, 0x00, 0x00, 0x11,
  0x01, 0x40, 0x42, 0x08, 0x00, 0x00, 0x45, 0x88, 0x04, 0x00, 0x0A, 0x00, 0x00, 0x01, 0x20, 0x10,
  0x89, 0x08, 0x00, 0x00, 0x93, 0x02, 0x01, 0x00, 0x08, 0x00, 0x80, 0x01, 0x08, 0x40, 0x10, 0x09,
  0x00, 0x80, 0x24, 0x41, 0x14, 0x02, 0x08, 0x00, 0x80, 0x00, 0x10, 0x01, 0x48, 0x08, 0x00, 0x80,
  0x49, 0x02, 0x40, 0x00, 0x0A, 0x00, 0x00, 0x03, 0x20, 0x04, 0x21, 0x08, 0x00, 0x00, 0x91, 0x84,
  0x10, 0x04, 0x09, 0x00, 0x00, 0xFF, 0xFF, 0xFF, 0xFF, 0x0F, 0x00, 0x00, 0xFD, 0xFF, 0xFF, 0xFF,
  0x0B, 0x00, 0x00, 0xFF, 0xFB, 0xDF, 0xF7, 0x0F, 0x00, 0x00, 0x6F, 0x7F, 0xFB, 0xFF, 0x1E, 0x00,
  0x00, 0xFF, 0xEF, 0xFF, 0xBE, 0x17, 0x00, 0x00, 0xFF, 0xFF, 0xEF, 0xFF, 0x1B, 0x00, 0x00, 0xDA,
  0xBD, 0x7F, 0xF7, 0x1F, 0x00, 0x00, 0xFE, 0xFF, 0xFD, 0xBF, 0x1D, 0x00, 0x00, 0xEE, 0xEE, 0xFF,
  0xFF, 0x17, 0x00, 0x00, 0xFE, 0xFF, 0x6E, 0xFB, 0x1F, 0x00, 0x00, 0xFA, 0xF7, 0xFF, 0xDF, 0x17,
  0x00, 0x00, 0xBE, 0xFF, 0xF7, 0xFF, 0x3E, 0x00, 0x00, 0xFE, 0xBD, 0xFF, 0xFD, 0x3F, 0x00, 0x00,
  0xF6, 0xFF, 0xBD, 0xEF, 0x37, 0x00, 0x00, 0xDC, 0xEF, 0xFF, 0xFF, 0x2E, 0x00, 0x00, 0xFC, 0xFE,
  0xDE, 0xF7, 0x3F, 0x00, 0x00, 0xFC, 0xFF, 0xFF, 0xFF, 0x2F, 0x00, 0x00, 0x04, 0x00, 0x00, 0x00,
  0x20, 0x00, 0x00, 0x04, 0x00, 0x00, 0x00, 0x20, 0x00, 0x00, 0x44, 0x12, 0x92, 0x08, 0x62, 0x00,
  0x00, 0x14, 0x80, 0x00, 0x40, 0x40, 0x00, 0x00, 0x04, 0x09, 0x08, 0x02, 0x50, 0x00, 0x00, 0x24,
  0x00, 0x41, 0x10, 0x61, 0x00, 0x00, 0x04, 0x20, 0x00, 0x00, 0x28, 0x00, 0x00, 0x14, 0x82, 0x08,
  0x82, 0x20, 0x00, 0x00, 0x84, 0x08, 0x40, 0x10, 0x20, 0x00, 0x00, 0x04, 0x40, 0x00, 0x00, 0x28,
  0x00, 0x00, 0x16, 0x01, 0x12, 0x04, 0x21, 0x00, 0x00, 0x02, 0x08, 0x80, 0x20, 0x30, 0x00, 0x00,
  0x42, 0x20, 0x01, 0x00, 0x10, 0x00, 0x00, 0x12, 0x02, 0x48, 0x04, 0x12, 0x00, 0x00, 0x02, 0x00,
  0x00, 0x40, 0x10, 0x00, 0x00, 0x8B, 0x48, 0x02, 0x02, 0x18, 0x00, 0x00, 0x01, 0x00, 0x40, 0x00,
  0x08, 0x00, 0x80, 0xFF, 0xFF, 0xFF, 0xFF, 0x0F, 0x00, 0x00, 0x00, 0x00, 0x00, 0x00, 0x00, 0x00,
  0x00, 0x00, 0x00, 0x00, 0x00, 0x00, 0x00, 0x00, 0x00, 0x00, 0x00, 0x00, 0x00, 0x00, 0x00, 0x00,
  0x00, 0x00, 0x00, 0x00, 0x00, 0x00, 0xFC, 0xFF, 0xFF, 0xFF, 0x7F, 0x00, 0x00, 0x24, 0x55, 0x55,
  0x51, 0x31, 0x00, 0x00, 0x4E, 0xC0, 0xFF, 0x07, 0x34, 0x00, 0x00, 0x12, 0xF5, 0xAA, 0x90, 0x12,
  0x00, 0x00, 0x46, 0xA2, 0xFF, 0x25, 0x10, 0x00, 0x00, 0x92, 0xE8, 0x55, 0x89, 0x14, 0x00, 0x00,
  0x27, 0x52, 0xFF, 0x22, 0x11, 0x00, 0x00, 0x89, 0xF8, 0x55, 0x09, 0x1A, 0x00, 0x00, 0x23, 0x52,
  0xFF, 0x50, 0x08, 0x00, 0x00, 0x89, 0xF4, 0x55, 0x82, 0x0C, 0x00, 0x00, 0x23, 0x59, 0xFF, 0x14,
  0x09, 0x00, 0x00, 0x49, 0xF0, 0x55, 0x21, 0x08, 0x00, 0x80, 0x93, 0x5A, 0xFF, 0x44, 0x0D, 0x00,
  0x80, 0x08, 0xF0, 0xAA, 0x08, 0x08, 0x00, 0x80, 0xA2, 0xDA, 0xFF, 0x50, 0x09, 0x00, 0x80, 0x09,
  0xB4, 0xAA, 0x02, 0x08, 0x00, 0x00, 0xA3, 0xF0, 0x7F, 0x54, 0x0A, 0x00, 0x00, 0x09, 0x55, 0xD5,
  0x00, 0x08, 0x00, 0x00, 0x53, 0xF0, 0xFF, 0xAA, 0x0C, 0x00, 0x00, 0x05, 0xB5, 0xAA, 0x00, 0x09,
  0x00, 0x00, 0x21, 0xF0, 0xFF, 0x14, 0x08, 0x00, 0x00, 0x4B, 0x55, 0xAD, 0x40, 0x1D, 0x00, 0x00,
  0x01, 0xF0, 0xFB, 0x14, 0x10, 0x00, 0x00, 0x57, 0x55, 0xAF, 0x81, 0x12, 0x00, 0x00, 0x02, 0xE0,
  0x7A, 0x29, 0x18, 0x00, 0x00, 0xAA, 0xEA, 0xEF, 0x01, 0x11, 0x00, 0x00, 0x06, 0xA0, 0x5A, 0x49,
  0x14, 0x00, 0x00, 0xA2, 0xE4, 0xFF, 0x01, 0x11, 0x00, 0x00, 0x0A, 0x52, 0x55, 0x55, 0x14, 0x00,
  0x00, 0xA2, 0xE0, 0xBF, 0x01, 0x30, 0x00, 0x00, 0x0A, 0x4A, 0xF5, 0x4A, 0x25, 0x00, 0x00, 0x56,
  0xE0, 0xAF, 0x03, 0x20, 0x00, 0x00, 0x04, 0x45, 0xFD, 0x52, 0x34, 0x00, 0x00, 0x2C, 0xD0, 0xAB,
  0x03, 0x21, 0x00, 0x00, 0x84, 0x42, 0xFF, 0x12, 0x20, 0x00, 0x00, 0x24, 0xD0, 0xAA, 0x43, 0x35,
  0x00, 0x00, 0x0C, 0xC5, 0xDF, 0x0A, 0x20, 0x00, 0x00, 0x44, 0xA0, 0x7A, 0x23, 0x62, 0x00, 0x00,
  0x14, 0xC2, 0xD7, 0x85, 0x50, 0x00, 0x00, 0xA4, 0xA8, 0xBE, 0x13, 0x44, 0x00, 0x00, 0x04, 0xC2,
  0x75, 0x41, 0x70, 0x00, 0x00, 0x2C, 0x50, 0xEF, 0x17, 0x21, 0x00, 0x00, 0x84, 0xC4, 0x5A, 0x01,
  0x24, 0x00, 0x00, 0x14, 0xC0, 0xBF, 0xA3, 0x70, 0x00, 0x00, 0x44, 0x55, 0xF5, 0x0A, 0x62, 0x00,
  0x00, 0x0E, 0xC0, 0xAF, 0x21, 0x28, 0x00, 0x00, 0x22, 0xD2, 0x7A, 0x83, 0x30, 0x00, 0x00, 0x82,
  0x60, 0xEF, 0x09, 0x12, 0x00, 0x00, 0x2A, 0xAA, 0x5B, 0x21, 0x18, 0x00, 0x00, 0x02, 0xE0, 0xB6,
  0x88, 0x10, 0x00, 0x00, 0x97, 0xB0, 0xFD, 0x02, 0x1A, 0x00, 0x00, 0x01, 0x6A, 0x4B, 0x20, 0x08,
  0x00, 0x80, 0xFF, 0xFF, 0xFF, 0xFF, 0x0F, 0x00, 0x00, 0x00, 0x00, 0x00, 0x00, 0x00, 0x00, 0x00,
  0x00, 0x00, 0x00, 0x00, 0x00, 0x00, 0x00, 0x00, 0x00, 0x00, 0x00, 0x00, 0x00, 0x00, 0x00, 0x00,
  0x00, 0x00, 0x00, 0x00, 0x00, 0xFC, 0xFF, 0xFF, 0xFF, 0x7F, 0x00, 0x00, 0xAC, 0xA4, 0xA8, 0x38,
  0x25, 0x00, 0x00, 0x86, 0x88, 0xE4, 0x1C, 0x37, 0x00, 0x00, 0x2A, 0x13, 0x71, 0x9A, 0x13, 0x00,
  0x00, 0x16, 0x28, 0x71, 0x9C, 0x13, 0x00, 0x00, 0x66, 0x45, 0x76, 0x8E, 0x11, 0x00, 0x00, 0x83,
  0xA8, 0x38, 0x8E, 0x13, 0x00, 0x00, 0x1D, 0x89, 0xB0, 0xCE, 0x19, 0x00, 0x00, 0xA3, 0x22, 0x3A,
  0x86, 0x09, 0x00, 0x00, 0x25, 0x24, 0x3A, 0xEE, 0x09, 0x00, 0x00, 0x8B, 0xC9, 0x38, 0xC7, 0x09,
  0x00, 0x00, 0x11, 0x08, 0x38, 0xC6, 0x09, 0x00, 0x80, 0x6B, 0x23, 0x3B, 0xE7, 0x09, 0x00, 0x80,
  0x00, 0x88, 0x38, 0xC6, 0x09, 0x00, 0x80, 0x9A, 0xAA, 0x38, 0xC7, 0x09, 0x00, 0x80, 0x25, 0x40,
  0x3A, 0xE6, 0x09, 0x00, 0x00, 0xA3, 0x12, 0x38, 0xC7, 0x09, 0x00, 0x00, 0x99, 0xCC, 0x3A, 0xC6,
  0x09, 0x00, 0x00, 0x03, 0x00, 0x18, 0xCE, 0x09, 0x00, 0x00, 0x75, 0x2B, 0xBB, 0xCE, 0x09, 0x00,
  0x00, 0x03, 0x00, 0x38, 0x8E, 0x09, 0x00, 0x00, 0x39, 0xE7, 0x31, 0xCE, 0x19, 0x00, 0x00, 0x39,
  0xC6, 0x79, 0x8E, 0x13, 0x00, 0x00, 0x3F, 0xAF, 0x31, 0x8E, 0x11, 0x00, 0x00, 0x32, 0xC6, 0x71,
  0x8C, 0x13, 0x00, 0x00, 0x3A, 0x8F, 0x79, 0xCE, 0x13, 0x00, 0x00, 0x72, 0xAA, 0x73, 0x1C, 0x13,
  0x00, 0x00, 0x3A, 0x8E, 0x63, 0x9C, 0x13, 0x00, 0x00, 0x72, 0x8D, 0x73, 0x1A, 0x13, 0x00, 0x00,
  0x5A, 0xDC, 0xE3, 0x1C, 0x37, 0x00, 0x00, 0x72, 0x8E, 0x63, 0x98, 0x23, 0x00, 0x00, 0x76, 0x1C,
  0xF3, 0x1C, 0x27, 0x00, 0x00, 0x64, 0x9C, 0xE3, 0x18, 0x27, 0x00, 0x00, 0xF4, 0x1E, 0x67, 0x3A,
  0x27, 0x00, 0x00, 0x64, 0x94, 0xE3, 0x38, 0x27, 0x00, 0x00, 0xF4, 0x1C, 0xC7, 0x38, 0x26, 0x00,
  0x00, 0xE4, 0x58, 0xD3, 0x3A, 0x27, 0x00, 0x00, 0x74, 0x1A, 0xE7, 0x38, 0x66, 0x00, 0x00, 0xE4,
  0x1C, 0xC7, 0x38, 0x4E, 0x00, 0x00, 0xE4, 0x58, 0xE7, 0x3A, 0x46, 0x00, 0x00, 0xF4, 0x1C, 0xC3,
  0x18, 0x67, 0x00, 0x00, 0xE4, 0x98, 0xE7, 0x3C, 0x26, 0x00, 0x00, 0xE4, 0x1C, 0xE7, 0x38, 0x27,
  0x00, 0x00, 0x74, 0x1A, 0xA3, 0x18, 0x23, 0x00, 0x00, 0x64, 0x9C, 0xE7, 0x3C, 0x27, 0x00, 0x00,
  0x76, 0x1C, 0xE3, 0x18, 0x27, 0x00, 0x00, 0x72, 0x8D, 0x63, 0x1C, 0x33, 0x00, 0x00, 0x3A, 0xAC,
  0xF3, 0x9C, 0x13, 0x00, 0x00, 0xB2, 0x8E, 0x31, 0x8C, 0x13, 0x00, 0x00, 0x3A, 0xC6, 0x79, 0x8E,
  0x12, 0x00, 0x00, 0x3B, 0xD7, 0x31, 0xCE, 0x19, 0x00, 0x00, 0x0D, 0x45, 0x28, 0x42, 0x09, 0x00,
  0x80, 0xFF, 0xFF, 0xFF, 0xFF, 0x0F, 0x00, 0x00, 0x00, 0x00, 0x00, 0x00, 0x00, 0x00, 0x00, 0x00,
  0x00, 0x00, 0x00, 0x00, 0x00, 0x00, 0x00, 0x00, 0x00, 0x00, 0x00, 0x00, 0x00, 0x00, 0x00, 0x00,
  0x00, 0x00, 0x00, 0x00, 0xFC, 0xFF, 0xFF, 0xFF, 0x7F, 0x00, 0x00, 0x54, 0x55, 0x94, 0x48, 0x30,
  0x00, 0x00, 0x0E, 0x00, 0x01, 0x02, 0x35, 0x00, 0x00, 0xA2, 0x2A, 0xAA, 0x54, 0x10, 0x00, 0x00,
  0x16, 0x40, 0x01, 0x00, 0x14, 0x00, 0x00, 0x8A, 0x0A, 0x54, 0x45, 0x11, 0x00, 0x00, 0x23, 0x51,
  0x01, 0x10, 0x14, 0x00, 0x00, 0x8B, 0x04, 0x14, 0x49, 0x18, 0x00, 0x00, 0x21, 0x48, 0x41, 0x02,
  0x09, 0x00, 0x00, 0x4B, 0x11, 0x14, 0x50, 0x08, 0x00, 0x00, 0x21, 0x42, 0x81, 0x04, 0x0A, 0x00,
  0x00, 0x8B, 0x14, 0x2A, 0x21, 0x08, 0x00, 0x80, 0x21, 0x40, 0x00, 0x88, 0x0A, 0x00, 0x80, 0x4A,
  0x95, 0xA2, 0x22, 0x08, 0x00, 0x80, 0x20, 0x00, 0x08, 0x00, 0x09, 0x00, 0x80, 0x8B, 0xAA, 0x42,
  0x2A, 0x08, 0x00, 0x00, 0x21, 0x00, 0x28, 0x80, 0x08, 0x00, 0x00, 0x4B, 0x55, 0x81, 0x24, 0x0A,
  0x00, 0x00, 0xFF, 0xFF, 0xFF, 0xFF, 0x0F, 0x00, 0x00, 0xFD, 0xFE, 0xFE, 0xFF, 0x0B, 0x00, 0x00,
  0xFF, 0xEF, 0xFB, 0x7E, 0x0F, 0x00, 0x00, 0x6F, 0x7F, 0xEF, 0xEF, 0x1B, 0x00, 0x00, 0xFF, 0xF7,
  0x33, 0xFF, 0x17, 0x00, 0x00, 0xFF, 0xBF, 0xEE, 0xF7, 0x1F, 0x00, 0x00, 0xDA, 0xDD, 0x99, 0x7E,
  0x1B, 0x00, 0x00, 0xFE, 0x9F, 0x66, 0xFF, 0x17, 0x00, 0x00, 0xEE, 0x2E, 0x98, 0xBA, 0x1F, 0x00,
  0x00, 0xFE, 0x4F, 0xA0, 0xFF, 0x17, 0x00, 0x00, 0xFA, 0x17, 0xA7, 0xDC, 0x1F, 0x00, 0x00, 0xBE,
  0x3F, 0xA8, 0xFF, 0x3D, 0x00, 0x00, 0xFE, 0x7D, 0x74, 0xFF, 0x2F, 0x00, 0x00, 0xF6, 0xFF, 0xDB,
  0xED, 0x37, 0x00, 0x00, 0xDC, 0xEF, 0xF7, 0x7F, 0x3F, 0x00, 0x00, 0xFC, 0x7E, 0x7F, 0xFF, 0x3B,
  0x00, 0x00, 0xFC, 0xFF, 0xFF, 0xFF, 0x3F, 0x00, 0x00, 0x04, 0x00, 0x00, 0x00, 0x20, 0x00, 0x00,
  0x04, 0x00, 0x00, 0x00, 0x20, 0x00, 0x00, 0x44, 0x92, 0x20, 0x08, 0x60, 0x00, 0x00, 0x14, 0x00,
  0x04, 0x81, 0x44, 0x00, 0x00, 0x04, 0x44, 0x10, 0x00, 0x40, 0x00, 0x00, 0x44, 0x00, 0x00, 0x10,
  0x60, 0x00, 0x00, 0x04, 0x11, 0x04, 0x82, 0x20, 0x00, 0x00, 0x14, 0x80, 0x40, 0x00, 0x24, 0x00,
  0x00, 0x04, 0x04, 0x08, 0x10, 0x20, 0x00, 0x00, 0x44, 0x20, 0x00, 0x82, 0x20, 0x00, 0x00, 0x06,
  0x01, 0x41, 0x00, 0x28, 0x00, 0x00, 0x12, 0x08, 0x08, 0x10, 0x30, 0x00, 0x00, 0x02, 0x40, 0x00,
  0x02, 0x11, 0x00, 0x00, 0x22, 0x01, 0x22, 0x00, 0x10, 0x00, 0x00, 0x02, 0x08, 0x00, 0x10, 0x10,
  0x00, 0x00, 0x8B, 0x80, 0x10, 0x81, 0x18, 0x00, 0x00, 0x01, 0x20, 0x00, 0x00, 0x08, 0x00, 0x80,
  0xFF, 0xFF, 0xFF, 0xFF, 0x0F, 0x00, 0x00, 0x00, 0x00, 0x00, 0x00, 0x00, 0x00, 0x00, 0x00, 0x00,
  0x00, 0x00, 0x00, 0x00, 0x00, 0x00, 0x00, 0x00, 0x00, 0x00, 0x00, 0x00, 0x00, 0x00, 0x00, 0x00,
  0x00, 0x00, 0x00, 0xFC, 0xFF, 0xFF, 0xFF, 0x7F, 0x00, 0x00, 0x04, 0x00, 0x00, 0x00, 0x20, 0x00,
  0x00, 0x06, 0x00, 0x00, 0x00, 0x30, 0x00, 0x00, 0x02, 0x00, 0x00, 0x00, 0x10, 0x00, 0x00, 0x02,
  0x00, 0x00, 0x00, 0x10, 0x00, 0x00, 0x02, 0x00, 0x00, 0x00, 0x10, 0x00, 0x00, 0x03, 0x00, 0x00,
  0x00, 0x10, 0x00, 0x00, 0x01, 0x00, 0x00, 0x00, 0x18, 0x00, 0x00, 0x01, 0x00, 0x00, 0x00, 0x08,
  0x00, 0x00, 0x01, 0x00, 0x00, 0x00, 0x08, 0x00, 0x00, 0x01, 0x00, 0x00, 0x00, 0x08, 0x00, 0x00,
  0x01, 0x00, 0x00, 0x00, 0x08, 0x00, 0x80, 0x01, 0x00, 0x00, 0x00, 0x08, 0x00, 0x80, 0x00, 0x00,
  0x00, 0x00, 0x08, 0x00, 0x80, 0x00, 0x20, 0x02, 0x00, 0x08, 0x00, 0x80, 0x01, 0x88, 0xB0, 0x00,
  0x08, 0x00, 0x00, 0x01, 0x14, 0x42, 0x01, 0x08, 0x00, 0x00, 0x01, 0x23, 0x14, 0x00, 0x08, 0x00,
  0x00, 0x01, 0x00, 0xC0, 0x6C, 0x08, 0x00, 0x00, 0x41, 0x09, 0x1F, 0x01, 0x08, 0x00, 0x00, 0x09,
  0xC0, 0x07, 0x9E, 0x08, 0x00, 0x00, 0x81, 0x00, 0xA0, 0x20, 0x18, 0x00, 0x00, 0x21, 0xF4, 0x2F,
  0x95, 0x10, 0x00, 0x00, 0x43, 0x08, 0x40, 0x4C, 0x14, 0x00, 0x00, 0x0A, 0xA0, 0x92, 0x90, 0x10,
  0x00, 0x00, 0x22, 0x41, 0x45, 0x49, 0x10, 0x00, 0x00, 0x82, 0x8A, 0x28, 0x12, 0x14, 0x00, 0x00,
  0x42, 0x40, 0x51, 0x89, 0x10, 0x00, 0x00, 0x12, 0x04, 0x42, 0x50, 0x12, 0x00, 0x00, 0x42, 0xF0,
  0xDD, 0x8A, 0x30, 0x00, 0x00, 0x02, 0x00, 0x02, 0x31, 0x21, 0x00, 0x00, 0x26, 0x81, 0x28, 0x4A,
  0x21, 0x00, 0x00, 0x04, 0x24, 0x0F, 0x50, 0x20, 0x00, 0x00, 0x04, 0x01, 0x7C, 0x2A, 0x28, 0x00,
  0x00, 0x14, 0x04, 0x80, 0x82, 0x21, 0x00, 0x00, 0x44, 0x7D, 0x95, 0x34, 0x29, 0x00, 0x00, 0x0C,
  0x90, 0xA8, 0x0B, 0x20, 0x00, 0x00, 0x54, 0x65, 0x17, 0x44, 0x62, 0x00, 0x00, 0x84, 0x88, 0xE8,
  0x93, 0x48, 0x00, 0x00, 0x2C, 0x22, 0x05, 0x00, 0x42, 0x00, 0x00, 0x84, 0x88, 0x10, 0x29, 0x60,
  0x00, 0x00, 0x54, 0x22, 0x44, 0x80, 0x2A, 0x00, 0x00, 0x0C, 0x48, 0x21, 0x0A, 0x20, 0x00, 0x00,
  0xA4, 0x02, 0x94, 0xA0, 0x28, 0x00, 0x00, 0x0C, 0x54, 0x01, 0x02, 0x22, 0x00, 0x00, 0xA6, 0x00,
  0x50, 0x28, 0x20, 0x00, 0x00, 0x0A, 0x55, 0x05, 0x81, 0x3A, 0x00, 0x00, 0x22, 0x00, 0x20, 0x08,
  0x10, 0x00, 0x00, 0x4A, 0xA5, 0x8A, 0x22, 0x12, 0x00, 0x00, 0x06, 0x08, 0x20, 0x80, 0x10, 0x00,
  0x00, 0x53, 0x21, 0x02, 0x29, 0x18, 0x00, 0x00, 0x05, 0x84, 0x48, 0x00, 0x0A, 0x00, 0x80, 0xFF,
  0xFF, 0xFF, 0xFF, 0x0F, 0x00, 0x00, 0x00, 0x00, 0x00, 0x00, 0x00, 0x00, 0x00, 0x00, 0x00, 0x00,
  0x00, 0x00, 0x00, 0x00, 0x00, 0x00, 0x00, 0x00, 0x00, 0x00, 0x00, 0x00, 0x00, 0x00, 0x00, 0x00,
  0x00, 0x00, 0xFC, 0xFF, 0xFF, 0xFF, 0x7F, 0x00, 0x00, 0x04, 0x00, 0x00, 0x00, 0x20, 0x00, 0x00,
  0x86, 0x40, 0x10, 0x20, 0x30, 0x00, 0x00, 0x02, 0x08, 0x82, 0x04, 0x19, 0x00, 0x00, 0x12, 0x02,
  0x00, 0x00, 0x10, 0x00, 0x00, 0x02, 0x80, 0x20, 0x22, 0x14, 0x00, 0x00, 0x43, 0x10, 0x04, 0x00,
  0x10, 0x00, 0x00, 0x09, 0x02, 0x00, 0x11, 0x19, 0x00, 0x00, 0x01, 0x40, 0x22, 0x00, 0x08, 0x00,
  0x00, 0x41, 0x08, 0x00, 0x88, 0x08, 0x00, 0x00, 0x09, 0x00, 0x10, 0x01, 0x08, 0x00, 0x00, 0x01,
  0x21, 0x02, 0x40, 0x08, 0x00, 0x80, 0x01, 0x00, 0x00, 0x00, 0x08, 0x00, 0x80, 0xFD, 0xBE, 0x7D,
  0xBF, 0x0D, 0x00, 0x80, 0xDF, 0xF7, 0xEF, 0xEF, 0x0F, 0x00, 0x80, 0xFD, 0xFF, 0xFF, 0xFB, 0x0B,
  0x00, 0x00, 0xFF, 0xDF, 0x7B, 0xFF, 0x0E, 0x00, 0x00, 0xDD, 0x16, 0xF2, 0xFF, 0x0B, 0x00, 0x00,
  0xFF, 0x1F, 0xE0, 0xBB, 0x0F, 0x00, 0x00, 0xFD, 0x3F, 0xC1, 0xFF, 0x0F, 0x00, 0x00, 0xEF, 0x06,
  0x00, 0xDF, 0x0D, 0x00, 0x00, 0xFF, 0x1F, 0x08, 0xF8, 0x1F, 0x00, 0x00, 0x77, 0x7F, 0x41, 0xFA,
  0x1B, 0x00, 0x00, 0xFF, 0x40, 0x00, 0xB8, 0x1F, 0x00, 0x00, 0xFA, 0x01, 0x10, 0xF9, 0x15, 0x00,
  0x00, 0x3E, 0x00, 0x02, 0xF8, 0x1F, 0x00, 0x00, 0x1E, 0x48, 0x40, 0x08, 0x18, 0x00, 0x00, 0x7A,
  0x00, 0x08, 0xF8, 0x1F, 0x00, 0x00, 0xBE, 0x03, 0x01, 0xF2, 0x1F, 0x00, 0x00, 0xFE, 0x41, 0x20,
  0xF0, 0x3D, 0x00, 0x00, 0xF6, 0xFF, 0x02, 0xF1, 0x3F, 0x00, 0x00, 0x7E, 0x7F, 0x10, 0x64, 0x2F,
  0x00, 0x00, 0xF4, 0x1B, 0x00, 0xFE, 0x3F, 0x00, 0x00, 0xBC, 0xFF, 0x88, 0xFF, 0x2D, 0x00, 0x00,
  0xFC, 0x7F, 0x80, 0xF7, 0x3F, 0x00, 0x00, 0xFC, 0x77, 0xCC, 0xBE, 0x37, 0x00, 0x00, 0xEC, 0xFE,
  0xFF, 0xFF, 0x3F, 0x00, 0x00, 0xFC, 0xDF, 0xF7, 0xFB, 0x6E, 0x00, 0x00, 0xF4, 0xFF, 0xFF, 0xFF,
  0x7F, 0x00, 0x00, 0xAC, 0x52, 0x29, 0x2A, 0x55, 0x00, 0x00, 0x04, 0x00, 0x84, 0x00, 0x60, 0x00,
  0x00, 0x44, 0x08, 0x00, 0x00, 0x22, 0x00, 0x00, 0x04, 0x00, 0x42, 0x48, 0x20, 0x00, 0x00, 0x24,
  0x44, 0x00, 0x00, 0x20, 0x00, 0x00, 0x04, 0x00, 0x10, 0x02, 0x24, 0x00, 0x00, 0x86, 0x20, 0x02,
  0x90, 0x20, 0x00, 0x00, 0x02, 0x04, 0x80, 0x00, 0x30, 0x00, 0x00, 0x12, 0x00, 0x11, 0x44, 0x14,
  0x00, 0x00, 0x82, 0x20, 0x00, 0x00, 0x10, 0x00, 0x00, 0x02, 0x04, 0x80, 0x20, 0x12, 0x00, 0x00,
  0x13, 0x00, 0x12, 0x04, 0x18, 0x00, 0x00, 0x01, 0x41, 0x00, 0x00, 0x08, 0x00, 0x80, 0xFF, 0xFF,
  0xFF, 0xFF, 0x0F, 0x00, 0x00, 0x00, 0x00, 0x00, 0x00, 0x00, 0x00, 0x00, 0x00, 0x00, 0x00, 0x00,
  0x00, 0x00, 0x00, 0x00, 0x00, 0x00, 0x00, 0x00, 0x00, 0x00, 0x00, 0x00, 0x00, 0x00, 0x00, 0x00,
  0x00, 0xFC, 0xFF, 0xFF, 0xFF, 0x7F, 0x00, 0x00, 0x04, 0x00, 0x00, 0x00, 0x20, 0x00, 0x00, 0x86,
  0x40, 0x10, 0x20, 0x30, 0x00, 0x00, 0x02, 0x08, 0x82, 0x04, 0x19, 0x00, 0x00, 0x12, 0x02, 0x00,
  0x00, 0x10, 0x00, 0x00, 0x02, 0x80, 0x20, 0x22, 0x14, 0x00, 0x00, 0x43, 0x10, 0x04, 0x00, 0x10,
  0x00, 0x00, 0x09, 0x02, 0x00, 0x11, 0x19, 0x00, 0x00, 0x01, 0x40, 0x22, 0x00, 0x08, 0x00, 0x00,
  0x41, 0x08, 0x00, 0x88, 0x08, 0x00, 0x00, 0x09, 0x00, 0x10, 0x01, 0x08, 0x00, 0x00, 0x01, 0x21,
  0x02, 0x40, 0x08, 0x00, 0x80, 0x01, 0x00, 0x00, 0x00, 0x08, 0x00, 0x80, 0xFD, 0xBE, 0x7D, 0xBF,
  0x0D, 0x00, 0x80, 0xDF, 0xF7, 0xEF, 0xEF, 0x0F, 0x00, 0x80, 0xFD, 0xFF, 0xFF, 0xFB, 0x0B, 0x00,
  0x00, 0xFF, 0xDF, 0x7B, 0xFF, 0x0E, 0x00, 0x00, 0xDD, 0x16, 0xF2, 0xFF, 0x0B, 0x00, 0x00, 0xFF,
  0x1F, 0xE0, 0xBB, 0x0F, 0x00, 0x00, 0xFD, 0x3F, 0xC1, 0xFF, 0x0F, 0x00, 0x00, 0xEF, 0x06, 0x00,
  0xDF, 0x0D, 0x00, 0x00, 0xFF, 0x1F, 0x08, 0xF8, 0x1F, 0x00, 0x00, 0x77, 0x7F, 0x41, 0xFA, 0x1B,
  0x00, 0x00, 0xFF, 0x40, 0x00, 0xB8, 0x1F, 0x00, 0x00, 0xFA, 0x01, 0x10, 0xF9, 0x15, 0x00, 0x00,
  0x3E, 0x00, 0x02, 0xF8, 0x1F, 0x00, 0x00, 0x1E, 0x48, 0x40, 0x08, 0x18, 0x00, 0x00, 0x7A, 0x00,
  0x08, 0xF8, 0x1F, 0x00, 0x00, 0xBE, 0x03, 0x01, 0xF2, 0x1F, 0x00, 0x00, 0xFE, 0x41, 0x20, 0xF0,
  0x3D, 0x00, 0x00, 0xF6, 0xFF, 0x02, 0xF1, 0x3F, 0x00, 0x00, 0x7E, 0x7F, 0x10, 0x64, 0x2F, 0x00,
  0x00, 0xF4, 0x1B, 0x00, 0xFE, 0x3F, 0x00, 0x00, 0xBC, 0xFF, 0x88, 0xFF, 0x2D, 0x00, 0x00, 0xFC,
  0x7F, 0x80, 0xF7, 0x3F, 0x00, 0x00, 0xFC, 0x77, 0xCC, 0xBE, 0x37, 0x00, 0x00, 0xEC, 0xFE, 0xFF,
  0xFF, 0x3F, 0x00, 0x00, 0xFC, 0xDF, 0xF7, 0xFB, 0x6E, 0x00, 0x00, 0xF4, 0xFF, 0xFF, 0xFF, 0x7F,
  0x00, 0x00, 0xAC, 0x52, 0x29, 0x2A, 0x55, 0x00, 0x00, 0x04, 0x00, 0x84, 0x00, 0x60, 0x00, 0x00,
  0x44, 0x08, 0x00, 0x00, 0x22, 0x00, 0x00, 0x04, 0x00, 0x42, 0x48, 0x20, 0x00, 0x00, 0x24, 0x44,
  0x00, 0x00, 0x20, 0x00, 0x00, 0x04, 0x00, 0x10, 0x02, 0x24, 0x00, 0x00, 0x86, 0x20, 0x02, 0x90,
  0x20, 0x00, 0x00, 0x02, 0x04, 0x80, 0x00, 0x30, 0x00, 0x00, 0x12, 0x00, 0x11, 0x44, 0x14, 0x00,
  0x00, 0x82, 0x20, 0x00, 0x00, 0x10, 0x00, 0x00, 0x02, 0x04, 0x80, 0x20, 0x12, 0x00, 0x00, 0x13,
  0x00, 0x12, 0x04, 0x18, 0x00, 0x00, 0x01, 0x41, 0x00, 0x00, 0x08, 0x00, 0x80, 0xFF, 0xFF, 0xFF,
  0xFF, 0x0F, 0x00, 0x00, 0x00, 0x00, 0x00, 0x00, 0x00, 0x00, 0x00, 0x00, 0x00, 0x00, 0x00, 0x00,
  0x00, 0x00, 0x00, 0x00, 0x00, 0x00, 0x00, 0x00, 0x00, 0x00, 0x00, 0x00, 0x00, 0x00, 0x00, 0x00,
  0xFC, 0xFF, 0xFF, 0xFF, 0x7F, 0x00, 0x00, 0xAC, 0xA4, 0xA8, 0x38, 0x25, 0x00, 0x00, 0x86, 0x88,
  0xE4, 0x1C, 0x37, 0x00, 0x00, 0x2A, 0x13, 0x71, 0x9A, 0x13, 0x00, 0x00, 0x16, 0x28, 0x71, 0x9C,
  0x13, 0x00, 0x00, 0x66, 0x45, 0x76, 0x8E, 0x11, 0x00, 0x00, 0x83, 0xA8, 0x38, 0x8E, 0x13, 0x00,
  0x00, 0x1D, 0x89, 0xB0, 0xCE, 0x19, 0x00, 0x00, 0xA3, 0x22, 0x3A, 0x86, 0x09, 0x00, 0x00, 0x25,
  0x24, 0x3A, 0xEE, 0x09, 0x00, 0x00, 0x8B, 0xC9, 0x38, 0xC7, 0x09, 0x00, 0x00, 0x11, 0x08, 0x38,
  0xC6, 0x09, 0x00, 0x80, 0x6B, 0x23, 0x3B, 0xE7, 0x09, 0x00, 0x80, 0x00, 0x88, 0x38, 0xC6, 0x09,
  0x00, 0x80, 0x9A, 0xAA, 0x38, 0xC7, 0x09, 0x00, 0x80, 0x25, 0x40, 0x3A, 0xE6, 0x09, 0x00, 0x00,
  0xA3, 0x12, 0x38, 0xC7, 0x09, 0x00, 0x00, 0x99, 0xCC, 0x3A, 0xC6, 0x09, 0x00, 0x00, 0x03, 0x00,
  0x18, 0xCE, 0x09, 0x00, 0x00, 0x75, 0x2B, 0xBB, 0xCE, 0x09, 0x00, 0x00, 0x03, 0x00, 0x38, 0x8E,
  0x09, 0x00, 0x00, 0x39, 0xE7, 0x31, 0xCE, 0x19, 0x00, 0x00, 0x39, 0xC6, 0x79, 0x8E, 0x13, 0x00,
  0x00, 0x3F, 0xAF, 0x31, 0x8E, 0x11, 0x00, 0x00, 0x32, 0xC6, 0x71, 0x8C, 0x13, 0x00, 0x00, 0x3A,
  0x8F, 0x79, 0xCE, 0x13, 0x00, 0x00, 0x72, 0xAA, 0x73, 0x1C, 0x13, 0x00, 0x00, 0x3A, 0x8E, 0x63,
  0x9C, 0x13, 0x00, 0x00, 0x72, 0x8D, 0x73, 0x1A, 0x13, 0x00, 0x00, 0x5A, 0xDC, 0xE3, 0x1C, 0x37,
  0x00, 0x00, 0x72, 0x8E, 0x63, 0x98, 0x23, 0x00, 0x00, 0x76, 0x1C, 0xF3, 0x1C, 0x27, 0x00, 0x00,
  0x64, 0x9C, 0xE3, 0x18, 0x27, 0x00, 0x00, 0xF4, 0x1E, 0x67, 0x3A, 0x27, 0x00, 0x00, 0x64, 0x94,
  0xE3, 0x38, 0x27, 0x00, 0x00, 0xF4, 0x1C, 0xC7, 0x38, 0x26, 0x00, 0x00, 0xE4, 0x58, 0xD3, 0x3A,
  0x27, 0x00, 0x00, 0x74, 0x1A, 0xE7, 0x38, 0x66, 0x00, 0x00, 0xE4, 0x1C, 0xC7, 0x38, 0x4E, 0x00,
  0x00, 0xE4, 0x58, 0xE7, 0x3A, 0x46, 0x00, 0x00, 0xF4, 0x1C, 0xC3, 0x18, 0x67, 0x00, 0x00, 0xE4,
  0x98, 0xE7, 0x3C, 0x26, 0x00, 0x00, 0xE4, 0x1C, 0xE7, 0x38, 0x27, 0x00, 0x00, 0x74, 0x1A, 0xA3,
  0x18, 0x23, 0x00, 0x00, 0x64, 0x9C, 0xE7, 0x3C, 0x27, 0x00, 0x00, 0x76, 0x1C, 0xE3, 0x18, 0x27,
  0x00, 0x00, 0x72, 0x8D, 0x63, 0x1C, 0x33, 0x00, 0x00, 0x3A, 0xAC, 0xF3, 0x9C, 0x13, 0x00, 0x00,
  0xB2, 0x8E, 0x31, 0x8C, 0x13, 0x00, 0x00, 0x3A, 0xC6, 0x79, 0x8E, 0x12, 0x00, 0x00, 0x3B, 0xD7,
  0x31, 0xCE, 0x19, 0x00, 0x00, 0x0D, 0x45, 0x28, 0x42, 0x09, 0x00, 0x80, 0xFF, 0xFF, 0xFF, 0xFF,
  0x0F, 0x00, 0x00, 0x00, 0x00, 0x00, 0x00, 0x00, 0x00, 0x00, 0x00, 0x00, 0x00, 0x00, 0x00, 0x00,
};

const GFXglyph NotoColorEmoji_Regular_LangFlags_20pt7bGlyphs[]PROGMEM = {
// bmpOff,   w,   h,xAdv, xOff, yOff      sequence
  {     0,   57,   54,   57,    0,  -42 },   // seq[0] g0_1772
  {   399,   57,   54,   57,    0,  -42 },   // seq[1] g1_1596
  {   798,   57,   54,   57,    0,  -42 },   // seq[2] g2_1615
  {  1197,   57,   54,   57,    0,  -42 },   // seq[3] g3_1607
  {  1596,   57,   54,   57,    0,  -42 },   // seq[4] g4_1723
  {  1995,   57,   54,   57,    0,  -42 },   // seq[5] g5_1650
  {  2394,   57,   54,   57,    0,  -42 },   // seq[6] g6_1764
  {  2793,   57,   54,   57,    0,  -42 },   // seq[7] g7_1662
  {  3192,   57,   54,   57,    0,  -42 },   // seq[8] g8_1654
  {  3591,   57,   54,   57,    0,  -42 },   // seq[9] g9_1732
  {  3990,   57,   54,   57,    0,  -42 },   // seq[10] g10_1629
  {  4389,   57,   54,   57,    0,  -42 },   // seq[11] g11_1769
  {  4788,   57,   54,   57,    0,  -42 },   // seq[12] g12_1730
  {  5187,   57,   54,   57,    0,  -42 },   // seq[13] g13_1574
  {  5586,   57,   54,   57,    0,  -42 },   // seq[14] g14_1665
  {  5985,   57,   54,   57,    0,  -42 },   // seq[15] g15_1561
  {  6384,   57,   54,   57,    0,  -42 },   // seq[16] g16_1718
  {  6783,   57,   54,   57,    0,  -42 },   // seq[17] g17_1728
  {  7182,   57,   54,   57,    0,  -42 },   // seq[18] g18_1586
  {  7581,   57,   54,   57,    0,  -42 },   // seq[19] g19_1705
  {  7980,   57,   54,   57,    0,  -42 },   // seq[20] g20_1643
  {  8379,   57,   54,   57,    0,  -42 },   // seq[21] g21_1736
  {  8778,   57,   54,   57,    0,  -42 },   // seq[22] g22_1610
  {  9177,   57,   54,   57,    0,  -42 },   // seq[23] g23_1706
  {  9576,   57,   54,   57,    0,  -42 },   // seq[24] g24_1598
  {  9975,   57,   54,   57,    0,  -42 },   // seq[25] g25_1639
  { 10374,   57,   54,   57,    0,  -42 },   // seq[26] g26_1595
  { 10773,   57,   54,   57,    0,  -42 },   // seq[27] g27_1637
  { 11172,   57,   54,   57,    0,  -42 },   // seq[28] g28_1740
  { 11571,   57,   54,   57,    0,  -42 },   // seq[29] g29_1673
  { 11970,   57,   54,   57,    0,  -42 },   // seq[30] g30_1675
  { 12369,   57,   54,   57,    0,  -42 },   // seq[31] g31_1603
  { 12768,   57,   54,   57,    0,  -42 },   // seq[32] g32_1570
  { 13167,   57,   54,   57,    0,  -42 },   // seq[33] g33_1729
  { 13566,   57,   54,   57,    0,  -42 },   // seq[34] g34_1683
  { 13965,   57,   54,   57,    0,  -42 },   // seq[35] g35_1648
  { 14364,   57,   54,   57,    0,  -42 },   // seq[36] g36_1645
  { 14763,   57,   54,   57,    0,  -42 },   // seq[37] g37_1645
  { 15162,   57,   54,   57,    0,  -42 },   // seq[38] g38_1707
  { 15561,   57,   54,   57,    0,  -42 },   // seq[39] g39_1686
  { 15960,   57,   54,   57,    0,  -42 },   // seq[40] g40_1717
  { 16359,   57,   54,   57,    0,  -42 },   // seq[41] g41_1617
  { 16758,   57,   54,   57,    0,  -42 },   // seq[42] g42_1696
  { 17157,   57,   54,   57,    0,  -42 },   // seq[43] g43_1581
  { 17556,   57,   54,   57,    0,  -42 },   // seq[44] g44_1559
  { 17955,   57,   54,   57,    0,  -42 },   // seq[45] g45_1576
  { 18354,   57,   54,   57,    0,  -42 },   // seq[46] g46_1757
  { 18753,   57,   54,   57,    0,  -42 },   // seq[47] g47_1645
  { 19152,   57,   54,   57,    0,  -42 },   // seq[48] g48_1645
  { 19551,   57,   54,   57,    0,  -42 },   // seq[49] g49_1645
  { 19950,   57,   54,   57,    0,  -42 },   // seq[50] g50_1767
  { 20349,   57,   54,   57,    0,  -42 },   // seq[51] g51_1619
  { 20748,   57,   54,   57,    0,  -42 },   // seq[52] g52_1546
  { 21147,   57,   54,   57,    0,  -42 },   // seq[53] g53_1641
  { 21546,   57,   54,   57,    0,  -42 },   // seq[54] g54_1555
  { 21945,   57,   54,   57,    0,  -42 },   // seq[55] g55_1649
  { 22344,   57,   54,   57,    0,  -42 },   // seq[56] g56_1780
  { 22743,   57,   54,   57,    0,  -42 },   // seq[57] g57_1635
  { 23142,   57,   54,   57,    0,  -42 },   // seq[58] g58_1552
  { 23541,   57,   54,   57,    0,  -42 },   // seq[59] g59_1710
  { 23940,   57,   54,   57,    0,  -42 },   // seq[60] g60_1710
  { 24339,   57,   54,   57,    0,  -42 },   // seq[61] g61_1783
  { 24738,   57,   54,   57,    0,  -42 },   // seq[62] g62_1611
  { 25137,   57,   54,   57,    0,  -42 },   // seq[63] g63_1716
  { 25536,   57,   54,   57,    0,  -42 },   // seq[64] g64_1772
  { 25935,   57,   54,   57,    0,  -42 },   // seq[65] g65_1787
  { 26334,   57,   54,   57,    0,  -42 },   // seq[66] g66_1787
  { 26733,   57,   54,   57,    0,  -42 },   // seq[67] g67_1604
  { 27132,   57,   54,   57,    0,  -42 },   // seq[68] g68_1655
  { 27531,   57,   54,   57,    0,  -42 },   // seq[69] g69_1608
  { 27930,   57,   54,   57,    0,  -42 },   // seq[70] g70_1703
  { 28329,   57,   54,   57,    0,  -42 },   // seq[71] g71_1703
  { 28728,   57,   54,   57,    0,  -42 },   // seq[72] g72_1677
  { 29127,   57,   54,   57,    0,  -42 },   // seq[73] g73_1647
  { 29526,   57,   54,   57,    0,  -42 },   // seq[74] g74_1647
  { 29925,   57,   54,   57,    0,  -42 },   // seq[75] g75_1697
  { 30324,   57,   54,   57,    0,  -42 },   // seq[76] g76_1774
  { 30723,   57,   54,   57,    0,  -42 },   // seq[77] g77_1576
  { 31122,   57,   54,   57,    0,  -42 },   // seq[78] g78_1549
  { 31521,   57,   54,   57,    0,  -42 },   // seq[79] g79_1715
  { 31920,   57,   54,   57,    0,  -42 },   // seq[80] g80_1714
  { 32319,   57,   54,   57,    0,  -42 },   // seq[81] g81_1587
  { 32718,   57,   54,   57,    0,  -42 },   // seq[82] g82_1713
  { 33117,   57,   54,   57,    0,  -42 },   // seq[83] g83_1777
  { 33516,   57,   54,   57,    0,  -42 },   // seq[84] g84_1584
  { 33915,   57,   54,   57,    0,  -42 },   // seq[85] g85_1602
  { 34314,   57,   54,   57,    0,  -42 },   // seq[86] g86_1631
  { 34713,   57,   54,   57,    0,  -42 },   // seq[87] g87_1600
  { 35112,   57,   54,   57,    0,  -42 },   // seq[88] g88_1568
  { 35511,   57,   54,   57,    0,  -42 },   // seq[89] g89_1725
  { 35910,   57,   54,   57,    0,  -42 },   // seq[90] g90_1589
  { 36309,   57,   54,   57,    0,  -42 },   // seq[91] g91_1748
  { 36708,   57,   54,   57,    0,  -42 },   // seq[92] g92_1636
  { 37107,   57,   54,   57,    0,  -42 },   // seq[93] g93_1712
  { 37506,   57,   54,   57,    0,  -42 },   // seq[94] g94_1773
  { 37905,   57,   54,   57,    0,  -42 },   // seq[95] g95_1704
  { 38304,   57,   54,   57,    0,  -42 },   // seq[96] g96_1551
  { 38703,   57,   54,   57,    0,  -42 },   // seq[97] g97_1559
  { 39102,   57,   54,   57,    0,  -42 },   // seq[98] g98_1607
  { 39501,   57,   54,   57,    0,  -42 },   // seq[99] g99_1642
  { 39900,   57,   54,   57,    0,  -42 },   // seq[100] g100_1556
  { 40299,   57,   54,   57,    0,  -42 },   // seq[101] g101_1581
  { 40698,   57,   54,   57,    0,  -42 },   // seq[102] g102_1739
  { 41097,   57,   54,   57,    0,  -42 },   // seq[103] g103_1614
  { 41496,   57,   54,   57,    0,  -42 },   // seq[104] g104_1541
  { 41895,   57,   54,   57,    0,  -42 },   // seq[105] g105_1750
  { 42294,   57,   54,   57,    0,  -42 },   // seq[106] g106_1653
  { 42693,   57,   54,   57,    0,  -42 },   // seq[107] g107_1667
  { 43092,   57,   54,   57,    0,  -42 },   // seq[108] g108_1785
  { 43491,   57,   54,   57,    0,  -42 },   // seq[109] g109_1663
  { 43890,   57,   54,   57,    0,  -42 },   // seq[110] g110_1711
  { 44289,   57,   54,   57,    0,  -42 },   // seq[111] g111_1722
  { 44688,   57,   54,   57,    0,  -42 },   // seq[112] g112_1726
  { 45087,   57,   54,   57,    0,  -42 },   // seq[113] g113_1562
  { 45486,   57,   54,   57,    0,  -42 },   // seq[114] g114_1601
  { 45885,   57,   54,   57,    0,  -42 },   // seq[115] g115_1735
  { 46284,   57,   54,   57,    0,  -42 },   // seq[116] g116_1762
  { 46683,   57,   54,   57,    0,  -42 },   // seq[117] g117_1676
  { 47082,   57,   54,   57,    0,  -42 },   // seq[118] g118_1578
  { 47481,   57,   54,   57,    0,  -42 },   // seq[119] g119_1582
  { 47880,   57,   54,   57,    0,  -42 },   // seq[120] g120_1585
  { 48279,   57,   54,   57,    0,  -42 },   // seq[121] g121_1743
  { 48678,   57,   54,   57,    0,  -42 },   // seq[122] g122_1681
  { 49077,   57,   54,   57,    0,  -42 },   // seq[123] g123_1622
  { 49476,   57,   54,   57,    0,  -42 },   // seq[124] g124_1770
  { 49875,   57,   54,   57,    0,  -42 },   // seq[125] g125_1788
  { 50274,   57,   54,   57,    0,  -42 },   // seq[126] g126_1768
  { 50673,   57,   54,   57,    0,  -42 },   // seq[127] g127_1547
  { 51072,   57,   54,   57,    0,  -42 },   // seq[128] g128_1698
  { 51471,   57,   54,   57,    0,  -42 },   // seq[129] g129_1558
  { 51870,   57,   54,   57,    0,  -42 },   // seq[130] g130_1645
  { 52269,   57,   54,   57,    0,  -42 },   // seq[131] g131_1717
  { 52668,   57,   54,   57,    0,  -42 },   // seq[132] g132_1716
  { 53067,   57,   54,   57,    0,  -42 },   // seq[133] g133_1737
  { 53466,   57,   54,   57,    0,  -42 },   // seq[134] g134_1670
  { 53865,   57,   54,   57,    0,  -42 },   // seq[135] g135_1656
  { 54264,   57,   54,   57,    0,  -42 },   // seq[136] g136_1758
  { 54663,   57,   54,   57,    0,  -42 },   // seq[137] g137_1632
  { 55062,   57,   54,   57,    0,  -42 },   // seq[138] g138_1733
  { 55461,   57,   54,   57,    0,  -42 },   // seq[139] g139_1781
  { 55860,   57,   54,   57,    0,  -42 },   // seq[140] g140_1613
  { 56259,   57,   54,   57,    0,  -42 },   // seq[141] g141_1700
  { 56658,   57,   54,   57,    0,  -42 },   // seq[142] g142_1763
  { 57057,   57,   54,   57,    0,  -42 },   // seq[143] g143_1607
  { 57456,   57,   54,   57,    0,  -42 },   // seq[144] g144_1607
  { 57855,   57,   54,   57,    0,  -42 },   // seq[145] g145_1581
  { 58254,   57,   54,   57,    0,  -42 },   // seq[146] g146_1617
  { 58653,   57,   54,   57,    0,  -42 },   // seq[147] g147_1642
  { 59052,   57,   54,   57,    0,  -42 },   // seq[148] g148_1692
  { 59451,   57,   54,   57,    0,  -42 },   // seq[149] g149_1674
  { 59850,   57,   54,   57,    0,  -42 },   // seq[150] g150_1706
  { 60249,   57,   54,   57,    0,  -42 },   // seq[151] g151_1725
  { 60648,   57,   54,   57,    0,  -42 },   // seq[152] g152_1713
  { 61047,   57,   54,   57,    0,  -42 },   // seq[153] g153_1568
  { 61446,   57,   54,   57,    0,  -42 },   // seq[154] g154_1772
  { 61845,   57,   54,   57,    0,  -42 },   // seq[155] g155_1696
  { 62244,   57,   54,   57,    0,  -42 },   // seq[156] g156_1542
  { 62643,   57,   54,   57,    0,  -42 },   // seq[157] g157_1576
  { 63042,   57,   54,   57,    0,  -42 },   // seq[158] g158_1576
  { 63441,   57,   54,   57,    0,  -42 } }; // seq[159] g159_1772

const GFXfont NotoColorEmoji_Regular_LangFlags_20pt7b PROGMEM = {
  (uint8_t  *)NotoColorEmoji_Regular_LangFlags_20pt7bBitmaps,
  (GFXglyph *)NotoColorEmoji_Regular_LangFlags_20pt7bGlyphs,
  0xE000, // first
  0xE09F, // last
  54   //height
 };

// Approx. 62727 bytes
