#pragma once

// /tmp/fontconvert_pinned -f /home/user/qmk_firmware/keyboards/polykybd/fonts/noto-sans-canadian-aboriginal/NotoSansCanadianAboriginal-Regular.ttf -s 16 -H auto -v _CanAborig_ -r 40 5121 5749 
// Visualize your font via https://tchapi.github.io/Adafruit-GFX-Font-Customiser

/* num ranges: 1 */
const uint8_t NotoSansCanadianAboriginal_Regular_CanAborig_16pt16bBitmaps[]PROGMEM = {
  0x01, 0x00, 0x00, 0x07, 0x00, 0x00, 0x3F, 0x00, 0x00, 0xFF, 0x00, 0x00, 0xF3, 0x03, 0x00, 0xC3,
  0x0F, 0x00, 0x03, 0x3E, 0x00, 0x03, 0xF8, 0x00, 0x03, 0xE0, 0x03, 0x03, 0x80, 0x1F, 0x03, 0x00,
  0x3C, 0x03, 0x80, 0x1F, 0x03, 0xE0, 0x03, 0x03, 0xF8, 0x00, 0x03, 0x3E, 0x00, 0xC3, 0x0F, 0x00,
  0xF3, 0x03, 0x00, 0xFF, 0x00, 0x00, 0x3F, 0x00, 0x00, 0x0F, 0x00, 0x00, 0x01, 0x00, 0x00, 0x00,
  0x00, 0x00, 0x40, 0x00, 0x00, 0x00, 0x78, 0x00, 0x00, 0x00, 0x7E, 0x00, 0x00, 0x80, 0x7F, 0x00,
  0x00, 0xE0, 0x63, 0x00, 0x00, 0xF8, 0x60, 0x00, 0x00, 0x3E, 0x60, 0x1E, 0x80, 0x0F, 0x60, 0x1E,
  0xE0, 0x03, 0x60, 0x33, 0xFC, 0x00, 0x60, 0x33, 0x3E, 0x00, 0x60, 0x33, 0xF8, 0x00, 0x60, 0x1E,
  0xE0, 0x03, 0x60, 0x1E, 0x80, 0x0F, 0x60, 0x00, 0x00, 0x3E, 0x60, 0x00, 0x00, 0xF8, 0x60, 0x00,
  0x00, 0xE0, 0x63, 0x00, 0x00, 0x80, 0x7F, 0x00, 0x00, 0x00, 0x7E, 0x00, 0x00, 0x00, 0x70, 0x00,
  0x00, 0x00, 0x40, 0x00, 0x00, 0x20, 0x00, 0x00, 0x3C, 0x00, 0x00, 0x3F, 0x00, 0xC0, 0x3F, 0x00,
  0xF0, 0x33, 0x00, 0xFC, 0x30, 0x00, 0x1F, 0x30, 0xC0, 0x07, 0x30, 0xF0, 0x01, 0x30, 0x7E, 0x00,
  0x30, 0x1F, 0x00, 0x30, 0x7E, 0x00, 0x30, 0xF0, 0x01, 0x30, 0xC0, 0x07, 0x30, 0x00, 0x3F, 0x30,
  0x00, 0xFC, 0x30, 0x00, 0xF0, 0x33, 0x00, 0xC0, 0x3F, 0x00, 0x00, 0x3F, 0x00, 0x00, 0x38, 0x00,
  0x00, 0x20, 0x00, 0x00, 0x00, 0x08, 0x00, 0x00, 0x00, 0x0E, 0x00, 0x00, 0x80, 0x0F, 0x00, 0x00,
  0xE0, 0x0F, 0x00, 0x00, 0xF8, 0x0C, 0x00, 0x00, 0x3F, 0x0C, 0x00, 0xC0, 0x0F, 0x0C, 0x00, 0xF0,
  0x03, 0x0C, 0x00, 0xFC, 0x00, 0x0C, 0x06, 0x3F, 0x00, 0x0C, 0xC7, 0x0F, 0x00, 0x0C, 0xC7, 0x0F,
  0x00, 0x0C, 0x02, 0x3E, 0x00, 0x0C, 0x00, 0xF8, 0x00, 0x0C, 0x00, 0xE0, 0x07, 0x0C, 0x00, 0x80,
  0x1F, 0x0C, 0x00, 0x00, 0x7C, 0x0C, 0x00, 0x00, 0xF0, 0x0F, 0x00, 0x00, 0xC0, 0x0F, 0x00, 0x00,
  0x00, 0x0F, 0x00, 0x00, 0x00, 0x08, 0xFF, 0xFF, 0x3F, 0xFE, 0xFF, 0x1F, 0x0E, 0x00, 0x1C, 0x1C,
  0x00, 0x0E, 0x1C, 0x00, 0x0E, 0x38, 0x00, 0x07, 0x38, 0x00, 0x07, 0x70, 0x80, 0x03, 0x60, 0x80,
  0x01, 0xE0, 0xC0, 0x01, 0xC0, 0xC0, 0x00, 0xC0, 0xE1, 0x00, 0x80, 0x61, 0x00, 0x80, 0x73, 0x00,
  0x00, 0x37, 0x00, 0x00, 0x1E, 0x00, 0x00, 0x1E, 0x00, 0x00, 0x0C, 0x00, 0x00, 0x0C, 0x00, 0x00,
  0x00, 0x00, 0x06, 0x00, 0x00, 0x00, 0x87, 0xFF, 0xFF, 0x1F, 0x07, 0xFF, 0xFF, 0x0F, 0x02, 0x07,
  0x00, 0x0E, 0x00, 0x0E, 0x00, 0x07, 0x00, 0x0E, 0x00, 0x07, 0x00, 0x1C, 0x80, 0x03, 0x00, 0x18,
  0x80, 0x01, 0x00, 0x38, 0xC0, 0x01, 0x00, 0x30, 0xC0, 0x00, 0x00, 0x70, 0xE0, 0x00, 0x00, 0xE0,
  0x60, 0x00, 0x00, 0xE0, 0x70, 0x00, 0x00, 0xC0, 0x39, 0x00, 0x00, 0x80, 0x19, 0x00, 0x00, 0x80,
  0x1F, 0x00, 0x00, 0x00, 0x0F, 0x00, 0x00, 0x00, 0x0F, 0x00, 0x00, 0x00, 0x06, 0x00, 0x00, 0x00,
  0x04, 0x00, 0x80, 0xFF, 0xFF, 0x1F, 0x00, 0xFF, 0xFF, 0x0F, 0x00, 0x07, 0x00, 0x0E, 0x06, 0x0E,
  0x00, 0x07, 0x07, 0x0E, 0x00, 0x07, 0x07, 0x1C, 0x80, 0x03, 0x02, 0x1C, 0x80, 0x03, 0x00, 0x38,
  0xC0, 0x01, 0x00, 0x30, 0xC0, 0x00, 0x00, 0x70, 0xE0, 0x00, 0x06, 0x60, 0x60, 0x00, 0x07, 0xE0,
  0x70, 0x00, 0x07, 0xC0, 0x30, 0x00, 0x02, 0xC0, 0x39, 0x00, 0x00, 0x80, 0x19, 0x00, 0x00, 0x00,
  0x0F, 0x00, 0x00, 0x00, 0x0F, 0x00, 0x00, 0x00, 0x06, 0x00, 0x00, 0x00, 0x06, 0x00, 0x00, 0x00,
  0x00, 0x00, 0xFF, 0xFF, 0x3F, 0xFE, 0xFF, 0x1F, 0x0E, 0x00, 0x1C, 0x1C, 0x00, 0x0E, 0x1C, 0x00,
  0x0E, 0x38, 0x3F, 0x07, 0x38, 0x3F, 0x07, 0x70, 0x80, 0x03, 0x60, 0x80, 0x01, 0xE0, 0xC0, 0x01,
  0xC0, 0xC0, 0x00, 0xC0, 0xE1, 0x00, 0x80, 0x61, 0x00, 0x80, 0x73, 0x00, 0x00, 0x33, 0x00, 0x00,
  0x1E, 0x00, 0x00, 0x1E, 0x00, 0x00, 0x0C, 0x00, 0x00, 0x0C, 0x00, 0x00, 0x00, 0x00, 0xFF, 0xFF,
  0x3F, 0xFE, 0xFF, 0x1F, 0x0E, 0x00, 0x1C, 0x0C, 0x00, 0x0E, 0x1C, 0x00, 0x0E, 0x18, 0x04, 0x07,
  0x38, 0x8E, 0x03, 0x30, 0x8E, 0x03, 0x70, 0xC4, 0x01, 0x60, 0xC0, 0x01, 0xE0, 0xE0, 0x00, 0xC0,
  0x60, 0x00, 0x80, 0x71, 0x00, 0x80, 0x31, 0x00, 0x00, 0x3B, 0x00, 0x00, 0x1B, 0x00, 0x00, 0x0E,
  0x00, 0x00, 0x0E, 0x00, 0x00, 0x04, 0x00, 0x00, 0x04, 0x00, 0x00, 0x08, 0x00, 0x00, 0x0C, 0x00,
  0x00, 0x1E, 0x00, 0x00, 0x1E, 0x00, 0x00, 0x3F, 0x00, 0x00, 0x33, 0x00, 0x80, 0x73, 0x00, 0xC0,
  0xE1, 0x00, 0xC0, 0xC1, 0x00, 0xE0, 0xC0, 0x01, 0x60, 0x80, 0x01, 0x70, 0x80, 0x03, 0x30, 0x00,
  0x03, 0x38, 0x00, 0x07, 0x1C, 0x00, 0x0E, 0x1C, 0x00, 0x0E, 0x0E, 0x00, 0x1C, 0xFE, 0xFF, 0x1F,
  0xFF, 0xFF, 0x3F, 0x00, 0x00, 0x04, 0x00, 0x00, 0x00, 0x06, 0x00, 0x00, 0x00, 0x0F, 0x00, 0x00,
  0x00, 0x0F, 0x00, 0x00, 0x80, 0x1F, 0x00, 0x00, 0x80, 0x19, 0x00, 0x00, 0xC0, 0x39, 0x00, 0x00,
  0xE0, 0x70, 0x00, 0x00, 0xE0, 0x60, 0x00, 0x00, 0x70, 0xE0, 0x00, 0x00, 0x30, 0xC0, 0x00, 0x00,
  0x38, 0xC0, 0x01, 0x00, 0x18, 0x80, 0x01, 0x00, 0x1C, 0x80, 0x03, 0x00, 0x0E, 0x00, 0x07, 0x00,
  0x0E, 0x00, 0x07, 0x06, 0x07, 0x00, 0x0E, 0x07, 0xFF, 0xFF, 0x0F, 0x87, 0xFF, 0xFF, 0x1F, 0x02,
  0x00, 0x00, 0x00, 0x00, 0x04, 0x00, 0x00, 0x0E, 0x00, 0x01, 0x0E, 0x00, 0x0F, 0x04, 0x00, 0x3F,
  0x00, 0x00, 0xFF, 0x00, 0x00, 0xE3, 0x03, 0x00, 0x83, 0x0F, 0x00, 0x03, 0x3E, 0x00, 0x03, 0xF8,
  0x00, 0x03, 0xE0, 0x07, 0x03, 0x00, 0x1F, 0x03, 0x00, 0x3E, 0x03, 0x80, 0x0F, 0x03, 0xE0, 0x03,
  0x03, 0xF8, 0x00, 0x03, 0x3F, 0x00, 0xC3, 0x0F, 0x00, 0xF3, 0x03, 0x00, 0xFF, 0x00, 0x00, 0x3F,
  0x00, 0x00, 0x07, 0x00, 0x00, 0x01, 0x00, 0x00, 0x01, 0x00, 0x00, 0x07, 0x00, 0x00, 0x3F, 0x00,
  0x00, 0xFF, 0x00, 0x00, 0xF3, 0x03, 0x00, 0xC3, 0x0F, 0x00, 0x03, 0x3E, 0x00, 0x03, 0xF8, 0x00,
  0x03, 0xE0, 0x03, 0x03, 0x80, 0x0F, 0x03, 0x00, 0x3C, 0x03, 0x00, 0x1F, 0x03, 0xE0, 0x07, 0x03,
  0xF8, 0x00, 0x03, 0x3E, 0x00, 0x83, 0x0F, 0x00, 0xF3, 0x03, 0x00, 0xFF, 0x00, 0x00, 0x3F, 0x00,
  0x00, 0x0F, 0x04, 0x00, 0x01, 0x0E, 0x00, 0x00, 0x0E, 0x00, 0x00, 0x04, 0x00, 0x00, 0x04, 0x00,
  0x00, 0x0E, 0x00, 0x00, 0x0E, 0x20, 0x00, 0x04, 0x3C, 0x00, 0x00, 0x3F, 0x00, 0xC0, 0x3F, 0x00,
  0xF0, 0x33, 0x00, 0x7C, 0x30, 0x00, 0x1F, 0x30, 0xC0, 0x07, 0x30, 0xF8, 0x01, 0x30, 0x3E, 0x00,
  0x30, 0x1F, 0x00, 0x30, 0x7C, 0x00, 0x30, 0xF0, 0x01, 0x30, 0xC0, 0x07, 0x30, 0x00, 0x3F, 0x30,
  0x00, 0xFC, 0x30, 0x00, 0xF0, 0x33, 0x00, 0xC0, 0x3F, 0x00, 0x00, 0x3F, 0x00, 0x00, 0x38, 0x00,
  0x00, 0x20, 0x00, 0x00, 0x20, 0x00, 0x00, 0x38, 0x00, 0x00, 0x3F, 0x00, 0xC0, 0x3F, 0x00, 0xF0,
  0x33, 0x00, 0xFC, 0x30, 0x00, 0x1F, 0x30, 0xC0, 0x07, 0x30, 0xF0, 0x01, 0x30, 0x7C, 0x00, 0x30,
  0x1F, 0x00, 0x30, 0x3E, 0x00, 0x30, 0xF8, 0x01, 0x30, 0xC0, 0x07, 0x30, 0x00, 0x1F, 0x30, 0x00,
  0x7C, 0x30, 0x00, 0xF0, 0x33, 0x00, 0xC0, 0x3F, 0x00, 0x00, 0x3F, 0x00, 0x04, 0x3C, 0x00, 0x0E,
  0x20, 0x00, 0x0E, 0x00, 0x00, 0x04, 0x00, 0x00, 0x00, 0x01, 0x00, 0x00, 0x80, 0x03, 0x00, 0x00,
  0x80, 0x03, 0x08, 0x00, 0x00, 0x01, 0x0F, 0x00, 0x00, 0xC0, 0x0F, 0x00, 0x00, 0xF0, 0x0D, 0x00,
  0x00, 0x7C, 0x0C, 0x00, 0x80, 0x1F, 0x0C, 0x00, 0xE0, 0x07, 0x0C, 0x00, 0xF8, 0x00, 0x0C, 0x06,
  0x3E, 0x00, 0x0C, 0xC7, 0x0F, 0x00, 0x0C, 0xC7, 0x0F, 0x00, 0x0C, 0x02, 0x3F, 0x00, 0x0C, 0x00,
  0xFC, 0x00, 0x0C, 0x00, 0xF0, 0x03, 0x0C, 0x00, 0xC0, 0x0F, 0x0C, 0x00, 0x00, 0x3E, 0x0C, 0x00,
  0x00, 0xF8, 0x0C, 0x00, 0x00, 0xE0, 0x0F, 0x00, 0x00, 0x80, 0x0F, 0x00, 0x00, 0x00, 0x0E, 0x00,
  0x00, 0x00, 0x08, 0x00, 0x00, 0x00, 0x08, 0x00, 0x00, 0x00, 0x0E, 0x00, 0x00, 0x80, 0x0F, 0x00,
  0x00, 0xE0, 0x0F, 0x00, 0x00, 0xF8, 0x0C, 0x00, 0x00, 0x3F, 0x0C, 0x00, 0xC0, 0x0F, 0x0C, 0x00,
  0xF0, 0x03, 0x0C, 0x00, 0xFC, 0x00, 0x0C, 0x06, 0x3F, 0x00, 0x0C, 0xC7, 0x07, 0x00, 0x0C, 0xC7,
  0x0F, 0x00, 0x0C, 0x02, 0x3E, 0x00, 0x0C, 0x00, 0xF8, 0x00, 0x0C, 0x00, 0xE0, 0x07, 0x0C, 0x00,
  0x80, 0x1F, 0x0C, 0x00, 0x00, 0x7C, 0x0C, 0x00, 0x00, 0xF0, 0x0F, 0x00, 0x00, 0xC0, 0x0F, 0x00,
  0x00, 0x01, 0x0F, 0x00, 0x80, 0x03, 0x08, 0x00, 0x80, 0x03, 0x00, 0x00, 0x00, 0x01, 0x00, 0x00,
  0x04, 0x00, 0x00, 0x0E, 0x00, 0x00, 0x0E, 0x00, 0x00, 0x04, 0x00, 0x00, 0x00, 0x00, 0x00, 0x00,
  0x00, 0xFF, 0xFF, 0x3F, 0xFE, 0xFF, 0x1F, 0x0E, 0x00, 0x1C, 0x1C, 0x00, 0x0E, 0x1C, 0x00, 0x0F,
  0x38, 0x00, 0x07, 0x38, 0x80, 0x03, 0x70, 0x80, 0x03, 0x70, 0xC0, 0x01, 0xE0, 0xC0, 0x01, 0xE0,
  0xE0, 0x00, 0xC0, 0x61, 0x00, 0x80, 0x71, 0x00, 0x80, 0x33, 0x00, 0x00, 0x3B, 0x00, 0x00, 0x1F,
  0x00, 0x00, 0x0E, 0x00, 0x00, 0x0E, 0x00, 0x00, 0x04, 0x00, 0x00, 0x04, 0x00, 0xFF, 0xFF, 0x3F,
  0xFE, 0xFF, 0x1F, 0x0E, 0x00, 0x1C, 0x1C, 0x00, 0x0E, 0x1C, 0x00, 0x07, 0x38, 0x00, 0x07, 0x38,
  0x80, 0x03, 0x70, 0x80, 0x03, 0x70, 0xC0, 0x01, 0xE0, 0xC0, 0x01, 0xC0, 0xE0, 0x00, 0xC0, 0x61,
  0x00, 0x80, 0x71, 0x00, 0x80, 0x33, 0x00, 0x00, 0x3B, 0x00, 0x00, 0x1F, 0x00, 0x00, 0x0E, 0x00,
  0x00, 0x0E, 0x00, 0x00, 0x04, 0x00, 0x00, 0x00, 0x00, 0x00, 0x00, 0x00, 0x00, 0x04, 0x00, 0x00,
  0x0E, 0x00, 0x00, 0x0E, 0x00, 0x00, 0x04, 0x00, 0x00, 0x00, 0x02, 0x00, 0x00, 0x00, 0x07, 0x00,
  0x00, 0x00, 0x07, 0x00, 0x00, 0x00, 0x02, 0x00, 0x00, 0x00, 0x00, 0x00, 0x06, 0x00, 0x00, 0x00,
  0x87, 0xFF, 0xFF, 0x1F, 0x07, 0xFF, 0xFF, 0x0F, 0x02, 0x07, 0x00, 0x0E, 0x00, 0x0E, 0x00, 0x07,
  0x00, 0x0E, 0x80, 0x07, 0x00, 0x1C, 0x80, 0x03, 0x00, 0x1C, 0xC0, 0x01, 0x00, 0x38, 0xC0, 0x01,
  0x00, 0x38, 0xE0, 0x00, 0x00, 0x70, 0xE0, 0x00, 0x00, 0x70, 0x70, 0x00, 0x00, 0xE0, 0x30, 0x00,
  0x00, 0xC0, 0x38, 0x00, 0x00, 0xC0, 0x19, 0x00, 0x00, 0x80, 0x1D, 0x00, 0x00, 0x80, 0x0F, 0x00,
  0x00, 0x00, 0x07, 0x00, 0x00, 0x00, 0x07, 0x00, 0x00, 0x00, 0x02, 0x00, 0x00, 0x00, 0x02, 0x00,
  0x06, 0x00, 0x00, 0x00, 0x87, 0xFF, 0xFF, 0x1F, 0x07, 0xFF, 0xFF, 0x0F, 0x02, 0x07, 0x00, 0x0E,
  0x00, 0x0E, 0x00, 0x07, 0x00, 0x0E, 0x80, 0x03, 0x00, 0x1C, 0x80, 0x03, 0x00, 0x18, 0xC0, 0x01,
  0x00, 0x38, 0xC0, 0x01, 0x00, 0x30, 0xE0, 0x00, 0x00, 0x70, 0x60, 0x00, 0x00, 0x60, 0x70, 0x00,
  0x00, 0xE0, 0x38, 0x00, 0x00, 0xC0, 0x18, 0x00, 0x00, 0xC0, 0x1D, 0x00, 0x00, 0x80, 0x0D, 0x00,
  0x00, 0x00, 0x0F, 0x00, 0x00, 0x00, 0x07, 0x00, 0x00, 0x00, 0x02, 0x00, 0x00, 0x00, 0x00, 0x00,
  0x00, 0x00, 0x00, 0x00, 0x00, 0x00, 0x02, 0x00, 0x00, 0x00, 0x07, 0x00, 0x00, 0x00, 0x07, 0x00,
  0x00, 0x00, 0x02, 0x00, 0xE0, 0xFF, 0xFF, 0x07, 0xC0, 0xFF, 0xFF, 0x03, 0xC0, 0x00, 0x80, 0x03,
  0x86, 0x00, 0xC0, 0x01, 0x87, 0x01, 0xE0, 0x00, 0x07, 0x01, 0xE0, 0x00, 0x02, 0x03, 0x70, 0x00,
  0x00, 0x06, 0x70, 0x00, 0x00, 0x06, 0x38, 0x00, 0x00, 0x0C, 0x18, 0x00, 0x00, 0x0C, 0x1C, 0x00,
  0x00, 0x18, 0x0E, 0x00, 0x40, 0x18, 0x0E, 0x00, 0xE0, 0x30, 0x07, 0x00, 0xE0, 0x70, 0x03, 0x00,
  0x40, 0xE0, 0x03, 0x00, 0x00, 0xE0, 0x01, 0x00, 0x00, 0xC0, 0x01, 0x00, 0x00, 0xC0, 0x00, 0x00,
  0x00, 0x00, 0x00, 0x00, 0x00, 0x04, 0x00, 0x00, 0x0E, 0x00, 0x00, 0x0E, 0x00, 0x00, 0x04, 0x00,
  0x00, 0x00, 0x00, 0x00, 0x00, 0x00, 0x00, 0x04, 0x00, 0x00, 0x0E, 0x00, 0x00, 0x0E, 0x00, 0x00,
  0x1F, 0x00, 0x00, 0x3B, 0x00, 0x80, 0x33, 0x00, 0x80, 0x71, 0x00, 0xC0, 0x61, 0x00, 0xC0, 0xE0,
  0x00, 0xE0, 0xC0, 0x01, 0x70, 0xC0, 0x01, 0x70, 0x80, 0x03, 0x38, 0x80, 0x03, 0x38, 0x00, 0x07,
  0x1C, 0x00, 0x0F, 0x1C, 0x00, 0x0E, 0x0E, 0x00, 0x1C, 0xFE, 0xFF, 0x1F, 0xFF, 0xFF, 0x3F, 0x00,
  0x04, 0x00, 0x00, 0x0E, 0x00, 0x00, 0x0E, 0x00, 0x00, 0x1F, 0x00, 0x00, 0x1B, 0x00, 0x80, 0x3B,
  0x00, 0x80, 0x71, 0x00, 0xC0, 0x71, 0x00, 0xC0, 0xE0, 0x00, 0xE0, 0xC0, 0x00, 0x60, 0xC0, 0x01,
  0x70, 0x80, 0x03, 0x38, 0x80, 0x03, 0x38, 0x00, 0x07, 0x1C, 0x00, 0x07, 0x1C, 0x00, 0x0E, 0x0E,
  0x00, 0x1C, 0xFE, 0xFF, 0x1F, 0xFF, 0xFF, 0x3F, 0x00, 0x00, 0x00, 0x00, 0x00, 0x00, 0x00, 0x00,
  0x00, 0x00, 0x04, 0x00, 0x00, 0x0E, 0x00, 0x00, 0x0E, 0x00, 0x00, 0x04, 0x00, 0x00, 0x00, 0x02,
  0x00, 0x00, 0x00, 0x07, 0x00, 0x00, 0x00, 0x07, 0x00, 0x00, 0x00, 0x02, 0x00, 0x00, 0x00, 0x00,
  0x00, 0x00, 0x00, 0x02, 0x00, 0x00, 0x00, 0x02, 0x00, 0x00, 0x00, 0x07, 0x00, 0x00, 0x00, 0x07,
  0x00, 0x00, 0x80, 0x0D, 0x00, 0x00, 0x80, 0x1D, 0x00, 0x00, 0xC0, 0x18, 0x00, 0x00, 0xC0, 0x38,
  0x00, 0x00, 0x60, 0x30, 0x00, 0x00, 0x70, 0x70, 0x00, 0x00, 0x30, 0xE0, 0x00, 0x00, 0x38, 0xE0,
  0x00, 0x00, 0x18, 0xC0, 0x01, 0x00, 0x1C, 0xC0, 0x01, 0x00, 0x0C, 0x80, 0x03, 0x00, 0x0E, 0x00,
  0x07, 0x06, 0x06, 0x00, 0x07, 0x07, 0x07, 0x00, 0x0E, 0x07, 0xFF, 0xFF, 0x0F, 0x82, 0xFF, 0xFF,
  0x1F, 0x00, 0x00, 0x02, 0x00, 0x00, 0x00, 0x07, 0x00, 0x00, 0x00, 0x07, 0x00, 0x00, 0x80, 0x0F,
  0x00, 0x00, 0x80, 0x0D, 0x00, 0x00, 0xC0, 0x1D, 0x00, 0x00, 0xC0, 0x38, 0x00, 0x00, 0xE0, 0x30,
  0x00, 0x00, 0x60, 0x70, 0x00, 0x00, 0x70, 0x60, 0x00, 0x00, 0x30, 0xE0, 0x00, 0x00, 0x38, 0xC0,
  0x01, 0x00, 0x1C, 0xC0, 0x01, 0x00, 0x1C, 0x80, 0x03, 0x00, 0x0E, 0x80, 0x03, 0x00, 0x0E, 0x00,
  0x07, 0x06, 0x07, 0x00, 0x0E, 0x07, 0xFF, 0xFF, 0x0F, 0x87, 0xFF, 0xFF, 0x1F, 0x02, 0x00, 0x00,
  0x00, 0x00, 0x00, 0x00, 0x00, 0x00, 0x00, 0x02, 0x00, 0x00, 0x00, 0x07, 0x00, 0x00, 0x00, 0x07,
  0x00, 0x00, 0x00, 0x02, 0x00, 0x00, 0x00, 0x00, 0x00, 0x00, 0xC0, 0x00, 0x00, 0x00, 0xC0, 0x01,
  0x00, 0x00, 0xE0, 0x01, 0x00, 0xC0, 0xE0, 0x03, 0x00, 0xE0, 0x70, 0x03, 0x00, 0xE0, 0x30, 0x07,
  0x00, 0x40, 0x18, 0x0E, 0x00, 0x00, 0x18, 0x0E, 0x00, 0x00, 0x0C, 0x1C, 0x00, 0x00, 0x0C, 0x18,
  0x00, 0x00, 0x06, 0x38, 0x00, 0x00, 0x06, 0x70, 0x00, 0x06, 0x03, 0x70, 0x00, 0x07, 0x01, 0xE0,
  0x00, 0x87, 0x01, 0xE0, 0x00, 0x82, 0x00, 0xC0, 0x01, 0xC0, 0x00, 0x80, 0x03, 0xC0, 0xFF, 0xFF,
  0x03, 0xE0, 0xFF, 0xFF, 0x07, 0xFF, 0x00, 0xFF, 0x03, 0x00, 0x07, 0x00, 0x06, 0x00, 0x06, 0x00,
  0x06, 0x00, 0x03, 0xFF, 0x01, 0xFF, 0x03, 0x00, 0x03, 0x00, 0x06, 0x00, 0x06, 0x00, 0x06, 0x00,
  0x07, 0xFF, 0x03, 0xFF, 0x00, 0xC0, 0x01, 0xE0, 0x03, 0x30, 0x06, 0x30, 0x06, 0x30, 0x06, 0xE0,
  0x03, 0xC0, 0x01, 0x00, 0x00, 0x1E, 0x00, 0x1E, 0x00, 0x33, 0x00, 0x33, 0x00, 0x33, 0x00, 0x1E,
  0x00, 0x1E, 0x00, 0x00, 0x18, 0x00, 0x1C, 0x00, 0x1F, 0xC0, 0x1F, 0xF0, 0x19, 0x78, 0x18, 0x3E,
  0x18, 0x3E, 0x18, 0x78, 0x18, 0xF0, 0x19, 0xC0, 0x1F, 0x00, 0x1F, 0x00, 0x1C, 0x00, 0x18, 0x00,
  0x04, 0x00, 0x07, 0xC0, 0x07, 0xF0, 0x01, 0x7C, 0x00, 0x1F, 0x00, 0x07, 0x00, 0x01, 0x00, 0x03,
  0x00, 0x0F, 0x00, 0x3F, 0x00, 0x7C, 0x00, 0xF0, 0x01, 0xC0, 0x07, 0x00, 0x07, 0x00, 0x04, 0xFF,
  0x00, 0xFF, 0x01, 0x80, 0x03, 0x00, 0x03, 0x00, 0x03, 0x00, 0x03, 0x00, 0x03, 0x80, 0x03, 0xFF,
  0x01, 0x7F, 0x00, 0xFC, 0x03, 0xFE, 0x03, 0x07, 0x00, 0x03, 0x00, 0x03, 0x00, 0x03, 0x00, 0x03,
  0x00, 0x07, 0x00, 0xFE, 0x03, 0xFC, 0x03, 0x03, 0x06, 0x03, 0x06, 0x03, 0x06, 0x03, 0x06, 0x03,
  0x06, 0x07, 0x07, 0x86, 0x03, 0xFE, 0x03, 0xF8, 0x00, 0x78, 0x00, 0xFC, 0x00, 0x86, 0x01, 0x87,
  0x03, 0x03, 0x03, 0x03, 0x03, 0x03, 0x03, 0x87, 0x03, 0xC6, 0x01, 0xFC, 0x00, 0x78, 0x00, 0x00,
  0x06, 0x80, 0x07, 0xE0, 0x07, 0xF8, 0x01, 0x7E, 0x00, 0x1F, 0x06, 0x87, 0x07, 0xE1, 0x03, 0xF8,
  0x00, 0x3E, 0x00, 0x0F, 0x00, 0x03, 0x00, 0x00, 0x00, 0xFF, 0x07, 0xFF, 0x07, 0x00, 0x00, 0x00,
  0x00, 0x00, 0x00, 0xFF, 0x07, 0xFF, 0x07, 0x07, 0x07, 0x07, 0x02, 0x03, 0x03, 0x03, 0x03, 0x03,
  0x03, 0x03, 0x03, 0x03, 0x03, 0x03, 0x03, 0x30, 0x00, 0x30, 0x00, 0x30, 0x00, 0x30, 0x00, 0x30,
  0x00, 0xFF, 0x07, 0xFF, 0x07, 0x30, 0x00, 0x30, 0x00, 0x30, 0x00, 0x30, 0x00, 0x30, 0x00, 0x03,
  0x00, 0x03, 0x00, 0x03, 0x00, 0x03, 0x00, 0xFF, 0x07, 0xFF, 0x07, 0x03, 0x00, 0x03, 0x00, 0x03,
  0x00, 0x03, 0x00, 0x03, 0x00, 0x01, 0x00, 0x00, 0x07, 0x00, 0x00, 0x3F, 0x00, 0x00, 0xFF, 0x00,
  0x00, 0xF3, 0x03, 0x00, 0xC3, 0x0F, 0x00, 0x03, 0x3E, 0x00, 0x03, 0xF8, 0x00, 0x03, 0xE0, 0x03,
  0x03, 0x80, 0x1F, 0x03, 0x00, 0x3C, 0x03, 0x80, 0x1F, 0x03, 0xE0, 0x03, 0x03, 0xF8, 0x00, 0x03,
  0x3E, 0x00, 0xC3, 0x0F, 0x00, 0xF3, 0x03, 0x00, 0xFF, 0x00, 0x00, 0x3F, 0x00, 0x00, 0x0F, 0x00,
  0x00, 0x01, 0x00, 0x00, 0x00, 0x00, 0x00, 0x01, 0x00, 0x00, 0x07, 0x00, 0x00, 0x1F, 0x00, 0x00,
  0x7C, 0x00, 0x00, 0xF0, 0x01, 0x00, 0xC0, 0x07, 0x00, 0x00, 0x07, 0x00, 0x00, 0x04, 0x00, 0x00,
  0x00, 0x20, 0x00, 0x00, 0x3C, 0x00, 0x00, 0x3F, 0x00, 0xC0, 0x3F, 0x00, 0xF0, 0x33, 0x00, 0xFC,
  0x30, 0x00, 0x1F, 0x30, 0xC0, 0x07, 0x30, 0xF0, 0x01, 0x30, 0x3E, 0x00, 0x30, 0x0F, 0x00, 0x30,
  0x3E, 0x00, 0x30, 0xF0, 0x01, 0x30, 0xC0, 0x07, 0x30, 0x00, 0x1F, 0x30, 0x03, 0xFC, 0x30, 0x0F,
  0xF0, 0x33, 0x3E, 0xC0, 0x3F, 0xF8, 0x00, 0x3F, 0xE0, 0x03, 0x38, 0x80, 0x07, 0x20, 0x00, 0x06,
  0x00, 0xFF, 0xFF, 0x3F, 0xFE, 0xFF, 0x1F, 0x0E, 0x00, 0x1C, 0x0C, 0x00, 0x0E, 0x1C, 0x00, 0x0E,
  0x18, 0x00, 0x07, 0x38, 0x00, 0x03, 0x30, 0x80, 0x03, 0x70, 0xC0, 0x01, 0x60, 0xC0, 0x01, 0xE0,
  0xE0, 0x00, 0xC0, 0x60, 0x00, 0x80, 0x71, 0x00, 0x80, 0x33, 0x00, 0x00, 0x3B, 0x00, 0x00, 0x1F,
  0x00, 0x00, 0x1E, 0x00, 0x03, 0x0E, 0x00, 0x0F, 0x04, 0x00, 0x3E, 0x04, 0x00, 0xF8, 0x00, 0x00,
  0xE0, 0x03, 0x00, 0x80, 0x07, 0x00, 0x00, 0x06, 0x00, 0x00, 0x00, 0x00, 0x00, 0x04, 0x00, 0x00,
  0x0C, 0x00, 0x00, 0x0E, 0x00, 0x00, 0x1F, 0x00, 0x00, 0x1B, 0x00, 0x80, 0x3B, 0x00, 0x80, 0x71,
  0x00, 0xC0, 0x61, 0x00, 0xC0, 0xE0, 0x00, 0xE0, 0xC0, 0x00, 0x60, 0xC0, 0x01, 0x30, 0x80, 0x03,
  0x38, 0x80, 0x03, 0x18, 0x00, 0x07, 0x1C, 0x00, 0x06, 0x0C, 0x00, 0x0E, 0x0E, 0x00, 0x1C, 0xFE,
  0xFF, 0x1F, 0xFF, 0xFF, 0x3F, 0x00, 0x00, 0x00, 0x01, 0x00, 0x00, 0x07, 0x00, 0x00, 0x1F, 0x00,
  0x00, 0x7C, 0x00, 0x00, 0xF0, 0x01, 0x00, 0xC0, 0x07, 0x00, 0x00, 0x07, 0x00, 0x00, 0x04, 0x00,
  0x01, 0x00, 0x00, 0x0F, 0x00, 0x00, 0x3F, 0x00, 0x00, 0xFC, 0x00, 0x00, 0xF0, 0x03, 0x00, 0xC0,
  0x0F, 0x00, 0x00, 0x3E, 0x00, 0x00, 0xF8, 0x00, 0x00, 0xE0, 0x03, 0x00, 0x80, 0x1F, 0x00, 0x00,
  0x3E, 0x00, 0x80, 0x1F, 0x00, 0xE0, 0x03, 0x00, 0xF8, 0x00, 0x00, 0x3E, 0x00, 0xC0, 0x0F, 0x00,
  0xF0, 0x03, 0x00, 0xFC, 0x00, 0x00, 0x3F, 0x00, 0x00, 0x0F, 0x00, 0x00, 0x01, 0x00, 0x00, 0x00,
  0x00, 0x00, 0x40, 0x00, 0x00, 0x00, 0x78, 0x00, 0x00, 0x00, 0x7E, 0x00, 0x00, 0x80, 0x1F, 0x00,
  0x00, 0xE0, 0x03, 0x00, 0x00, 0xF8, 0x00, 0x00, 0x00, 0x3E, 0x00, 0x1E, 0x80, 0x0F, 0x00, 0x1E,
  0xE0, 0x03, 0x00, 0x33, 0xFC, 0x00, 0x00, 0x33, 0x3E, 0x00, 0x00, 0x33, 0xF8, 0x00, 0x00, 0x1E,
  0xE0, 0x03, 0x00, 0x1E, 0x80, 0x0F, 0x00, 0x00, 0x00, 0x3E, 0x00, 0x00, 0x00, 0xF8, 0x00, 0x00,
  0x00, 0xE0, 0x03, 0x00, 0x00, 0x80, 0x1F, 0x00, 0x00, 0x00, 0x7E, 0x00, 0x00, 0x00, 0x70, 0x00,
  0x00, 0x00, 0x40, 0x00, 0x00, 0x20, 0x00, 0x00, 0x3C, 0x00, 0x00, 0x3F, 0x00, 0xC0, 0x0F, 0x00,
  0xF0, 0x03, 0x00, 0xFC, 0x00, 0x00, 0x1F, 0x00, 0xC0, 0x07, 0x00, 0xF0, 0x01, 0x00, 0x7E, 0x00,
  0x00, 0x1F, 0x00, 0x00, 0x7E, 0x00, 0x00, 0xF0, 0x01, 0x00, 0xC0, 0x07, 0x00, 0x00, 0x1F, 0x00,
  0x00, 0xFC, 0x00, 0x00, 0xF0, 0x03, 0x00, 0xC0, 0x0F, 0x00, 0x00, 0x3F, 0x00, 0x00, 0x3C, 0x00,
  0x00, 0x20, 0x00, 0x00, 0x00, 0x08, 0x00, 0x00, 0x00, 0x0F, 0x00, 0x00, 0xC0, 0x0F, 0x00, 0x00,
  0xF0, 0x03, 0x00, 0x00, 0xFC, 0x00, 0x00, 0x00, 0x1F, 0x00, 0x00, 0xC0, 0x07, 0x00, 0x00, 0xF8,
  0x01, 0x00, 0x00, 0x7E, 0x00, 0x00, 0x86, 0x0F, 0x00, 0x00, 0xC7, 0x07, 0x00, 0x00, 0x07, 0x1F,
  0x00, 0x00, 0x02, 0x7C, 0x00, 0x00, 0x00, 0xF0, 0x01, 0x00, 0x00, 0xC0, 0x0F, 0x00, 0x00, 0x00,
  0x3F, 0x00, 0x00, 0x00, 0xFC, 0x00, 0x00, 0x00, 0xF0, 0x03, 0x00, 0x00, 0xC0, 0x0F, 0x00, 0x00,
  0x00, 0x0E, 0x00, 0x00, 0x00, 0x08, 0x07, 0x00, 0x38, 0x06, 0x00, 0x18, 0x0E, 0x00, 0x1C, 0x0C,
  0x00, 0x0C, 0x1C, 0x00, 0x0E, 0x38, 0x00, 0x07, 0x38, 0x00, 0x07, 0x70, 0x80, 0x03, 0x60, 0x80,
  0x01, 0xE0, 0xC0, 0x01, 0xC0, 0xC0, 0x00, 0xC0, 0xE1, 0x00, 0x80, 0x61, 0x00, 0x80, 0x73, 0x00,
  0x00, 0x33, 0x00, 0x00, 0x1E, 0x00, 0x00, 0x1E, 0x00, 0x00, 0x0C, 0x00, 0x00, 0x0C, 0x00, 0x00,
  0x00, 0x00, 0x86, 0x03, 0x00, 0x1C, 0x87, 0x03, 0x00, 0x1C, 0x07, 0x07, 0x00, 0x0E, 0x02, 0x06,
  0x00, 0x06, 0x00, 0x0E, 0x00, 0x07, 0x00, 0x0C, 0x00, 0x03, 0x00, 0x1C, 0x80, 0x03, 0x00, 0x18,
  0x80, 0x01, 0x00, 0x38, 0xC0, 0x01, 0x00, 0x30, 0xC0, 0x00, 0x00, 0x70, 0xE0, 0x00, 0x00, 0xE0,
  0x70, 0x00, 0x00, 0xC0, 0x30, 0x00, 0x00, 0xC0, 0x39, 0x00, 0x00, 0x80, 0x19, 0x00, 0x00, 0x80,
  0x1F, 0x00, 0x00, 0x00, 0x0F, 0x00, 0x00, 0x00, 0x0F, 0x00, 0x00, 0x00, 0x06, 0x00, 0x00, 0x00,
  0x04, 0x00, 0x80, 0x03, 0x00, 0x1C, 0x80, 0x03, 0x00, 0x1C, 0x00, 0x07, 0x00, 0x0E, 0x00, 0x07,
  0x00, 0x0E, 0x06, 0x0E, 0x00, 0x07, 0x07, 0x0C, 0x00, 0x03, 0x07, 0x1C, 0x80, 0x03, 0x02, 0x18,
  0x80, 0x01, 0x00, 0x38, 0xC0, 0x01, 0x00, 0x30, 0xC0, 0x00, 0x00, 0x70, 0xE0, 0x00, 0x06, 0xE0,
  0x70, 0x00, 0x07, 0xC0, 0x30, 0x00, 0x07, 0xC0, 0x39, 0x00, 0x02, 0x80, 0x19, 0x00, 0x00, 0x80,
  0x1F, 0x00, 0x00, 0x00, 0x0F, 0x00, 0x00, 0x00, 0x0F, 0x00, 0x00, 0x00, 0x06, 0x00, 0x00, 0x00,
  0x04, 0x00, 0x03, 0x00, 0x38, 0x07, 0x00, 0x38, 0x06, 0x00, 0x1C, 0x0E, 0x00, 0x0E, 0x0C, 0x00,
  0x0E, 0x9C, 0x1F, 0x07, 0x98, 0x1F, 0x07, 0x38, 0x80, 0x03, 0x30, 0x80, 0x01, 0x70, 0xC0, 0x01,
  0x60, 0xE0, 0x00, 0xC0, 0xE0, 0x00, 0xC0, 0x70, 0x00, 0x80, 0x31, 0x00, 0x80, 0x39, 0x00, 0x00,
  0x1F, 0x00, 0x00, 0x0F, 0x00, 0x00, 0x0E, 0x00, 0x00, 0x06, 0x00, 0x00, 0x04, 0x00, 0x03, 0x00,
  0x38, 0x07, 0x00, 0x38, 0x06, 0x00, 0x1C, 0x0E, 0x04, 0x0C, 0x1C, 0x0E, 0x0E, 0x18, 0x0E, 0x07,
  0x38, 0x04, 0x07, 0x30, 0x80, 0x03, 0x70, 0x80, 0x01, 0x60, 0xC0, 0x01, 0xE0, 0xC0, 0x00, 0xC0,
  0xE0, 0x00, 0xC0, 0x61, 0x00, 0x80, 0x71, 0x00, 0x80, 0x3B, 0x00, 0x00, 0x1B, 0x00, 0x00, 0x1F,
  0x00, 0x00, 0x0E, 0x00, 0x00, 0x0C, 0x00, 0x00, 0x04, 0x00, 0x00, 0x08, 0x00, 0x00, 0x0C, 0x00,
  0x00, 0x1E, 0x00, 0x00, 0x1E, 0x00, 0x00, 0x3F, 0x00, 0x00, 0x33, 0x00, 0x80, 0x73, 0x00, 0x80,
  0x61, 0x00, 0xC0, 0xE1, 0x00, 0xE0, 0xC0, 0x01, 0x60, 0x80, 0x01, 0x70, 0x80, 0x03, 0x30, 0x00,
  0x03, 0x38, 0x00, 0x07, 0x18, 0x00, 0x06, 0x1C, 0x00, 0x0E, 0x0C, 0x00, 0x1C, 0x0E, 0x00, 0x1C,
  0x07, 0x00, 0x38, 0x07, 0x00, 0x38, 0x00, 0x00, 0x04, 0x00, 0x00, 0x00, 0x06, 0x00, 0x00, 0x00,
  0x0F, 0x00, 0x00, 0x00, 0x0F, 0x00, 0x00, 0x80, 0x1F, 0x00, 0x00, 0x80, 0x19, 0x00, 0x00, 0xC0,
  0x39, 0x00, 0x00, 0xC0, 0x30, 0x00, 0x00, 0xE0, 0x70, 0x00, 0x00, 0x70, 0xE0, 0x00, 0x00, 0x30,
  0xC0, 0x00, 0x00, 0x38, 0xC0, 0x01, 0x00, 0x18, 0x80, 0x01, 0x00, 0x1C, 0x80, 0x03, 0x00, 0x0C,
  0x00, 0x03, 0x00, 0x0E, 0x00, 0x07, 0x06, 0x06, 0x00, 0x06, 0x07, 0x07, 0x00, 0x0E, 0x87, 0x03,
  0x00, 0x1C, 0x82, 0x03, 0x00, 0x1C, 0x00, 0x04, 0x00, 0x00, 0x0E, 0x00, 0x01, 0x0E, 0x00, 0x0F,
  0x04, 0x00, 0x3F, 0x00, 0x00, 0xFC, 0x00, 0x00, 0xF0, 0x03, 0x00, 0x80, 0x0F, 0x00, 0x00, 0x3E,
  0x00, 0x00, 0xF8, 0x00, 0x00, 0xE0, 0x07, 0x00, 0x80, 0x1F, 0x00, 0x00, 0x3E, 0x00, 0x80, 0x0F,
  0x00, 0xE0, 0x03, 0x00, 0xFC, 0x00, 0x00, 0x3F, 0x00, 0xC0, 0x0F, 0x00, 0xF0, 0x03, 0x00, 0xFC,
  0x00, 0x00, 0x3F, 0x00, 0x00, 0x07, 0x00, 0x00, 0x01, 0x00, 0x00, 0x01, 0x00, 0x00, 0x07, 0x00,
  0x00, 0x3F, 0x00, 0x00, 0xFC, 0x00, 0x00, 0xF0, 0x03, 0x00, 0xC0, 0x0F, 0x00, 0x00, 0x3F, 0x00,
  0x00, 0xF8, 0x00, 0x00, 0xE0, 0x03, 0x00, 0x80, 0x0F, 0x00, 0x00, 0x3E, 0x00, 0x80, 0x1F, 0x00,
  0xE0, 0x07, 0x00, 0xF8, 0x00, 0x00, 0x3E, 0x00, 0x80, 0x0F, 0x00, 0xF0, 0x03, 0x00, 0xFC, 0x00,
  0x00, 0x3F, 0x00, 0x00, 0x0F, 0x04, 0x00, 0x01, 0x0E, 0x00, 0x00, 0x0E, 0x00, 0x00, 0x04, 0x00,
  0x00, 0x04, 0x00, 0x00, 0x0E, 0x00, 0x00, 0x0E, 0x20, 0x00, 0x04, 0x3C, 0x00, 0x00, 0x3F, 0x00,
  0xC0, 0x0F, 0x00, 0xF0, 0x01, 0x00, 0x7C, 0x00, 0x00, 0x1F, 0x00, 0xC0, 0x07, 0x00, 0xF8, 0x01,
  0x00, 0x3E, 0x00, 0x00, 0x1F, 0x00, 0x00, 0x7C, 0x00, 0x00, 0xF0, 0x01, 0x00, 0xC0, 0x07, 0x00,
  0x00, 0x1F, 0x00, 0x00, 0xFC, 0x00, 0x00, 0xF0, 0x03, 0x00, 0xC0, 0x0F, 0x00, 0x00, 0x3F, 0x00,
  0x00, 0x3C, 0x00, 0x00, 0x20, 0x00, 0x00, 0x20, 0x00, 0x00, 0x3C, 0x00, 0x00, 0x3F, 0x00, 0xC0,
  0x0F, 0x00, 0xF0, 0x03, 0x00, 0xFC, 0x00, 0x00, 0x1F, 0x00, 0xC0, 0x07, 0x00, 0xF0, 0x01, 0x00,
  0x7C, 0x00, 0x00, 0x1F, 0x00, 0x00, 0x3E, 0x00, 0x00, 0xF8, 0x01, 0x00, 0xC0, 0x07, 0x00, 0x00,
  0x1F, 0x00, 0x00, 0x7C, 0x00, 0x00, 0xF0, 0x01, 0x00, 0xC0, 0x0F, 0x00, 0x00, 0x3F, 0x00, 0x04,
  0x3C, 0x00, 0x0E, 0x20, 0x00, 0x0E, 0x00, 0x00, 0x04, 0x00, 0x00, 0x00, 0x01, 0x00, 0x00, 0x80,
  0x03, 0x00, 0x00, 0x80, 0x03, 0x08, 0x00, 0x00, 0x01, 0x0F, 0x00, 0x00, 0xC0, 0x0F, 0x00, 0x00,
  0xF0, 0x01, 0x00, 0x00, 0x7C, 0x00, 0x00, 0x80, 0x1F, 0x00, 0x00, 0xE0, 0x03, 0x00, 0x00, 0xF8,
  0x00, 0x00, 0x06, 0x3E, 0x00, 0x00, 0xC7, 0x0F, 0x00, 0x00, 0xC7, 0x07, 0x00, 0x00, 0x02, 0x3F,
  0x00, 0x00, 0x00, 0xFC, 0x00, 0x00, 0x00, 0xF0, 0x03, 0x00, 0x00, 0xC0, 0x0F, 0x00, 0x00, 0x00,
  0x3E, 0x00, 0x00, 0x00, 0xF8, 0x00, 0x00, 0x00, 0xE0, 0x03, 0x00, 0x00, 0x80, 0x0F, 0x00, 0x00,
  0x00, 0x0E, 0x00, 0x00, 0x00, 0x08, 0x00, 0x00, 0x00, 0x08, 0x00, 0x00, 0x00, 0x0E, 0x00, 0x00,
  0x80, 0x0F, 0x00, 0x00, 0xE0, 0x03, 0x00, 0x00, 0xFC, 0x00, 0x00, 0x00, 0x3F, 0x00, 0x00, 0xC0,
  0x0F, 0x00, 0x00, 0xF0, 0x03, 0x00, 0x00, 0xFC, 0x00, 0x00, 0x06, 0x3F, 0x00, 0x00, 0xC7, 0x07,
  0x00, 0x00, 0xC7, 0x0F, 0x00, 0x00, 0x02, 0x3E, 0x00, 0x00, 0x00, 0xF8, 0x00, 0x00, 0x00, 0xE0,
  0x07, 0x00, 0x00, 0x80, 0x1F, 0x00, 0x00, 0x00, 0x7C, 0x00, 0x00, 0x00, 0xF0, 0x01, 0x00, 0x00,
  0xC0, 0x0F, 0x00, 0x00, 0x01, 0x0F, 0x00, 0x80, 0x03, 0x08, 0x00, 0x80, 0x03, 0x00, 0x00, 0x00,
  0x01, 0x00, 0x00, 0x04, 0x00, 0x00, 0x0E, 0x00, 0x00, 0x0E, 0x00, 0x00, 0x04, 0x00, 0x07, 0x00,
  0x38, 0x06, 0x00, 0x1C, 0x0E, 0x00, 0x1C, 0x0C, 0x00, 0x0E, 0x1C, 0x00, 0x06, 0x38, 0x00, 0x07,
  0x30, 0x80, 0x03, 0x70, 0x80, 0x03, 0x60, 0xC0, 0x01, 0xE0, 0xC0, 0x00, 0xC0, 0xE0, 0x00, 0xC0,
  0x61, 0x00, 0x80, 0x71, 0x00, 0x80, 0x3B, 0x00, 0x00, 0x1B, 0x00, 0x00, 0x1F, 0x00, 0x00, 0x0E,
  0x00, 0x00, 0x0E, 0x00, 0x00, 0x04, 0x00, 0x07, 0x00, 0x38, 0x06, 0x00, 0x1C, 0x0E, 0x00, 0x1C,
  0x0C, 0x00, 0x0E, 0x1C, 0x00, 0x0E, 0x18, 0x00, 0x07, 0x38, 0x00, 0x03, 0x30, 0x80, 0x03, 0x70,
  0xC0, 0x01, 0x60, 0xC0, 0x01, 0xE0, 0xE0, 0x00, 0xC0, 0x60, 0x00, 0x80, 0x71, 0x00, 0x80, 0x31,
  0x00, 0x00, 0x3B, 0x00, 0x00, 0x1B, 0x00, 0x00, 0x0E, 0x00, 0x00, 0x0E, 0x00, 0x00, 0x04, 0x00,
  0x00, 0x00, 0x00, 0x00, 0x00, 0x00, 0x00, 0x04, 0x00, 0x00, 0x0E, 0x00, 0x00, 0x0E, 0x00, 0x00,
  0x04, 0x00, 0x00, 0x00, 0x02, 0x00, 0x00, 0x00, 0x07, 0x00, 0x00, 0x00, 0x07, 0x00, 0x02, 0x00,
  0x02, 0x00, 0x87, 0x03, 0x00, 0x1C, 0x07, 0x03, 0x00, 0x0E, 0x07, 0x07, 0x00, 0x0E, 0x00, 0x06,
  0x00, 0x07, 0x00, 0x0E, 0x00, 0x03, 0x00, 0x1C, 0x80, 0x03, 0x00, 0x18, 0xC0, 0x01, 0x00, 0x38,
  0xC0, 0x01, 0x00, 0x30, 0xE0, 0x00, 0x00, 0x70, 0x60, 0x00, 0x00, 0x60, 0x70, 0x00, 0x00, 0xE0,
  0x30, 0x00, 0x00, 0xC0, 0x38, 0x00, 0x00, 0xC0, 0x1D, 0x00, 0x00, 0x80, 0x0D, 0x00, 0x00, 0x80,
  0x0F, 0x00, 0x00, 0x00, 0x07, 0x00, 0x00, 0x00, 0x07, 0x00, 0x00, 0x00, 0x02, 0x00, 0x86, 0x03,
  0x00, 0x1C, 0x87, 0x03, 0x00, 0x1C, 0x07, 0x07, 0x00, 0x0E, 0x02, 0x06, 0x00, 0x07, 0x00, 0x0E,
  0x00, 0x07, 0x00, 0x0C, 0x80, 0x03, 0x00, 0x1C, 0x80, 0x01, 0x00, 0x18, 0xC0, 0x01, 0x00, 0x38,
  0xC0, 0x00, 0x00, 0x30, 0xE0, 0x00, 0x00, 0x70, 0x70, 0x00, 0x00, 0x60, 0x30, 0x00, 0x00, 0xE0,
  0x38, 0x00, 0x00, 0xC0, 0x18, 0x00, 0x00, 0x80, 0x1D, 0x00, 0x00, 0x80, 0x0D, 0x00, 0x00, 0x00,
  0x07, 0x00, 0x00, 0x00, 0x07, 0x00, 0x00, 0x00, 0x02, 0x00, 0x00, 0x00, 0x00, 0x00, 0x00, 0x00,
  0x00, 0x00, 0x00, 0x00, 0x02, 0x00, 0x00, 0x00, 0x07, 0x00, 0x00, 0x00, 0x07, 0x00, 0x00, 0x00,
  0x02, 0x00, 0x00, 0x04, 0x00, 0x00, 0x0E, 0x00, 0x00, 0x0E, 0x00, 0x00, 0x04, 0x00, 0x00, 0x00,
  0x00, 0x00, 0x04, 0x00, 0x00, 0x04, 0x00, 0x00, 0x0E, 0x00, 0x00, 0x0E, 0x00, 0x00, 0x1B, 0x00,
  0x00, 0x3B, 0x00, 0x80, 0x31, 0x00, 0x80, 0x71, 0x00, 0xC0, 0x60, 0x00, 0xE0, 0xE0, 0x00, 0x60,
  0xC0, 0x01, 0x70, 0xC0, 0x01, 0x30, 0x80, 0x03, 0x38, 0x00, 0x03, 0x18, 0x00, 0x07, 0x1C, 0x00,
  0x0E, 0x0C, 0x00, 0x0E, 0x0E, 0x00, 0x1C, 0x06, 0x00, 0x1C, 0x07, 0x00, 0x38, 0x00, 0x04, 0x00,
  0x00, 0x0C, 0x00, 0x00, 0x0E, 0x00, 0x00, 0x1F, 0x00, 0x00, 0x1B, 0x00, 0x80, 0x3B, 0x00, 0x80,
  0x71, 0x00, 0xC0, 0x61, 0x00, 0xC0, 0xE0, 0x00, 0xE0, 0xC0, 0x00, 0x60, 0xC0, 0x01, 0x70, 0x80,
  0x03, 0x30, 0x80, 0x03, 0x38, 0x00, 0x07, 0x1C, 0x00, 0x06, 0x0C, 0x00, 0x0E, 0x0E, 0x00, 0x1C,
  0x06, 0x00, 0x1C, 0x07, 0x00, 0x38, 0x00, 0x04, 0x00, 0x00, 0x0E, 0x00, 0x00, 0x0E, 0x00, 0x00,
  0x04, 0x00, 0x00, 0x00, 0x02, 0x00, 0x00, 0x00, 0x07, 0x00, 0x00, 0x00, 0x07, 0x00, 0x00, 0x00,
  0x02, 0x00, 0x00, 0x00, 0x00, 0x00, 0x00, 0x00, 0x02, 0x00, 0x00, 0x00, 0x02, 0x00, 0x00, 0x00,
  0x07, 0x00, 0x00, 0x00, 0x07, 0x00, 0x00, 0x80, 0x0D, 0x00, 0x00, 0x80, 0x1D, 0x00, 0x00, 0xC0,
  0x18, 0x00, 0x00, 0xE0, 0x38, 0x00, 0x00, 0x60, 0x70, 0x00, 0x00, 0x70, 0x70, 0x00, 0x00, 0x30,
  0xE0, 0x00, 0x00, 0x38, 0xC0, 0x00, 0x00, 0x18, 0xC0, 0x01, 0x00, 0x1C, 0x80, 0x03, 0x00, 0x0C,
  0x80, 0x03, 0x00, 0x0E, 0x00, 0x07, 0x06, 0x06, 0x00, 0x07, 0x07, 0x07, 0x00, 0x0E, 0x87, 0x03,
  0x00, 0x1C, 0x82, 0x03, 0x00, 0x1C, 0x00, 0x00, 0x02, 0x00, 0x00, 0x00, 0x06, 0x00, 0x00, 0x00,
  0x07, 0x00, 0x00, 0x80, 0x0F, 0x00, 0x00, 0x80, 0x0D, 0x00, 0x00, 0xC0, 0x1D, 0x00, 0x00, 0xC0,
  0x38, 0x00, 0x00, 0xE0, 0x38, 0x00, 0x00, 0x60, 0x70, 0x00, 0x00, 0x70, 0x60, 0x00, 0x00, 0x30,
  0xE0, 0x00, 0x00, 0x38, 0xC0, 0x01, 0x00, 0x18, 0xC0, 0x01, 0x00, 0x1C, 0x80, 0x03, 0x00, 0x0E,
  0x80, 0x03, 0x00, 0x0E, 0x00, 0x07, 0x06, 0x07, 0x00, 0x0E, 0x07, 0x03, 0x00, 0x0E, 0x87, 0x03,
  0x00, 0x1C, 0x82, 0x01, 0x02, 0x1C, 0x00, 0x00, 0x07, 0x00, 0x00, 0x00, 0x07, 0x00, 0x00, 0x00,
  0x02, 0x00, 0x00, 0x00, 0x00, 0x00, 0x00, 0xC0, 0x00, 0x00, 0x00, 0xC0, 0x01, 0x00, 0x00, 0xE0,
  0x01, 0x00, 0xC0, 0xE0, 0x03, 0x00, 0xE0, 0x70, 0x03, 0x00, 0xE0, 0x30, 0x07, 0x00, 0x40, 0x18,
  0x0E, 0x00, 0x00, 0x18, 0x0E, 0x00, 0x00, 0x0C, 0x1C, 0x00, 0x00, 0x0C, 0x18, 0x00, 0x00, 0x06,
  0x38, 0x00, 0x00, 0x06, 0x70, 0x00, 0x06, 0x03, 0x70, 0x00, 0x07, 0x01, 0xE0, 0x00, 0x87, 0x01,
  0xC0, 0x00, 0x82, 0x00, 0xC0, 0x01, 0xC0, 0x00, 0x80, 0x03, 0x40, 0x00, 0x80, 0x03, 0x60, 0x00,
  0x00, 0x07, 0x40, 0x00, 0xE0, 0x00, 0xE0, 0x00, 0xF0, 0x01, 0xB8, 0x03, 0x18, 0x03, 0x1C, 0x07,
  0x0C, 0x06, 0x0E, 0x0E, 0x07, 0x1C, 0xFF, 0x07, 0xFF, 0x07, 0xFF, 0x07, 0xFF, 0x07, 0x18, 0x00,
  0x18, 0x00, 0x18, 0x00, 0x18, 0x00, 0xF8, 0x07, 0xF0, 0x07, 0xFF, 0x7F, 0x00, 0xFF, 0xFF, 0x03,
  0x00, 0x80, 0x0F, 0x00, 0x00, 0x1C, 0x00, 0x00, 0x18, 0x00, 0x00, 0x18, 0x00, 0x00, 0x30, 0x00,
  0x00, 0x30, 0x00, 0x00, 0x30, 0x00, 0x00, 0x30, 0x00, 0x00, 0x30, 0x00, 0x00, 0x30, 0x00, 0x00,
  0x30, 0x00, 0x00, 0x18, 0x00, 0x00, 0x18, 0x00, 0x00, 0x1C, 0x00, 0x80, 0x0F, 0xFF, 0xFF, 0x03,
  0xFF, 0x7F, 0x00, 0x00, 0x00, 0xFF, 0x7F, 0x00, 0xE0, 0xFF, 0x7F, 0x00, 0xF8, 0x00, 0x00, 0x00,
  0x18, 0x00, 0x00, 0x00, 0x0C, 0x00, 0x00, 0x00, 0x0C, 0x00, 0x00, 0x00, 0x06, 0x00, 0x00, 0x1E,
  0x06, 0x00, 0x00, 0x3F, 0x06, 0x00, 0x00, 0x33, 0x06, 0x00, 0x00, 0x33, 0x06, 0x00, 0x00, 0x3F,
  0x06, 0x00, 0x00, 0x1E, 0x06, 0x00, 0x00, 0x00, 0x0C, 0x00, 0x00, 0x00, 0x0C, 0x00, 0x00, 0x00,
  0x1C, 0x00, 0x00, 0x00, 0xF8, 0x00, 0x00, 0x00, 0xE0, 0xFF, 0x7F, 0x00, 0x00, 0xFF, 0x7F, 0x80,
  0xFF, 0x3F, 0xF0, 0xFF, 0x3F, 0x7C, 0x00, 0x00, 0x0C, 0x00, 0x00, 0x06, 0x00, 0x00, 0x06, 0x00,
  0x00, 0x03, 0x00, 0x00, 0x03, 0x00, 0x00, 0x03, 0x00, 0x00, 0x03, 0x00, 0x00, 0x03, 0x00, 0x00,
  0x03, 0x00, 0x00, 0x03, 0x00, 0x00, 0x06, 0x00, 0x00, 0x06, 0x00, 0x00, 0x0E, 0x00, 0x00, 0x7C,
  0x00, 0x00, 0xF0, 0xFF, 0x3F, 0x80, 0xFF, 0x3F, 0x00, 0xE0, 0xFF, 0x0F, 0x00, 0xFC, 0xFF, 0x0F,
  0x00, 0x1F, 0x00, 0x00, 0x00, 0x03, 0x00, 0x00, 0x80, 0x01, 0x00, 0x00, 0x80, 0x01, 0x00, 0x00,
  0xC0, 0x00, 0x00, 0x00, 0xC0, 0x00, 0x00, 0x00, 0xC6, 0x00, 0x00, 0x00, 0xC7, 0x00, 0x00, 0x00,
  0xC7, 0x00, 0x00, 0x00, 0xC2, 0x00, 0x00, 0x00, 0xC0, 0x00, 0x00, 0x00, 0x80, 0x01, 0x00, 0x00,
  0x80, 0x01, 0x00, 0x00, 0x80, 0x03, 0x00, 0x00, 0x00, 0x1F, 0x00, 0x00, 0x00, 0xFC, 0xFF, 0x0F,
  0x00, 0xE0, 0xFF, 0x0F, 0x03, 0x00, 0x30, 0x03, 0x00, 0x30, 0x03, 0x00, 0x30, 0x03, 0x00, 0x30,
  0x03, 0x00, 0x30, 0x03, 0x00, 0x30, 0x03, 0x00, 0x30, 0x03, 0x00, 0x30, 0x03, 0x00, 0x30, 0x06,
  0x00, 0x18, 0x06, 0x00, 0x18, 0x06, 0x00, 0x18, 0x0C, 0x00, 0x0C, 0x1C, 0x00, 0x0E, 0x78, 0x80,
  0x07, 0xF0, 0xFF, 0x03, 0x80, 0x7F, 0x00, 0xC0, 0x00, 0x00, 0x0C, 0xC0, 0x00, 0x00, 0x0C, 0xC0,
  0x00, 0x00, 0x0C, 0xC0, 0x00, 0x00, 0x0C, 0xC6, 0x00, 0x00, 0x0C, 0xC7, 0x00, 0x00, 0x0C, 0xC7,
  0x00, 0x00, 0x0C, 0xC2, 0x00, 0x00, 0x0C, 0xC0, 0x00, 0x00, 0x0C, 0x80, 0x01, 0x00, 0x06, 0x80,
  0x01, 0x00, 0x06, 0x80, 0x01, 0x00, 0x06, 0x00, 0x03, 0x00, 0x03, 0x00, 0x07, 0x80, 0x03, 0x00,
  0x1E, 0xE0, 0x01, 0x00, 0xFC, 0xFF, 0x00, 0x00, 0xE0, 0x1F, 0x00, 0xC0, 0x00, 0x00, 0x0C, 0xC2,
  0x00, 0x00, 0x0C, 0xC7, 0x00, 0x00, 0x0C, 0xC7, 0x00, 0x00, 0x0C, 0xC2, 0x00, 0x00, 0x0C, 0xC0,
  0x00, 0x00, 0x0C, 0xC0, 0x00, 0x00, 0x0C, 0xC0, 0x00, 0x00, 0x0C, 0xC6, 0x00, 0x00, 0x0C, 0x87,
  0x01, 0x00, 0x06, 0x87, 0x01, 0x00, 0x06, 0x82, 0x01, 0x00, 0x06, 0x00, 0x03, 0x00, 0x03, 0x00,
  0x07, 0x80, 0x03, 0x00, 0x1E, 0xE0, 0x01, 0x00, 0xFC, 0xFF, 0x00, 0x00, 0xE0, 0x1F, 0x00, 0x03,
  0x00, 0x30, 0x03, 0x00, 0x30, 0x03, 0x00, 0x30, 0x03, 0x00, 0x30, 0x03, 0x00, 0x30, 0x03, 0x00,
  0x30, 0x03, 0x3F, 0x30, 0x03, 0x3F, 0x30, 0x03, 0x00, 0x30, 0x03, 0x00, 0x30, 0x06, 0x00, 0x18,
  0x06, 0x00, 0x18, 0x06, 0x00, 0x18, 0x0C, 0x00, 0x0C, 0x1C, 0x00, 0x0E, 0x78, 0x80, 0x07, 0xF0,
  0xFF, 0x03, 0x80, 0x7F, 0x00, 0x03, 0x00, 0x30, 0x03, 0x00, 0x30, 0x03, 0x00, 0x30, 0x03, 0x00,
  0x30, 0x03, 0x00, 0x30, 0x03, 0x04, 0x30, 0x03, 0x0E, 0x30, 0x03, 0x0E, 0x30, 0x03, 0x04, 0x30,
  0x03, 0x00, 0x30, 0x06, 0x00, 0x18, 0x06, 0x00, 0x18, 0x06, 0x00, 0x18, 0x0C, 0x00, 0x0C, 0x1C,
  0x00, 0x0E, 0x78, 0x80, 0x07, 0xE0, 0xFF, 0x01, 0x80, 0x7F, 0x00, 0x80, 0x7F, 0x00, 0xF0, 0xFF,
  0x03, 0x78, 0x80, 0x07, 0x1C, 0x00, 0x0E, 0x0C, 0x00, 0x0C, 0x06, 0x00, 0x18, 0x06, 0x00, 0x18,
  0x06, 0x00, 0x18, 0x03, 0x00, 0x30, 0x03, 0x00, 0x30, 0x03, 0x00, 0x30, 0x03, 0x00, 0x30, 0x03,
  0x00, 0x30, 0x03, 0x00, 0x30, 0x03, 0x00, 0x30, 0x03, 0x00, 0x30, 0x03, 0x00, 0x30, 0x03, 0x00,
  0x30, 0x00, 0xE0, 0x1F, 0x00, 0x00, 0xFC, 0xFF, 0x00, 0x00, 0x1E, 0xE0, 0x01, 0x00, 0x07, 0x80,
  0x03, 0x00, 0x03, 0x00, 0x03, 0x80, 0x01, 0x00, 0x06, 0x80, 0x01, 0x00, 0x06, 0x80, 0x01, 0x00,
  0x06, 0xC0, 0x00, 0x00, 0x0C, 0xC0, 0x00, 0x00, 0x0C, 0xC6, 0x00, 0x00, 0x0C, 0xC7, 0x00, 0x00,
  0x0C, 0xC7, 0x00, 0x00, 0x0C, 0xC2, 0x00, 0x00, 0x0C, 0xC0, 0x00, 0x00, 0x0C, 0xC0, 0x00, 0x00,
  0x0C, 0xC0, 0x00, 0x00, 0x0C, 0xC0, 0x00, 0x00, 0x0C, 0x00, 0x04, 0x00, 0x00, 0x0E, 0x00, 0x00,
  0x0E, 0x00, 0x00, 0x04, 0x00, 0x00, 0x00, 0x00, 0x00, 0x00, 0x00, 0xFF, 0x7F, 0x00, 0xFF, 0xFF,
  0x03, 0x00, 0x80, 0x0F, 0x00, 0x00, 0x1C, 0x00, 0x00, 0x18, 0x00, 0x00, 0x18, 0x00, 0x00, 0x30,
  0x00, 0x00, 0x30, 0x00, 0x00, 0x30, 0x00, 0x00, 0x30, 0x00, 0x00, 0x30, 0x00, 0x00, 0x30, 0x00,
  0x00, 0x30, 0x00, 0x00, 0x38, 0x00, 0x00, 0x18, 0x00, 0x00, 0x1C, 0x00, 0x80, 0x0F, 0xFF, 0xFF,
  0x03, 0xFF, 0x7F, 0x00, 0xFF, 0x7F, 0x00, 0xFF, 0xFF, 0x03, 0x00, 0x80, 0x0F, 0x00, 0x00, 0x1C,
  0x00, 0x00, 0x18, 0x00, 0x00, 0x18, 0x00, 0x00, 0x30, 0x00, 0x00, 0x30, 0x00, 0x00, 0x30, 0x00,
  0x00, 0x30, 0x00, 0x00, 0x30, 0x00, 0x00, 0x30, 0x00, 0x00, 0x30, 0x00, 0x00, 0x18, 0x00, 0x00,
  0x18, 0x00, 0x00, 0x1C, 0x00, 0x80, 0x0F, 0xFF, 0xFF, 0x03, 0xFF, 0x7F, 0x00, 0x00, 0x00, 0x00,
  0x00, 0x00, 0x00, 0x00, 0x00, 0x00, 0x00, 0x04, 0x00, 0x00, 0x0E, 0x00, 0x00, 0x0E, 0x00, 0x00,
  0x04, 0x00, 0x00, 0x04, 0x00, 0x00, 0x0E, 0x00, 0x00, 0x0E, 0x00, 0x00, 0x04, 0x00, 0x00, 0x00,
  0x00, 0x00, 0x00, 0x00, 0x80, 0xFF, 0x3F, 0xF0, 0xFF, 0x3F, 0x7C, 0x00, 0x00, 0x0C, 0x00, 0x00,
  0x06, 0x00, 0x00, 0x06, 0x00, 0x00, 0x03, 0x00, 0x00, 0x03, 0x00, 0x00, 0x03, 0x00, 0x00, 0x03,
  0x00, 0x00, 0x03, 0x00, 0x00, 0x03, 0x00, 0x00, 0x03, 0x00, 0x00, 0x06, 0x00, 0x00, 0x06, 0x00,
  0x00, 0x0E, 0x00, 0x00, 0x7C, 0x00, 0x00, 0xF0, 0xFF, 0x3F, 0x80, 0xFF, 0x3F, 0x80, 0xFF, 0x3F,
  0xF0, 0xFF, 0x3F, 0x7C, 0x00, 0x00, 0x0C, 0x00, 0x00, 0x06, 0x00, 0x00, 0x06, 0x00, 0x00, 0x03,
  0x00, 0x00, 0x03, 0x00, 0x00, 0x03, 0x00, 0x00, 0x03, 0x00, 0x00, 0x03, 0x00, 0x00, 0x03, 0x00,
  0x00, 0x03, 0x00, 0x00, 0x06, 0x00, 0x00, 0x06, 0x00, 0x00, 0x0E, 0x00, 0x00, 0x7C, 0x00, 0x00,
  0xF0, 0xFF, 0x3F, 0x80, 0xFF, 0x3F, 0x00, 0x00, 0x00, 0x00, 0x00, 0x00, 0x00, 0x00, 0x00, 0x00,
  0x04, 0x00, 0x00, 0x0E, 0x00, 0x00, 0x0E, 0x00, 0x00, 0x04, 0x00, 0x00, 0x00, 0x01, 0x00, 0x00,
  0x80, 0x03, 0x00, 0x00, 0x80, 0x03, 0x00, 0x00, 0x00, 0x01, 0x00, 0x00, 0x00, 0x00, 0x00, 0x00,
  0x00, 0x00, 0x00, 0x00, 0xE0, 0xFF, 0x0F, 0x00, 0xFC, 0xFF, 0x0F, 0x00, 0x1F, 0x00, 0x00, 0x00,
  0x03, 0x00, 0x00, 0x80, 0x01, 0x00, 0x00, 0x80, 0x01, 0x00, 0x00, 0xC0, 0x00, 0x00, 0x00, 0xC0,
  0x00, 0x00, 0x00, 0xC2, 0x00, 0x00, 0x00, 0xC7, 0x00, 0x00, 0x00, 0xC7, 0x00, 0x00, 0x00, 0xC2,
  0x00, 0x00, 0x00, 0xC0, 0x00, 0x00, 0x00, 0x80, 0x01, 0x00, 0x00, 0x80, 0x01, 0x00, 0x00, 0x80,
  0x03, 0x00, 0x00, 0x00, 0x1F, 0x00, 0x00, 0x00, 0xFC, 0xFF, 0x0F, 0x00, 0xE0, 0xFF, 0x0F, 0x00,
  0xE0, 0xFF, 0x0F, 0x00, 0xFC, 0xFF, 0x0F, 0x00, 0x1F, 0x00, 0x00, 0x00, 0x03, 0x00, 0x00, 0x80,
  0x01, 0x00, 0x00, 0x80, 0x01, 0x00, 0x00, 0xC0, 0x00, 0x00, 0x00, 0xC0, 0x00, 0x00, 0x00, 0xC6,
  0x00, 0x00, 0x00, 0xC7, 0x00, 0x00, 0x00, 0xC7, 0x00, 0x00, 0x00, 0xC2, 0x00, 0x00, 0x00, 0xC0,
  0x00, 0x00, 0x00, 0x80, 0x01, 0x00, 0x00, 0x80, 0x01, 0x00, 0x00, 0x80, 0x03, 0x00, 0x00, 0x00,
  0x1F, 0x00, 0x00, 0x00, 0xFC, 0xFF, 0x0F, 0x00, 0xE0, 0xFF, 0x0F, 0x00, 0x00, 0x00, 0x00, 0x00,
  0x00, 0x00, 0x00, 0x00, 0x00, 0x00, 0x00, 0x00, 0x00, 0x01, 0x00, 0x00, 0x80, 0x03, 0x00, 0x00,
  0x80, 0x03, 0x00, 0x00, 0x00, 0x01, 0x00, 0x00, 0x04, 0x00, 0x00, 0x0E, 0x00, 0x00, 0x0E, 0x00,
  0x00, 0x04, 0x00, 0x03, 0x00, 0x30, 0x03, 0x00, 0x30, 0x03, 0x00, 0x30, 0x03, 0x00, 0x30, 0x03,
  0x00, 0x30, 0x03, 0x00, 0x30, 0x03, 0x00, 0x30, 0x03, 0x00, 0x30, 0x03, 0x00, 0x30, 0x06, 0x00,
  0x18, 0x06, 0x00, 0x18, 0x06, 0x00, 0x18, 0x0C, 0x00, 0x0C, 0x1C, 0x00, 0x0E, 0x78, 0x80, 0x07,
  0xF0, 0xFF, 0x03, 0x80, 0x7F, 0x00, 0x03, 0x00, 0x30, 0x03, 0x00, 0x30, 0x03, 0x00, 0x30, 0x03,
  0x00, 0x30, 0x03, 0x00, 0x30, 0x03, 0x00, 0x30, 0x03, 0x00, 0x30, 0x03, 0x00, 0x30, 0x03, 0x00,
  0x30, 0x06, 0x00, 0x18, 0x06, 0x00, 0x18, 0x06, 0x00, 0x18, 0x0C, 0x00, 0x0C, 0x1C, 0x00, 0x0E,
  0x78, 0x80, 0x07, 0xF0, 0xFF, 0x03, 0x80, 0x7F, 0x00, 0x00, 0x00, 0x00, 0x00, 0x00, 0x00, 0x00,
  0x04, 0x00, 0x00, 0x0E, 0x00, 0x00, 0x0E, 0x00, 0x00, 0x04, 0x00, 0x00, 0x00, 0x01, 0x00, 0x00,
  0x80, 0x03, 0x00, 0x00, 0x80, 0x03, 0x00, 0x00, 0x00, 0x01, 0x00, 0xC0, 0x00, 0x00, 0x0C, 0xC0,
  0x00, 0x00, 0x0C, 0xC0, 0x00, 0x00, 0x0C, 0xC2, 0x00, 0x00, 0x0C, 0xC7, 0x00, 0x00, 0x0C, 0xC7,
  0x00, 0x00, 0x0C, 0xC2, 0x00, 0x00, 0x0C, 0xC0, 0x00, 0x00, 0x0C, 0xC0, 0x00, 0x00, 0x0C, 0x80,
  0x01, 0x00, 0x06, 0x80, 0x01, 0x00, 0x06, 0x80, 0x01, 0x00, 0x06, 0x00, 0x03, 0x00, 0x03, 0x00,
  0x07, 0x80, 0x03, 0x00, 0x1E, 0xE0, 0x01, 0x00, 0xFC, 0xFF, 0x00, 0x00, 0xE0, 0x1F, 0x00, 0xC0,
  0x00, 0x00, 0x0C, 0xC0, 0x00, 0x00, 0x0C, 0xC0, 0x00, 0x00, 0x0C, 0xC0, 0x00, 0x00, 0x0C, 0xC6,
  0x00, 0x00, 0x0C, 0xC7, 0x00, 0x00, 0x0C, 0xC7, 0x00, 0x00, 0x0C, 0xC2, 0x00, 0x00, 0x0C, 0xC0,
  0x00, 0x00, 0x0C, 0x80, 0x01, 0x00, 0x06, 0x80, 0x01, 0x00, 0x06, 0x80, 0x01, 0x00, 0x06, 0x00,
  0x03, 0x00, 0x03, 0x00, 0x07, 0x80, 0x03, 0x00, 0x1E, 0xE0, 0x01, 0x00, 0xFC, 0xFF, 0x00, 0x00,
  0xE0, 0x1F, 0x00, 0x00, 0x00, 0x00, 0x00, 0x00, 0x00, 0x00, 0x00, 0x00, 0x00, 0x01, 0x00, 0x00,
  0x80, 0x03, 0x00, 0x00, 0x80, 0x03, 0x00, 0x00, 0x00, 0x01, 0x00, 0x00, 0x04, 0x00, 0x00, 0x0E,
  0x00, 0x00, 0x0E, 0x00, 0x00, 0x04, 0x00, 0x00, 0x00, 0x00, 0x00, 0x00, 0x00, 0x80, 0x7F, 0x00,
  0xF0, 0xFF, 0x03, 0x78, 0x80, 0x07, 0x1C, 0x00, 0x0E, 0x0C, 0x00, 0x0C, 0x06, 0x00, 0x18, 0x06,
  0x00, 0x18, 0x06, 0x00, 0x18, 0x03, 0x00, 0x30, 0x03, 0x00, 0x30, 0x03, 0x00, 0x30, 0x03, 0x00,
  0x30, 0x03, 0x00, 0x30, 0x03, 0x00, 0x30, 0x03, 0x00, 0x30, 0x03, 0x00, 0x30, 0x03, 0x00, 0x30,
  0x03, 0x00, 0x30, 0x80, 0x7F, 0x00, 0xF0, 0xFF, 0x03, 0x78, 0x80, 0x07, 0x1C, 0x00, 0x0E, 0x0C,
  0x00, 0x0C, 0x06, 0x00, 0x18, 0x06, 0x00, 0x18, 0x06, 0x00, 0x18, 0x03, 0x00, 0x30, 0x03, 0x00,
  0x30, 0x03, 0x00, 0x30, 0x03, 0x00, 0x30, 0x03, 0x00, 0x30, 0x03, 0x00, 0x30, 0x03, 0x00, 0x30,
  0x03, 0x00, 0x30, 0x03, 0x00, 0x30, 0x00, 0x04, 0x00, 0x00, 0x0E, 0x00, 0x00, 0x0E, 0x00, 0x00,
  0x04, 0x00, 0x00, 0x00, 0x01, 0x00, 0x00, 0x80, 0x03, 0x00, 0x00, 0x80, 0x03, 0x00, 0x00, 0x00,
  0x01, 0x00, 0x00, 0x00, 0x00, 0x00, 0x00, 0x00, 0x00, 0x00, 0x00, 0xE0, 0x1F, 0x00, 0x00, 0xFC,
  0xFF, 0x00, 0x00, 0x1E, 0xE0, 0x01, 0x00, 0x07, 0x80, 0x03, 0x00, 0x03, 0x00, 0x03, 0x80, 0x01,
  0x00, 0x06, 0x80, 0x01, 0x00, 0x06, 0x80, 0x01, 0x00, 0x06, 0xC0, 0x00, 0x00, 0x0C, 0xC6, 0x00,
  0x00, 0x0C, 0xC7, 0x00, 0x00, 0x0C, 0xC7, 0x00, 0x00, 0x0C, 0xC2, 0x00, 0x00, 0x0C, 0xC0, 0x00,
  0x00, 0x0C, 0xC0, 0x00, 0x00, 0x0C, 0xC0, 0x00, 0x00, 0x0C, 0xC0, 0x00, 0x00, 0x0C, 0xC0, 0x00,
  0x00, 0x0C, 0x00, 0xE0, 0x1F, 0x00, 0x00, 0xFC, 0xFF, 0x00, 0x00, 0x1E, 0xE0, 0x01, 0x00, 0x07,
  0x80, 0x03, 0x00, 0x03, 0x00, 0x03, 0x80, 0x01, 0x00, 0x06, 0x80, 0x01, 0x00, 0x06, 0x80, 0x01,
  0x00, 0x06, 0xC0, 0x00, 0x00, 0x0C, 0xC0, 0x00, 0x00, 0x0C, 0xC6, 0x00, 0x00, 0x0C, 0xC7, 0x00,
  0x00, 0x0C, 0xC7, 0x00, 0x00, 0x0C, 0xC2, 0x00, 0x00, 0x0C, 0xC0, 0x00, 0x00, 0x0C, 0xC0, 0x00,
  0x00, 0x0C, 0xC0, 0x00, 0x00, 0x0C, 0x00, 0x00, 0x01, 0x00, 0x00, 0x80, 0x03, 0x00, 0x00, 0x80,
  0x03, 0x00, 0x00, 0x00, 0x01, 0x00, 0x20, 0x80, 0x01, 0x70, 0xC0, 0x01, 0x70, 0xC0, 0x01, 0x20,
  0x80, 0x00, 0x00, 0x00, 0x00, 0x00, 0x00, 0x00, 0x80, 0x7F, 0x00, 0xF0, 0xFF, 0x03, 0x78, 0x80,
  0x07, 0x1C, 0x00, 0x0E, 0x0C, 0x00, 0x0C, 0x06, 0x00, 0x18, 0x06, 0x00, 0x18, 0x06, 0x00, 0x18,
  0x03, 0x00, 0x30, 0x03, 0x00, 0x30, 0x03, 0x00, 0x30, 0x03, 0x00, 0x30, 0x03, 0x00, 0x30, 0x03,
  0x00, 0x30, 0x03, 0x00, 0x30, 0x03, 0x00, 0x30, 0x03, 0x00, 0x30, 0x03, 0x00, 0x30, 0xF8, 0x00,
  0xFC, 0x01, 0x8E, 0x03, 0x07, 0x07, 0x03, 0x06, 0x03, 0x06, 0x03, 0x06, 0x03, 0x06, 0xFF, 0x7F,
  0x00, 0xFF, 0xFF, 0x03, 0x00, 0x80, 0x0F, 0x00, 0x00, 0x1C, 0x00, 0x00, 0x18, 0x00, 0x00, 0x18,
  0x00, 0x00, 0x30, 0x00, 0x00, 0x30, 0x00, 0x00, 0x30, 0x00, 0x00, 0x30, 0x00, 0x00, 0x30, 0x00,
  0x00, 0x30, 0x00, 0x00, 0x30, 0x00, 0x00, 0x18, 0x00, 0x00, 0x18, 0x00, 0x00, 0x1C, 0x00, 0x80,
  0x0F, 0xFF, 0xFF, 0x03, 0xFF, 0x7F, 0x00, 0x00, 0x00, 0x00, 0x00, 0x00, 0x00, 0x00, 0x00, 0x00,
  0xFF, 0x07, 0x00, 0xFF, 0x07, 0x00, 0x80, 0xFF, 0x3F, 0xF0, 0xFF, 0x3F, 0x7C, 0x00, 0x00, 0x0C,
  0x00, 0x00, 0x06, 0x00, 0x00, 0x06, 0x00, 0x00, 0x03, 0x00, 0x00, 0x03, 0x00, 0x00, 0x03, 0x00,
  0x00, 0x03, 0x00, 0x00, 0x03, 0x00, 0x00, 0x03, 0x00, 0x00, 0x03, 0x00, 0x00, 0x06, 0x00, 0x00,
  0x06, 0x00, 0x00, 0x0E, 0x00, 0x00, 0x7C, 0x00, 0x00, 0xF0, 0xFF, 0x3F, 0x80, 0xFF, 0x3F, 0x00,
  0x00, 0x00, 0x00, 0x00, 0x00, 0x00, 0x00, 0x00, 0xFF, 0x07, 0x00, 0xFF, 0x07, 0x00, 0x03, 0x00,
  0x30, 0x03, 0x00, 0x30, 0x03, 0x00, 0x30, 0x03, 0x00, 0x30, 0x03, 0x00, 0x30, 0x03, 0x00, 0x30,
  0x03, 0x00, 0x30, 0x03, 0x00, 0x30, 0x03, 0x00, 0x30, 0x06, 0x00, 0x18, 0x06, 0x00, 0x18, 0x06,
  0x00, 0x18, 0x0C, 0x00, 0x0C, 0x1C, 0x00, 0x0E, 0x78, 0x80, 0x07, 0xF0, 0xFF, 0x03, 0x80, 0x7F,
  0x00, 0x00, 0x00, 0x00, 0x00, 0x00, 0x00, 0x00, 0x00, 0x00, 0xFF, 0x07, 0x00, 0xFF, 0x07, 0x00,
  0x80, 0x7F, 0x00, 0xE0, 0xFF, 0x01, 0x78, 0x80, 0x07, 0x1C, 0x00, 0x0E, 0x0C, 0x00, 0x0C, 0x06,
  0x00, 0x18, 0x06, 0x00, 0x18, 0x06, 0x00, 0x18, 0x03, 0x00, 0x30, 0x03, 0x00, 0x30, 0x03, 0x00,
  0x30, 0x03, 0x00, 0x30, 0x03, 0x00, 0x30, 0x03, 0x00, 0x30, 0x03, 0x00, 0x30, 0x03, 0x00, 0x30,
  0x03, 0x00, 0x30, 0x03, 0x00, 0x30, 0x00, 0x00, 0x00, 0x00, 0x00, 0x00, 0xFF, 0x07, 0x00, 0xFF,
  0x07, 0x00, 0xF0, 0x07, 0x00, 0xFC, 0x0F, 0x00, 0x1E, 0x1C, 0x00, 0x06, 0x30, 0x00, 0x07, 0x70,
  0x00, 0x03, 0x60, 0x00, 0x03, 0x60, 0x00, 0x03, 0x60, 0x00, 0x03, 0x60, 0x00, 0x07, 0x70, 0x00,
  0x06, 0x30, 0x00, 0x1E, 0x3C, 0x00, 0xFC, 0xFF, 0x3F, 0xF0, 0xFF, 0x3F, 0x00, 0xE0, 0xFF, 0x7F,
  0x00, 0xF8, 0xFF, 0x7F, 0x00, 0x3C, 0x70, 0x00, 0x00, 0x0C, 0x60, 0x00, 0x1E, 0x0E, 0xE0, 0x00,
  0x1E, 0x06, 0xC0, 0x00, 0x33, 0x06, 0xC0, 0x00, 0x33, 0x06, 0xC0, 0x00, 0x33, 0x06, 0xC0, 0x00,
  0x1E, 0x0E, 0xE0, 0x00, 0x1E, 0x0C, 0x60, 0x00, 0x00, 0x3C, 0x38, 0x00, 0x00, 0xF8, 0x1F, 0x00,
  0x00, 0xE0, 0x07, 0x00, 0xF0, 0xFF, 0x3F, 0xFC, 0xFF, 0x3F, 0x1E, 0x38, 0x00, 0x06, 0x30, 0x00,
  0x07, 0x70, 0x00, 0x03, 0x60, 0x00, 0x03, 0x60, 0x00, 0x03, 0x60, 0x00, 0x03, 0x60, 0x00, 0x07,
  0x70, 0x00, 0x06, 0x30, 0x00, 0x1E, 0x1C, 0x00, 0xFC, 0x0F, 0x00, 0xF0, 0x03, 0x00, 0x00, 0xFC,
  0xFF, 0x0F, 0x00, 0xFF, 0xFF, 0x0F, 0x80, 0x07, 0x0E, 0x00, 0x80, 0x01, 0x0C, 0x00, 0xC0, 0x01,
  0x1C, 0x00, 0xC6, 0x00, 0x18, 0x00, 0xC7, 0x00, 0x18, 0x00, 0xC7, 0x00, 0x18, 0x00, 0xC2, 0x00,
  0x18, 0x00, 0xC0, 0x01, 0x1C, 0x00, 0x80, 0x01, 0x0C, 0x00, 0x80, 0x07, 0x07, 0x00, 0x00, 0xFF,
  0x03, 0x00, 0x00, 0xFC, 0x00, 0x00, 0x00, 0xF8, 0x03, 0x00, 0xFE, 0x0F, 0x00, 0x07, 0x1E, 0x80,
  0x03, 0x18, 0xC0, 0x01, 0x38, 0xC0, 0x00, 0x30, 0xC0, 0x00, 0x30, 0xC0, 0x00, 0x30, 0xC0, 0x00,
  0x30, 0xC0, 0x01, 0x38, 0x80, 0x01, 0x18, 0x80, 0x07, 0x1E, 0xFF, 0xFF, 0x0F, 0xFF, 0xFF, 0x03,
  0x00, 0x00, 0xFC, 0x01, 0x00, 0x00, 0xFF, 0x07, 0x00, 0x80, 0x03, 0x0F, 0x00, 0xC0, 0x01, 0x0C,
  0x00, 0xE0, 0x00, 0x1C, 0x00, 0x60, 0x00, 0x18, 0x00, 0x60, 0x00, 0x18, 0x00, 0x60, 0x00, 0x18,
  0x00, 0x60, 0x00, 0x18, 0x00, 0xE0, 0x00, 0x1C, 0x00, 0xC0, 0x00, 0x0C, 0x06, 0xC0, 0x03, 0x0F,
  0x87, 0xFF, 0xFF, 0x07, 0x87, 0xFF, 0xFF, 0x01, 0x02, 0x00, 0x00, 0x00, 0x00, 0x00, 0xFC, 0x01,
  0x00, 0x00, 0xFF, 0x07, 0x00, 0x80, 0x03, 0x0F, 0x00, 0xC0, 0x01, 0x0C, 0x00, 0xE0, 0x00, 0x1C,
  0x00, 0x60, 0x00, 0x18, 0x00, 0x60, 0x00, 0x18, 0x00, 0x60, 0x00, 0x18, 0x06, 0x60, 0x00, 0x18,
  0x07, 0xE0, 0x00, 0x1C, 0x07, 0xC0, 0x00, 0x0C, 0x02, 0xC0, 0x03, 0x0F, 0x80, 0xFF, 0xFF, 0x07,
  0x80, 0xFF, 0xFF, 0x01, 0x00, 0x00, 0x00, 0x00, 0x06, 0x00, 0x00, 0x00, 0x07, 0x00, 0x00, 0x00,
  0x07, 0x00, 0x00, 0x00, 0x02, 0x00, 0x00, 0x00, 0xFF, 0xFF, 0x03, 0xFF, 0xFF, 0x0F, 0x80, 0x07,
  0x1E, 0x80, 0x01, 0x18, 0xC0, 0x01, 0x38, 0xC0, 0x00, 0x30, 0xC0, 0x00, 0x30, 0xC0, 0x00, 0x30,
  0xC0, 0x00, 0x30, 0xC0, 0x01, 0x38, 0x80, 0x03, 0x18, 0x00, 0x07, 0x1E, 0x00, 0xFE, 0x07, 0x00,
  0xF8, 0x01, 0x06, 0x00, 0x00, 0x00, 0x87, 0xFF, 0xFF, 0x01, 0x87, 0xFF, 0xFF, 0x07, 0x02, 0xC0,
  0x03, 0x0F, 0x00, 0xC0, 0x00, 0x0C, 0x00, 0xE0, 0x00, 0x1C, 0x00, 0x60, 0x00, 0x18, 0x00, 0x60,
  0x00, 0x18, 0x00, 0x60, 0x00, 0x18, 0x00, 0x60, 0x00, 0x18, 0x00, 0xE0, 0x00, 0x1C, 0x00, 0xC0,
  0x01, 0x0C, 0x00, 0x80, 0x03, 0x0F, 0x00, 0x00, 0xFF, 0x03, 0x00, 0x00, 0xFC, 0x00, 0x00, 0x04,
  0x00, 0x00, 0x0E, 0x00, 0x00, 0x0E, 0x00, 0x00, 0x04, 0x00, 0x00, 0x00, 0x00, 0x00, 0x00, 0x00,
  0xF0, 0x07, 0x00, 0xFC, 0x0F, 0x00, 0x1E, 0x1C, 0x00, 0x06, 0x30, 0x00, 0x07, 0x70, 0x00, 0x03,
  0x60, 0x00, 0x03, 0x60, 0x00, 0x03, 0x60, 0x00, 0x03, 0x60, 0x00, 0x07, 0x70, 0x00, 0x06, 0x30,
  0x00, 0x1E, 0x3C, 0x00, 0xFC, 0xFF, 0x3F, 0xF0, 0xFF, 0x3F, 0xF0, 0x07, 0x00, 0xFC, 0x0F, 0x00,
  0x1E, 0x1C, 0x00, 0x06, 0x30, 0x00, 0x07, 0x70, 0x00, 0x03, 0x60, 0x00, 0x03, 0x60, 0x00, 0x03,
  0x60, 0x00, 0x03, 0x60, 0x00, 0x07, 0x70, 0x00, 0x06, 0x30, 0x00, 0x1E, 0x3C, 0x00, 0xFC, 0xFF,
  0x3F, 0xF0, 0xFF, 0x3F, 0x00, 0x00, 0x00, 0x00, 0x00, 0x00, 0x00, 0x00, 0x00, 0x00, 0x04, 0x00,
  0x00, 0x0E, 0x00, 0x00, 0x0E, 0x00, 0x00, 0x04, 0x00, 0x00, 0x04, 0x00, 0x00, 0x0E, 0x00, 0x00,
  0x0E, 0x00, 0x00, 0x04, 0x00, 0x00, 0x00, 0x00, 0x00, 0x00, 0x00, 0xF0, 0xFF, 0x3F, 0xFC, 0xFF,
  0x3F, 0x1E, 0x38, 0x00, 0x06, 0x30, 0x00, 0x07, 0x70, 0x00, 0x03, 0x60, 0x00, 0x03, 0x60, 0x00,
  0x03, 0x60, 0x00, 0x03, 0x60, 0x00, 0x07, 0x70, 0x00, 0x06, 0x30, 0x00, 0x1E, 0x1C, 0x00, 0xFC,
  0x0F, 0x00, 0xF0, 0x03, 0x00, 0xF0, 0xFF, 0x3F, 0xFC, 0xFF, 0x3F, 0x1E, 0x38, 0x00, 0x06, 0x30,
  0x00, 0x07, 0x70, 0x00, 0x03, 0x60, 0x00, 0x03, 0x60, 0x00, 0x03, 0x60, 0x00, 0x03, 0x60, 0x00,
  0x07, 0x70, 0x00, 0x06, 0x30, 0x00, 0x1E, 0x1C, 0x00, 0xFC, 0x0F, 0x00, 0xF0, 0x03, 0x00, 0x00,
  0x00, 0x00, 0x00, 0x00, 0x00, 0x00, 0x04, 0x00, 0x00, 0x0E, 0x00, 0x00, 0x0E, 0x00, 0x00, 0x04,
  0x00, 0x00, 0x00, 0x01, 0x00, 0x00, 0x80, 0x03, 0x00, 0x00, 0x80, 0x03, 0x00, 0x00, 0x00, 0x01,
  0x00, 0x00, 0x00, 0x00, 0x00, 0x00, 0x00, 0x00, 0x00, 0x00, 0xFC, 0xFF, 0x0F, 0x00, 0xFF, 0xFF,
  0x0F, 0x80, 0x07, 0x0E, 0x00, 0x80, 0x01, 0x0C, 0x00, 0xC0, 0x01, 0x1C, 0x00, 0xC6, 0x00, 0x18,
  0x00, 0xC7, 0x00, 0x18, 0x00, 0xC7, 0x00, 0x18, 0x00, 0xC2, 0x00, 0x18, 0x00, 0xC0, 0x01, 0x1C,
  0x00, 0x80, 0x01, 0x0C, 0x00, 0x80, 0x07, 0x07, 0x00, 0x00, 0xFF, 0x03, 0x00, 0x00, 0xFC, 0x00,
  0x00, 0x00, 0xFC, 0xFF, 0x0F, 0x00, 0xFF, 0xFF, 0x0F, 0x80, 0x07, 0x0E, 0x00, 0x80, 0x01, 0x0C,
  0x00, 0xC0, 0x01, 0x1C, 0x00, 0xC6, 0x00, 0x18, 0x00, 0xC7, 0x00, 0x18, 0x00, 0xC7, 0x00, 0x18,
  0x00, 0xC2, 0x00, 0x18, 0x00, 0xC0, 0x01, 0x1C, 0x00, 0x80, 0x01, 0x0C, 0x00, 0x80, 0x07, 0x07,
  0x00, 0x00, 0xFF, 0x03, 0x00, 0x00, 0xFC, 0x00, 0x00, 0x00, 0x00, 0x00, 0x00, 0x00, 0x00, 0x00,
  0x00, 0x00, 0x00, 0x01, 0x00, 0x00, 0x80, 0x03, 0x00, 0x00, 0x80, 0x03, 0x00, 0x00, 0x00, 0x01,
  0x00, 0x00, 0x04, 0x00, 0x00, 0x0E, 0x00, 0x00, 0x0E, 0x00, 0x00, 0x04, 0x00, 0x00, 0x00, 0x00,
  0x00, 0x00, 0x00, 0x00, 0xF8, 0x03, 0x00, 0xFE, 0x0F, 0x00, 0x07, 0x1E, 0x80, 0x03, 0x18, 0xC0,
  0x01, 0x38, 0xC0, 0x00, 0x30, 0xC0, 0x00, 0x30, 0xC0, 0x00, 0x30, 0xC0, 0x00, 0x30, 0xC0, 0x01,
  0x38, 0x80, 0x01, 0x18, 0x80, 0x07, 0x1E, 0xFF, 0xFF, 0x0F, 0xFF, 0xFF, 0x03, 0x00, 0xF8, 0x03,
  0x00, 0xFE, 0x0F, 0x00, 0x07, 0x1E, 0x80, 0x03, 0x18, 0xC0, 0x01, 0x38, 0xC0, 0x00, 0x30, 0xC0,
  0x00, 0x30, 0xC0, 0x00, 0x30, 0xC0, 0x00, 0x30, 0xC0, 0x01, 0x38, 0x80, 0x01, 0x18, 0x80, 0x07,
  0x1E, 0xFF, 0xFF, 0x0F, 0xFF, 0xFF, 0x03, 0x00, 0x00, 0x00, 0x00, 0x00, 0x00, 0x00, 0x04, 0x00,
  0x00, 0x0E, 0x00, 0x00, 0x0E, 0x00, 0x00, 0x04, 0x00, 0x00, 0x00, 0x02, 0x00, 0x00, 0x00, 0x07,
  0x00, 0x00, 0x00, 0x07, 0x00, 0x00, 0x00, 0x02, 0x00, 0x00, 0x00, 0x00, 0x00, 0x00, 0x00, 0x00,
  0x00, 0x00, 0x00, 0xFC, 0x01, 0x00, 0x00, 0xFF, 0x07, 0x00, 0x80, 0x03, 0x0F, 0x00, 0xC0, 0x01,
  0x0C, 0x00, 0xE0, 0x00, 0x1C, 0x00, 0x60, 0x00, 0x18, 0x00, 0x60, 0x00, 0x18, 0x00, 0x60, 0x00,
  0x18, 0x00, 0x60, 0x00, 0x18, 0x00, 0xE0, 0x00, 0x1C, 0x00, 0xC0, 0x00, 0x0C, 0x06, 0xC0, 0x03,
  0x0F, 0x87, 0xFF, 0xFF, 0x07, 0x87, 0xFF, 0xFF, 0x01, 0x02, 0x00, 0x00, 0x00, 0x00, 0x00, 0xFC,
  0x01, 0x00, 0x00, 0xFF, 0x07, 0x00, 0x80, 0x03, 0x0F, 0x00, 0xC0, 0x01, 0x0C, 0x00, 0xE0, 0x00,
  0x1C, 0x00, 0x60, 0x00, 0x18, 0x00, 0x60, 0x00, 0x18, 0x00, 0x60, 0x00, 0x18, 0x00, 0x60, 0x00,
  0x18, 0x00, 0xE0, 0x00, 0x1C, 0x00, 0xC0, 0x00, 0x0C, 0x06, 0xC0, 0x03, 0x0F, 0x87, 0xFF, 0xFF,
  0x07, 0x87, 0xFF, 0xFF, 0x01, 0x02, 0x00, 0x00, 0x00, 0x00, 0x00, 0x00, 0x00, 0x00, 0x00, 0x02,
  0x00, 0x00, 0x00, 0x07, 0x00, 0x00, 0x00, 0x07, 0x00, 0x00, 0x00, 0x02, 0x00, 0x00, 0x04, 0x00,
  0x00, 0x0E, 0x00, 0x00, 0x0E, 0x00, 0x00, 0x04, 0x00, 0x00, 0x00, 0x00, 0x00, 0x00, 0x00, 0xFF,
  0xFF, 0x03, 0xFF, 0xFF, 0x0F, 0x80, 0x07, 0x1E, 0x80, 0x01, 0x18, 0xC0, 0x01, 0x38, 0xC0, 0x00,
  0x30, 0xC0, 0x00, 0x30, 0xC0, 0x00, 0x30, 0xC0, 0x00, 0x30, 0xC0, 0x01, 0x38, 0x80, 0x03, 0x18,
  0x00, 0x07, 0x1E, 0x00, 0xFE, 0x07, 0x00, 0xF8, 0x01, 0xFF, 0xFF, 0x03, 0xFF, 0xFF, 0x0F, 0x80,
  0x07, 0x1E, 0x80, 0x01, 0x18, 0xC0, 0x01, 0x38, 0xC0, 0x00, 0x30, 0xC0, 0x00, 0x30, 0xC0, 0x00,
  0x30, 0xC0, 0x00, 0x30, 0xC0, 0x01, 0x38, 0x80, 0x03, 0x18, 0x00, 0x07, 0x1E, 0x00, 0xFE, 0x07,
  0x00, 0xF8, 0x01, 0x00, 0x00, 0x00, 0x00, 0x00, 0x00, 0x00, 0x04, 0x00, 0x00, 0x0E, 0x00, 0x00,
  0x0E, 0x00, 0x00, 0x04, 0x00, 0x00, 0x00, 0x02, 0x00, 0x00, 0x00, 0x07, 0x00, 0x00, 0x00, 0x07,
  0x00, 0x00, 0x00, 0x02, 0x00, 0x00, 0x00, 0x00, 0x00, 0x06, 0x00, 0x00, 0x00, 0x87, 0xFF, 0xFF,
  0x01, 0x87, 0xFF, 0xFF, 0x07, 0x02, 0xC0, 0x03, 0x0F, 0x00, 0xC0, 0x00, 0x0C, 0x00, 0xE0, 0x00,
  0x1C, 0x00, 0x60, 0x00, 0x18, 0x00, 0x60, 0x00, 0x18, 0x00, 0x60, 0x00, 0x18, 0x00, 0x60, 0x00,
  0x18, 0x00, 0xE0, 0x00, 0x1C, 0x00, 0xC0, 0x01, 0x0C, 0x00, 0x80, 0x03, 0x0F, 0x00, 0x00, 0xFF,
  0x03, 0x00, 0x00, 0xFC, 0x00, 0x06, 0x00, 0x00, 0x00, 0x87, 0xFF, 0xFF, 0x01, 0x87, 0xFF, 0xFF,
  0x07, 0x02, 0xC0, 0x03, 0x0F, 0x00, 0xC0, 0x00, 0x0C, 0x00, 0xE0, 0x00, 0x1C, 0x00, 0x60, 0x00,
  0x18, 0x00, 0x60, 0x00, 0x18, 0x00, 0x60, 0x00, 0x18, 0x00, 0x60, 0x00, 0x18, 0x00, 0xE0, 0x00,
  0x1C, 0x00, 0xC0, 0x01, 0x0C, 0x00, 0x80, 0x03, 0x0F, 0x00, 0x00, 0xFF, 0x03, 0x00, 0x00, 0xFC,
  0x00, 0x00, 0x00, 0x00, 0x00, 0x00, 0x00, 0x02, 0x00, 0x00, 0x00, 0x07, 0x00, 0x00, 0x00, 0x07,
  0x00, 0x00, 0x00, 0x02, 0x00, 0x20, 0x80, 0x01, 0x70, 0xC0, 0x01, 0x70, 0xC0, 0x01, 0x20, 0x80,
  0x00, 0x00, 0x00, 0x00, 0x00, 0x00, 0x00, 0xFF, 0xFF, 0x03, 0xFF, 0xFF, 0x0F, 0x80, 0x07, 0x1E,
  0x80, 0x01, 0x18, 0xC0, 0x01, 0x38, 0xC0, 0x00, 0x30, 0xC0, 0x00, 0x30, 0xC0, 0x00, 0x30, 0xC0,
  0x00, 0x30, 0xC0, 0x01, 0x38, 0x80, 0x03, 0x18, 0x00, 0x07, 0x1E, 0x00, 0xFE, 0x07, 0x00, 0xF8,
  0x01, 0xFF, 0x01, 0xFF, 0x03, 0x1C, 0x07, 0x0C, 0x06, 0x0C, 0x06, 0x0C, 0x06, 0x1C, 0x07, 0xF8,
  0x03, 0xF0, 0x01, 0xF0, 0x01, 0xF8, 0x03, 0x1C, 0x07, 0x0C, 0x06, 0x0C, 0x06, 0x0C, 0x06, 0x1C,
  0x07, 0xFF, 0x03, 0xFF, 0x01, 0xF0, 0x07, 0x00, 0xFC, 0x0F, 0x00, 0x1E, 0x1C, 0x00, 0x06, 0x30,
  0x00, 0x07, 0x70, 0x00, 0x03, 0x60, 0x00, 0x03, 0x60, 0x00, 0x03, 0x60, 0x00, 0x03, 0x60, 0x00,
  0x07, 0x70, 0x00, 0x06, 0x30, 0x00, 0x1E, 0x3C, 0x00, 0xFC, 0xFF, 0x3F, 0xF0, 0xFF, 0x3F, 0x00,
  0x00, 0x00, 0x00, 0x00, 0x00, 0x00, 0x00, 0x00, 0xFF, 0x07, 0x00, 0xFF, 0x07, 0x00, 0xF0, 0xFF,
  0x3F, 0xFC, 0xFF, 0x3F, 0x1E, 0x38, 0x00, 0x06, 0x30, 0x00, 0x07, 0x70, 0x00, 0x03, 0x60, 0x00,
  0x03, 0x60, 0x00, 0x03, 0x60, 0x00, 0x03, 0x60, 0x00, 0x07, 0x70, 0x00, 0x06, 0x30, 0x00, 0x1E,
  0x1C, 0x00, 0xFC, 0x0F, 0x00, 0xF0, 0x03, 0x00, 0x00, 0x00, 0x00, 0x00, 0x00, 0x00, 0xFF, 0x07,
  0x00, 0xFF, 0x07, 0x00, 0x00, 0xF8, 0x03, 0x00, 0xFE, 0x0F, 0x00, 0x07, 0x1E, 0x80, 0x03, 0x18,
  0xC0, 0x01, 0x38, 0xC0, 0x00, 0x30, 0xC0, 0x00, 0x30, 0xC0, 0x00, 0x30, 0xC0, 0x00, 0x30, 0xC0,
  0x01, 0x38, 0x80, 0x01, 0x18, 0x80, 0x07, 0x1E, 0xFF, 0xFF, 0x0F, 0xFF, 0xFF, 0x03, 0x00, 0x00,
  0x00, 0x00, 0x00, 0x00, 0x00, 0x00, 0x00, 0xFF, 0x07, 0x00, 0xFF, 0x07, 0x00, 0xFF, 0xFF, 0x03,
  0xFF, 0xFF, 0x0F, 0x80, 0x07, 0x1E, 0x80, 0x01, 0x18, 0xC0, 0x01, 0x38, 0xC0, 0x00, 0x30, 0xC0,
  0x00, 0x30, 0xC0, 0x00, 0x30, 0xC0, 0x00, 0x30, 0xC0, 0x01, 0x38, 0x80, 0x03, 0x18, 0x00, 0x07,
  0x1E, 0x00, 0xFE, 0x07, 0x00, 0xF8, 0x01, 0x00, 0x00, 0x00, 0x00, 0x00, 0x00, 0xFF, 0x07, 0x00,
  0xFF, 0x07, 0x00, 0xE0, 0x01, 0x00, 0xFC, 0x01, 0x00, 0x1E, 0x00, 0x00, 0x06, 0x00, 0x00, 0x07,
  0x00, 0x00, 0x03, 0x00, 0x00, 0x03, 0x00, 0x00, 0x03, 0x00, 0x00, 0x03, 0x00, 0x00, 0x03, 0x00,
  0x00, 0x03, 0x00, 0x00, 0x07, 0x00, 0x00, 0x0E, 0x00, 0x00, 0x1C, 0x00, 0x00, 0xF8, 0xFF, 0x3F,
  0xE0, 0xFF, 0x3F, 0x00, 0xC0, 0xFF, 0x7F, 0x00, 0xF0, 0xFF, 0x7F, 0x00, 0x38, 0x00, 0x00, 0x00,
  0x1C, 0x00, 0x00, 0x00, 0x0E, 0x00, 0x00, 0x1E, 0x06, 0x00, 0x00, 0x3F, 0x06, 0x00, 0x00, 0x33,
  0x06, 0x00, 0x00, 0x33, 0x06, 0x00, 0x00, 0x3F, 0x06, 0x00, 0x00, 0x1E, 0x06, 0x00, 0x00, 0x00,
  0x0E, 0x00, 0x00, 0x00, 0x0C, 0x00, 0x00, 0x00, 0x3C, 0x00, 0x00, 0x00, 0xF8, 0x03, 0x00, 0x00,
  0xC0, 0x03, 0x00, 0xE0, 0xFF, 0x3F, 0xF8, 0xFF, 0x3F, 0x1C, 0x00, 0x00, 0x0E, 0x00, 0x00, 0x07,
  0x00, 0x00, 0x03, 0x00, 0x00, 0x03, 0x00, 0x00, 0x03, 0x00, 0x00, 0x03, 0x00, 0x00, 0x03, 0x00,
  0x00, 0x03, 0x00, 0x00, 0x07, 0x00, 0x00, 0x06, 0x00, 0x00, 0x1E, 0x00, 0x00, 0xFC, 0x01, 0x00,
  0xE0, 0x01, 0x00, 0x00, 0xF8, 0xFF, 0x0F, 0x00, 0xFE, 0xFF, 0x0F, 0x00, 0x07, 0x00, 0x00, 0x80,
  0x03, 0x00, 0x00, 0xC0, 0x01, 0x00, 0x00, 0xC0, 0x00, 0x00, 0x00, 0xC6, 0x00, 0x00, 0x00, 0xC7,
  0x00, 0x00, 0x00, 0xC7, 0x00, 0x00, 0x00, 0xC2, 0x00, 0x00, 0x00, 0xC0, 0x00, 0x00, 0x00, 0xC0,
  0x01, 0x00, 0x00, 0x80, 0x01, 0x00, 0x00, 0x80, 0x07, 0x00, 0x00, 0x00, 0x7F, 0x00, 0x00, 0x00,
  0x78, 0x00, 0x00, 0x00, 0xE0, 0x03, 0x00, 0xE0, 0x0F, 0x00, 0x00, 0x1E, 0x00, 0x00, 0x18, 0x00,
  0x00, 0x38, 0x00, 0x00, 0x30, 0x00, 0x00, 0x30, 0x00, 0x00, 0x30, 0x00, 0x00, 0x30, 0x00, 0x00,
  0x30, 0x00, 0x00, 0x30, 0x00, 0x00, 0x38, 0x00, 0x00, 0x18, 0x00, 0x00, 0x0E, 0xFF, 0xFF, 0x07,
  0xFF, 0xFF, 0x01, 0x00, 0x00, 0xF0, 0x01, 0x00, 0x00, 0xF0, 0x07, 0x00, 0x00, 0x00, 0x0F, 0x00,
  0x00, 0x00, 0x0C, 0x00, 0x00, 0x00, 0x1C, 0x00, 0x00, 0x00, 0x18, 0x00, 0x00, 0x00, 0x18, 0x00,
  0x00, 0x00, 0x18, 0x00, 0x00, 0x00, 0x18, 0x00, 0x00, 0x00, 0x18, 0x00, 0x00, 0x00, 0x18, 0x00,
  0x00, 0x00, 0x1C, 0x00, 0x00, 0x00, 0x0C, 0x06, 0x00, 0x00, 0x07, 0x87, 0xFF, 0xFF, 0x03, 0x87,
  0xFF, 0xFF, 0x00, 0x02, 0x00, 0x00, 0x00, 0x00, 0x00, 0xF0, 0x01, 0x00, 0x00, 0xF0, 0x07, 0x00,
  0x00, 0x00, 0x0F, 0x00, 0x00, 0x00, 0x0C, 0x00, 0x00, 0x00, 0x1C, 0x00, 0x00, 0x00, 0x18, 0x00,
  0x00, 0x00, 0x18, 0x00, 0x00, 0x00, 0x18, 0x00, 0x00, 0x00, 0x18, 0x06, 0x00, 0x00, 0x18, 0x07,
  0x00, 0x00, 0x18, 0x07, 0x00, 0x00, 0x1C, 0x02, 0x00, 0x00, 0x0C, 0x00, 0x00, 0x00, 0x07, 0x80,
  0xFF, 0xFF, 0x03, 0x80, 0xFF, 0xFF, 0x00, 0x06, 0x00, 0x00, 0x00, 0x07, 0x00, 0x00, 0x00, 0x07,
  0x00, 0x00, 0x00, 0x02, 0x00, 0x00, 0x00, 0xFF, 0xFF, 0x01, 0xFF, 0xFF, 0x07, 0x00, 0x00, 0x0E,
  0x00, 0x00, 0x18, 0x00, 0x00, 0x38, 0x00, 0x00, 0x30, 0x00, 0x00, 0x30, 0x00, 0x00, 0x30, 0x00,
  0x00, 0x30, 0x00, 0x00, 0x30, 0x00, 0x00, 0x30, 0x00, 0x00, 0x38, 0x00, 0x00, 0x18, 0x00, 0x00,
  0x1E, 0x00, 0xE0, 0x0F, 0x00, 0xE0, 0x01, 0x06, 0x00, 0x00, 0x00, 0x87, 0xFF, 0xFF, 0x00, 0x87,
  0xFF, 0xFF, 0x03, 0x02, 0x00, 0x00, 0x0F, 0x00, 0x00, 0x00, 0x0C, 0x00, 0x00, 0x00, 0x1C, 0x00,
  0x00, 0x00, 0x18, 0x00, 0x00, 0x00, 0x18, 0x00, 0x00, 0x00, 0x18, 0x00, 0x00, 0x00, 0x18, 0x00,
  0x00, 0x00, 0x18, 0x00, 0x00, 0x00, 0x1C, 0x00, 0x00, 0x00, 0x0C, 0x00, 0x00, 0x00, 0x0F, 0x00,
  0x00, 0xF0, 0x07, 0x00, 0x00, 0xF0, 0x00, 0x00, 0x04, 0x00, 0x00, 0x0E, 0x00, 0x00, 0x0E, 0x00,
  0x00, 0x04, 0x00, 0x00, 0x00, 0x00, 0x00, 0x00, 0x00, 0xF0, 0x01, 0x00, 0xFC, 0x01, 0x00, 0x1E,
  0x00, 0x00, 0x06, 0x00, 0x00, 0x03, 0x00, 0x00, 0x03, 0x00, 0x00, 0x03, 0x00, 0x00, 0x03, 0x00,
  0x00, 0x03, 0x00, 0x00, 0x03, 0x00, 0x00, 0x07, 0x00, 0x00, 0x06, 0x00, 0x00, 0x1E, 0x00, 0x00,
  0xF8, 0xFF, 0x3F, 0xE0, 0xFF, 0x3F, 0xF0, 0x01, 0x00, 0xFC, 0x01, 0x00, 0x1E, 0x00, 0x00, 0x06,
  0x00, 0x00, 0x07, 0x00, 0x00, 0x03, 0x00, 0x00, 0x03, 0x00, 0x00, 0x03, 0x00, 0x00, 0x03, 0x00,
  0x00, 0x03, 0x00, 0x00, 0x03, 0x00, 0x00, 0x07, 0x00, 0x00, 0x0E, 0x00, 0x00, 0x1C, 0x00, 0x00,
  0xF8, 0xFF, 0x3F, 0xE0, 0xFF, 0x3F, 0x00, 0x00, 0x00, 0x00, 0x00, 0x00, 0x00, 0x04, 0x00, 0x00,
  0x0E, 0x00, 0x00, 0x0E, 0x00, 0x00, 0x04, 0x00, 0x00, 0x04, 0x00, 0x00, 0x0E, 0x00, 0x00, 0x0E,
  0x00, 0x00, 0x04, 0x00, 0x00, 0x00, 0x00, 0x00, 0x00, 0x00, 0xE0, 0xFF, 0x3F, 0xF8, 0xFF, 0x3F,
  0x1C, 0x00, 0x00, 0x06, 0x00, 0x00, 0x07, 0x00, 0x00, 0x03, 0x00, 0x00, 0x03, 0x00, 0x00, 0x03,
  0x00, 0x00, 0x03, 0x00, 0x00, 0x03, 0x00, 0x00, 0x03, 0x00, 0x00, 0x07, 0x00, 0x00, 0x06, 0x00,
  0x00, 0x1E, 0x00, 0x00, 0xFC, 0x01, 0x00, 0xF0, 0x01, 0x00, 0xE0, 0xFF, 0x3F, 0xF8, 0xFF, 0x3F,
  0x1C, 0x00, 0x00, 0x0E, 0x00, 0x00, 0x07, 0x00, 0x00, 0x03, 0x00, 0x00, 0x03, 0x00, 0x00, 0x03,
  0x00, 0x00, 0x03, 0x00, 0x00, 0x03, 0x00, 0x00, 0x03, 0x00, 0x00, 0x07, 0x00, 0x00, 0x06, 0x00,
  0x00, 0x1E, 0x00, 0x00, 0xFC, 0x01, 0x00, 0xF0, 0x01, 0x00, 0x00, 0x00, 0x00, 0x00, 0x00, 0x00,
  0x00, 0x04, 0x00, 0x00, 0x0E, 0x00, 0x00, 0x0E, 0x00, 0x00, 0x04, 0x00, 0x00, 0x00, 0x01, 0x00,
  0x00, 0x80, 0x03, 0x00, 0x00, 0x80, 0x03, 0x00, 0x00, 0x00, 0x01, 0x00, 0x00, 0x00, 0x00, 0x00,
  0x00, 0x00, 0x00, 0x00, 0x00, 0xF8, 0xFF, 0x0F, 0x00, 0xFE, 0xFF, 0x0F, 0x00, 0x07, 0x00, 0x00,
  0x80, 0x01, 0x00, 0x00, 0xC0, 0x01, 0x00, 0x00, 0xC0, 0x00, 0x00, 0x00, 0xC6, 0x00, 0x00, 0x00,
  0xC7, 0x00, 0x00, 0x00, 0xC7, 0x00, 0x00, 0x00, 0xC2, 0x00, 0x00, 0x00, 0xC0, 0x00, 0x00, 0x00,
  0xC0, 0x01, 0x00, 0x00, 0x80, 0x01, 0x00, 0x00, 0x80, 0x07, 0x00, 0x00, 0x00, 0x7F, 0x00, 0x00,
  0x00, 0x7C, 0x00, 0x00, 0x00, 0xF8, 0xFF, 0x0F, 0x00, 0xFE, 0xFF, 0x0F, 0x00, 0x07, 0x00, 0x00,
  0x80, 0x03, 0x00, 0x00, 0xC0, 0x01, 0x00, 0x00, 0xC0, 0x00, 0x00, 0x00, 0xC6, 0x00, 0x00, 0x00,
  0xC7, 0x00, 0x00, 0x00, 0xC7, 0x00, 0x00, 0x00, 0xC2, 0x00, 0x00, 0x00, 0xC0, 0x00, 0x00, 0x00,
  0xC0, 0x01, 0x00, 0x00, 0x80, 0x01, 0x00, 0x00, 0x80, 0x07, 0x00, 0x00, 0x00, 0x7F, 0x00, 0x00,
  0x00, 0x7C, 0x00, 0x00, 0x00, 0x00, 0x00, 0x00, 0x00, 0x00, 0x00, 0x00, 0x00, 0x00, 0x01, 0x00,
  0x00, 0x80, 0x03, 0x00, 0x00, 0x80, 0x03, 0x00, 0x00, 0x00, 0x01, 0x00, 0x00, 0x04, 0x00, 0x00,
  0x0E, 0x00, 0x00, 0x0E, 0x00, 0x00, 0x04, 0x00, 0x00, 0x00, 0x00, 0x00, 0x00, 0x00, 0x00, 0xF0,
  0x01, 0x00, 0xF0, 0x0F, 0x00, 0x00, 0x1E, 0x00, 0x00, 0x18, 0x00, 0x00, 0x38, 0x00, 0x00, 0x30,
  0x00, 0x00, 0x30, 0x00, 0x00, 0x30, 0x00, 0x00, 0x30, 0x00, 0x00, 0x30, 0x00, 0x00, 0x38, 0x00,
  0x00, 0x18, 0x00, 0x00, 0x1E, 0xFF, 0xFF, 0x07, 0xFF, 0xFF, 0x01, 0x00, 0xF0, 0x01, 0x00, 0xF0,
  0x07, 0x00, 0x00, 0x0E, 0x00, 0x00, 0x18, 0x00, 0x00, 0x38, 0x00, 0x00, 0x30, 0x00, 0x00, 0x30,
  0x00, 0x00, 0x30, 0x00, 0x00, 0x30, 0x00, 0x00, 0x30, 0x00, 0x00, 0x30, 0x00, 0x00, 0x38, 0x00,
  0x00, 0x18, 0x00, 0x00, 0x0E, 0xFF, 0xFF, 0x07, 0xFF, 0xFF, 0x01, 0x00, 0x00, 0x00, 0x00, 0x00,
  0x00, 0x00, 0x04, 0x00, 0x00, 0x0E, 0x00, 0x00, 0x0E, 0x00, 0x00, 0x04, 0x00, 0x00, 0x00, 0x02,
  0x00, 0x00, 0x00, 0x07, 0x00, 0x00, 0x00, 0x07, 0x00, 0x00, 0x00, 0x02, 0x00, 0x00, 0x00, 0x00,
  0x00, 0x00, 0x00, 0x00, 0x00, 0x00, 0x00, 0xF8, 0x00, 0x00, 0x00, 0xF8, 0x07, 0x00, 0x00, 0x00,
  0x0F, 0x00, 0x00, 0x00, 0x0C, 0x00, 0x00, 0x00, 0x1C, 0x00, 0x00, 0x00, 0x18, 0x00, 0x00, 0x00,
  0x18, 0x00, 0x00, 0x00, 0x18, 0x00, 0x00, 0x00, 0x18, 0x00, 0x00, 0x00, 0x18, 0x00, 0x00, 0x00,
  0x1C, 0x00, 0x00, 0x00, 0x0C, 0x06, 0x00, 0x00, 0x0F, 0x87, 0xFF, 0xFF, 0x03, 0x87, 0xFF, 0xFF,
  0x00, 0x02, 0x00, 0x00, 0x00, 0x00, 0x00, 0xF8, 0x00, 0x00, 0x00, 0xF8, 0x03, 0x00, 0x00, 0x00,
  0x07, 0x00, 0x00, 0x00, 0x0C, 0x00, 0x00, 0x00, 0x1C, 0x00, 0x00, 0x00, 0x18, 0x00, 0x00, 0x00,
  0x18, 0x00, 0x00, 0x00, 0x18, 0x00, 0x00, 0x00, 0x18, 0x00, 0x00, 0x00, 0x18, 0x00, 0x00, 0x00,
  0x18, 0x00, 0x00, 0x00, 0x1C, 0x00, 0x00, 0x00, 0x0C, 0x06, 0x00, 0x00, 0x07, 0x87, 0xFF, 0xFF,
  0x03, 0x87, 0xFF, 0xFF, 0x00, 0x02, 0x00, 0x00, 0x00, 0x00, 0x00, 0x00, 0x00, 0x00, 0x00, 0x02,
  0x00, 0x00, 0x00, 0x07, 0x00, 0x00, 0x00, 0x07, 0x00, 0x00, 0x00, 0x02, 0x00, 0x00, 0x04, 0x00,
  0x00, 0x0E, 0x00, 0x00, 0x0E, 0x00, 0x00, 0x04, 0x00, 0x00, 0x00, 0x00, 0x00, 0x00, 0x00, 0xFF,
  0xFF, 0x01, 0xFF, 0xFF, 0x07, 0x00, 0x00, 0x0E, 0x00, 0x00, 0x18, 0x00, 0x00, 0x38, 0x00, 0x00,
  0x30, 0x00, 0x00, 0x30, 0x00, 0x00, 0x30, 0x00, 0x00, 0x30, 0x00, 0x00, 0x30, 0x00, 0x00, 0x30,
  0x00, 0x00, 0x38, 0x00, 0x00, 0x18, 0x00, 0x00, 0x0E, 0x00, 0xF0, 0x07, 0x00, 0xF0, 0x01, 0xFF,
  0xFF, 0x01, 0xFF, 0xFF, 0x07, 0x00, 0x00, 0x0E, 0x00, 0x00, 0x18, 0x00, 0x00, 0x38, 0x00, 0x00,
  0x30, 0x00, 0x00, 0x30, 0x00, 0x00, 0x30, 0x00, 0x00, 0x30, 0x00, 0x00, 0x30, 0x00, 0x00, 0x30,
  0x00, 0x00, 0x38, 0x00, 0x00, 0x18, 0x00, 0x00, 0x1E, 0x00, 0xF0, 0x07, 0x00, 0xF0, 0x01, 0x00,
  0x00, 0x00, 0x00, 0x00, 0x00, 0x00, 0x04, 0x00, 0x00, 0x0E, 0x00, 0x00, 0x0E, 0x00, 0x00, 0x04,
  0x00, 0x00, 0x00, 0x02, 0x00, 0x00, 0x00, 0x07, 0x00, 0x00, 0x00, 0x07, 0x00, 0x00, 0x00, 0x02,
  0x00, 0x00, 0x00, 0x00, 0x00, 0x06, 0x00, 0x00, 0x00, 0x87, 0xFF, 0xFF, 0x00, 0x87, 0xFF, 0xFF,
  0x03, 0x02, 0x00, 0x00, 0x07, 0x00, 0x00, 0x00, 0x0C, 0x00, 0x00, 0x00, 0x1C, 0x00, 0x00, 0x00,
  0x18, 0x00, 0x00, 0x00, 0x18, 0x00, 0x00, 0x00, 0x18, 0x00, 0x00, 0x00, 0x18, 0x00, 0x00, 0x00,
  0x18, 0x00, 0x00, 0x00, 0x18, 0x00, 0x00, 0x00, 0x1C, 0x00, 0x00, 0x00, 0x0C, 0x00, 0x00, 0x00,
  0x07, 0x00, 0x00, 0xF8, 0x03, 0x00, 0x00, 0xF8, 0x00, 0x06, 0x00, 0x00, 0x00, 0x87, 0xFF, 0xFF,
  0x00, 0x87, 0xFF, 0xFF, 0x03, 0x02, 0x00, 0x00, 0x0F, 0x00, 0x00, 0x00, 0x0C, 0x00, 0x00, 0x00,
  0x1C, 0x00, 0x00, 0x00, 0x18, 0x00, 0x00, 0x00, 0x18, 0x00, 0x00, 0x00, 0x18, 0x00, 0x00, 0x00,
  0x18, 0x00, 0x00, 0x00, 0x18, 0x00, 0x00, 0x00, 0x1C, 0x00, 0x00, 0x00, 0x0C, 0x00, 0x00, 0x00,
  0x0F, 0x00, 0x00, 0xF8, 0x07, 0x00, 0x00, 0xF8, 0x00, 0x00, 0x00, 0x00, 0x00, 0x00, 0x00, 0x00,
  0x00, 0x00, 0x00, 0x02, 0x00, 0x00, 0x00, 0x07, 0x00, 0x00, 0x00, 0x07, 0x00, 0x00, 0x00, 0x02,
  0x00, 0x20, 0x80, 0x01, 0x70, 0xC0, 0x01, 0x70, 0xC0, 0x01, 0x20, 0x80, 0x00, 0x00, 0x00, 0x00,
  0x00, 0x00, 0x00, 0xFF, 0xFF, 0x01, 0xFF, 0xFF, 0x07, 0x00, 0x00, 0x0E, 0x00, 0x00, 0x18, 0x00,
  0x00, 0x38, 0x00, 0x00, 0x30, 0x00, 0x00, 0x30, 0x00, 0x00, 0x30, 0x00, 0x00, 0x30, 0x00, 0x00,
  0x30, 0x00, 0x00, 0x30, 0x00, 0x00, 0x38, 0x00, 0x00, 0x18, 0x00, 0x00, 0x1E, 0x00, 0xE0, 0x0F,
  0x00, 0xE0, 0x03, 0xFF, 0x01, 0xFF, 0x03, 0x00, 0x07, 0x00, 0x06, 0x00, 0x06, 0x00, 0x06, 0x00,
  0x07, 0xC0, 0x03, 0xC0, 0x01, 0xC0, 0x01, 0xC0, 0x03, 0x00, 0x07, 0x00, 0x06, 0x00, 0x06, 0x00,
  0x06, 0x00, 0x07, 0xFF, 0x03, 0xFF, 0x01, 0x03, 0x00, 0x00, 0x03, 0x00, 0x00, 0x03, 0x00, 0x00,
  0x03, 0x00, 0x00, 0x03, 0x00, 0x00, 0x03, 0x00, 0x00, 0x03, 0x00, 0x00, 0x03, 0x00, 0x00, 0x03,
  0x00, 0x00, 0x03, 0x00, 0x00, 0x03, 0x00, 0x00, 0x03, 0x00, 0x00, 0x03, 0x00, 0x00, 0xFF, 0xFF,
  0x3F, 0xFF, 0xFF, 0x3F, 0x00, 0xFE, 0xFF, 0x7F, 0x00, 0xFE, 0xFF, 0x7F, 0x00, 0x06, 0x00, 0x00,
  0x00, 0x06, 0x00, 0x00, 0x1E, 0x06, 0x00, 0x00, 0x1E, 0x06, 0x00, 0x00, 0x33, 0x06, 0x00, 0x00,
  0x33, 0x06, 0x00, 0x00, 0x33, 0x06, 0x00, 0x00, 0x1E, 0x06, 0x00, 0x00, 0x1E, 0x06, 0x00, 0x00,
  0x00, 0x06, 0x00, 0x00, 0x00, 0x06, 0x00, 0x00, 0x00, 0x06, 0x00, 0x00, 0x00, 0x06, 0x00, 0x00,
  0xFF, 0xFF, 0x3F, 0xFF, 0xFF, 0x3F, 0x03, 0x00, 0x00, 0x03, 0x00, 0x00, 0x03, 0x00, 0x00, 0x03,
  0x00, 0x00, 0x03, 0x00, 0x00, 0x03, 0x00, 0x00, 0x03, 0x00, 0x00, 0x03, 0x00, 0x00, 0x03, 0x00,
  0x00, 0x03, 0x00, 0x00, 0x03, 0x00, 0x00, 0x03, 0x00, 0x00, 0x03, 0x00, 0x00, 0xC0, 0xFF, 0xFF,
  0x0F, 0xC0, 0xFF, 0xFF, 0x0F, 0xC0, 0x00, 0x00, 0x00, 0xC0, 0x00, 0x00, 0x00, 0xC0, 0x00, 0x00,
  0x00, 0xC6, 0x00, 0x00, 0x00, 0xC7, 0x00, 0x00, 0x00, 0xC7, 0x00, 0x00, 0x00, 0xC2, 0x00, 0x00,
  0x00, 0xC0, 0x00, 0x00, 0x00, 0xC0, 0x00, 0x00, 0x00, 0xC0, 0x00, 0x00, 0x00, 0xC0, 0x00, 0x00,
  0x00, 0xC0, 0x00, 0x00, 0x00, 0xC0, 0x00, 0x00, 0x00, 0x00, 0x00, 0x30, 0x00, 0x00, 0x30, 0x00,
  0x00, 0x30, 0x00, 0x00, 0x30, 0x00, 0x00, 0x30, 0x00, 0x00, 0x30, 0x00, 0x00, 0x30, 0x00, 0x00,
  0x30, 0x00, 0x00, 0x30, 0x00, 0x00, 0x30, 0x00, 0x00, 0x30, 0x00, 0x00, 0x30, 0x00, 0x00, 0x30,
  0xFF, 0xFF, 0x3F, 0xFF, 0xFF, 0x3F, 0x00, 0x00, 0x00, 0x0C, 0x00, 0x00, 0x00, 0x0C, 0x00, 0x00,
  0x00, 0x0C, 0x00, 0x00, 0x00, 0x0C, 0x00, 0x00, 0x00, 0x0C, 0x00, 0x00, 0x00, 0x0C, 0x00, 0x00,
  0x00, 0x0C, 0x00, 0x00, 0x00, 0x0C, 0x00, 0x00, 0x00, 0x0C, 0x00, 0x00, 0x00, 0x0C, 0x00, 0x00,
  0x00, 0x0C, 0x00, 0x00, 0x00, 0x0C, 0x06, 0x00, 0x00, 0x0C, 0xC7, 0xFF, 0xFF, 0x0F, 0xC7, 0xFF,
  0xFF, 0x0F, 0x02, 0x00, 0x00, 0x00, 0x00, 0x00, 0x00, 0x0C, 0x00, 0x00, 0x00, 0x0C, 0x00, 0x00,
  0x00, 0x0C, 0x00, 0x00, 0x00, 0x0C, 0x00, 0x00, 0x00, 0x0C, 0x00, 0x00, 0x00, 0x0C, 0x00, 0x00,
  0x00, 0x0C, 0x00, 0x00, 0x00, 0x0C, 0x06, 0x00, 0x00, 0x0C, 0x07, 0x00, 0x00, 0x0C, 0x07, 0x00,
  0x00, 0x0C, 0x02, 0x00, 0x00, 0x0C, 0x00, 0x00, 0x00, 0x0C, 0xC0, 0xFF, 0xFF, 0x0F, 0xC0, 0xFF,
  0xFF, 0x0F, 0x06, 0x00, 0x00, 0x00, 0x07, 0x00, 0x00, 0x00, 0x07, 0x00, 0x00, 0x00, 0x02, 0x00,
  0x00, 0x00, 0xFF, 0xFF, 0x3F, 0xFF, 0xFF, 0x3F, 0x00, 0x00, 0x30, 0x00, 0x00, 0x30, 0x00, 0x00,
  0x30, 0x00, 0x00, 0x30, 0x00, 0x00, 0x30, 0x00, 0x00, 0x30, 0x00, 0x00, 0x30, 0x00, 0x00, 0x30,
  0x00, 0x00, 0x30, 0x00, 0x00, 0x30, 0x00, 0x00, 0x30, 0x00, 0x00, 0x30, 0x00, 0x00, 0x30, 0x06,
  0x00, 0x00, 0x00, 0xC7, 0xFF, 0xFF, 0x0F, 0xC7, 0xFF, 0xFF, 0x0F, 0x02, 0x00, 0x00, 0x0C, 0x00,
  0x00, 0x00, 0x0C, 0x00, 0x00, 0x00, 0x0C, 0x00, 0x00, 0x00, 0x0C, 0x00, 0x00, 0x00, 0x0C, 0x00,
  0x00, 0x00, 0x0C, 0x00, 0x00, 0x00, 0x0C, 0x00, 0x00, 0x00, 0x0C, 0x00, 0x00, 0x00, 0x0C, 0x00,
  0x00, 0x00, 0x0C, 0x00, 0x00, 0x00, 0x0C, 0x00, 0x00, 0x00, 0x0C, 0x00, 0x00, 0x00, 0x0C, 0x00,
  0x04, 0x00, 0x00, 0x0E, 0x00, 0x00, 0x0E, 0x00, 0x03, 0x04, 0x00, 0x03, 0x00, 0x00, 0x03, 0x00,
  0x00, 0x03, 0x00, 0x00, 0x03, 0x00, 0x00, 0x03, 0x00, 0x00, 0x03, 0x00, 0x00, 0x03, 0x00, 0x00,
  0x03, 0x00, 0x00, 0x03, 0x00, 0x00, 0x03, 0x00, 0x00, 0x03, 0x00, 0x00, 0xFF, 0xFF, 0x3F, 0xFF,
  0xFF, 0x3F, 0x03, 0x00, 0x00, 0x03, 0x00, 0x00, 0x03, 0x00, 0x00, 0x03, 0x00, 0x00, 0x03, 0x00,
  0x00, 0x03, 0x00, 0x00, 0x03, 0x00, 0x00, 0x03, 0x00, 0x00, 0x03, 0x00, 0x00, 0x03, 0x00, 0x00,
  0x03, 0x00, 0x00, 0x03, 0x00, 0x00, 0x03, 0x00, 0x00, 0xFF, 0xFF, 0x3F, 0xFF, 0xFF, 0x3F, 0x00,
  0x00, 0x00, 0x00, 0x00, 0x00, 0x00, 0x04, 0x00, 0x00, 0x0E, 0x00, 0x00, 0x0E, 0x00, 0x00, 0x04,
  0x00, 0x00, 0x04, 0x00, 0x00, 0x0E, 0x00, 0x00, 0x0E, 0x00, 0x00, 0x04, 0x00, 0x00, 0x00, 0x00,
  0x00, 0x00, 0x00, 0xFF, 0xFF, 0x3F, 0xFF, 0xFF, 0x3F, 0x03, 0x00, 0x00, 0x03, 0x00, 0x00, 0x03,
  0x00, 0x00, 0x03, 0x00, 0x00, 0x03, 0x00, 0x00, 0x03, 0x00, 0x00, 0x03, 0x00, 0x00, 0x03, 0x00,
  0x00, 0x03, 0x00, 0x00, 0x03, 0x00, 0x00, 0x03, 0x00, 0x00, 0x03, 0x00, 0x00, 0x03, 0x00, 0x00,
  0xFF, 0xFF, 0x3F, 0xFF, 0xFF, 0x3F, 0x03, 0x00, 0x00, 0x03, 0x00, 0x00, 0x03, 0x00, 0x00, 0x03,
  0x00, 0x00, 0x03, 0x00, 0x00, 0x03, 0x00, 0x00, 0x03, 0x00, 0x00, 0x03, 0x00, 0x00, 0x03, 0x00,
  0x00, 0x03, 0x00, 0x00, 0x03, 0x00, 0x00, 0x03, 0x00, 0x00, 0x03, 0x04, 0x00, 0x00, 0x0E, 0x00,
  0x00, 0x0E, 0x00, 0x00, 0x04, 0x00, 0x00, 0x00, 0x01, 0x00, 0x00, 0x80, 0x03, 0x00, 0x00, 0x80,
  0x03, 0x00, 0x00, 0x00, 0x01, 0x00, 0x00, 0x00, 0x00, 0x00, 0x00, 0x00, 0x00, 0x00, 0xC0, 0xFF,
  0xFF, 0x0F, 0xC0, 0xFF, 0xFF, 0x0F, 0xC0, 0x00, 0x00, 0x00, 0xC0, 0x00, 0x00, 0x00, 0xC0, 0x00,
  0x00, 0x00, 0xC6, 0x00, 0x00, 0x00, 0xC7, 0x00, 0x00, 0x00, 0xC7, 0x00, 0x00, 0x00, 0xC2, 0x00,
  0x00, 0x00, 0xC0, 0x00, 0x00, 0x00, 0xC0, 0x00, 0x00, 0x00, 0xC0, 0x00, 0x00, 0x00, 0xC0, 0x00,
  0x00, 0x00, 0xC0, 0x00, 0x00, 0x00, 0xC0, 0x00, 0x00, 0x00, 0xC0, 0xFF, 0xFF, 0x0F, 0xC0, 0xFF,
  0xFF, 0x0F, 0xC0, 0x00, 0x00, 0x00, 0xC0, 0x00, 0x00, 0x00, 0xC0, 0x00, 0x00, 0x00, 0xC6, 0x00,
  0x00, 0x00, 0xC7, 0x00, 0x00, 0x00, 0xC7, 0x00, 0x00, 0x00, 0xC2, 0x00, 0x00, 0x00, 0xC0, 0x00,
  0x00, 0x00, 0xC0, 0x00, 0x00, 0x00, 0xC0, 0x00, 0x00, 0x00, 0xC0, 0x00, 0x00, 0x00, 0xC0, 0x00,
  0x00, 0x00, 0xC0, 0x00, 0x01, 0x00, 0x00, 0x80, 0x03, 0x00, 0x00, 0x80, 0x03, 0x00, 0x00, 0x00,
  0x01, 0x00, 0x00, 0x04, 0x00, 0x00, 0x0E, 0x00, 0x00, 0x0E, 0x00, 0x00, 0x04, 0x30, 0x00, 0x00,
  0x30, 0x00, 0x00, 0x30, 0x00, 0x00, 0x30, 0x00, 0x00, 0x30, 0x00, 0x00, 0x30, 0x00, 0x00, 0x30,
  0x00, 0x00, 0x30, 0x00, 0x00, 0x30, 0x00, 0x00, 0x30, 0x00, 0x00, 0x30, 0x00, 0x00, 0x30, 0xFF,
  0xFF, 0x3F, 0xFF, 0xFF, 0x3F, 0x00, 0x00, 0x30, 0x00, 0x00, 0x30, 0x00, 0x00, 0x30, 0x00, 0x00,
  0x30, 0x00, 0x00, 0x30, 0x00, 0x00, 0x30, 0x00, 0x00, 0x30, 0x00, 0x00, 0x30, 0x00, 0x00, 0x30,
  0x00, 0x00, 0x30, 0x00, 0x00, 0x30, 0x00, 0x00, 0x30, 0x00, 0x00, 0x30, 0xFF, 0xFF, 0x3F, 0xFF,
  0xFF, 0x3F, 0x00, 0x00, 0x00, 0x00, 0x00, 0x00, 0x00, 0x04, 0x00, 0x00, 0x0E, 0x00, 0x00, 0x0E,
  0x00, 0x00, 0x04, 0x00, 0x00, 0x00, 0x01, 0x00, 0x00, 0x80, 0x03, 0x00, 0x00, 0x80, 0x03, 0x00,
  0x00, 0x00, 0x01, 0x0C, 0x00, 0x00, 0x00, 0x0C, 0x00, 0x00, 0x00, 0x0C, 0x00, 0x00, 0x00, 0x0C,
  0x00, 0x00, 0x00, 0x0C, 0x00, 0x00, 0x00, 0x0C, 0x00, 0x00, 0x00, 0x0C, 0x00, 0x00, 0x00, 0x0C,
  0x00, 0x00, 0x00, 0x0C, 0x00, 0x00, 0x00, 0x0C, 0x00, 0x00, 0x00, 0x0C, 0x06, 0x00, 0x00, 0x0C,
  0xC7, 0xFF, 0xFF, 0x0F, 0xC7, 0xFF, 0xFF, 0x0F, 0x02, 0x00, 0x00, 0x00, 0x00, 0x00, 0x00, 0x0C,
  0x00, 0x00, 0x00, 0x0C, 0x00, 0x00, 0x00, 0x0C, 0x00, 0x00, 0x00, 0x0C, 0x00, 0x00, 0x00, 0x0C,
  0x00, 0x00, 0x00, 0x0C, 0x00, 0x00, 0x00, 0x0C, 0x00, 0x00, 0x00, 0x0C, 0x00, 0x00, 0x00, 0x0C,
  0x00, 0x00, 0x00, 0x0C, 0x00, 0x00, 0x00, 0x0C, 0x00, 0x00, 0x00, 0x0C, 0x06, 0x00, 0x00, 0x0C,
  0xC7, 0xFF, 0xFF, 0x0F, 0xC7, 0xFF, 0xFF, 0x0F, 0x02, 0x00, 0x00, 0x00, 0x00, 0x00, 0x00, 0x00,
  0x00, 0x00, 0x01, 0x00, 0x00, 0x80, 0x03, 0x00, 0x00, 0x80, 0x03, 0x00, 0x00, 0x00, 0x01, 0x00,
  0x00, 0x04, 0x00, 0x00, 0x0E, 0x00, 0x00, 0x0E, 0x00, 0x00, 0x04, 0x00, 0x00, 0x00, 0x00, 0x00,
  0x00, 0x00, 0xFF, 0xFF, 0x3F, 0xFF, 0xFF, 0x3F, 0x00, 0x00, 0x30, 0x00, 0x00, 0x30, 0x00, 0x00,
  0x30, 0x00, 0x00, 0x30, 0x00, 0x00, 0x30, 0x00, 0x00, 0x30, 0x00, 0x00, 0x30, 0x00, 0x00, 0x30,
  0x00, 0x00, 0x30, 0x00, 0x00, 0x30, 0x00, 0x00, 0x30, 0x00, 0x00, 0x30, 0x00, 0x00, 0x30, 0xFF,
  0xFF, 0x3F, 0xFF, 0xFF, 0x3F, 0x00, 0x00, 0x30, 0x00, 0x00, 0x30, 0x00, 0x00, 0x30, 0x00, 0x00,
  0x30, 0x00, 0x00, 0x30, 0x00, 0x00, 0x30, 0x00, 0x00, 0x30, 0x00, 0x00, 0x30, 0x00, 0x00, 0x30,
  0x00, 0x00, 0x30, 0x00, 0x00, 0x30, 0x00, 0x00, 0x30, 0x00, 0x04, 0x30, 0x00, 0x0E, 0x00, 0x00,
  0x0E, 0x00, 0x00, 0x04, 0x00, 0x00, 0x00, 0x01, 0x00, 0x00, 0x80, 0x03, 0x00, 0x00, 0x80, 0x03,
  0x00, 0x00, 0x00, 0x01, 0x00, 0x00, 0x00, 0x00, 0x00, 0x06, 0x00, 0x00, 0x00, 0xC7, 0xFF, 0xFF,
  0x0F, 0xC7, 0xFF, 0xFF, 0x0F, 0x02, 0x00, 0x00, 0x0C, 0x00, 0x00, 0x00, 0x0C, 0x00, 0x00, 0x00,
  0x0C, 0x00, 0x00, 0x00, 0x0C, 0x00, 0x00, 0x00, 0x0C, 0x00, 0x00, 0x00, 0x0C, 0x00, 0x00, 0x00,
  0x0C, 0x00, 0x00, 0x00, 0x0C, 0x00, 0x00, 0x00, 0x0C, 0x00, 0x00, 0x00, 0x0C, 0x00, 0x00, 0x00,
  0x0C, 0x00, 0x00, 0x00, 0x0C, 0x00, 0x00, 0x00, 0x0C, 0x06, 0x00, 0x00, 0x00, 0xC7, 0xFF, 0xFF,
  0x0F, 0xC7, 0xFF, 0xFF, 0x0F, 0x02, 0x00, 0x00, 0x0C, 0x00, 0x00, 0x00, 0x0C, 0x00, 0x00, 0x00,
  0x0C, 0x00, 0x00, 0x00, 0x0C, 0x00, 0x00, 0x00, 0x0C, 0x00, 0x00, 0x00, 0x0C, 0x00, 0x00, 0x00,
  0x0C, 0x00, 0x00, 0x00, 0x0C, 0x00, 0x00, 0x00, 0x0C, 0x00, 0x00, 0x00, 0x0C, 0x00, 0x00, 0x00,
  0x0C, 0x00, 0x00, 0x01, 0x0C, 0x00, 0x80, 0x03, 0x00, 0x00, 0x80, 0x03, 0x00, 0x00, 0x00, 0x01,
  0x00, 0x20, 0x80, 0x01, 0x70, 0xC0, 0x01, 0x70, 0xC0, 0x01, 0x20, 0x80, 0x00, 0x00, 0x00, 0x00,
  0x00, 0x00, 0x00, 0xFF, 0xFF, 0x3F, 0xFF, 0xFF, 0x3F, 0x00, 0x00, 0x30, 0x00, 0x00, 0x30, 0x00,
  0x00, 0x30, 0x00, 0x00, 0x30, 0x00, 0x00, 0x30, 0x00, 0x00, 0x30, 0x00, 0x00, 0x30, 0x00, 0x00,
  0x30, 0x00, 0x00, 0x30, 0x00, 0x00, 0x30, 0x00, 0x00, 0x30, 0x00, 0x00, 0x30, 0x00, 0x00, 0x30,
  0xFF, 0x07, 0xFF, 0x07, 0x00, 0x06, 0x00, 0x06, 0x00, 0x06, 0x00, 0x06, 0x00, 0x06, 0x00, 0x06,
  0x00, 0x06, 0xF8, 0x00, 0xFE, 0x01, 0x86, 0x03, 0x07, 0x07, 0x03, 0x06, 0x03, 0x06, 0x03, 0x06,
  0x03, 0x06, 0x03, 0x06, 0x00, 0x06, 0x00, 0x06, 0x00, 0x06, 0x00, 0x06, 0x00, 0x06, 0x00, 0x06,
  0x00, 0x06, 0xFF, 0x07, 0xFF, 0x07, 0x0C, 0x06, 0x0E, 0x06, 0x07, 0x07, 0x83, 0x07, 0xC3, 0x07,
  0xC3, 0x06, 0x67, 0x06, 0x3E, 0x06, 0x1C, 0x06, 0x38, 0x00, 0x00, 0x3C, 0x00, 0x30, 0x0E, 0x00,
  0x38, 0x06, 0x00, 0x3C, 0x03, 0x00, 0x3E, 0x03, 0x00, 0x36, 0x03, 0x00, 0x33, 0x03, 0x80, 0x31,
  0x03, 0xC0, 0x30, 0x03, 0xE0, 0x30, 0x07, 0x70, 0x30, 0x06, 0x38, 0x30, 0x1E, 0x1E, 0x30, 0xFC,
  0x07, 0x30, 0xF0, 0x03, 0x30, 0x03, 0x00, 0x03, 0x00, 0x03, 0x00, 0x03, 0x00, 0x03, 0x00, 0x03,
  0x00, 0x03, 0x00, 0x03, 0x00, 0x03, 0x00, 0xF3, 0x07, 0xFF, 0x1F, 0x3F, 0x38, 0x0F, 0x70, 0x07,
  0x60, 0x03, 0xE0, 0x03, 0xC0, 0x03, 0xC0, 0x03, 0xC0, 0x03, 0xC0, 0x03, 0xC0, 0x06, 0x60, 0x0E,
  0x70, 0x1C, 0x38, 0xF8, 0x1F, 0xE0, 0x07, 0x00, 0xC0, 0x0F, 0x00, 0x00, 0xF0, 0x3F, 0x00, 0x00,
  0x38, 0x70, 0x00, 0x00, 0x1C, 0xE0, 0x00, 0x00, 0x0C, 0xC0, 0x00, 0x00, 0x0E, 0x80, 0x01, 0x00,
  0x06, 0x80, 0x01, 0x1E, 0x06, 0x80, 0x01, 0x1E, 0x06, 0x80, 0x01, 0x33, 0x06, 0x80, 0x01, 0x33,
  0x06, 0x80, 0x01, 0x33, 0x0E, 0xC0, 0x00, 0x3E, 0x1E, 0xE0, 0x00, 0x1E, 0x7E, 0x70, 0x00, 0x00,
  0xF6, 0x3F, 0x00, 0x00, 0xE6, 0x0F, 0x00, 0x00, 0x06, 0x00, 0x00, 0x00, 0x06, 0x00, 0x00, 0x00,
  0x06, 0x00, 0x00, 0x00, 0x06, 0x00, 0x00, 0x00, 0x06, 0x00, 0x00, 0x00, 0x06, 0x00, 0x00, 0x00,
  0x06, 0x00, 0x00, 0x00, 0x06, 0x00, 0x00, 0x00, 0x06, 0x00, 0x00, 0xE0, 0x07, 0xF8, 0x1F, 0x1C,
  0x38, 0x0E, 0x70, 0x06, 0x60, 0x07, 0xC0, 0x03, 0xC0, 0x03, 0xC0, 0x03, 0xC0, 0x03, 0xC0, 0x03,
  0xC0, 0x07, 0x60, 0x0F, 0x70, 0x3F, 0x38, 0xFF, 0x1F, 0xF3, 0x07, 0x03, 0x00, 0x03, 0x00, 0x03,
  0x00, 0x03, 0x00, 0x03, 0x00, 0x03, 0x00, 0x03, 0x00, 0x03, 0x00, 0x03, 0x00, 0x00, 0xF8, 0x01,
  0x00, 0xFE, 0x07, 0x00, 0x07, 0x0E, 0x80, 0x03, 0x1C, 0x80, 0x01, 0x18, 0xC0, 0x01, 0x30, 0xC0,
  0x00, 0x30, 0xC0, 0x00, 0x30, 0xC0, 0x00, 0x30, 0xC6, 0x00, 0x30, 0xC7, 0x00, 0x30, 0xC7, 0x01,
  0x18, 0xC2, 0x03, 0x1C, 0xC0, 0x0F, 0x0E, 0xC0, 0xFF, 0x07, 0xC0, 0xFC, 0x01, 0xC0, 0x00, 0x00,
  0xC0, 0x00, 0x00, 0xC0, 0x00, 0x00, 0xC0, 0x00, 0x00, 0xC0, 0x00, 0x00, 0xC0, 0x00, 0x00, 0xC0,
  0x00, 0x00, 0xC0, 0x00, 0x00, 0xC0, 0x00, 0x00, 0x00, 0xC0, 0x00, 0xC0, 0x00, 0xC0, 0x00, 0xC0,
  0x00, 0xC0, 0x00, 0xC0, 0x00, 0xC0, 0x00, 0xC0, 0x00, 0xC0, 0xE0, 0xCF, 0xF8, 0xFF, 0x1C, 0xF8,
  0x0E, 0xF0, 0x06, 0xE0, 0x03, 0xC0, 0x03, 0xC0, 0x03, 0xC0, 0x03, 0xC0, 0x03, 0xC0, 0x03, 0xC0,
  0x06, 0x60, 0x0E, 0x70, 0x1C, 0x38, 0xF8, 0x1F, 0xE0, 0x07, 0x00, 0x00, 0x30, 0x00, 0x00, 0x30,
  0x00, 0x00, 0x30, 0x00, 0x00, 0x30, 0x00, 0x00, 0x30, 0x00, 0x00, 0x30, 0x00, 0x00, 0x30, 0x00,
  0x00, 0x30, 0x00, 0x00, 0x30, 0x00, 0xF8, 0x33, 0x00, 0xFE, 0x3F, 0x00, 0x07, 0x3E, 0x80, 0x03,
  0x3C, 0x80, 0x01, 0x38, 0xC0, 0x00, 0x30, 0xC6, 0x00, 0x30, 0xC7, 0x00, 0x30, 0xC7, 0x00, 0x30,
  0xC2, 0x00, 0x30, 0xC0, 0x00, 0x30, 0x80, 0x01, 0x18, 0x80, 0x03, 0x1C, 0x00, 0x07, 0x0E, 0x00,
  0xFE, 0x07, 0x00, 0xF8, 0x01, 0x00, 0x00, 0x30, 0x00, 0x00, 0x30, 0x00, 0x00, 0x30, 0x00, 0x00,
  0x30, 0x00, 0x00, 0x30, 0x00, 0x00, 0x30, 0x00, 0x00, 0x30, 0x00, 0x00, 0x30, 0x00, 0x00, 0x30,
  0x00, 0xF8, 0x33, 0x00, 0xFE, 0x37, 0x06, 0x07, 0x3E, 0x87, 0x03, 0x3C, 0x87, 0x01, 0x38, 0xC2,
  0x00, 0x30, 0xC0, 0x00, 0x30, 0xC0, 0x00, 0x30, 0xC0, 0x00, 0x30, 0xC0, 0x00, 0x30, 0xC6, 0x00,
  0x30, 0x87, 0x01, 0x18, 0x87, 0x03, 0x1C, 0x02, 0x07, 0x0E, 0x00, 0xFE, 0x07, 0x00, 0xF8, 0x01,
  0xE0, 0x07, 0xF8, 0x1F, 0x1C, 0x38, 0x0E, 0x70, 0x06, 0x60, 0x03, 0xC0, 0x03, 0xC0, 0x03, 0xC0,
  0x03, 0xC0, 0x03, 0xC0, 0x07, 0xC0, 0x06, 0xE0, 0x0E, 0xF0, 0x1C, 0xF8, 0xF8, 0xFF, 0xE0, 0xCF,
  0x00, 0xC0, 0x00, 0xC0, 0x00, 0xC0, 0x00, 0xC0, 0x00, 0xC0, 0x00, 0xC0, 0x00, 0xC0, 0x00, 0xC0,
  0x00, 0xC0, 0x00, 0xF8, 0x01, 0x00, 0xFE, 0x07, 0x00, 0x07, 0x0E, 0x80, 0x03, 0x1C, 0x80, 0x01,
  0x18, 0xC0, 0x00, 0x30, 0xC6, 0x00, 0x30, 0xC7, 0x00, 0x30, 0xC7, 0x00, 0x30, 0xC2, 0x00, 0x30,
  0xC0, 0x01, 0x30, 0x80, 0x01, 0x38, 0x80, 0x03, 0x3C, 0x00, 0x07, 0x3E, 0x00, 0xFE, 0x3F, 0x00,
  0xF8, 0x33, 0x00, 0x00, 0x30, 0x00, 0x00, 0x30, 0x00, 0x00, 0x30, 0x00, 0x00, 0x30, 0x00, 0x00,
  0x30, 0x00, 0x00, 0x30, 0x00, 0x00, 0x30, 0x00, 0x00, 0x30, 0x00, 0x00, 0x30, 0x10, 0x00, 0x38,
  0x00, 0x38, 0x00, 0x10, 0x00, 0x00, 0x00, 0x00, 0x00, 0x03, 0x00, 0x03, 0x00, 0x03, 0x00, 0x03,
  0x00, 0x03, 0x00, 0x03, 0x00, 0x03, 0x00, 0x03, 0x00, 0x03, 0x00, 0xF3, 0x07, 0xFF, 0x1F, 0x1F,
  0x38, 0x0F, 0x70, 0x07, 0x60, 0x03, 0xC0, 0x03, 0xC0, 0x03, 0xC0, 0x03, 0xC0, 0x03, 0xC0, 0x06,
  0xE0, 0x0E, 0x70, 0x1C, 0x38, 0xF8, 0x1F, 0xE0, 0x07, 0x03, 0x00, 0x03, 0x00, 0x03, 0x00, 0x03,
  0x00, 0x03, 0x00, 0x03, 0x00, 0x03, 0x00, 0x03, 0x00, 0x03, 0x00, 0xF3, 0x07, 0xFF, 0x1F, 0x3F,
  0x38, 0x0F, 0x70, 0x07, 0x60, 0x03, 0xE0, 0x03, 0xC0, 0x03, 0xC0, 0x03, 0xC0, 0x03, 0xC0, 0x03,
  0xC0, 0x06, 0x60, 0x0E, 0x70, 0x1C, 0x38, 0xF8, 0x1F, 0xE0, 0x07, 0x00, 0x00, 0x10, 0x00, 0x38,
  0x00, 0x38, 0x00, 0x10, 0x00, 0x10, 0x00, 0x38, 0x00, 0x38, 0x00, 0x10, 0x00, 0x00, 0x00, 0x00,
  0x00, 0xE0, 0x07, 0xF8, 0x1F, 0x1C, 0x38, 0x0E, 0x70, 0x06, 0x60, 0x03, 0xC0, 0x03, 0xC0, 0x03,
  0xC0, 0x03, 0xC0, 0x03, 0xC0, 0x06, 0xE0, 0x0E, 0xF0, 0x1C, 0xF8, 0xF8, 0xFF, 0xE0, 0xCF, 0x00,
  0xC0, 0x00, 0xC0, 0x00, 0xC0, 0x00, 0xC0, 0x00, 0xC0, 0x00, 0xC0, 0x00, 0xC0, 0x00, 0xC0, 0x00,
  0xC0, 0xE0, 0x07, 0xF8, 0x1F, 0x1C, 0x38, 0x0E, 0x70, 0x06, 0x60, 0x03, 0xC0, 0x03, 0xC0, 0x03,
  0xC0, 0x03, 0xC0, 0x03, 0xC0, 0x07, 0xC0, 0x06, 0xE0, 0x0E, 0xF0, 0x1C, 0xF8, 0xF8, 0xFF, 0xE0,
  0xCF, 0x00, 0xC0, 0x00, 0xC0, 0x00, 0xC0, 0x00, 0xC0, 0x00, 0xC0, 0x10, 0xC0, 0x38, 0xC0, 0x38,
  0xC0, 0x10, 0xC0, 0x00, 0x04, 0x00, 0x00, 0x0E, 0x00, 0x00, 0x0E, 0x00, 0x00, 0x04, 0x00, 0x00,
  0x00, 0x00, 0x00, 0x00, 0x00, 0x00, 0xF8, 0x01, 0x00, 0xFE, 0x07, 0x00, 0x07, 0x0E, 0x80, 0x03,
  0x1C, 0x80, 0x01, 0x18, 0xC6, 0x00, 0x30, 0xC7, 0x00, 0x30, 0xC7, 0x00, 0x30, 0xC2, 0x00, 0x30,
  0xC0, 0x00, 0x30, 0x80, 0x01, 0x38, 0x80, 0x03, 0x3C, 0x00, 0x07, 0x3E, 0x00, 0xFE, 0x3F, 0x00,
  0xF8, 0x33, 0x00, 0x00, 0x30, 0x00, 0x00, 0x30, 0x00, 0x00, 0x30, 0x00, 0x00, 0x30, 0x00, 0x00,
  0x30, 0x00, 0x00, 0x30, 0x00, 0x00, 0x30, 0x00, 0x00, 0x30, 0x00, 0x00, 0x30, 0x00, 0xF8, 0x01,
  0x00, 0xFE, 0x07, 0x00, 0x07, 0x0E, 0x80, 0x03, 0x1C, 0x80, 0x01, 0x18, 0xC0, 0x00, 0x30, 0xC6,
  0x00, 0x30, 0xC7, 0x00, 0x30, 0xC7, 0x00, 0x30, 0xC2, 0x00, 0x30, 0xC0, 0x01, 0x30, 0x80, 0x01,
  0x38, 0x80, 0x03, 0x3C, 0x00, 0x07, 0x3E, 0x00, 0xFE, 0x3F, 0x00, 0xF8, 0x33, 0x00, 0x00, 0x30,
  0x00, 0x00, 0x30, 0x00, 0x00, 0x30, 0x00, 0x00, 0x30, 0x00, 0x00, 0x30, 0x00, 0x04, 0x30, 0x00,
  0x0E, 0x30, 0x00, 0x0E, 0x30, 0x00, 0x04, 0x30, 0x00, 0xF8, 0x01, 0x00, 0xFE, 0x07, 0x06, 0x07,
  0x0E, 0x87, 0x03, 0x1C, 0x87, 0x01, 0x18, 0xC2, 0x00, 0x30, 0xC0, 0x00, 0x30, 0xC0, 0x00, 0x30,
  0xC0, 0x00, 0x30, 0xC0, 0x00, 0x30, 0xC6, 0x01, 0x30, 0x87, 0x01, 0x38, 0x87, 0x03, 0x3C, 0x02,
  0x07, 0x3E, 0x00, 0xFE, 0x37, 0x00, 0xF8, 0x31, 0x00, 0x00, 0x30, 0x00, 0x00, 0x30, 0x00, 0x00,
  0x30, 0x00, 0x00, 0x30, 0x00, 0x00, 0x30, 0x00, 0x00, 0x30, 0x00, 0x00, 0x30, 0x00, 0x00, 0x30,
  0x00, 0x00, 0x30, 0x78, 0x00, 0xFE, 0x01, 0xC6, 0x01, 0x83, 0x03, 0x03, 0x03, 0x03, 0x03, 0x83,
  0x03, 0xC6, 0x03, 0xFE, 0x03, 0x78, 0x03, 0x00, 0x03, 0x00, 0x03, 0x00, 0x03, 0x00, 0x03, 0x00,
  0x03, 0x00, 0x03, 0xFF, 0x01, 0xFF, 0x07, 0x00, 0x06, 0x00, 0x0C, 0x00, 0x0C, 0x00, 0x0C, 0x00,
  0x0C, 0x00, 0x0C, 0x00, 0x06, 0xFF, 0x07, 0xFF, 0x01, 0x00, 0x03, 0x00, 0x03, 0x00, 0x03, 0x00,
  0x03, 0x00, 0x03, 0x00, 0x03, 0x78, 0x03, 0xFE, 0x03, 0xC6, 0x03, 0x83, 0x03, 0x03, 0x03, 0x03,
  0x03, 0x83, 0x03, 0xC6, 0x01, 0xFE, 0x01, 0x78, 0x00, 0x03, 0x00, 0x03, 0x00, 0x03, 0x00, 0x03,
  0x00, 0x03, 0x00, 0x03, 0x00, 0x03, 0x00, 0x03, 0x00, 0x03, 0x00, 0x03, 0x00, 0x03, 0x00, 0x03,
  0x00, 0x03, 0x00, 0x03, 0xC0, 0x03, 0xC0, 0x03, 0xC0, 0x03, 0xC0, 0x03, 0xC0, 0x03, 0xC0, 0x06,
  0x60, 0x0E, 0x70, 0x1C, 0x38, 0xF8, 0x1F, 0xE0, 0x07, 0x00, 0xC0, 0x0F, 0x00, 0x00, 0xF0, 0x3F,
  0x00, 0x00, 0x38, 0x70, 0x00, 0x00, 0x1C, 0xE0, 0x00, 0x00, 0x0C, 0xC0, 0x00, 0x00, 0x06, 0x80,
  0x01, 0x00, 0x06, 0x80, 0x01, 0x00, 0x06, 0x80, 0x01, 0x1E, 0x06, 0x80, 0x01, 0x3F, 0x06, 0x80,
  0x01, 0x33, 0x06, 0x80, 0x01, 0x33, 0x06, 0x00, 0x00, 0x3F, 0x06, 0x00, 0x00, 0x1E, 0x06, 0x00,
  0x00, 0x00, 0x06, 0x00, 0x00, 0x00, 0x06, 0x00, 0x00, 0x00, 0x06, 0x00, 0x00, 0x00, 0x06, 0x00,
  0x00, 0x00, 0x06, 0x00, 0x00, 0x00, 0x06, 0x00, 0x00, 0x00, 0x06, 0x00, 0x00, 0x00, 0x06, 0x00,
  0x00, 0x00, 0x06, 0x00, 0x00, 0x00, 0x06, 0x00, 0x00, 0x00, 0x06, 0x00, 0x00, 0xE0, 0x07, 0xF8,
  0x1F, 0x1C, 0x38, 0x0E, 0x70, 0x06, 0x60, 0x03, 0xC0, 0x03, 0xC0, 0x03, 0xC0, 0x03, 0xC0, 0x03,
  0xC0, 0x03, 0xC0, 0x03, 0x00, 0x03, 0x00, 0x03, 0x00, 0x03, 0x00, 0x03, 0x00, 0x03, 0x00, 0x03,
  0x00, 0x03, 0x00, 0x03, 0x00, 0x03, 0x00, 0x03, 0x00, 0x03, 0x00, 0x03, 0x00, 0x03, 0x00, 0x00,
  0xF8, 0x01, 0x00, 0xFE, 0x07, 0x00, 0x07, 0x0E, 0x80, 0x03, 0x1C, 0x80, 0x01, 0x18, 0xC0, 0x00,
  0x30, 0xC0, 0x00, 0x30, 0xC0, 0x00, 0x30, 0xC0, 0x00, 0x30, 0xC6, 0x00, 0x30, 0xC7, 0x00, 0x30,
  0xC7, 0x00, 0x00, 0xC2, 0x00, 0x00, 0xC0, 0x00, 0x00, 0xC0, 0x00, 0x00, 0xC0, 0x00, 0x00, 0xC0,
  0x00, 0x00, 0xC0, 0x00, 0x00, 0xC0, 0x00, 0x00, 0xC0, 0x00, 0x00, 0xC0, 0x00, 0x00, 0xC0, 0x00,
  0x00, 0xC0, 0x00, 0x00, 0xC0, 0x00, 0x00, 0xC0, 0x00, 0x00, 0x00, 0xC0, 0x00, 0xC0, 0x00, 0xC0,
  0x00, 0xC0, 0x00, 0xC0, 0x00, 0xC0, 0x00, 0xC0, 0x00, 0xC0, 0x00, 0xC0, 0x00, 0xC0, 0x00, 0xC0,
  0x00, 0xC0, 0x00, 0xC0, 0x03, 0xC0, 0x03, 0xC0, 0x03, 0xC0, 0x03, 0xC0, 0x03, 0xC0, 0x03, 0xC0,
  0x06, 0x60, 0x0E, 0x70, 0x1C, 0x38, 0xF8, 0x1F, 0xE0, 0x07, 0x00, 0x00, 0x30, 0x00, 0x00, 0x30,
  0x00, 0x00, 0x30, 0x00, 0x00, 0x30, 0x00, 0x00, 0x30, 0x00, 0x00, 0x30, 0x00, 0x00, 0x30, 0x00,
  0x00, 0x30, 0x00, 0x00, 0x30, 0x00, 0x00, 0x30, 0x00, 0x00, 0x30, 0x00, 0x00, 0x30, 0x00, 0x00,
  0x30, 0x00, 0x00, 0x30, 0xC0, 0x00, 0x30, 0xC6, 0x00, 0x30, 0xC7, 0x00, 0x30, 0xC7, 0x00, 0x30,
  0xC2, 0x00, 0x30, 0x80, 0x01, 0x18, 0x80, 0x03, 0x1C, 0x00, 0x07, 0x0E, 0x00, 0xFE, 0x07, 0x00,
  0xF8, 0x01, 0x00, 0x00, 0x30, 0x00, 0x00, 0x30, 0x00, 0x00, 0x30, 0x00, 0x00, 0x30, 0x00, 0x00,
  0x30, 0x00, 0x00, 0x30, 0x00, 0x00, 0x30, 0x00, 0x00, 0x30, 0x00, 0x00, 0x30, 0x00, 0x00, 0x30,
  0x00, 0x00, 0x30, 0x00, 0x00, 0x30, 0x06, 0x00, 0x30, 0x07, 0x00, 0x30, 0xC7, 0x00, 0x30, 0xC2,
  0x00, 0x30, 0xC0, 0x00, 0x30, 0xC0, 0x00, 0x30, 0xC0, 0x00, 0x30, 0xC6, 0x00, 0x30, 0x87, 0x01,
  0x18, 0x87, 0x03, 0x1C, 0x02, 0x07, 0x0E, 0x00, 0xFE, 0x07, 0x00, 0xF8, 0x01, 0xE0, 0x07, 0xF8,
  0x1F, 0x1C, 0x38, 0x0E, 0x70, 0x06, 0x60, 0x03, 0xC0, 0x03, 0xC0, 0x03, 0xC0, 0x03, 0xC0, 0x03,
  0xC0, 0x03, 0xC0, 0x00, 0xC0, 0x00, 0xC0, 0x00, 0xC0, 0x00, 0xC0, 0x00, 0xC0, 0x00, 0xC0, 0x00,
  0xC0, 0x00, 0xC0, 0x00, 0xC0, 0x00, 0xC0, 0x00, 0xC0, 0x00, 0xC0, 0x00, 0xC0, 0x00, 0xC0, 0x00,
  0xF8, 0x01, 0x00, 0xFE, 0x07, 0x00, 0x07, 0x0E, 0x80, 0x03, 0x1C, 0x80, 0x01, 0x18, 0xC0, 0x00,
  0x30, 0xC6, 0x00, 0x30, 0xC7, 0x00, 0x30, 0xC7, 0x00, 0x30, 0xC2, 0x00, 0x30, 0xC0, 0x00, 0x30,
  0x00, 0x00, 0x30, 0x00, 0x00, 0x30, 0x00, 0x00, 0x30, 0x00, 0x00, 0x30, 0x00, 0x00, 0x30, 0x00,
  0x00, 0x30, 0x00, 0x00, 0x30, 0x00, 0x00, 0x30, 0x00, 0x00, 0x30, 0x00, 0x00, 0x30, 0x00, 0x00,
  0x30, 0x00, 0x00, 0x30, 0x00, 0x00, 0x30, 0x00, 0x00, 0x30, 0x10, 0x00, 0x38, 0x00, 0x38, 0x00,
  0x10, 0x00, 0x00, 0x00, 0x00, 0x00, 0x03, 0x00, 0x03, 0x00, 0x03, 0x00, 0x03, 0x00, 0x03, 0x00,
  0x03, 0x00, 0x03, 0x00, 0x03, 0x00, 0x03, 0x00, 0x03, 0x00, 0x03, 0x00, 0x03, 0x00, 0x03, 0x00,
  0x03, 0xC0, 0x03, 0xC0, 0x03, 0xC0, 0x03, 0xC0, 0x03, 0xC0, 0x06, 0xE0, 0x0E, 0x70, 0x1C, 0x38,
  0xF8, 0x1F, 0xE0, 0x07, 0x03, 0x00, 0x03, 0x00, 0x03, 0x00, 0x03, 0x00, 0x03, 0x00, 0x03, 0x00,
  0x03, 0x00, 0x03, 0x00, 0x03, 0x00, 0x03, 0x00, 0x03, 0x00, 0x03, 0x00, 0x03, 0x00, 0x03, 0xC0,
  0x03, 0xC0, 0x03, 0xC0, 0x03, 0xC0, 0x03, 0xC0, 0x03, 0xC0, 0x06, 0x60, 0x0E, 0x70, 0x1C, 0x38,
  0xF8, 0x1F, 0xE0, 0x07, 0x00, 0x00, 0x00, 0x00, 0x10, 0x00, 0x38, 0x00, 0x38, 0x00, 0x10, 0x00,
  0x10, 0x00, 0x38, 0x00, 0x38, 0x00, 0x10, 0x00, 0x00, 0x00, 0x00, 0x00, 0xE0, 0x07, 0xF8, 0x1F,
  0x1C, 0x38, 0x06, 0x70, 0x06, 0x60, 0x03, 0xC0, 0x03, 0xC0, 0x03, 0xC0, 0x03, 0xC0, 0x03, 0xC0,
  0x03, 0xC0, 0x03, 0x00, 0x03, 0x00, 0x03, 0x00, 0x03, 0x00, 0x03, 0x00, 0x03, 0x00, 0x03, 0x00,
  0x03, 0x00, 0x03, 0x00, 0x03, 0x00, 0x03, 0x00, 0x03, 0x00, 0x03, 0x00, 0xE0, 0x07, 0xF8, 0x1F,
  0x1C, 0x38, 0x06, 0x70, 0x06, 0x60, 0x03, 0xC0, 0x03, 0xC0, 0x03, 0xC0, 0x03, 0xC0, 0x03, 0xC0,
  0x03, 0xC0, 0x03, 0x00, 0x03, 0x00, 0x03, 0x00, 0x03, 0x00, 0x03, 0x00, 0x03, 0x00, 0x03, 0x00,
  0x03, 0x00, 0x03, 0x00, 0x03, 0x00, 0x03, 0x00, 0x03, 0x00, 0x03, 0x00, 0x00, 0x00, 0x10, 0x00,
  0x38, 0x00, 0x38, 0x00, 0x10, 0x00, 0x00, 0x04, 0x00, 0x00, 0x0E, 0x00, 0x00, 0x0E, 0x00, 0x00,
  0x04, 0x00, 0x00, 0x00, 0x00, 0x00, 0x00, 0x00, 0x00, 0xF8, 0x01, 0x00, 0xFE, 0x07, 0x00, 0x07,
  0x0E, 0x80, 0x01, 0x1C, 0x80, 0x01, 0x38, 0xC0, 0x00, 0x30, 0xC0, 0x00, 0x30, 0xC0, 0x00, 0x30,
  0xC2, 0x00, 0x30, 0xC7, 0x00, 0x30, 0xC7, 0x00, 0x00, 0xC2, 0x00, 0x00, 0xC0, 0x00, 0x00, 0xC0,
  0x00, 0x00, 0xC0, 0x00, 0x00, 0xC0, 0x00, 0x00, 0xC0, 0x00, 0x00, 0xC0, 0x00, 0x00, 0xC0, 0x00,
  0x00, 0xC0, 0x00, 0x00, 0xC0, 0x00, 0x00, 0xC0, 0x00, 0x00, 0xC0, 0x00, 0x00, 0xC0, 0x00, 0x00,
  0x00, 0xF8, 0x01, 0x00, 0xFE, 0x07, 0x00, 0x07, 0x0E, 0x80, 0x03, 0x1C, 0x80, 0x01, 0x18, 0xC0,
  0x00, 0x30, 0xC0, 0x00, 0x30, 0xC0, 0x00, 0x30, 0xC0, 0x00, 0x30, 0xC6, 0x00, 0x30, 0xC7, 0x00,
  0x30, 0xC7, 0x00, 0x00, 0xC2, 0x00, 0x00, 0xC0, 0x00, 0x00, 0xC0, 0x00, 0x00, 0xC0, 0x00, 0x00,
  0xC0, 0x00, 0x00, 0xC0, 0x00, 0x00, 0xC0, 0x00, 0x00, 0xC0, 0x00, 0x00, 0xC0, 0x00, 0x00, 0xC0,
  0x00, 0x00, 0xC0, 0x00, 0x00, 0xC0, 0x00, 0x00, 0x00, 0x00, 0x00, 0x00, 0x04, 0x00, 0x00, 0x0E,
  0x00, 0x00, 0x0E, 0x00, 0x00, 0x04, 0x00, 0x10, 0xC0, 0x38, 0xC0, 0x38, 0xC0, 0x10, 0xC0, 0x00,
  0xC0, 0x00, 0xC0, 0x00, 0xC0, 0x00, 0xC0, 0x00, 0xC0, 0x00, 0xC0, 0x00, 0xC0, 0x00, 0xC0, 0x00,
  0xC0, 0x03, 0xC0, 0x03, 0xC0, 0x03, 0xC0, 0x03, 0xC0, 0x03, 0xC0, 0x03, 0xC0, 0x06, 0x60, 0x0E,
  0x70, 0x1C, 0x38, 0xF8, 0x1F, 0xE0, 0x07, 0x00, 0xC0, 0x00, 0xC0, 0x00, 0xC0, 0x00, 0xC0, 0x00,
  0xC0, 0x00, 0xC0, 0x00, 0xC0, 0x00, 0xC0, 0x00, 0xC0, 0x00, 0xC0, 0x00, 0xC0, 0x00, 0xC0, 0x00,
  0xC0, 0x03, 0xC0, 0x03, 0xC0, 0x03, 0xC0, 0x03, 0xC0, 0x03, 0xC0, 0x03, 0xC0, 0x06, 0x60, 0x0E,
  0x70, 0x1C, 0x38, 0xF8, 0x1F, 0xE0, 0x07, 0x00, 0x00, 0x00, 0x00, 0x10, 0x00, 0x38, 0x00, 0x38,
  0x00, 0x10, 0x00, 0x00, 0x04, 0x30, 0x00, 0x0E, 0x30, 0x00, 0x0E, 0x30, 0x00, 0x04, 0x30, 0x00,
  0x00, 0x30, 0x00, 0x00, 0x30, 0x00, 0x00, 0x30, 0x00, 0x00, 0x30, 0x00, 0x00, 0x30, 0x00, 0x00,
  0x30, 0x00, 0x00, 0x30, 0x00, 0x00, 0x30, 0x00, 0x00, 0x30, 0x00, 0x00, 0x30, 0xC0, 0x00, 0x30,
  0xC6, 0x00, 0x30, 0xC7, 0x00, 0x30, 0xC7, 0x00, 0x30, 0xC2, 0x00, 0x30, 0x80, 0x01, 0x18, 0x80,
  0x03, 0x1C, 0x00, 0x07, 0x0E, 0x00, 0xFE, 0x07, 0x00, 0xF8, 0x01, 0x00, 0x00, 0x30, 0x00, 0x00,
  0x30, 0x00, 0x00, 0x30, 0x00, 0x00, 0x30, 0x00, 0x00, 0x30, 0x00, 0x00, 0x30, 0x00, 0x00, 0x30,
  0x00, 0x00, 0x30, 0x00, 0x00, 0x30, 0x00, 0x00, 0x30, 0x00, 0x00, 0x30, 0x00, 0x00, 0x30, 0x00,
  0x00, 0x30, 0x00, 0x00, 0x30, 0xC0, 0x00, 0x30, 0xC6, 0x00, 0x30, 0xC7, 0x00, 0x30, 0xC7, 0x00,
  0x30, 0xC2, 0x00, 0x30, 0x80, 0x01, 0x18, 0x80, 0x03, 0x1C, 0x00, 0x07, 0x0E, 0x00, 0xFE, 0x07,
  0x00, 0xF8, 0x01, 0x00, 0x00, 0x00, 0x00, 0x00, 0x00, 0x00, 0x04, 0x00, 0x00, 0x0E, 0x00, 0x00,
  0x0E, 0x00, 0x00, 0x04, 0x00, 0x10, 0x00, 0x38, 0x00, 0x38, 0x00, 0x10, 0x00, 0x00, 0x00, 0x00,
  0x00, 0xE0, 0x07, 0xF8, 0x1F, 0x1C, 0x38, 0x0E, 0x70, 0x06, 0x60, 0x03, 0xC0, 0x03, 0xC0, 0x03,
  0xC0, 0x03, 0xC0, 0x03, 0xC0, 0x03, 0xC0, 0x00, 0xC0, 0x00, 0xC0, 0x00, 0xC0, 0x00, 0xC0, 0x00,
  0xC0, 0x00, 0xC0, 0x00, 0xC0, 0x00, 0xC0, 0x00, 0xC0, 0x00, 0xC0, 0x00, 0xC0, 0x00, 0xC0, 0x00,
  0xC0, 0xE0, 0x07, 0xF8, 0x1F, 0x1C, 0x38, 0x0E, 0x70, 0x06, 0x60, 0x03, 0xC0, 0x03, 0xC0, 0x03,
  0xC0, 0x03, 0xC0, 0x03, 0xC0, 0x00, 0xC0, 0x00, 0xC0, 0x00, 0xC0, 0x00, 0xC0, 0x00, 0xC0, 0x00,
  0xC0, 0x00, 0xC0, 0x00, 0xC0, 0x00, 0xC0, 0x00, 0xC0, 0x10, 0xC0, 0x38, 0xC0, 0x38, 0xC0, 0x10,
  0xC0, 0x00, 0x04, 0x00, 0x00, 0x0E, 0x00, 0x00, 0x0E, 0x00, 0x00, 0x04, 0x00, 0x00, 0x00, 0x00,
  0x00, 0x00, 0x00, 0x00, 0xF8, 0x01, 0x00, 0xFE, 0x07, 0x00, 0x07, 0x0E, 0x80, 0x03, 0x1C, 0x80,
  0x01, 0x18, 0xC6, 0x00, 0x30, 0xC7, 0x00, 0x30, 0xC7, 0x00, 0x30, 0xC2, 0x00, 0x30, 0xC0, 0x00,
  0x30, 0xC0, 0x00, 0x30, 0x00, 0x00, 0x30, 0x00, 0x00, 0x30, 0x00, 0x00, 0x30, 0x00, 0x00, 0x30,
  0x00, 0x00, 0x30, 0x00, 0x00, 0x30, 0x00, 0x00, 0x30, 0x00, 0x00, 0x30, 0x00, 0x00, 0x30, 0x00,
  0x00, 0x30, 0x00, 0x00, 0x30, 0x00, 0x00, 0x30, 0x00, 0x00, 0x30, 0x00, 0xF8, 0x01, 0x00, 0xFE,
  0x07, 0x00, 0x07, 0x0E, 0x80, 0x03, 0x1C, 0x80, 0x01, 0x18, 0xC0, 0x00, 0x30, 0xC6, 0x00, 0x30,
  0xC7, 0x00, 0x30, 0xC7, 0x00, 0x30, 0xC2, 0x00, 0x30, 0xC0, 0x00, 0x30, 0x00, 0x00, 0x30, 0x00,
  0x00, 0x30, 0x00, 0x00, 0x30, 0x00, 0x00, 0x30, 0x00, 0x00, 0x30, 0x00, 0x00, 0x30, 0x00, 0x00,
  0x30, 0x00, 0x00, 0x30, 0x00, 0x00, 0x30, 0x00, 0x04, 0x30, 0x00, 0x0E, 0x30, 0x00, 0x0E, 0x30,
  0x00, 0x04, 0x30, 0x78, 0x00, 0xFE, 0x01, 0x86, 0x01, 0x03, 0x03, 0x03, 0x03, 0x03, 0x03, 0x00,
  0x03, 0x00, 0x03, 0x00, 0x03, 0x00, 0x03, 0x00, 0x03, 0x00, 0x03, 0x00, 0x03, 0x00, 0x03, 0x18,
  0x03, 0x1C, 0x07, 0x1C, 0x07, 0xB4, 0x07, 0xB6, 0x0D, 0xF6, 0x0C, 0xE6, 0x0C, 0xE3, 0x18, 0x63,
  0x18, 0x60, 0x80, 0x01, 0xF0, 0xC0, 0x03, 0xF0, 0xC0, 0x03, 0xF0, 0xC0, 0x03, 0xB8, 0x61, 0x07,
  0x98, 0x61, 0x06, 0x98, 0x61, 0x06, 0x1C, 0x33, 0x0E, 0x0C, 0x33, 0x0C, 0x0C, 0x33, 0x0C, 0x0C,
  0x1E, 0x0C, 0x0E, 0x1E, 0x1C, 0x06, 0x1E, 0x18, 0x06, 0x0C, 0x18, 0x07, 0x0C, 0x38, 0x03, 0x0C,
  0x30, 0x7F, 0x00, 0x00, 0xFF, 0x01, 0x00, 0xC0, 0x07, 0x00, 0x00, 0x0E, 0x00, 0x00, 0x0C, 0x00,
  0x00, 0x18, 0x00, 0x00, 0x18, 0x00, 0x00, 0x38, 0x00, 0x00, 0x30, 0x00, 0x00, 0x30, 0x00, 0x00,
  0x30, 0x00, 0x00, 0x30, 0x00, 0x00, 0xF0, 0x3F, 0x00, 0xF0, 0x3F, 0x00, 0x00, 0xE0, 0x7F, 0x00,
  0x00, 0xE0, 0x7F, 0x00, 0x00, 0x60, 0x00, 0x00, 0x00, 0x60, 0x00, 0x00, 0x00, 0x60, 0x00, 0x00,
  0x00, 0x60, 0x00, 0x00, 0x00, 0x70, 0x00, 0x00, 0x00, 0x30, 0x00, 0x00, 0x00, 0x30, 0x00, 0x00,
  0x00, 0x18, 0x00, 0x1E, 0x00, 0x1C, 0x00, 0x3F, 0x80, 0x0F, 0x00, 0x33, 0xFE, 0x03, 0x00, 0x33,
  0xFE, 0x00, 0x00, 0x3F, 0x00, 0x00, 0x00, 0x1E, 0x00, 0x00, 0x00, 0x00, 0xF0, 0x3F, 0x00, 0xF0,
  0x3F, 0x00, 0x30, 0x00, 0x00, 0x30, 0x00, 0x00, 0x30, 0x00, 0x00, 0x30, 0x00, 0x00, 0x38, 0x00,
  0x00, 0x18, 0x00, 0x00, 0x18, 0x00, 0x00, 0x0C, 0x00, 0x00, 0x0E, 0x00, 0xC0, 0x07, 0x00, 0xFF,
  0x01, 0x00, 0x7F, 0x00, 0x00, 0x00, 0x00, 0xFC, 0x0F, 0x00, 0x00, 0xFC, 0x0F, 0x00, 0x00, 0x0C,
  0x00, 0x00, 0x00, 0x0C, 0x00, 0x00, 0x00, 0x0C, 0x00, 0x00, 0x00, 0x0C, 0x00, 0x00, 0x00, 0x0E,
  0x00, 0x00, 0x00, 0x06, 0x00, 0x00, 0x00, 0x06, 0x00, 0x00, 0x00, 0x03, 0x00, 0x00, 0x80, 0x03,
  0x00, 0x06, 0xF0, 0x01, 0x00, 0xC7, 0x7F, 0x00, 0x00, 0xC7, 0x1F, 0x00, 0x00, 0x02, 0x00, 0x00,
  0x00, 0x00, 0x80, 0x3F, 0x00, 0xE0, 0x3F, 0x00, 0xF8, 0x00, 0x00, 0x1C, 0x00, 0x00, 0x0C, 0x00,
  0x00, 0x06, 0x00, 0x00, 0x06, 0x00, 0x00, 0x03, 0x00, 0x00, 0x03, 0x00, 0x00, 0x03, 0x00, 0x00,
  0x03, 0x00, 0x00, 0x03, 0x00, 0xFF, 0x03, 0x00, 0xFF, 0x03, 0x00, 0x00, 0x00, 0xE0, 0x0F, 0x00,
  0x00, 0xF8, 0x0F, 0x00, 0x00, 0x3E, 0x00, 0x00, 0x00, 0x07, 0x00, 0x00, 0x00, 0x03, 0x00, 0x00,
  0x80, 0x01, 0x00, 0x00, 0x80, 0x01, 0x00, 0x00, 0xC0, 0x00, 0x00, 0x00, 0xC0, 0x00, 0x00, 0x00,
  0xC0, 0x00, 0x00, 0x00, 0xC0, 0x00, 0x00, 0x06, 0xC0, 0x00, 0x00, 0xC7, 0xFF, 0x00, 0x00, 0xC7,
  0xFF, 0x00, 0x00, 0x02, 0x00, 0x00, 0x00, 0x00, 0x00, 0xE0, 0x0F, 0x00, 0x00, 0xF8, 0x0F, 0x00,
  0x00, 0x3E, 0x00, 0x00, 0x00, 0x07, 0x00, 0x00, 0x00, 0x03, 0x00, 0x00, 0x80, 0x01, 0x00, 0x00,
  0x80, 0x01, 0x00, 0x02, 0xC0, 0x00, 0x00, 0x07, 0xC0, 0x00, 0x00, 0x07, 0xC0, 0x00, 0x00, 0x02,
  0xC0, 0x00, 0x00, 0x00, 0xC0, 0x00, 0x00, 0xC0, 0xFF, 0x00, 0x00, 0xC0, 0xFF, 0x00, 0x00, 0x00,
  0x00, 0x00, 0x00, 0x06, 0x00, 0x00, 0x00, 0x07, 0x00, 0x00, 0x00, 0x07, 0x00, 0x00, 0x00, 0x02,
  0x00, 0x00, 0x00, 0xFF, 0x03, 0x00, 0xFF, 0x03, 0x00, 0x00, 0x03, 0x00, 0x00, 0x03, 0x00, 0x00,
  0x03, 0x00, 0x00, 0x03, 0x00, 0x00, 0x07, 0x00, 0x00, 0x06, 0x00, 0x00, 0x06, 0x00, 0x00, 0x0C,
  0x00, 0x00, 0x1C, 0x00, 0x00, 0xF8, 0x00, 0x00, 0xE0, 0x3F, 0x00, 0x80, 0x3F, 0x06, 0x00, 0x00,
  0x00, 0xC7, 0xFF, 0x00, 0x00, 0xC7, 0xFF, 0x00, 0x00, 0x02, 0xC0, 0x00, 0x00, 0x00, 0xC0, 0x00,
  0x00, 0x00, 0xC0, 0x00, 0x00, 0x00, 0xC0, 0x00, 0x00, 0x00, 0x80, 0x01, 0x00, 0x00, 0x80, 0x01,
  0x00, 0x00, 0x80, 0x03, 0x00, 0x00, 0x00, 0x07, 0x00, 0x00, 0x00, 0x3E, 0x00, 0x00, 0x00, 0xF8,
  0x0F, 0x00, 0x00, 0xE0, 0x0F, 0x00, 0x04, 0x00, 0x00, 0x0E, 0x00, 0x00, 0x0E, 0x00, 0x00, 0x04,
  0x00, 0x00, 0x00, 0x00, 0x7F, 0x00, 0x00, 0xFF, 0x01, 0x00, 0xC0, 0x07, 0x00, 0x00, 0x0E, 0x00,
  0x00, 0x0C, 0x00, 0x00, 0x18, 0x00, 0x00, 0x18, 0x00, 0x00, 0x38, 0x00, 0x00, 0x30, 0x00, 0x00,
  0x30, 0x00, 0x00, 0x30, 0x00, 0x00, 0x30, 0x00, 0x00, 0xF0, 0x3F, 0x00, 0xF0, 0x3F, 0x7F, 0x00,
  0x00, 0xFF, 0x01, 0x00, 0xC0, 0x07, 0x00, 0x00, 0x0E, 0x00, 0x00, 0x0C, 0x00, 0x00, 0x18, 0x00,
  0x00, 0x18, 0x00, 0x00, 0x38, 0x00, 0x00, 0x30, 0x00, 0x00, 0x30, 0x00, 0x00, 0x30, 0x00, 0x00,
  0x30, 0x00, 0x00, 0xF0, 0x3F, 0x00, 0xF0, 0x3F, 0x00, 0x00, 0x00, 0x00, 0x00, 0x00, 0x00, 0x04,
  0x00, 0x00, 0x0E, 0x00, 0x00, 0x0E, 0x00, 0x00, 0x04, 0x00, 0x00, 0x04, 0x00, 0x00, 0x0E, 0x00,
  0x00, 0x0E, 0x00, 0x00, 0x04, 0x00, 0x00, 0x00, 0x00, 0x00, 0x00, 0x00, 0x00, 0xF0, 0x3F, 0x00,
  0xF0, 0x3F, 0x00, 0x30, 0x00, 0x00, 0x30, 0x00, 0x00, 0x30, 0x00, 0x00, 0x30, 0x00, 0x00, 0x38,
  0x00, 0x00, 0x18, 0x00, 0x00, 0x18, 0x00, 0x00, 0x0C, 0x00, 0x00, 0x0E, 0x00, 0xC0, 0x07, 0x00,
  0xFF, 0x01, 0x00, 0x7F, 0x00, 0x00, 0x00, 0xF0, 0x3F, 0x00, 0xF0, 0x3F, 0x00, 0x30, 0x00, 0x00,
  0x30, 0x00, 0x00, 0x30, 0x00, 0x00, 0x30, 0x00, 0x00, 0x38, 0x00, 0x00, 0x18, 0x00, 0x00, 0x18,
  0x00, 0x00, 0x0C, 0x00, 0x00, 0x0E, 0x00, 0xC0, 0x07, 0x00, 0xFF, 0x01, 0x00, 0x7F, 0x00, 0x00,
  0x00, 0x00, 0x00, 0x00, 0x04, 0x00, 0x00, 0x0E, 0x00, 0x00, 0x0E, 0x00, 0x00, 0x04, 0x00, 0x00,
  0x00, 0x01, 0x00, 0x00, 0x80, 0x03, 0x00, 0x00, 0x80, 0x03, 0x00, 0x00, 0x00, 0x01, 0x00, 0x00,
  0x00, 0x00, 0x00, 0x00, 0x00, 0x00, 0x00, 0x00, 0x00, 0xFC, 0x0F, 0x00, 0x00, 0xFC, 0x0F, 0x00,
  0x00, 0x0C, 0x00, 0x00, 0x00, 0x0C, 0x00, 0x00, 0x00, 0x0C, 0x00, 0x00, 0x00, 0x0C, 0x00, 0x00,
  0x00, 0x0E, 0x00, 0x00, 0x00, 0x06, 0x00, 0x00, 0x00, 0x06, 0x00, 0x00, 0x00, 0x03, 0x00, 0x06,
  0x80, 0x03, 0x00, 0x07, 0xF0, 0x01, 0x00, 0xC7, 0x7F, 0x00, 0x00, 0xC2, 0x1F, 0x00, 0x00, 0x00,
  0x00, 0xFC, 0x0F, 0x00, 0x00, 0xFC, 0x0F, 0x00, 0x00, 0x0C, 0x00, 0x00, 0x00, 0x0C, 0x00, 0x00,
  0x00, 0x0C, 0x00, 0x00, 0x00, 0x0C, 0x00, 0x00, 0x00, 0x0E, 0x00, 0x00, 0x00, 0x06, 0x00, 0x00,
  0x00, 0x06, 0x00, 0x00, 0x00, 0x03, 0x00, 0x00, 0x80, 0x03, 0x00, 0x06, 0xF0, 0x01, 0x00, 0xC7,
  0x7F, 0x00, 0x00, 0xC7, 0x1F, 0x00, 0x00, 0x02, 0x00, 0x00, 0x00, 0x00, 0x00, 0x01, 0x00, 0x00,
  0x80, 0x03, 0x00, 0x00, 0x80, 0x03, 0x00, 0x00, 0x00, 0x01, 0x00, 0x00, 0x04, 0x00, 0x00, 0x0E,
  0x00, 0x00, 0x0E, 0x00, 0x00, 0x04, 0x00, 0x00, 0x00, 0x00, 0x00, 0x80, 0x3F, 0x00, 0xE0, 0x3F,
  0x00, 0xF8, 0x00, 0x00, 0x1C, 0x00, 0x00, 0x0C, 0x00, 0x00, 0x06, 0x00, 0x00, 0x06, 0x00, 0x00,
  0x03, 0x00, 0x00, 0x03, 0x00, 0x00, 0x03, 0x00, 0x00, 0x03, 0x00, 0x00, 0x03, 0x00, 0xFF, 0x03,
  0x00, 0xFF, 0x03, 0x00, 0x00, 0x80, 0x3F, 0x00, 0xE0, 0x3F, 0x00, 0xF8, 0x00, 0x00, 0x1C, 0x00,
  0x00, 0x0C, 0x00, 0x00, 0x06, 0x00, 0x00, 0x06, 0x00, 0x00, 0x03, 0x00, 0x00, 0x03, 0x00, 0x00,
  0x03, 0x00, 0x00, 0x03, 0x00, 0x00, 0x03, 0x00, 0xFF, 0x03, 0x00, 0xFF, 0x03, 0x00, 0x00, 0x00,
  0x00, 0x00, 0x00, 0x00, 0x00, 0x04, 0x00, 0x00, 0x0E, 0x00, 0x00, 0x0E, 0x00, 0x00, 0x04, 0x00,
  0x00, 0x00, 0x01, 0x00, 0x00, 0x80, 0x03, 0x00, 0x00, 0x80, 0x03, 0x00, 0x00, 0x00, 0x01, 0x00,
  0x00, 0x00, 0x00, 0x00, 0x00, 0x00, 0xE0, 0x0F, 0x00, 0x00, 0xF8, 0x0F, 0x00, 0x00, 0x3E, 0x00,
  0x00, 0x00, 0x07, 0x00, 0x00, 0x00, 0x03, 0x00, 0x00, 0x80, 0x01, 0x00, 0x00, 0x80, 0x01, 0x00,
  0x00, 0xC0, 0x00, 0x00, 0x00, 0xC0, 0x00, 0x00, 0x00, 0xC0, 0x00, 0x00, 0x06, 0xC0, 0x00, 0x00,
  0x07, 0xC0, 0x00, 0x00, 0xC7, 0xFF, 0x00, 0x00, 0xC2, 0xFF, 0x00, 0x00, 0x00, 0x00, 0xE0, 0x0F,
  0x00, 0x00, 0xF8, 0x0F, 0x00, 0x00, 0x3E, 0x00, 0x00, 0x00, 0x07, 0x00, 0x00, 0x00, 0x03, 0x00,
  0x00, 0x80, 0x01, 0x00, 0x00, 0x80, 0x01, 0x00, 0x00, 0xC0, 0x00, 0x00, 0x00, 0xC0, 0x00, 0x00,
  0x00, 0xC0, 0x00, 0x00, 0x00, 0xC0, 0x00, 0x00, 0x06, 0xC0, 0x00, 0x00, 0xC7, 0xFF, 0x00, 0x00,
  0xC7, 0xFF, 0x00, 0x00, 0x02, 0x00, 0x00, 0x00, 0x00, 0x00, 0x00, 0x00, 0x00, 0x00, 0x01, 0x00,
  0x00, 0x80, 0x03, 0x00, 0x00, 0x80, 0x03, 0x00, 0x00, 0x00, 0x01, 0x00, 0x00, 0x04, 0x00, 0x00,
  0x0E, 0x00, 0x00, 0x0E, 0x00, 0x00, 0x04, 0x00, 0x00, 0x00, 0x00, 0x00, 0x00, 0x00, 0xFF, 0x03,
  0x00, 0xFF, 0x03, 0x00, 0x00, 0x03, 0x00, 0x00, 0x03, 0x00, 0x00, 0x03, 0x00, 0x00, 0x03, 0x00,
  0x00, 0x07, 0x00, 0x00, 0x06, 0x00, 0x00, 0x06, 0x00, 0x00, 0x0C, 0x00, 0x00, 0x1C, 0x00, 0x00,
  0xF8, 0x00, 0x00, 0xE0, 0x3F, 0x00, 0x80, 0x3F, 0xFF, 0x03, 0x00, 0xFF, 0x03, 0x00, 0x00, 0x03,
  0x00, 0x00, 0x03, 0x00, 0x00, 0x03, 0x00, 0x00, 0x03, 0x00, 0x00, 0x07, 0x00, 0x00, 0x06, 0x00,
  0x00, 0x06, 0x00, 0x00, 0x0C, 0x00, 0x00, 0x1C, 0x00, 0x00, 0xF8, 0x00, 0x00, 0xE0, 0x3F, 0x00,
  0x80, 0x3F, 0x00, 0x00, 0x00, 0x00, 0x04, 0x00, 0x00, 0x0E, 0x00, 0x00, 0x0E, 0x00, 0x00, 0x04,
  0x00, 0x00, 0x00, 0x01, 0x00, 0x00, 0x80, 0x03, 0x00, 0x00, 0x80, 0x03, 0x00, 0x00, 0x00, 0x01,
  0x00, 0x00, 0x00, 0x00, 0x00, 0x06, 0x00, 0x00, 0x00, 0xC7, 0xFF, 0x00, 0x00, 0xC7, 0xFF, 0x00,
  0x00, 0x02, 0xC0, 0x00, 0x00, 0x00, 0xC0, 0x00, 0x00, 0x00, 0xC0, 0x00, 0x00, 0x00, 0xC0, 0x00,
  0x00, 0x00, 0xC0, 0x01, 0x00, 0x00, 0x80, 0x01, 0x00, 0x00, 0x80, 0x01, 0x00, 0x00, 0x00, 0x03,
  0x00, 0x00, 0x00, 0x07, 0x00, 0x00, 0x00, 0x3E, 0x00, 0x00, 0x00, 0xF8, 0x0F, 0x00, 0x00, 0xE0,
  0x0F, 0x06, 0x00, 0x00, 0x00, 0xC7, 0xFF, 0x00, 0x00, 0xC7, 0xFF, 0x00, 0x00, 0x02, 0xC0, 0x00,
  0x00, 0x00, 0xC0, 0x00, 0x00, 0x00, 0xC0, 0x00, 0x00, 0x00, 0xC0, 0x00, 0x00, 0x00, 0xC0, 0x01,
  0x00, 0x00, 0x80, 0x01, 0x00, 0x00, 0x80, 0x01, 0x00, 0x00, 0x00, 0x03, 0x00, 0x00, 0x00, 0x07,
  0x00, 0x00, 0x00, 0x3E, 0x00, 0x00, 0x00, 0xF8, 0x0F, 0x00, 0x00, 0xE0, 0x0F, 0x00, 0x00, 0x01,
  0x00, 0x00, 0x80, 0x03, 0x00, 0x00, 0x80, 0x03, 0x00, 0x00, 0x00, 0x01, 0x00, 0x20, 0x80, 0x01,
  0x70, 0xC0, 0x01, 0x70, 0xC0, 0x01, 0x20, 0x80, 0x00, 0x00, 0x00, 0x00, 0x00, 0x00, 0x00, 0xFF,
  0x03, 0x00, 0xFF, 0x03, 0x00, 0x00, 0x03, 0x00, 0x00, 0x03, 0x00, 0x00, 0x03, 0x00, 0x00, 0x03,
  0x00, 0x00, 0x07, 0x00, 0x00, 0x06, 0x00, 0x00, 0x06, 0x00, 0x00, 0x0C, 0x00, 0x00, 0x1C, 0x00,
  0x00, 0xF8, 0x00, 0x00, 0xE0, 0x3F, 0x00, 0x80, 0x3F, 0x1F, 0x00, 0x1F, 0x00, 0x18, 0x00, 0x18,
  0x00, 0x18, 0x00, 0x30, 0x00, 0xF0, 0x07, 0xC0, 0x07, 0x1C, 0x04, 0x3E, 0x06, 0x33, 0x0C, 0x63,
  0x0C, 0x63, 0x0C, 0x63, 0x0C, 0xC3, 0x0E, 0xC6, 0x07, 0x82, 0x03, 0xC0, 0x07, 0xF0, 0x07, 0x70,
  0x00, 0x18, 0x00, 0x18, 0x00, 0x18, 0x00, 0x1F, 0x00, 0x1F, 0x00, 0xFF, 0x00, 0xFF, 0x03, 0x00,
  0x03, 0x00, 0x06, 0x00, 0x06, 0x00, 0x06, 0x00, 0x06, 0x00, 0x06, 0x00, 0x06, 0x00, 0x06, 0x00,
  0x06, 0x3F, 0x00, 0x3F, 0x00, 0x30, 0x1E, 0x30, 0x3F, 0xB0, 0x33, 0xE0, 0x31, 0xC0, 0x1F, 0x80,
  0x0F, 0x80, 0x0F, 0xC0, 0x1F, 0xE0, 0x39, 0xB0, 0x31, 0xB0, 0x33, 0x30, 0x3F, 0x3F, 0x1E, 0x3F,
  0x00, 0x07, 0x00, 0x00, 0xF7, 0x03, 0x00, 0xF7, 0x03, 0x00, 0x02, 0x03, 0x00, 0x00, 0x03, 0x00,
  0x00, 0x07, 0x02, 0x00, 0x3E, 0x07, 0x00, 0x3C, 0x07, 0x00, 0x00, 0x02, 0x00, 0x00, 0x04, 0x00,
  0x00, 0x30, 0x04, 0x00, 0x00, 0x38, 0x0E, 0x00, 0x00, 0x38, 0x0E, 0x00, 0x3F, 0x10, 0x1F, 0x00,
  0x3F, 0x00, 0x3B, 0x00, 0x30, 0x80, 0x3B, 0x00, 0x30, 0x80, 0x71, 0x00, 0x70, 0xC0, 0x61, 0x00,
  0xE0, 0xC7, 0xE0, 0x00, 0xC0, 0xE7, 0xC0, 0x00, 0x00, 0x60, 0xC0, 0x01, 0x00, 0x70, 0x80, 0x03,
  0x60, 0x38, 0x80, 0x03, 0x70, 0x18, 0x00, 0x07, 0x70, 0x1C, 0x00, 0x07, 0x20, 0x0C, 0x00, 0x0E,
  0x00, 0x0E, 0x00, 0x1C, 0x00, 0x06, 0x00, 0x1C, 0x00, 0x07, 0x00, 0x38, 0x00, 0x03, 0x00, 0x38,
  0x07, 0x00, 0x00, 0x00, 0xF7, 0x03, 0x00, 0x00, 0xF7, 0x03, 0x00, 0x00, 0x02, 0x03, 0x00, 0x00,
  0x00, 0x03, 0x00, 0x00, 0x00, 0x07, 0x06, 0x00, 0x00, 0x3E, 0x07, 0x00, 0x00, 0x3C, 0x07, 0x00,
  0x00, 0x00, 0x02, 0x00, 0x00, 0x00, 0x00, 0x00, 0x00, 0x00, 0x00, 0x00, 0x00, 0xFC, 0x03, 0x00,
  0x80, 0xFF, 0x1F, 0x00, 0xC0, 0x03, 0x3C, 0x00, 0xE0, 0x00, 0x70, 0x00, 0x60, 0x00, 0x60, 0x00,
  0x30, 0x00, 0xC0, 0x00, 0x30, 0x00, 0xC0, 0x00, 0x30, 0x00, 0xC0, 0x00, 0x18, 0x00, 0x80, 0x01,
  0x18, 0x00, 0x80, 0x01, 0x18, 0x00, 0x80, 0x01, 0x18, 0x00, 0x80, 0x01, 0x18, 0x00, 0x80, 0x01,
  0x18, 0x00, 0x80, 0x01, 0x18, 0x00, 0x80, 0x01, 0x18, 0x00, 0x80, 0x01, 0x18, 0x00, 0x80, 0x01,
  0x18, 0x00, 0x80, 0x01, 0x07, 0x00, 0x00, 0x00, 0xF7, 0x03, 0x00, 0x00, 0xF7, 0x03, 0x00, 0x00,
  0x02, 0x03, 0x00, 0x00, 0x00, 0x03, 0x00, 0x00, 0x00, 0x07, 0x06, 0x00, 0x00, 0x7E, 0x07, 0x00,
  0x00, 0x7C, 0x07, 0x00, 0x00, 0x00, 0x02, 0x00, 0x00, 0x00, 0x00, 0x00, 0x00, 0x00, 0x00, 0x00,
  0xF0, 0xFF, 0x3F, 0x00, 0xF0, 0xFF, 0xFF, 0x00, 0x00, 0x78, 0xE0, 0x01, 0x00, 0x1C, 0x80, 0x01,
  0x00, 0x1C, 0x80, 0x03, 0x00, 0x0C, 0x00, 0x03, 0x00, 0x0C, 0x00, 0x03, 0x00, 0x0C, 0x00, 0x03,
  0x00, 0x0C, 0x00, 0x03, 0x00, 0x1C, 0x80, 0x03, 0x00, 0x38, 0x80, 0x01, 0x00, 0x70, 0xE0, 0x01,
  0x00, 0xE0, 0x7F, 0x00, 0x00, 0x80, 0x1F, 0x00, 0x07, 0x00, 0x00, 0x00, 0xF7, 0x03, 0x00, 0x00,
  0xF7, 0x03, 0x00, 0x00, 0x02, 0x03, 0x00, 0x00, 0x00, 0x03, 0x00, 0x00, 0x00, 0x07, 0x06, 0x00,
  0x00, 0x7E, 0x07, 0x00, 0x00, 0x7C, 0x07, 0x00, 0x00, 0x00, 0x02, 0x00, 0x00, 0x00, 0x00, 0x00,
  0x00, 0x00, 0x00, 0x00, 0xF0, 0xFF, 0x1F, 0x00, 0xF0, 0xFF, 0x7F, 0x00, 0x00, 0x00, 0xE0, 0x01,
  0x00, 0x00, 0x80, 0x01, 0x00, 0x00, 0x80, 0x03, 0x00, 0x00, 0x00, 0x03, 0x00, 0x00, 0x00, 0x03,
  0x00, 0x00, 0x00, 0x03, 0x00, 0x00, 0x00, 0x03, 0x00, 0x00, 0x00, 0x03, 0x00, 0x00, 0x80, 0x03,
  0x00, 0x00, 0x80, 0x01, 0x00, 0x00, 0xE0, 0x01, 0x00, 0x00, 0xFF, 0x00, 0x00, 0x00, 0x1F, 0x00,
  0xF0, 0x01, 0x00, 0xFC, 0x01, 0x00, 0x0E, 0x00, 0x00, 0x07, 0x00, 0x00, 0x03, 0x00, 0x00, 0x03,
  0x00, 0x00, 0x03, 0x00, 0x00, 0x03, 0x00, 0x00, 0x07, 0x00, 0x00, 0x0E, 0x00, 0x00, 0xFC, 0xFF,
  0x07, 0xF0, 0xFF, 0x0F, 0x00, 0x00, 0x1C, 0x00, 0x00, 0x38, 0x00, 0x00, 0x30, 0x00, 0x00, 0x30,
  0x00, 0x00, 0x30, 0x00, 0x00, 0x30, 0x00, 0x00, 0x38, 0x00, 0x00, 0x1C, 0x00, 0xE0, 0x0F, 0x00,
  0xE0, 0x03, 0x00, 0xE0, 0x03, 0x00, 0xE0, 0x0F, 0x00, 0x00, 0x1C, 0x00, 0x00, 0x38, 0x00, 0x00,
  0x30, 0x00, 0x00, 0x30, 0x00, 0x00, 0x30, 0x00, 0x00, 0x30, 0x00, 0x00, 0x38, 0x00, 0x00, 0x1C,
  0xF0, 0xFF, 0x0F, 0xFC, 0xFF, 0x03, 0x0E, 0x00, 0x00, 0x07, 0x00, 0x00, 0x03, 0x00, 0x00, 0x03,
  0x00, 0x00, 0x03, 0x00, 0x00, 0x03, 0x00, 0x00, 0x07, 0x00, 0x00, 0x0E, 0x00, 0x00, 0xFC, 0x01,
  0x00, 0xF0, 0x01, 0x00, 0x00, 0x00, 0xF0, 0x01, 0x00, 0x00, 0xF0, 0x07, 0x00, 0x00, 0x00, 0x0E,
  0x00, 0x00, 0x00, 0x1C, 0x00, 0x00, 0x00, 0x18, 0x00, 0x00, 0x00, 0x18, 0x00, 0x00, 0x00, 0x18,
  0x00, 0x00, 0x00, 0x18, 0x00, 0x00, 0x00, 0x1C, 0x00, 0x00, 0x00, 0x0E, 0x00, 0xF8, 0xFF, 0x07,
  0x00, 0xFE, 0xFF, 0x01, 0x00, 0x07, 0x00, 0x00, 0x80, 0x03, 0x00, 0x00, 0x86, 0x01, 0x00, 0x00,
  0x87, 0x01, 0x00, 0x00, 0x87, 0x01, 0x00, 0x00, 0x82, 0x01, 0x00, 0x00, 0x80, 0x01, 0x00, 0x00,
  0x00, 0x03, 0x00, 0x00, 0x00, 0x07, 0x00, 0x00, 0x00, 0xFE, 0x00, 0x00, 0x00, 0xF8, 0x00, 0x00,
  0xF8, 0x01, 0xFC, 0x07, 0x06, 0x0F, 0x03, 0x1C, 0x03, 0x18, 0x03, 0x00, 0x03, 0x00, 0x07, 0x00,
  0x06, 0x00, 0x0E, 0x00, 0x1C, 0x00, 0x3C, 0x00, 0x78, 0x00, 0xF0, 0x01, 0xC0, 0x03, 0x80, 0x07,
  0x00, 0x07, 0x00, 0x0E, 0x00, 0x1C, 0x00, 0x1C, 0x00, 0x18, 0x00, 0x18, 0x02, 0x18, 0x07, 0x18,
  0x1E, 0x0C, 0xFC, 0x07, 0xF0, 0x03, 0x00, 0xF0, 0x03, 0x00, 0xF8, 0x0F, 0x00, 0x0C, 0x1E, 0x00,
  0x06, 0x38, 0x00, 0x06, 0x30, 0x00, 0x06, 0x00, 0x00, 0x06, 0x00, 0x00, 0x0E, 0x00, 0x00, 0x0C,
  0x00, 0x00, 0x1C, 0x00, 0x00, 0x38, 0x00, 0x00, 0x78, 0x00, 0x06, 0xF0, 0x00, 0x07, 0xE0, 0x03,
  0x07, 0x80, 0x07, 0x02, 0x00, 0x0F, 0x00, 0x00, 0x0E, 0x00, 0x00, 0x1C, 0x00, 0x00, 0x38, 0x00,
  0x00, 0x38, 0x00, 0x00, 0x30, 0x00, 0x00, 0x30, 0x00, 0x04, 0x30, 0x00, 0x0E, 0x30, 0x00, 0x3C,
  0x18, 0x00, 0xF8, 0x0F, 0x00, 0xE0, 0x07, 0xF0, 0x03, 0xFC, 0x07, 0x1E, 0x0C, 0x07, 0x18, 0x02,
  0x18, 0x00, 0x18, 0x00, 0x18, 0x00, 0x1C, 0x00, 0x1C, 0x00, 0x0E, 0x00, 0x07, 0x80, 0x07, 0xC0,
  0x03, 0xF0, 0x01, 0x78, 0x00, 0x38, 0x00, 0x1C, 0x00, 0x0E, 0x00, 0x06, 0x00, 0x07, 0x00, 0x03,
  0x00, 0x03, 0x00, 0x03, 0x18, 0x03, 0x1C, 0x06, 0x0F, 0xFC, 0x07, 0xF8, 0x01, 0x00, 0xE0, 0x07,
  0x00, 0xF8, 0x0F, 0x00, 0x3C, 0x18, 0x00, 0x0E, 0x30, 0x00, 0x06, 0x30, 0x00, 0x00, 0x30, 0x00,
  0x00, 0x30, 0x00, 0x00, 0x38, 0x00, 0x00, 0x38, 0x00, 0x00, 0x1C, 0x00, 0x00, 0x0E, 0x00, 0x00,
  0x0F, 0x06, 0x80, 0x07, 0x07, 0xE0, 0x03, 0x07, 0xF0, 0x00, 0x02, 0x70, 0x00, 0x00, 0x38, 0x00,
  0x00, 0x1C, 0x00, 0x00, 0x0C, 0x00, 0x00, 0x0E, 0x00, 0x00, 0x06, 0x00, 0x00, 0x06, 0x00, 0x00,
  0x06, 0x10, 0x00, 0x06, 0x38, 0x00, 0x0C, 0x1E, 0x00, 0xF8, 0x0F, 0x00, 0xF0, 0x03, 0x00, 0x04,
  0x00, 0x00, 0x0E, 0x00, 0x00, 0x0E, 0x00, 0x00, 0x04, 0x00, 0x00, 0x00, 0x00, 0x00, 0x00, 0x00,
  0xF0, 0x01, 0x00, 0xFC, 0x01, 0x00, 0x0E, 0x00, 0x00, 0x07, 0x00, 0x00, 0x03, 0x00, 0x00, 0x03,
  0x00, 0x00, 0x03, 0x00, 0x00, 0x03, 0x00, 0x00, 0x07, 0x00, 0x00, 0x0E, 0x00, 0x00, 0xFC, 0xFF,
  0x07, 0xF0, 0xFF, 0x0F, 0x00, 0x00, 0x1C, 0x00, 0x00, 0x38, 0x00, 0x00, 0x30, 0x00, 0x00, 0x30,
  0x00, 0x00, 0x30, 0x00, 0x00, 0x30, 0x00, 0x00, 0x38, 0x00, 0x00, 0x1C, 0x00, 0xE0, 0x0F, 0x00,
  0xE0, 0x03, 0xF0, 0x01, 0x00, 0xFC, 0x01, 0x00, 0x0E, 0x00, 0x00, 0x07, 0x00, 0x00, 0x03, 0x00,
  0x00, 0x03, 0x00, 0x00, 0x03, 0x00, 0x00, 0x03, 0x00, 0x00, 0x07, 0x00, 0x00, 0x0E, 0x00, 0x00,
  0xFC, 0xFF, 0x03, 0xF0, 0xFF, 0x0F, 0x00, 0x00, 0x1C, 0x00, 0x00, 0x38, 0x00, 0x00, 0x30, 0x00,
  0x00, 0x30, 0x00, 0x00, 0x30, 0x00, 0x00, 0x30, 0x00, 0x00, 0x30, 0x00, 0x00, 0x18, 0x00, 0x00,
  0x1E, 0x00, 0xE0, 0x0F, 0x00, 0xE0, 0x03, 0x00, 0x00, 0x00, 0x00, 0x04, 0x00, 0x00, 0x0E, 0x00,
  0x00, 0x0E, 0x00, 0x00, 0x04, 0x00, 0x00, 0x04, 0x00, 0x00, 0x0E, 0x00, 0x00, 0x0E, 0x00, 0x00,
  0x04, 0x00, 0x00, 0x00, 0x00, 0x00, 0x00, 0x00, 0x00, 0xE0, 0x03, 0x00, 0xE0, 0x0F, 0x00, 0x00,
  0x1C, 0x00, 0x00, 0x38, 0x00, 0x00, 0x30, 0x00, 0x00, 0x30, 0x00, 0x00, 0x30, 0x00, 0x00, 0x30,
  0x00, 0x00, 0x38, 0x00, 0x00, 0x1C, 0xF0, 0xFF, 0x0F, 0xFC, 0xFF, 0x03, 0x0E, 0x00, 0x00, 0x07,
  0x00, 0x00, 0x03, 0x00, 0x00, 0x03, 0x00, 0x00, 0x03, 0x00, 0x00, 0x03, 0x00, 0x00, 0x07, 0x00,
  0x00, 0x0E, 0x00, 0x00, 0xFC, 0x01, 0x00, 0xF0, 0x01, 0x00, 0x00, 0xE0, 0x03, 0x00, 0xE0, 0x0F,
  0x00, 0x00, 0x1C, 0x00, 0x00, 0x38, 0x00, 0x00, 0x30, 0x00, 0x00, 0x30, 0x00, 0x00, 0x30, 0x00,
  0x00, 0x30, 0x00, 0x00, 0x38, 0x00, 0x00, 0x1C, 0xF0, 0xFF, 0x0F, 0xFC, 0xFF, 0x03, 0x0E, 0x00,
  0x00, 0x07, 0x00, 0x00, 0x03, 0x00, 0x00, 0x03, 0x00, 0x00, 0x03, 0x00, 0x00, 0x03, 0x00, 0x00,
  0x03, 0x00, 0x00, 0x06, 0x00, 0x00, 0x0E, 0x00, 0x00, 0xFC, 0x01, 0x00, 0xF0, 0x01, 0x00, 0x00,
  0x00, 0x00, 0x00, 0x04, 0x00, 0x00, 0x0E, 0x00, 0x00, 0x0E, 0x00, 0x00, 0x04, 0x00, 0x00, 0x00,
  0x02, 0x00, 0x00, 0x00, 0x07, 0x00, 0x00, 0x00, 0x07, 0x00, 0x00, 0x00, 0x02, 0x00, 0x00, 0x00,
  0x00, 0x00, 0x00, 0x00, 0x00, 0x00, 0x00, 0x00, 0xF0, 0x01, 0x00, 0x00, 0xF0, 0x07, 0x00, 0x00,
  0x00, 0x0E, 0x00, 0x00, 0x00, 0x1C, 0x00, 0x00, 0x00, 0x18, 0x00, 0x00, 0x00, 0x18, 0x00, 0x00,
  0x00, 0x18, 0x00, 0x00, 0x00, 0x18, 0x00, 0x00, 0x00, 0x1C, 0x00, 0x00, 0x00, 0x0E, 0x00, 0xF8,
  0xFF, 0x07, 0x00, 0xFE, 0xFF, 0x01, 0x00, 0x07, 0x00, 0x00, 0x80, 0x03, 0x00, 0x00, 0x82, 0x01,
  0x00, 0x00, 0x87, 0x01, 0x00, 0x00, 0x87, 0x01, 0x00, 0x00, 0x82, 0x01, 0x00, 0x00, 0x80, 0x03,
  0x00, 0x00, 0x00, 0x07, 0x00, 0x00, 0x00, 0xFE, 0x00, 0x00, 0x00, 0xF8, 0x00, 0x00, 0x00, 0x00,
  0xF0, 0x01, 0x00, 0x00, 0xF0, 0x07, 0x00, 0x00, 0x00, 0x0E, 0x00, 0x00, 0x00, 0x1C, 0x00, 0x00,
  0x00, 0x18, 0x00, 0x00, 0x00, 0x18, 0x00, 0x00, 0x00, 0x18, 0x00, 0x00, 0x00, 0x18, 0x00, 0x00,
  0x00, 0x1C, 0x00, 0x00, 0x00, 0x0E, 0x00, 0xF8, 0xFF, 0x07, 0x00, 0xFE, 0xFF, 0x01, 0x00, 0x07,
  0x00, 0x00, 0x80, 0x03, 0x00, 0x00, 0x86, 0x01, 0x00, 0x00, 0x87, 0x01, 0x00, 0x00, 0x87, 0x01,
  0x00, 0x00, 0x82, 0x01, 0x00, 0x00, 0x80, 0x01, 0x00, 0x00, 0x00, 0x03, 0x00, 0x00, 0x00, 0x07,
  0x00, 0x00, 0x00, 0xFE, 0x00, 0x00, 0x00, 0xF8, 0x00, 0x00, 0x00, 0x00, 0x00, 0x00, 0x00, 0x00,
  0x02, 0x00, 0x00, 0x00, 0x07, 0x00, 0x00, 0x00, 0x07, 0x00, 0x00, 0x00, 0x02, 0x00, 0x02, 0x00,
  0x07, 0x00, 0x07, 0x00, 0x02, 0x00, 0x00, 0x00, 0x00, 0x00, 0xF8, 0x01, 0xFC, 0x07, 0x06, 0x0F,
  0x03, 0x1C, 0x03, 0x08, 0x03, 0x00, 0x03, 0x00, 0x07, 0x00, 0x06, 0x00, 0x0E, 0x00, 0x3C, 0x00,
  0x78, 0x00, 0xF0, 0x00, 0xE0, 0x01, 0xC0, 0x03, 0x00, 0x07, 0x00, 0x0E, 0x00, 0x0C, 0x00, 0x1C,
  0x00, 0x18, 0x00, 0x18, 0x02, 0x18, 0x07, 0x18, 0x1E, 0x0C, 0xFC, 0x07, 0xF0, 0x03, 0xF8, 0x01,
  0xFC, 0x07, 0x06, 0x0F, 0x03, 0x1C, 0x03, 0x18, 0x03, 0x00, 0x03, 0x00, 0x07, 0x00, 0x06, 0x00,
  0x0E, 0x00, 0x1C, 0x00, 0x3C, 0x00, 0x78, 0x00, 0xF0, 0x01, 0xC0, 0x03, 0x80, 0x07, 0x00, 0x07,
  0x00, 0x0E, 0x00, 0x1C, 0x00, 0x1C, 0x00, 0x18, 0x00, 0x18, 0x02, 0x18, 0x07, 0x18, 0x1E, 0x0C,
  0xFC, 0x07, 0xF0, 0x03, 0x00, 0x00, 0x00, 0x00, 0x02, 0x00, 0x07, 0x00, 0x07, 0x00, 0x02, 0x00,
  0x00, 0x04, 0x00, 0x00, 0x0E, 0x00, 0x00, 0x0E, 0x00, 0x00, 0x04, 0x00, 0x00, 0x00, 0x00, 0x00,
  0x00, 0x00, 0x00, 0xF0, 0x03, 0x00, 0xF8, 0x0F, 0x00, 0x0C, 0x1E, 0x00, 0x06, 0x38, 0x00, 0x06,
  0x10, 0x00, 0x06, 0x00, 0x00, 0x06, 0x00, 0x00, 0x0E, 0x00, 0x00, 0x0C, 0x00, 0x00, 0x1C, 0x00,
  0x00, 0x78, 0x00, 0x06, 0xF0, 0x00, 0x07, 0xE0, 0x01, 0x07, 0xC0, 0x03, 0x02, 0x80, 0x07, 0x00,
  0x00, 0x0E, 0x00, 0x00, 0x1C, 0x00, 0x00, 0x18, 0x00, 0x00, 0x38, 0x00, 0x00, 0x30, 0x00, 0x00,
  0x30, 0x00, 0x04, 0x30, 0x00, 0x0E, 0x30, 0x00, 0x3C, 0x18, 0x00, 0xF8, 0x0F, 0x00, 0xE0, 0x07,
  0x00, 0xF0, 0x03, 0x00, 0xF8, 0x0F, 0x00, 0x0C, 0x1E, 0x00, 0x06, 0x38, 0x00, 0x06, 0x30, 0x00,
  0x06, 0x00, 0x00, 0x06, 0x00, 0x00, 0x0E, 0x00, 0x00, 0x0C, 0x00, 0x00, 0x1C, 0x00, 0x00, 0x38,
  0x00, 0x00, 0x78, 0x00, 0x06, 0xF0, 0x00, 0x07, 0xE0, 0x03, 0x07, 0x80, 0x07, 0x02, 0x00, 0x0F,
  0x00, 0x00, 0x0E, 0x00, 0x00, 0x1C, 0x00, 0x00, 0x38, 0x00, 0x00, 0x38, 0x00, 0x00, 0x30, 0x00,
  0x00, 0x30, 0x00, 0x04, 0x30, 0x00, 0x0E, 0x30, 0x00, 0x3C, 0x18, 0x00, 0xF8, 0x0F, 0x00, 0xE0,
  0x07, 0x00, 0x00, 0x00, 0x00, 0x00, 0x00, 0x00, 0x04, 0x00, 0x00, 0x0E, 0x00, 0x00, 0x0E, 0x00,
  0x00, 0x04, 0x00, 0x02, 0x00, 0x07, 0x00, 0x07, 0x00, 0x02, 0x00, 0x00, 0x00, 0x00, 0x00, 0xF0,
  0x03, 0xFC, 0x07, 0x1E, 0x0C, 0x07, 0x18, 0x02, 0x18, 0x00, 0x18, 0x00, 0x18, 0x00, 0x1C, 0x00,
  0x0C, 0x00, 0x0E, 0x00, 0x07, 0xC0, 0x03, 0xE0, 0x01, 0xF0, 0x00, 0x78, 0x00, 0x3C, 0x00, 0x0E,
  0x00, 0x06, 0x00, 0x07, 0x00, 0x03, 0x00, 0x03, 0x00, 0x03, 0x08, 0x03, 0x1C, 0x06, 0x0F, 0xFC,
  0x07, 0xF8, 0x01, 0xF0, 0x03, 0xFC, 0x07, 0x1E, 0x0C, 0x07, 0x18, 0x02, 0x18, 0x00, 0x18, 0x00,
  0x18, 0x00, 0x1C, 0x00, 0x1C, 0x00, 0x0E, 0x00, 0x07, 0x80, 0x07, 0xC0, 0x03, 0xF0, 0x01, 0x78,
  0x00, 0x38, 0x00, 0x1C, 0x00, 0x0E, 0x00, 0x06, 0x00, 0x07, 0x00, 0x03, 0x00, 0x03, 0x00, 0x03,
  0x18, 0x03, 0x1C, 0x06, 0x0F, 0xFC, 0x07, 0xF8, 0x01, 0x00, 0x00, 0x00, 0x00, 0x02, 0x00, 0x07,
  0x00, 0x07, 0x00, 0x02, 0x00, 0x00, 0x04, 0x00, 0x00, 0x0E, 0x00, 0x00, 0x0E, 0x00, 0x00, 0x04,
  0x00, 0x00, 0x00, 0x00, 0x00, 0x00, 0x00, 0x00, 0xE0, 0x07, 0x00, 0xF8, 0x0F, 0x00, 0x3C, 0x18,
  0x00, 0x0E, 0x30, 0x00, 0x04, 0x30, 0x00, 0x00, 0x30, 0x00, 0x00, 0x30, 0x00, 0x00, 0x38, 0x00,
  0x00, 0x18, 0x00, 0x00, 0x1C, 0x00, 0x00, 0x0E, 0x06, 0x80, 0x07, 0x07, 0xC0, 0x03, 0x07, 0xE0,
  0x01, 0x02, 0xF0, 0x00, 0x00, 0x78, 0x00, 0x00, 0x1C, 0x00, 0x00, 0x0C, 0x00, 0x00, 0x0E, 0x00,
  0x00, 0x06, 0x00, 0x00, 0x06, 0x00, 0x00, 0x06, 0x10, 0x00, 0x06, 0x38, 0x00, 0x0C, 0x1E, 0x00,
  0xF8, 0x0F, 0x00, 0xF0, 0x03, 0x00, 0xE0, 0x07, 0x00, 0xF8, 0x0F, 0x00, 0x3C, 0x18, 0x00, 0x0E,
  0x30, 0x00, 0x06, 0x30, 0x00, 0x00, 0x30, 0x00, 0x00, 0x30, 0x00, 0x00, 0x38, 0x00, 0x00, 0x38,
  0x00, 0x00, 0x1C, 0x00, 0x00, 0x0E, 0x00, 0x00, 0x0F, 0x06, 0x80, 0x07, 0x07, 0xE0, 0x03, 0x07,
  0xF0, 0x00, 0x02, 0x70, 0x00, 0x00, 0x38, 0x00, 0x00, 0x1C, 0x00, 0x00, 0x0C, 0x00, 0x00, 0x0E,
  0x00, 0x00, 0x06, 0x00, 0x00, 0x06, 0x00, 0x00, 0x06, 0x10, 0x00, 0x06, 0x38, 0x00, 0x0C, 0x1E,
  0x00, 0xF8, 0x0F, 0x00, 0xF0, 0x03, 0x00, 0x00, 0x00, 0x00, 0x00, 0x00, 0x00, 0x04, 0x00, 0x00,
  0x0E, 0x00, 0x00, 0x0E, 0x00, 0x00, 0x04, 0x00, 0xF8, 0x00, 0xFE, 0x01, 0x87, 0x03, 0x02, 0x03,
  0x00, 0x03, 0x80, 0x03, 0xC0, 0x01, 0xF0, 0x00, 0x78, 0x00, 0x3C, 0x00, 0x0E, 0x00, 0x07, 0x00,
  0x03, 0x00, 0x03, 0x01, 0x87, 0x03, 0xFE, 0x01, 0x7C, 0x00, 0x00, 0x20, 0x00, 0x00, 0x38, 0x00,
  0x00, 0x3C, 0x00, 0x00, 0x3E, 0x00, 0x00, 0x37, 0x00, 0xC0, 0x33, 0x00, 0xE0, 0x31, 0x00, 0xF0,
  0x30, 0x00, 0x38, 0x30, 0x00, 0x1C, 0x30, 0x00, 0x0F, 0x30, 0x00, 0x07, 0x30, 0x00, 0x00, 0xF0,
  0x3F, 0x00, 0xF0, 0x3F, 0x1E, 0x00, 0xE0, 0x7F, 0x3F, 0x00, 0xE0, 0x7F, 0x33, 0x06, 0x60, 0x00,
  0x33, 0x0E, 0x60, 0x00, 0x3F, 0x1C, 0x60, 0x00, 0x1E, 0x38, 0x60, 0x00, 0x00, 0xE0, 0x60, 0x00,
  0x00, 0xC0, 0x61, 0x00, 0x00, 0x80, 0x63, 0x00, 0x00, 0x00, 0x6F, 0x00, 0x00, 0x00, 0x7E, 0x00,
  0x00, 0x00, 0x78, 0x00, 0x00, 0x00, 0x70, 0x00, 0x00, 0x00, 0x60, 0x00, 0x00, 0x00, 0x40, 0x00,
  0x00, 0xF0, 0x3F, 0x00, 0xF0, 0x3F, 0x07, 0x30, 0x00, 0x0F, 0x30, 0x00, 0x1E, 0x30, 0x00, 0x38,
  0x30, 0x00, 0x70, 0x30, 0x00, 0xE0, 0x31, 0x00, 0xC0, 0x33, 0x00, 0x80, 0x37, 0x00, 0x00, 0x3E,
  0x00, 0x00, 0x3C, 0x00, 0x00, 0x38, 0x00, 0x00, 0x30, 0x00, 0x00, 0x20, 0x00, 0x06, 0x00, 0xFC,
  0x0F, 0x07, 0x00, 0xFC, 0x0F, 0xC7, 0x00, 0x0C, 0x00, 0xC2, 0x01, 0x0C, 0x00, 0x80, 0x07, 0x0C,
  0x00, 0x00, 0x0F, 0x0C, 0x00, 0x00, 0x1E, 0x0C, 0x00, 0x00, 0x3C, 0x0C, 0x00, 0x00, 0x70, 0x0C,
  0x00, 0x00, 0xE0, 0x0D, 0x00, 0x00, 0xC0, 0x0F, 0x00, 0x00, 0x80, 0x0F, 0x00, 0x00, 0x00, 0x0E,
  0x00, 0x00, 0x00, 0x0C, 0x00, 0x00, 0x00, 0x08, 0x00, 0x00, 0x01, 0x00, 0x00, 0x07, 0x00, 0x00,
  0x0F, 0x00, 0x00, 0x1F, 0x00, 0x00, 0x3B, 0x00, 0x00, 0xF3, 0x00, 0x00, 0xE3, 0x01, 0x00, 0xC3,
  0x03, 0x00, 0x03, 0x07, 0x00, 0x03, 0x0E, 0x00, 0x03, 0x3C, 0x00, 0x03, 0x38, 0xFF, 0x03, 0x00,
  0xFF, 0x03, 0x00, 0x00, 0x40, 0x00, 0x00, 0x00, 0xC0, 0x00, 0x00, 0x00, 0xC0, 0x01, 0x00, 0x00,
  0xC0, 0x03, 0x00, 0x00, 0xC0, 0x0F, 0x00, 0x00, 0xC0, 0x1E, 0x00, 0x00, 0xC0, 0x3C, 0x00, 0x00,
  0xC0, 0x70, 0x00, 0x00, 0xC0, 0xE0, 0x00, 0x00, 0xC0, 0xC0, 0x01, 0x00, 0xC0, 0x80, 0x07, 0x00,
  0xC0, 0x00, 0x0F, 0x06, 0xC0, 0x00, 0x0E, 0xC7, 0xFF, 0x00, 0x00, 0xC7, 0xFF, 0x00, 0x00, 0x02,
  0x00, 0x00, 0x00, 0x00, 0x40, 0x00, 0x00, 0x00, 0xC0, 0x00, 0x00, 0x00, 0xC0, 0x01, 0x00, 0x00,
  0xC0, 0x03, 0x00, 0x00, 0xC0, 0x0F, 0x00, 0x00, 0xC0, 0x1E, 0x00, 0x00, 0xC0, 0x3C, 0x00, 0x00,
  0xC0, 0x70, 0x00, 0x02, 0xC0, 0xE0, 0x00, 0x07, 0xC0, 0xC0, 0x01, 0x07, 0xC0, 0x80, 0x07, 0x02,
  0xC0, 0x00, 0x0F, 0x00, 0xC0, 0x00, 0x0E, 0xC0, 0xFF, 0x00, 0x00, 0xC0, 0xFF, 0x00, 0x00, 0x06,
  0x00, 0x00, 0x00, 0x07, 0x00, 0x00, 0x00, 0x07, 0x00, 0x00, 0x00, 0x02, 0x00, 0x00, 0x00, 0xFF,
  0x03, 0x00, 0xFF, 0x03, 0x00, 0x00, 0x03, 0x38, 0x00, 0x03, 0x3C, 0x00, 0x03, 0x1E, 0x00, 0x03,
  0x07, 0x00, 0x83, 0x03, 0x00, 0xE3, 0x01, 0x00, 0xF3, 0x00, 0x00, 0x7B, 0x00, 0x00, 0x3F, 0x00,
  0x00, 0x0F, 0x00, 0x00, 0x07, 0x00, 0x00, 0x03, 0x00, 0x00, 0x01, 0x00, 0x06, 0x00, 0x00, 0x00,
  0xC7, 0xFF, 0x00, 0x00, 0xC7, 0xFF, 0x00, 0x00, 0x02, 0xC0, 0x00, 0x0E, 0x00, 0xC0, 0x00, 0x0F,
  0x00, 0xC0, 0x80, 0x03, 0x00, 0xC0, 0xC0, 0x01, 0x00, 0xC0, 0xE0, 0x00, 0x00, 0xC0, 0x78, 0x00,
  0x00, 0xC0, 0x3C, 0x00, 0x00, 0xC0, 0x0E, 0x00, 0x00, 0xC0, 0x07, 0x00, 0x00, 0xC0, 0x03, 0x00,
  0x00, 0xC0, 0x01, 0x00, 0x00, 0x40, 0x00, 0x00, 0x00, 0x08, 0x00, 0x00, 0x1C, 0x00, 0x00, 0x1C,
  0x00, 0x00, 0x08, 0x00, 0x00, 0x00, 0x00, 0x00, 0x60, 0x00, 0x00, 0x70, 0x00, 0x00, 0x78, 0x00,
  0x00, 0x7E, 0x00, 0x00, 0x6F, 0x00, 0x80, 0x67, 0x00, 0xC0, 0x63, 0x00, 0xE0, 0x60, 0x00, 0x78,
  0x60, 0x00, 0x3C, 0x60, 0x00, 0x0E, 0x60, 0x00, 0x06, 0x60, 0x00, 0x00, 0xE0, 0x7F, 0x00, 0xE0,
  0x7F, 0x00, 0x60, 0x00, 0x00, 0x70, 0x00, 0x00, 0x7C, 0x00, 0x00, 0x7E, 0x00, 0x00, 0x6F, 0x00,
  0x80, 0x67, 0x00, 0xC0, 0x63, 0x00, 0xF0, 0x60, 0x00, 0x78, 0x60, 0x00, 0x3C, 0x60, 0x00, 0x0E,
  0x60, 0x00, 0x06, 0x60, 0x00, 0x00, 0xE0, 0x7F, 0x00, 0xE0, 0x7F, 0x00, 0x00, 0x00, 0x00, 0x00,
  0x00, 0x00, 0x08, 0x00, 0x00, 0x1C, 0x00, 0x00, 0x1C, 0x00, 0x00, 0x08, 0x00, 0x00, 0x08, 0x00,
  0x00, 0x1C, 0x00, 0x00, 0x1C, 0x00, 0x00, 0x08, 0x00, 0x00, 0x00, 0x00, 0x00, 0x00, 0x00, 0x00,
  0xE0, 0x7F, 0x00, 0xE0, 0x7F, 0x06, 0x60, 0x00, 0x0E, 0x60, 0x00, 0x3C, 0x60, 0x00, 0x78, 0x60,
  0x00, 0xF0, 0x60, 0x00, 0xC0, 0x63, 0x00, 0x80, 0x67, 0x00, 0x00, 0x6F, 0x00, 0x00, 0x7E, 0x00,
  0x00, 0x7C, 0x00, 0x00, 0x70, 0x00, 0x00, 0x60, 0x00, 0x00, 0xE0, 0x7F, 0x00, 0xE0, 0x7F, 0x06,
  0x60, 0x00, 0x0E, 0x60, 0x00, 0x3C, 0x60, 0x00, 0x78, 0x60, 0x00, 0xF0, 0x60, 0x00, 0xE0, 0x61,
  0x00, 0xC0, 0x63, 0x00, 0x00, 0x6F, 0x00, 0x00, 0x7E, 0x00, 0x00, 0x7C, 0x00, 0x00, 0x78, 0x00,
  0x00, 0x70, 0x00, 0x00, 0x60, 0x00, 0x00, 0x00, 0x00, 0x00, 0x08, 0x00, 0x00, 0x1C, 0x00, 0x00,
  0x1C, 0x00, 0x00, 0x08, 0x00, 0x00, 0x00, 0x01, 0x00, 0x00, 0x80, 0x03, 0x00, 0x00, 0x80, 0x03,
  0x00, 0x00, 0x00, 0x01, 0x00, 0x00, 0x00, 0x00, 0x00, 0x00, 0x00, 0x00, 0x00, 0x06, 0x00, 0xFC,
  0x0F, 0x07, 0x00, 0xFC, 0x0F, 0xC7, 0x00, 0x0C, 0x00, 0xC2, 0x01, 0x0C, 0x00, 0x80, 0x07, 0x0C,
  0x00, 0x00, 0x0F, 0x0C, 0x00, 0x00, 0x1E, 0x0C, 0x00, 0x00, 0x3C, 0x0C, 0x00, 0x00, 0xF0, 0x0C,
  0x00, 0x00, 0xE0, 0x0D, 0x00, 0x00, 0xC0, 0x0F, 0x00, 0x00, 0x80, 0x0F, 0x00, 0x00, 0x00, 0x0F,
  0x00, 0x00, 0x00, 0x0C, 0x00, 0x06, 0x00, 0xFC, 0x0F, 0x07, 0x00, 0xFC, 0x0F, 0xC7, 0x00, 0x0C,
  0x00, 0xC2, 0x01, 0x0C, 0x00, 0xC0, 0x07, 0x0C, 0x00, 0x00, 0x0F, 0x0C, 0x00, 0x00, 0x1E, 0x0C,
  0x00, 0x00, 0x3C, 0x0C, 0x00, 0x00, 0x78, 0x0C, 0x00, 0x00, 0xF0, 0x0C, 0x00, 0x00, 0xE0, 0x0F,
  0x00, 0x00, 0x80, 0x0F, 0x00, 0x00, 0x00, 0x0F, 0x00, 0x00, 0x00, 0x0E, 0x00, 0x00, 0x00, 0x0C,
  0x00, 0x00, 0x00, 0x00, 0x00, 0x00, 0x00, 0x01, 0x00, 0x00, 0x80, 0x03, 0x00, 0x00, 0x80, 0x03,
  0x00, 0x00, 0x00, 0x01, 0x00, 0x00, 0x08, 0x00, 0x00, 0x1C, 0x00, 0x00, 0x1C, 0x00, 0x00, 0x08,
  0x00, 0x00, 0x00, 0x00, 0x00, 0x03, 0x00, 0x00, 0x07, 0x00, 0x00, 0x0F, 0x00, 0x00, 0x3F, 0x00,
  0x00, 0x7B, 0x00, 0x00, 0xF3, 0x00, 0x00, 0xE3, 0x01, 0x00, 0x83, 0x07, 0x00, 0x03, 0x0F, 0x00,
  0x03, 0x1E, 0x00, 0x03, 0x38, 0x00, 0x03, 0x30, 0xFF, 0x03, 0x00, 0xFF, 0x03, 0x00, 0x00, 0x03,
  0x00, 0x00, 0x07, 0x00, 0x00, 0x1F, 0x00, 0x00, 0x3F, 0x00, 0x00, 0x7B, 0x00, 0x00, 0xF3, 0x00,
  0x00, 0xE3, 0x01, 0x00, 0x83, 0x07, 0x00, 0x03, 0x0F, 0x00, 0x03, 0x1E, 0x00, 0x03, 0x38, 0x00,
  0x03, 0x30, 0xFF, 0x03, 0x00, 0xFF, 0x03, 0x00, 0x00, 0x00, 0x00, 0x00, 0x00, 0x00, 0x00, 0x08,
  0x00, 0x00, 0x1C, 0x00, 0x00, 0x1C, 0x00, 0x00, 0x08, 0x00, 0x00, 0x00, 0x02, 0x00, 0x00, 0x00,
  0x07, 0x00, 0x00, 0x00, 0x07, 0x00, 0x00, 0x00, 0x02, 0x00, 0x00, 0x00, 0x00, 0x00, 0x00, 0xC0,
  0x00, 0x00, 0x00, 0xC0, 0x01, 0x00, 0x00, 0xC0, 0x03, 0x00, 0x00, 0xC0, 0x0F, 0x00, 0x00, 0xC0,
  0x1E, 0x00, 0x00, 0xC0, 0x3C, 0x00, 0x00, 0xC0, 0x78, 0x00, 0x00, 0xC0, 0xE0, 0x01, 0x00, 0xC0,
  0xC0, 0x03, 0x00, 0xC0, 0x80, 0x07, 0x00, 0xC0, 0x00, 0x0E, 0x06, 0xC0, 0x00, 0x0C, 0xC7, 0xFF,
  0x00, 0x00, 0xC7, 0xFF, 0x00, 0x00, 0x02, 0x00, 0x00, 0x00, 0x00, 0xC0, 0x00, 0x00, 0x00, 0xC0,
  0x01, 0x00, 0x00, 0xC0, 0x03, 0x00, 0x00, 0xC0, 0x07, 0x00, 0x00, 0xC0, 0x0F, 0x00, 0x00, 0xC0,
  0x1E, 0x00, 0x00, 0xC0, 0x7C, 0x00, 0x00, 0xC0, 0xF0, 0x00, 0x00, 0xC0, 0xE0, 0x01, 0x00, 0xC0,
  0xC0, 0x03, 0x00, 0xC0, 0x80, 0x07, 0x00, 0xC0, 0x00, 0x0E, 0x06, 0xC0, 0x00, 0x0C, 0xC7, 0xFF,
  0x00, 0x00, 0xC7, 0xFF, 0x00, 0x00, 0x02, 0x00, 0x00, 0x00, 0x00, 0x00, 0x00, 0x00, 0x00, 0x00,
  0x02, 0x00, 0x00, 0x00, 0x07, 0x00, 0x00, 0x00, 0x07, 0x00, 0x00, 0x00, 0x02, 0x00, 0x00, 0x08,
  0x00, 0x00, 0x1C, 0x00, 0x00, 0x1C, 0x00, 0x00, 0x08, 0x00, 0x00, 0x00, 0x00, 0x00, 0x00, 0x00,
  0xFF, 0x03, 0x00, 0xFF, 0x03, 0x00, 0x00, 0x03, 0x30, 0x00, 0x03, 0x38, 0x00, 0x03, 0x1E, 0x00,
  0x03, 0x0F, 0x00, 0x83, 0x07, 0x00, 0xE3, 0x01, 0x00, 0xF3, 0x00, 0x00, 0x7B, 0x00, 0x00, 0x3F,
  0x00, 0x00, 0x1F, 0x00, 0x00, 0x07, 0x00, 0x00, 0x03, 0x00, 0xFF, 0x03, 0x00, 0xFF, 0x03, 0x00,
  0x00, 0x03, 0x30, 0x00, 0x03, 0x38, 0x00, 0x03, 0x1E, 0x00, 0x03, 0x0F, 0x00, 0x83, 0x07, 0x00,
  0xC3, 0x03, 0x00, 0xE3, 0x01, 0x00, 0xFB, 0x00, 0x00, 0x3F, 0x00, 0x00, 0x1F, 0x00, 0x00, 0x0F,
  0x00, 0x00, 0x07, 0x00, 0x00, 0x03, 0x00, 0x00, 0x00, 0x00, 0x00, 0x08, 0x00, 0x00, 0x1C, 0x00,
  0x00, 0x1C, 0x00, 0x00, 0x08, 0x00, 0x00, 0x00, 0x02, 0x00, 0x00, 0x00, 0x07, 0x00, 0x00, 0x00,
  0x07, 0x00, 0x00, 0x00, 0x02, 0x00, 0x06, 0x00, 0x00, 0x00, 0x07, 0x00, 0x00, 0x00, 0xC7, 0xFF,
  0x00, 0x00, 0xC2, 0xFF, 0x00, 0x00, 0x00, 0xC0, 0x00, 0x0C, 0x00, 0xC0, 0x00, 0x0F, 0x00, 0xC0,
  0x80, 0x07, 0x00, 0xC0, 0xC0, 0x03, 0x00, 0xC0, 0xF0, 0x01, 0x00, 0xC0, 0x78, 0x00, 0x00, 0xC0,
  0x3C, 0x00, 0x00, 0xC0, 0x1F, 0x00, 0x00, 0xC0, 0x0F, 0x00, 0x00, 0xC0, 0x07, 0x00, 0x00, 0xC0,
  0x01, 0x00, 0x00, 0xC0, 0x00, 0x00, 0x06, 0x00, 0x00, 0x00, 0xC7, 0xFF, 0x00, 0x00, 0xC7, 0xFF,
  0x00, 0x00, 0x02, 0xC0, 0x00, 0x0C, 0x00, 0xC0, 0x00, 0x0E, 0x00, 0xC0, 0x80, 0x07, 0x00, 0xC0,
  0xC0, 0x03, 0x00, 0xC0, 0xE0, 0x01, 0x00, 0xC0, 0x78, 0x00, 0x00, 0xC0, 0x3C, 0x00, 0x00, 0xC0,
  0x1E, 0x00, 0x00, 0xC0, 0x0F, 0x00, 0x00, 0xC0, 0x07, 0x00, 0x00, 0xC0, 0x01, 0x00, 0x00, 0xC0,
  0x00, 0x00, 0x00, 0x00, 0x00, 0x00, 0x00, 0x00, 0x02, 0x00, 0x00, 0x00, 0x07, 0x00, 0x00, 0x00,
  0x07, 0x00, 0x00, 0x00, 0x02, 0x00, 0x20, 0x80, 0x01, 0x70, 0xC0, 0x01, 0x70, 0xC0, 0x01, 0x20,
  0x80, 0x00, 0x00, 0x00, 0x00, 0x00, 0x00, 0x00, 0xFF, 0x03, 0x00, 0xFF, 0x03, 0x10, 0x00, 0x03,
  0x18, 0x00, 0x03, 0x1C, 0x00, 0x03, 0x0E, 0x00, 0x03, 0x07, 0x00, 0xC3, 0x03, 0x00, 0xE3, 0x01,
  0x00, 0x73, 0x00, 0x00, 0x3B, 0x00, 0x00, 0x1F, 0x00, 0x00, 0x0F, 0x00, 0x00, 0x07, 0x00, 0x00,
  0x01, 0x00, 0x3F, 0x04, 0x3F, 0x06, 0x30, 0x07, 0xF0, 0x03, 0xF0, 0x01, 0xF0, 0x00, 0x70, 0x00,
  0x10, 0x00, 0x00, 0x07, 0xF8, 0x07, 0xFF, 0x01, 0x0F, 0x00, 0x3E, 0x00, 0xF8, 0x00, 0xE0, 0x03,
  0x80, 0x07, 0xE0, 0x03, 0xF8, 0x00, 0x1E, 0x00, 0x0F, 0x00, 0xFF, 0x01, 0xF0, 0x07, 0x00, 0x07,
  0x30, 0x00, 0x30, 0x00, 0x30, 0x00, 0x30, 0x00, 0xFF, 0x03, 0xFF, 0x03, 0x30, 0x00, 0x30, 0x00,
  0x30, 0x00, 0x00, 0x00, 0x03, 0x03, 0x87, 0x03, 0xCE, 0x01, 0xFC, 0x00, 0x78, 0x00, 0xFE, 0x00,
  0xCF, 0x03, 0x03, 0x03, 0x01, 0x02, 0xFF, 0x07, 0xFF, 0x1F, 0x00, 0x38, 0x00, 0x70, 0x00, 0x60,
  0x00, 0xC0, 0x00, 0xC0, 0x00, 0xC0, 0x00, 0xC0, 0x00, 0xC0, 0x00, 0xC0, 0x00, 0x60, 0x00, 0x70,
  0x00, 0x38, 0xFF, 0x1F, 0xFF, 0x07, 0x03, 0x00, 0x03, 0x00, 0x03, 0x00, 0x03, 0x00, 0x03, 0x00,
  0x03, 0x00, 0x03, 0x00, 0x03, 0x00, 0x03, 0x00, 0x03, 0x00, 0x03, 0x00, 0x03, 0x00, 0x03, 0x00,
  0x03, 0x00, 0x03, 0x00, 0x03, 0x00, 0x03, 0x00, 0xFF, 0x07, 0xFF, 0x1F, 0x00, 0x38, 0x00, 0x70,
  0x00, 0x60, 0x00, 0xC0, 0x00, 0xC0, 0x00, 0xC0, 0x00, 0xC0, 0x00, 0xC0, 0x00, 0xC0, 0x00, 0x60,
  0x00, 0x70, 0x00, 0x38, 0xFF, 0x1F, 0xFF, 0x07, 0x00, 0xC0, 0x00, 0xC0, 0x00, 0xC0, 0x00, 0xC0,
  0x00, 0xC0, 0x00, 0xC0, 0x00, 0xC0, 0x00, 0xC0, 0xE0, 0xFF, 0xF8, 0xFF, 0x1C, 0x00, 0x0E, 0x00,
  0x06, 0x00, 0x03, 0x00, 0x03, 0x00, 0x03, 0x00, 0x03, 0x00, 0x03, 0x00, 0x03, 0x00, 0x06, 0x00,
  0x0E, 0x00, 0x1C, 0x00, 0xF8, 0xFF, 0xE0, 0xFF, 0x00, 0xC0, 0xFF, 0x01, 0x00, 0xF0, 0xFF, 0x01,
  0x00, 0x38, 0x00, 0x00, 0x00, 0x1C, 0x00, 0x00, 0x00, 0x0C, 0x00, 0x00, 0x1E, 0x06, 0x00, 0x00,
  0x1E, 0x06, 0x00, 0x00, 0x33, 0x06, 0x00, 0x00, 0x33, 0x06, 0x00, 0x00, 0x33, 0x06, 0x00, 0x00,
  0x1E, 0x06, 0x00, 0x00, 0x1E, 0x0C, 0x00, 0x00, 0x00, 0x1C, 0x00, 0x00, 0x00, 0x38, 0x00, 0x00,
  0x00, 0xF0, 0xFF, 0x01, 0x00, 0xC0, 0xFF, 0x01, 0x00, 0x00, 0x80, 0x01, 0x00, 0x00, 0x80, 0x01,
  0x00, 0x00, 0x80, 0x01, 0x00, 0x00, 0x80, 0x01, 0x00, 0x00, 0x80, 0x01, 0x00, 0x00, 0x80, 0x01,
  0x00, 0x00, 0x80, 0x01, 0x00, 0x00, 0x80, 0x01, 0x00, 0x00, 0x80, 0x01, 0xE0, 0xFF, 0xF8, 0xFF,
  0x1C, 0x00, 0x0E, 0x00, 0x06, 0x00, 0x03, 0x00, 0x03, 0x00, 0x03, 0x00, 0x03, 0x00, 0x03, 0x00,
  0x03, 0x00, 0x06, 0x00, 0x0E, 0x00, 0x1C, 0x00, 0xF8, 0xFF, 0xE0, 0xFF, 0x00, 0xC0, 0x00, 0xC0,
  0x00, 0xC0, 0x00, 0xC0, 0x00, 0xC0, 0x00, 0xC0, 0x00, 0xC0, 0x00, 0xC0, 0x00, 0xC0, 0x00, 0xF8,
  0x3F, 0x00, 0xFE, 0x3F, 0x00, 0x07, 0x00, 0x80, 0x03, 0x00, 0x80, 0x01, 0x00, 0xC0, 0x00, 0x00,
  0xC2, 0x00, 0x00, 0xC7, 0x00, 0x00, 0xC7, 0x00, 0x00, 0xC2, 0x00, 0x00, 0xC0, 0x00, 0x00, 0x80,
  0x01, 0x00, 0x80, 0x03, 0x00, 0x00, 0x07, 0x00, 0x00, 0xFE, 0x3F, 0x00, 0xF8, 0x3F, 0x00, 0x00,
  0x30, 0x00, 0x00, 0x30, 0x00, 0x00, 0x30, 0x00, 0x00, 0x30, 0x00, 0x00, 0x30, 0x00, 0x00, 0x30,
  0x00, 0x00, 0x30, 0x00, 0x00, 0x30, 0x00, 0x00, 0x30, 0x03, 0xF0, 0x3F, 0x03, 0xF0, 0x3F, 0x03,
  0x30, 0x00, 0x03, 0x30, 0x00, 0x03, 0x30, 0x00, 0x03, 0x30, 0x00, 0x03, 0x30, 0x00, 0x03, 0x30,
  0x00, 0x03, 0x30, 0x00, 0x07, 0x38, 0x00, 0x06, 0x18, 0x00, 0x1E, 0x1C, 0x00, 0xFC, 0x0F, 0x00,
  0xF0, 0x03, 0x00, 0xC0, 0x00, 0xFC, 0x0F, 0xC0, 0x00, 0xFC, 0x0F, 0xC6, 0x00, 0x0C, 0x00, 0xC7,
  0x00, 0x0C, 0x00, 0xC7, 0x00, 0x0C, 0x00, 0xC2, 0x00, 0x0C, 0x00, 0xC0, 0x00, 0x0C, 0x00, 0xC0,
  0x00, 0x0C, 0x00, 0xC0, 0x00, 0x0C, 0x00, 0xC0, 0x01, 0x0E, 0x00, 0x80, 0x01, 0x06, 0x00, 0x80,
  0x07, 0x07, 0x00, 0x00, 0xFF, 0x03, 0x00, 0x00, 0xFC, 0x00, 0x00, 0xFF, 0x03, 0x30, 0xFF, 0x03,
  0x30, 0x00, 0x03, 0x30, 0x00, 0x03, 0x30, 0x00, 0x03, 0x30, 0x00, 0x03, 0x30, 0x00, 0x03, 0x30,
  0x00, 0x03, 0x30, 0x00, 0x03, 0x30, 0x00, 0x07, 0x38, 0x00, 0x06, 0x18, 0x00, 0x1E, 0x1C, 0x00,
  0xFC, 0x0F, 0x00, 0xF0, 0x03, 0xF0, 0x03, 0x00, 0xFC, 0x0F, 0x00, 0x0E, 0x1C, 0x00, 0x06, 0x18,
  0x00, 0x07, 0x38, 0x00, 0x03, 0x30, 0x00, 0x03, 0x30, 0x00, 0x03, 0x30, 0x00, 0x03, 0x30, 0x00,
  0x03, 0x30, 0x00, 0x03, 0x30, 0x00, 0x03, 0x30, 0x00, 0x03, 0xF0, 0x3F, 0x03, 0xF0, 0x3F, 0x00,
  0xFC, 0x00, 0x00, 0x00, 0xFF, 0x03, 0x00, 0x80, 0x03, 0x07, 0x00, 0x80, 0x01, 0x06, 0x00, 0xC0,
  0x01, 0x0E, 0x00, 0xC0, 0x00, 0x0C, 0x00, 0xC0, 0x00, 0x0C, 0x00, 0xC0, 0x00, 0x0C, 0x00, 0xC6,
  0x00, 0x0C, 0x00, 0xC7, 0x00, 0x0C, 0x00, 0xC7, 0x00, 0x0C, 0x00, 0xC2, 0x00, 0x0C, 0x00, 0xC0,
  0x00, 0xFC, 0x0F, 0xC0, 0x00, 0xFC, 0x0F, 0x00, 0xF0, 0x03, 0x00, 0xFC, 0x0F, 0x00, 0x0E, 0x1C,
  0x00, 0x06, 0x18, 0x00, 0x07, 0x38, 0x00, 0x03, 0x30, 0x00, 0x03, 0x30, 0x00, 0x03, 0x30, 0x00,
  0x03, 0x30, 0x00, 0x03, 0x30, 0x00, 0x03, 0x30, 0x00, 0x03, 0x30, 0xFF, 0x03, 0x30, 0xFF, 0x03,
  0x30, 0x00, 0x00, 0x01, 0x00, 0x00, 0x80, 0x03, 0x00, 0x00, 0x80, 0x03, 0x00, 0x00, 0x00, 0x01,
  0x00, 0x00, 0x00, 0x00, 0x00, 0x00, 0x00, 0x00, 0x00, 0x00, 0xFC, 0x00, 0x00, 0x00, 0xFF, 0x03,
  0x00, 0x80, 0x03, 0x07, 0x00, 0x80, 0x01, 0x06, 0x00, 0xC0, 0x01, 0x0E, 0x00, 0xC0, 0x00, 0x0C,
  0x00, 0xC0, 0x00, 0x0C, 0x00, 0xC6, 0x00, 0x0C, 0x00, 0xC7, 0x00, 0x0C, 0x00, 0xC7, 0x00, 0x0C,
  0x00, 0xC2, 0x00, 0x0C, 0x00, 0xC0, 0x00, 0x0C, 0x00, 0xC0, 0x00, 0xFC, 0x0F, 0xC0, 0x00, 0xFC,
  0x0F, 0x00, 0xFC, 0x00, 0x00, 0x00, 0xFF, 0x03, 0x00, 0x80, 0x03, 0x07, 0x00, 0x80, 0x01, 0x06,
  0x00, 0xC0, 0x01, 0x0E, 0x00, 0xC0, 0x00, 0x0C, 0x00, 0xC0, 0x00, 0x0C, 0x00, 0xC0, 0x00, 0x0C,
  0x00, 0xC6, 0x00, 0x0C, 0x00, 0xC7, 0x00, 0x0C, 0x00, 0xC7, 0x00, 0x0C, 0x00, 0xC2, 0x00, 0x0C,
  0x00, 0xC0, 0x00, 0xFC, 0x0F, 0xC0, 0x00, 0xFC, 0x0F, 0x00, 0x00, 0x00, 0x00, 0x00, 0x00, 0x00,
  0x00, 0x00, 0x00, 0x01, 0x00, 0x00, 0x80, 0x03, 0x00, 0x00, 0x80, 0x03, 0x00, 0x00, 0x00, 0x01,
  0x00, 0x1C, 0x00, 0x3E, 0x00, 0x63, 0x00, 0x63, 0x00, 0x63, 0x00, 0x63, 0x00, 0xE3, 0x07, 0xE3,
  0x07, 0x63, 0x18, 0xE3, 0x18, 0xE6, 0x0C, 0xF6, 0x0C, 0xB6, 0x0D, 0xB4, 0x07, 0x1C, 0x07, 0x1C,
  0x07, 0x18, 0x03, 0x03, 0x0C, 0x30, 0x07, 0x0C, 0x38, 0x06, 0x1E, 0x18, 0x06, 0x1E, 0x18, 0x0E,
  0x1E, 0x1C, 0x0C, 0x3F, 0x0C, 0x0C, 0x33, 0x0C, 0x1C, 0x33, 0x0E, 0x98, 0x73, 0x06, 0x98, 0x61,
  0x06, 0xB8, 0x61, 0x07, 0xF0, 0xE1, 0x03, 0xF0, 0xC0, 0x03, 0xF0, 0xC0, 0x03, 0xE0, 0xC0, 0x01,
  0x60, 0x80, 0x01, 0xF8, 0x00, 0x00, 0xFE, 0x03, 0x00, 0x86, 0x0F, 0x00, 0x03, 0x1E, 0x00, 0x03,
  0x7E, 0x00, 0x03, 0xF6, 0x00, 0x03, 0xC6, 0x03, 0x07, 0x83, 0x0F, 0x86, 0x03, 0x1E, 0xFC, 0x01,
  0x3E, 0xF8, 0x80, 0x0F, 0x00, 0xE0, 0x03, 0x00, 0xF0, 0x00, 0x00, 0x7C, 0x00, 0x00, 0x1F, 0x00,
  0xC0, 0x07, 0x00, 0xF0, 0x01, 0x00, 0xFC, 0x00, 0x00, 0x3E, 0x00, 0x00, 0x0F, 0x00, 0x00, 0x03,
  0x00, 0x00, 0x00, 0x00, 0x00, 0x00, 0x00, 0x00, 0x1F, 0x00, 0x00, 0xC0, 0x7F, 0x00, 0x00, 0xF0,
  0x60, 0x00, 0x00, 0x78, 0xC0, 0x00, 0x00, 0x3E, 0xC0, 0x00, 0x00, 0x37, 0xC0, 0x1C, 0xC0, 0x73,
  0xC0, 0x3E, 0xF0, 0x60, 0xE0, 0x63, 0x78, 0xE0, 0x70, 0x63, 0x7C, 0xC0, 0x3F, 0x63, 0xF0, 0x00,
  0x1F, 0x3E, 0xC0, 0x03, 0x00, 0x1C, 0x80, 0x0F, 0x00, 0x00, 0x00, 0x3E, 0x00, 0x00, 0x00, 0xF8,
  0x00, 0x00, 0x00, 0xE0, 0x01, 0x00, 0x00, 0x80, 0x07, 0x00, 0x00, 0x00, 0x1F, 0x00, 0x00, 0x00,
  0x7C, 0x00, 0x00, 0x00, 0xF0, 0x00, 0x00, 0x00, 0xC0, 0x00, 0x00, 0x00, 0x00, 0x00, 0xC0, 0x07,
  0x00, 0xF0, 0x1F, 0x00, 0x3C, 0x18, 0x00, 0x1E, 0x30, 0x80, 0x0F, 0x30, 0xC0, 0x0D, 0x30, 0xF0,
  0x1C, 0x30, 0x3C, 0x18, 0x38, 0x1E, 0x38, 0x1C, 0x1F, 0xF0, 0x0F, 0x3C, 0xC0, 0x07, 0xF0, 0x00,
  0x00, 0xC0, 0x03, 0x00, 0x80, 0x0F, 0x00, 0x00, 0x3E, 0x00, 0x00, 0xF8, 0x00, 0x00, 0xE0, 0x03,
  0x00, 0xC0, 0x07, 0x00, 0x00, 0x1F, 0x00, 0x00, 0x3C, 0x00, 0x00, 0x30, 0x00, 0x00, 0x00, 0x00,
  0x00, 0xE0, 0x03, 0x00, 0x00, 0xF8, 0x0F, 0x00, 0x00, 0x1E, 0x0C, 0x00, 0x00, 0x0F, 0x18, 0x00,
  0xC0, 0x07, 0x18, 0x00, 0xE0, 0x06, 0x18, 0x00, 0x78, 0x0E, 0x18, 0x02, 0x1E, 0x0C, 0x1C, 0x07,
  0x0F, 0x1C, 0x0E, 0x87, 0x0F, 0xF8, 0x07, 0x02, 0x1E, 0xE0, 0x03, 0x00, 0x78, 0x00, 0x00, 0x00,
  0xF0, 0x01, 0x00, 0x00, 0xC0, 0x07, 0x00, 0x00, 0x00, 0x1F, 0x00, 0x00, 0x00, 0x7C, 0x00, 0x00,
  0x00, 0xF0, 0x01, 0x00, 0x00, 0xE0, 0x03, 0x00, 0x00, 0x80, 0x0F, 0x00, 0x00, 0x00, 0x1E, 0x00,
  0x00, 0x00, 0x18, 0x00, 0x00, 0x00, 0x00, 0x78, 0x00, 0x38, 0xFE, 0x01, 0x38, 0x86, 0x01, 0x1C,
  0x83, 0x03, 0x0C, 0x03, 0x03, 0x0E, 0x03, 0x03, 0x07, 0x03, 0x03, 0x03, 0x03, 0x83, 0x03, 0x87,
  0xC3, 0x01, 0xC6, 0xC1, 0x01, 0xFE, 0xE0, 0x00, 0x7C, 0x70, 0x00, 0x18, 0x70, 0x00, 0x38, 0x38,
  0x00, 0x30, 0x18, 0x00, 0x70, 0x1C, 0x00, 0x60, 0x0E, 0x00, 0xC0, 0x0E, 0x00, 0xC0, 0x07, 0x00,
  0x80, 0x03, 0x00, 0x80, 0x03, 0x00, 0x00, 0x01, 0x00, 0x00, 0x3C, 0x00, 0x1C, 0x00, 0xFF, 0x00,
  0x1C, 0x00, 0xC3, 0x00, 0x0E, 0x80, 0xC1, 0x01, 0x06, 0x80, 0x81, 0x01, 0x07, 0x86, 0x81, 0x81,
  0x03, 0x87, 0x81, 0x81, 0x01, 0x87, 0x81, 0xC1, 0x01, 0x82, 0xC3, 0xE1, 0x00, 0x00, 0xE3, 0xE0,
  0x00, 0x00, 0x7F, 0x70, 0x00, 0x00, 0x3E, 0x38, 0x00, 0x00, 0x0C, 0x38, 0x00, 0x00, 0x1C, 0x1C,
  0x00, 0x00, 0x18, 0x0C, 0x00, 0x00, 0x38, 0x0E, 0x00, 0x00, 0x30, 0x07, 0x00, 0x00, 0x60, 0x07,
  0x00, 0x00, 0xE0, 0x03, 0x00, 0x00, 0xC0, 0x01, 0x00, 0x00, 0xC0, 0x01, 0x00, 0x00, 0x80, 0x00,
  0x00, 0x00, 0x01, 0x00, 0x00, 0x01, 0x00, 0x80, 0x03, 0x00, 0xC0, 0x07, 0x00, 0xC0, 0x07, 0x00,
  0xE0, 0x0E, 0x00, 0x60, 0x0E, 0x00, 0x70, 0x1C, 0x00, 0x30, 0x38, 0x00, 0x18, 0x38, 0x00, 0x1C,
  0x70, 0x00, 0x7C, 0x60, 0x00, 0xFE, 0xE0, 0x00, 0xC6, 0xC1, 0x01, 0x87, 0xC3, 0x01, 0x03, 0x83,
  0x03, 0x03, 0x03, 0x03, 0x03, 0x03, 0x07, 0x03, 0x03, 0x0E, 0x83, 0x03, 0x0C, 0x86, 0x01, 0x1C,
  0xFE, 0x01, 0x38, 0x78, 0x00, 0x38, 0x00, 0x80, 0x00, 0x00, 0x00, 0x80, 0x00, 0x00, 0x00, 0xC0,
  0x01, 0x00, 0x00, 0xE0, 0x03, 0x00, 0x00, 0xE0, 0x03, 0x00, 0x00, 0x70, 0x07, 0x00, 0x00, 0x30,
  0x07, 0x00, 0x00, 0x38, 0x0E, 0x00, 0x00, 0x18, 0x1C, 0x00, 0x00, 0x0C, 0x1C, 0x00, 0x00, 0x0E,
  0x38, 0x00, 0x00, 0x3E, 0x30, 0x00, 0x00, 0x7F, 0x70, 0x00, 0x00, 0xE3, 0xE0, 0x00, 0x82, 0xC3,
  0xE1, 0x00, 0x87, 0x81, 0xC1, 0x01, 0x87, 0x81, 0x81, 0x01, 0x82, 0x81, 0x81, 0x03, 0x80, 0x81,
  0x01, 0x07, 0x80, 0xC1, 0x01, 0x06, 0x00, 0xC3, 0x00, 0x0E, 0x00, 0xFF, 0x00, 0x1C, 0x00, 0x3C,
  0x00, 0x1C, 0x00, 0x00, 0x01, 0x00, 0x00, 0x80, 0x03, 0x00, 0x00, 0x80, 0x03, 0x00, 0x00, 0x00,
  0x01, 0x00, 0x00, 0x00, 0x00, 0x00, 0x00, 0x00, 0x00, 0x00, 0x00, 0x00, 0x01, 0x00, 0x00, 0x80,
  0x03, 0x00, 0x00, 0xC0, 0x03, 0x00, 0x00, 0xC0, 0x07, 0x00, 0x00, 0xE0, 0x0E, 0x00, 0x00, 0x70,
  0x0E, 0x00, 0x00, 0x38, 0x1C, 0x00, 0x00, 0x18, 0x18, 0x00, 0x00, 0x1C, 0x38, 0x00, 0x00, 0x0E,
  0x70, 0x00, 0x00, 0x3E, 0x70, 0x00, 0x00, 0xFF, 0xE0, 0x00, 0x00, 0xC3, 0xC1, 0x00, 0x80, 0x81,
  0xC3, 0x01, 0x86, 0x01, 0x83, 0x03, 0x87, 0x01, 0x03, 0x03, 0x87, 0x01, 0x03, 0x07, 0x82, 0x01,
  0x03, 0x06, 0x00, 0xC3, 0x01, 0x0E, 0x00, 0xFF, 0x01, 0x1C, 0x00, 0x7C, 0x00, 0x18, 0x00, 0x00,
  0x01, 0x00, 0x00, 0x00, 0x01, 0x00, 0x00, 0x80, 0x03, 0x00, 0x00, 0xC0, 0x03, 0x00, 0x00, 0xC0,
  0x07, 0x00, 0x00, 0xE0, 0x0E, 0x00, 0x00, 0x70, 0x0E, 0x00, 0x00, 0x30, 0x1C, 0x00, 0x00, 0x38,
  0x18, 0x00, 0x00, 0x1C, 0x38, 0x00, 0x00, 0x0C, 0x30, 0x00, 0x00, 0x3E, 0x70, 0x00, 0x00, 0xFF,
  0x60, 0x00, 0x00, 0xC3, 0xE1, 0x00, 0x80, 0x83, 0xC3, 0x01, 0x82, 0x01, 0x83, 0x01, 0x87, 0x01,
  0x83, 0x03, 0x87, 0x01, 0x03, 0x03, 0x82, 0x01, 0x03, 0x07, 0x80, 0x81, 0x03, 0x06, 0x00, 0xC3,
  0x01, 0x0E, 0x00, 0xFE, 0x00, 0x1C, 0x00, 0x7C, 0x00, 0x18, 0x00, 0x00, 0x00, 0x00, 0x00, 0x00,
  0x01, 0x00, 0x00, 0x80, 0x03, 0x00, 0x00, 0x80, 0x03, 0x00, 0x00, 0x00, 0x01, 0x00, 0x40, 0x00,
  0x60, 0x00, 0xE0, 0x00, 0xF0, 0x00, 0xF8, 0x01, 0x9C, 0x01, 0x8C, 0x03, 0x1E, 0x03, 0x3F, 0x07,
  0x73, 0x06, 0x63, 0x0E, 0x63, 0x0C, 0x3E, 0x0C, 0x1C, 0x00, 0xF0, 0xFF, 0x00, 0xFC, 0xFF, 0x03,
  0x0E, 0x86, 0x0F, 0x07, 0x06, 0x1E, 0x03, 0x06, 0x18, 0x03, 0x06, 0x18, 0x03, 0x06, 0x30, 0x03,
  0x03, 0x30, 0x86, 0x03, 0x30, 0xFE, 0x01, 0x30, 0xF8, 0x00, 0x30, 0x00, 0x00, 0x30, 0x00, 0x00,
  0x30, 0x00, 0x00, 0x18, 0x00, 0x00, 0x18, 0x00, 0x00, 0x1C, 0x00, 0x80, 0x0F, 0xFF, 0xFF, 0x03,
  0xFF, 0x7F, 0x00, 0xFF, 0x7F, 0x00, 0xFF, 0xFF, 0x03, 0x00, 0x80, 0x0F, 0x00, 0x00, 0x1C, 0x00,
  0x00, 0x18, 0x00, 0x00, 0x18, 0x00, 0x00, 0x30, 0x00, 0x00, 0x30, 0x00, 0x00, 0x30, 0xF8, 0x00,
  0x30, 0xFE, 0x01, 0x30, 0x86, 0x03, 0x30, 0x03, 0x07, 0x30, 0x03, 0x06, 0x18, 0x03, 0x06, 0x18,
  0x03, 0x06, 0x1C, 0x0E, 0x86, 0x0F, 0xFC, 0xFF, 0x03, 0xF0, 0x7F, 0x00, 0x80, 0xFF, 0x03, 0xF0,
  0xFF, 0x0F, 0x7C, 0x0C, 0x1C, 0x0E, 0x0C, 0x38, 0x06, 0x0C, 0x30, 0x06, 0x0C, 0x30, 0x03, 0x1C,
  0x30, 0x03, 0x18, 0x30, 0x03, 0x38, 0x1C, 0x03, 0xF0, 0x1F, 0x03, 0xC0, 0x07, 0x03, 0x00, 0x00,
  0x03, 0x00, 0x00, 0x06, 0x00, 0x00, 0x06, 0x00, 0x00, 0x0E, 0x00, 0x00, 0x7C, 0x00, 0x00, 0xF0,
  0xFF, 0x3F, 0x80, 0xFF, 0x3F, 0x80, 0xFF, 0x3F, 0xF0, 0xFF, 0x3F, 0x7C, 0x00, 0x00, 0x0C, 0x00,
  0x00, 0x06, 0x00, 0x00, 0x06, 0x00, 0x00, 0x03, 0x00, 0x00, 0x03, 0x00, 0x00, 0x03, 0x00, 0x00,
  0x03, 0xE0, 0x07, 0x03, 0xF0, 0x1F, 0x03, 0x38, 0x18, 0x03, 0x18, 0x30, 0x06, 0x0C, 0x30, 0x06,
  0x0C, 0x30, 0x0E, 0x0C, 0x30, 0x7C, 0x0C, 0x1C, 0xF0, 0xFF, 0x0F, 0x80, 0xFF, 0x03, 0x00, 0xC0,
  0xFF, 0x01, 0x00, 0xF8, 0xFF, 0x07, 0x00, 0x3E, 0x06, 0x0E, 0x00, 0x07, 0x06, 0x1C, 0x00, 0x03,
  0x06, 0x18, 0x00, 0x03, 0x06, 0x18, 0x80, 0x01, 0x0E, 0x18, 0x80, 0x01, 0x0C, 0x18, 0x86, 0x01,
  0x1C, 0x0E, 0x87, 0x01, 0xF8, 0x0F, 0x87, 0x01, 0xE0, 0x03, 0x82, 0x01, 0x00, 0x00, 0x80, 0x01,
  0x00, 0x00, 0x00, 0x03, 0x00, 0x00, 0x00, 0x03, 0x00, 0x00, 0x00, 0x07, 0x00, 0x00, 0x00, 0x3E,
  0x00, 0x00, 0x00, 0xF8, 0xFF, 0x1F, 0x00, 0xC0, 0xFF, 0x1F, 0x00, 0xC0, 0xFF, 0x1F, 0x00, 0xF8,
  0xFF, 0x1F, 0x00, 0x3E, 0x00, 0x00, 0x00, 0x06, 0x00, 0x00, 0x00, 0x03, 0x00, 0x00, 0x00, 0x03,
  0x00, 0x00, 0x80, 0x01, 0x00, 0x00, 0x80, 0x01, 0x00, 0x00, 0x86, 0x01, 0x00, 0x00, 0x87, 0x01,
  0xF0, 0x03, 0x87, 0x01, 0xF8, 0x0F, 0x82, 0x01, 0x1C, 0x0C, 0x80, 0x01, 0x0C, 0x18, 0x00, 0x03,
  0x06, 0x18, 0x00, 0x03, 0x06, 0x18, 0x00, 0x07, 0x06, 0x18, 0x00, 0x3E, 0x06, 0x0E, 0x00, 0xF8,
  0xFF, 0x07, 0x00, 0xC0, 0xFF, 0x01, 0xF8, 0x00, 0x00, 0xFC, 0x03, 0x30, 0x86, 0x03, 0x30, 0x06,
  0x07, 0x30, 0x03, 0x06, 0x30, 0x03, 0x06, 0x30, 0x03, 0x06, 0x30, 0x03, 0x06, 0x30, 0x03, 0x07,
  0x30, 0x83, 0x03, 0x30, 0xFF, 0x01, 0x30, 0x7F, 0x00, 0x18, 0x06, 0x00, 0x18, 0x06, 0x00, 0x18,
  0x0E, 0x00, 0x0C, 0x1C, 0x00, 0x0E, 0x78, 0x80, 0x07, 0xF0, 0xFF, 0x03, 0x80, 0x7F, 0x00, 0x00,
  0x3E, 0x00, 0x00, 0x00, 0xFF, 0x00, 0x0C, 0x80, 0xE1, 0x00, 0x0C, 0x80, 0xC1, 0x01, 0x0C, 0xC0,
  0x80, 0x01, 0x0C, 0xC0, 0x80, 0x01, 0x0C, 0xC0, 0x80, 0x01, 0x0C, 0xC0, 0x80, 0x01, 0x0C, 0xC6,
  0xC0, 0x01, 0x0C, 0xC7, 0xE0, 0x00, 0x0C, 0xC7, 0x7F, 0x00, 0x0C, 0xC2, 0x1F, 0x00, 0x06, 0x80,
  0x01, 0x00, 0x06, 0x80, 0x01, 0x00, 0x06, 0x80, 0x03, 0x00, 0x03, 0x00, 0x07, 0x80, 0x03, 0x00,
  0x1E, 0xE0, 0x01, 0x00, 0xFC, 0xFF, 0x00, 0x00, 0xE0, 0x1F, 0x00, 0x80, 0xFF, 0x00, 0xF0, 0xFF,
  0x03, 0x78, 0x80, 0x07, 0x1C, 0x00, 0x0E, 0x0E, 0x00, 0x0C, 0x06, 0x00, 0x18, 0x02, 0x00, 0x18,
  0x03, 0x00, 0x18, 0xFF, 0x00, 0x30, 0xFF, 0x01, 0x30, 0x83, 0x03, 0x30, 0x03, 0x07, 0x30, 0x03,
  0x06, 0x30, 0x03, 0x06, 0x30, 0x03, 0x06, 0x30, 0x06, 0x06, 0x30, 0x8E, 0x03, 0x30, 0xFC, 0x03,
  0x30, 0xF8, 0x00, 0x00, 0x00, 0xE0, 0x3F, 0x00, 0x00, 0xFC, 0xFF, 0x00, 0x00, 0x1E, 0xE0, 0x01,
  0x00, 0x07, 0x80, 0x03, 0x80, 0x03, 0x00, 0x03, 0x80, 0x01, 0x00, 0x06, 0x80, 0x00, 0x00, 0x06,
  0xC0, 0x00, 0x00, 0x06, 0xC6, 0x3F, 0x00, 0x0C, 0xC7, 0x7F, 0x00, 0x0C, 0xC7, 0xE0, 0x00, 0x0C,
  0xC2, 0xC0, 0x01, 0x0C, 0xC0, 0x80, 0x01, 0x0C, 0xC0, 0x80, 0x01, 0x0C, 0xC0, 0x80, 0x01, 0x0C,
  0x80, 0x81, 0x01, 0x0C, 0x80, 0xE3, 0x00, 0x0C, 0x00, 0xFF, 0x00, 0x0C, 0x00, 0x3E, 0x00, 0x00,
  0x00, 0x00, 0x01, 0x00, 0x00, 0x80, 0x03, 0x00, 0x00, 0x80, 0x03, 0x00, 0x00, 0x00, 0x01, 0x00,
  0x00, 0x00, 0x00, 0x00, 0x00, 0x00, 0x00, 0x00, 0x00, 0xE0, 0x3F, 0x00, 0x00, 0xFC, 0xFF, 0x00,
  0x00, 0x1E, 0xE0, 0x01, 0x00, 0x07, 0x80, 0x03, 0x80, 0x03, 0x00, 0x03, 0x80, 0x01, 0x00, 0x06,
  0x80, 0x00, 0x00, 0x06, 0xC0, 0x00, 0x00, 0x06, 0xC7, 0x3F, 0x00, 0x0C, 0xC7, 0x7F, 0x00, 0x0C,
  0xC7, 0xE0, 0x00, 0x0C, 0xC0, 0xC0, 0x01, 0x0C, 0xC0, 0x80, 0x01, 0x0C, 0xC0, 0x80, 0x01, 0x0C,
  0xC0, 0x80, 0x01, 0x0C, 0x80, 0x81, 0x01, 0x0C, 0x80, 0xE3, 0x00, 0x0C, 0x00, 0xFF, 0x00, 0x0C,
  0x00, 0x3E, 0x00, 0x00, 0x00, 0xE0, 0x3F, 0x00, 0x00, 0xFC, 0xFF, 0x00, 0x00, 0x1E, 0xE0, 0x01,
  0x00, 0x07, 0x80, 0x03, 0x80, 0x03, 0x00, 0x03, 0x80, 0x01, 0x00, 0x06, 0x80, 0x00, 0x00, 0x06,
  0xC0, 0x00, 0x00, 0x06, 0xC6, 0x3F, 0x00, 0x0C, 0xC7, 0x7F, 0x00, 0x0C, 0xC7, 0xE0, 0x00, 0x0C,
  0xC2, 0xC0, 0x01, 0x0C, 0xC0, 0x80, 0x01, 0x0C, 0xC0, 0x80, 0x01, 0x0C, 0xC0, 0x80, 0x01, 0x0C,
  0x80, 0x81, 0x01, 0x0C, 0x80, 0xE3, 0x00, 0x0C, 0x00, 0xFF, 0x00, 0x0C, 0x00, 0x3E, 0x00, 0x00,
  0x00, 0x00, 0x00, 0x00, 0x00, 0x00, 0x01, 0x00, 0x00, 0x80, 0x03, 0x00, 0x00, 0x80, 0x03, 0x00,
  0x00, 0x00, 0x01, 0x00, 0xF8, 0x00, 0xFC, 0x03, 0x0E, 0x03, 0x06, 0x03, 0x0F, 0x06, 0x1F, 0x06,
  0x33, 0x06, 0x33, 0x06, 0x33, 0x06, 0x33, 0x06, 0x1E, 0x06, 0x0E, 0x06, 0xFF, 0x7F, 0x00, 0xFF,
  0xFF, 0x03, 0x00, 0x80, 0x0F, 0x00, 0x00, 0x1C, 0x00, 0x00, 0x18, 0x00, 0x00, 0x18, 0x00, 0x00,
  0x30, 0x00, 0x00, 0x30, 0x00, 0x00, 0x30, 0xFF, 0x07, 0x30, 0xFF, 0x07, 0x30, 0x00, 0x00, 0x30,
  0x00, 0x00, 0x30, 0x00, 0x00, 0x18, 0x00, 0x00, 0x18, 0x00, 0x00, 0x1C, 0x00, 0x80, 0x0F, 0xFF,
  0xFF, 0x03, 0xFF, 0x7F, 0x00, 0x80, 0xFF, 0x3F, 0xF0, 0xFF, 0x3F, 0x7C, 0x00, 0x00, 0x0C, 0x00,
  0x00, 0x06, 0x00, 0x00, 0x06, 0x00, 0x00, 0x03, 0x00, 0x00, 0x03, 0x00, 0x00, 0x03, 0x00, 0x00,
  0x03, 0xF8, 0x3F, 0x03, 0xF8, 0x3F, 0x03, 0x00, 0x00, 0x03, 0x00, 0x00, 0x06, 0x00, 0x00, 0x06,
  0x00, 0x00, 0x0E, 0x00, 0x00, 0x7C, 0x00, 0x00, 0xF0, 0xFF, 0x3F, 0x80, 0xFF, 0x3F, 0x03, 0x0C,
  0x30, 0x03, 0x0C, 0x30, 0x03, 0x0C, 0x30, 0x03, 0x0C, 0x30, 0x03, 0x0C, 0x30, 0x03, 0x0C, 0x30,
  0x03, 0x0C, 0x30, 0x03, 0x0C, 0x30, 0x03, 0x0C, 0x30, 0x03, 0x0C, 0x30, 0x06, 0x00, 0x18, 0x06,
  0x00, 0x18, 0x06, 0x00, 0x18, 0x0C, 0x00, 0x0C, 0x3C, 0x00, 0x0F, 0xF0, 0xFF, 0x03, 0xC0, 0xFF,
  0x00, 0xC0, 0xFF, 0x00, 0xF0, 0xFF, 0x03, 0x38, 0x00, 0x07, 0x1C, 0x00, 0x0C, 0x06, 0x00, 0x18,
  0x06, 0x00, 0x18, 0x06, 0x00, 0x18, 0x03, 0x00, 0x30, 0x03, 0x0C, 0x30, 0x03, 0x0C, 0x30, 0x03,
  0x0C, 0x30, 0x03, 0x0C, 0x30, 0x03, 0x0C, 0x30, 0x03, 0x0C, 0x30, 0x03, 0x0C, 0x30, 0x03, 0x0C,
  0x30, 0x03, 0x0C, 0x30, 0x03, 0x0C, 0x30, 0x08, 0x00, 0x0C, 0x00, 0x1C, 0x03, 0xB8, 0x03, 0xF0,
  0x01, 0xFF, 0x00, 0xFF, 0x00, 0xF0, 0x01, 0xB8, 0x03, 0x18, 0x03, 0x0C, 0x00, 0x08, 0x00, 0x00,
  0x00, 0x08, 0x00, 0x0C, 0x00, 0x1C, 0x03, 0xB8, 0x03, 0xF0, 0x01, 0xFF, 0x00, 0xFF, 0x00, 0xF0,
  0x01, 0xB8, 0x07, 0x1C, 0x03, 0x0C, 0x00, 0x08, 0x00, 0xFF, 0x3F, 0x00, 0xFF, 0xFF, 0x01, 0x00,
  0xC0, 0x07, 0x00, 0x00, 0x0E, 0x00, 0x00, 0x1C, 0xFF, 0x00, 0x18, 0xFF, 0x01, 0x30, 0x80, 0x03,
  0x30, 0x00, 0x03, 0x30, 0x00, 0x03, 0x30, 0x00, 0x03, 0x30, 0x80, 0x03, 0x30, 0xFF, 0x01, 0x30,
  0xFF, 0x00, 0x18, 0x00, 0x00, 0x1C, 0x00, 0x00, 0x0E, 0x00, 0xC0, 0x07, 0xFF, 0xFF, 0x03, 0xFF,
  0x3F, 0x00, 0x00, 0xFF, 0x3F, 0xE0, 0xFF, 0x3F, 0xF8, 0x00, 0x00, 0x1C, 0x00, 0x00, 0x0E, 0x00,
  0x00, 0x06, 0xC0, 0x3F, 0x03, 0xF0, 0x3F, 0x03, 0x38, 0x00, 0x03, 0x18, 0x00, 0x03, 0x18, 0x00,
  0x03, 0x18, 0x00, 0x03, 0x38, 0x00, 0x03, 0xF0, 0x3F, 0x06, 0xC0, 0x3F, 0x0E, 0x00, 0x00, 0x1C,
  0x00, 0x00, 0xF8, 0x00, 0x00, 0xE0, 0xFF, 0x3F, 0x00, 0xFF, 0x3F, 0xC3, 0xC0, 0x30, 0xC3, 0xC0,
  0x30, 0xC3, 0xC0, 0x30, 0xC3, 0xC0, 0x30, 0xC3, 0xC0, 0x30, 0xC3, 0xC0, 0x30, 0x83, 0x61, 0x30,
  0x83, 0x7F, 0x30, 0x03, 0x3F, 0x30, 0x03, 0x00, 0x30, 0x03, 0x00, 0x30, 0x06, 0x00, 0x18, 0x06,
  0x00, 0x18, 0x0E, 0x00, 0x18, 0x0C, 0x00, 0x0C, 0x78, 0x00, 0x07, 0xF0, 0xFF, 0x03, 0xC0, 0xFF,
  0x00, 0xC0, 0xFF, 0x00, 0xF0, 0xFF, 0x03, 0x38, 0x00, 0x07, 0x0C, 0x00, 0x0C, 0x06, 0x00, 0x18,
  0x06, 0x00, 0x18, 0x06, 0x00, 0x18, 0x03, 0x00, 0x30, 0x03, 0x00, 0x30, 0x03, 0x3F, 0x30, 0x83,
  0x7F, 0x30, 0x83, 0x61, 0x30, 0xC3, 0xC0, 0x30, 0xC3, 0xC0, 0x30, 0xC3, 0xC0, 0x30, 0xC3, 0xC0,
  0x30, 0xC3, 0xC0, 0x30, 0xC3, 0xC0, 0x30, 0xF0, 0x07, 0x00, 0xFC, 0x0F, 0x00, 0x1E, 0x1C, 0x00,
  0x06, 0x30, 0x00, 0x07, 0x70, 0x00, 0x03, 0x60, 0x00, 0x03, 0x60, 0x00, 0x03, 0x60, 0x00, 0x03,
  0x60, 0x00, 0x07, 0x70, 0x00, 0x06, 0x30, 0x00, 0x1E, 0x3C, 0x00, 0xFC, 0xFF, 0x3F, 0xF0, 0xFF,
  0x3F, 0x00, 0x00, 0x38, 0x00, 0x00, 0x1C, 0x00, 0x00, 0x0E, 0x00, 0x00, 0x07, 0x00, 0x00, 0x03,
  0x00, 0x80, 0x03, 0x00, 0xC0, 0x01, 0x00, 0x80, 0x00, 0x00, 0x80, 0x00, 0x00, 0xC0, 0x01, 0x00,
  0x80, 0x03, 0x00, 0x00, 0x03, 0x00, 0x00, 0x07, 0x00, 0x00, 0x0E, 0x00, 0x00, 0x1C, 0x00, 0x00,
  0x38, 0xF0, 0xFF, 0x3F, 0xFC, 0xFF, 0x3F, 0x1E, 0x38, 0x00, 0x06, 0x30, 0x00, 0x07, 0x70, 0x00,
  0x03, 0x60, 0x00, 0x03, 0x60, 0x00, 0x03, 0x60, 0x00, 0x03, 0x60, 0x00, 0x07, 0x70, 0x00, 0x06,
  0x30, 0x00, 0x1E, 0x1C, 0x00, 0xFC, 0x0F, 0x00, 0xF0, 0x03, 0x00, 0x00, 0x00, 0x20, 0x00, 0x00,
  0x00, 0x70, 0x00, 0x00, 0x00, 0xE0, 0x00, 0x00, 0x00, 0xC0, 0x00, 0x00, 0x00, 0xC0, 0x01, 0x00,
  0x00, 0x80, 0x03, 0x00, 0x00, 0x00, 0x07, 0x00, 0x00, 0x00, 0x0E, 0x00, 0xFC, 0xFF, 0x0F, 0x00,
  0xFF, 0xFF, 0x0F, 0x80, 0x07, 0x0E, 0x00, 0x80, 0x01, 0x0C, 0x00, 0xC0, 0x01, 0x1C, 0x00, 0xC6,
  0x00, 0x18, 0x00, 0xC7, 0x00, 0x18, 0x00, 0xC7, 0x00, 0x18, 0x00, 0xC2, 0x00, 0x18, 0x00, 0xC0,
  0x01, 0x1C, 0x00, 0x80, 0x01, 0x0C, 0x00, 0x80, 0x07, 0x07, 0x00, 0x00, 0xFF, 0x03, 0x00, 0x00,
  0xFC, 0x00, 0x00, 0x00, 0xF8, 0x03, 0x00, 0xFE, 0x0F, 0x00, 0x07, 0x1E, 0x80, 0x03, 0x18, 0xC0,
  0x01, 0x38, 0xC0, 0x00, 0x30, 0xC0, 0x00, 0x30, 0xC0, 0x00, 0x30, 0xC0, 0x00, 0x30, 0xC0, 0x01,
  0x38, 0x80, 0x01, 0x18, 0x80, 0x07, 0x1E, 0xFF, 0xFF, 0x0F, 0xFF, 0xFF, 0x03, 0x07, 0x00, 0x00,
  0x0E, 0x00, 0x00, 0x0C, 0x00, 0x00, 0x1C, 0x00, 0x00, 0x38, 0x00, 0x00, 0x70, 0x00, 0x00, 0x70,
  0x00, 0x00, 0x20, 0x00, 0x00, 0x00, 0x00, 0xFC, 0x01, 0x00, 0x00, 0xFF, 0x07, 0x00, 0x80, 0x03,
  0x0F, 0x00, 0xC0, 0x01, 0x0C, 0x00, 0xE0, 0x00, 0x1C, 0x00, 0x60, 0x00, 0x18, 0x00, 0x60, 0x00,
  0x18, 0x00, 0x60, 0x00, 0x18, 0x00, 0x60, 0x00, 0x18, 0x00, 0xE0, 0x00, 0x1C, 0x00, 0xC0, 0x00,
  0x0C, 0x06, 0xC0, 0x03, 0x0F, 0x87, 0xFF, 0xFF, 0x07, 0x87, 0xFF, 0xFF, 0x01, 0x82, 0x03, 0x00,
  0x00, 0x00, 0x07, 0x00, 0x00, 0x00, 0x06, 0x00, 0x00, 0x00, 0x0E, 0x00, 0x00, 0x00, 0x1C, 0x00,
  0x00, 0x00, 0x18, 0x00, 0x00, 0x00, 0x38, 0x00, 0x00, 0x00, 0x30, 0x00, 0x00, 0x20, 0x00, 0x00,
  0x70, 0x00, 0x00, 0x30, 0x00, 0x00, 0x38, 0x00, 0x00, 0x1C, 0x00, 0x00, 0x0C, 0x00, 0x00, 0x0E,
  0x00, 0x00, 0x07, 0x00, 0x00, 0xFF, 0xFF, 0x03, 0xFF, 0xFF, 0x0F, 0x80, 0x07, 0x1E, 0x80, 0x01,
  0x18, 0xC0, 0x01, 0x38, 0xC0, 0x00, 0x30, 0xC0, 0x00, 0x30, 0xC0, 0x00, 0x30, 0xC0, 0x00, 0x30,
  0xC0, 0x01, 0x38, 0x80, 0x03, 0x18, 0x00, 0x07, 0x1E, 0x00, 0xFE, 0x07, 0x00, 0xF8, 0x01, 0x00,
  0x30, 0x00, 0x00, 0x00, 0x38, 0x00, 0x00, 0x00, 0x18, 0x00, 0x00, 0x00, 0x1C, 0x00, 0x00, 0x00,
  0x0E, 0x00, 0x00, 0x00, 0x06, 0x00, 0x00, 0x00, 0x07, 0x00, 0x00, 0x86, 0x03, 0x00, 0x00, 0x87,
  0xFF, 0xFF, 0x01, 0x87, 0xFF, 0xFF, 0x07, 0x02, 0xC0, 0x03, 0x0F, 0x00, 0xC0, 0x00, 0x0C, 0x00,
  0xE0, 0x00, 0x1C, 0x00, 0x60, 0x00, 0x18, 0x00, 0x60, 0x00, 0x18, 0x00, 0x60, 0x00, 0x18, 0x00,
  0x60, 0x00, 0x18, 0x00, 0xE0, 0x00, 0x1C, 0x00, 0xC0, 0x01, 0x0C, 0x00, 0x80, 0x03, 0x0F, 0x00,
  0x00, 0xFF, 0x03, 0x00, 0x00, 0xFC, 0x00, 0x04, 0x00, 0x06, 0x00, 0x06, 0x00, 0x03, 0x00, 0xFF,
  0x01, 0xFF, 0x03, 0x1C, 0x07, 0x0C, 0x06, 0x0C, 0x06, 0x0C, 0x06, 0x1C, 0x07, 0xF8, 0x03, 0xF0,
  0x01, 0xFF, 0xFF, 0x3F, 0xFF, 0xFF, 0x3F, 0x00, 0x06, 0x00, 0x00, 0x06, 0x00, 0x00, 0x06, 0x00,
  0x00, 0x06, 0x00, 0x00, 0x06, 0x00, 0x00, 0x06, 0x00, 0x00, 0x06, 0x00, 0x00, 0x06, 0x00, 0x00,
  0x06, 0x00, 0x00, 0x06, 0x00, 0x00, 0x06, 0x00, 0x00, 0x06, 0x00, 0xFF, 0xFF, 0x3F, 0xFF, 0xFF,
  0x3F, 0x00, 0x00, 0x03, 0x03, 0x87, 0x03, 0xCE, 0x01, 0xFC, 0x00, 0x78, 0x00, 0xFE, 0x00, 0xCF,
  0x03, 0x03, 0x03, 0x01, 0x02, 0x00, 0x38, 0x00, 0x00, 0x00, 0x7C, 0x00, 0x00, 0x00, 0xC6, 0x00,
  0x00, 0x00, 0xC6, 0x00, 0x00, 0x00, 0xC6, 0x00, 0x00, 0x00, 0xC6, 0x00, 0x00, 0x00, 0xC6, 0x0F,
  0x00, 0x00, 0xC6, 0x0F, 0x00, 0x00, 0x00, 0x00, 0x00, 0x00, 0x00, 0x00, 0x00, 0x00, 0x00, 0x00,
  0x00, 0x00, 0xE0, 0xFF, 0x7F, 0x00, 0xF8, 0xFF, 0x7F, 0x00, 0x3C, 0x70, 0x00, 0x00, 0x0C, 0x60,
  0x00, 0x1E, 0x0E, 0xE0, 0x00, 0x3F, 0x06, 0xC0, 0x00, 0x33, 0x06, 0xC0, 0x00, 0x33, 0x06, 0xC0,
  0x00, 0x3F, 0x06, 0xC0, 0x00, 0x1E, 0x0E, 0xE0, 0x00, 0x00, 0x0C, 0x60, 0x00, 0x00, 0x3C, 0x38,
  0x00, 0x00, 0xF8, 0x1F, 0x00, 0x00, 0xE0, 0x07, 0x00, 0x1C, 0x00, 0x00, 0x3E, 0x00, 0x00, 0x63,
  0x00, 0x00, 0x63, 0x00, 0x00, 0x63, 0x00, 0x00, 0x63, 0x00, 0x00, 0xE3, 0x07, 0x00, 0xE3, 0x07,
  0x00, 0x00, 0x00, 0x00, 0x00, 0x00, 0x00, 0x00, 0x00, 0x00, 0xF0, 0xFF, 0x3F, 0xFC, 0xFF, 0x3F,
  0x1E, 0x38, 0x00, 0x06, 0x30, 0x00, 0x07, 0x70, 0x00, 0x03, 0x60, 0x00, 0x03, 0x60, 0x00, 0x03,
  0x60, 0x00, 0x03, 0x60, 0x00, 0x07, 0x70, 0x00, 0x06, 0x30, 0x00, 0x1E, 0x1C, 0x00, 0xFC, 0x0F,
  0x00, 0xF0, 0x03, 0x00, 0x00, 0x07, 0x00, 0x00, 0x80, 0x0F, 0x00, 0x00, 0xC0, 0x18, 0x00, 0x00,
  0xC0, 0x18, 0x00, 0x00, 0xC0, 0x18, 0x00, 0x00, 0xC0, 0x18, 0x00, 0x00, 0xC0, 0xF8, 0x01, 0x00,
  0xC0, 0xF8, 0x01, 0x00, 0x00, 0x00, 0x00, 0x00, 0x00, 0x00, 0x00, 0x00, 0x00, 0x00, 0x00, 0x00,
  0x00, 0xFC, 0xFF, 0x0F, 0x00, 0xFF, 0xFF, 0x0F, 0x80, 0x07, 0x0E, 0x00, 0x80, 0x01, 0x0C, 0x00,
  0xC0, 0x01, 0x1C, 0x00, 0xC6, 0x00, 0x18, 0x00, 0xC7, 0x00, 0x18, 0x00, 0xC7, 0x00, 0x18, 0x00,
  0xC2, 0x00, 0x18, 0x00, 0xC0, 0x01, 0x1C, 0x00, 0x80, 0x01, 0x0C, 0x00, 0x80, 0x07, 0x07, 0x00,
  0x00, 0xFF, 0x03, 0x00, 0x00, 0xFC, 0x00, 0x00, 0x1C, 0x00, 0x00, 0x3E, 0x00, 0x00, 0x63, 0x00,
  0x00, 0x63, 0x00, 0x00, 0x63, 0x00, 0x00, 0x63, 0x00, 0x00, 0xE3, 0x07, 0x00, 0xE3, 0x07, 0x00,
  0x00, 0x00, 0x00, 0x00, 0x00, 0x00, 0x00, 0xF8, 0x03, 0x00, 0xFE, 0x0F, 0x00, 0x07, 0x1E, 0x80,
  0x03, 0x18, 0xC0, 0x01, 0x38, 0xC0, 0x00, 0x30, 0xC0, 0x00, 0x30, 0xC0, 0x00, 0x30, 0xC0, 0x00,
  0x30, 0xC0, 0x01, 0x38, 0x80, 0x01, 0x18, 0x80, 0x07, 0x1E, 0xFF, 0xFF, 0x0F, 0xFF, 0xFF, 0x03,
  0x00, 0x0E, 0x00, 0x00, 0x00, 0x1F, 0x00, 0x00, 0x80, 0x31, 0x00, 0x00, 0x80, 0x31, 0x00, 0x00,
  0x80, 0x31, 0x00, 0x00, 0x80, 0x31, 0x00, 0x00, 0x80, 0xF1, 0x03, 0x00, 0x80, 0xF1, 0x03, 0x00,
  0x00, 0x00, 0x00, 0x00, 0x00, 0x00, 0x00, 0x00, 0x00, 0x00, 0xFC, 0x01, 0x00, 0x00, 0xFF, 0x07,
  0x00, 0x80, 0x03, 0x0F, 0x00, 0xC0, 0x01, 0x0C, 0x00, 0xE0, 0x00, 0x1C, 0x00, 0x60, 0x00, 0x18,
  0x00, 0x60, 0x00, 0x18, 0x00, 0x60, 0x00, 0x18, 0x00, 0x60, 0x00, 0x18, 0x00, 0xE0, 0x00, 0x1C,
  0x00, 0xC0, 0x00, 0x0C, 0x06, 0xC0, 0x03, 0x0F, 0x87, 0xFF, 0xFF, 0x07, 0x87, 0xFF, 0xFF, 0x01,
  0x02, 0x00, 0x00, 0x00, 0x1C, 0x00, 0x00, 0x3E, 0x00, 0x00, 0x63, 0x00, 0x00, 0x63, 0x00, 0x00,
  0x63, 0x00, 0x00, 0x63, 0x00, 0x00, 0xE3, 0x07, 0x00, 0xE3, 0x07, 0x00, 0x00, 0x00, 0x00, 0x00,
  0x00, 0x00, 0x00, 0x00, 0x00, 0xFF, 0xFF, 0x03, 0xFF, 0xFF, 0x0F, 0x80, 0x07, 0x1E, 0x80, 0x01,
  0x18, 0xC0, 0x01, 0x38, 0xC0, 0x00, 0x30, 0xC0, 0x00, 0x30, 0xC0, 0x00, 0x30, 0xC0, 0x00, 0x30,
  0xC0, 0x01, 0x38, 0x80, 0x03, 0x18, 0x00, 0x07, 0x1E, 0x00, 0xFE, 0x07, 0x00, 0xF8, 0x01, 0x00,
  0x0E, 0x00, 0x00, 0x00, 0x1F, 0x00, 0x00, 0x80, 0x31, 0x00, 0x00, 0x80, 0x31, 0x00, 0x00, 0x80,
  0x31, 0x00, 0x00, 0x80, 0x31, 0x00, 0x00, 0x80, 0xF1, 0x03, 0x00, 0x80, 0xF1, 0x03, 0x00, 0x00,
  0x00, 0x00, 0x00, 0x00, 0x00, 0x00, 0x00, 0x06, 0x00, 0x00, 0x00, 0x87, 0xFF, 0xFF, 0x01, 0x87,
  0xFF, 0xFF, 0x07, 0x02, 0xC0, 0x03, 0x0F, 0x00, 0xC0, 0x00, 0x0C, 0x00, 0xE0, 0x00, 0x1C, 0x00,
  0x60, 0x00, 0x18, 0x00, 0x60, 0x00, 0x18, 0x00, 0x60, 0x00, 0x18, 0x00, 0x60, 0x00, 0x18, 0x00,
  0xE0, 0x00, 0x1C, 0x00, 0xC0, 0x01, 0x0C, 0x00, 0x80, 0x03, 0x0F, 0x00, 0x00, 0xFF, 0x03, 0x00,
  0x00, 0xFC, 0x00, 0x1C, 0x00, 0x3E, 0x00, 0x63, 0x00, 0x63, 0x00, 0x63, 0x00, 0x63, 0x00, 0xE3,
  0x07, 0xE3, 0x07, 0x00, 0x00, 0x00, 0x00, 0x00, 0x00, 0xFF, 0x01, 0xFF, 0x03, 0x1C, 0x07, 0x0C,
  0x06, 0x0C, 0x06, 0x1C, 0x07, 0xF8, 0x03, 0xF0, 0x01, 0xF0, 0x03, 0x00, 0xFC, 0x0F, 0x20, 0x0E,
  0x1E, 0x38, 0x06, 0x18, 0x1E, 0x03, 0xB8, 0x07, 0x03, 0xF0, 0x01, 0x03, 0x70, 0x00, 0x03, 0x30,
  0x00, 0x03, 0x30, 0x00, 0x07, 0x30, 0x00, 0x06, 0x38, 0x00, 0x1E, 0x1C, 0x00, 0xFC, 0xFF, 0x3F,
  0xF0, 0xFF, 0x3F, 0xF0, 0xFF, 0x3F, 0xFC, 0xFF, 0x3F, 0x1E, 0x1C, 0x00, 0x06, 0x38, 0x00, 0x03,
  0x30, 0x00, 0x03, 0x30, 0x00, 0x03, 0x30, 0x00, 0x03, 0x70, 0x00, 0x03, 0xF0, 0x01, 0x07, 0xB8,
  0x07, 0x06, 0x18, 0x1E, 0x0E, 0x1E, 0x38, 0xFC, 0x0F, 0x20, 0xF0, 0x03, 0x00, 0x00, 0xF0, 0x03,
  0x01, 0xFC, 0x0F, 0x07, 0x0E, 0x1C, 0x1E, 0x06, 0x18, 0x78, 0x03, 0x38, 0xE0, 0x03, 0x30, 0x80,
  0x03, 0x30, 0x00, 0x03, 0x30, 0x00, 0x03, 0x30, 0x00, 0x03, 0x30, 0x00, 0x07, 0x18, 0x00, 0x0E,
  0x1E, 0xFF, 0xFF, 0x0F, 0xFF, 0xFF, 0x01, 0xFF, 0xFF, 0x03, 0xFF, 0xFF, 0x0F, 0x00, 0x0E, 0x1E,
  0x00, 0x06, 0x18, 0x00, 0x03, 0x38, 0x00, 0x03, 0x30, 0x00, 0x03, 0x30, 0x80, 0x03, 0x30, 0xE0,
  0x03, 0x30, 0x78, 0x07, 0x30, 0x1E, 0x06, 0x18, 0x07, 0x1E, 0x1C, 0x01, 0xFC, 0x0F, 0x00, 0xF0,
  0x03, 0xF0, 0x01, 0x00, 0xFC, 0x01, 0x00, 0x1E, 0x00, 0x00, 0x06, 0x00, 0x00, 0x07, 0x00, 0x00,
  0x03, 0x00, 0x00, 0x03, 0x00, 0x00, 0x03, 0x00, 0x00, 0x03, 0x00, 0x00, 0x03, 0x00, 0x00, 0x03,
  0x00, 0x00, 0x07, 0x00, 0x00, 0x0E, 0x00, 0x00, 0x1C, 0x00, 0x00, 0xF8, 0xFF, 0x3F, 0xE0, 0xFF,
  0x3F, 0x00, 0x00, 0x38, 0x00, 0x00, 0x1C, 0x00, 0x00, 0x0E, 0x00, 0x00, 0x0E, 0x00, 0x00, 0x07,
  0x00, 0x80, 0x03, 0x00, 0xC0, 0x01, 0x00, 0x80, 0x00, 0x00, 0x80, 0x00, 0x00, 0xC0, 0x01, 0x00,
  0x80, 0x03, 0x00, 0x00, 0x07, 0x00, 0x00, 0x0E, 0x00, 0x00, 0x0E, 0x00, 0x00, 0x1C, 0x00, 0x00,
  0x38, 0xE0, 0xFF, 0x3F, 0xF8, 0xFF, 0x3F, 0x1C, 0x00, 0x00, 0x06, 0x00, 0x00, 0x07, 0x00, 0x00,
  0x03, 0x00, 0x00, 0x03, 0x00, 0x00, 0x03, 0x00, 0x00, 0x03, 0x00, 0x00, 0x03, 0x00, 0x00, 0x03,
  0x00, 0x00, 0x07, 0x00, 0x00, 0x06, 0x00, 0x00, 0x1E, 0x00, 0x00, 0xFC, 0x01, 0x00, 0xE0, 0x01,
  0x00, 0x00, 0xE0, 0x03, 0x00, 0xE0, 0x0F, 0x00, 0x00, 0x1E, 0x00, 0x00, 0x18, 0x00, 0x00, 0x38,
  0x00, 0x00, 0x30, 0x00, 0x00, 0x30, 0x00, 0x00, 0x30, 0x00, 0x00, 0x30, 0x00, 0x00, 0x30, 0x00,
  0x00, 0x30, 0x00, 0x00, 0x38, 0x00, 0x00, 0x18, 0x00, 0x00, 0x0E, 0xFF, 0xFF, 0x07, 0xFF, 0xFF,
  0x01, 0x07, 0x00, 0x00, 0x0E, 0x00, 0x00, 0x1C, 0x00, 0x00, 0x18, 0x00, 0x00, 0x38, 0x00, 0x00,
  0x70, 0x00, 0x00, 0xE0, 0x00, 0x00, 0x40, 0x00, 0x00, 0x40, 0x00, 0x00, 0xE0, 0x00, 0x00, 0x70,
  0x00, 0x00, 0x38, 0x00, 0x00, 0x18, 0x00, 0x00, 0x1C, 0x00, 0x00, 0x0E, 0x00, 0x00, 0x07, 0x00,
  0x00, 0xFF, 0xFF, 0x01, 0xFF, 0xFF, 0x07, 0x00, 0x00, 0x0E, 0x00, 0x00, 0x18, 0x00, 0x00, 0x38,
  0x00, 0x00, 0x30, 0x00, 0x00, 0x30, 0x00, 0x00, 0x30, 0x00, 0x00, 0x30, 0x00, 0x00, 0x30, 0x00,
  0x00, 0x30, 0x00, 0x00, 0x38, 0x00, 0x00, 0x18, 0x00, 0x00, 0x1E, 0x00, 0xE0, 0x0F, 0x00, 0xE0,
  0x01, 0x00, 0x3C, 0x00, 0x00, 0x00, 0x3C, 0x00, 0x00, 0x00, 0x66, 0x00, 0x00, 0x00, 0x66, 0x00,
  0x00, 0x00, 0x66, 0x00, 0x00, 0x00, 0x7E, 0x00, 0x00, 0x00, 0x7C, 0x00, 0x00, 0x00, 0x60, 0x00,
  0x00, 0x00, 0xE0, 0x07, 0x00, 0x00, 0xE0, 0x0F, 0x00, 0x00, 0x00, 0x0C, 0x00, 0x00, 0x00, 0x0C,
  0x00, 0x00, 0x00, 0x0C, 0x00, 0x00, 0x00, 0x0F, 0x00, 0x00, 0x00, 0x07, 0x00, 0x00, 0x00, 0x00,
  0x00, 0x00, 0x00, 0x00, 0x00, 0x00, 0x00, 0x00, 0x00, 0x00, 0xC0, 0xFF, 0x7F, 0x00, 0xF0, 0xFF,
  0x7F, 0x00, 0x3C, 0x00, 0x00, 0x00, 0x0C, 0x00, 0x00, 0x00, 0x0E, 0x00, 0x00, 0x1E, 0x06, 0x00,
  0x00, 0x3F, 0x06, 0x00, 0x00, 0x33, 0x06, 0x00, 0x00, 0x33, 0x06, 0x00, 0x00, 0x3F, 0x06, 0x00,
  0x00, 0x1E, 0x06, 0x00, 0x00, 0x00, 0x0C, 0x00, 0x00, 0x00, 0x1C, 0x00, 0x00, 0x00, 0xF8, 0x01,
  0x00, 0x00, 0xE0, 0x01, 0x00, 0x1E, 0x00, 0x00, 0x1E, 0x00, 0x00, 0x33, 0x00, 0x00, 0x33, 0x00,
  0x00, 0x33, 0x00, 0x00, 0x3F, 0x00, 0x00, 0x3E, 0x00, 0x00, 0x30, 0x00, 0x00, 0xF0, 0x03, 0x00,
  0xF0, 0x07, 0x00, 0x00, 0x06, 0x00, 0x00, 0x06, 0x00, 0x00, 0x06, 0x00, 0x80, 0x07, 0x00, 0x80,
  0x03, 0x00, 0x00, 0x00, 0x00, 0x00, 0x00, 0x00, 0x00, 0x00, 0x00, 0xE0, 0xFF, 0x3F, 0xF8, 0xFF,
  0x3F, 0x1E, 0x00, 0x00, 0x06, 0x00, 0x00, 0x07, 0x00, 0x00, 0x03, 0x00, 0x00, 0x03, 0x00, 0x00,
  0x03, 0x00, 0x00, 0x03, 0x00, 0x00, 0x03, 0x00, 0x00, 0x03, 0x00, 0x00, 0x06, 0x00, 0x00, 0x0E,
  0x00, 0x00, 0xFC, 0x00, 0x00, 0xF0, 0x00, 0x00, 0x80, 0x07, 0x00, 0x00, 0x80, 0x07, 0x00, 0x00,
  0xC0, 0x0C, 0x00, 0x00, 0xC0, 0x0C, 0x00, 0x00, 0xC0, 0x0C, 0x00, 0x00, 0xC0, 0x0F, 0x00, 0x00,
  0x80, 0x0F, 0x00, 0x00, 0x00, 0x0C, 0x00, 0x00, 0x00, 0xFC, 0x00, 0x00, 0x00, 0xFC, 0x01, 0x00,
  0x00, 0x80, 0x01, 0x00, 0x00, 0x80, 0x01, 0x00, 0x00, 0x80, 0x01, 0x00, 0x00, 0xE0, 0x01, 0x00,
  0x00, 0xE0, 0x00, 0x00, 0x00, 0x00, 0x00, 0x00, 0x00, 0x00, 0x00, 0x00, 0x00, 0x00, 0x00, 0x00,
  0x00, 0xF8, 0xFF, 0x0F, 0x00, 0xFE, 0xFF, 0x0F, 0x80, 0x07, 0x00, 0x00, 0x80, 0x01, 0x00, 0x00,
  0xC0, 0x01, 0x00, 0x00, 0xC0, 0x00, 0x00, 0x00, 0xC6, 0x00, 0x00, 0x00, 0xC7, 0x00, 0x00, 0x00,
  0xC7, 0x00, 0x00, 0x00, 0xC2, 0x00, 0x00, 0x00, 0xC0, 0x00, 0x00, 0x00, 0x80, 0x01, 0x00, 0x00,
  0x80, 0x03, 0x00, 0x00, 0x00, 0x3F, 0x00, 0x00, 0x00, 0x3C, 0x00, 0x00, 0x1E, 0x00, 0x00, 0x1E,
  0x00, 0x00, 0x33, 0x00, 0x00, 0x33, 0x00, 0x00, 0x33, 0x00, 0x00, 0x3F, 0x00, 0x00, 0x3E, 0x00,
  0x00, 0x30, 0x00, 0x00, 0xF0, 0x03, 0x00, 0xF0, 0x8F, 0x01, 0x00, 0x8C, 0x07, 0x00, 0x8C, 0x1F,
  0x00, 0x0C, 0x1C, 0x80, 0x0F, 0x38, 0x80, 0x03, 0x30, 0x00, 0x00, 0x30, 0x00, 0x00, 0x30, 0x00,
  0x00, 0x30, 0x00, 0x00, 0x30, 0x00, 0x00, 0x30, 0x00, 0x00, 0x38, 0x00, 0x00, 0x18, 0x00, 0x00,
  0x0E, 0xFF, 0xFF, 0x07, 0xFF, 0xFF, 0x00, 0x00, 0x0F, 0x00, 0x00, 0x00, 0x0F, 0x00, 0x00, 0x80,
  0x19, 0x00, 0x00, 0x80, 0x19, 0x00, 0x00, 0x80, 0x19, 0x00, 0x00, 0x80, 0x1F, 0x00, 0x00, 0x00,
  0x1F, 0x00, 0x00, 0x00, 0x18, 0x00, 0x00, 0x00, 0xF8, 0x01, 0x00, 0x00, 0xF8, 0xC7, 0x00, 0x00,
  0x00, 0xC6, 0x03, 0x00, 0x00, 0xC6, 0x0F, 0x00, 0x00, 0x06, 0x0E, 0x00, 0xC0, 0x07, 0x1C, 0x00,
  0xC0, 0x01, 0x18, 0x00, 0x00, 0x00, 0x18, 0x00, 0x00, 0x00, 0x18, 0x00, 0x00, 0x00, 0x18, 0x00,
  0x00, 0x00, 0x18, 0x00, 0x00, 0x00, 0x18, 0x00, 0x00, 0x00, 0x1C, 0x00, 0x00, 0x00, 0x0C, 0x06,
  0x00, 0x00, 0x07, 0x87, 0xFF, 0xFF, 0x03, 0x87, 0xFF, 0x7F, 0x00, 0x02, 0x00, 0x00, 0x00, 0x1E,
  0x00, 0x00, 0x1E, 0x00, 0x00, 0x33, 0x00, 0x00, 0x33, 0x00, 0x00, 0x33, 0x00, 0x00, 0x3F, 0x00,
  0x00, 0x3E, 0x00, 0x00, 0x30, 0x00, 0x00, 0xF0, 0x03, 0x00, 0xF0, 0x07, 0x00, 0x00, 0x06, 0x00,
  0x00, 0x06, 0x00, 0x00, 0x06, 0x00, 0x80, 0x07, 0x00, 0x80, 0x03, 0x00, 0x00, 0x00, 0x00, 0x00,
  0x00, 0x00, 0x00, 0x00, 0x00, 0xFF, 0xFF, 0x01, 0xFF, 0xFF, 0x07, 0x00, 0x00, 0x1E, 0x00, 0x00,
  0x18, 0x00, 0x00, 0x38, 0x00, 0x00, 0x30, 0x00, 0x00, 0x30, 0x00, 0x00, 0x30, 0x00, 0x00, 0x30,
  0x00, 0x00, 0x30, 0x00, 0x00, 0x38, 0x00, 0x00, 0x18, 0x00, 0x00, 0x1E, 0x00, 0xF0, 0x07, 0x00,
  0xF0, 0x01, 0x00, 0x0F, 0x00, 0x00, 0x00, 0x0F, 0x00, 0x00, 0x80, 0x19, 0x00, 0x00, 0x80, 0x19,
  0x00, 0x00, 0x80, 0x19, 0x00, 0x00, 0x80, 0x1F, 0x00, 0x00, 0x00, 0x1F, 0x00, 0x00, 0x00, 0x18,
  0x00, 0x00, 0x00, 0xF8, 0x01, 0x00, 0x00, 0xF8, 0x03, 0x00, 0x00, 0x00, 0x03, 0x00, 0x00, 0x00,
  0x03, 0x00, 0x00, 0x00, 0x03, 0x00, 0x00, 0xC0, 0x03, 0x00, 0x00, 0xC0, 0x01, 0x00, 0x00, 0x00,
  0x00, 0x00, 0x00, 0x00, 0x00, 0x00, 0x06, 0x00, 0x00, 0x00, 0x87, 0xFF, 0xFF, 0x00, 0x87, 0xFF,
  0xFF, 0x03, 0x02, 0x00, 0x00, 0x0F, 0x00, 0x00, 0x00, 0x0C, 0x00, 0x00, 0x00, 0x1C, 0x00, 0x00,
  0x00, 0x18, 0x00, 0x00, 0x00, 0x18, 0x00, 0x00, 0x00, 0x18, 0x00, 0x00, 0x00, 0x18, 0x00, 0x00,
  0x00, 0x18, 0x00, 0x00, 0x00, 0x1C, 0x00, 0x00, 0x00, 0x0C, 0x00, 0x00, 0x00, 0x0F, 0x00, 0x00,
  0xF8, 0x03, 0x00, 0x00, 0xF8, 0x00, 0x0E, 0x00, 0x1F, 0x00, 0x1B, 0x00, 0x1B, 0x00, 0x1B, 0x00,
  0x1F, 0x00, 0x1E, 0x00, 0x18, 0x00, 0xF8, 0x01, 0xF8, 0x07, 0x00, 0x06, 0x00, 0x06, 0x00, 0x07,
  0xC0, 0x03, 0xC0, 0x01, 0x0E, 0x00, 0x1F, 0x00, 0x1B, 0x00, 0x1B, 0x00, 0x1B, 0x00, 0x1F, 0x00,
  0x1E, 0x00, 0x18, 0x00, 0x18, 0x00, 0x1E, 0x00, 0x1F, 0x00, 0x1B, 0x00, 0x1B, 0x00, 0x1B, 0x00,
  0x1F, 0x00, 0x1E, 0x00, 0x18, 0x00, 0xF8, 0x01, 0xF8, 0x07, 0x00, 0x06, 0x00, 0x06, 0x00, 0x06,
  0xC0, 0x07, 0xC0, 0x01, 0xF0, 0x03, 0x00, 0xFC, 0x07, 0x00, 0x0E, 0x0E, 0x00, 0x06, 0x18, 0x00,
  0x03, 0x18, 0x00, 0x03, 0x18, 0x00, 0x03, 0x1C, 0x00, 0x03, 0x0E, 0x00, 0x03, 0x0F, 0x00, 0x07,
  0x07, 0x00, 0x06, 0x00, 0x00, 0x1E, 0x00, 0x00, 0xFC, 0xFF, 0x3F, 0xF0, 0xFF, 0x3F, 0xF0, 0xFF,
  0x3F, 0xFC, 0xFF, 0x3F, 0x1E, 0x00, 0x00, 0x06, 0x00, 0x00, 0x07, 0x07, 0x00, 0x03, 0x0F, 0x00,
  0x03, 0x1E, 0x00, 0x03, 0x1C, 0x00, 0x03, 0x18, 0x00, 0x03, 0x18, 0x00, 0x06, 0x18, 0x00, 0x0E,
  0x0E, 0x00, 0xFC, 0x07, 0x00, 0xF0, 0x03, 0x00, 0x00, 0xF8, 0x03, 0x00, 0xFC, 0x0F, 0x00, 0x0E,
  0x1C, 0x00, 0x03, 0x18, 0x00, 0x03, 0x30, 0x00, 0x03, 0x30, 0x00, 0x07, 0x30, 0x00, 0x0E, 0x30,
  0x00, 0x3E, 0x30, 0x00, 0x38, 0x38, 0x00, 0x00, 0x18, 0x00, 0x00, 0x1E, 0xFF, 0xFF, 0x07, 0xFF,
  0xFF, 0x01, 0xFF, 0xFF, 0x03, 0xFF, 0xFF, 0x0F, 0x00, 0x00, 0x1E, 0x00, 0x00, 0x18, 0x00, 0x38,
  0x38, 0x00, 0x3E, 0x30, 0x00, 0x1E, 0x30, 0x00, 0x07, 0x30, 0x00, 0x03, 0x30, 0x00, 0x03, 0x30,
  0x00, 0x03, 0x18, 0x00, 0x0E, 0x1C, 0x00, 0xFC, 0x0F, 0x00, 0xF8, 0x03, 0x63, 0x00, 0x00, 0x63,
  0x00, 0x00, 0x63, 0x00, 0x00, 0x63, 0x00, 0x00, 0x63, 0x00, 0x00, 0x63, 0x00, 0x00, 0x63, 0x00,
  0x00, 0x63, 0x00, 0x00, 0x63, 0x00, 0x00, 0x63, 0xFE, 0x00, 0xE3, 0xFF, 0x03, 0xE3, 0x07, 0x07,
  0xE3, 0x01, 0x0E, 0xE3, 0x00, 0x0C, 0x63, 0x00, 0x1C, 0x63, 0x00, 0x18, 0x63, 0x00, 0x18, 0x63,
  0x00, 0x18, 0x63, 0x00, 0x18, 0x63, 0x00, 0x18, 0xC3, 0x00, 0x0C, 0xC3, 0x01, 0x0E, 0x83, 0x03,
  0x07, 0x03, 0xFF, 0x03, 0x00, 0xFC, 0x00, 0x00, 0xFC, 0x00, 0x03, 0xFF, 0x03, 0x83, 0x03, 0x07,
  0xC3, 0x01, 0x0E, 0xC3, 0x00, 0x0C, 0xE3, 0x00, 0x18, 0x63, 0x00, 0x18, 0x63, 0x00, 0x18, 0x63,
  0x00, 0x18, 0x63, 0x00, 0x18, 0x63, 0x00, 0x18, 0xE3, 0x00, 0x0C, 0xE3, 0x01, 0x0E, 0xE3, 0x07,
  0x07, 0xE3, 0xFF, 0x03, 0x63, 0xFE, 0x00, 0x63, 0x00, 0x00, 0x63, 0x00, 0x00, 0x63, 0x00, 0x00,
  0x63, 0x00, 0x00, 0x63, 0x00, 0x00, 0x63, 0x00, 0x00, 0x63, 0x00, 0x00, 0x63, 0x00, 0x00, 0x63,
  0x00, 0x00, 0x03, 0x00, 0x18, 0x03, 0x00, 0x18, 0x03, 0x00, 0x18, 0x03, 0x00, 0x18, 0x03, 0x00,
  0x18, 0x03, 0x00, 0x18, 0x03, 0x00, 0x18, 0x03, 0x00, 0x18, 0x03, 0x00, 0x18, 0x03, 0xFC, 0x19,
  0x03, 0xFF, 0x1F, 0x83, 0x03, 0x1F, 0xC3, 0x01, 0x1E, 0xC3, 0x00, 0x1C, 0x63, 0x00, 0x18, 0x63,
  0x00, 0x18, 0x63, 0x00, 0x18, 0x63, 0x00, 0x18, 0x63, 0x00, 0x18, 0x63, 0x00, 0x18, 0xC3, 0x00,
  0x0C, 0xC3, 0x01, 0x0E, 0x83, 0x03, 0x07, 0x03, 0xFF, 0x03, 0x00, 0xFC, 0x00, 0x00, 0xFC, 0x00,
  0x03, 0xFF, 0x03, 0x83, 0x03, 0x07, 0xC3, 0x01, 0x0E, 0xC3, 0x00, 0x0C, 0x63, 0x00, 0x18, 0x63,
  0x00, 0x18, 0x63, 0x00, 0x18, 0x63, 0x00, 0x18, 0x63, 0x00, 0x18, 0xE3, 0x00, 0x18, 0xC3, 0x00,
  0x1C, 0xC3, 0x01, 0x1E, 0x83, 0x03, 0x1F, 0x03, 0xFF, 0x1F, 0x03, 0xFC, 0x19, 0x03, 0x00, 0x18,
  0x03, 0x00, 0x18, 0x03, 0x00, 0x18, 0x03, 0x00, 0x18, 0x03, 0x00, 0x18, 0x03, 0x00, 0x18, 0x03,
  0x00, 0x18, 0x03, 0x00, 0x18, 0x03, 0x00, 0x18, 0x83, 0x07, 0xE3, 0x1F, 0x63, 0x1C, 0x33, 0x38,
  0x33, 0x30, 0x33, 0x30, 0x33, 0x38, 0x63, 0x3C, 0xE3, 0x3F, 0x83, 0x37, 0x03, 0x30, 0x03, 0x30,
  0x03, 0x30, 0x03, 0x30, 0x03, 0x30, 0x03, 0x30, 0x00, 0xE0, 0x07, 0x00, 0xF8, 0x1F, 0x00, 0x1C,
  0x38, 0x00, 0x0E, 0x70, 0x00, 0x06, 0x60, 0x00, 0x03, 0xC0, 0x00, 0x03, 0xC0, 0x00, 0x03, 0xC0,
  0x00, 0x03, 0xC0, 0x00, 0x03, 0xC0, 0x00, 0x03, 0xC0, 0x00, 0x03, 0x00, 0x00, 0x03, 0x00, 0x00,
  0x03, 0x00, 0x00, 0x03, 0x00, 0x00, 0x03, 0x00, 0x00, 0x03, 0x00, 0x07, 0x03, 0x00, 0x0F, 0x03,
  0x00, 0x1E, 0x03, 0x00, 0x78, 0x03, 0x00, 0xF0, 0x03, 0x00, 0xE0, 0x03, 0x00, 0x80, 0x03, 0x00,
  0x00, 0x03, 0x00, 0x00, 0x00, 0x7E, 0x00, 0x00, 0x80, 0xFF, 0x01, 0x00, 0xC0, 0x81, 0x03, 0x00,
  0xE0, 0x00, 0x07, 0x00, 0x60, 0x00, 0x06, 0x00, 0x30, 0x00, 0x0C, 0x00, 0x30, 0x00, 0x0C, 0x00,
  0x30, 0x00, 0x0C, 0x00, 0x30, 0x00, 0x0C, 0x00, 0x30, 0x00, 0x0C, 0x00, 0x30, 0x00, 0x0C, 0x00,
  0x30, 0x00, 0x00, 0x00, 0x30, 0x00, 0x00, 0x02, 0x30, 0x00, 0x00, 0x07, 0x30, 0x00, 0x00, 0x07,
  0x30, 0x00, 0x00, 0x02, 0x30, 0x00, 0x00, 0x60, 0x30, 0x00, 0x00, 0xF0, 0x30, 0x00, 0x00, 0xE0,
  0x31, 0x00, 0x00, 0x80, 0x37, 0x00, 0x00, 0x00, 0x3F, 0x00, 0x00, 0x00, 0x3E, 0x00, 0x00, 0x00,
  0x38, 0x00, 0x00, 0x00, 0x30, 0x00, 0x00, 0x00, 0xC0, 0x01, 0x00, 0xC0, 0x03, 0x00, 0xC0, 0x07,
  0x00, 0xC0, 0x1E, 0x00, 0xC0, 0x3C, 0x00, 0xC0, 0x78, 0x00, 0xC0, 0xE0, 0x00, 0xC0, 0x40, 0x00,
  0xC0, 0x00, 0x00, 0xC0, 0x00, 0x00, 0xC0, 0x00, 0x00, 0xC0, 0x00, 0x00, 0xC0, 0x00, 0x03, 0xC0,
  0x00, 0x03, 0xC0, 0x00, 0x03, 0xC0, 0x00, 0x03, 0xC0, 0x00, 0x03, 0xC0, 0x00, 0x03, 0xC0, 0x00,
  0x06, 0x60, 0x00, 0x0E, 0x70, 0x00, 0x1C, 0x38, 0x00, 0xF8, 0x1F, 0x00, 0xE0, 0x07, 0x00, 0x00,
  0x00, 0x70, 0x00, 0x00, 0x00, 0xF0, 0x00, 0x00, 0x00, 0xF0, 0x01, 0x00, 0x00, 0xB0, 0x07, 0x00,
  0x00, 0x30, 0x0F, 0x00, 0x00, 0x30, 0x1E, 0x00, 0x00, 0x30, 0x38, 0x00, 0x00, 0x30, 0x10, 0x00,
  0x00, 0x30, 0x00, 0x00, 0x00, 0x30, 0x00, 0x00, 0x00, 0x30, 0x00, 0x00, 0x00, 0x30, 0x00, 0x00,
  0x00, 0x30, 0x00, 0xC0, 0x00, 0x30, 0x00, 0xC2, 0x00, 0x30, 0x00, 0xC7, 0x00, 0x30, 0x00, 0xC7,
  0x00, 0x30, 0x00, 0xC2, 0x00, 0x30, 0x00, 0xC0, 0x00, 0x30, 0x00, 0x80, 0x01, 0x18, 0x00, 0x80,
  0x03, 0x1C, 0x00, 0x00, 0x07, 0x0E, 0x00, 0x00, 0xFE, 0x07, 0x00, 0x00, 0xF8, 0x01, 0x00, 0xE0,
  0x07, 0x00, 0xF8, 0x1F, 0x00, 0x1C, 0x38, 0x00, 0x0E, 0x70, 0x00, 0x06, 0x60, 0x00, 0x03, 0xC0,
  0x00, 0x03, 0xC0, 0x00, 0x03, 0xC0, 0x00, 0x03, 0xC0, 0x00, 0x03, 0xC0, 0x00, 0x03, 0xC0, 0x00,
  0x00, 0xC0, 0x00, 0x00, 0xC0, 0x00, 0x00, 0xC0, 0x00, 0x00, 0xC0, 0x00, 0x00, 0xC0, 0x00, 0x00,
  0xC0, 0x00, 0x00, 0xC0, 0xE0, 0x00, 0xC0, 0xF0, 0x00, 0xC0, 0x78, 0x00, 0xC0, 0x1E, 0x00, 0xC0,
  0x0F, 0x00, 0xC0, 0x07, 0x00, 0xC0, 0x01, 0x00, 0xC0, 0x00, 0x00, 0xF8, 0x01, 0x00, 0x00, 0xFE,
  0x07, 0x00, 0x00, 0x07, 0x0E, 0x00, 0x80, 0x03, 0x1C, 0x00, 0x80, 0x01, 0x18, 0x00, 0xC0, 0x00,
  0x30, 0x00, 0xC2, 0x00, 0x30, 0x00, 0xC7, 0x00, 0x30, 0x00, 0xC7, 0x00, 0x30, 0x00, 0xC2, 0x00,
  0x30, 0x00, 0xC0, 0x00, 0x30, 0x00, 0x00, 0x00, 0x30, 0x00, 0x00, 0x00, 0x30, 0x00, 0x00, 0x00,
  0x30, 0x00, 0x00, 0x00, 0x30, 0x00, 0x00, 0x00, 0x30, 0x00, 0x00, 0x00, 0x30, 0x00, 0x00, 0x00,
  0x30, 0x38, 0x00, 0x00, 0x30, 0x3C, 0x00, 0x00, 0x30, 0x1E, 0x00, 0x00, 0xB0, 0x07, 0x00, 0x00,
  0xF0, 0x03, 0x00, 0x00, 0xF0, 0x01, 0x00, 0x00, 0x70, 0x00, 0x00, 0x00, 0x30, 0x00, 0x78, 0x00,
  0xFE, 0x01, 0x86, 0x01, 0x03, 0x03, 0x03, 0x03, 0x03, 0x03, 0x00, 0x03, 0x00, 0x03, 0x00, 0x03,
  0x00, 0x03, 0x00, 0x23, 0x00, 0x33, 0x00, 0x3F, 0x00, 0x1F, 0x00, 0x07, 0x00, 0x03, 0x00, 0x20,
  0x00, 0x00, 0x38, 0x00, 0x00, 0x3C, 0x00, 0x00, 0x3E, 0x00, 0x00, 0x37, 0x06, 0xC0, 0x33, 0x06,
  0xE0, 0x31, 0x06, 0xF0, 0x30, 0x06, 0x38, 0x30, 0x06, 0x1C, 0x30, 0x06, 0x0F, 0x30, 0x06, 0x07,
  0x30, 0x06, 0x00, 0xF0, 0x3F, 0x00, 0xF0, 0x3F, 0x00, 0x00, 0x06, 0x00, 0x00, 0x06, 0x00, 0x00,
  0x06, 0x00, 0x00, 0x06, 0x00, 0x00, 0x06, 0x00, 0xF0, 0x3F, 0x00, 0xF0, 0x3F, 0x03, 0x30, 0x06,
  0x0F, 0x30, 0x06, 0x1E, 0x30, 0x06, 0x38, 0x30, 0x06, 0x70, 0x30, 0x06, 0xE0, 0x30, 0x06, 0xC0,
  0x33, 0x06, 0x80, 0x37, 0x06, 0x00, 0x3E, 0x06, 0x00, 0x3C, 0x00, 0x00, 0x38, 0x00, 0x00, 0x30,
  0x00, 0x00, 0x20, 0x00, 0x06, 0x00, 0x80, 0x01, 0x07, 0x00, 0x80, 0x01, 0x07, 0x00, 0xFC, 0x0F,
  0x02, 0x00, 0xFC, 0x0F, 0xC0, 0x00, 0x8C, 0x01, 0xC0, 0x01, 0x8C, 0x01, 0x80, 0x03, 0x8C, 0x01,
  0x00, 0x07, 0x8C, 0x01, 0x00, 0x0C, 0x8C, 0x01, 0x00, 0x38, 0x8C, 0x01, 0x00, 0x70, 0x8C, 0x01,
  0x00, 0xE0, 0x8C, 0x01, 0x00, 0xC0, 0x8D, 0x01, 0x00, 0x00, 0x0F, 0x00, 0x00, 0x00, 0x0E, 0x00,
  0x00, 0x00, 0x0C, 0x00, 0x00, 0x00, 0x08, 0x00, 0x00, 0x01, 0x00, 0x00, 0x07, 0x00, 0x00, 0x0F,
  0x00, 0x00, 0x1F, 0x00, 0x18, 0x3B, 0x00, 0x18, 0xF3, 0x00, 0x18, 0xE3, 0x01, 0x18, 0xC3, 0x03,
  0x18, 0x03, 0x07, 0x18, 0x03, 0x0E, 0x18, 0x03, 0x3C, 0x18, 0x03, 0x38, 0xFF, 0x03, 0x00, 0xFF,
  0x03, 0x00, 0x18, 0x00, 0x00, 0x18, 0x00, 0x00, 0x18, 0x00, 0x00, 0x00, 0x40, 0x00, 0x00, 0x00,
  0xC0, 0x00, 0x00, 0x00, 0xC0, 0x01, 0x00, 0x00, 0xC0, 0x03, 0x00, 0x00, 0xC6, 0x0F, 0x00, 0x00,
  0xC6, 0x1E, 0x00, 0x00, 0xC6, 0x3C, 0x00, 0x00, 0xC6, 0x70, 0x00, 0x00, 0xC6, 0xE0, 0x00, 0x00,
  0xC6, 0xC0, 0x01, 0x00, 0xC6, 0x80, 0x07, 0x00, 0xC6, 0x00, 0x0F, 0x06, 0xC6, 0x00, 0x0E, 0xC7,
  0xFF, 0x00, 0x00, 0xC7, 0xFF, 0x00, 0x00, 0x02, 0x06, 0x00, 0x00, 0x00, 0x06, 0x00, 0x00, 0x18,
  0x00, 0x00, 0x18, 0x00, 0x00, 0xFF, 0x03, 0x00, 0xFF, 0x03, 0x00, 0x18, 0x03, 0x38, 0x18, 0x03,
  0x3C, 0x18, 0x03, 0x1E, 0x18, 0x03, 0x07, 0x18, 0x83, 0x03, 0x18, 0xC3, 0x01, 0x18, 0xF3, 0x00,
  0x18, 0x7B, 0x00, 0x18, 0x3F, 0x00, 0x00, 0x0F, 0x00, 0x00, 0x07, 0x00, 0x00, 0x03, 0x00, 0x00,
  0x01, 0x00, 0x00, 0x06, 0x00, 0x00, 0x02, 0x06, 0x00, 0x00, 0xC7, 0xFF, 0x00, 0x00, 0xC7, 0xFF,
  0x00, 0x00, 0x02, 0xC6, 0x00, 0x0E, 0x00, 0xC6, 0x00, 0x0F, 0x00, 0xC6, 0x80, 0x03, 0x00, 0xC6,
  0xC0, 0x01, 0x00, 0xC6, 0xE0, 0x00, 0x00, 0xC6, 0x70, 0x00, 0x00, 0xC6, 0x3C, 0x00, 0x00, 0xC6,
  0x0E, 0x00, 0x00, 0xC6, 0x07, 0x00, 0x00, 0xC0, 0x03, 0x00, 0x00, 0xC0, 0x01, 0x00, 0x00, 0x40,
  0x00, 0x00, 0x06, 0x00, 0x3F, 0x04, 0x3F, 0x06, 0x36, 0x07, 0xF6, 0x03, 0xF6, 0x01, 0xF6, 0x00,
  0x70, 0x00, 0x10, 0x00, 0xFF, 0xFF, 0x3F, 0xFF, 0xFF, 0x3F, 0x80, 0x07, 0x1E, 0x80, 0x03, 0x1C,
  0xC0, 0x01, 0x38, 0xC0, 0x00, 0x30, 0xC0, 0x00, 0x30, 0xC0, 0x00, 0x30, 0xC0, 0x00, 0x30, 0xC0,
  0x01, 0x18, 0x80, 0x03, 0x18, 0x00, 0x07, 0x0E, 0x00, 0xFE, 0x07, 0x00, 0xF8, 0x01, 0xFF, 0xFF,
  0x3F, 0xFF, 0xFF, 0x3F, 0xFE, 0x03, 0x00, 0xFF, 0x07, 0x00, 0xFF, 0x07, 0x00, 0xFF, 0x07, 0x00,
  0xFF, 0x07, 0x00, 0xFF, 0x07, 0x00, 0xFF, 0x07, 0x00, 0xFE, 0x03, 0x00, 0xFE, 0x03, 0x00, 0xFC,
  0x01, 0x00, 0x20, 0x00, 0x00, 0x00, 0xC0, 0x07, 0x00, 0xF0, 0x0F, 0x00, 0xF0, 0x1F, 0x00, 0xF8,
  0x3F, 0x00, 0xF8, 0x3F, 0x00, 0xF8, 0x3F, 0x00, 0xF8, 0x3F, 0x00, 0xF8, 0x3F, 0x00, 0xF8, 0x3F,
  0x00, 0xF0, 0x1F, 0xFF, 0xFF, 0x3F, 0xFF, 0xFF, 0x3F, 0xFF, 0xFF, 0x3F, 0xFF, 0xFF, 0x3F, 0x00,
  0xF0, 0x1F, 0x00, 0xF8, 0x3F, 0x00, 0xF8, 0x3F, 0x00, 0xF8, 0x3F, 0x00, 0xF8, 0x3F, 0x00, 0xF8,
  0x3F, 0x00, 0xF8, 0x3F, 0x00, 0xF0, 0x1F, 0x00, 0xF0, 0x1F, 0x00, 0xE0, 0x0F, 0x00, 0x00, 0x00,
  0xF8, 0x00, 0x00, 0xFC, 0x03, 0x00, 0xFE, 0x03, 0x00, 0xFF, 0x07, 0x00, 0xFF, 0x07, 0x00, 0xFF,
  0x07, 0x00, 0xFF, 0x07, 0x00, 0xFF, 0x07, 0x00, 0xFF, 0x07, 0x00, 0xFE, 0x03, 0x00, 0xFF, 0xFF,
  0x3F, 0xFF, 0xFF, 0x3F, 0xFF, 0xFF, 0x3F, 0xFF, 0xFF, 0x3F, 0x03, 0x06, 0x00, 0x03, 0x06, 0x00,
  0x03, 0x06, 0x00, 0x03, 0x06, 0x00, 0x03, 0x06, 0x00, 0x03, 0x06, 0x00, 0x03, 0x06, 0x00, 0x03,
  0x06, 0x00, 0x03, 0x06, 0x00, 0x03, 0x06, 0x00, 0x03, 0x06, 0x00, 0x03, 0x06, 0x00, 0x00, 0x18,
  0x30, 0x00, 0x18, 0x30, 0x00, 0x18, 0x30, 0x00, 0x18, 0x30, 0x00, 0x18, 0x30, 0x00, 0x18, 0x30,
  0x00, 0x18, 0x30, 0x00, 0x18, 0x30, 0x00, 0x18, 0x30, 0x00, 0x18, 0x30, 0x00, 0x18, 0x30, 0x00,
  0x18, 0x30, 0xFF, 0xFF, 0x3F, 0xFF, 0xFF, 0x3F, 0xFF, 0xFF, 0x3F, 0xFF, 0xFF, 0x3F, 0x00, 0x18,
  0x30, 0x00, 0x18, 0x30, 0x00, 0x18, 0x30, 0x00, 0x18, 0x30, 0x00, 0x18, 0x30, 0x00, 0x18, 0x30,
  0x00, 0x18, 0x30, 0x00, 0x18, 0x30, 0x00, 0x18, 0x30, 0x00, 0x18, 0x30, 0x00, 0x18, 0x30, 0x00,
  0x18, 0x30, 0x03, 0x06, 0x00, 0x03, 0x06, 0x00, 0x03, 0x06, 0x00, 0x03, 0x06, 0x00, 0x03, 0x06,
  0x00, 0x03, 0x06, 0x00, 0x03, 0x06, 0x00, 0x03, 0x06, 0x00, 0x03, 0x06, 0x00, 0x03, 0x06, 0x00,
  0x03, 0x06, 0x00, 0x03, 0x06, 0x00, 0xFF, 0xFF, 0x3F, 0xFF, 0xFF, 0x3F, 0xFF, 0xFF, 0x3F, 0xFF,
  0xFF, 0x3F, 0x03, 0x00, 0x00, 0x03, 0x00, 0x00, 0x0F, 0x00, 0x00, 0x3F, 0x00, 0x00, 0x70, 0x00,
  0x00, 0x60, 0x00, 0x00, 0xC0, 0x00, 0x00, 0xC0, 0x00, 0x00, 0xC0, 0x00, 0x00, 0xC0, 0x00, 0x00,
  0xC0, 0x00, 0x00, 0xE0, 0x00, 0x00, 0x60, 0x00, 0x00, 0x70, 0x00, 0x00, 0x3F, 0x00, 0x00, 0x0F,
  0x00, 0x00, 0x00, 0x00, 0x3E, 0x00, 0x80, 0x3F, 0x00, 0xC0, 0x03, 0x00, 0xC0, 0x00, 0x00, 0xE0,
  0x00, 0x00, 0x60, 0x00, 0x00, 0x60, 0x00, 0x00, 0x60, 0x00, 0x00, 0x60, 0x00, 0x00, 0x60, 0x00,
  0x00, 0xC0, 0x00, 0x00, 0xC0, 0x03, 0x00, 0x80, 0x3F, 0x00, 0x00, 0x3E, 0x00, 0x00, 0x30, 0x00,
  0x00, 0x30, 0xFF, 0xFF, 0x3F, 0xFF, 0xFF, 0x3F, 0xFF, 0xFF, 0x3F, 0xFF, 0xFF, 0x3F, 0x00, 0x00,
  0x30, 0x00, 0x00, 0x30, 0x00, 0x00, 0x3E, 0x00, 0x80, 0x3F, 0x00, 0xC0, 0x03, 0x00, 0xC0, 0x00,
  0x00, 0x60, 0x00, 0x00, 0x60, 0x00, 0x00, 0x60, 0x00, 0x00, 0x60, 0x00, 0x00, 0x60, 0x00, 0x00,
  0xE0, 0x00, 0x00, 0xC0, 0x00, 0x00, 0xC0, 0x03, 0x00, 0x80, 0x3F, 0x00, 0x00, 0x3E, 0x0F, 0x00,
  0x00, 0x3F, 0x00, 0x00, 0x70, 0x00, 0x00, 0x60, 0x00, 0x00, 0xE0, 0x00, 0x00, 0xC0, 0x00, 0x00,
  0xC0, 0x00, 0x00, 0xC0, 0x00, 0x00, 0xC0, 0x00, 0x00, 0xC0, 0x00, 0x00, 0x60, 0x00, 0x00, 0x70,
  0x00, 0x00, 0x3F, 0x00, 0x00, 0x0F, 0x00, 0x00, 0x03, 0x00, 0x00, 0x03, 0x00, 0x00, 0xFF, 0xFF,
  0x3F, 0xFF, 0xFF, 0x3F, 0xFF, 0xFF, 0x3F, 0xFF, 0xFF, 0x3F, 0x07, 0x00, 0x00, 0x1F, 0x00, 0x00,
  0x3C, 0x00, 0x00, 0xF0, 0x00, 0x00, 0xE0, 0x03, 0x00, 0x80, 0x07, 0x00, 0x00, 0x1E, 0x00, 0x00,
  0x1E, 0x00, 0x80, 0x07, 0x00, 0xE0, 0x03, 0x00, 0xF0, 0x00, 0x00, 0x3C, 0x00, 0x00, 0x1F, 0x00,
  0x00, 0x07, 0x00, 0x00, 0x01, 0x00, 0x00, 0x00, 0x00, 0x20, 0x00, 0x00, 0x38, 0x00, 0x00, 0x3E,
  0x00, 0x00, 0x0F, 0x00, 0xC0, 0x03, 0x00, 0xF0, 0x01, 0x00, 0x78, 0x00, 0x00, 0x1E, 0x00, 0x00,
  0x1E, 0x00, 0x00, 0x78, 0x00, 0x00, 0xF0, 0x01, 0x00, 0xC0, 0x03, 0x00, 0x00, 0x0F, 0x00, 0x00,
  0x3E, 0x00, 0x00, 0x38, 0xFF, 0xFF, 0x3F, 0xFF, 0xFF, 0x3F, 0xFF, 0xFF, 0x3F, 0xFF, 0xFF, 0x3F,
  0x00, 0x00, 0x38, 0x00, 0x00, 0x3E, 0x00, 0x00, 0x0F, 0x00, 0xC0, 0x03, 0x00, 0xF0, 0x01, 0x00,
  0x78, 0x00, 0x00, 0x1E, 0x00, 0x00, 0x1E, 0x00, 0x00, 0x78, 0x00, 0x00, 0xF0, 0x01, 0x00, 0xC0,
  0x03, 0x00, 0x00, 0x0F, 0x00, 0x00, 0x3E, 0x00, 0x00, 0x38, 0x00, 0x00, 0x20, 0x01, 0x00, 0x00,
  0x07, 0x00, 0x00, 0x1F, 0x00, 0x00, 0x3C, 0x00, 0x00, 0xF0, 0x00, 0x00, 0xE0, 0x03, 0x00, 0x80,
  0x07, 0x00, 0x00, 0x1E, 0x00, 0x00, 0x1E, 0x00, 0x80, 0x07, 0x00, 0xE0, 0x03, 0x00, 0xF0, 0x00,
  0x00, 0x3C, 0x00, 0x00, 0x1F, 0x00, 0x00, 0x07, 0x00, 0x00, 0xFF, 0xFF, 0x3F, 0xFF, 0xFF, 0x3F,
  0xF0, 0x07, 0x00, 0xFC, 0x1F, 0x00, 0x0E, 0x1C, 0x00, 0x06, 0x00, 0x00, 0x03, 0x00, 0x00, 0x03,
  0x00, 0x00, 0x03, 0x00, 0x00, 0x03, 0x00, 0x00, 0x07, 0x00, 0x00, 0x06, 0x00, 0x00, 0x1E, 0x00,
  0x00, 0x7C, 0x00, 0x00, 0xF8, 0x01, 0x00, 0xE0, 0x1F, 0x00, 0x00, 0xFF, 0x01, 0x00, 0xF8, 0x1F,
  0x00, 0x80, 0x3F, 0xFF, 0xFF, 0x3F, 0xFF, 0xFF, 0x3F, 0xFF, 0xFF, 0x3F, 0xFF, 0xFF, 0x3F, 0x00,
  0x80, 0x3F, 0x00, 0xF8, 0x1F, 0x00, 0xFF, 0x01, 0xE0, 0x1F, 0x00, 0xF8, 0x01, 0x00, 0x7C, 0x00,
  0x00, 0x1E, 0x00, 0x00, 0x06, 0x00, 0x00, 0x07, 0x00, 0x00, 0x03, 0x00, 0x00, 0x03, 0x00, 0x00,
  0x03, 0x00, 0x00, 0x03, 0x00, 0x00, 0x06, 0x00, 0x00, 0x0E, 0x1C, 0x00, 0xFC, 0x1F, 0x00, 0xF0,
  0x07, 0x00, 0x00, 0xF8, 0x03, 0x00, 0xFE, 0x0F, 0x00, 0x0E, 0x1C, 0x00, 0x00, 0x38, 0x00, 0x00,
  0x30, 0x00, 0x00, 0x30, 0x00, 0x00, 0x30, 0x00, 0x00, 0x30, 0x00, 0x00, 0x38, 0x00, 0x00, 0x18,
  0x00, 0x00, 0x1E, 0x00, 0x80, 0x0F, 0x00, 0xE0, 0x07, 0x00, 0xFE, 0x01, 0xE0, 0x3F, 0x00, 0xFE,
  0x07, 0x00, 0x7F, 0x00, 0x00, 0xFF, 0xFF, 0x3F, 0xFF, 0xFF, 0x3F, 0xFF, 0xFF, 0x3F, 0xFF, 0xFF,
  0x3F, 0x7F, 0x00, 0x00, 0xFE, 0x07, 0x00, 0xE0, 0x3F, 0x00, 0x00, 0xFE, 0x01, 0x00, 0xE0, 0x07,
  0x00, 0x80, 0x0F, 0x00, 0x00, 0x1E, 0x00, 0x00, 0x18, 0x00, 0x00, 0x38, 0x00, 0x00, 0x30, 0x00,
  0x00, 0x30, 0x00, 0x00, 0x30, 0x00, 0x00, 0x30, 0x00, 0x00, 0x18, 0x00, 0x0E, 0x1C, 0x00, 0xFE,
  0x0F, 0x00, 0xF8, 0x03, 0x01, 0x00, 0x00, 0x07, 0x00, 0x00, 0x1F, 0x00, 0x00, 0x7C, 0x00, 0x00,
  0xF0, 0x01, 0x00, 0xC0, 0x07, 0x00, 0x00, 0x1F, 0x00, 0x00, 0x7F, 0x00, 0x00, 0xF3, 0x01, 0x00,
  0xC3, 0x07, 0x00, 0x03, 0x1F, 0x00, 0x03, 0x3C, 0x00, 0x03, 0x1F, 0x00, 0xC3, 0x07, 0x00, 0xF3,
  0x01, 0x00, 0x7F, 0x00, 0x00, 0x1F, 0x00, 0xC0, 0x07, 0x00, 0xF0, 0x01, 0x00, 0x7C, 0x00, 0x00,
  0x1F, 0x00, 0x00, 0x07, 0x00, 0x00, 0x01, 0x00, 0x00, 0x00, 0x00, 0x20, 0x00, 0x00, 0x38, 0x00,
  0x00, 0x3E, 0x00, 0x80, 0x0F, 0x00, 0xE0, 0x03, 0x00, 0xF8, 0x00, 0x00, 0x3E, 0x00, 0x80, 0x1F,
  0x00, 0xE0, 0x1B, 0x00, 0xF8, 0x18, 0x00, 0x3E, 0x18, 0x00, 0x0F, 0x18, 0x00, 0x3E, 0x18, 0x00,
  0xF8, 0x18, 0x00, 0xE0, 0x1B, 0x00, 0x80, 0x1F, 0x00, 0x00, 0x3E, 0x00, 0x00, 0xF8, 0x00, 0x00,
  0xE0, 0x03, 0x00, 0x80, 0x0F, 0x00, 0x00, 0x3E, 0x00, 0x00, 0x38, 0x00, 0x00, 0x20, 0x07, 0x00,
  0x38, 0x06, 0x00, 0x18, 0x0E, 0x00, 0x1C, 0x0C, 0x00, 0x0C, 0x1C, 0x00, 0x0E, 0x18, 0x00, 0x06,
  0x38, 0x00, 0x07, 0xF0, 0xFF, 0x03, 0xF0, 0xFF, 0x03, 0x60, 0x80, 0x01, 0xE0, 0xC0, 0x01, 0xC0,
  0xC0, 0x00, 0xC0, 0xE1, 0x00, 0x80, 0x61, 0x00, 0x00, 0x33, 0x00, 0x00, 0x33, 0x00, 0x00, 0x1E,
  0x00, 0x00, 0x1E, 0x00, 0x00, 0x0C, 0x00, 0x00, 0x0C, 0x00, 0x03, 0x00, 0x38, 0x07, 0x00, 0x38,
  0x86, 0x1F, 0x1C, 0x8E, 0x1F, 0x0C, 0x0C, 0x00, 0x0E, 0x1C, 0x00, 0x06, 0x18, 0x00, 0x07, 0xF8,
  0xFF, 0x03, 0xF0, 0xFF, 0x03, 0x70, 0x80, 0x01, 0x60, 0xC0, 0x00, 0xE0, 0xC0, 0x00, 0xC0, 0x60,
  0x00, 0xC0, 0x61, 0x00, 0x80, 0x31, 0x00, 0x80, 0x33, 0x00, 0x00, 0x1B, 0x00, 0x00, 0x0F, 0x00,
  0x00, 0x0E, 0x00, 0x00, 0x06, 0x00, 0x07, 0x00, 0x38, 0x06, 0x0E, 0x18, 0x0E, 0x0E, 0x1C, 0x0C,
  0x0E, 0x0C, 0x1C, 0x00, 0x0E, 0x18, 0x00, 0x06, 0x38, 0x00, 0x07, 0xF0, 0xFF, 0x03, 0xF0, 0xFF,
  0x01, 0x60, 0x80, 0x01, 0xE0, 0xC0, 0x00, 0xC0, 0xC0, 0x00, 0xC0, 0x61, 0x00, 0x80, 0x61, 0x00,
  0x80, 0x33, 0x00, 0x00, 0x33, 0x00, 0x00, 0x1F, 0x00, 0x00, 0x1E, 0x00, 0x00, 0x0E, 0x00, 0x00,
  0x04, 0x00, 0x00, 0x0C, 0x00, 0x00, 0x0C, 0x00, 0x00, 0x1E, 0x00, 0x00, 0x1E, 0x00, 0x00, 0x33,
  0x00, 0x00, 0x33, 0x00, 0x80, 0x61, 0x00, 0xC0, 0xE1, 0x00, 0xC0, 0xC0, 0x00, 0xE0, 0xC0, 0x01,
  0x60, 0x80, 0x01, 0xF0, 0xFF, 0x03, 0xF0, 0xFF, 0x03, 0x38, 0x00, 0x07, 0x18, 0x00, 0x06, 0x1C,
  0x00, 0x0E, 0x0C, 0x00, 0x0C, 0x0E, 0x00, 0x1C, 0x06, 0x00, 0x18, 0x07, 0x00, 0x38, 0x01, 0x00,
  0x00, 0x07, 0x00, 0x00, 0x1F, 0x00, 0x00, 0x7C, 0x00, 0x00, 0xF8, 0x01, 0x00, 0xD8, 0x07, 0x00,
  0x18, 0x1F, 0x00, 0x18, 0x7C, 0x00, 0x18, 0xF0, 0x01, 0x18, 0xC0, 0x07, 0x18, 0x00, 0x1F, 0x18,
  0x00, 0x3C, 0x18, 0x00, 0x1F, 0x18, 0xC0, 0x07, 0x18, 0xF0, 0x01, 0x18, 0x7C, 0x00, 0x18, 0x1F,
  0x00, 0xD8, 0x07, 0x00, 0xF8, 0x01, 0x00, 0x7C, 0x00, 0x00, 0x1F, 0x00, 0x00, 0x07, 0x00, 0x00,
  0x01, 0x00, 0x00, 0x00, 0x00, 0x20, 0x00, 0x00, 0x38, 0x00, 0x00, 0x3E, 0x00, 0x80, 0x0F, 0x00,
  0xE0, 0x07, 0x00, 0xF8, 0x06, 0x00, 0x3E, 0x06, 0x80, 0x0F, 0x06, 0xE0, 0x03, 0x06, 0xF8, 0x00,
  0x06, 0x3E, 0x00, 0x06, 0x0F, 0x00, 0x06, 0x3E, 0x00, 0x06, 0xF8, 0x00, 0x06, 0xE0, 0x03, 0x06,
  0x80, 0x0F, 0x06, 0x00, 0x3E, 0x06, 0x00, 0xF8, 0x06, 0x00, 0xE0, 0x07, 0x00, 0x80, 0x0F, 0x00,
  0x00, 0x3E, 0x00, 0x00, 0x38, 0x00, 0x00, 0x20, 0x07, 0x00, 0x38, 0x07, 0x00, 0x38, 0x0E, 0x00,
  0x1C, 0xFE, 0xFF, 0x1F, 0xFC, 0xFF, 0x0F, 0x1C, 0x00, 0x0E, 0x38, 0x00, 0x07, 0x30, 0x00, 0x03,
  0x70, 0x80, 0x03, 0x60, 0x80, 0x01, 0xE0, 0xC0, 0x01, 0xC0, 0xC0, 0x00, 0xC0, 0xE1, 0x00, 0x80,
  0x61, 0x00, 0x80, 0x73, 0x00, 0x00, 0x33, 0x00, 0x00, 0x3F, 0x00, 0x00, 0x1E, 0x00, 0x00, 0x1E,
  0x00, 0x00, 0x0C, 0x00, 0x03, 0x00, 0x30, 0x07, 0x00, 0x38, 0x06, 0x00, 0x18, 0xFE, 0xFF, 0x1F,
  0xFC, 0xFF, 0x0F, 0x1C, 0x00, 0x0E, 0x38, 0x00, 0x07, 0x38, 0x1E, 0x03, 0x70, 0x9E, 0x03, 0x60,
  0x80, 0x01, 0xE0, 0xC0, 0x01, 0xC0, 0xC0, 0x00, 0xC0, 0xE1, 0x00, 0x80, 0x61, 0x00, 0x80, 0x73,
  0x00, 0x00, 0x33, 0x00, 0x00, 0x3F, 0x00, 0x00, 0x1E, 0x00, 0x00, 0x1E, 0x00, 0x00, 0x0C, 0x00,
  0x03, 0x00, 0x38, 0x07, 0x00, 0x38, 0x06, 0x00, 0x1C, 0xFE, 0xFF, 0x0F, 0xFC, 0xFF, 0x0F, 0x1C,
  0x00, 0x06, 0x18, 0x00, 0x07, 0x38, 0x00, 0x03, 0x38, 0x87, 0x01, 0x70, 0x87, 0x01, 0x70, 0xC7,
  0x00, 0xE0, 0xC0, 0x00, 0xE0, 0x60, 0x00, 0xC0, 0x61, 0x00, 0xC0, 0x31, 0x00, 0x80, 0x13, 0x00,
  0x80, 0x1B, 0x00, 0x00, 0x0F, 0x00, 0x00, 0x0F, 0x00, 0x00, 0x06, 0x00, 0x00, 0x0C, 0x00, 0x00,
  0x1E, 0x00, 0x00, 0x1E, 0x00, 0x00, 0x3F, 0x00, 0x00, 0x33, 0x00, 0x80, 0x73, 0x00, 0x80, 0x61,
  0x00, 0xC0, 0xE1, 0x00, 0xC0, 0xC0, 0x00, 0xE0, 0xC0, 0x01, 0x60, 0x80, 0x01, 0x70, 0x80, 0x03,
  0x30, 0x00, 0x03, 0x38, 0x00, 0x07, 0x1C, 0x00, 0x0E, 0xFC, 0xFF, 0x0F, 0xFE, 0xFF, 0x1F, 0x0E,
  0x00, 0x1C, 0x07, 0x00, 0x38, 0x07, 0x00, 0x38, 0x01, 0x00, 0x00, 0x07, 0x00, 0x00, 0x1F, 0x00,
  0x00, 0x7C, 0x00, 0x00, 0xF0, 0x01, 0x00, 0xC0, 0x07, 0x00, 0x00, 0x1F, 0x00, 0x00, 0x7C, 0x00,
  0x00, 0xF0, 0x03, 0x00, 0x80, 0x0F, 0xFF, 0xFF, 0x3F, 0xFF, 0xFF, 0x3F, 0x00, 0x80, 0x0F, 0x00,
  0xE0, 0x03, 0x00, 0xF8, 0x00, 0x00, 0x3E, 0x00, 0x80, 0x0F, 0x00, 0xE0, 0x03, 0x00, 0xF8, 0x00,
  0x00, 0x3E, 0x00, 0x00, 0x0F, 0x00, 0x00, 0x03, 0x00, 0x00, 0x00, 0x00, 0x00, 0x00, 0x00, 0x20,
  0x00, 0x00, 0x38, 0x00, 0x00, 0x3E, 0x00, 0x80, 0x0F, 0x00, 0xE0, 0x03, 0x00, 0xF8, 0x00, 0x00,
  0x3E, 0x00, 0x80, 0x0F, 0x00, 0xF0, 0x03, 0x00, 0x7C, 0x00, 0x00, 0xFF, 0xFF, 0x3F, 0xFF, 0xFF,
  0x3F, 0x7C, 0x00, 0x00, 0xF0, 0x01, 0x00, 0xC0, 0x07, 0x00, 0x00, 0x1F, 0x00, 0x00, 0x7C, 0x00,
  0x00, 0xF0, 0x01, 0x00, 0xC0, 0x07, 0x00, 0x00, 0x1F, 0x00, 0x00, 0x3C, 0x00, 0x00, 0x30, 0x00,
  0x00, 0x00, 0x07, 0x0C, 0x38, 0x06, 0x0C, 0x18, 0x0E, 0x0C, 0x1C, 0x0C, 0x0C, 0x0C, 0x1C, 0x0C,
  0x0E, 0x18, 0x0C, 0x06, 0x38, 0x0C, 0x07, 0x30, 0x0C, 0x03, 0x70, 0x8C, 0x03, 0x60, 0x8C, 0x01,
  0xE0, 0xCC, 0x01, 0xC0, 0xCC, 0x00, 0xC0, 0xED, 0x00, 0x80, 0x6D, 0x00, 0x80, 0x3F, 0x00, 0x00,
  0x3F, 0x00, 0x00, 0x1E, 0x00, 0x00, 0x1E, 0x00, 0x00, 0x0C, 0x00, 0x00, 0x0C, 0x00, 0x07, 0x0C,
  0x38, 0x06, 0x0C, 0x18, 0x0E, 0x0C, 0x1C, 0x0C, 0x0C, 0x0C, 0x1C, 0x3F, 0x0E, 0x18, 0x3F, 0x06,
  0x38, 0x0C, 0x07, 0x30, 0x0C, 0x03, 0x70, 0x8C, 0x03, 0x60, 0x8C, 0x01, 0xE0, 0xCC, 0x01, 0xC0,
  0xCC, 0x00, 0xC0, 0xED, 0x00, 0x80, 0x6D, 0x00, 0x80, 0x7F, 0x00, 0x00, 0x3F, 0x00, 0x00, 0x3F,
  0x00, 0x00, 0x1E, 0x00, 0x00, 0x1E, 0x00, 0x00, 0x0C, 0x00, 0x07, 0x0C, 0x38, 0x06, 0x0C, 0x18,
  0x0E, 0x0C, 0x1C, 0x0C, 0x1E, 0x0C, 0x1C, 0x1E, 0x0E, 0x18, 0x3F, 0x06, 0x38, 0x3F, 0x07, 0x30,
  0x1E, 0x03, 0x70, 0x8E, 0x03, 0x60, 0x8C, 0x01, 0xE0, 0xCC, 0x01, 0xC0, 0xCC, 0x00, 0xC0, 0xED,
  0x00, 0x80, 0x6D, 0x00, 0x80, 0x3F, 0x00, 0x00, 0x3F, 0x00, 0x00, 0x1E, 0x00, 0x00, 0x1E, 0x00,
  0x00, 0x0C, 0x00, 0x00, 0x0C, 0x00, 0x00, 0x0C, 0x00, 0x00, 0x1E, 0x00, 0x00, 0x1E, 0x00, 0x00,
  0x3F, 0x00, 0x00, 0x3F, 0x00, 0x80, 0x7F, 0x00, 0x80, 0x6D, 0x00, 0xC0, 0xED, 0x00, 0xC0, 0xCC,
  0x00, 0xE0, 0xCC, 0x01, 0x60, 0x8C, 0x01, 0x70, 0x8C, 0x03, 0x30, 0x0C, 0x03, 0x38, 0x0C, 0x07,
  0x18, 0x0C, 0x06, 0x1C, 0x0C, 0x0E, 0x0C, 0x0C, 0x0C, 0x0E, 0x0C, 0x1C, 0x06, 0x0C, 0x18, 0x07,
  0x0C, 0x38, 0x01, 0x00, 0x00, 0x07, 0x00, 0x00, 0x1F, 0x00, 0x00, 0x7C, 0x00, 0x00, 0xF0, 0x01,
  0x00, 0xC0, 0x07, 0x00, 0xC0, 0x1F, 0x00, 0xC0, 0x7C, 0x00, 0xC0, 0xF0, 0x01, 0xC0, 0x80, 0x0F,
  0xFF, 0xFF, 0x3F, 0xFF, 0xFF, 0x3F, 0xC0, 0x80, 0x0F, 0xC0, 0xE0, 0x03, 0xC0, 0xF8, 0x00, 0xC0,
  0x3E, 0x00, 0xC0, 0x0F, 0x00, 0xE0, 0x03, 0x00, 0xF8, 0x00, 0x00, 0x3E, 0x00, 0x00, 0x0F, 0x00,
  0x00, 0x03, 0x00, 0x00, 0x00, 0x00, 0x00, 0x00, 0x00, 0x20, 0x00, 0x00, 0x38, 0x00, 0x00, 0x3E,
  0x00, 0x80, 0x0F, 0x00, 0xE0, 0x03, 0x00, 0xF8, 0x00, 0x00, 0x7E, 0x00, 0x80, 0x6F, 0x00, 0xF0,
  0x63, 0x00, 0x7C, 0x60, 0x00, 0xFF, 0xFF, 0x3F, 0xFF, 0xFF, 0x3F, 0x7C, 0x60, 0x00, 0xF0, 0x61,
  0x00, 0xC0, 0x67, 0x00, 0x00, 0x7F, 0x00, 0x00, 0x7C, 0x00, 0x00, 0xF0, 0x01, 0x00, 0xC0, 0x07,
  0x00, 0x00, 0x1F, 0x00, 0x00, 0x3C, 0x00, 0x00, 0x30, 0x00, 0x00, 0x00, 0x07, 0x0C, 0x38, 0x06,
  0x0C, 0x18, 0x0E, 0x0C, 0x1C, 0x0C, 0x0C, 0x0C, 0x1C, 0x0C, 0x0E, 0x18, 0x0C, 0x06, 0x38, 0x0C,
  0x07, 0xF0, 0xFF, 0x03, 0xF0, 0xFF, 0x03, 0x60, 0x8C, 0x01, 0xE0, 0xCC, 0x01, 0xC0, 0xCC, 0x00,
  0xC0, 0xED, 0x00, 0x80, 0x6D, 0x00, 0x80, 0x3F, 0x00, 0x00, 0x3F, 0x00, 0x00, 0x1E, 0x00, 0x00,
  0x1E, 0x00, 0x00, 0x0C, 0x00, 0x00, 0x0C, 0x00, 0x07, 0x0C, 0x38, 0x07, 0x0C, 0x38, 0x0E, 0x0C,
  0x1C, 0x0E, 0x3F, 0x1C, 0x1C, 0x3F, 0x0E, 0x1C, 0x0C, 0x0E, 0x38, 0x0C, 0x07, 0x30, 0x0C, 0x03,
  0xF0, 0xFF, 0x03, 0xE0, 0xFF, 0x01, 0xE0, 0xCC, 0x01, 0xC0, 0xCC, 0x00, 0xC0, 0xED, 0x00, 0x80,
  0x6D, 0x00, 0x80, 0x7F, 0x00, 0x00, 0x3F, 0x00, 0x00, 0x3F, 0x00, 0x00, 0x1E, 0x00, 0x00, 0x1E,
  0x00, 0x00, 0x0C, 0x00, 0x07, 0x0C, 0x38, 0x07, 0x0C, 0x38, 0x0E, 0x0C, 0x1C, 0x0E, 0x1E, 0x1C,
  0x1C, 0x1E, 0x0E, 0x1C, 0x1E, 0x0E, 0x38, 0x0C, 0x07, 0x30, 0x0C, 0x03, 0xF0, 0xFF, 0x03, 0xE0,
  0xFF, 0x01, 0xE0, 0xCC, 0x01, 0xC0, 0xCC, 0x00, 0xC0, 0xED, 0x00, 0x80, 0x6D, 0x00, 0x80, 0x7F,
  0x00, 0x00, 0x3F, 0x00, 0x00, 0x3F, 0x00, 0x00, 0x1E, 0x00, 0x00, 0x1E, 0x00, 0x00, 0x0C, 0x00,
  0x00, 0x0C, 0x00, 0x00, 0x0C, 0x00, 0x00, 0x1E, 0x00, 0x00, 0x1E, 0x00, 0x00, 0x3F, 0x00, 0x00,
  0x3F, 0x00, 0x80, 0x6D, 0x00, 0xC0, 0xED, 0x00, 0xC0, 0xCC, 0x00, 0xE0, 0xCC, 0x01, 0x60, 0x8C,
  0x01, 0xF0, 0xFF, 0x03, 0xF0, 0xFF, 0x03, 0x38, 0x0C, 0x07, 0x18, 0x0C, 0x06, 0x1C, 0x0C, 0x0E,
  0x0C, 0x0C, 0x0C, 0x0E, 0x0C, 0x1C, 0x06, 0x0C, 0x18, 0x07, 0x0C, 0x38, 0xFF, 0x7F, 0x00, 0xFF,
  0xFF, 0x03, 0x03, 0x80, 0x0F, 0x03, 0x00, 0x0E, 0x03, 0x00, 0x1C, 0x03, 0x00, 0x18, 0x03, 0x00,
  0x30, 0x03, 0x00, 0x30, 0x03, 0x00, 0x30, 0x03, 0x00, 0x30, 0x03, 0x00, 0x30, 0x03, 0x00, 0x30,
  0x03, 0x00, 0x30, 0x03, 0x00, 0x30, 0x03, 0x00, 0x18, 0x03, 0x00, 0x1C, 0x03, 0x00, 0x0E, 0x03,
  0x80, 0x07, 0xFF, 0xFF, 0x03, 0xFF, 0x7F, 0x00, 0x80, 0xFF, 0x3F, 0xF0, 0xFF, 0x3F, 0x78, 0x00,
  0x30, 0x1C, 0x00, 0x30, 0x0E, 0x00, 0x30, 0x06, 0x00, 0x30, 0x07, 0x00, 0x30, 0x03, 0x00, 0x30,
  0x03, 0x00, 0x30, 0x03, 0x00, 0x30, 0x03, 0x00, 0x30, 0x03, 0x00, 0x30, 0x03, 0x00, 0x30, 0x03,
  0x00, 0x30, 0x06, 0x00, 0x30, 0x0E, 0x00, 0x30, 0x1C, 0x00, 0x30, 0x7C, 0x00, 0x30, 0xF0, 0xFF,
  0x3F, 0x80, 0xFF, 0x3F, 0xFF, 0xFF, 0x3F, 0xFF, 0xFF, 0x3F, 0x03, 0x00, 0x30, 0x03, 0x00, 0x30,
  0x03, 0x00, 0x30, 0x03, 0x00, 0x30, 0x03, 0x00, 0x30, 0x03, 0x00, 0x30, 0x03, 0x00, 0x30, 0x03,
  0x00, 0x30, 0x03, 0x00, 0x30, 0x03, 0x00, 0x30, 0x07, 0x00, 0x38, 0x06, 0x00, 0x18, 0x06, 0x00,
  0x18, 0x1C, 0x00, 0x0C, 0x7C, 0x80, 0x0F, 0xF0, 0xFF, 0x03, 0xC0, 0xFF, 0x00, 0xFF, 0xFF, 0x3F,
  0xFF, 0xFF, 0x3F, 0x03, 0x00, 0x30, 0x03, 0x00, 0x30, 0x03, 0x00, 0x30, 0x03, 0x00, 0x30, 0x03,
  0x00, 0x30, 0x03, 0x00, 0x30, 0xC3, 0x3F, 0x30, 0xC3, 0x3F, 0x30, 0x03, 0x00, 0x30, 0x03, 0x00,
  0x30, 0x07, 0x00, 0x38, 0x06, 0x00, 0x18, 0x06, 0x00, 0x18, 0x1C, 0x00, 0x0C, 0x7C, 0x80, 0x0F,
  0xF0, 0xFF, 0x03, 0xC0, 0xFF, 0x00, 0xFF, 0xFF, 0x3F, 0xFF, 0xFF, 0x3F, 0x03, 0x00, 0x30, 0x03,
  0x00, 0x30, 0x03, 0x00, 0x30, 0x03, 0x00, 0x30, 0x03, 0x00, 0x30, 0x03, 0x0C, 0x30, 0x03, 0x0E,
  0x30, 0x03, 0x0E, 0x30, 0x03, 0x0C, 0x30, 0x03, 0x00, 0x30, 0x07, 0x00, 0x38, 0x06, 0x00, 0x18,
  0x06, 0x00, 0x18, 0x1C, 0x00, 0x0C, 0x7C, 0x80, 0x0F, 0xF0, 0xFF, 0x03, 0xC0, 0xFF, 0x00, 0xC0,
  0xFF, 0x00, 0xF0, 0xFF, 0x03, 0x3C, 0x80, 0x0F, 0x0C, 0x00, 0x0C, 0x06, 0x00, 0x18, 0x06, 0x00,
  0x18, 0x07, 0x00, 0x38, 0x03, 0x00, 0x30, 0x03, 0x00, 0x30, 0x03, 0x00, 0x30, 0x03, 0x00, 0x30,
  0x03, 0x00, 0x30, 0x03, 0x00, 0x30, 0x03, 0x00, 0x30, 0x03, 0x00, 0x30, 0x03, 0x00, 0x30, 0x03,
  0x00, 0x30, 0xFF, 0xFF, 0x3F, 0xFF, 0xFF, 0x3F, 0xFF, 0x7F, 0x00, 0xFF, 0xFF, 0x03, 0x07, 0x80,
  0x0F, 0x0E, 0x00, 0x0E, 0x0C, 0x00, 0x1C, 0x1C, 0x00, 0x18, 0x18, 0x00, 0x30, 0x38, 0x00, 0x30,
  0x30, 0x00, 0x30, 0x70, 0x00, 0x30, 0x70, 0x00, 0x30, 0x30, 0x00, 0x30, 0x38, 0x00, 0x30, 0x18,
  0x00, 0x30, 0x1C, 0x00, 0x18, 0x0C, 0x00, 0x1C, 0x0E, 0x00, 0x0E, 0x07, 0x80, 0x07, 0xFF, 0xFF,
  0x03, 0xFF, 0x7F, 0x00, 0x80, 0xFF, 0x3F, 0xF0, 0xFF, 0x3F, 0x78, 0x00, 0x38, 0x1C, 0x00, 0x1C,
  0x0E, 0x00, 0x0C, 0x06, 0x00, 0x0E, 0x07, 0x00, 0x06, 0x03, 0x00, 0x07, 0x03, 0x00, 0x03, 0x03,
  0x80, 0x03, 0x03, 0x80, 0x03, 0x03, 0x00, 0x03, 0x03, 0x00, 0x07, 0x03, 0x00, 0x06, 0x06, 0x00,
  0x0E, 0x0E, 0x00, 0x0C, 0x1C, 0x00, 0x1C, 0x7C, 0x00, 0x38, 0xF0, 0xFF, 0x3F, 0x80, 0xFF, 0x3F,
  0x07, 0x00, 0x38, 0x3F, 0x00, 0x3F, 0xFF, 0xC0, 0x3F, 0xF3, 0xF3, 0x33, 0x83, 0x7F, 0x30, 0x03,
  0x1E, 0x30, 0x03, 0x00, 0x30, 0x03, 0x00, 0x30, 0x03, 0x00, 0x30, 0x03, 0x00, 0x30, 0x03, 0x00,
  0x30, 0x03, 0x00, 0x30, 0x03, 0x00, 0x30, 0x07, 0x00, 0x38, 0x06, 0x00, 0x18, 0x06, 0x00, 0x18,
  0x0C, 0x00, 0x0C, 0x7C, 0x00, 0x0F, 0xF0, 0xFF, 0x03, 0xC0, 0xFF, 0x00, 0x03, 0x00, 0x30, 0x0F,
  0x00, 0x3E, 0x3F, 0x80, 0x3F, 0xFB, 0xF0, 0x37, 0xE3, 0xFF, 0x30, 0x83, 0x3F, 0x30, 0x03, 0x06,
  0x30, 0x03, 0x00, 0x30, 0x03, 0x00, 0x30, 0x03, 0x00, 0x30, 0x03, 0x00, 0x30, 0xC3, 0x3F, 0x30,
  0xC3, 0x3F, 0x30, 0x03, 0x00, 0x30, 0x07, 0x00, 0x18, 0x06, 0x00, 0x18, 0x06, 0x00, 0x18, 0x0C,
  0x00, 0x0C, 0x7C, 0x80, 0x0F, 0xF0, 0xFF, 0x03, 0xC0, 0xFF, 0x00, 0x03, 0x00, 0x30, 0x0F, 0x00,
  0x3E, 0x7F, 0x80, 0x3F, 0xFB, 0xF1, 0x37, 0xE3, 0xFF, 0x30, 0x03, 0x3F, 0x30, 0x03, 0x04, 0x30,
  0x03, 0x00, 0x30, 0x03, 0x00, 0x30, 0x03, 0x00, 0x30, 0x03, 0x0C, 0x30, 0x03, 0x0E, 0x30, 0x03,
  0x0E, 0x30, 0x03, 0x0C, 0x30, 0x07, 0x00, 0x18, 0x06, 0x00, 0x18, 0x06, 0x00, 0x18, 0x0C, 0x00,
  0x0C, 0x7C, 0x80, 0x0F, 0xF0, 0xFF, 0x03, 0xC0, 0xFF, 0x00, 0xC0, 0xFF, 0x00, 0xF0, 0xFF, 0x03,
  0x3C, 0x80, 0x0F, 0x0C, 0x00, 0x0C, 0x06, 0x00, 0x18, 0x06, 0x00, 0x18, 0x07, 0x00, 0x38, 0x03,
  0x00, 0x30, 0x03, 0x00, 0x30, 0x03, 0x00, 0x30, 0x03, 0x00, 0x30, 0x03, 0x00, 0x30, 0x03, 0x00,
  0x30, 0x03, 0x00, 0x30, 0x03, 0x00, 0x30, 0x03, 0x3F, 0x30, 0xC3, 0xFF, 0x30, 0xFB, 0xE1, 0x37,
  0x7F, 0x80, 0x3F, 0x0F, 0x00, 0x3C, 0x03, 0x00, 0x30, 0xFF, 0x7F, 0x00, 0xFF, 0xFF, 0x03, 0x18,
  0x80, 0x0F, 0x18, 0x00, 0x0E, 0x18, 0x00, 0x1C, 0x18, 0x00, 0x18, 0x18, 0x00, 0x30, 0x18, 0x00,
  0x30, 0x18, 0x00, 0x30, 0x18, 0x00, 0x30, 0x18, 0x00, 0x30, 0x18, 0x00, 0x30, 0x18, 0x00, 0x30,
  0x18, 0x00, 0x30, 0x18, 0x00, 0x18, 0x18, 0x00, 0x1C, 0x18, 0x00, 0x0E, 0x18, 0x80, 0x07, 0xFF,
  0xFF, 0x03, 0xFF, 0x7F, 0x00, 0x80, 0xFF, 0x3F, 0xF0, 0xFF, 0x3F, 0x78, 0x00, 0x03, 0x1C, 0x00,
  0x03, 0x0E, 0x00, 0x03, 0x06, 0x00, 0x03, 0x07, 0x00, 0x03, 0x03, 0x00, 0x03, 0x03, 0x00, 0x03,
  0x03, 0x00, 0x03, 0x03, 0x00, 0x03, 0x03, 0x00, 0x03, 0x03, 0x00, 0x03, 0x03, 0x00, 0x03, 0x06,
  0x00, 0x03, 0x0E, 0x00, 0x03, 0x1C, 0x00, 0x03, 0x7C, 0x00, 0x03, 0xF0, 0xFF, 0x3F, 0x80, 0xFF,
  0x3F, 0x03, 0x00, 0x30, 0x03, 0x00, 0x30, 0x03, 0x00, 0x30, 0xFF, 0xFF, 0x3F, 0xFF, 0xFF, 0x3F,
  0x03, 0x00, 0x30, 0x03, 0x00, 0x30, 0x03, 0x00, 0x30, 0x03, 0x00, 0x30, 0x03, 0x00, 0x30, 0x03,
  0x00, 0x30, 0x03, 0x00, 0x30, 0x03, 0x00, 0x30, 0x03, 0x00, 0x30, 0x03, 0x00, 0x30, 0x07, 0x00,
  0x38, 0x06, 0x00, 0x18, 0x06, 0x00, 0x18, 0x0C, 0x00, 0x0C, 0x7C, 0x80, 0x0F, 0xF0, 0xFF, 0x03,
  0xC0, 0xFF, 0x00, 0x03, 0x00, 0x30, 0x03, 0x00, 0x30, 0x03, 0x00, 0x30, 0xFF, 0xFF, 0x3F, 0xFF,
  0xFF, 0x3F, 0x03, 0x00, 0x30, 0x03, 0x00, 0x30, 0x03, 0x00, 0x30, 0x03, 0x00, 0x30, 0x03, 0x00,
  0x30, 0x03, 0x00, 0x30, 0xC3, 0x3F, 0x30, 0xC3, 0x3F, 0x30, 0x03, 0x00, 0x30, 0x03, 0x00, 0x30,
  0x06, 0x00, 0x18, 0x06, 0x00, 0x18, 0x0E, 0x00, 0x1C, 0x1C, 0x00, 0x0E, 0x78, 0x80, 0x07, 0xF0,
  0xFF, 0x03, 0xC0, 0xFF, 0x00, 0x03, 0x00, 0x30, 0x03, 0x00, 0x30, 0x03, 0x00, 0x30, 0xFF, 0xFF,
  0x3F, 0xFF, 0xFF, 0x3F, 0x03, 0x00, 0x30, 0x03, 0x00, 0x30, 0x03, 0x00, 0x30, 0x03, 0x00, 0x30,
  0x03, 0x00, 0x30, 0x03, 0x0E, 0x30, 0x03, 0x0E, 0x30, 0x03, 0x0E, 0x30, 0x03, 0x04, 0x30, 0x03,
  0x00, 0x30, 0x06, 0x00, 0x18, 0x06, 0x00, 0x18, 0x0E, 0x00, 0x1C, 0x1C, 0x00, 0x0E, 0x78, 0x80,
  0x07, 0xF0, 0xFF, 0x03, 0xC0, 0xFF, 0x00, 0xC0, 0xFF, 0x00, 0xF0, 0xFF, 0x03, 0x3C, 0x80, 0x0F,
  0x0C, 0x00, 0x0C, 0x06, 0x00, 0x18, 0x06, 0x00, 0x18, 0x07, 0x00, 0x38, 0x03, 0x00, 0x30, 0x03,
  0x00, 0x30, 0x03, 0x00, 0x30, 0x03, 0x00, 0x30, 0x03, 0x00, 0x30, 0x03, 0x00, 0x30, 0x03, 0x00,
  0x30, 0x03, 0x00, 0x30, 0x03, 0x00, 0x30, 0x03, 0x00, 0x30, 0xFF, 0xFF, 0x3F, 0xFF, 0xFF, 0x3F,
  0x03, 0x00, 0x30, 0x03, 0x00, 0x30, 0x03, 0x00, 0x30, 0x03, 0x00, 0x30, 0x00, 0x0C, 0x00, 0x0C,
  0x00, 0x0C, 0x00, 0x0C, 0xFF, 0x0F, 0xFF, 0x0F, 0x00, 0x0C, 0x00, 0x0C, 0x00, 0x0C, 0x00, 0x0C,
  0x00, 0x0C, 0xFF, 0xFF, 0x03, 0xFF, 0xFF, 0x0F, 0x00, 0x00, 0x1C, 0x00, 0x00, 0x38, 0x00, 0x00,
  0x30, 0x00, 0x00, 0x30, 0x00, 0x00, 0x30, 0x00, 0x00, 0x30, 0x00, 0x00, 0x30, 0x00, 0x00, 0x18,
  0x00, 0x00, 0x1C, 0xFF, 0xFF, 0x0F, 0xFF, 0xFF, 0x0F, 0x00, 0x00, 0x1C, 0x00, 0x00, 0x18, 0x00,
  0x00, 0x30, 0x00, 0x00, 0x30, 0x00, 0x00, 0x30, 0x00, 0x00, 0x30, 0x00, 0x00, 0x30, 0x00, 0x00,
  0x38, 0x00, 0x00, 0x1C, 0xFF, 0xFF, 0x0F, 0xFF, 0xFF, 0x03, 0xF0, 0xFF, 0x3F, 0xFC, 0xFF, 0x3F,
  0x0E, 0x00, 0x00, 0x07, 0x00, 0x00, 0x03, 0x00, 0x00, 0x03, 0x00, 0x00, 0x03, 0x00, 0x00, 0x03,
  0x00, 0x00, 0x03, 0x00, 0x00, 0x06, 0x00, 0x00, 0x1E, 0x00, 0x00, 0xFC, 0xFF, 0x3F, 0xFC, 0xFF,
  0x3F, 0x0E, 0x00, 0x00, 0x06, 0x00, 0x00, 0x03, 0x00, 0x00, 0x03, 0x00, 0x00, 0x03, 0x00, 0x00,
  0x03, 0x00, 0x00, 0x03, 0x00, 0x00, 0x07, 0x00, 0x00, 0x0E, 0x00, 0x00, 0xFC, 0xFF, 0x3F, 0xF0,
  0xFF, 0x3F, 0x03, 0x0C, 0x30, 0x03, 0x0C, 0x30, 0x03, 0x0C, 0x30, 0x03, 0x0C, 0x30, 0x03, 0x0C,
  0x30, 0x03, 0x0C, 0x30, 0x03, 0x0C, 0x30, 0x03, 0x0C, 0x30, 0x03, 0x0C, 0x30, 0x03, 0x0C, 0x30,
  0x03, 0x0C, 0x30, 0x03, 0x0C, 0x30, 0x03, 0x0C, 0x30, 0x03, 0x0C, 0x30, 0x07, 0x1E, 0x38, 0x0E,
  0x3F, 0x1C, 0xFC, 0xF3, 0x0F, 0xF8, 0xE0, 0x07, 0x03, 0x0C, 0x30, 0x03, 0x0C, 0x30, 0x03, 0x0C,
  0x30, 0x03, 0x0C, 0x30, 0x03, 0x0C, 0x30, 0x03, 0x0C, 0x30, 0x03, 0x0C, 0x30, 0x03, 0x0C, 0x30,
  0xC3, 0xFF, 0x30, 0xC3, 0xFF, 0x30, 0x03, 0x0C, 0x30, 0x03, 0x0C, 0x30, 0x03, 0x0C, 0x30, 0x03,
  0x0C, 0x30, 0x07, 0x1E, 0x38, 0x0E, 0x3F, 0x1C, 0xFC, 0xF3, 0x0F, 0xF8, 0xE0, 0x07, 0x03, 0x0C,
  0x30, 0x03, 0x0C, 0x30, 0x03, 0x0C, 0x30, 0x03, 0x0C, 0x30, 0x03, 0x0C, 0x30, 0x03, 0x0C, 0x30,
  0x03, 0x1E, 0x30, 0x03, 0x1F, 0x30, 0x03, 0x3F, 0x30, 0x03, 0x3F, 0x30, 0x03, 0x1F, 0x30, 0x03,
  0x1E, 0x30, 0x03, 0x0C, 0x30, 0x03, 0x0C, 0x30, 0x07, 0x1E, 0x38, 0x0E, 0x3F, 0x1C, 0xFC, 0xF3,
  0x0F, 0xF8, 0xE0, 0x07, 0xF8, 0xE0, 0x07, 0xFC, 0xF3, 0x0F, 0x0E, 0x37, 0x1C, 0x07, 0x1E, 0x18,
  0x03, 0x0C, 0x30, 0x03, 0x0C, 0x30, 0x03, 0x0C, 0x30, 0x03, 0x0C, 0x30, 0x03, 0x0C, 0x30, 0x03,
  0x0C, 0x30, 0x03, 0x0C, 0x30, 0x03, 0x0C, 0x30, 0x03, 0x0C, 0x30, 0x03, 0x0C, 0x30, 0x03, 0x0C,
  0x30, 0x03, 0x0C, 0x30, 0x03, 0x0C, 0x30, 0x03, 0x0C, 0x30, 0xFF, 0xFF, 0x03, 0xFF, 0xFF, 0x0F,
  0x03, 0x00, 0x1C, 0x03, 0x00, 0x38, 0x03, 0x00, 0x30, 0x03, 0x00, 0x30, 0x03, 0x00, 0x30, 0x03,
  0x00, 0x30, 0x03, 0x00, 0x30, 0x03, 0x00, 0x18, 0x03, 0x00, 0x1C, 0xFF, 0xFF, 0x0F, 0xFF, 0xFF,
  0x0F, 0x03, 0x00, 0x1C, 0x03, 0x00, 0x38, 0x03, 0x00, 0x30, 0x03, 0x00, 0x30, 0x03, 0x00, 0x30,
  0x03, 0x00, 0x30, 0x03, 0x00, 0x38, 0x03, 0x00, 0x1C, 0xFF, 0xFF, 0x0F, 0xFF, 0xFF, 0x03, 0xF0,
  0xFF, 0x3F, 0xFC, 0xFF, 0x3F, 0x0E, 0x00, 0x30, 0x07, 0x00, 0x30, 0x03, 0x00, 0x30, 0x03, 0x00,
  0x30, 0x03, 0x00, 0x30, 0x03, 0x00, 0x30, 0x03, 0x00, 0x30, 0x06, 0x00, 0x30, 0x1E, 0x00, 0x30,
  0xFC, 0xFF, 0x3F, 0xFC, 0xFF, 0x3F, 0x0E, 0x00, 0x30, 0x07, 0x00, 0x30, 0x03, 0x00, 0x30, 0x03,
  0x00, 0x30, 0x03, 0x00, 0x30, 0x03, 0x00, 0x30, 0x07, 0x00, 0x30, 0x0E, 0x00, 0x30, 0xFC, 0xFF,
  0x3F, 0xF8, 0xFF, 0x3F, 0xFF, 0xFF, 0x3F, 0xFF, 0xFF, 0x3F, 0x03, 0x0C, 0x30, 0x03, 0x0C, 0x30,
  0x03, 0x0C, 0x30, 0x03, 0x0C, 0x30, 0x03, 0x0C, 0x30, 0x03, 0x0C, 0x30, 0x03, 0x0C, 0x30, 0x03,
  0x0C, 0x30, 0x03, 0x0C, 0x30, 0x03, 0x0C, 0x30, 0x03, 0x0C, 0x30, 0x03, 0x0C, 0x30, 0x03, 0x0C,
  0x30, 0x07, 0x1E, 0x38, 0x0E, 0x3F, 0x1C, 0xFC, 0xF3, 0x0F, 0xF8, 0xE0, 0x07, 0xFF, 0xFF, 0x3F,
  0xFF, 0xFF, 0x3F, 0x03, 0x0C, 0x30, 0x03, 0x0C, 0x30, 0x03, 0x0C, 0x30, 0x03, 0x0C, 0x30, 0x03,
  0x0C, 0x30, 0x03, 0x0C, 0x30, 0x03, 0x0C, 0x30, 0xC3, 0xFF, 0x30, 0xC3, 0xFF, 0x30, 0x03, 0x0C,
  0x30, 0x03, 0x0C, 0x30, 0x03, 0x0C, 0x30, 0x03, 0x0C, 0x30, 0x07, 0x1E, 0x38, 0x0E, 0x3F, 0x1C,
  0xFC, 0xF3, 0x0F, 0xF8, 0xE0, 0x07, 0xFF, 0xFF, 0x3F, 0xFF, 0xFF, 0x3F, 0x03, 0x0C, 0x30, 0x03,
  0x0C, 0x30, 0x03, 0x0C, 0x30, 0x03, 0x0C, 0x30, 0x03, 0x0C, 0x30, 0x03, 0x1E, 0x30, 0x03, 0x1F,
  0x30, 0x03, 0x3F, 0x30, 0x03, 0x3F, 0x30, 0x03, 0x1F, 0x30, 0x03, 0x1E, 0x30, 0x03, 0x0C, 0x30,
  0x03, 0x0C, 0x30, 0x07, 0x1E, 0x38, 0x0E, 0x3F, 0x1C, 0xFC, 0xF3, 0x0F, 0xF8, 0xE1, 0x07, 0xF8,
  0xE0, 0x07, 0xFC, 0xF3, 0x0F, 0x0E, 0x37, 0x1C, 0x07, 0x1E, 0x38, 0x03, 0x0C, 0x30, 0x03, 0x0C,
  0x30, 0x03, 0x0C, 0x30, 0x03, 0x0C, 0x30, 0x03, 0x0C, 0x30, 0x03, 0x0C, 0x30, 0x03, 0x0C, 0x30,
  0x03, 0x0C, 0x30, 0x03, 0x0C, 0x30, 0x03, 0x0C, 0x30, 0x03, 0x0C, 0x30, 0x03, 0x0C, 0x30, 0x03,
  0x0C, 0x30, 0xFF, 0xFF, 0x3F, 0xFF, 0xFF, 0x3F, 0xFF, 0xFF, 0x03, 0xFF, 0xFF, 0x0F, 0x07, 0x00,
  0x1C, 0x06, 0x00, 0x38, 0x0E, 0x00, 0x30, 0x0C, 0x00, 0x30, 0x1C, 0x00, 0x30, 0x18, 0x00, 0x30,
  0x38, 0x00, 0x30, 0x30, 0x00, 0x18, 0x30, 0x00, 0x1C, 0xFF, 0xFF, 0x0F, 0xFF, 0xFF, 0x0F, 0x30,
  0x00, 0x1C, 0x30, 0x00, 0x18, 0x38, 0x00, 0x30, 0x18, 0x00, 0x30, 0x1C, 0x00, 0x30, 0x0C, 0x00,
  0x30, 0x0E, 0x00, 0x30, 0x06, 0x00, 0x38, 0x07, 0x00, 0x1C, 0xFF, 0xFF, 0x0F, 0xFF, 0xFF, 0x03,
  0xF0, 0xFF, 0x3F, 0xFC, 0xFF, 0x3F, 0x0E, 0x00, 0x38, 0x07, 0x00, 0x18, 0x03, 0x00, 0x1C, 0x03,
  0x00, 0x0C, 0x03, 0x00, 0x0E, 0x03, 0x00, 0x06, 0x03, 0x00, 0x07, 0x06, 0x00, 0x03, 0x1E, 0x00,
  0x03, 0xFC, 0xFF, 0x3F, 0xFC, 0xFF, 0x3F, 0x0E, 0x00, 0x03, 0x06, 0x00, 0x03, 0x03, 0x00, 0x07,
  0x03, 0x00, 0x06, 0x03, 0x00, 0x0E, 0x03, 0x00, 0x0C, 0x03, 0x00, 0x1C, 0x07, 0x00, 0x18, 0x0E,
  0x00, 0x38, 0xFC, 0xFF, 0x3F, 0xF0, 0xFF, 0x3F, 0x07, 0x0C, 0x38, 0x3F, 0x0C, 0x3F, 0xFF, 0xCC,
  0x3F, 0xE3, 0xFF, 0x31, 0x83, 0x7F, 0x30, 0x03, 0x0C, 0x30, 0x03, 0x0C, 0x30, 0x03, 0x0C, 0x30,
  0x03, 0x0C, 0x30, 0x03, 0x0C, 0x30, 0x03, 0x0C, 0x30, 0x03, 0x0C, 0x30, 0x03, 0x0C, 0x30, 0x03,
  0x0C, 0x30, 0x03, 0x0C, 0x30, 0x07, 0x1E, 0x38, 0x0E, 0x3F, 0x1C, 0xFC, 0xF3, 0x0F, 0xF8, 0xE0,
  0x07, 0x07, 0x0C, 0x38, 0x3F, 0x0C, 0x3F, 0xFF, 0xCC, 0x3F, 0xE3, 0xFF, 0x31, 0x83, 0x7F, 0x30,
  0x03, 0x0C, 0x30, 0x03, 0x0C, 0x30, 0x03, 0x0C, 0x30, 0x03, 0x0C, 0x30, 0xC3, 0xFF, 0x30, 0xC3,
  0xFF, 0x30, 0x03, 0x0C, 0x30, 0x03, 0x0C, 0x30, 0x03, 0x0C, 0x30, 0x03, 0x0C, 0x30, 0x07, 0x1E,
  0x38, 0x0E, 0x3F, 0x1C, 0xFC, 0xF3, 0x0F, 0xF8, 0xE0, 0x07, 0x07, 0x0C, 0x38, 0x3F, 0x0C, 0x3F,
  0xFF, 0xCC, 0x3F, 0xE3, 0xFF, 0x31, 0x83, 0x7F, 0x30, 0x03, 0x0C, 0x30, 0x03, 0x0C, 0x30, 0x03,
  0x1E, 0x30, 0x03, 0x1F, 0x30, 0x03, 0x3F, 0x30, 0x03, 0x3F, 0x30, 0x03, 0x1F, 0x30, 0x03, 0x1E,
  0x30, 0x03, 0x0C, 0x30, 0x03, 0x0C, 0x30, 0x07, 0x1E, 0x38, 0x0E, 0x3F, 0x1C, 0xFC, 0xF3, 0x0F,
  0xF8, 0xE0, 0x07, 0xF8, 0xE0, 0x07, 0xFC, 0xF3, 0x0F, 0x0E, 0x37, 0x1C, 0x07, 0x1E, 0x18, 0x03,
  0x0C, 0x30, 0x03, 0x0C, 0x30, 0x03, 0x0C, 0x30, 0x03, 0x0C, 0x30, 0x03, 0x0C, 0x30, 0x03, 0x0C,
  0x30, 0x03, 0x0C, 0x30, 0x03, 0x0C, 0x30, 0x03, 0x0C, 0x30, 0x03, 0x0C, 0x30, 0x83, 0x7F, 0x30,
  0xE3, 0xFF, 0x31, 0xFF, 0xCC, 0x3F, 0x3F, 0x0C, 0x3F, 0x07, 0x0C, 0x38, 0x01, 0x00, 0x0F, 0x00,
  0x3F, 0x00, 0xFC, 0x00, 0xF0, 0x03, 0xC0, 0x0F, 0xC0, 0x0F, 0xF0, 0x03, 0xFC, 0x00, 0x3F, 0x00,
  0x0F, 0x00, 0x01, 0x00, 0xFF, 0xFF, 0x01, 0xFF, 0xFF, 0x07, 0x00, 0x00, 0x0F, 0x00, 0x00, 0x1C,
  0x00, 0x00, 0x18, 0x00, 0x00, 0x30, 0x00, 0x00, 0x30, 0x00, 0x00, 0x30, 0x00, 0x00, 0x30, 0x00,
  0x00, 0x30, 0x00, 0x00, 0x30, 0x00, 0x00, 0x30, 0x00, 0x00, 0x30, 0x00, 0x00, 0x38, 0x00, 0x00,
  0x18, 0x00, 0x00, 0x1C, 0x00, 0x00, 0x0F, 0x00, 0xF0, 0x07, 0x00, 0xF0, 0x01, 0xE0, 0x03, 0x00,
  0xF8, 0x03, 0x00, 0x3C, 0x00, 0x00, 0x0E, 0x00, 0x00, 0x06, 0x00, 0x00, 0x06, 0x00, 0x00, 0x03,
  0x00, 0x00, 0x03, 0x00, 0x00, 0x03, 0x00, 0x00, 0x03, 0x00, 0x00, 0x03, 0x00, 0x00, 0x03, 0x00,
  0x00, 0x03, 0x00, 0x00, 0x03, 0x00, 0x00, 0x06, 0x00, 0x00, 0x0E, 0x00, 0x00, 0x3C, 0x00, 0x00,
  0xF8, 0xFF, 0x3F, 0xE0, 0xFF, 0x3F, 0x03, 0x00, 0x00, 0x03, 0x00, 0x00, 0x03, 0x00, 0x00, 0x03,
  0x00, 0x00, 0x03, 0x00, 0x00, 0x03, 0x00, 0x00, 0x03, 0x00, 0x00, 0x03, 0x00, 0x00, 0x03, 0x00,
  0x30, 0x03, 0x00, 0x30, 0x03, 0x00, 0x30, 0x03, 0x00, 0x30, 0x03, 0x00, 0x30, 0x06, 0x00, 0x18,
  0x06, 0x00, 0x18, 0x0E, 0x00, 0x1C, 0x1C, 0x00, 0x0E, 0x78, 0x80, 0x07, 0xF0, 0xFF, 0x03, 0xC0,
  0x7F, 0x00, 0x03, 0x00, 0x00, 0x03, 0x00, 0x00, 0x03, 0x00, 0x00, 0x03, 0x00, 0x00, 0x03, 0x00,
  0x00, 0x03, 0x00, 0x00, 0x03, 0x00, 0x00, 0x03, 0x00, 0x00, 0xC3, 0x7F, 0x30, 0xC3, 0x7F, 0x30,
  0x03, 0x00, 0x30, 0x03, 0x00, 0x30, 0x03, 0x00, 0x30, 0x06, 0x00, 0x18, 0x06, 0x00, 0x18, 0x0E,
  0x00, 0x1C, 0x1C, 0x00, 0x0E, 0x78, 0x80, 0x07, 0xF0, 0xFF, 0x03, 0xC0, 0x7F, 0x00, 0x03, 0x00,
  0x00, 0x03, 0x00, 0x00, 0x03, 0x00, 0x00, 0x03, 0x00, 0x00, 0x03, 0x00, 0x00, 0x03, 0x00, 0x00,
  0x03, 0x0E, 0x00, 0x03, 0x0E, 0x00, 0x03, 0x0E, 0x30, 0x03, 0x0C, 0x30, 0x03, 0x00, 0x30, 0x03,
  0x00, 0x30, 0x03, 0x00, 0x30, 0x06, 0x00, 0x18, 0x06, 0x00, 0x18, 0x0E, 0x00, 0x1C, 0x1C, 0x00,
  0x0E, 0x78, 0x80, 0x07, 0xF0, 0xFF, 0x03, 0xC0, 0x7F, 0x00, 0x80, 0xFF, 0x00, 0xF0, 0xFF, 0x03,
  0x78, 0x80, 0x07, 0x1C, 0x00, 0x0E, 0x0C, 0x00, 0x1C, 0x06, 0x00, 0x18, 0x06, 0x00, 0x18, 0x07,
  0x00, 0x30, 0x03, 0x00, 0x30, 0x03, 0x00, 0x30, 0x03, 0x00, 0x30, 0x03, 0x00, 0x30, 0x03, 0x00,
  0x30, 0x00, 0x00, 0x30, 0x00, 0x00, 0x30, 0x00, 0x00, 0x30, 0x00, 0x00, 0x30, 0x00, 0x00, 0x30,
  0x00, 0x00, 0x30, 0x00, 0x00, 0x30, 0x00, 0x00, 0x30, 0xFF, 0xFF, 0x03, 0xFF, 0xFF, 0x0F, 0x00,
  0x00, 0x1C, 0x00, 0x00, 0x38, 0x00, 0x00, 0x30, 0x00, 0x00, 0x30, 0x00, 0x00, 0x30, 0x00, 0x00,
  0x30, 0x00, 0x00, 0x30, 0x00, 0x00, 0x18, 0x00, 0x00, 0x1C, 0x00, 0xFC, 0x0F, 0x00, 0xFC, 0x0F,
  0x00, 0x00, 0x1C, 0x00, 0x00, 0x18, 0x00, 0x00, 0x30, 0x00, 0x00, 0x30, 0x00, 0x00, 0x30, 0x00,
  0x00, 0x30, 0x00, 0x00, 0x30, 0x00, 0x00, 0x38, 0x00, 0x00, 0x1C, 0x00, 0xFC, 0x0F, 0x00, 0xFC,
  0x03, 0xF0, 0x0F, 0x00, 0xFC, 0x0F, 0x00, 0x0E, 0x00, 0x00, 0x07, 0x00, 0x00, 0x03, 0x00, 0x00,
  0x03, 0x00, 0x00, 0x03, 0x00, 0x00, 0x03, 0x00, 0x00, 0x03, 0x00, 0x00, 0x06, 0x00, 0x00, 0x1E,
  0x00, 0x00, 0xFC, 0x0F, 0x00, 0xFC, 0x0F, 0x00, 0x0E, 0x00, 0x00, 0x06, 0x00, 0x00, 0x03, 0x00,
  0x00, 0x03, 0x00, 0x00, 0x03, 0x00, 0x00, 0x03, 0x00, 0x00, 0x03, 0x00, 0x00, 0x07, 0x00, 0x00,
  0x0E, 0x00, 0x00, 0xFC, 0xFF, 0x3F, 0xF0, 0xFF, 0x3F, 0x03, 0x00, 0x00, 0x03, 0x00, 0x00, 0x03,
  0x00, 0x00, 0x03, 0x00, 0x00, 0x03, 0x00, 0x00, 0x03, 0x00, 0x00, 0x03, 0x0C, 0x30, 0x03, 0x0C,
  0x30, 0x03, 0x0C, 0x30, 0x03, 0x0C, 0x30, 0x03, 0x0C, 0x30, 0x03, 0x0C, 0x30, 0x03, 0x0C, 0x30,
  0x03, 0x0C, 0x30, 0x03, 0x0C, 0x30, 0x07, 0x1E, 0x38, 0x0E, 0x3F, 0x1C, 0xFC, 0xF3, 0x0F, 0xF8,
  0xE0, 0x07, 0x03, 0x00, 0x00, 0x03, 0x00, 0x00, 0x03, 0x00, 0x00, 0x03, 0x00, 0x00, 0x03, 0x00,
  0x00, 0x03, 0x00, 0x00, 0xC3, 0xFF, 0x30, 0xC3, 0xFF, 0x30, 0x03, 0x0C, 0x30, 0x03, 0x0C, 0x30,
  0x03, 0x0C, 0x30, 0x03, 0x0C, 0x30, 0x03, 0x0C, 0x30, 0x03, 0x0C, 0x30, 0x03, 0x0C, 0x30, 0x07,
  0x1E, 0x18, 0x0E, 0x3F, 0x1C, 0xFC, 0xF3, 0x0F, 0xF8, 0xE0, 0x07, 0x03, 0x00, 0x00, 0x03, 0x00,
  0x00, 0x03, 0x00, 0x00, 0x03, 0x00, 0x00, 0x03, 0x1E, 0x00, 0x03, 0x3F, 0x00, 0x03, 0x3F, 0x30,
  0x03, 0x3F, 0x30, 0x03, 0x1E, 0x30, 0x03, 0x0E, 0x30, 0x03, 0x0C, 0x30, 0x03, 0x0C, 0x30, 0x03,
  0x0C, 0x30, 0x03, 0x0C, 0x30, 0x03, 0x0C, 0x30, 0x07, 0x1E, 0x18, 0x0E, 0x3F, 0x1C, 0xFC, 0xF3,
  0x0F, 0xF8, 0xE0, 0x07, 0xF8, 0xE1, 0x07, 0xFC, 0xF3, 0x0F, 0x0E, 0x3F, 0x1C, 0x06, 0x1E, 0x38,
  0x03, 0x0C, 0x30, 0x03, 0x0C, 0x30, 0x03, 0x0C, 0x30, 0x03, 0x0C, 0x30, 0x03, 0x0C, 0x30, 0x03,
  0x0C, 0x30, 0x03, 0x0C, 0x30, 0x03, 0x0C, 0x30, 0x03, 0x0C, 0x30, 0x00, 0x00, 0x30, 0x00, 0x00,
  0x30, 0x00, 0x00, 0x30, 0x00, 0x00, 0x30, 0x00, 0x00, 0x30, 0x00, 0x00, 0x30, 0xFF, 0x7F, 0x00,
  0xFF, 0xFF, 0x03, 0x00, 0x80, 0x07, 0x00, 0x00, 0x0E, 0x00, 0x00, 0x1C, 0x00, 0x00, 0x18, 0x00,
  0x00, 0x18, 0xF0, 0x03, 0x30, 0xFC, 0x07, 0x30, 0x0E, 0x0E, 0x30, 0x06, 0x1C, 0x30, 0x07, 0x18,
  0x30, 0x03, 0x18, 0x30, 0x03, 0x18, 0x30, 0x03, 0x18, 0x30, 0x03, 0x1C, 0x38, 0x03, 0x0C, 0x18,
  0x07, 0x00, 0x1C, 0x06, 0x00, 0x0C, 0x0E, 0x00, 0x0F, 0x7C, 0xC0, 0x07, 0xF0, 0xFF, 0x01, 0xC0,
  0x7F, 0x00, 0x80, 0xFF, 0x00, 0xE0, 0xFF, 0x03, 0xF8, 0x80, 0x0F, 0x1C, 0x00, 0x0E, 0x0C, 0x00,
  0x18, 0x0E, 0x00, 0x38, 0x06, 0x04, 0x30, 0x07, 0x0E, 0x30, 0x03, 0x06, 0x30, 0x03, 0x06, 0x30,
  0x03, 0x06, 0x30, 0x03, 0x06, 0x30, 0x03, 0x06, 0x18, 0x03, 0x0C, 0x18, 0x03, 0x1C, 0x0C, 0x03,
  0xF8, 0x0F, 0x06, 0xE0, 0x03, 0x06, 0x00, 0x00, 0x0E, 0x00, 0x00, 0x1C, 0x00, 0x00, 0x78, 0x00,
  0x00, 0xF0, 0xFF, 0x3F, 0x80, 0xFF, 0x3F, 0x03, 0xF8, 0x01, 0x03, 0xFC, 0x07, 0x03, 0x0E, 0x0E,
  0x03, 0x03, 0x1C, 0x83, 0x03, 0x18, 0x83, 0x01, 0x18, 0x83, 0x01, 0x30, 0x83, 0x01, 0x30, 0x83,
  0x01, 0x30, 0x83, 0x01, 0x30, 0x83, 0x03, 0x30, 0x03, 0x03, 0x30, 0x03, 0x07, 0x30, 0x03, 0x00,
  0x38, 0x07, 0x00, 0x18, 0x06, 0x00, 0x1C, 0x0E, 0x00, 0x0C, 0x1C, 0x00, 0x0F, 0x78, 0xC0, 0x07,
  0xF0, 0xFF, 0x01, 0x80, 0x7F, 0x00, 0x03, 0xF8, 0x01, 0x03, 0xFE, 0x07, 0x03, 0x07, 0x0F, 0x03,
  0x03, 0x1C, 0x83, 0x01, 0x18, 0x83, 0x01, 0x18, 0x83, 0x01, 0x30, 0x83, 0x01, 0x30, 0x83, 0x01,
  0x30, 0x03, 0x03, 0x30, 0x03, 0x03, 0x30, 0xC3, 0x7F, 0x30, 0xC3, 0x7F, 0x30, 0x03, 0x00, 0x38,
  0x07, 0x00, 0x18, 0x06, 0x00, 0x1C, 0x0E, 0x00, 0x0C, 0x1C, 0x00, 0x0F, 0x78, 0xC0, 0x07, 0xF0,
  0xFF, 0x01, 0x80, 0x7F, 0x00, 0x03, 0xF8, 0x01, 0x03, 0xFE, 0x07, 0x03, 0x07, 0x0E, 0x03, 0x03,
  0x1C, 0x83, 0x01, 0x18, 0x83, 0x01, 0x18, 0x83, 0x01, 0x30, 0x83, 0x01, 0x30, 0x83, 0x1F, 0x30,
  0x03, 0x3F, 0x30, 0x03, 0x3F, 0x30, 0x03, 0x3F, 0x30, 0x03, 0x3F, 0x30, 0x03, 0x1E, 0x38, 0x07,
  0x00, 0x18, 0x06, 0x00, 0x1C, 0x0E, 0x00, 0x0C, 0x1C, 0x00, 0x0F, 0x78, 0xC0, 0x07, 0xF0, 0xFF,
  0x01, 0x80, 0x7F, 0x00, 0x80, 0x7F, 0x00, 0xE0, 0xFF, 0x03, 0xF8, 0x80, 0x07, 0x3C, 0x00, 0x0E,
  0x0C, 0x00, 0x1C, 0x0E, 0x00, 0x18, 0x06, 0x00, 0x38, 0x07, 0x00, 0x30, 0x03, 0x1C, 0x30, 0x03,
  0x18, 0x30, 0x03, 0x38, 0x30, 0x03, 0x30, 0x30, 0x03, 0x30, 0x30, 0x03, 0x30, 0x30, 0x03, 0x30,
  0x30, 0x07, 0x30, 0x30, 0x06, 0x38, 0x30, 0x0E, 0x18, 0x30, 0x1C, 0x1C, 0x30, 0xF8, 0x0F, 0x30,
  0xE0, 0x03, 0x30, 0x03, 0xFE, 0x00, 0x83, 0xFF, 0x03, 0xC3, 0x01, 0x07, 0xE3, 0x00, 0x0E, 0x33,
  0x00, 0x1C, 0x3B, 0x00, 0x18, 0x1B, 0x00, 0x18, 0x0F, 0x00, 0x30, 0x0F, 0x01, 0x30, 0x0F, 0x03,
  0x30, 0x87, 0x01, 0x30, 0x87, 0x01, 0x30, 0x87, 0x01, 0x30, 0x87, 0x01, 0x30, 0x83, 0x01, 0x38,
  0x83, 0x01, 0x18, 0x83, 0x03, 0x18, 0x03, 0x03, 0x0C, 0x03, 0x0F, 0x0F, 0x03, 0xFE, 0x03, 0x03,
  0xF8, 0x01, 0x03, 0xF8, 0x01, 0x03, 0xFE, 0x07, 0x03, 0x07, 0x0F, 0x03, 0x03, 0x0C, 0x83, 0x01,
  0x18, 0x83, 0x01, 0x18, 0x83, 0x01, 0x38, 0x87, 0x01, 0x30, 0x87, 0x01, 0x30, 0x87, 0x01, 0x30,
  0x87, 0x03, 0x30, 0x0F, 0x03, 0x30, 0x0F, 0x01, 0x30, 0x0F, 0x00, 0x30, 0x1B, 0x00, 0x18, 0x3B,
  0x00, 0x18, 0x33, 0x00, 0x1C, 0xE3, 0x00, 0x0E, 0xC3, 0x03, 0x07, 0x83, 0xFF, 0x03, 0x03, 0xFE,
  0x00, 0xE0, 0x03, 0x30, 0xF8, 0x0F, 0x30, 0x1C, 0x1C, 0x30, 0x0C, 0x18, 0x30, 0x06, 0x30, 0x30,
  0x06, 0x30, 0x30, 0x03, 0x30, 0x30, 0x03, 0x30, 0x38, 0x03, 0x30, 0x38, 0x03, 0x30, 0x38, 0x03,
  0x30, 0x38, 0x03, 0x18, 0x3C, 0x03, 0x10, 0x3C, 0x03, 0x00, 0x3C, 0x06, 0x00, 0x36, 0x06, 0x00,
  0x37, 0x0E, 0x00, 0x33, 0x1C, 0xC0, 0x31, 0x38, 0xE0, 0x30, 0xF0, 0x7F, 0x30, 0xC0, 0x1F, 0x30,
  0xFF, 0xFF, 0x3F, 0xFF, 0xFF, 0x3F, 0x00, 0x3F, 0x00, 0xC0, 0x01, 0x00, 0x70, 0x00, 0x00, 0x18,
  0x00, 0x00, 0x0C, 0x00, 0x00, 0x0E, 0xF0, 0x03, 0x06, 0xF8, 0x0F, 0x07, 0x1C, 0x1C, 0x03, 0x0E,
  0x18, 0x03, 0x06, 0x38, 0x03, 0x06, 0x30, 0x03, 0x06, 0x30, 0x03, 0x06, 0x30, 0x03, 0x0E, 0x30,
  0x03, 0x00, 0x30, 0x06, 0x00, 0x30, 0x06, 0x00, 0x18, 0x0E, 0x00, 0x1C, 0x1C, 0x00, 0x0E, 0x78,
  0x80, 0x07, 0xE0, 0xFF, 0x03, 0x80, 0x7F, 0x00, 0xFF, 0xFF, 0x3F, 0xFF, 0xFF, 0x3F, 0x00, 0x3F,
  0x00, 0xC0, 0x01, 0x00, 0x70, 0x00, 0x00, 0x18, 0x00, 0x00, 0x0C, 0x00, 0x00, 0x0E, 0xF0, 0x03,
  0x06, 0xF8, 0x0F, 0x07, 0x1C, 0x1E, 0x03, 0x0E, 0x18, 0x03, 0x06, 0x38, 0x03, 0x06, 0x30, 0x03,
  0x06, 0x30, 0x03, 0x06, 0x30, 0xC3, 0x7F, 0x30, 0xC3, 0x7F, 0x30, 0x06, 0x00, 0x30, 0x06, 0x00,
  0x18, 0x0E, 0x00, 0x1C, 0x1C, 0x00, 0x0E, 0x78, 0x80, 0x07, 0xE0, 0xFF, 0x03, 0x80, 0x7F, 0x00,
  0xFF, 0xFF, 0x3F, 0xFF, 0xFF, 0x3F, 0x00, 0x3F, 0x00, 0xC0, 0x01, 0x00, 0x70, 0x00, 0x00, 0x18,
  0x00, 0x00, 0x0C, 0x00, 0x00, 0x0E, 0xF0, 0x03, 0x06, 0xF8, 0x0F, 0x07, 0x1C, 0x1E, 0x03, 0x0E,
  0x18, 0x03, 0x06, 0x38, 0x03, 0x0E, 0x30, 0x03, 0x1F, 0x30, 0x03, 0x1F, 0x30, 0x03, 0x1F, 0x30,
  0x03, 0x1F, 0x30, 0x06, 0x0E, 0x30, 0x06, 0x00, 0x18, 0x0E, 0x00, 0x1C, 0x1C, 0x00, 0x0E, 0x78,
  0x80, 0x07, 0xE0, 0xFF, 0x03, 0x80, 0x7F, 0x00, 0xFF, 0xFF, 0x3F, 0xFF, 0xFF, 0x3F, 0x00, 0x3F,
  0x00, 0x00, 0xE0, 0x01, 0x00, 0x80, 0x03, 0x00, 0x00, 0x06, 0x00, 0x00, 0x0C, 0xF0, 0x01, 0x1C,
  0xFC, 0x03, 0x18, 0x0E, 0x07, 0x38, 0x06, 0x0E, 0x30, 0x07, 0x0C, 0x30, 0x03, 0x0C, 0x30, 0x03,
  0x0C, 0x30, 0x03, 0x0C, 0x30, 0x03, 0x0E, 0x30, 0x03, 0x00, 0x30, 0x03, 0x00, 0x18, 0x06, 0x00,
  0x18, 0x0E, 0x00, 0x0C, 0x1C, 0x00, 0x0E, 0x78, 0x80, 0x07, 0xF0, 0xFF, 0x03, 0x80, 0x7F, 0x00,
  0x80, 0x7F, 0x00, 0xF0, 0xFF, 0x03, 0x78, 0x80, 0x07, 0x1C, 0x00, 0x0E, 0x0E, 0x00, 0x1C, 0x06,
  0x00, 0x18, 0x03, 0x00, 0x18, 0x03, 0x00, 0x30, 0x03, 0x0E, 0x30, 0x03, 0x0C, 0x30, 0x03, 0x0C,
  0x30, 0x03, 0x0C, 0x30, 0x07, 0x0C, 0x30, 0x06, 0x0E, 0x30, 0x0E, 0x07, 0x18, 0xFC, 0x03, 0x18,
  0xF0, 0x01, 0x1C, 0x00, 0x00, 0x0C, 0x00, 0x00, 0x07, 0x00, 0x80, 0x03, 0x00, 0xF0, 0x00, 0x00,
  0x3F, 0x00, 0xFF, 0xFF, 0x3F, 0xFF, 0xFF, 0x3F, 0x02, 0x00, 0x00, 0x07, 0x00, 0x00, 0x07, 0xFE,
  0x00, 0xCE, 0xFF, 0x03, 0xEC, 0x81, 0x07, 0x7C, 0x00, 0x0E, 0x38, 0x00, 0x1C, 0x18, 0x00, 0x18,
  0x1C, 0x00, 0x18, 0x0C, 0x00, 0x30, 0x0C, 0x00, 0x30, 0x06, 0x00, 0x30, 0x06, 0x7C, 0x30, 0x06,
  0x7E, 0x30, 0x06, 0x43, 0x30, 0x82, 0x03, 0x30, 0x83, 0x01, 0x30, 0x83, 0x01, 0x18, 0x83, 0x01,
  0x18, 0x83, 0x01, 0x1C, 0x83, 0x03, 0x0E, 0x03, 0x07, 0x07, 0x03, 0xFE, 0x03, 0x03, 0xF8, 0x00,
  0xE0, 0x07, 0x30, 0xF0, 0x1F, 0x30, 0x38, 0x38, 0x30, 0x1C, 0x30, 0x30, 0x0E, 0x60, 0x30, 0x06,
  0x60, 0x30, 0x06, 0x60, 0x30, 0x03, 0x60, 0x30, 0x03, 0x60, 0x30, 0x03, 0x30, 0x18, 0x83, 0x38,
  0x18, 0x83, 0x1F, 0x18, 0x83, 0x0F, 0x18, 0x03, 0x00, 0x0C, 0x03, 0x00, 0x0C, 0x06, 0x00, 0x0E,
  0x06, 0x00, 0x06, 0x0E, 0x00, 0x07, 0x1C, 0x80, 0x07, 0x78, 0xE0, 0x0F, 0xF0, 0x7F, 0x1C, 0xC0,
  0x1F, 0x38, 0x00, 0x00, 0x38, 0x00, 0x00, 0x10, 0x02, 0x00, 0x00, 0x07, 0xC0, 0x3F, 0x0F, 0xFC,
  0x3F, 0x9E, 0x3F, 0x00, 0xFC, 0x03, 0x00, 0xF0, 0x00, 0x00, 0x38, 0x00, 0x00, 0x1C, 0x00, 0x00,
  0x0C, 0x00, 0x00, 0x06, 0xF0, 0x03, 0x06, 0xF8, 0x0F, 0x07, 0x1C, 0x1E, 0x03, 0x0E, 0x18, 0x03,
  0x06, 0x38, 0x03, 0x06, 0x30, 0x03, 0x06, 0x30, 0x03, 0x06, 0x30, 0x03, 0x0E, 0x30, 0x03, 0x00,
  0x30, 0x06, 0x00, 0x30, 0x06, 0x00, 0x18, 0x0C, 0x00, 0x1C, 0x1C, 0x00, 0x0E, 0x78, 0x80, 0x07,
  0xE0, 0xFF, 0x03, 0x80, 0x7F, 0x00, 0x02, 0x00, 0x00, 0x03, 0xC0, 0x3F, 0x07, 0xFC, 0x3F, 0x8E,
  0x3F, 0x00, 0xFC, 0x03, 0x00, 0xF8, 0x00, 0x00, 0x38, 0x00, 0x00, 0x1C, 0x00, 0x00, 0x0C, 0x00,
  0x00, 0x06, 0xF0, 0x03, 0x06, 0xF8, 0x0F, 0x07, 0x1C, 0x1E, 0x03, 0x0E, 0x18, 0x03, 0x06, 0x38,
  0x03, 0x06, 0x30, 0x03, 0x06, 0x30, 0x03, 0x06, 0x30, 0xC3, 0x7F, 0x30, 0xC3, 0x7F, 0x30, 0x06,
  0x00, 0x30, 0x06, 0x00, 0x18, 0x0C, 0x00, 0x1C, 0x1C, 0x00, 0x0E, 0x78, 0x80, 0x07, 0xE0, 0xFF,
  0x03, 0x80, 0x7F, 0x00, 0x02, 0x00, 0x00, 0x07, 0xC0, 0x3F, 0x0F, 0xFC, 0x3F, 0x8E, 0x3F, 0x00,
  0xFC, 0x03, 0x00, 0xF8, 0x00, 0x00, 0x38, 0x00, 0x00, 0x1C, 0x00, 0x00, 0x0C, 0x00, 0x00, 0x06,
  0xF0, 0x03, 0x06, 0xF8, 0x0F, 0x07, 0x1C, 0x1E, 0x03, 0x0E, 0x18, 0x03, 0x0E, 0x38, 0x03, 0x1F,
  0x30, 0x03, 0x1F, 0x30, 0x03, 0x1F, 0x30, 0x03, 0x1F, 0x30, 0x03, 0x0E, 0x30, 0x06, 0x00, 0x30,
  0x06, 0x00, 0x18, 0x0C, 0x00, 0x1C, 0x1C, 0x00, 0x0E, 0x78, 0x80, 0x07, 0xE0, 0xFF, 0x03, 0x80,
  0x7F, 0x00, 0x80, 0x7F, 0x00, 0xF0, 0xFF, 0x03, 0x78, 0x80, 0x07, 0x1C, 0x00, 0x0E, 0x0E, 0x00,
  0x0C, 0x06, 0x00, 0x18, 0x03, 0x00, 0x18, 0x03, 0x00, 0x30, 0x03, 0x0E, 0x30, 0x03, 0x0C, 0x30,
  0x03, 0x0C, 0x30, 0x03, 0x0C, 0x30, 0x07, 0x0C, 0x30, 0x06, 0x0E, 0x30, 0x0E, 0x07, 0x38, 0xFC,
  0x03, 0x18, 0xF0, 0x01, 0x18, 0x00, 0x00, 0x0C, 0x00, 0x00, 0x0E, 0x00, 0x00, 0x07, 0x00, 0xC0,
  0x03, 0x00, 0xF0, 0x07, 0x80, 0x7F, 0x0E, 0xFF, 0x0F, 0x3C, 0x7F, 0x00, 0x38, 0x00, 0x00, 0x10,
  0x83, 0x7F, 0x00, 0xE3, 0xFF, 0x03, 0xF3, 0x80, 0x07, 0x3B, 0x00, 0x0E, 0x1F, 0x00, 0x1C, 0x0F,
  0x00, 0x18, 0x07, 0x00, 0x18, 0x07, 0x00, 0x30, 0x03, 0x00, 0x30, 0x03, 0x00, 0x30, 0x03, 0x00,
  0x30, 0x00, 0x00, 0x30, 0x00, 0x00, 0x30, 0x00, 0x00, 0x30, 0x00, 0x00, 0x30, 0x00, 0x00, 0x18,
  0x00, 0x00, 0x18, 0x00, 0x00, 0x0C, 0x00, 0x80, 0x07, 0xFF, 0xFF, 0x03, 0xFF, 0xFF, 0x00, 0xC0,
  0xFF, 0x3F, 0xF0, 0xFF, 0x3F, 0x3C, 0x00, 0x00, 0x0C, 0x00, 0x00, 0x06, 0x00, 0x00, 0x06, 0x00,
  0x00, 0x03, 0x00, 0x00, 0x03, 0x00, 0x00, 0x03, 0x00, 0x00, 0x03, 0x00, 0x00, 0x03, 0x00, 0x30,
  0x03, 0x00, 0x30, 0x03, 0x00, 0x30, 0x03, 0x00, 0x38, 0x06, 0x00, 0x38, 0x06, 0x00, 0x3C, 0x0E,
  0x00, 0x3E, 0x1C, 0x00, 0x37, 0x78, 0xC0, 0x33, 0xF0, 0xFF, 0x31, 0x80, 0x7F, 0x30, 0xFF, 0x07,
  0x30, 0xFF, 0x07, 0x30, 0xF0, 0x00, 0x30, 0x38, 0x00, 0x30, 0x1C, 0x00, 0x30, 0x0E, 0x00, 0x30,
  0x06, 0x00, 0x30, 0x07, 0x00, 0x30, 0x03, 0x00, 0x30, 0x03, 0x00, 0x30, 0x03, 0x00, 0x30, 0x03,
  0x00, 0x30, 0x03, 0x00, 0x30, 0x03, 0x00, 0x30, 0x03, 0x00, 0x38, 0x06, 0x00, 0x18, 0x06, 0x00,
  0x18, 0x0E, 0x00, 0x0C, 0x1C, 0x00, 0x0E, 0x78, 0x80, 0x07, 0xF0, 0xFF, 0x03, 0x80, 0x7F, 0x00,
  0xFF, 0x07, 0x30, 0xFF, 0x07, 0x30, 0xF8, 0x00, 0x30, 0x3C, 0x00, 0x30, 0x1C, 0x00, 0x30, 0x0E,
  0x00, 0x30, 0x06, 0x00, 0x30, 0x07, 0x00, 0x30, 0x03, 0x00, 0x30, 0x03, 0x00, 0x30, 0xC3, 0x3F,
  0x30, 0xC3, 0x3F, 0x30, 0x03, 0x00, 0x30, 0x03, 0x00, 0x30, 0x03, 0x00, 0x38, 0x06, 0x00, 0x18,
  0x06, 0x00, 0x18, 0x0E, 0x00, 0x0C, 0x1C, 0x00, 0x0E, 0x78, 0x80, 0x07, 0xF0, 0xFF, 0x03, 0x80,
  0x7F, 0x00, 0xFF, 0x07, 0x30, 0xFF, 0x07, 0x30, 0xF0, 0x00, 0x30, 0x38, 0x00, 0x30, 0x1C, 0x00,
  0x30, 0x0E, 0x00, 0x30, 0x06, 0x00, 0x30, 0x07, 0x00, 0x30, 0x03, 0x00, 0x30, 0x03, 0x0C, 0x30,
  0x03, 0x0E, 0x30, 0x03, 0x0E, 0x30, 0x03, 0x0C, 0x30, 0x03, 0x00, 0x30, 0x03, 0x00, 0x38, 0x06,
  0x00, 0x18, 0x06, 0x00, 0x18, 0x0E, 0x00, 0x0C, 0x1C, 0x00, 0x0E, 0x78, 0x80, 0x07, 0xF0, 0xFF,
  0x03, 0x80, 0x7F, 0x00, 0x80, 0x7F, 0x00, 0xF0, 0xFF, 0x03, 0x78, 0x80, 0x07, 0x1C, 0x00, 0x0E,
  0x0E, 0x00, 0x0C, 0x06, 0x00, 0x18, 0x06, 0x00, 0x18, 0x03, 0x00, 0x38, 0x03, 0x00, 0x30, 0x03,
  0x00, 0x30, 0x03, 0x00, 0x30, 0x03, 0x00, 0x30, 0x03, 0x00, 0x30, 0x03, 0x00, 0x30, 0x07, 0x00,
  0x30, 0x06, 0x00, 0x30, 0x0E, 0x00, 0x30, 0x1C, 0x00, 0x30, 0x38, 0x00, 0x30, 0xF0, 0x00, 0x30,
  0xFF, 0x07, 0x30, 0xFF, 0x07, 0x30, 0xF8, 0xFF, 0x07, 0x00, 0xF8, 0xFF, 0x1F, 0x00, 0x00, 0x00,
  0x78, 0x00, 0x00, 0x00, 0x60, 0x00, 0x00, 0x00, 0xC0, 0x00, 0x00, 0x00, 0xC0, 0x00, 0x00, 0x00,
  0x80, 0x01, 0x00, 0x00, 0x80, 0x01, 0x00, 0x00, 0x80, 0x01, 0x00, 0x00, 0x80, 0x01, 0x18, 0x00,
  0x80, 0x01, 0x18, 0x00, 0x80, 0x01, 0x18, 0x00, 0x80, 0x01, 0x38, 0x00, 0x80, 0x01, 0x38, 0x00,
  0xC0, 0x00, 0x78, 0x00, 0xC0, 0x00, 0xF8, 0x00, 0xE0, 0x00, 0xD8, 0x01, 0x70, 0x00, 0x98, 0x07,
  0x3C, 0x00, 0x18, 0xFF, 0x1F, 0x00, 0x3F, 0xFC, 0x03, 0x00, 0x3F, 0x00, 0x00, 0x00, 0xC0, 0xFF,
  0x3F, 0xF0, 0xFF, 0x3F, 0x3C, 0x00, 0x00, 0x0C, 0x00, 0x00, 0x06, 0x00, 0x00, 0x06, 0x00, 0x00,
  0x03, 0x00, 0x00, 0x03, 0x00, 0x00, 0x03, 0x00, 0x00, 0x03, 0x00, 0x00, 0x03, 0x00, 0x30, 0x03,
  0x00, 0x30, 0x03, 0x00, 0x30, 0x03, 0x00, 0x38, 0x06, 0x00, 0x38, 0x06, 0x00, 0x3C, 0x0E, 0x00,
  0x3E, 0x1C, 0x00, 0x37, 0x78, 0xC0, 0x33, 0xF0, 0xFF, 0x31, 0x80, 0x7F, 0xFC, 0x00, 0x00, 0xFC,
  0x03, 0x00, 0x30, 0x03, 0x00, 0x30, 0xFF, 0x0F, 0x30, 0xFF, 0x0F, 0x30, 0xE3, 0x01, 0x30, 0x38,
  0x00, 0x30, 0x1C, 0x00, 0x30, 0x0E, 0x00, 0x30, 0x06, 0x00, 0x30, 0x06, 0x00, 0x30, 0x03, 0x00,
  0x30, 0x03, 0x00, 0x30, 0x03, 0x00, 0x30, 0x03, 0x00, 0x30, 0x03, 0x00, 0x30, 0x03, 0x00, 0x30,
  0x03, 0x00, 0x18, 0x06, 0x00, 0x18, 0x06, 0x00, 0x18, 0x0E, 0x00, 0x0C, 0x1C, 0x00, 0x0E, 0x78,
  0x80, 0x07, 0xF0, 0xFF, 0x03, 0x80, 0x7F, 0x00, 0x03, 0x00, 0x30, 0x03, 0x00, 0x30, 0xFF, 0x0F,
  0x30, 0xFF, 0x0F, 0x30, 0xF3, 0x00, 0x30, 0x38, 0x00, 0x30, 0x1C, 0x00, 0x30, 0x0E, 0x00, 0x30,
  0x06, 0x00, 0x30, 0x06, 0x00, 0x30, 0x03, 0x00, 0x30, 0x03, 0x00, 0x30, 0x83, 0x3F, 0x30, 0x83,
  0x3F, 0x30, 0x03, 0x00, 0x30, 0x03, 0x00, 0x30, 0x03, 0x00, 0x18, 0x06, 0x00, 0x18, 0x06, 0x00,
  0x18, 0x0E, 0x00, 0x0C, 0x1C, 0x00, 0x0E, 0x78, 0x80, 0x07, 0xF0, 0xFF, 0x03, 0x80, 0x7F, 0x00,
  0x03, 0x00, 0x30, 0x03, 0x00, 0x30, 0xFF, 0x0F, 0x30, 0xFF, 0x0F, 0x30, 0xE3, 0x00, 0x30, 0x38,
  0x00, 0x30, 0x1C, 0x00, 0x30, 0x0E, 0x00, 0x30, 0x06, 0x00, 0x30, 0x06, 0x00, 0x30, 0x03, 0x00,
  0x30, 0x03, 0x0E, 0x30, 0x03, 0x0E, 0x30, 0x03, 0x0E, 0x30, 0x03, 0x04, 0x30, 0x03, 0x00, 0x30,
  0x03, 0x00, 0x18, 0x06, 0x00, 0x18, 0x06, 0x00, 0x18, 0x0E, 0x00, 0x0C, 0x1C, 0x00, 0x0E, 0x78,
  0x80, 0x07, 0xF0, 0xFF, 0x03, 0x80, 0x7F, 0x00, 0x80, 0x7F, 0x00, 0xF0, 0xFF, 0x03, 0x78, 0x80,
  0x07, 0x1C, 0x00, 0x0E, 0x0E, 0x00, 0x0C, 0x06, 0x00, 0x18, 0x06, 0x00, 0x18, 0x03, 0x00, 0x38,
  0x03, 0x00, 0x30, 0x03, 0x00, 0x30, 0x03, 0x00, 0x30, 0x03, 0x00, 0x30, 0x03, 0x00, 0x30, 0x03,
  0x00, 0x30, 0x06, 0x00, 0x30, 0x06, 0x00, 0x30, 0x0C, 0x00, 0x30, 0x1C, 0x00, 0x30, 0x78, 0x00,
  0x30, 0xE3, 0x01, 0x30, 0xFF, 0x1F, 0x30, 0xFF, 0x1F, 0x30, 0x03, 0x00, 0x30, 0x03, 0x00, 0x30,
  0x83, 0x7F, 0x00, 0xE3, 0xFF, 0x01, 0xFB, 0x80, 0x07, 0x3F, 0x00, 0x0E, 0x1F, 0x00, 0x0C, 0x0F,
  0x00, 0x1C, 0x07, 0x00, 0x18, 0x03, 0x00, 0x38, 0x03, 0x00, 0x30, 0x00, 0x00, 0x30, 0x00, 0x00,
  0x30, 0x00, 0x00, 0x30, 0x00, 0x00, 0x30, 0x00, 0x00, 0x30, 0x03, 0x00, 0x30, 0x03, 0x00, 0x38,
  0x07, 0x00, 0x18, 0x0F, 0x00, 0x1C, 0x1F, 0x00, 0x0C, 0x3F, 0x00, 0x0E, 0xFB, 0x80, 0x07, 0xE3,
  0xFF, 0x01, 0x83, 0x7F, 0x00, 0x80, 0x7F, 0x30, 0xE0, 0xFF, 0x31, 0x70, 0xC0, 0x37, 0x18, 0x00,
  0x3F, 0x0C, 0x00, 0x3C, 0x0E, 0x00, 0x3C, 0x06, 0x00, 0x38, 0x06, 0x00, 0x30, 0x03, 0x00, 0x30,
  0x03, 0x00, 0x00, 0x03, 0x00, 0x00, 0x03, 0x00, 0x00, 0x03, 0x00, 0x00, 0x03, 0x00, 0x00, 0x03,
  0x00, 0x00, 0x03, 0x00, 0x30, 0x06, 0x00, 0x30, 0x06, 0x00, 0x38, 0x0E, 0x00, 0x3C, 0x0C, 0x00,
  0x3C, 0x38, 0x00, 0x3F, 0xF0, 0xC0, 0x37, 0xE0, 0xFF, 0x31, 0x80, 0x7F, 0x30, 0xFF, 0xC0, 0x3F,
  0xFF, 0xC0, 0x3F, 0x78, 0x80, 0x07, 0x1C, 0x00, 0x0E, 0x0C, 0x00, 0x0C, 0x0E, 0x00, 0x1C, 0x06,
  0x00, 0x18, 0x07, 0x00, 0x38, 0x03, 0x00, 0x30, 0x03, 0x00, 0x30, 0x03, 0x00, 0x30, 0x03, 0x00,
  0x30, 0x03, 0x00, 0x30, 0x03, 0x00, 0x30, 0x03, 0x00, 0x30, 0x06, 0x00, 0x18, 0x06, 0x00, 0x18,
  0x0C, 0x00, 0x0C, 0x1C, 0x00, 0x0E, 0x78, 0x80, 0x07, 0xE0, 0xFF, 0x01, 0x80, 0x7F, 0x00, 0xFF,
  0xC0, 0x3F, 0xFF, 0xC0, 0x3F, 0x78, 0x80, 0x03, 0x1C, 0x00, 0x06, 0x0C, 0x00, 0x0C, 0x0E, 0x00,
  0x1C, 0x06, 0x00, 0x18, 0x07, 0x00, 0x38, 0x03, 0x00, 0x30, 0x03, 0x00, 0x30, 0xC3, 0x3F, 0x30,
  0xC3, 0x3F, 0x30, 0x03, 0x00, 0x30, 0x03, 0x00, 0x30, 0x03, 0x00, 0x30, 0x06, 0x00, 0x18, 0x06,
  0x00, 0x18, 0x0C, 0x00, 0x0C, 0x1C, 0x00, 0x0E, 0x78, 0x80, 0x07, 0xE0, 0xFF, 0x01, 0x80, 0x7F,
  0x00, 0xFF, 0xC0, 0x3F, 0xFF, 0xC0, 0x3F, 0x78, 0x80, 0x07, 0x1C, 0x00, 0x0E, 0x0C, 0x00, 0x0C,
  0x0E, 0x00, 0x1C, 0x06, 0x00, 0x18, 0x07, 0x00, 0x38, 0x03, 0x00, 0x30, 0x03, 0x0C, 0x30, 0x03,
  0x0E, 0x30, 0x03, 0x0E, 0x30, 0x03, 0x0C, 0x30, 0x03, 0x00, 0x30, 0x03, 0x00, 0x30, 0x06, 0x00,
  0x18, 0x06, 0x00, 0x18, 0x0C, 0x00, 0x0C, 0x1C, 0x00, 0x0E, 0x78, 0x80, 0x07, 0xE0, 0xFF, 0x01,
  0x80, 0x7F, 0x00, 0x80, 0x7F, 0x00, 0xE0, 0xFF, 0x01, 0x78, 0x80, 0x07, 0x1C, 0x00, 0x0E, 0x0C,
  0x00, 0x0C, 0x06, 0x00, 0x18, 0x06, 0x00, 0x18, 0x03, 0x00, 0x30, 0x03, 0x00, 0x30, 0x03, 0x00,
  0x30, 0x03, 0x00, 0x30, 0x03, 0x00, 0x30, 0x03, 0x00, 0x30, 0x03, 0x00, 0x30, 0x07, 0x00, 0x38,
  0x06, 0x00, 0x18, 0x0E, 0x00, 0x1C, 0x0C, 0x00, 0x0C, 0x1C, 0x00, 0x0E, 0x78, 0x80, 0x07, 0xFF,
  0xC0, 0x3F, 0xFF, 0xC0, 0x3F, 0x0C, 0xFE, 0x01, 0x8C, 0xFF, 0x07, 0xEC, 0x03, 0x1E, 0xFC, 0x00,
  0x38, 0x3C, 0x00, 0x30, 0x3C, 0x00, 0x70, 0x1C, 0x00, 0x60, 0x0C, 0x00, 0xE0, 0x0C, 0x00, 0xC0,
  0x00, 0x00, 0xC0, 0x00, 0x00, 0xC0, 0x00, 0x00, 0xC0, 0x00, 0x00, 0xC0, 0x00, 0x00, 0xC0, 0x0C,
  0x00, 0xC0, 0x0C, 0x00, 0xE0, 0x1C, 0x00, 0x60, 0x3C, 0x00, 0x60, 0x3C, 0x00, 0x30, 0xFC, 0x00,
  0x38, 0xEC, 0x03, 0x1E, 0x8C, 0xFF, 0x07, 0x0C, 0xFE, 0x01, 0x3F, 0x00, 0x00, 0x3F, 0x00, 0x00,
  0x00, 0x00, 0xFC, 0x00, 0x00, 0xFC, 0x80, 0x7F, 0x30, 0xE0, 0xFF, 0x31, 0x78, 0xC0, 0x37, 0x1C,
  0x00, 0x3F, 0x0C, 0x00, 0x3C, 0x06, 0x00, 0x38, 0x06, 0x00, 0x38, 0x07, 0x00, 0x30, 0x03, 0x00,
  0x30, 0x03, 0x00, 0x00, 0x03, 0x00, 0x00, 0x03, 0x00, 0x00, 0x03, 0x00, 0x00, 0x03, 0x00, 0x00,
  0x03, 0x00, 0x30, 0x07, 0x00, 0x30, 0x06, 0x00, 0x38, 0x0E, 0x00, 0x3C, 0x0C, 0x00, 0x3C, 0x1C,
  0x00, 0x3F, 0x78, 0xC0, 0x37, 0xE0, 0xFF, 0x31, 0x80, 0x7F, 0x30, 0x03, 0x00, 0x00, 0x03, 0x00,
  0x00, 0xFF, 0xC3, 0x3F, 0xFF, 0xC3, 0x3F, 0xE3, 0x80, 0x07, 0x38, 0x00, 0x0E, 0x1C, 0x00, 0x0C,
  0x0E, 0x00, 0x18, 0x06, 0x00, 0x18, 0x07, 0x00, 0x38, 0x03, 0x00, 0x30, 0x03, 0x00, 0x30, 0x03,
  0x00, 0x30, 0x03, 0x00, 0x30, 0x03, 0x00, 0x30, 0x03, 0x00, 0x30, 0x07, 0x00, 0x18, 0x06, 0x00,
  0x18, 0x0E, 0x00, 0x1C, 0x1C, 0x00, 0x0E, 0x78, 0x80, 0x07, 0xF0, 0xFF, 0x01, 0x80, 0x7F, 0x00,
  0x03, 0x00, 0x00, 0x03, 0x00, 0x00, 0xFF, 0xC1, 0x3F, 0xFF, 0xC1, 0x3F, 0x73, 0x80, 0x03, 0x38,
  0x00, 0x06, 0x1C, 0x00, 0x0C, 0x0E, 0x00, 0x18, 0x06, 0x00, 0x18, 0x07, 0x00, 0x38, 0x03, 0x00,
  0x30, 0x03, 0x00, 0x30, 0xC3, 0x3F, 0x30, 0xC3, 0x3F, 0x30, 0x03, 0x00, 0x30, 0x03, 0x00, 0x30,
  0x07, 0x00, 0x18, 0x06, 0x00, 0x18, 0x0E, 0x00, 0x1C, 0x1C, 0x00, 0x0E, 0x78, 0x80, 0x07, 0xF0,
  0xFF, 0x01, 0x80, 0x7F, 0x00, 0x03, 0x00, 0x00, 0x03, 0x00, 0x00, 0xFF, 0xC1, 0x3F, 0xFF, 0xC1,
  0x3F, 0x73, 0x80, 0x07, 0x38, 0x00, 0x0E, 0x1C, 0x00, 0x0C, 0x0E, 0x00, 0x18, 0x06, 0x00, 0x18,
  0x07, 0x00, 0x38, 0x03, 0x0E, 0x30, 0x03, 0x0E, 0x30, 0x03, 0x0E, 0x30, 0x03, 0x04, 0x30, 0x03,
  0x00, 0x30, 0x03, 0x00, 0x30, 0x07, 0x00, 0x18, 0x06, 0x00, 0x18, 0x0E, 0x00, 0x1C, 0x1C, 0x00,
  0x0E, 0x78, 0x80, 0x07, 0xF0, 0xFF, 0x01, 0x80, 0x7F, 0x00, 0x80, 0x7F, 0x00, 0xE0, 0xFF, 0x01,
  0x78, 0x80, 0x07, 0x1C, 0x00, 0x0E, 0x0C, 0x00, 0x0C, 0x06, 0x00, 0x18, 0x06, 0x00, 0x18, 0x03,
  0x00, 0x30, 0x03, 0x00, 0x30, 0x03, 0x00, 0x30, 0x03, 0x00, 0x30, 0x03, 0x00, 0x30, 0x03, 0x00,
  0x30, 0x03, 0x00, 0x30, 0x06, 0x00, 0x38, 0x06, 0x00, 0x18, 0x0C, 0x00, 0x1C, 0x1C, 0x00, 0x0C,
  0x7B, 0x00, 0x0E, 0xE3, 0x80, 0x07, 0xFF, 0xC3, 0x3F, 0xFF, 0xC3, 0x3F, 0x03, 0x00, 0x00, 0x18,
  0xF0, 0x0F, 0x00, 0x18, 0xFC, 0x3F, 0x00, 0x18, 0x0F, 0x70, 0x00, 0x98, 0x03, 0xE0, 0x00, 0xD8,
  0x01, 0xC0, 0x00, 0xD8, 0x00, 0x80, 0x01, 0x78, 0x00, 0x80, 0x01, 0x38, 0x00, 0x80, 0x01, 0x38,
  0x00, 0x80, 0x01, 0x38, 0x00, 0x80, 0x01, 0x18, 0x00, 0xC0, 0x00, 0x18, 0x00, 0xE0, 0x00, 0x00,
  0x00, 0x78, 0x00, 0x00, 0x80, 0x3F, 0x00, 0x00, 0x80, 0x3F, 0x00, 0x00, 0x00, 0x78, 0x00, 0x18,
  0x00, 0xE0, 0x00, 0x18, 0x00, 0xC0, 0x00, 0x18, 0x00, 0x80, 0x01, 0x38, 0x00, 0x80, 0x01, 0x38,
  0x00, 0x80, 0x01, 0x78, 0x00, 0x80, 0x01, 0xF8, 0x00, 0x80, 0x01, 0xD8, 0x01, 0xC0, 0x00, 0x98,
  0x03, 0xE0, 0x00, 0x18, 0x1F, 0x70, 0x00, 0x3F, 0xFC, 0x3F, 0x00, 0x3F, 0xF0, 0x0F, 0x00, 0xE0,
  0x1F, 0x30, 0xF8, 0x7F, 0x30, 0x1C, 0xF0, 0x31, 0x0E, 0x80, 0x33, 0x06, 0x00, 0x37, 0x03, 0x00,
  0x36, 0x03, 0x00, 0x3C, 0x03, 0x00, 0x38, 0x03, 0x00, 0x38, 0x03, 0x00, 0x38, 0x07, 0x00, 0x30,
  0x0E, 0x00, 0x30, 0x3C, 0x00, 0x00, 0xF8, 0x01, 0x00, 0xF8, 0x01, 0x00, 0x3C, 0x00, 0x00, 0x0E,
  0x00, 0x30, 0x06, 0x00, 0x30, 0x03, 0x00, 0x30, 0x03, 0x00, 0x38, 0x03, 0x00, 0x38, 0x03, 0x00,
  0x3C, 0x03, 0x00, 0x3E, 0x06, 0x00, 0x37, 0x0E, 0x80, 0x33, 0x3C, 0xE0, 0x31, 0xF8, 0x7F, 0xFC,
  0xE0, 0x1F, 0xFC, 0x03, 0x00, 0x00, 0x03, 0x00, 0x00, 0xFF, 0xC0, 0x3F, 0xFF, 0xC0, 0x3F, 0x73,
  0x80, 0x03, 0x38, 0x00, 0x06, 0x1C, 0x00, 0x0C, 0x0C, 0x00, 0x1C, 0x06, 0x00, 0x18, 0x06, 0x00,
  0x18, 0x06, 0x00, 0x30, 0x03, 0x00, 0x30, 0x03, 0x00, 0x30, 0x03, 0x00, 0x30, 0x03, 0x00, 0x30,
  0x03, 0x06, 0x30, 0x03, 0x06, 0x30, 0x03, 0x06, 0x30, 0x03, 0x06, 0x18, 0x06, 0x0F, 0x18, 0x8E,
  0x13, 0x0E, 0xFC, 0xF3, 0x0F, 0xF8, 0xE0, 0x03, 0x03, 0x00, 0x00, 0x03, 0x00, 0x00, 0xFF, 0xC0,
  0x3F, 0xFF, 0xC0, 0x3F, 0x73, 0x80, 0x03, 0x38, 0x00, 0x06, 0x1C, 0x00, 0x0C, 0x0C, 0x00, 0x1C,
  0x06, 0x00, 0x18, 0x86, 0x3F, 0x18, 0x86, 0x3F, 0x30, 0x03, 0x00, 0x30, 0x03, 0x00, 0x30, 0x03,
  0x00, 0x30, 0x03, 0x00, 0x30, 0x03, 0x06, 0x30, 0x03, 0x06, 0x30, 0x03, 0x06, 0x30, 0x03, 0x07,
  0x18, 0x06, 0x0F, 0x18, 0x8E, 0x13, 0x0E, 0xFC, 0xF3, 0x0F, 0xF8, 0xE0, 0x03, 0x03, 0x00, 0x00,
  0x03, 0x00, 0x00, 0xFF, 0xC1, 0x3F, 0xFF, 0xC1, 0x3F, 0x63, 0x80, 0x03, 0x38, 0x00, 0x06, 0x1C,
  0x00, 0x0C, 0x0C, 0x00, 0x1C, 0x06, 0x00, 0x18, 0x06, 0x0C, 0x18, 0x06, 0x0E, 0x30, 0x03, 0x0E,
  0x30, 0x03, 0x0C, 0x30, 0x03, 0x00, 0x30, 0x03, 0x00, 0x30, 0x03, 0x00, 0x30, 0x03, 0x06, 0x30,
  0x03, 0x06, 0x30, 0x03, 0x06, 0x18, 0x06, 0x0F, 0x18, 0x8E, 0x13, 0x0E, 0xFC, 0xF3, 0x0F, 0xF8,
  0xE0, 0x03, 0xF8, 0xF0, 0x03, 0xFC, 0xF9, 0x07, 0x8E, 0x1F, 0x0E, 0x06, 0x0F, 0x18, 0x03, 0x06,
  0x18, 0x03, 0x06, 0x30, 0x03, 0x06, 0x30, 0x03, 0x06, 0x30, 0x03, 0x00, 0x30, 0x03, 0x00, 0x30,
  0x03, 0x00, 0x30, 0x03, 0x00, 0x30, 0x03, 0x00, 0x30, 0x06, 0x00, 0x38, 0x06, 0x00, 0x18, 0x0E,
  0x00, 0x18, 0x0C, 0x00, 0x1C, 0x1C, 0x00, 0x0E, 0x3B, 0x00, 0x07, 0x73, 0x80, 0x03, 0xFF, 0xC0,
  0x3F, 0xFF, 0xC0, 0x3F, 0x03, 0x00, 0x00, 0x03, 0x00, 0x00, 0x03, 0xFC, 0x01, 0x87, 0xFF, 0x07,
  0xFE, 0x03, 0x0E, 0x7C, 0x00, 0x1C, 0x00, 0x00, 0x18, 0x00, 0x00, 0x18, 0x00, 0x00, 0x30, 0x00,
  0x00, 0x30, 0x00, 0x00, 0x30, 0x00, 0x00, 0x30, 0x00, 0x00, 0x30, 0x00, 0x00, 0x30, 0x00, 0x00,
  0x30, 0x00, 0x00, 0x30, 0x00, 0x00, 0x18, 0x00, 0x00, 0x18, 0x7C, 0x00, 0x1C, 0xFE, 0x07, 0x0F,
  0x87, 0xFF, 0x07, 0x03, 0xFC, 0x01, 0x03, 0x00, 0x00, 0x00, 0x00, 0x30, 0xE0, 0x0F, 0x30, 0xF8,
  0x7F, 0x38, 0x3C, 0xF0, 0x1F, 0x0E, 0x80, 0x0F, 0x06, 0x00, 0x00, 0x06, 0x00, 0x00, 0x03, 0x00,
  0x00, 0x03, 0x00, 0x00, 0x03, 0x00, 0x00, 0x03, 0x00, 0x00, 0x03, 0x00, 0x00, 0x03, 0x00, 0x00,
  0x03, 0x00, 0x00, 0x03, 0x00, 0x00, 0x06, 0x00, 0x00, 0x06, 0x00, 0x00, 0x0E, 0x80, 0x0F, 0x3C,
  0xF0, 0x1F, 0xF8, 0x7F, 0x38, 0xE0, 0x0F, 0x30, 0x00, 0x00, 0x30, 0x03, 0x00, 0x38, 0x07, 0x00,
  0x38, 0x06, 0x00, 0x0C, 0x06, 0x00, 0x0C, 0x06, 0x00, 0x0C, 0x06, 0x00, 0x0C, 0x06, 0x00, 0x1C,
  0x06, 0x00, 0x18, 0x07, 0x00, 0x18, 0x03, 0x00, 0x18, 0x03, 0x00, 0x30, 0x03, 0x00, 0x30, 0x03,
  0x00, 0x30, 0x03, 0x00, 0x30, 0x03, 0x00, 0x30, 0x03, 0x00, 0x30, 0x06, 0x00, 0x18, 0x06, 0x00,
  0x18, 0x0C, 0x00, 0x0C, 0x7C, 0x80, 0x07, 0xF0, 0xFF, 0x03, 0xC0, 0x7F, 0x00, 0x03, 0x00, 0x38,
  0x07, 0x00, 0x38, 0x06, 0x00, 0x0C, 0x06, 0x00, 0x0C, 0x06, 0x00, 0x0C, 0x06, 0x00, 0x0C, 0x06,
  0x00, 0x1C, 0x06, 0x00, 0x18, 0x07, 0x00, 0x18, 0x03, 0x00, 0x18, 0xC3, 0x3F, 0x30, 0xC3, 0x3F,
  0x30, 0x03, 0x00, 0x30, 0x03, 0x00, 0x30, 0x03, 0x00, 0x30, 0x03, 0x00, 0x30, 0x06, 0x00, 0x18,
  0x06, 0x00, 0x18, 0x0C, 0x00, 0x0C, 0x7C, 0x80, 0x07, 0xF0, 0xFF, 0x03, 0xC0, 0x7F, 0x00, 0x03,
  0x00, 0x38, 0x07, 0x00, 0x38, 0x06, 0x00, 0x0C, 0x06, 0x00, 0x0C, 0x06, 0x00, 0x0C, 0x06, 0x00,
  0x0C, 0x06, 0x00, 0x1C, 0x06, 0x00, 0x18, 0x07, 0x00, 0x18, 0x03, 0x00, 0x18, 0x03, 0x0C, 0x30,
  0x03, 0x0E, 0x30, 0x03, 0x0E, 0x30, 0x03, 0x0C, 0x30, 0x03, 0x00, 0x30, 0x03, 0x00, 0x30, 0x06,
  0x00, 0x18, 0x06, 0x00, 0x18, 0x0C, 0x00, 0x0C, 0x7C, 0x80, 0x07, 0xF0, 0xFF, 0x03, 0xC0, 0x7F,
  0x00, 0xC0, 0x7F, 0x00, 0xF0, 0xFF, 0x03, 0x3C, 0x80, 0x07, 0x0C, 0x00, 0x0C, 0x06, 0x00, 0x18,
  0x06, 0x00, 0x18, 0x03, 0x00, 0x30, 0x03, 0x00, 0x30, 0x03, 0x00, 0x30, 0x03, 0x00, 0x30, 0x03,
  0x00, 0x30, 0x03, 0x00, 0x30, 0x03, 0x00, 0x38, 0x07, 0x00, 0x18, 0x06, 0x00, 0x18, 0x06, 0x00,
  0x0C, 0x06, 0x00, 0x0C, 0x06, 0x00, 0x0C, 0x06, 0x00, 0x0C, 0x06, 0x00, 0x0C, 0x07, 0x00, 0x38,
  0x03, 0x00, 0x38, 0x03, 0x0C, 0x03, 0x0E, 0x83, 0x0F, 0xC3, 0x0F, 0xE3, 0x0C, 0x7B, 0x0C, 0x3F,
  0x0C, 0x1F, 0x0C, 0x07, 0x0C, 0x03, 0x0C, 0x0C, 0x30, 0x0C, 0x38, 0x0C, 0x3C, 0x0C, 0x3E, 0x0C,
  0x37, 0xFF, 0xFF, 0xFF, 0xFF, 0xEC, 0x30, 0x7C, 0x30, 0x3C, 0x30, 0x1C, 0x30, 0x0C, 0x30, 0x03,
  0x00, 0x00, 0x03, 0xF8, 0x01, 0x03, 0xFF, 0x07, 0xC7, 0x07, 0x0F, 0xFE, 0x01, 0x1C, 0x7C, 0x00,
  0x18, 0x00, 0x00, 0x18, 0x03, 0x00, 0x30, 0x03, 0x00, 0x30, 0x03, 0x00, 0x30, 0xFF, 0x00, 0x30,
  0xFF, 0x00, 0x30, 0x03, 0x00, 0x30, 0x03, 0x00, 0x30, 0x03, 0x00, 0x30, 0x00, 0x00, 0x30, 0x00,
  0x00, 0x18, 0x7C, 0x00, 0x18, 0xFE, 0x01, 0x1C, 0xC7, 0x07, 0x0F, 0x03, 0xFF, 0x07, 0x03, 0xF8,
  0x01, 0x03, 0x00, 0x00, 0x00, 0x00, 0x30, 0xE0, 0x07, 0x30, 0xF8, 0x3F, 0x30, 0x3C, 0xF8, 0x38,
  0x0E, 0xE0, 0x1F, 0x06, 0x80, 0x0F, 0x06, 0x00, 0x00, 0x03, 0x00, 0x30, 0x03, 0x00, 0x30, 0x03,
  0x00, 0x30, 0x03, 0xC0, 0x3F, 0x03, 0xC0, 0x3F, 0x03, 0x00, 0x30, 0x03, 0x00, 0x30, 0x03, 0x00,
  0x30, 0x03, 0x00, 0x00, 0x06, 0x00, 0x00, 0x06, 0x80, 0x0F, 0x0E, 0xE0, 0x1F, 0x3C, 0xF8, 0x38,
  0xF8, 0x3F, 0x30, 0xE0, 0x07, 0x30, 0x00, 0x00, 0x30, 0x03, 0x00, 0x38, 0x87, 0x3F, 0x38, 0x86,
  0x3F, 0x0C, 0x06, 0x06, 0x0C, 0x06, 0x06, 0x0C, 0x06, 0x06, 0x0C, 0x06, 0x06, 0x1C, 0x06, 0x06,
  0x18, 0x07, 0x06, 0x18, 0x03, 0x00, 0x18, 0x03, 0x00, 0x30, 0x03, 0x00, 0x30, 0x03, 0x00, 0x30,
  0x03, 0x00, 0x30, 0x03, 0x00, 0x30, 0x03, 0x00, 0x30, 0x06, 0x00, 0x18, 0x06, 0x00, 0x18, 0x0C,
  0x00, 0x0C, 0x7C, 0x80, 0x07, 0xF0, 0xFF, 0x03, 0xC0, 0x7F, 0x00, 0x03, 0x00, 0x38, 0x87, 0x3F,
  0x38, 0x86, 0x3F, 0x0C, 0x06, 0x06, 0x0C, 0x06, 0x06, 0x0C, 0x06, 0x06, 0x0C, 0x06, 0x06, 0x1C,
  0x06, 0x06, 0x18, 0x07, 0x06, 0x18, 0x03, 0x00, 0x18, 0x03, 0x00, 0x30, 0x03, 0x00, 0x30, 0xC3,
  0x3F, 0x30, 0xC3, 0x3F, 0x30, 0x03, 0x00, 0x30, 0x03, 0x00, 0x30, 0x06, 0x00, 0x18, 0x06, 0x00,
  0x18, 0x0C, 0x00, 0x0C, 0x7C, 0x80, 0x07, 0xF0, 0xFF, 0x03, 0xC0, 0x7F, 0x00, 0x03, 0x00, 0x38,
  0x87, 0x3F, 0x38, 0x86, 0x3F, 0x0C, 0x06, 0x06, 0x0C, 0x06, 0x06, 0x0C, 0x06, 0x06, 0x0C, 0x06,
  0x06, 0x1C, 0x06, 0x06, 0x18, 0x07, 0x06, 0x18, 0x03, 0x00, 0x18, 0x03, 0x00, 0x30, 0x03, 0x00,
  0x30, 0x03, 0x0E, 0x30, 0x03, 0x0E, 0x30, 0x03, 0x0E, 0x30, 0x03, 0x0C, 0x30, 0x06, 0x00, 0x18,
  0x06, 0x00, 0x18, 0x0C, 0x00, 0x0C, 0x7C, 0x80, 0x07, 0xF0, 0xFF, 0x03, 0xC0, 0x7F, 0x00, 0xC0,
  0x7F, 0x00, 0xF0, 0xFF, 0x03, 0x3C, 0x80, 0x07, 0x0C, 0x00, 0x0C, 0x06, 0x00, 0x18, 0x06, 0x00,
  0x18, 0x03, 0x00, 0x30, 0x03, 0x00, 0x30, 0x03, 0x00, 0x30, 0x03, 0x00, 0x30, 0x03, 0x00, 0x30,
  0x03, 0x00, 0x30, 0x03, 0x00, 0x38, 0x07, 0x06, 0x18, 0x06, 0x06, 0x18, 0x06, 0x06, 0x0C, 0x06,
  0x06, 0x0C, 0x06, 0x06, 0x0C, 0x06, 0x06, 0x0C, 0x86, 0x3F, 0x0C, 0x87, 0x3F, 0x38, 0x03, 0x00,
  0x38, 0x03, 0x00, 0x00, 0x03, 0xF0, 0x03, 0x03, 0xFE, 0x0F, 0x87, 0x0F, 0x1C, 0xFE, 0x01, 0x38,
  0x7C, 0x00, 0x30, 0x00, 0x00, 0x30, 0x00, 0x00, 0x30, 0x00, 0x00, 0x30, 0x00, 0x00, 0x30, 0x00,
  0x00, 0x18, 0x00, 0x00, 0x1C, 0xFF, 0xFF, 0x0F, 0xFF, 0xFF, 0x0F, 0x00, 0x00, 0x1C, 0x00, 0x00,
  0x18, 0x00, 0x00, 0x30, 0x00, 0x00, 0x30, 0x00, 0x00, 0x30, 0x00, 0x00, 0x30, 0x7C, 0x00, 0x30,
  0xFE, 0x03, 0x38, 0xFF, 0x0F, 0x1C, 0x87, 0xFF, 0x0F, 0x03, 0xF8, 0x03, 0x00, 0x00, 0x30, 0xF0,
  0x03, 0x30, 0xFC, 0x1F, 0x30, 0x0E, 0x7C, 0x38, 0x07, 0xF0, 0x1F, 0x03, 0x80, 0x0F, 0x03, 0x00,
  0x00, 0x03, 0x00, 0x00, 0x03, 0x00, 0x00, 0x03, 0x00, 0x00, 0x06, 0x00, 0x00, 0x1E, 0x00, 0x00,
  0xFC, 0xFF, 0x3F, 0xFC, 0xFF, 0x3F, 0x0E, 0x00, 0x00, 0x06, 0x00, 0x00, 0x03, 0x00, 0x00, 0x03,
  0x00, 0x00, 0x03, 0x00, 0x00, 0x03, 0x00, 0x00, 0x03, 0x80, 0x0F, 0x07, 0xE0, 0x1F, 0x0E, 0xFC,
  0x3F, 0xFC, 0x7F, 0x38, 0xF8, 0x07, 0x30, 0x03, 0x06, 0x38, 0x07, 0x06, 0x3C, 0x06, 0x06, 0x0C,
  0x06, 0x06, 0x0C, 0x06, 0x06, 0x0C, 0x06, 0x06, 0x0C, 0x06, 0x06, 0x1C, 0x06, 0x06, 0x18, 0x07,
  0x06, 0x18, 0x03, 0x06, 0x18, 0x03, 0x06, 0x30, 0x03, 0x06, 0x30, 0x03, 0x06, 0x30, 0x03, 0x06,
  0x30, 0x03, 0x06, 0x30, 0x03, 0x0F, 0x30, 0x07, 0x0F, 0x18, 0x86, 0x1B, 0x1C, 0xFE, 0xF9, 0x0F,
  0xF8, 0xE0, 0x07, 0x03, 0x06, 0x38, 0x07, 0x06, 0x3C, 0x06, 0x06, 0x0C, 0x06, 0x06, 0x0C, 0x06,
  0x06, 0x0C, 0x06, 0x06, 0x0C, 0x06, 0x06, 0x1C, 0x06, 0x06, 0x18, 0x07, 0x06, 0x18, 0xC3, 0x7F,
  0x18, 0xC3, 0x7F, 0x30, 0x03, 0x06, 0x30, 0x03, 0x06, 0x30, 0x03, 0x06, 0x30, 0x03, 0x06, 0x30,
  0x03, 0x0F, 0x30, 0x07, 0x0F, 0x18, 0x86, 0x19, 0x1C, 0xFE, 0xF9, 0x0F, 0x78, 0xE0, 0x07, 0x03,
  0x06, 0x38, 0x07, 0x06, 0x3C, 0x06, 0x06, 0x0C, 0x06, 0x06, 0x0C, 0x06, 0x06, 0x0C, 0x06, 0x06,
  0x0C, 0x06, 0x0E, 0x1C, 0x06, 0x1F, 0x18, 0x87, 0x1F, 0x18, 0x83, 0x1F, 0x18, 0x03, 0x1F, 0x30,
  0x03, 0x0E, 0x30, 0x03, 0x06, 0x30, 0x03, 0x06, 0x30, 0x03, 0x06, 0x30, 0x03, 0x0F, 0x30, 0x07,
  0x0F, 0x18, 0x86, 0x19, 0x1C, 0xFE, 0xF9, 0x0F, 0xF8, 0xE0, 0x07, 0xF8, 0xC0, 0x07, 0xFC, 0xF3,
  0x0F, 0x86, 0x13, 0x1C, 0x07, 0x0F, 0x38, 0x03, 0x0F, 0x30, 0x03, 0x06, 0x30, 0x03, 0x06, 0x30,
  0x03, 0x06, 0x30, 0x03, 0x06, 0x30, 0x03, 0x06, 0x30, 0x03, 0x06, 0x18, 0x07, 0x06, 0x18, 0x06,
  0x06, 0x18, 0x06, 0x06, 0x1C, 0x06, 0x06, 0x0C, 0x06, 0x06, 0x0C, 0x06, 0x06, 0x0C, 0x06, 0x06,
  0x0C, 0x07, 0x06, 0x3C, 0x03, 0x06, 0x38, 0x03, 0x00, 0x00, 0x03, 0xF0, 0x03, 0x03, 0xFE, 0x0F,
  0x87, 0x0F, 0x1C, 0xFE, 0x01, 0x38, 0x7C, 0x00, 0x30, 0x60, 0x00, 0x30, 0x60, 0x00, 0x30, 0x60,
  0x00, 0x30, 0x60, 0x00, 0x30, 0x60, 0x00, 0x18, 0x60, 0x00, 0x1C, 0xFF, 0xFF, 0x0F, 0xFF, 0xFF,
  0x0F, 0x60, 0x00, 0x1C, 0x60, 0x00, 0x38, 0x60, 0x00, 0x30, 0x60, 0x00, 0x30, 0x60, 0x00, 0x30,
  0x60, 0x00, 0x30, 0xFC, 0x00, 0x38, 0xFE, 0x07, 0x1C, 0x87, 0xFF, 0x0F, 0x03, 0xF8, 0x07, 0x03,
  0x00, 0x00, 0x00, 0x00, 0x30, 0xF0, 0x03, 0x30, 0xFC, 0x1F, 0x30, 0x0E, 0x7C, 0x38, 0x07, 0xF0,
  0x1F, 0x03, 0xC0, 0x0F, 0x03, 0xC0, 0x00, 0x03, 0xC0, 0x00, 0x03, 0xC0, 0x00, 0x03, 0xC0, 0x00,
  0x06, 0xC0, 0x00, 0x1E, 0xC0, 0x00, 0xFC, 0xFF, 0x3F, 0xFC, 0xFF, 0x3F, 0x0E, 0xC0, 0x00, 0x07,
  0xC0, 0x00, 0x03, 0xC0, 0x00, 0x03, 0xC0, 0x00, 0x03, 0xC0, 0x00, 0x03, 0xC0, 0x00, 0x07, 0xC0,
  0x0F, 0x0E, 0xF8, 0x1F, 0xFC, 0x7F, 0x38, 0xF8, 0x07, 0x30, 0x00, 0x00, 0x30, 0x03, 0x06, 0x38,
  0x07, 0x06, 0x3C, 0x06, 0x06, 0x0C, 0x06, 0x06, 0x0C, 0x06, 0x06, 0x0C, 0xFE, 0xFF, 0x0F, 0xFE,
  0xFF, 0x1F, 0x06, 0x06, 0x18, 0x07, 0x06, 0x18, 0x03, 0x06, 0x18, 0x03, 0x06, 0x30, 0x03, 0x06,
  0x30, 0x03, 0x06, 0x30, 0x03, 0x06, 0x30, 0x03, 0x06, 0x30, 0x03, 0x0F, 0x30, 0x07, 0x0F, 0x18,
  0x86, 0x1B, 0x1C, 0xFE, 0xF9, 0x0F, 0xF8, 0xE0, 0x07, 0x03, 0x06, 0x38, 0x07, 0x06, 0x3C, 0x06,
  0x06, 0x0C, 0x06, 0x06, 0x0C, 0x06, 0x06, 0x0C, 0xFE, 0xFF, 0x0F, 0xFE, 0xFF, 0x1F, 0x06, 0x06,
  0x18, 0x07, 0x06, 0x18, 0x03, 0x06, 0x18, 0x03, 0x06, 0x30, 0xC3, 0x7F, 0x30, 0xC3, 0x7F, 0x30,
  0x03, 0x06, 0x30, 0x03, 0x06, 0x30, 0x03, 0x0F, 0x30, 0x07, 0x0F, 0x18, 0x86, 0x19, 0x1C, 0xFE,
  0xF9, 0x0F, 0x78, 0xE0, 0x07, 0x03, 0x06, 0x38, 0x07, 0x06, 0x3C, 0x06, 0x06, 0x0C, 0x06, 0x06,
  0x0C, 0x06, 0x06, 0x0C, 0xFE, 0xFF, 0x0F, 0xFE, 0xFF, 0x1F, 0x06, 0x06, 0x18, 0x07, 0x06, 0x18,
  0x03, 0x0E, 0x18, 0x03, 0x1F, 0x30, 0x83, 0x1F, 0x30, 0x83, 0x1F, 0x30, 0x03, 0x1F, 0x30, 0x03,
  0x0E, 0x30, 0x03, 0x0F, 0x30, 0x07, 0x0F, 0x18, 0x86, 0x1F, 0x1C, 0xFE, 0xF9, 0x0F, 0x78, 0xE0,
  0x07, 0xF8, 0xC0, 0x07, 0xFC, 0xF3, 0x0F, 0x86, 0x13, 0x1C, 0x07, 0x0F, 0x38, 0x03, 0x0F, 0x30,
  0x03, 0x06, 0x30, 0x03, 0x06, 0x30, 0x03, 0x06, 0x30, 0x03, 0x06, 0x30, 0x03, 0x06, 0x30, 0x03,
  0x06, 0x18, 0x07, 0x06, 0x18, 0x06, 0x06, 0x18, 0xFE, 0xFF, 0x1F, 0xFE, 0xFF, 0x0F, 0x06, 0x06,
  0x0C, 0x06, 0x06, 0x0C, 0x06, 0x06, 0x0C, 0x07, 0x06, 0x3C, 0x03, 0x06, 0x38, 0xF8, 0x30, 0xF8,
  0x30, 0x8C, 0x31, 0x8C, 0x31, 0x8C, 0x31, 0xFF, 0xFF, 0xFF, 0xFF, 0x8C, 0x31, 0x8C, 0x31, 0x8C,
  0x1F, 0x00, 0x1F, 0x03, 0x00, 0x00, 0x03, 0xF0, 0x03, 0x03, 0xFE, 0x0F, 0x87, 0x0F, 0x1C, 0xFE,
  0x01, 0x38, 0x7C, 0x00, 0x30, 0x60, 0x00, 0x30, 0x60, 0x00, 0x30, 0x60, 0x00, 0x30, 0x63, 0x00,
  0x30, 0x63, 0x00, 0x18, 0x63, 0x00, 0x1C, 0xFF, 0xFF, 0x0F, 0xFF, 0xFF, 0x0F, 0x63, 0x00, 0x1C,
  0x63, 0x00, 0x38, 0x63, 0x00, 0x30, 0x60, 0x00, 0x30, 0x60, 0x00, 0x30, 0x60, 0x00, 0x30, 0xFC,
  0x00, 0x38, 0xFE, 0x07, 0x1C, 0x87, 0xFF, 0x0F, 0x03, 0xF8, 0x07, 0x03, 0x00, 0x00, 0x00, 0x00,
  0x30, 0xF0, 0x03, 0x30, 0xFC, 0x1F, 0x30, 0x0E, 0x7C, 0x38, 0x07, 0xF0, 0x1F, 0x03, 0xC0, 0x0F,
  0x03, 0xC0, 0x00, 0x03, 0xC0, 0x00, 0x03, 0xC0, 0x00, 0x03, 0xC0, 0x30, 0x06, 0xC0, 0x30, 0x1E,
  0xC0, 0x30, 0xFC, 0xFF, 0x3F, 0xFC, 0xFF, 0x3F, 0x0E, 0xC0, 0x30, 0x07, 0xC0, 0x30, 0x03, 0xC0,
  0x30, 0x03, 0xC0, 0x00, 0x03, 0xC0, 0x00, 0x03, 0xC0, 0x00, 0x07, 0xC0, 0x0F, 0x0E, 0xF8, 0x1F,
  0xFC, 0x7F, 0x38, 0xF8, 0x07, 0x30, 0x00, 0x00, 0x30, 0x03, 0x00, 0x38, 0xC7, 0x3F, 0x3C, 0xC6,
  0x3F, 0x0C, 0x06, 0x06, 0x0C, 0x06, 0x06, 0x0C, 0xFE, 0xFF, 0x0F, 0xFE, 0xFF, 0x1F, 0x06, 0x06,
  0x18, 0x07, 0x06, 0x18, 0x03, 0x06, 0x18, 0x03, 0x06, 0x30, 0x03, 0x06, 0x30, 0x03, 0x06, 0x30,
  0x03, 0x06, 0x30, 0x03, 0x06, 0x30, 0x03, 0x0E, 0x30, 0x07, 0x0F, 0x18, 0x86, 0x19, 0x1C, 0xFE,
  0xF9, 0x0F, 0xF8, 0xE0, 0x07, 0x03, 0x00, 0x38, 0xC7, 0x3F, 0x3C, 0xC6, 0x3F, 0x0C, 0x06, 0x06,
  0x0C, 0x06, 0x06, 0x0C, 0xFE, 0xFF, 0x0F, 0xFE, 0xFF, 0x1F, 0x06, 0x06, 0x18, 0x07, 0x06, 0x18,
  0x03, 0x06, 0x18, 0x03, 0x06, 0x30, 0xC3, 0x7F, 0x30, 0xC3, 0x7F, 0x30, 0x03, 0x06, 0x30, 0x03,
  0x06, 0x30, 0x03, 0x0E, 0x30, 0x07, 0x0F, 0x18, 0x86, 0x19, 0x1C, 0xFE, 0xF9, 0x0F, 0xF8, 0xE0,
  0x07, 0x03, 0x00, 0x38, 0xC7, 0x3F, 0x3C, 0xC6, 0x3F, 0x0C, 0x06, 0x06, 0x0C, 0x06, 0x06, 0x0C,
  0xFE, 0xFF, 0x0F, 0xFE, 0xFF, 0x1F, 0x06, 0x06, 0x18, 0x07, 0x06, 0x18, 0x03, 0x0F, 0x18, 0x03,
  0x1F, 0x30, 0x83, 0x1F, 0x30, 0x83, 0x1F, 0x30, 0x03, 0x1F, 0x30, 0x03, 0x0F, 0x30, 0x03, 0x0E,
  0x30, 0x07, 0x0F, 0x18, 0x86, 0x1F, 0x1C, 0xFE, 0xF9, 0x0F, 0x78, 0xE0, 0x07, 0xF8, 0xC0, 0x07,
  0xFC, 0xF3, 0x0F, 0x86, 0x13, 0x1C, 0x07, 0x0F, 0x38, 0x03, 0x0F, 0x30, 0x03, 0x06, 0x30, 0x03,
  0x06, 0x30, 0x03, 0x06, 0x30, 0x03, 0x06, 0x30, 0x03, 0x06, 0x30, 0x03, 0x06, 0x18, 0x07, 0x06,
  0x18, 0x06, 0x06, 0x18, 0xFE, 0xFF, 0x1F, 0xFE, 0xFF, 0x0F, 0x06, 0x06, 0x0C, 0x06, 0x06, 0x0C,
  0x06, 0x06, 0x0C, 0xC7, 0x3F, 0x3C, 0xC3, 0x3F, 0x38, 0x03, 0x00, 0x00, 0x03, 0xF0, 0x03, 0x03,
  0xFE, 0x0F, 0x87, 0x0F, 0x1C, 0xFE, 0x01, 0x38, 0x7C, 0x00, 0x30, 0x00, 0x00, 0x30, 0x00, 0x00,
  0x30, 0x00, 0x00, 0x30, 0x03, 0x00, 0x30, 0x03, 0x00, 0x18, 0x03, 0x00, 0x1C, 0xFF, 0xFF, 0x0F,
  0xFF, 0xFF, 0x0F, 0x03, 0x00, 0x1C, 0x03, 0x00, 0x38, 0x03, 0x00, 0x30, 0x00, 0x00, 0x30, 0x00,
  0x00, 0x30, 0x00, 0x00, 0x30, 0xFC, 0x00, 0x38, 0xFE, 0x07, 0x1C, 0x87, 0xFF, 0x0F, 0x03, 0xF8,
  0x07, 0x03, 0x00, 0x00, 0x00, 0x00, 0x30, 0xF0, 0x03, 0x30, 0xFC, 0x1F, 0x30, 0x0E, 0x7C, 0x38,
  0x07, 0xF0, 0x1F, 0x03, 0x80, 0x0F, 0x03, 0x00, 0x00, 0x03, 0x00, 0x00, 0x03, 0x00, 0x00, 0x03,
  0x00, 0x30, 0x06, 0x00, 0x30, 0x1E, 0x00, 0x30, 0xFC, 0xFF, 0x3F, 0xFC, 0xFF, 0x3F, 0x0E, 0x00,
  0x30, 0x07, 0x00, 0x30, 0x03, 0x00, 0x30, 0x03, 0x00, 0x00, 0x03, 0x00, 0x00, 0x03, 0x00, 0x00,
  0x07, 0xC0, 0x0F, 0x0E, 0xF8, 0x1F, 0xFC, 0x7F, 0x38, 0xF8, 0x07, 0x30, 0x00, 0x00, 0x30, 0x03,
  0x00, 0x38, 0xC7, 0x3F, 0x3C, 0xC6, 0x3F, 0x0C, 0x06, 0x06, 0x0C, 0x06, 0x06, 0x0C, 0x06, 0x06,
  0x0C, 0x06, 0x06, 0x1C, 0x06, 0x06, 0x18, 0x07, 0x06, 0x18, 0x03, 0x06, 0x18, 0x03, 0x06, 0x30,
  0x03, 0x06, 0x30, 0x03, 0x06, 0x30, 0x03, 0x06, 0x30, 0x03, 0x06, 0x30, 0x03, 0x0E, 0x30, 0x07,
  0x0F, 0x18, 0x86, 0x19, 0x1C, 0xFE, 0xF9, 0x0F, 0x78, 0xE0, 0x07, 0x03, 0x00, 0x38, 0xC7, 0x3F,
  0x3C, 0xC6, 0x3F, 0x0C, 0x06, 0x06, 0x0C, 0x06, 0x06, 0x0C, 0x06, 0x06, 0x0C, 0x06, 0x06, 0x1C,
  0x06, 0x06, 0x18, 0x07, 0x06, 0x18, 0x03, 0x06, 0x18, 0xC3, 0x7F, 0x30, 0xC3, 0x7F, 0x30, 0x03,
  0x06, 0x30, 0x03, 0x06, 0x30, 0x03, 0x06, 0x30, 0x03, 0x0E, 0x30, 0x07, 0x0F, 0x18, 0x86, 0x1F,
  0x1C, 0xFE, 0xF9, 0x0F, 0x78, 0xE0, 0x07, 0x03, 0x00, 0x38, 0xC7, 0x3F, 0x3C, 0xC6, 0x3F, 0x0C,
  0x06, 0x06, 0x0C, 0x06, 0x06, 0x0C, 0x06, 0x06, 0x0C, 0x06, 0x06, 0x1C, 0x06, 0x0F, 0x18, 0x07,
  0x1F, 0x18, 0x83, 0x1F, 0x18, 0x83, 0x1F, 0x30, 0x03, 0x1F, 0x30, 0x03, 0x0F, 0x30, 0x03, 0x06,
  0x30, 0x03, 0x06, 0x30, 0x03, 0x0E, 0x30, 0x07, 0x0F, 0x18, 0x86, 0x19, 0x1C, 0xFE, 0xF9, 0x0F,
  0xF8, 0xE0, 0x07, 0xF8, 0xC0, 0x07, 0xFC, 0xF3, 0x0F, 0x86, 0x13, 0x1C, 0x07, 0x0F, 0x38, 0x03,
  0x0F, 0x30, 0x03, 0x06, 0x30, 0x03, 0x06, 0x30, 0x03, 0x06, 0x30, 0x03, 0x06, 0x30, 0x03, 0x06,
  0x30, 0x03, 0x06, 0x18, 0x07, 0x06, 0x18, 0x06, 0x06, 0x18, 0x06, 0x06, 0x1C, 0x06, 0x06, 0x0C,
  0x06, 0x06, 0x0C, 0x06, 0x06, 0x0C, 0x06, 0x06, 0x0C, 0xC7, 0x3F, 0x3C, 0xC3, 0x3F, 0x38, 0x03,
  0x00, 0x00, 0x03, 0xF8, 0x03, 0x07, 0xFF, 0x0F, 0xFF, 0x0F, 0x1C, 0xFE, 0x01, 0x38, 0x7C, 0x00,
  0x30, 0x38, 0x00, 0x30, 0x70, 0x00, 0x30, 0x60, 0x00, 0x30, 0xE3, 0x00, 0x30, 0xC3, 0x00, 0x18,
  0xC3, 0x01, 0x1C, 0xFF, 0xFF, 0x0F, 0xFF, 0xFF, 0x0F, 0xC3, 0x01, 0x1C, 0xC3, 0x00, 0x38, 0xE3,
  0x00, 0x30, 0x70, 0x00, 0x30, 0x30, 0x00, 0x30, 0x7C, 0x00, 0x30, 0xFE, 0x03, 0x38, 0xFE, 0x0F,
  0x1C, 0x07, 0xFF, 0x0F, 0x03, 0xF8, 0x07, 0x03, 0x00, 0x00, 0x00, 0x00, 0x30, 0xF0, 0x07, 0x30,
  0xFC, 0x3F, 0x38, 0x0E, 0xFC, 0x3F, 0x07, 0xF0, 0x1F, 0x03, 0x80, 0x0F, 0x03, 0x00, 0x03, 0x03,
  0x80, 0x03, 0x03, 0x80, 0x01, 0x03, 0xC0, 0x31, 0x06, 0xC0, 0x30, 0x1E, 0xE0, 0x30, 0xFC, 0xFF,
  0x3F, 0xFC, 0xFF, 0x3F, 0x0E, 0xE0, 0x30, 0x07, 0xC0, 0x30, 0x03, 0xC0, 0x31, 0x03, 0x80, 0x03,
  0x03, 0x00, 0x03, 0x03, 0x80, 0x0F, 0x07, 0xE0, 0x1F, 0x0E, 0xFC, 0x1F, 0xFC, 0x3F, 0x38, 0xF8,
  0x07, 0x30, 0x00, 0x00, 0x30, 0x03, 0x00, 0x38, 0xC7, 0x3F, 0x3C, 0xC6, 0x3F, 0x0C, 0x06, 0x06,
  0x0C, 0x1E, 0x86, 0x0F, 0x7E, 0xE6, 0x0F, 0xF6, 0xFF, 0x1D, 0xC6, 0x3F, 0x18, 0x07, 0x0F, 0x18,
  0x03, 0x06, 0x18, 0x03, 0x06, 0x30, 0x03, 0x06, 0x30, 0x03, 0x06, 0x30, 0x03, 0x06, 0x30, 0x03,
  0x06, 0x30, 0x03, 0x0E, 0x30, 0x07, 0x0F, 0x18, 0x86, 0x19, 0x1C, 0xFE, 0xF9, 0x0F, 0x78, 0xE0,
  0x07, 0x03, 0x00, 0x38, 0xC7, 0x3F, 0x3C, 0xC6, 0x3F, 0x0C, 0x06, 0x06, 0x0C, 0x1E, 0x86, 0x0F,
  0x7E, 0xE6, 0x0F, 0xF6, 0xFF, 0x1D, 0xC6, 0x3F, 0x18, 0x07, 0x0F, 0x18, 0x03, 0x06, 0x18, 0x03,
  0x06, 0x30, 0xC3, 0x7F, 0x30, 0xC3, 0x7F, 0x30, 0x03, 0x06, 0x30, 0x03, 0x06, 0x30, 0x03, 0x0E,
  0x30, 0x07, 0x0F, 0x18, 0x86, 0x19, 0x1C, 0xFE, 0xF9, 0x0F, 0xF8, 0xE0, 0x07, 0x03, 0x00, 0x38,
  0xC7, 0x3F, 0x3C, 0xC6, 0x3F, 0x0C, 0x06, 0x06, 0x0C, 0x1E, 0x86, 0x0F, 0x7E, 0xE6, 0x0F, 0xF6,
  0xFF, 0x1C, 0x86, 0x3F, 0x18, 0x07, 0x06, 0x18, 0x03, 0x0F, 0x18, 0x03, 0x1F, 0x30, 0x83, 0x1F,
  0x30, 0x83, 0x1F, 0x30, 0x03, 0x1F, 0x30, 0x03, 0x0F, 0x30, 0x03, 0x0E, 0x30, 0x07, 0x0F, 0x18,
  0x86, 0x19, 0x1C, 0xFE, 0xF9, 0x0F, 0x78, 0xE0, 0x07, 0xF8, 0xC0, 0x07, 0xFC, 0xF3, 0x0F, 0x86,
  0x13, 0x1C, 0x07, 0x0F, 0x38, 0x03, 0x0F, 0x30, 0x03, 0x06, 0x30, 0x03, 0x06, 0x30, 0x03, 0x06,
  0x30, 0x03, 0x06, 0x30, 0x03, 0x06, 0x30, 0x03, 0x06, 0x18, 0x07, 0x06, 0x18, 0x86, 0x1F, 0x18,
  0xE6, 0x7F, 0x1C, 0xFE, 0xFF, 0x0D, 0x7E, 0xC6, 0x0F, 0x1E, 0x06, 0x0F, 0x06, 0x06, 0x0C, 0xC7,
  0x3F, 0x3C, 0xC3, 0x3F, 0x38, 0x01, 0x00, 0x20, 0x07, 0x00, 0x38, 0x0F, 0x00, 0x3C, 0x3E, 0x00,
  0x1F, 0xF8, 0xC0, 0x07, 0xE0, 0xE1, 0x01, 0xC0, 0xFF, 0x00, 0x00, 0x3F, 0x00, 0x00, 0x3F, 0x00,
  0xC0, 0xFF, 0x00, 0xE0, 0xE1, 0x01, 0xF8, 0xC0, 0x07, 0x3E, 0x00, 0x1F, 0x0F, 0x00, 0x3C, 0x07,
  0x00, 0x38, 0x01, 0x00, 0x20, 0x00, 0x00, 0x83, 0x01, 0xC7, 0x01, 0xEE, 0x00, 0x7C, 0x00, 0x7C,
  0x00, 0xEE, 0x00, 0xC7, 0x01, 0x01, 0x01, 0x1C, 0x00, 0x00, 0x3E, 0x00, 0x00, 0x63, 0x00, 0x00,
  0x63, 0x00, 0x00, 0x63, 0x00, 0x00, 0x63, 0x00, 0x00, 0xE3, 0x07, 0x00, 0xE3, 0x07, 0x00, 0x00,
  0x00, 0x00, 0x00, 0x00, 0x00, 0x00, 0x00, 0x00, 0xF0, 0x07, 0x00, 0xFC, 0x0F, 0x00, 0x1E, 0x1C,
  0x00, 0x06, 0x30, 0x00, 0x07, 0x70, 0x00, 0x03, 0x60, 0x00, 0x03, 0x60, 0x00, 0x03, 0x60, 0x00,
  0x03, 0x60, 0x00, 0x07, 0x70, 0x00, 0x06, 0x30, 0x00, 0x1E, 0x3C, 0x00, 0xFC, 0xFF, 0x3F, 0xF0,
  0xFF, 0x3F, 0x1E, 0x00, 0x00, 0x1E, 0x00, 0x00, 0x33, 0x00, 0x00, 0x33, 0x00, 0x00, 0x33, 0x00,
  0x00, 0x3F, 0x00, 0x00, 0x3E, 0x00, 0x00, 0x30, 0x00, 0x00, 0xF0, 0x03, 0x00, 0xF0, 0x07, 0x00,
  0x00, 0x06, 0x00, 0x00, 0x06, 0x00, 0x00, 0x06, 0x00, 0x80, 0x07, 0x00, 0x80, 0x03, 0x00, 0x00,
  0x00, 0x00, 0x00, 0x00, 0x00, 0x00, 0x00, 0x00, 0xF0, 0x00, 0x00, 0xFC, 0x00, 0x00, 0x0E, 0x00,
  0x00, 0x06, 0x00, 0x00, 0x03, 0x00, 0x00, 0x03, 0x00, 0x00, 0x03, 0x00, 0x00, 0x03, 0x00, 0x00,
  0x03, 0x00, 0x00, 0x03, 0x00, 0x00, 0x07, 0x00, 0x00, 0x06, 0x00, 0x00, 0x1E, 0x00, 0x00, 0xF8,
  0xFF, 0x3F, 0xE0, 0xFF, 0x3F, 0x1E, 0x00, 0x00, 0x1E, 0x00, 0x00, 0x33, 0x00, 0x00, 0x33, 0x00,
  0x00, 0x33, 0x00, 0x00, 0x3F, 0x00, 0x00, 0x3E, 0x00, 0x00, 0x30, 0x00, 0x00, 0x30, 0x00, 0x00,
  0x3E, 0x00, 0x00, 0x3F, 0x00, 0x00, 0x33, 0x00, 0x00, 0x33, 0x00, 0x00, 0x33, 0x00, 0x00, 0x3F,
  0x00, 0x00, 0x3E, 0x00, 0x00, 0x30, 0x00, 0x00, 0xF0, 0x03, 0x00, 0xF0, 0x07, 0x00, 0x00, 0x06,
  0x00, 0x00, 0x06, 0x00, 0x00, 0x06, 0x00, 0x80, 0x07, 0x00, 0x80, 0x03, 0x00, 0x00, 0x00, 0x00,
  0x00, 0x00, 0x00, 0xE0, 0xFF, 0x3F, 0xF8, 0xFF, 0x3F, 0x1C, 0x00, 0x00, 0x0E, 0x00, 0x00, 0x07,
  0x00, 0x00, 0x03, 0x00, 0x00, 0x03, 0x00, 0x00, 0x03, 0x00, 0x00, 0x03, 0x00, 0x00, 0x03, 0x00,
  0x00, 0x03, 0x00, 0x00, 0x07, 0x00, 0x00, 0x06, 0x00, 0x00, 0x1E, 0x00, 0x00, 0xFC, 0x00, 0x00,
  0xF0, 0x00, 0x00, 0x80, 0x07, 0x00, 0x00, 0x80, 0x07, 0x00, 0x00, 0xC0, 0x0C, 0x00, 0x00, 0xC0,
  0x0C, 0x00, 0x00, 0xC0, 0x0C, 0x00, 0x00, 0xC0, 0x0F, 0x00, 0x00, 0x80, 0x0F, 0x00, 0x00, 0x00,
  0x0C, 0x00, 0x00, 0x00, 0x0C, 0x00, 0x00, 0x80, 0x0F, 0x00, 0x00, 0xC0, 0x0F, 0x00, 0x00, 0xC0,
  0x0C, 0x00, 0x00, 0xC0, 0x0C, 0x00, 0x00, 0xC0, 0x0C, 0x00, 0x00, 0xC0, 0x0F, 0x00, 0x00, 0x80,
  0x0F, 0x00, 0x00, 0x00, 0x0C, 0x00, 0x00, 0x00, 0xFC, 0x00, 0x00, 0x00, 0xFC, 0x01, 0x00, 0x00,
  0x80, 0x01, 0x00, 0x00, 0x80, 0x01, 0x00, 0x00, 0x80, 0x01, 0x00, 0x00, 0xE0, 0x01, 0x00, 0x00,
  0xE0, 0x00, 0x00, 0x00, 0x00, 0x00, 0x00, 0x00, 0x00, 0x00, 0x00, 0x00, 0xF8, 0xFF, 0x0F, 0x00,
  0xFE, 0xFF, 0x0F, 0x00, 0x07, 0x00, 0x00, 0x80, 0x01, 0x00, 0x00, 0xC0, 0x01, 0x00, 0x00, 0xC0,
  0x00, 0x00, 0x00, 0xC2, 0x00, 0x00, 0x00, 0xC7, 0x00, 0x00, 0x00, 0xC7, 0x00, 0x00, 0x00, 0xC2,
  0x00, 0x00, 0x00, 0xC0, 0x00, 0x00, 0x00, 0xC0, 0x01, 0x00, 0x00, 0x80, 0x01, 0x00, 0x00, 0x80,
  0x07, 0x00, 0x00, 0x00, 0x3F, 0x00, 0x00, 0x00, 0x3C, 0x00, 0x00, 0x1E, 0x00, 0x00, 0x1E, 0x00,
  0x00, 0x33, 0x00, 0x00, 0x33, 0x00, 0x00, 0x33, 0x00, 0x00, 0x3F, 0x00, 0x00, 0x3E, 0x00, 0x00,
  0x30, 0x00, 0x00, 0x30, 0x00, 0x00, 0x3E, 0x00, 0x00, 0x3F, 0x00, 0x00, 0x33, 0x00, 0x00, 0x33,
  0x00, 0x00, 0x33, 0x00, 0x00, 0x3F, 0x00, 0x00, 0x3E, 0x00, 0x00, 0x30, 0x00, 0x00, 0xF0, 0x03,
  0x00, 0xF0, 0x07, 0x00, 0x00, 0x06, 0x00, 0x00, 0xC6, 0x03, 0x00, 0xC6, 0x0F, 0x80, 0x07, 0x1F,
  0x80, 0x03, 0x18, 0x00, 0x00, 0x38, 0x00, 0x00, 0x30, 0x00, 0x00, 0x30, 0x00, 0x00, 0x30, 0x00,
  0x00, 0x30, 0x00, 0x00, 0x30, 0x00, 0x00, 0x38, 0x00, 0x00, 0x18, 0x00, 0x00, 0x0E, 0xFF, 0xFF,
  0x07, 0xFF, 0xFF, 0x01, 0x00, 0x0F, 0x00, 0x00, 0x00, 0x0F, 0x00, 0x00, 0x80, 0x19, 0x00, 0x00,
  0x80, 0x19, 0x00, 0x00, 0x80, 0x19, 0x00, 0x00, 0x80, 0x1F, 0x00, 0x00, 0x00, 0x1F, 0x00, 0x00,
  0x00, 0x18, 0x00, 0x00, 0x00, 0x18, 0x00, 0x00, 0x00, 0x1F, 0x00, 0x00, 0x80, 0x1F, 0x00, 0x00,
  0x80, 0x19, 0x00, 0x00, 0x80, 0x19, 0x00, 0x00, 0x80, 0x19, 0x00, 0x00, 0x80, 0x1F, 0x00, 0x00,
  0x00, 0x1F, 0x00, 0x00, 0x00, 0x18, 0x00, 0x00, 0x00, 0xF8, 0x01, 0x00, 0x00, 0xF8, 0x03, 0x00,
  0x00, 0x00, 0x03, 0x00, 0x00, 0x00, 0xE3, 0x01, 0x00, 0x00, 0xE3, 0x07, 0x00, 0xC0, 0x83, 0x0F,
  0x00, 0xC0, 0x01, 0x0C, 0x00, 0x00, 0x00, 0x1C, 0x00, 0x00, 0x00, 0x18, 0x00, 0x00, 0x00, 0x18,
  0x00, 0x00, 0x00, 0x18, 0x00, 0x00, 0x00, 0x18, 0x00, 0x00, 0x00, 0x18, 0x00, 0x00, 0x00, 0x1C,
  0x00, 0x00, 0x00, 0x0C, 0x02, 0x00, 0x00, 0x07, 0x87, 0xFF, 0xFF, 0x03, 0x87, 0xFF, 0xFF, 0x00,
  0x02, 0x00, 0x00, 0x00, 0x1E, 0x00, 0x00, 0x1E, 0x00, 0x00, 0x33, 0x00, 0x00, 0x33, 0x00, 0x00,
  0x33, 0x00, 0x00, 0x3F, 0x00, 0x00, 0x3E, 0x00, 0x00, 0x30, 0x00, 0x00, 0x30, 0x00, 0x00, 0x3E,
  0x00, 0x00, 0x3F, 0x00, 0x00, 0x33, 0x00, 0x00, 0x33, 0x00, 0x00, 0x33, 0x00, 0x00, 0x3F, 0x00,
  0x00, 0x3E, 0x00, 0x00, 0x30, 0x00, 0x00, 0xF0, 0x03, 0x00, 0xF0, 0x07, 0x00, 0x00, 0x06, 0x00,
  0x00, 0x06, 0x00, 0x00, 0x06, 0x00, 0x80, 0x07, 0x00, 0x80, 0x03, 0x00, 0x00, 0x00, 0x00, 0x00,
  0x00, 0x00, 0xFF, 0xFF, 0x01, 0xFF, 0xFF, 0x07, 0x00, 0x00, 0x0E, 0x00, 0x00, 0x18, 0x00, 0x00,
  0x38, 0x00, 0x00, 0x30, 0x00, 0x00, 0x30, 0x00, 0x00, 0x30, 0x00, 0x00, 0x30, 0x00, 0x00, 0x30,
  0x00, 0x00, 0x30, 0x00, 0x00, 0x38, 0x00, 0x00, 0x1C, 0x00, 0x00, 0x0E, 0x00, 0xF0, 0x07, 0x00,
  0xF0, 0x01,
};

const GFXglyph NotoSansCanadianAboriginal_Regular_CanAborig_16pt16bGlyphs[]PROGMEM = {
// bmpOff,   w,   h,xAdv, xOff, yOff      range 0 (0x1401 - 0x1675)
  {     0,   21,   22,   25,    2,  -21 },   // 0x1401 uni1401  (#0)
  {    63,   21,   31,   25,    2,  -30 },   // 0x1402 uni1402  (#1)
  {   147,   21,   22,   25,    2,  -21 },   // 0x1403 uni1403  (#2)
  {   210,   21,   28,   25,    2,  -27 },   // 0x1404 uni1404  (#3)
  {   294,   20,   22,   23,    2,  -21 },   // 0x1405 uni1405  (#4)
  {   354,   20,   29,   23,    2,  -28 },   // 0x1406 uni1406  (#5)
  {   434,   20,   29,   23,    2,  -28 },   // 0x1407 uni1407  (#6)
  {   514,   20,   22,   23,    2,  -21 },   // 0x1408 uni1408  (#7)
  {   574,   20,   22,   23,    2,  -21 },   // 0x1409 uni1409  (#8)
  {   634,   19,   22,   22,    1,  -21 },   // 0x140A uni140A  (#9)
  {   691,   20,   29,   23,    1,  -28 },   // 0x140B uni140B  (#10)
  {   771,   23,   22,   26,    1,  -21 },   // 0x140C uni140C  (#11)
  {   840,   23,   22,   26,    2,  -21 },   // 0x140D uni140D  (#12)
  {   909,   23,   22,   26,    1,  -21 },   // 0x140E uni140E  (#13)
  {   978,   23,   22,   26,    2,  -21 },   // 0x140F uni140F  (#14)
  {  1047,   23,   28,   26,    1,  -27 },   // 0x1410 uni1410  (#15)
  {  1139,   23,   28,   26,    2,  -27 },   // 0x1411 uni1411  (#16)
  {  1231,   26,   22,   28,    1,  -21 },   // 0x1412 uni1412  (#17)
  {  1309,   25,   22,   28,    2,  -21 },   // 0x1413 uni1413  (#18)
  {  1384,   26,   29,   28,    1,  -28 },   // 0x1414 uni1414  (#19)
  {  1488,   25,   29,   28,    2,  -28 },   // 0x1415 uni1415  (#20)
  {  1588,   20,   27,   23,    2,  -26 },   // 0x1416 uni1416  (#21)
  {  1668,   25,   22,   28,    1,  -21 },   // 0x1417 uni1417  (#22)
  {  1743,   26,   22,   28,    1,  -21 },   // 0x1418 uni1418  (#23)
  {  1821,   25,   29,   28,    1,  -28 },   // 0x1419 uni1419  (#24)
  {  1921,   25,   29,   27,    1,  -28 },   // 0x141A uni141A  (#25)
  {  2021,   20,   27,   23,    1,  -26 },   // 0x141B uni141B  (#26)
  {  2101,   16,   11,   18,    1,  -21 },   // 0x141C uni141C  (#27)
  {  2133,   15,   11,   17,    1,  -21 },   // 0x141D uni141D  (#28)
  {  2163,   14,   13,   16,    1,  -23 },   // 0x141E uni141E  (#29)
  {  2191,    8,   11,   10,    1,  -21 },   // 0x141F uni141F  (#30)
  {  2207,    8,   11,   10,    1,  -21 },   // 0x1420 uni1420  (#31)
  {  2223,   10,   10,   12,    1,  -21 },   // 0x1421 uni1421  (#32)
  {  2243,   10,   10,   12,    1,  -21 },   // 0x1422 uni1422  (#33)
  {  2263,    9,   11,   11,    1,  -21 },   // 0x1423 uni1423  (#34)
  {  2281,   11,   10,   13,    1,  -21 },   // 0x1424 uni1424  (#35)
  {  2303,   13,   11,   14,    1,  -21 },   // 0x1425 uni1425  (#36)
  {  2329,    7,   11,    9,    1,  -21 },   // 0x1426 uni1426  (#37)
  {  2343,    4,    3,    8,    2,  -11 },   // 0x1427 uni1427  (#38)
  {  2347,   12,    2,   14,    1,  -17 },   // 0x1428 uni1428  (#39)
  {  2359,   12,   11,   14,    1,  -21 },   // 0x1429 uni1429  (#40)
  {  2383,   11,   11,   13,    1,  -21 },   // 0x142A uni142A  (#41)
  {  2405,   30,   22,   33,    2,  -21 },   // 0x142B uni142B  (#42)
  {  2495,   22,   22,   25,    2,  -21 },   // 0x142C uni142C  (#43)
  {  2561,   25,   22,   27,    2,  -21 },   // 0x142D uni142D  (#44)
  {  2636,   28,   22,   30,    1,  -21 },   // 0x142E uni142E  (#45)
  {  2720,   21,   22,   25,    2,  -21 },   // 0x142F uni142F  (#46)
  {  2783,   21,   31,   25,    2,  -30 },   // 0x1430 uni1430  (#47)
  {  2867,   21,   22,   25,    2,  -21 },   // 0x1431 uni1431  (#48)
  {  2930,   21,   28,   25,    2,  -27 },   // 0x1432 uni1432  (#49)
  {  3014,   20,   22,   23,    2,  -21 },   // 0x1433 uni1433  (#50)
  {  3074,   20,   29,   22,    1,  -28 },   // 0x1434 uni1434  (#51)
  {  3154,   20,   29,   22,    1,  -28 },   // 0x1435 uni1435  (#52)
  {  3234,   20,   22,   22,    1,  -21 },   // 0x1436 uni1436  (#53)
  {  3294,   20,   22,   22,    1,  -21 },   // 0x1437 uni1437  (#54)
  {  3354,   20,   22,   22,    1,  -21 },   // 0x1438 uni1438  (#55)
  {  3414,   20,   29,   22,    1,  -28 },   // 0x1439 uni1439  (#56)
  {  3494,   23,   22,   26,    1,  -21 },   // 0x143A uni143A  (#57)
  {  3563,   23,   22,   26,    2,  -21 },   // 0x143B uni143B  (#58)
  {  3632,   23,   22,   26,    1,  -21 },   // 0x143C uni143C  (#59)
  {  3701,   23,   22,   26,    2,  -21 },   // 0x143D uni143D  (#60)
  {  3770,   23,   28,   26,    1,  -27 },   // 0x143E uni143E  (#61)
  {  3862,   23,   28,   26,    2,  -27 },   // 0x143F uni143F  (#62)
  {  3954,   23,   22,   25,    1,  -21 },   // 0x1440 uni1440  (#63)
  {  4023,   25,   22,   28,    2,  -21 },   // 0x1441 uni1441  (#64)
  {  4098,   23,   29,   25,    1,  -28 },   // 0x1442 uni1442  (#65)
  {  4190,   25,   29,   27,    1,  -28 },   // 0x1443 uni1443  (#66)
  {  4290,   25,   22,   28,    1,  -21 },   // 0x1444 uni1444  (#67)
  {  4365,   23,   22,   25,    1,  -21 },   // 0x1445 uni1445  (#68)
  {  4434,   25,   29,   27,    1,  -28 },   // 0x1446 uni1446  (#69)
  {  4534,   23,   29,   25,    1,  -28 },   // 0x1447 uni1447  (#70)
  {  4626,   20,   27,   23,    1,  -26 },   // 0x1448 uni1448  (#71)
  {  4706,   10,   13,   12,    1,  -22 },   // 0x1449 uni1449  (#72)
  {  4726,    2,   11,    6,    2,  -21 },   // 0x144A uni144A  (#73)
  {  4730,    8,   11,   10,    1,  -15 },   // 0x144B uni144B  (#74)
  {  4746,   19,   22,   23,    2,  -21 },   // 0x144C uni144C  (#75)
  {  4803,   19,   31,   23,    2,  -30 },   // 0x144D uni144D  (#76)
  {  4879,   19,   22,   23,    2,  -21 },   // 0x144E uni144E  (#77)
  {  4936,   19,   28,   23,    2,  -27 },   // 0x144F uni144F  (#78)
  {  5012,   17,   22,   21,    2,  -21 },   // 0x1450 uni1450  (#79)
  {  5063,   17,   28,   21,    2,  -27 },   // 0x1451 uni1451  (#80)
  {  5131,   17,   28,   21,    2,  -27 },   // 0x1452 uni1452  (#81)
  {  5199,   18,   22,   21,    1,  -21 },   // 0x1453 uni1453  (#82)
  {  5253,   18,   22,   22,    2,  -21 },   // 0x1454 uni1454  (#83)
  {  5307,   18,   22,   21,    2,  -21 },   // 0x1455 uni1455  (#84)
  {  5361,   18,   28,   21,    2,  -27 },   // 0x1456 uni1456  (#85)
  {  5433,   25,   22,   28,    1,  -21 },   // 0x1457 uni1457  (#86)
  {  5508,   26,   22,   30,    2,  -21 },   // 0x1458 uni1458  (#87)
  {  5586,   25,   22,   28,    1,  -21 },   // 0x1459 uni1459  (#88)
  {  5661,   26,   22,   30,    2,  -21 },   // 0x145A uni145A  (#89)
  {  5739,   25,   28,   28,    1,  -27 },   // 0x145B uni145B  (#90)
  {  5839,   26,   28,   30,    2,  -27 },   // 0x145C uni145C  (#91)
  {  5943,   21,   22,   24,    1,  -21 },   // 0x145D uni145D  (#92)
  {  6006,   23,   22,   27,    2,  -21 },   // 0x145E uni145E  (#93)
  {  6075,   21,   28,   24,    1,  -27 },   // 0x145F uni145F  (#94)
  {  6159,   23,   28,   27,    2,  -27 },   // 0x1460 uni1460  (#95)
  {  6251,   24,   22,   27,    2,  -21 },   // 0x1461 uni1461  (#96)
  {  6323,   21,   22,   24,    2,  -21 },   // 0x1462 uni1462  (#97)
  {  6386,   24,   28,   27,    2,  -27 },   // 0x1463 uni1463  (#98)
  {  6482,   21,   28,   24,    2,  -27 },   // 0x1464 uni1464  (#99)
  {  6566,   24,   22,   27,    2,  -21 },   // 0x1465 uni1465  (#100)
  {  6638,    8,   11,   10,    1,  -21 },   // 0x1466 uni1466  (#101)
  {  6654,   24,   22,   28,    2,  -21 },   // 0x1467 uni1467  (#102)
  {  6726,   24,   22,   28,    2,  -21 },   // 0x1468 uni1468  (#103)
  {  6798,   22,   22,   26,    2,  -21 },   // 0x1469 uni1469  (#104)
  {  6864,   22,   22,   25,    2,  -21 },   // 0x146A uni146A  (#105)
  {  6930,   14,   22,   18,    2,  -21 },   // 0x146B uni146B  (#106)
  {  6972,   14,   31,   18,    2,  -30 },   // 0x146C uni146C  (#107)
  {  7028,   14,   22,   18,    2,  -21 },   // 0x146D uni146D  (#108)
  {  7070,   14,   28,   18,    2,  -27 },   // 0x146E uni146E  (#109)
  {  7126,   14,   22,   18,    2,  -21 },   // 0x146F uni146F  (#110)
  {  7168,   15,   29,   19,    2,  -28 },   // 0x1470 uni1470  (#111)
  {  7228,   19,   29,   19,    2,  -28 },   // 0x1471 uni1471  (#112)
  {  7304,   14,   22,   18,    2,  -21 },   // 0x1472 uni1472  (#113)
  {  7346,   15,   29,   19,    2,  -28 },   // 0x1473 uni1473  (#114)
  {  7406,   20,   22,   23,    1,  -21 },   // 0x1474 uni1474  (#115)
  {  7466,   21,   22,   25,    2,  -21 },   // 0x1475 uni1475  (#116)
  {  7529,   20,   22,   23,    1,  -21 },   // 0x1476 uni1476  (#117)
  {  7589,   20,   22,   23,    2,  -21 },   // 0x1477 uni1477  (#118)
  {  7649,   20,   28,   23,    1,  -27 },   // 0x1478 uni1478  (#119)
  {  7729,   20,   28,   23,    2,  -27 },   // 0x1479 uni1479  (#120)
  {  7809,   20,   22,   23,    1,  -21 },   // 0x147A uni147A  (#121)
  {  7869,   20,   22,   24,    2,  -21 },   // 0x147B uni147B  (#122)
  {  7929,   21,   29,   24,    1,  -28 },   // 0x147C uni147C  (#123)
  {  8013,   20,   29,   24,    2,  -28 },   // 0x147D uni147D  (#124)
  {  8093,   20,   22,   23,    1,  -21 },   // 0x147E uni147E  (#125)
  {  8153,   20,   22,   23,    2,  -21 },   // 0x147F uni147F  (#126)
  {  8213,   20,   29,   23,    1,  -28 },   // 0x1480 uni1480  (#127)
  {  8293,   20,   29,   23,    2,  -28 },   // 0x1481 uni1481  (#128)
  {  8373,   20,   22,   23,    1,  -21 },   // 0x1482 uni1482  (#129)
  {  8433,    9,   11,   12,    2,  -21 },   // 0x1483 uni1483  (#130)
  {  8451,    9,   11,   12,    1,  -21 },   // 0x1484 uni1484  (#131)
  {  8469,   19,   22,   23,    2,  -21 },   // 0x1485 uni1485  (#132)
  {  8526,   18,   22,   22,    2,  -21 },   // 0x1486 uni1486  (#133)
  {  8580,   19,   22,   23,    2,  -21 },   // 0x1487 uni1487  (#134)
  {  8637,   18,   22,   22,    2,  -21 },   // 0x1488 uni1488  (#135)
  {  8691,   16,   22,   20,    2,  -21 },   // 0x1489 uni1489  (#136)
  {  8739,   16,   31,   20,    2,  -30 },   // 0x148A uni148A  (#137)
  {  8803,   16,   22,   20,    2,  -21 },   // 0x148B uni148B  (#138)
  {  8851,   16,   28,   20,    2,  -27 },   // 0x148C uni148C  (#139)
  {  8915,   16,   22,   20,    2,  -21 },   // 0x148D uni148D  (#140)
  {  8963,   17,   29,   21,    2,  -28 },   // 0x148E uni148E  (#141)
  {  9031,   20,   29,   20,    2,  -28 },   // 0x148F uni148F  (#142)
  {  9111,   16,   22,   20,    2,  -21 },   // 0x1490 uni1490  (#143)
  {  9159,   16,   29,   20,    2,  -28 },   // 0x1491 uni1491  (#144)
  {  9223,   21,   22,   24,    1,  -21 },   // 0x1492 uni1492  (#145)
  {  9286,   22,   22,   26,    2,  -21 },   // 0x1493 uni1493  (#146)
  {  9352,   22,   22,   26,    2,  -21 },   // 0x1494 uni1494  (#147)
  {  9418,   22,   22,   25,    2,  -21 },   // 0x1495 uni1495  (#148)
  {  9484,   22,   28,   26,    2,  -27 },   // 0x1496 uni1496  (#149)
  {  9572,   22,   28,   25,    2,  -27 },   // 0x1497 uni1497  (#150)
  {  9660,   21,   22,   24,    1,  -21 },   // 0x1498 uni1498  (#151)
  {  9723,   22,   22,   26,    2,  -21 },   // 0x1499 uni1499  (#152)
  {  9789,   22,   29,   24,    1,  -28 },   // 0x149A uni149A  (#153)
  {  9877,   22,   29,   26,    2,  -28 },   // 0x149B uni149B  (#154)
  {  9965,   22,   22,   26,    2,  -21 },   // 0x149C uni149C  (#155)
  { 10031,   22,   22,   25,    2,  -21 },   // 0x149D uni149D  (#156)
  { 10097,   22,   29,   26,    2,  -28 },   // 0x149E uni149E  (#157)
  { 10185,   22,   29,   26,    2,  -28 },   // 0x149F uni149F  (#158)
  { 10273,   22,   22,   26,    2,  -21 },   // 0x14A0 uni14A0  (#159)
  { 10339,    9,   11,   12,    2,  -21 },   // 0x14A1 uni14A1  (#160)
  { 10357,    9,   11,   12,    2,  -21 },   // 0x14A2 uni14A2  (#161)
  { 10375,   15,   22,   18,    1,  -21 },   // 0x14A3 uni14A3  (#162)
  { 10420,   15,   31,   19,    2,  -30 },   // 0x14A4 uni14A4  (#163)
  { 10480,   15,   22,   19,    2,  -21 },   // 0x14A5 uni14A5  (#164)
  { 10525,   15,   28,   19,    2,  -27 },   // 0x14A6 uni14A6  (#165)
  { 10585,   15,   22,   18,    1,  -21 },   // 0x14A7 uni14A7  (#166)
  { 10630,   16,   28,   19,    1,  -27 },   // 0x14A8 uni14A8  (#167)
  { 10694,   19,   28,   19,    2,  -27 },   // 0x14A9 uni14A9  (#168)
  { 10770,   15,   22,   19,    2,  -21 },   // 0x14AA uni14AA  (#169)
  { 10815,   16,   28,   18,    1,  -27 },   // 0x14AB uni14AB  (#170)
  { 10879,   17,   22,   20,    1,  -21 },   // 0x14AC uni14AC  (#171)
  { 10930,   21,   22,   24,    1,  -21 },   // 0x14AD uni14AD  (#172)
  { 10993,   21,   22,   24,    1,  -21 },   // 0x14AE uni14AE  (#173)
  { 11056,   18,   22,   21,    2,  -21 },   // 0x14AF uni14AF  (#174)
  { 11110,   21,   28,   24,    1,  -27 },   // 0x14B0 uni14B0  (#175)
  { 11194,   18,   28,   21,    2,  -27 },   // 0x14B1 uni14B1  (#176)
  { 11266,   17,   22,   20,    1,  -21 },   // 0x14B2 uni14B2  (#177)
  { 11317,   21,   22,   24,    1,  -21 },   // 0x14B3 uni14B3  (#178)
  { 11380,   18,   28,   21,    1,  -27 },   // 0x14B4 uni14B4  (#179)
  { 11452,   21,   28,   24,    1,  -27 },   // 0x14B5 uni14B5  (#180)
  { 11536,   21,   22,   24,    1,  -21 },   // 0x14B6 uni14B6  (#181)
  { 11599,   18,   22,   21,    2,  -21 },   // 0x14B7 uni14B7  (#182)
  { 11653,   21,   28,   24,    1,  -27 },   // 0x14B8 uni14B8  (#183)
  { 11737,   18,   28,   21,    2,  -27 },   // 0x14B9 uni14B9  (#184)
  { 11809,   21,   22,   24,    1,  -21 },   // 0x14BA uni14BA  (#185)
  { 11872,    9,   11,   11,    1,  -21 },   // 0x14BB uni14BB  (#186)
  { 11890,    9,   11,   11,    1,  -21 },   // 0x14BC uni14BC  (#187)
  { 11908,    9,   11,   11,    1,  -21 },   // 0x14BD uni14BD  (#188)
  { 11926,    9,   11,   11,    1,  -21 },   // 0x14BE uni14BE  (#189)
  { 11944,   15,   22,   19,    2,  -21 },   // 0x14BF uni14BF  (#190)
  { 11989,   25,   16,   29,    2,  -15 },   // 0x14C0 uni14C0  (#191)
  { 12039,   25,   25,   29,    2,  -24 },   // 0x14C1 uni14C1  (#192)
  { 12139,   25,   16,   29,    2,  -15 },   // 0x14C2 uni14C2  (#193)
  { 12189,   25,   22,   29,    2,  -21 },   // 0x14C3 uni14C3  (#194)
  { 12264,   25,   16,   29,    2,  -15 },   // 0x14C4 uni14C4  (#195)
  { 12314,   25,   22,   29,    2,  -21 },   // 0x14C5 uni14C5  (#196)
  { 12389,   25,   22,   29,    2,  -21 },   // 0x14C6 uni14C6  (#197)
  { 12464,   25,   16,   29,    2,  -15 },   // 0x14C7 uni14C7  (#198)
  { 12514,   25,   22,   29,    2,  -21 },   // 0x14C8 uni14C8  (#199)
  { 12589,   30,   16,   33,    1,  -15 },   // 0x14C9 uni14C9  (#200)
  { 12649,   30,   16,   33,    2,  -15 },   // 0x14CA uni14CA  (#201)
  { 12709,   30,   16,   33,    1,  -15 },   // 0x14CB uni14CB  (#202)
  { 12769,   25,   16,   29,    2,  -15 },   // 0x14CC uni14CC  (#203)
  { 12819,   30,   22,   33,    1,  -21 },   // 0x14CD uni14CD  (#204)
  { 12909,   25,   22,   29,    2,  -21 },   // 0x14CE uni14CE  (#205)
  { 12984,   25,   22,   29,    2,  -21 },   // 0x14CF uni14CF  (#206)
  { 13059,   16,   10,   18,    1,  -21 },   // 0x14D0 uni14D0  (#207)
  { 13091,   11,   12,   13,    1,  -16 },   // 0x14D1 uni14D1  (#208)
  { 13113,   16,   10,   18,    1,  -21 },   // 0x14D2 uni14D2  (#209)
  { 13145,   24,   16,   28,    2,  -15 },   // 0x14D3 uni14D3  (#210)
  { 13193,   25,   25,   28,    2,  -24 },   // 0x14D4 uni14D4  (#211)
  { 13293,   25,   16,   28,    2,  -15 },   // 0x14D5 uni14D5  (#212)
  { 13343,   25,   22,   28,    2,  -21 },   // 0x14D6 uni14D6  (#213)
  { 13418,   24,   16,   28,    2,  -15 },   // 0x14D7 uni14D7  (#214)
  { 13466,   24,   22,   28,    2,  -21 },   // 0x14D8 uni14D8  (#215)
  { 13538,   25,   22,   28,    1,  -21 },   // 0x14D9 uni14D9  (#216)
  { 13613,   25,   16,   28,    2,  -15 },   // 0x14DA uni14DA  (#217)
  { 13663,   25,   22,   28,    2,  -21 },   // 0x14DB uni14DB  (#218)
  { 13738,   29,   16,   32,    1,  -15 },   // 0x14DC uni14DC  (#219)
  { 13796,   30,   16,   33,    2,  -15 },   // 0x14DD uni14DD  (#220)
  { 13856,   30,   16,   32,    1,  -15 },   // 0x14DE uni14DE  (#221)
  { 13916,   29,   16,   32,    2,  -15 },   // 0x14DF uni14DF  (#222)
  { 13974,   30,   22,   32,    1,  -21 },   // 0x14E0 uni14E0  (#223)
  { 14064,   29,   22,   32,    2,  -21 },   // 0x14E1 uni14E1  (#224)
  { 14151,   24,   16,   28,    2,  -15 },   // 0x14E2 uni14E2  (#225)
  { 14199,   30,   16,   33,    2,  -15 },   // 0x14E3 uni14E3  (#226)
  { 14259,   24,   22,   28,    2,  -21 },   // 0x14E4 uni14E4  (#227)
  { 14331,   30,   22,   34,    2,  -21 },   // 0x14E5 uni14E5  (#228)
  { 14421,   30,   16,   32,    1,  -15 },   // 0x14E6 uni14E6  (#229)
  { 14481,   24,   16,   28,    2,  -15 },   // 0x14E7 uni14E7  (#230)
  { 14529,   30,   22,   32,    1,  -21 },   // 0x14E8 uni14E8  (#231)
  { 14619,   24,   22,   28,    2,  -21 },   // 0x14E9 uni14E9  (#232)
  { 14691,   14,   10,   16,    1,  -21 },   // 0x14EA uni14EA  (#233)
  { 14719,    9,   13,   11,    1,  -21 },   // 0x14EB uni14EB  (#234)
  { 14737,   16,   22,   19,    2,  -21 },   // 0x14EC uni14EC  (#235)
  { 14785,   14,   22,   18,    2,  -21 },   // 0x14ED uni14ED  (#236)
  { 14827,   16,   31,   19,    2,  -30 },   // 0x14EE uni14EE  (#237)
  { 14891,   14,   22,   18,    2,  -21 },   // 0x14EF uni14EF  (#238)
  { 14933,   15,   28,   19,    2,  -27 },   // 0x14F0 uni14F0  (#239)
  { 14993,   14,   22,   18,    2,  -21 },   // 0x14F1 uni14F1  (#240)
  { 15035,   15,   28,   19,    2,  -27 },   // 0x14F2 uni14F2  (#241)
  { 15095,   19,   28,   19,    2,  -27 },   // 0x14F3 uni14F3  (#242)
  { 15171,   14,   22,   18,    2,  -21 },   // 0x14F4 uni14F4  (#243)
  { 15213,   14,   28,   18,    2,  -27 },   // 0x14F5 uni14F5  (#244)
  { 15269,   19,   22,   22,    1,  -21 },   // 0x14F6 uni14F6  (#245)
  { 15326,   20,   22,   24,    2,  -21 },   // 0x14F7 uni14F7  (#246)
  { 15386,   20,   22,   23,    1,  -21 },   // 0x14F8 uni14F8  (#247)
  { 15446,   19,   22,   22,    2,  -21 },   // 0x14F9 uni14F9  (#248)
  { 15503,   20,   28,   22,    1,  -27 },   // 0x14FA uni14FA  (#249)
  { 15583,   19,   28,   22,    2,  -27 },   // 0x14FB uni14FB  (#250)
  { 15659,   19,   22,   22,    1,  -21 },   // 0x14FC uni14FC  (#251)
  { 15716,   20,   22,   24,    2,  -21 },   // 0x14FD uni14FD  (#252)
  { 15776,   19,   28,   22,    1,  -27 },   // 0x14FE uni14FE  (#253)
  { 15852,   20,   28,   24,    2,  -27 },   // 0x14FF uni14FF  (#254)
  { 15932,   20,   22,   23,    1,  -21 },   // 0x1500 uni1500  (#255)
  { 15992,   19,   22,   22,    2,  -21 },   // 0x1501 uni1501  (#256)
  { 16049,   20,   28,   23,    1,  -27 },   // 0x1502 uni1502  (#257)
  { 16129,   19,   28,   22,    2,  -27 },   // 0x1503 uni1503  (#258)
  { 16205,   20,   22,   23,    1,  -21 },   // 0x1504 uni1504  (#259)
  { 16265,    8,   11,   10,    1,  -21 },   // 0x1505 uni1505  (#260)
  { 16281,    9,   12,   11,    1,  -16 },   // 0x1506 uni1506  (#261)
  { 16299,    8,   11,   10,    1,  -21 },   // 0x1507 uni1507  (#262)
  { 16315,   11,   11,   13,    1,  -21 },   // 0x1508 uni1508  (#263)
  { 16337,    8,   14,   10,    1,  -21 },   // 0x1509 uni1509  (#264)
  { 16353,    8,   14,   10,    1,  -21 },   // 0x150A uni150A  (#265)
  { 16369,    9,   19,   11,    1,  -24 },   // 0x150B uni150B  (#266)
  { 16396,   21,   30,   23,    1,  -29 },   // 0x150C uni150C  (#267)
  { 16480,   29,   25,   31,    1,  -24 },   // 0x150D uni150D  (#268)
  { 16596,   25,   26,   28,    1,  -25 },   // 0x150E uni150E  (#269)
  { 16696,   26,   26,   29,    1,  -25 },   // 0x150F uni150F  (#270)
  { 16800,   22,   22,   26,    2,  -21 },   // 0x1510 uni1510  (#271)
  { 16866,   22,   22,   26,    2,  -21 },   // 0x1511 uni1511  (#272)
  { 16932,   23,   29,   27,    2,  -28 },   // 0x1512 uni1512  (#273)
  { 17024,   27,   13,   31,    2,  -12 },   // 0x1513 uni1513  (#274)
  { 17078,   27,   22,   31,    2,  -21 },   // 0x1514 uni1514  (#275)
  { 17159,   27,   13,   31,    2,  -12 },   // 0x1515 uni1515  (#276)
  { 17213,   27,   22,   31,    2,  -21 },   // 0x1516 uni1516  (#277)
  { 17294,   28,   22,   31,    1,  -21 },   // 0x1517 uni1517  (#278)
  { 17378,   28,   22,   31,    2,  -21 },   // 0x1518 uni1518  (#279)
  { 17462,   28,   22,   31,    1,  -21 },   // 0x1519 uni1519  (#280)
  { 17546,   28,   22,   31,    2,  -21 },   // 0x151A uni151A  (#281)
  { 17630,   28,   29,   31,    1,  -28 },   // 0x151B uni151B  (#282)
  { 17742,   28,   29,   31,    2,  -28 },   // 0x151C uni151C  (#283)
  { 17854,   32,   13,   35,    1,  -12 },   // 0x151D uni151D  (#284)
  { 17918,   33,   13,   36,    2,  -12 },   // 0x151E uni151E  (#285)
  { 17984,   32,   22,   35,    1,  -21 },   // 0x151F uni151F  (#286)
  { 18080,   33,   22,   36,    2,  -21 },   // 0x1520 uni1520  (#287)
  { 18179,   32,   13,   35,    1,  -12 },   // 0x1521 uni1521  (#288)
  { 18243,   33,   13,   36,    2,  -12 },   // 0x1522 uni1522  (#289)
  { 18309,   32,   22,   35,    1,  -21 },   // 0x1523 uni1523  (#290)
  { 18405,   33,   22,   36,    2,  -21 },   // 0x1524 uni1524  (#291)
  { 18504,   17,   10,   19,    1,  -21 },   // 0x1525 uni1525  (#292)
  { 18538,   14,   22,   17,    1,  -21 },   // 0x1526 uni1526  (#293)
  { 18580,   15,   31,   18,    2,  -30 },   // 0x1527 uni1527  (#294)
  { 18640,   15,   22,   18,    2,  -21 },   // 0x1528 uni1528  (#295)
  { 18685,   15,   28,   18,    2,  -27 },   // 0x1529 uni1529  (#296)
  { 18745,   14,   22,   17,    1,  -21 },   // 0x152A uni152A  (#297)
  { 18787,   16,   28,   18,    1,  -27 },   // 0x152B uni152B  (#298)
  { 18851,   19,   28,   18,    1,  -27 },   // 0x152C uni152C  (#299)
  { 18927,   15,   22,   18,    2,  -21 },   // 0x152D uni152D  (#300)
  { 18972,   15,   28,   17,    1,  -27 },   // 0x152E uni152E  (#301)
  { 19032,   19,   23,   22,    1,  -22 },   // 0x152F uni152F  (#302)
  { 19089,   20,   23,   22,    1,  -22 },   // 0x1530 uni1530  (#303)
  { 19149,   20,   23,   22,    1,  -22 },   // 0x1531 uni1531  (#304)
  { 19209,   20,   23,   23,    2,  -22 },   // 0x1532 uni1532  (#305)
  { 19269,   20,   28,   22,    1,  -27 },   // 0x1533 uni1533  (#306)
  { 19349,   20,   28,   23,    2,  -27 },   // 0x1534 uni1534  (#307)
  { 19429,   19,   23,   22,    1,  -21 },   // 0x1535 uni1535  (#308)
  { 19486,   20,   23,   22,    1,  -21 },   // 0x1536 uni1536  (#309)
  { 19546,   20,   29,   22,    1,  -27 },   // 0x1537 uni1537  (#310)
  { 19626,   21,   29,   23,    1,  -27 },   // 0x1538 uni1538  (#311)
  { 19710,   20,   23,   22,    1,  -21 },   // 0x1539 uni1539  (#312)
  { 19770,   20,   23,   23,    2,  -21 },   // 0x153A uni153A  (#313)
  { 19830,   20,   29,   22,    1,  -27 },   // 0x153B uni153B  (#314)
  { 19910,   20,   29,   22,    1,  -27 },   // 0x153C uni153C  (#315)
  { 19990,   20,   22,   22,    1,  -21 },   // 0x153D uni153D  (#316)
  { 20050,    8,   12,   11,    2,  -21 },   // 0x153E uni153E  (#317)
  { 20066,   15,   11,   17,    1,  -21 },   // 0x153F uni153F  (#318)
  { 20096,    9,   10,   11,    1,  -16 },   // 0x1540 uni1540  (#319)
  { 20114,   10,   10,   12,    1,  -16 },   // 0x1541 uni1541  (#320)
  { 20134,   25,   16,   28,    2,  -15 },   // 0x1542 uni1542  (#321)
  { 20184,   24,   16,   28,    2,  -15 },   // 0x1543 uni1543  (#322)
  { 20232,   24,   16,   28,    2,  -15 },   // 0x1544 uni1544  (#323)
  { 20280,   25,   25,   28,    2,  -24 },   // 0x1545 uni1545  (#324)
  { 20380,   25,   16,   28,    2,  -15 },   // 0x1546 uni1546  (#325)
  { 20430,   25,   22,   28,    2,  -21 },   // 0x1547 uni1547  (#326)
  { 20505,   14,   22,   18,    2,  -21 },   // 0x1548 uni1548  (#327)
  { 20547,   14,   28,   18,    2,  -27 },   // 0x1549 uni1549  (#328)
  { 20603,   14,   22,   18,    2,  -21 },   // 0x154A uni154A  (#329)
  { 20645,   14,   22,   18,    2,  -21 },   // 0x154B uni154B  (#330)
  { 20687,   14,   28,   18,    2,  -27 },   // 0x154C uni154C  (#331)
  { 20743,   14,   22,   18,    2,  -21 },   // 0x154D uni154D  (#332)
  { 20785,   20,   28,   23,    1,  -27 },   // 0x154E uni154E  (#333)
  { 20865,   20,   28,   24,    2,  -27 },   // 0x154F uni154F  (#334)
  { 20945,    8,   11,   11,    1,  -21 },   // 0x1550 uni1550  (#335)
  { 20961,    9,   13,   12,    1,  -21 },   // 0x1551 uni1551  (#336)
  { 20979,   16,   22,   19,    2,  -21 },   // 0x1552 uni1552  (#337)
  { 21027,   22,   22,   25,    2,  -21 },   // 0x1553 uni1553  (#338)
  { 21093,   22,   32,   25,    2,  -31 },   // 0x1554 uni1554  (#339)
  { 21181,   22,   22,   25,    2,  -21 },   // 0x1555 uni1555  (#340)
  { 21247,   22,   29,   25,    2,  -28 },   // 0x1556 uni1556  (#341)
  { 21335,   22,   22,   25,    2,  -21 },   // 0x1557 uni1557  (#342)
  { 21401,   22,   29,   25,    2,  -28 },   // 0x1558 uni1558  (#343)
  { 21489,   23,   22,   26,    1,  -21 },   // 0x1559 uni1559  (#344)
  { 21558,   23,   29,   26,    1,  -28 },   // 0x155A uni155A  (#345)
  { 21650,   27,   29,   30,    1,  -28 },   // 0x155B uni155B  (#346)
  { 21758,   28,   29,   30,    1,  -28 },   // 0x155C uni155C  (#347)
  { 21870,   14,   13,   16,    1,  -21 },   // 0x155D uni155D  (#348)
  { 21898,   19,   22,   23,    2,  -21 },   // 0x155E uni155E  (#349)
  { 21955,   19,   22,   23,    2,  -21 },   // 0x155F uni155F  (#350)
  { 22012,   19,   22,   23,    2,  -21 },   // 0x1560 uni1560  (#351)
  { 22069,   19,   22,   23,    2,  -21 },   // 0x1561 uni1561  (#352)
  { 22126,   19,   29,   23,    2,  -28 },   // 0x1562 uni1562  (#353)
  { 22202,   19,   29,   23,    2,  -28 },   // 0x1563 uni1563  (#354)
  { 22278,   19,   22,   23,    2,  -21 },   // 0x1564 uni1564  (#355)
  { 22335,   19,   28,   23,    2,  -27 },   // 0x1565 uni1565  (#356)
  { 22411,   19,   22,   23,    2,  -21 },   // 0x1566 uni1566  (#357)
  { 22468,   19,   28,   23,    2,  -27 },   // 0x1567 uni1567  (#358)
  { 22544,   25,   28,   28,    1,  -27 },   // 0x1568 uni1568  (#359)
  { 22644,   24,   28,   27,    2,  -27 },   // 0x1569 uni1569  (#360)
  { 22740,   12,   11,   15,    2,  -21 },   // 0x156A uni156A  (#361)
  { 22764,   19,   22,   23,    2,  -21 },   // 0x156B uni156B  (#362)
  { 22821,   19,   22,   23,    2,  -21 },   // 0x156C uni156C  (#363)
  { 22878,   17,   22,   21,    2,  -21 },   // 0x156D uni156D  (#364)
  { 22929,   18,   22,   22,    2,  -21 },   // 0x156E uni156E  (#365)
  { 22983,   25,   11,   27,    1,  -21 },   // 0x156F uni156F  (#366)
  { 23033,   19,   22,   23,    2,  -21 },   // 0x1570 uni1570  (#367)
  { 23090,   19,   22,   23,    2,  -21 },   // 0x1571 uni1571  (#368)
  { 23147,   18,   22,   22,    2,  -21 },   // 0x1572 uni1572  (#369)
  { 23201,   18,   22,   21,    2,  -21 },   // 0x1573 uni1573  (#370)
  { 23255,   22,   22,   25,    2,  -21 },   // 0x1574 uni1574  (#371)
  { 23321,   22,   22,   25,    1,  -21 },   // 0x1575 uni1575  (#372)
  { 23387,   22,   28,   25,    1,  -27 },   // 0x1576 uni1576  (#373)
  { 23475,   22,   22,   25,    2,  -21 },   // 0x1577 uni1577  (#374)
  { 23541,   22,   29,   25,    2,  -28 },   // 0x1578 uni1578  (#375)
  { 23629,   22,   22,   25,    1,  -21 },   // 0x1579 uni1579  (#376)
  { 23695,   22,   29,   25,    1,  -28 },   // 0x157A uni157A  (#377)
  { 23783,   13,   11,   15,    1,  -21 },   // 0x157B uni157B  (#378)
  { 23809,   16,   22,   20,    2,  -21 },   // 0x157C uni157C  (#379)
  { 23857,   10,   10,   12,    1,  -21 },   // 0x157D uni157D  (#380)
  { 23877,   25,   31,   28,    1,  -30 },   // 0x157E uni157E  (#381)
  { 23977,   25,   22,   28,    1,  -21 },   // 0x157F uni157F  (#382)
  { 24052,   25,   28,   28,    1,  -27 },   // 0x1580 uni1580  (#383)
  { 24152,   24,   22,   27,    1,  -21 },   // 0x1581 uni1581  (#384)
  { 24224,   25,   29,   28,    1,  -28 },   // 0x1582 uni1582  (#385)
  { 24324,   25,   22,   28,    1,  -21 },   // 0x1583 uni1583  (#386)
  { 24399,   25,   29,   28,    1,  -28 },   // 0x1584 uni1584  (#387)
  { 24499,   19,   11,   21,    1,  -21 },   // 0x1585 uni1585  (#388)
  { 24537,   14,   22,   18,    2,  -21 },   // 0x1586 uni1586  (#389)
  { 24579,   14,   22,   18,    2,  -21 },   // 0x1587 uni1587  (#390)
  { 24621,   14,   22,   18,    2,  -21 },   // 0x1588 uni1588  (#391)
  { 24663,   14,   22,   18,    2,  -21 },   // 0x1589 uni1589  (#392)
  { 24705,   24,   22,   27,    2,  -21 },   // 0x158A uni158A  (#393)
  { 24777,   24,   22,   27,    1,  -21 },   // 0x158B uni158B  (#394)
  { 24849,   24,   22,   27,    2,  -21 },   // 0x158C uni158C  (#395)
  { 24921,   24,   22,   27,    1,  -21 },   // 0x158D uni158D  (#396)
  { 24993,   33,   31,   37,    2,  -30 },   // 0x158E uni158E  (#397)
  { 25125,   33,   22,   37,    2,  -21 },   // 0x158F uni158F  (#398)
  { 25224,   33,   28,   37,    2,  -27 },   // 0x1590 uni1590  (#399)
  { 25356,   25,   22,   29,    2,  -21 },   // 0x1591 uni1591  (#400)
  { 25431,   26,   29,   30,    2,  -28 },   // 0x1592 uni1592  (#401)
  { 25535,   33,   22,   37,    2,  -21 },   // 0x1593 uni1593  (#402)
  { 25634,   33,   29,   37,    2,  -28 },   // 0x1594 uni1594  (#403)
  { 25766,   15,   11,   19,    2,  -21 },   // 0x1595 uni1595  (#404)
  { 25796,   24,   11,   28,    2,  -21 },   // 0x1596 uni1596  (#405)
  { 25844,   14,   22,   18,    2,  -21 },   // 0x1597 uni1597  (#406)
  { 25886,   14,   22,   18,    2,  -21 },   // 0x1598 uni1598  (#407)
  { 25928,   14,   22,   18,    2,  -21 },   // 0x1599 uni1599  (#408)
  { 25970,   14,   22,   18,    2,  -21 },   // 0x159A uni159A  (#409)
  { 26012,   25,   21,   29,    2,  -20 },   // 0x159B uni159B  (#410)
  { 26087,   25,   21,   29,    2,  -20 },   // 0x159C uni159C  (#411)
  { 26162,   25,   21,   29,    2,  -20 },   // 0x159D uni159D  (#412)
  { 26237,   25,   21,   29,    2,  -20 },   // 0x159E uni159E  (#413)
  { 26312,   16,   14,   18,    1,  -25 },   // 0x159F uni159F  (#414)
  { 26344,   25,   24,   28,    2,  -23 },   // 0x15A0 uni15A0  (#415)
  { 26419,   25,   28,   28,    2,  -27 },   // 0x15A1 uni15A1  (#416)
  { 26519,   24,   24,   28,    2,  -15 },   // 0x15A2 uni15A2  (#417)
  { 26591,   24,   30,   28,    2,  -21 },   // 0x15A3 uni15A3  (#418)
  { 26687,   25,   24,   28,    2,  -15 },   // 0x15A4 uni15A4  (#419)
  { 26762,   25,   30,   28,    2,  -21 },   // 0x15A5 uni15A5  (#420)
  { 26862,   16,   15,   18,    1,  -21 },   // 0x15A6 uni15A6  (#421)
  { 26894,   17,   22,   19,    1,  -21 },   // 0x15A7 uni15A7  (#422)
  { 26945,   17,   22,   20,    2,  -21 },   // 0x15A8 uni15A8  (#423)
  { 26996,   17,   28,   20,    2,  -27 },   // 0x15A9 uni15A9  (#424)
  { 27064,   17,   22,   19,    1,  -21 },   // 0x15AA uni15AA  (#425)
  { 27115,   17,   28,   20,    1,  -27 },   // 0x15AB uni15AB  (#426)
  { 27183,   17,   22,   20,    2,  -21 },   // 0x15AC uni15AC  (#427)
  { 27234,   16,   28,   19,    2,  -27 },   // 0x15AD uni15AD  (#428)
  { 27298,    9,   12,   11,    1,  -21 },   // 0x15AE uni15AE  (#429)
  { 27316,   14,   22,   18,    2,  -21 },   // 0x15AF uni15AF  (#430)
  { 27358,   13,   22,   16,    2,  -21 },   // 0x15B0 uni15B0  (#431)
  { 27397,   12,   22,   16,    2,  -21 },   // 0x15B1 uni15B1  (#432)
  { 27433,   13,   22,   16,    2,  -21 },   // 0x15B2 uni15B2  (#433)
  { 27472,   12,   22,   16,    2,  -21 },   // 0x15B3 uni15B3  (#434)
  { 27508,   14,   22,   18,    2,  -21 },   // 0x15B4 uni15B4  (#435)
  { 27550,   14,   22,   17,    1,  -21 },   // 0x15B5 uni15B5  (#436)
  { 27592,   14,   22,   18,    2,  -21 },   // 0x15B6 uni15B6  (#437)
  { 27634,   14,   22,   17,    1,  -21 },   // 0x15B7 uni15B7  (#438)
  { 27676,   18,   22,   22,    2,  -21 },   // 0x15B8 uni15B8  (#439)
  { 27730,   18,   22,   22,    2,  -21 },   // 0x15B9 uni15B9  (#440)
  { 27784,   18,   22,   22,    2,  -21 },   // 0x15BA uni15BA  (#441)
  { 27838,   18,   22,   22,    2,  -21 },   // 0x15BB uni15BB  (#442)
  { 27892,   17,   22,   21,    2,  -21 },   // 0x15BC uni15BC  (#443)
  { 27943,   17,   22,   21,    2,  -21 },   // 0x15BD uni15BD  (#444)
  { 27994,   17,   22,   21,    2,  -21 },   // 0x15BE uni15BE  (#445)
  { 28045,   17,   22,   21,    2,  -21 },   // 0x15BF uni15BF  (#446)
  { 28096,   19,   22,   23,    2,  -21 },   // 0x15C0 uni15C0  (#447)
  { 28153,   19,   22,   23,    2,  -21 },   // 0x15C1 uni15C1  (#448)
  { 28210,   19,   22,   23,    2,  -21 },   // 0x15C2 uni15C2  (#449)
  { 28267,   19,   22,   23,    2,  -21 },   // 0x15C3 uni15C3  (#450)
  { 28324,   23,   22,   27,    2,  -21 },   // 0x15C4 uni15C4  (#451)
  { 28393,   23,   22,   27,    2,  -21 },   // 0x15C5 uni15C5  (#452)
  { 28462,   20,   22,   23,    2,  -21 },   // 0x15C6 uni15C6  (#453)
  { 28522,   20,   22,   22,    1,  -21 },   // 0x15C7 uni15C7  (#454)
  { 28582,   20,   22,   23,    2,  -21 },   // 0x15C8 uni15C8  (#455)
  { 28642,   20,   22,   23,    1,  -21 },   // 0x15C9 uni15C9  (#456)
  { 28702,   23,   22,   27,    2,  -21 },   // 0x15CA uni15CA  (#457)
  { 28771,   23,   22,   27,    2,  -21 },   // 0x15CB uni15CB  (#458)
  { 28840,   20,   22,   22,    1,  -21 },   // 0x15CC uni15CC  (#459)
  { 28900,   20,   22,   22,    1,  -21 },   // 0x15CD uni15CD  (#460)
  { 28960,   20,   22,   22,    1,  -21 },   // 0x15CE uni15CE  (#461)
  { 29020,   20,   22,   22,    1,  -21 },   // 0x15CF uni15CF  (#462)
  { 29080,   23,   22,   26,    2,  -21 },   // 0x15D0 uni15D0  (#463)
  { 29149,   23,   22,   26,    2,  -21 },   // 0x15D1 uni15D1  (#464)
  { 29218,   20,   22,   23,    2,  -21 },   // 0x15D2 uni15D2  (#465)
  { 29278,   20,   22,   23,    2,  -21 },   // 0x15D3 uni15D3  (#466)
  { 29338,   20,   22,   24,    2,  -21 },   // 0x15D4 uni15D4  (#467)
  { 29398,   20,   22,   23,    1,  -21 },   // 0x15D5 uni15D5  (#468)
  { 29458,   23,   22,   25,    1,  -21 },   // 0x15D6 uni15D6  (#469)
  { 29527,   23,   22,   26,    2,  -21 },   // 0x15D7 uni15D7  (#470)
  { 29596,   20,   22,   23,    2,  -21 },   // 0x15D8 uni15D8  (#471)
  { 29656,   20,   22,   22,    1,  -21 },   // 0x15D9 uni15D9  (#472)
  { 29716,   20,   22,   22,    1,  -21 },   // 0x15DA uni15DA  (#473)
  { 29776,   20,   22,   23,    1,  -21 },   // 0x15DB uni15DB  (#474)
  { 29836,   20,   22,   24,    2,  -21 },   // 0x15DC uni15DC  (#475)
  { 29896,   20,   22,   24,    2,  -21 },   // 0x15DD uni15DD  (#476)
  { 29956,   19,   22,   23,    2,  -21 },   // 0x15DE uni15DE  (#477)
  { 30013,   19,   22,   23,    2,  -21 },   // 0x15DF uni15DF  (#478)
  { 30070,   19,   22,   23,    2,  -21 },   // 0x15E0 uni15E0  (#479)
  { 30127,   19,   22,   23,    2,  -21 },   // 0x15E1 uni15E1  (#480)
  { 30184,   20,   22,   24,    2,  -21 },   // 0x15E2 uni15E2  (#481)
  { 30244,   20,   22,   24,    2,  -21 },   // 0x15E3 uni15E3  (#482)
  { 30304,   20,   22,   24,    2,  -21 },   // 0x15E4 uni15E4  (#483)
  { 30364,   21,   22,   25,    2,  -21 },   // 0x15E5 uni15E5  (#484)
  { 30427,   21,   22,   25,    2,  -21 },   // 0x15E6 uni15E6  (#485)
  { 30490,   21,   22,   25,    2,  -21 },   // 0x15E7 uni15E7  (#486)
  { 30553,   20,   22,   24,    2,  -21 },   // 0x15E8 uni15E8  (#487)
  { 30613,   20,   22,   24,    2,  -21 },   // 0x15E9 uni15E9  (#488)
  { 30673,   22,   22,   26,    2,  -21 },   // 0x15EA uni15EA  (#489)
  { 30739,   22,   22,   26,    2,  -21 },   // 0x15EB uni15EB  (#490)
  { 30805,   22,   22,   26,    2,  -21 },   // 0x15EC uni15EC  (#491)
  { 30871,   23,   22,   27,    2,  -21 },   // 0x15ED uni15ED  (#492)
  { 30940,   11,   12,   13,    1,  -16 },   // 0x15EE uni15EE  (#493)
  { 30962,   24,   22,   28,    2,  -21 },   // 0x15EF uni15EF  (#494)
  { 31034,   24,   22,   28,    2,  -21 },   // 0x15F0 uni15F0  (#495)
  { 31106,   18,   22,   22,    2,  -21 },   // 0x15F1 uni15F1  (#496)
  { 31160,   18,   22,   22,    2,  -21 },   // 0x15F2 uni15F2  (#497)
  { 31214,   18,   22,   22,    2,  -21 },   // 0x15F3 uni15F3  (#498)
  { 31268,   18,   22,   22,    2,  -21 },   // 0x15F4 uni15F4  (#499)
  { 31322,   23,   22,   27,    2,  -21 },   // 0x15F5 uni15F5  (#500)
  { 31391,   23,   22,   27,    2,  -21 },   // 0x15F6 uni15F6  (#501)
  { 31460,   19,   22,   23,    2,  -21 },   // 0x15F7 uni15F7  (#502)
  { 31517,   19,   22,   23,    2,  -21 },   // 0x15F8 uni15F8  (#503)
  { 31574,   19,   22,   23,    2,  -21 },   // 0x15F9 uni15F9  (#504)
  { 31631,   19,   22,   23,    2,  -21 },   // 0x15FA uni15FA  (#505)
  { 31688,   24,   22,   28,    2,  -21 },   // 0x15FB uni15FB  (#506)
  { 31760,   24,   22,   28,    2,  -21 },   // 0x15FC uni15FC  (#507)
  { 31832,   19,   22,   23,    2,  -21 },   // 0x15FD uni15FD  (#508)
  { 31889,   19,   22,   23,    2,  -21 },   // 0x15FE uni15FE  (#509)
  { 31946,   19,   22,   23,    2,  -21 },   // 0x15FF uni15FF  (#510)
  { 32003,   19,   22,   23,    2,  -21 },   // 0x1600 uni1600  (#511)
  { 32060,   12,   12,   14,    1,  -16 },   // 0x1601 uni1601  (#512)
  { 32084,   19,   22,   23,    2,  -21 },   // 0x1602 uni1602  (#513)
  { 32141,   19,   22,   23,    2,  -21 },   // 0x1603 uni1603  (#514)
  { 32198,   20,   22,   24,    2,  -21 },   // 0x1604 uni1604  (#515)
  { 32258,   20,   22,   24,    2,  -21 },   // 0x1605 uni1605  (#516)
  { 32318,   20,   22,   24,    2,  -21 },   // 0x1606 uni1606  (#517)
  { 32378,   21,   22,   24,    2,  -21 },   // 0x1607 uni1607  (#518)
  { 32441,   24,   22,   28,    2,  -21 },   // 0x1608 uni1608  (#519)
  { 32513,   24,   22,   28,    2,  -21 },   // 0x1609 uni1609  (#520)
  { 32585,   19,   22,   23,    2,  -21 },   // 0x160A uni160A  (#521)
  { 32642,   19,   22,   23,    2,  -21 },   // 0x160B uni160B  (#522)
  { 32699,   19,   22,   23,    2,  -21 },   // 0x160C uni160C  (#523)
  { 32756,   19,   22,   23,    2,  -21 },   // 0x160D uni160D  (#524)
  { 32813,   23,   22,   27,    2,  -21 },   // 0x160E uni160E  (#525)
  { 32882,   23,   22,   27,    2,  -21 },   // 0x160F uni160F  (#526)
  { 32951,   21,   22,   24,    1,  -21 },   // 0x1610 uni1610  (#527)
  { 33014,   21,   22,   24,    1,  -21 },   // 0x1611 uni1611  (#528)
  { 33077,   21,   22,   24,    1,  -21 },   // 0x1612 uni1612  (#529)
  { 33140,   21,   22,   25,    2,  -21 },   // 0x1613 uni1613  (#530)
  { 33203,   21,   22,   25,    2,  -21 },   // 0x1614 uni1614  (#531)
  { 33266,   21,   22,   25,    2,  -21 },   // 0x1615 uni1615  (#532)
  { 33329,   21,   22,   25,    2,  -21 },   // 0x1616 uni1616  (#533)
  { 33392,   24,   22,   28,    2,  -21 },   // 0x1617 uni1617  (#534)
  { 33464,   24,   22,   28,    2,  -21 },   // 0x1618 uni1618  (#535)
  { 33536,   24,   22,   28,    2,  -21 },   // 0x1619 uni1619  (#536)
  { 33608,   24,   22,   28,    2,  -21 },   // 0x161A uni161A  (#537)
  { 33680,   24,   22,   28,    2,  -21 },   // 0x161B uni161B  (#538)
  { 33752,   24,   22,   28,    2,  -21 },   // 0x161C uni161C  (#539)
  { 33824,   24,   22,   28,    2,  -21 },   // 0x161D uni161D  (#540)
  { 33896,   26,   22,   29,    1,  -21 },   // 0x161E uni161E  (#541)
  { 33974,   26,   22,   29,    1,  -21 },   // 0x161F uni161F  (#542)
  { 34052,   26,   22,   29,    1,  -21 },   // 0x1620 uni1620  (#543)
  { 34130,   26,   22,   29,    2,  -21 },   // 0x1621 uni1621  (#544)
  { 34208,   21,   22,   25,    2,  -21 },   // 0x1622 uni1622  (#545)
  { 34271,   21,   22,   25,    2,  -21 },   // 0x1623 uni1623  (#546)
  { 34334,   22,   22,   26,    2,  -21 },   // 0x1624 uni1624  (#547)
  { 34400,   22,   22,   26,    2,  -21 },   // 0x1625 uni1625  (#548)
  { 34466,   22,   22,   26,    2,  -21 },   // 0x1626 uni1626  (#549)
  { 34532,   22,   22,   26,    2,  -21 },   // 0x1627 uni1627  (#550)
  { 34598,   22,   25,   26,    2,  -24 },   // 0x1628 uni1628  (#551)
  { 34686,   22,   24,   26,    2,  -21 },   // 0x1629 uni1629  (#552)
  { 34752,   24,   22,   28,    2,  -21 },   // 0x162A uni162A  (#553)
  { 34824,   24,   22,   28,    2,  -21 },   // 0x162B uni162B  (#554)
  { 34896,   24,   22,   28,    2,  -21 },   // 0x162C uni162C  (#555)
  { 34968,   24,   22,   28,    2,  -21 },   // 0x162D uni162D  (#556)
  { 35040,   23,   22,   27,    2,  -21 },   // 0x162E uni162E  (#557)
  { 35109,   24,   22,   28,    2,  -21 },   // 0x162F uni162F  (#558)
  { 35181,   22,   22,   26,    2,  -21 },   // 0x1630 uni1630  (#559)
  { 35247,   22,   22,   26,    2,  -21 },   // 0x1631 uni1631  (#560)
  { 35313,   22,   22,   26,    2,  -21 },   // 0x1632 uni1632  (#561)
  { 35379,   22,   22,   26,    2,  -21 },   // 0x1633 uni1633  (#562)
  { 35445,   25,   24,   29,    2,  -23 },   // 0x1634 uni1634  (#563)
  { 35520,   25,   24,   29,    2,  -21 },   // 0x1635 uni1635  (#564)
  { 35595,   23,   22,   27,    2,  -21 },   // 0x1636 uni1636  (#565)
  { 35664,   23,   22,   27,    2,  -21 },   // 0x1637 uni1637  (#566)
  { 35733,   23,   22,   27,    2,  -21 },   // 0x1638 uni1638  (#567)
  { 35802,   23,   22,   27,    2,  -21 },   // 0x1639 uni1639  (#568)
  { 35871,   28,   25,   32,    2,  -24 },   // 0x163A uni163A  (#569)
  { 35983,   28,   24,   32,    2,  -21 },   // 0x163B uni163B  (#570)
  { 36067,   23,   22,   27,    2,  -21 },   // 0x163C uni163C  (#571)
  { 36136,   23,   22,   27,    2,  -21 },   // 0x163D uni163D  (#572)
  { 36205,   23,   22,   27,    2,  -21 },   // 0x163E uni163E  (#573)
  { 36274,   23,   22,   27,    2,  -21 },   // 0x163F uni163F  (#574)
  { 36343,   22,   22,   26,    2,  -21 },   // 0x1640 uni1640  (#575)
  { 36409,   22,   22,   26,    2,  -21 },   // 0x1641 uni1641  (#576)
  { 36475,   22,   22,   26,    2,  -21 },   // 0x1642 uni1642  (#577)
  { 36541,   22,   22,   26,    2,  -21 },   // 0x1643 uni1643  (#578)
  { 36607,   22,   22,   26,    2,  -21 },   // 0x1644 uni1644  (#579)
  { 36673,   22,   22,   26,    2,  -21 },   // 0x1645 uni1645  (#580)
  { 36739,   10,   12,   12,    1,  -16 },   // 0x1646 uni1646  (#581)
  { 36759,   12,   16,   14,    1,  -18 },   // 0x1647 uni1647  (#582)
  { 36783,   23,   22,   27,    2,  -21 },   // 0x1648 uni1648  (#583)
  { 36852,   23,   22,   27,    2,  -21 },   // 0x1649 uni1649  (#584)
  { 36921,   22,   22,   26,    2,  -21 },   // 0x164A uni164A  (#585)
  { 36987,   22,   22,   26,    2,  -21 },   // 0x164B uni164B  (#586)
  { 37053,   22,   22,   26,    2,  -21 },   // 0x164C uni164C  (#587)
  { 37119,   22,   22,   26,    2,  -21 },   // 0x164D uni164D  (#588)
  { 37185,   25,   22,   29,    2,  -21 },   // 0x164E uni164E  (#589)
  { 37260,   25,   22,   29,    2,  -21 },   // 0x164F uni164F  (#590)
  { 37335,   20,   22,   24,    2,  -21 },   // 0x1650 uni1650  (#591)
  { 37395,   20,   22,   24,    2,  -21 },   // 0x1651 uni1651  (#592)
  { 37455,   20,   22,   24,    2,  -21 },   // 0x1652 uni1652  (#593)
  { 37515,   20,   22,   24,    2,  -21 },   // 0x1653 uni1653  (#594)
  { 37575,   25,   22,   29,    2,  -21 },   // 0x1654 uni1654  (#595)
  { 37650,   25,   22,   29,    2,  -21 },   // 0x1655 uni1655  (#596)
  { 37725,   20,   22,   24,    2,  -21 },   // 0x1656 uni1656  (#597)
  { 37785,   20,   22,   24,    2,  -21 },   // 0x1657 uni1657  (#598)
  { 37845,   20,   22,   24,    2,  -21 },   // 0x1658 uni1658  (#599)
  { 37905,   20,   22,   24,    2,  -21 },   // 0x1659 uni1659  (#600)
  { 37965,   11,   16,   13,    1,  -18 },   // 0x165A uni165A  (#601)
  { 37987,   25,   22,   29,    2,  -21 },   // 0x165B uni165B  (#602)
  { 38062,   25,   22,   29,    2,  -21 },   // 0x165C uni165C  (#603)
  { 38137,   20,   22,   24,    2,  -21 },   // 0x165D uni165D  (#604)
  { 38197,   20,   22,   24,    2,  -21 },   // 0x165E uni165E  (#605)
  { 38257,   20,   22,   24,    2,  -21 },   // 0x165F uni165F  (#606)
  { 38317,   20,   22,   24,    2,  -21 },   // 0x1660 uni1660  (#607)
  { 38377,   25,   22,   29,    2,  -21 },   // 0x1661 uni1661  (#608)
  { 38452,   25,   22,   29,    2,  -21 },   // 0x1662 uni1662  (#609)
  { 38527,   20,   22,   24,    2,  -21 },   // 0x1663 uni1663  (#610)
  { 38587,   20,   22,   24,    2,  -21 },   // 0x1664 uni1664  (#611)
  { 38647,   20,   22,   24,    2,  -21 },   // 0x1665 uni1665  (#612)
  { 38707,   20,   22,   24,    2,  -21 },   // 0x1666 uni1666  (#613)
  { 38767,   25,   22,   29,    2,  -21 },   // 0x1667 uni1667  (#614)
  { 38842,   25,   22,   29,    2,  -21 },   // 0x1668 uni1668  (#615)
  { 38917,   20,   22,   24,    2,  -21 },   // 0x1669 uni1669  (#616)
  { 38977,   20,   22,   24,    2,  -21 },   // 0x166A uni166A  (#617)
  { 39037,   20,   22,   24,    2,  -21 },   // 0x166B uni166B  (#618)
  { 39097,   20,   22,   24,    2,  -21 },   // 0x166C uni166C  (#619)
  { 39157,   16,   22,   18,    1,  -21 },   // 0x166D uni166D  (#620)
  { 39205,    9,    9,   12,    1,   -8 },   // 0x166E uni166E  (#621)
  { 39223,   25,   22,   28,    1,  -21 },   // 0x166F uni166F  (#622)
  { 39298,   33,   22,   37,    2,  -21 },   // 0x1670 uni1670  (#623)
  { 39397,   42,   22,   46,    2,  -21 },   // 0x1671 uni1671  (#624)
  { 39523,   42,   28,   46,    2,  -27 },   // 0x1672 uni1672  (#625)
  { 39691,   35,   22,   39,    2,  -21 },   // 0x1673 uni1673  (#626)
  { 39796,   36,   29,   39,    2,  -28 },   // 0x1674 uni1674  (#627)
  { 39940,   42,   22,   46,    2,  -21 } }; // 0x1675 uni1675  (#628)

const GFXfont NotoSansCanadianAboriginal_Regular_CanAborig_16pt16b PROGMEM = {
  (uint8_t  *)NotoSansCanadianAboriginal_Regular_CanAborig_16pt16bBitmaps,
  (GFXglyph *)NotoSansCanadianAboriginal_Regular_CanAborig_16pt16bGlyphs,
  0x1401, // first
  0x1675, // last
  40   //height
 };

// Approx. 44476 bytes
