#pragma once

// /tmp/fontconvert_pinned -f /home/user/qmk_firmware/keyboards/polykybd/fonts/noto-sans-ethiopic/NotoSansEthiopic-Regular.ttf -s 16 -H auto -v _Ethiopic_ -r 40 4608 4988 
// Visualize your font via https://tchapi.github.io/Adafruit-GFX-Font-Customiser

/* num ranges: 1 */
const uint8_t NotoSansEthiopic_Regular_Ethiopic_16pt16bBitmaps[] PROGMEM = {
  /* range 0 (0x1200 - 0x137c): */  0xE0, 0x1F, 0x80, 0x7E, 0x01, 0xF8, 0x07, 0xE0, 0x1F, 0x80, 0x7E, 0x01,
  0xF8, 0x07, 0xE0, 0x1F, 0x80, 0x7E, 0x01, 0xF8, 0x07, 0xE0, 0x1F, 0x80,
  0x7E, 0x01, 0xF8, 0x07, 0xE0, 0x1F, 0x80, 0x77, 0x03, 0x9E, 0x1E, 0x3F,
  0xF0, 0x3F, 0x00, 0xE0, 0x1C, 0x0E, 0x01, 0xC0, 0xE0, 0x1C, 0x0E, 0x01,
  0xC0, 0xE0, 0x1C, 0x0E, 0x01, 0xC0, 0xE0, 0x1C, 0x0E, 0x01, 0xC0, 0xE0,
  0x1C, 0x0E, 0x01, 0xFE, 0xE0, 0x1F, 0xFE, 0x01, 0xC7, 0xE0, 0x1C, 0x3E,
  0x01, 0xC1, 0xE0, 0x1C, 0x0E, 0x01, 0xC0, 0xE0, 0x1C, 0x0E, 0x01, 0xC0,
  0x70, 0x38, 0x07, 0x87, 0x80, 0x3F, 0xF0, 0x00, 0xFC, 0x00, 0xE0, 0x1F,
  0x80, 0x7E, 0x03, 0xB8, 0x0E, 0xE0, 0x73, 0x81, 0xCE, 0x0E, 0x3C, 0x38,
  0x78, 0xE0, 0xFF, 0x01, 0xFC, 0x00, 0xE0, 0x03, 0x80, 0x1C, 0x00, 0x70,
  0x01, 0xC0, 0x0E, 0x00, 0x38, 0x31, 0xC1, 0xC7, 0x07, 0x1F, 0xFC, 0x7F,
  0xF0, 0x01, 0xC0, 0x03, 0xE0, 0x1F, 0x80, 0xEE, 0x03, 0xB8, 0x0C, 0xE0,
  0x73, 0x81, 0xCE, 0x0E, 0x3C, 0x38, 0x78, 0xC0, 0xFF, 0x01, 0xFC, 0x00,
  0xE0, 0x03, 0x80, 0x1C, 0x00, 0x70, 0x01, 0xC0, 0x0E, 0x00, 0x38, 0x01,
  0xC0, 0x07, 0x00, 0x1C, 0x00, 0xE0, 0x00, 0xE0, 0x3B, 0x80, 0xEE, 0x07,
  0x38, 0x1C, 0xE0, 0x73, 0x83, 0x8E, 0x0E, 0x3C, 0x30, 0x79, 0xC1, 0xFF,
  0x01, 0xF8, 0x00, 0xE0, 0x03, 0x00, 0x1C, 0x00, 0x7F, 0x03, 0xFE, 0x0E,
  0x3C, 0x38, 0x71, 0xC1, 0xC7, 0x0F, 0x1F, 0xF8, 0x7F, 0x80, 0xE0, 0x01,
  0xF8, 0x00, 0x7E, 0x00, 0x1F, 0x80, 0x07, 0xF0, 0x01, 0xDF, 0xC0, 0x73,
  0xF0, 0x1C, 0x1C, 0x07, 0x07, 0x01, 0xC1, 0xC0, 0x70, 0x70, 0x1C, 0x1C,
  0x07, 0x07, 0x01, 0xC1, 0xC0, 0x70, 0x70, 0x1C, 0x1C, 0x07, 0x07, 0x01,
  0xC1, 0xC0, 0x70, 0x38, 0x38, 0x0F, 0x1E, 0x01, 0xFF, 0x00, 0x1F, 0x00,
  0xE0, 0x0F, 0xE7, 0x00, 0xFF, 0xB8, 0x07, 0x0F, 0xC0, 0x38, 0x7E, 0x01,
  0xC7, 0xF0, 0x0F, 0xFB, 0x80, 0x7F, 0x9C, 0x03, 0x80, 0xE0, 0x1C, 0x07,
  0x00, 0xE0, 0x38, 0x07, 0x01, 0xC0, 0x38, 0x0E, 0x01, 0xC0, 0x70, 0x0E,
  0x03, 0x80, 0x70, 0x1C, 0x03, 0x80, 0xE0, 0x1C, 0x07, 0x00, 0xE0, 0x1C,
  0x0E, 0x00, 0xF0, 0xF0, 0x03, 0xFF, 0x00, 0x07, 0xE0, 0x00, 0x03, 0x80,
  0x3F, 0x80, 0x70, 0x0F, 0xF8, 0x0E, 0x01, 0xC3, 0x81, 0xC0, 0x38, 0x70,
  0x38, 0x07, 0x1E, 0x07, 0x00, 0xFF, 0x80, 0xE0, 0x1F, 0xE0, 0x1C, 0x03,
  0x80, 0xC3, 0x80, 0x70, 0x1C, 0x70, 0x0E, 0x03, 0xFE, 0x01, 0xC0, 0x7F,
  0xC0, 0x38, 0x0E, 0x38, 0x07, 0x01, 0x87, 0x00, 0xE0, 0x30, 0xE0, 0x1C,
  0x00, 0x1C, 0x03, 0x80, 0x03, 0x80, 0x70, 0x00, 0x70, 0x0E, 0x00, 0x07,
  0x03, 0x80, 0x00, 0xF0, 0xF0, 0x00, 0x0F, 0xFC, 0x00, 0x00, 0x7E, 0x00,
  0x00, 0x01, 0xC0, 0x00, 0xE0, 0x00, 0x38, 0x00, 0x1C, 0x00, 0x0E, 0x00,
  0x1F, 0x80, 0x1F, 0xC0, 0x1E, 0xE0, 0x1E, 0x70, 0x0E, 0x1C, 0x0E, 0x0E,
  0x07, 0x07, 0x03, 0x81, 0xC1, 0x80, 0xE1, 0xC0, 0x70, 0xE0, 0x1C, 0x70,
  0x0E, 0x38, 0x07, 0x18, 0x01, 0xCC, 0x00, 0xEE, 0x00, 0x77, 0x00, 0x1C,
  0x03, 0x80, 0x00, 0x38, 0x00, 0x07, 0x00, 0x00, 0xE0, 0x00, 0x1E, 0x00,
  0x07, 0xC0, 0x03, 0xF8, 0x00, 0xF7, 0x00, 0x1C, 0x70, 0x07, 0x0E, 0x00,
  0xE1, 0xC0, 0x38, 0x1F, 0xE7, 0x03, 0xFC, 0xE0, 0x71, 0x98, 0x07, 0x3B,
  0x00, 0xE1, 0xE0, 0x1C, 0x1C, 0x01, 0xC3, 0x80, 0x38, 0x70, 0x07, 0x0E,
  0x00, 0x71, 0xC0, 0x0E, 0x00, 0x01, 0xC0, 0x00, 0x07, 0x00, 0x00, 0x1C,
  0x00, 0x00, 0x78, 0x00, 0x00, 0xE0, 0x00, 0x0F, 0x80, 0x00, 0x7E, 0x00,
  0x03, 0x9C, 0x00, 0x1C, 0x70, 0x00, 0x61, 0xC0, 0x03, 0x83, 0x80, 0x0E,
  0x0E, 0x00, 0x70, 0x38, 0x01, 0xC0, 0x70, 0x07, 0x01, 0xC0, 0x1C, 0x07,
  0x00, 0x60, 0x0E, 0x01, 0x80, 0x38, 0x3E, 0x00, 0xE1, 0xB8, 0x01, 0xC6,
  0xE0, 0x07, 0xFB, 0x80, 0x1F, 0xE0, 0x00, 0x01, 0x80, 0x00, 0x03, 0x03,
  0x80, 0x01, 0xC0, 0x01, 0xC0, 0x01, 0xC0, 0x01, 0xE0, 0x03, 0xE0, 0x0F,
  0xE0, 0x1E, 0xE0, 0x1C, 0x70, 0x38, 0x70, 0x38, 0x70, 0x70, 0x38, 0x70,
  0x38, 0x70, 0x38, 0x60, 0x1C, 0x60, 0x1C, 0xE0, 0x1C, 0x00, 0x0E, 0x00,
  0x0E, 0x00, 0x0E, 0x00, 0x07, 0x00, 0x07, 0x03, 0x80, 0x00, 0x0E, 0x00,
  0x00, 0x1C, 0x00, 0x00, 0x70, 0x00, 0x01, 0xC0, 0x00, 0x0F, 0x80, 0x00,
  0xFE, 0x00, 0x07, 0xB8, 0x00, 0x1C, 0x70, 0x00, 0xE1, 0xC0, 0x03, 0x07,
  0x00, 0x1C, 0x0E, 0x00, 0x70, 0x38, 0x01, 0x80, 0xE0, 0x06, 0x01, 0xFF,
  0x38, 0x07, 0xFE, 0xE0, 0x1C, 0x3F, 0x80, 0x70, 0x7E, 0x00, 0xE1, 0xF8,
  0x03, 0x8F, 0xC0, 0x0F, 0xFB, 0x00, 0x1F, 0x80, 0x01, 0xC0, 0x00, 0x38,
  0x00, 0x03, 0x80, 0x00, 0x70, 0x00, 0x0F, 0x00, 0x07, 0xE0, 0x01, 0xFC,
  0x00, 0x79, 0xC0, 0x1E, 0x38, 0x03, 0x83, 0x80, 0xE0, 0x70, 0x1C, 0x07,
  0x03, 0x80, 0xE0, 0x60, 0x1E, 0x1F, 0xE1, 0xC3, 0xFE, 0x38, 0x71, 0xE3,
  0x8E, 0x1C, 0x71, 0x83, 0x87, 0x30, 0xF0, 0xEF, 0xFC, 0x0F, 0xFE, 0x01,
  0xC0, 0x01, 0xC0, 0x00, 0x00, 0xE0, 0x00, 0x00, 0x78, 0x00, 0x00, 0x1C,
  0x00, 0x00, 0x0E, 0x00, 0x00, 0x1F, 0x00, 0x00, 0x1F, 0xC0, 0x00, 0x1E,
  0xE0, 0xFC, 0x1E, 0x7F, 0xFF, 0x0E, 0x1F, 0xF3, 0xCE, 0x0E, 0x70, 0xE7,
  0x07, 0x38, 0x73, 0x81, 0xDE, 0x79, 0x80, 0xE7, 0xF9, 0xC0, 0x71, 0xF8,
  0xE0, 0x1C, 0x00, 0x70, 0x0E, 0x00, 0x38, 0x07, 0x00, 0x18, 0x01, 0x80,
  0x0C, 0x00, 0xE0, 0x0E, 0x00, 0x70, 0x07, 0x00, 0x38, 0x00, 0x03, 0x80,
  0x00, 0x1C, 0x00, 0x01, 0xC0, 0x00, 0x1C, 0x00, 0x01, 0xE0, 0x00, 0x3E,
  0x00, 0x0F, 0xE0, 0x01, 0xEE, 0x00, 0x1C, 0x70, 0x03, 0x87, 0x00, 0x38,
  0x70, 0x07, 0x03, 0x80, 0x70, 0x38, 0x07, 0x03, 0x80, 0x60, 0x1C, 0x06,
  0x01, 0xC0, 0xE0, 0x1C, 0x00, 0x00, 0xE0, 0x00, 0x0E, 0x00, 0x00, 0xE0,
  0x1F, 0xFF, 0xE1, 0xFF, 0xFE, 0x18, 0x00, 0x73, 0x80, 0x07, 0x20, 0x00,
  0x10, 0x00, 0xE0, 0x00, 0x1C, 0x00, 0x03, 0x80, 0x00, 0x70, 0x00, 0x0E,
  0x00, 0x01, 0xC0, 0x00, 0x38, 0x00, 0x07, 0x00, 0x00, 0xE0, 0x00, 0xFF,
  0x80, 0x7F, 0xFC, 0x1C, 0x73, 0xC7, 0x0E, 0x1D, 0xE1, 0xC3, 0xF8, 0x38,
  0x3F, 0x07, 0x07, 0xE0, 0xE0, 0xFC, 0x1C, 0x1F, 0x83, 0x83, 0xF0, 0x70,
  0x7E, 0x0E, 0x0F, 0xC1, 0xC1, 0xC0, 0x00, 0xE0, 0x00, 0x00, 0xE0, 0x00,
  0x00, 0xE0, 0x00, 0x00, 0xE0, 0x00, 0x00, 0xE0, 0x00, 0x00, 0xE0, 0x00,
  0x00, 0xE0, 0x00, 0x00, 0xE0, 0x00, 0x00, 0xE0, 0x00, 0x07, 0xFC, 0x00,
  0x1F, 0xFF, 0x00, 0x38, 0xE7, 0x80, 0x70, 0xE1, 0xC0, 0xF0, 0xE1, 0xFE,
  0xE0, 0xE0, 0xFF, 0xE0, 0xE0, 0xE7, 0xE0, 0xE0, 0xE3, 0xE0, 0xE0, 0xE1,
  0xE0, 0xE0, 0xE0, 0xE0, 0xE0, 0xE0, 0xE0, 0xE0, 0xE0, 0xE0, 0xE0, 0xE0,
  0x00, 0xE0, 0x00, 0x00, 0x70, 0x00, 0x00, 0x38, 0x00, 0x00, 0x1C, 0x00,
  0x00, 0x0E, 0x00, 0x00, 0x07, 0x00, 0x00, 0x03, 0x80, 0x00, 0x01, 0xC0,
  0x00, 0x00, 0xE0, 0x00, 0x03, 0xFE, 0x00, 0x07, 0xFF, 0xC0, 0x07, 0x1C,
  0xF0, 0x07, 0x0E, 0x1C, 0x07, 0x87, 0x0F, 0x03, 0x83, 0x83, 0x81, 0xC1,
  0xC1, 0xC0, 0xE0, 0xE0, 0xE0, 0x70, 0x70, 0x70, 0xF8, 0x38, 0x38, 0xFC,
  0x1C, 0x1C, 0x6E, 0x0E, 0x0F, 0xF7, 0x07, 0x07, 0xF8, 0x00, 0x00, 0x0C,
  0x00, 0x00, 0x03, 0x00, 0xE0, 0x00, 0x1C, 0x00, 0x03, 0x80, 0x00, 0x70,
  0x00, 0x0E, 0x00, 0x01, 0xC0, 0x00, 0x38, 0x00, 0x07, 0x00, 0x07, 0xFC,
  0x03, 0xFF, 0xE0, 0xF3, 0x9E, 0x38, 0x70, 0xE7, 0x0E, 0x1D, 0xC1, 0xC1,
  0xF8, 0x38, 0x3F, 0x07, 0x07, 0xE0, 0xE0, 0xE0, 0x00, 0x1C, 0x00, 0x03,
  0x80, 0x00, 0x70, 0x00, 0x0E, 0x00, 0x01, 0xC0, 0x00, 0xE0, 0x00, 0x00,
  0x38, 0x00, 0x00, 0x0E, 0x00, 0x00, 0x03, 0x80, 0x00, 0x00, 0xE0, 0x00,
  0x00, 0x38, 0x00, 0x00, 0x0E, 0x00, 0x00, 0x03, 0x80, 0x00, 0x00, 0xE0,
  0x00, 0x01, 0xFF, 0x00, 0x01, 0xFF, 0xF0, 0x00, 0xE3, 0x9E, 0x00, 0x70,
  0xE1, 0xC0, 0x3C, 0x38, 0x78, 0x0E, 0x0E, 0x0F, 0xF3, 0x83, 0x83, 0xFE,
  0xE0, 0xE0, 0xE3, 0xF8, 0x38, 0x38, 0x7E, 0x0E, 0x0E, 0x1F, 0x83, 0x83,
  0x8F, 0xE0, 0xE0, 0xFF, 0xB8, 0x38, 0x3F, 0x80, 0x30, 0x00, 0x07, 0x00,
  0x00, 0x60, 0x00, 0x0F, 0xF0, 0x01, 0xFE, 0x00, 0x01, 0xC0, 0x00, 0x38,
  0x00, 0x07, 0x00, 0x00, 0xE0, 0x00, 0x1C, 0x00, 0x03, 0x80, 0x00, 0x70,
  0x00, 0x7F, 0xC0, 0x3F, 0xFE, 0x0E, 0x39, 0xE3, 0x87, 0x0E, 0xF0, 0xE1,
  0xFC, 0x1C, 0x1F, 0x83, 0x83, 0xF0, 0x70, 0x7E, 0x0E, 0x0F, 0xC1, 0xC1,
  0xF8, 0x38, 0x3F, 0x07, 0x07, 0xE0, 0xE0, 0xE0, 0x00, 0xE0, 0x00, 0x1C,
  0x00, 0x03, 0x80, 0x00, 0x70, 0x00, 0x0E, 0x00, 0x01, 0xC0, 0x00, 0x38,
  0x00, 0x07, 0x00, 0x07, 0xFC, 0x03, 0xFF, 0xE0, 0xF3, 0x9E, 0x38, 0x70,
  0xE7, 0x0E, 0x1D, 0xC1, 0xC1, 0xF8, 0x38, 0x3F, 0x07, 0x07, 0xE0, 0xE0,
  0xFC, 0x00, 0x03, 0x80, 0x00, 0x70, 0x00, 0x0E, 0x00, 0x01, 0xC0, 0x00,
  0x00, 0x00, 0xE0, 0x00, 0x00, 0x70, 0x00, 0x00, 0x38, 0x00, 0x00, 0x1C,
  0x00, 0x00, 0x0E, 0x00, 0x00, 0x07, 0x00, 0x00, 0x03, 0x80, 0x00, 0x01,
  0xC0, 0x00, 0x07, 0xFC, 0x00, 0x0F, 0xFF, 0x80, 0x0F, 0x39, 0xE0, 0x0E,
  0x1C, 0x38, 0x07, 0x0E, 0x1C, 0x07, 0x07, 0x07, 0x03, 0x83, 0x83, 0x81,
  0xC1, 0xC1, 0xC0, 0xE0, 0xE0, 0xE0, 0x00, 0x00, 0x70, 0x00, 0x00, 0x38,
  0x00, 0x00, 0x1C, 0x00, 0x01, 0xFF, 0xF0, 0x01, 0xFF, 0xF8, 0x00, 0xE0,
  0x0E, 0x00, 0x60, 0x03, 0x00, 0x20, 0x00, 0x00, 0x07, 0xFF, 0xFC, 0x03,
  0xFF, 0xFF, 0xC1, 0xC7, 0x1C, 0x78, 0xE1, 0xC7, 0x0E, 0x70, 0x71, 0xC3,
  0x9C, 0x1C, 0x70, 0x77, 0x07, 0x1C, 0x1F, 0x81, 0xC7, 0x07, 0xE0, 0x71,
  0xC1, 0xF8, 0x1C, 0x70, 0x7E, 0x07, 0x1C, 0x1F, 0x81, 0xC7, 0x07, 0xE0,
  0x71, 0xC1, 0xF8, 0x1C, 0x70, 0x7E, 0x07, 0x1C, 0x3B, 0x81, 0xC7, 0x0E,
  0xE0, 0x71, 0xC7, 0x1C, 0x1C, 0x7F, 0xC7, 0x07, 0x1F, 0xC1, 0xE3, 0x80,
  0x00, 0x3F, 0xC0, 0x00, 0x03, 0xE0, 0x00, 0x00, 0x07, 0xFF, 0xFC, 0x00,
  0x0F, 0xFF, 0xFF, 0x00, 0x1C, 0x71, 0xC7, 0x80, 0x38, 0x71, 0xC3, 0x80,
  0x70, 0x71, 0xC3, 0x80, 0x70, 0x71, 0xC1, 0xC0, 0x70, 0x71, 0xC1, 0xC3,
  0xE0, 0x71, 0xC1, 0xC7, 0xE0, 0x71, 0xC1, 0xC7, 0xE0, 0x71, 0xC1, 0xFE,
  0xE0, 0x71, 0xC1, 0xFE, 0xE0, 0x71, 0xC1, 0xC7, 0xE0, 0x71, 0xC1, 0xC3,
  0xE0, 0x71, 0xC1, 0xC0, 0xE0, 0x71, 0xC3, 0x80, 0xE0, 0x71, 0xC3, 0x80,
  0xE0, 0x71, 0xC7, 0x00, 0x70, 0x71, 0xFF, 0x00, 0x70, 0x71, 0xFC, 0x00,
  0x78, 0xE0, 0x00, 0x00, 0x3F, 0xC0, 0x00, 0x00, 0x0F, 0x80, 0x00, 0x00,
  0x07, 0xFF, 0xFF, 0x00, 0xFF, 0xFF, 0xFC, 0x0F, 0x1C, 0xF0, 0xF0, 0xE0,
  0xE7, 0x03, 0x8F, 0x07, 0x38, 0x1C, 0x70, 0x39, 0xC0, 0xE3, 0x81, 0xCE,
  0x07, 0x1C, 0x0E, 0x70, 0x70, 0xE0, 0x73, 0xC3, 0x87, 0x03, 0x8F, 0xFC,
  0x1C, 0x1C, 0x3F, 0xC0, 0x7F, 0xC0, 0x0E, 0x01, 0xF8, 0x00, 0xE0, 0x00,
  0x00, 0x07, 0x00, 0x00, 0x00, 0x70, 0x00, 0x00, 0x03, 0x80, 0x00, 0x00,
  0x38, 0x00, 0x00, 0x01, 0xC0, 0xC0, 0x00, 0x1E, 0x0E, 0x00, 0x00, 0xE0,
  0x60, 0x00, 0x07, 0xFF, 0x00, 0x00, 0x3F, 0xF8, 0x00, 0x00, 0x00, 0xC0,
  0x00, 0x00, 0x03, 0x07, 0xFF, 0xFF, 0x07, 0xFF, 0xFF, 0xE3, 0xC7, 0x38,
  0x3D, 0xC1, 0xCE, 0x07, 0xF0, 0x73, 0x81, 0xF8, 0x1C, 0xE0, 0x7E, 0x07,
  0x38, 0x1F, 0x81, 0xCE, 0x0E, 0xE0, 0x73, 0xC3, 0xB8, 0x1C, 0x7F, 0xE7,
  0x07, 0x0F, 0xF0, 0xFF, 0x80, 0x3C, 0x1F, 0x80, 0x0E, 0x00, 0x00, 0x03,
  0x80, 0x00, 0x01, 0xC0, 0x00, 0x00, 0x70, 0x00, 0x00, 0x38, 0x00, 0x00,
  0x0E, 0x00, 0x00, 0x07, 0x00, 0x00, 0x01, 0xC0, 0x00, 0x00, 0xF0, 0x00,
  0x00, 0x38, 0x00, 0x07, 0xFF, 0xFF, 0x01, 0xFF, 0xFF, 0xF8, 0x3C, 0x73,
  0x83, 0xC7, 0x07, 0x38, 0x1C, 0xF0, 0x73, 0x81, 0xCE, 0x07, 0x38, 0x1C,
  0xE0, 0x73, 0x81, 0xCE, 0x07, 0x38, 0x38, 0xE0, 0x73, 0xC3, 0x8E, 0x07,
  0x1F, 0xF8, 0x70, 0x70, 0xFF, 0x03, 0xFE, 0x00, 0xF0, 0x1F, 0x80, 0x0E,
  0x00, 0x00, 0x00, 0xE0, 0x00, 0x00, 0x1F, 0xC0, 0x00, 0x01, 0xFE, 0x00,
  0x00, 0x38, 0xF0, 0x00, 0x03, 0x87, 0x00, 0x00, 0x70, 0x70, 0x00, 0x07,
  0x0F, 0x00, 0x00, 0x7F, 0xE0, 0x00, 0x07, 0xF8, 0x0F, 0xFF, 0xFC, 0x1F,
  0xFF, 0xFF, 0x9F, 0x1C, 0x71, 0xCE, 0x0E, 0x38, 0x7F, 0x07, 0x1C, 0x3F,
  0x03, 0x8E, 0x1F, 0x81, 0xC7, 0x0F, 0xC0, 0xE3, 0x87, 0xE0, 0x71, 0xC7,
  0x70, 0x38, 0xFF, 0x1C, 0x3C, 0x7F, 0x07, 0xFE, 0x00, 0x01, 0xFE, 0x00,
  0x00, 0x07, 0x00, 0x00, 0x03, 0x00, 0x00, 0x03, 0x80, 0x00, 0x01, 0xC0,
  0x00, 0x01, 0xC0, 0x00, 0x00, 0xE0, 0x00, 0x00, 0xE0, 0x00, 0x00, 0x70,
  0x00, 0x00, 0x38, 0x00, 0x00, 0x0F, 0xFF, 0xFC, 0x1F, 0xFF, 0xFF, 0x9F,
  0x1C, 0x71, 0xCE, 0x0E, 0x38, 0x7F, 0x07, 0x1C, 0x3F, 0x03, 0x8E, 0x1F,
  0x81, 0xC7, 0x0F, 0xC0, 0xE3, 0x87, 0xE0, 0x71, 0xC7, 0x70, 0x38, 0xFF,
  0x9C, 0x1C, 0x7F, 0x07, 0xFE, 0x00, 0x01, 0xFF, 0x00, 0x00, 0x03, 0x80,
  0x00, 0x01, 0xC0, 0x00, 0x00, 0xE0, 0x00, 0x00, 0x70, 0x00, 0x00, 0x38,
  0x00, 0x00, 0x1C, 0x00, 0x00, 0x0E, 0x00, 0x00, 0x07, 0x00, 0x00, 0x03,
  0x80, 0x00, 0x07, 0xFF, 0xFF, 0x07, 0xFF, 0xFF, 0xE3, 0xC7, 0x38, 0x3D,
  0xC1, 0xCE, 0x07, 0xF0, 0x73, 0x81, 0xF8, 0x1C, 0xE0, 0x7E, 0x07, 0x38,
  0x1F, 0x81, 0xCE, 0x0E, 0xE0, 0x73, 0xC3, 0xB8, 0x1C, 0x7F, 0xE7, 0x07,
  0x0F, 0xF0, 0xFF, 0x80, 0x3C, 0x1F, 0x80, 0x0E, 0x00, 0x00, 0x03, 0x80,
  0x00, 0x01, 0xC0, 0x00, 0x00, 0x70, 0x00, 0x00, 0x38, 0x00, 0x00, 0x0E,
  0x00, 0x00, 0x07, 0x00, 0x00, 0x01, 0xC0, 0x00, 0x1F, 0xFF, 0x80, 0x07,
  0xFF, 0xE0, 0x01, 0x80, 0x38, 0x00, 0xE0, 0x07, 0x00, 0x20, 0x00, 0x40,
  0xE0, 0x70, 0x3F, 0x03, 0x81, 0xF8, 0x1C, 0x0F, 0xC0, 0xE0, 0x7E, 0x07,
  0x03, 0xF0, 0x38, 0x1F, 0x81, 0xC0, 0xFC, 0x0E, 0x07, 0xE0, 0x70, 0x3F,
  0x03, 0x81, 0xF8, 0x1C, 0x0F, 0xC0, 0xE0, 0x7E, 0x07, 0x03, 0xF0, 0x38,
  0x1F, 0x81, 0xC0, 0xFC, 0x0F, 0x0E, 0xE0, 0x78, 0x77, 0x03, 0xFF, 0x3C,
  0x3B, 0xF0, 0xE1, 0xC0, 0x03, 0xFC, 0x00, 0x0F, 0xC0, 0x00, 0xE0, 0x70,
  0x38, 0x1C, 0x0E, 0x07, 0x03, 0x81, 0xC0, 0xE0, 0x70, 0x38, 0x1C, 0x0E,
  0x07, 0x03, 0x81, 0xC0, 0xE0, 0x70, 0x38, 0x1C, 0x0E, 0x1F, 0x03, 0x81,
  0xC7, 0xE0, 0x70, 0x3F, 0xFC, 0x0E, 0x07, 0xFF, 0x81, 0xC0, 0xE3, 0xF0,
  0x38, 0x1C, 0x3E, 0x07, 0x03, 0x87, 0xC0, 0xE0, 0x70, 0x38, 0x1C, 0x0E,
  0x07, 0x03, 0xC3, 0x80, 0xE0, 0x78, 0x70, 0x1C, 0x0F, 0xFC, 0x03, 0xC3,
  0xBF, 0x00, 0x38, 0x70, 0x00, 0x03, 0xFC, 0x00, 0x00, 0x3F, 0x00, 0x00,
  0x00, 0xE0, 0x70, 0x38, 0xE0, 0x70, 0x38, 0xE0, 0x70, 0x38, 0xE0, 0x70,
  0x38, 0xE0, 0x70, 0x38, 0xE0, 0x70, 0x38, 0xE0, 0x78, 0x30, 0xE0, 0x78,
  0x70, 0xE0, 0x7F, 0xF0, 0xF0, 0xEF, 0xE0, 0x70, 0xE0, 0xE0, 0x3F, 0xC0,
  0xC0, 0x1F, 0x81, 0xC0, 0x00, 0x01, 0x80, 0x00, 0x03, 0x80, 0x00, 0x03,
  0x80, 0x00, 0x07, 0x00, 0x00, 0x07, 0x03, 0x00, 0x06, 0x06, 0x00, 0x0E,
  0x0E, 0x00, 0x0F, 0xFE, 0x00, 0x0F, 0xFE, 0x00, 0x00, 0x06, 0x00, 0x00,
  0x07, 0xE0, 0x70, 0x3F, 0x03, 0x81, 0xF8, 0x1C, 0x0F, 0xC0, 0xE0, 0x7E,
  0x07, 0x03, 0xF0, 0x38, 0x1F, 0x81, 0xE0, 0xDC, 0x0F, 0x0E, 0xE0, 0x7F,
  0xF7, 0x87, 0x7F, 0x1C, 0x38, 0x38, 0x7F, 0x81, 0xC1, 0xF8, 0x1C, 0x00,
  0x00, 0xE0, 0x00, 0x0E, 0x00, 0x00, 0x70, 0x00, 0x03, 0x80, 0x00, 0x38,
  0x00, 0x01, 0xC0, 0x00, 0x1C, 0x00, 0x00, 0xE0, 0x00, 0x07, 0x00, 0xE0,
  0x70, 0x38, 0xE0, 0x70, 0x38, 0xE0, 0x70, 0x38, 0xE0, 0x70, 0x38, 0xE0,
  0x70, 0x38, 0xE0, 0x70, 0x38, 0xE0, 0x78, 0x30, 0xE0, 0x78, 0x70, 0xE0,
  0x7F, 0xF0, 0xF0, 0xEF, 0xE0, 0x70, 0xE0, 0xE0, 0x3F, 0xC0, 0xE0, 0x1F,
  0x81, 0xC0, 0x00, 0x01, 0xC0, 0x00, 0x03, 0xFC, 0x00, 0x03, 0xFE, 0x00,
  0x07, 0x8F, 0x00, 0x07, 0x07, 0x00, 0x07, 0x07, 0x00, 0x0E, 0x0F, 0x00,
  0x0F, 0xFE, 0x00, 0x0F, 0xF8, 0x07, 0x03, 0x81, 0xC1, 0xC0, 0xE0, 0x70,
  0x70, 0x38, 0x1C, 0x1C, 0x0E, 0x07, 0x07, 0x03, 0x81, 0xC1, 0xC0, 0xE0,
  0x70, 0x70, 0x3C, 0x18, 0x1C, 0x0F, 0x0E, 0x07, 0x03, 0xFF, 0x01, 0xE1,
  0xDF, 0x80, 0x78, 0x70, 0x00, 0x1F, 0xF8, 0x00, 0x0E, 0xFC, 0x00, 0x03,
  0x80, 0x00, 0x01, 0xC0, 0x00, 0x00, 0x70, 0x00, 0x00, 0x38, 0x00, 0x00,
  0x0E, 0x00, 0x00, 0x03, 0x80, 0x00, 0x01, 0xC0, 0x00, 0x00, 0x70, 0x00,
  0x00, 0x38, 0x00, 0x00, 0x00, 0xE0, 0x70, 0x3F, 0x03, 0x81, 0xF8, 0x1C,
  0x0F, 0xC0, 0xE0, 0x7E, 0x07, 0x03, 0xF0, 0x38, 0x1F, 0x81, 0xE0, 0xDC,
  0x0F, 0x0E, 0xE0, 0x7F, 0xE7, 0x87, 0x7E, 0x1C, 0x38, 0x00, 0x7F, 0xC0,
  0x01, 0xFC, 0x00, 0x00, 0xE0, 0x00, 0x0E, 0x00, 0x00, 0x70, 0x00, 0x03,
  0x00, 0x00, 0x38, 0x00, 0x01, 0xC0, 0x00, 0x1C, 0x00, 0x00, 0xE0, 0x00,
  0x0E, 0x00, 0x00, 0xE0, 0x70, 0x3F, 0x03, 0x81, 0xF8, 0x1C, 0x0F, 0xC0,
  0xE0, 0x7E, 0x07, 0x03, 0xF0, 0x38, 0x1F, 0x81, 0xE0, 0xDC, 0x0F, 0x0E,
  0xE0, 0x7F, 0xF7, 0x87, 0x7F, 0x1C, 0x38, 0x38, 0x7F, 0x81, 0xC1, 0xF8,
  0x1C, 0x00, 0x00, 0xE0, 0x00, 0x0E, 0x00, 0x00, 0x70, 0x00, 0x03, 0x80,
  0x00, 0x38, 0x00, 0x01, 0xC0, 0x00, 0x1C, 0x00, 0x3F, 0xFF, 0x03, 0xFF,
  0xF8, 0x1C, 0x01, 0xC0, 0xC0, 0x06, 0x04, 0x00, 0x08, 0x00, 0x38, 0x00,
  0x70, 0x00, 0xE0, 0x03, 0x80, 0x07, 0x00, 0x1C, 0x00, 0x70, 0x01, 0xC0,
  0x07, 0x00, 0x3C, 0x00, 0xF0, 0x01, 0xC0, 0x07, 0x00, 0x1E, 0x00, 0x38,
  0x00, 0x70, 0x00, 0xE0, 0x01, 0xC0, 0x0F, 0xC0, 0x3B, 0xC0, 0x73, 0xFF,
  0xE1, 0xFF, 0xC0, 0x03, 0x80, 0x03, 0x00, 0x38, 0x00, 0x0E, 0x00, 0x07,
  0x80, 0x01, 0xC0, 0x01, 0xE0, 0x01, 0xF0, 0x00, 0xF8, 0x00, 0xF8, 0x00,
  0x78, 0x00, 0x3C, 0x00, 0x0E, 0x00, 0x03, 0x80, 0x00, 0xE0, 0x00, 0x3C,
  0x00, 0x07, 0xFF, 0xF8, 0xFF, 0xFE, 0x00, 0xE3, 0x80, 0x38, 0x60, 0x0E,
  0x0C, 0x03, 0x80, 0x00, 0xE0, 0x00, 0x38, 0x00, 0x00, 0x38, 0x00, 0x70,
  0x00, 0xE0, 0x03, 0x80, 0x07, 0x00, 0x1C, 0x00, 0x70, 0x01, 0xC0, 0x07,
  0x00, 0x3C, 0x00, 0xF0, 0x01, 0xC0, 0x07, 0x00, 0x1E, 0x00, 0x38, 0x03,
  0xF0, 0x07, 0xE0, 0x0F, 0xC0, 0x1F, 0xC0, 0x73, 0xC1, 0xE3, 0xFF, 0x81,
  0xFC, 0x00, 0x00, 0x38, 0x00, 0x07, 0x00, 0x00, 0xE0, 0x00, 0x38, 0x00,
  0x07, 0x00, 0x01, 0xC0, 0x00, 0x70, 0x00, 0x1C, 0x00, 0x07, 0x00, 0x03,
  0xC0, 0x00, 0xF0, 0x00, 0x1C, 0x00, 0x07, 0x00, 0xFD, 0xE0, 0x7F, 0xF8,
  0x1E, 0x3F, 0x03, 0x87, 0xE0, 0xE0, 0x7C, 0x1C, 0x03, 0xC7, 0x00, 0x3C,
  0xE0, 0x03, 0xFC, 0x00, 0x1F, 0x80, 0x00, 0x00, 0x38, 0x00, 0x1C, 0x00,
  0x0E, 0x00, 0x0E, 0x00, 0x07, 0x00, 0x07, 0x00, 0x07, 0x00, 0x07, 0x00,
  0x07, 0x00, 0x0F, 0x00, 0x0F, 0x00, 0x07, 0x00, 0x07, 0x00, 0x07, 0x80,
  0x03, 0x81, 0xF9, 0xC3, 0xFE, 0xE3, 0xC7, 0xF1, 0xC1, 0xFC, 0xE0, 0xEF,
  0x78, 0xF3, 0xFF, 0xF0, 0x7F, 0xE0, 0x03, 0xF8, 0x7F, 0xC7, 0x8E, 0x70,
  0x37, 0x00, 0xB8, 0x01, 0xC0, 0x1C, 0x00, 0xE0, 0x07, 0x00, 0x38, 0x01,
  0xC0, 0x0E, 0x00, 0x70, 0x03, 0x80, 0x1C, 0x00, 0xE0, 0x07, 0x00, 0xDC,
  0x0E, 0xF0, 0x73, 0xFF, 0x87, 0xFC, 0x00, 0xE0, 0x03, 0x03, 0xFC, 0x0F,
  0xFE, 0x1F, 0xCF, 0x3B, 0x87, 0x7B, 0x87, 0x73, 0xCF, 0x71, 0xFE, 0xE0,
  0xFC, 0xE0, 0x00, 0xE0, 0x00, 0xE0, 0x00, 0xE0, 0x00, 0xE0, 0x00, 0xE0,
  0x00, 0xE0, 0x00, 0xE0, 0x00, 0xE0, 0x00, 0xE0, 0x18, 0x70, 0x38, 0x78,
  0x30, 0x3F, 0xF0, 0x0F, 0xF0, 0x00, 0x30, 0x00, 0x18, 0x18, 0x00, 0x63,
  0x00, 0x1C, 0x70, 0x03, 0x07, 0xFF, 0xE0, 0xFF, 0xFC, 0x00, 0x70, 0x00,
  0x1C, 0x00, 0x03, 0x80, 0x00, 0xE0, 0x00, 0x38, 0x00, 0x0E, 0x00, 0x03,
  0x80, 0x01, 0xE0, 0x00, 0x78, 0x00, 0x0E, 0x00, 0x03, 0x80, 0x7E, 0xF0,
  0x3F, 0xFC, 0x0F, 0x1F, 0x81, 0xC3, 0xF0, 0x70, 0x3E, 0x0E, 0x01, 0xE3,
  0x80, 0x1E, 0x70, 0x01, 0xFE, 0x00, 0x0F, 0xC0, 0x00, 0x07, 0x00, 0x38,
  0x01, 0xC0, 0x0E, 0x00, 0x70, 0x07, 0xC0, 0xFF, 0x8F, 0x1E, 0x70, 0x77,
  0x01, 0xF8, 0x0F, 0xC0, 0x7E, 0x03, 0xF0, 0x1F, 0x80, 0xFC, 0x07, 0xE0,
  0x3F, 0x01, 0xF8, 0x0F, 0xC0, 0x7E, 0x03, 0xF0, 0x1F, 0x80, 0xFC, 0x07,
  0x07, 0x00, 0x00, 0xE0, 0x00, 0x1C, 0x00, 0x03, 0x80, 0x00, 0x70, 0x00,
  0x1F, 0x80, 0x0F, 0xFC, 0x03, 0xC3, 0xC0, 0x70, 0x38, 0x1C, 0x03, 0x83,
  0x80, 0x70, 0x70, 0x0E, 0x3E, 0x01, 0xCF, 0xC0, 0x3F, 0xF8, 0x07, 0xFF,
  0x00, 0xE7, 0xE0, 0x1C, 0x7C, 0x03, 0x8F, 0x80, 0x70, 0x70, 0x0E, 0x0E,
  0x01, 0xC1, 0xC0, 0x38, 0x38, 0x07, 0x07, 0x00, 0xE0, 0x07, 0x00, 0x00,
  0x70, 0x00, 0x07, 0x00, 0x00, 0x70, 0x00, 0x07, 0x00, 0x00, 0xFC, 0x00,
  0x3F, 0xF0, 0x07, 0x87, 0x80, 0x70, 0x38, 0x0E, 0x01, 0xC0, 0xE0, 0x1C,
  0x0E, 0x01, 0xC0, 0xE0, 0x1C, 0x0E, 0x01, 0xC0, 0xE0, 0x1C, 0x0E, 0x01,
  0xC0, 0xE0, 0x1C, 0x0E, 0x01, 0xC0, 0xE0, 0x1C, 0x0E, 0x01, 0xC3, 0xE0,
  0x1C, 0x3E, 0x01, 0xC7, 0xE0, 0x1F, 0xFE, 0x01, 0xFF, 0x00, 0x00, 0x70,
  0x00, 0x03, 0x07, 0x00, 0x1C, 0x00, 0x70, 0x01, 0xC0, 0x07, 0x00, 0x3F,
  0x03, 0xFF, 0x1E, 0x1E, 0x70, 0x3B, 0x80, 0x7E, 0x01, 0xF8, 0x07, 0xE0,
  0x1F, 0x80, 0x7E, 0x01, 0xF8, 0x07, 0x00, 0x1C, 0x00, 0x70, 0x01, 0xC0,
  0x07, 0x00, 0x1C, 0x00, 0x70, 0x01, 0xC0, 0x07, 0x07, 0x00, 0x00, 0x38,
  0x00, 0x01, 0xC0, 0x00, 0x0E, 0x00, 0x00, 0x70, 0x00, 0x07, 0xE0, 0x00,
  0xFF, 0xC0, 0x0F, 0x0F, 0x00, 0x70, 0x38, 0x07, 0x00, 0xE0, 0x38, 0x07,
  0x01, 0xC0, 0x38, 0x0E, 0x01, 0xC0, 0x70, 0x0E, 0x03, 0x80, 0x70, 0x1C,
  0x03, 0x80, 0xE0, 0x1F, 0xE7, 0x00, 0xFF, 0xB8, 0x07, 0x1F, 0xC0, 0x38,
  0x7E, 0x01, 0xC3, 0xF0, 0x0E, 0x3F, 0x80, 0x7F, 0xDC, 0x03, 0xFC, 0x1C,
  0x00, 0x38, 0x00, 0xE0, 0x01, 0xC0, 0x07, 0x00, 0x3F, 0x03, 0xFF, 0x1E,
  0x1E, 0x70, 0x3B, 0x80, 0x7E, 0x01, 0xF8, 0x07, 0xE0, 0x1F, 0x80, 0x7E,
  0x01, 0xF8, 0x07, 0xE0, 0x1F, 0x80, 0x7E, 0x01, 0xF8, 0x07, 0xE0, 0x1F,
  0x80, 0x7E, 0x01, 0xF8, 0x07, 0x07, 0x00, 0x1C, 0x00, 0x70, 0x01, 0xC0,
  0x07, 0x00, 0x3F, 0x03, 0xFF, 0x1E, 0x1E, 0x70, 0x3B, 0x80, 0x7E, 0x01,
  0xF8, 0x07, 0xE0, 0x1F, 0x80, 0x7E, 0x01, 0xF8, 0x07, 0xE0, 0x03, 0x80,
  0x0E, 0x00, 0x38, 0x00, 0xE0, 0x03, 0x80, 0x0E, 0x00, 0x38, 0x00, 0x01,
  0xC0, 0x00, 0x0E, 0x00, 0x00, 0x70, 0x00, 0x03, 0x80, 0x00, 0x1C, 0x00,
  0x01, 0xF8, 0x00, 0x3F, 0xF0, 0x03, 0xC3, 0xC0, 0x1C, 0x0E, 0x01, 0xC0,
  0x38, 0x0E, 0x01, 0xC0, 0x70, 0x0E, 0x03, 0x80, 0x70, 0x1C, 0x03, 0x80,
  0xE0, 0x1C, 0x07, 0x00, 0xE0, 0x38, 0x07, 0x00, 0x00, 0x38, 0x00, 0x01,
  0xC0, 0x00, 0x0E, 0x00, 0x00, 0x70, 0x00, 0x03, 0x81, 0xFF, 0xFF, 0xDF,
  0xFF, 0xFE, 0xE0, 0x00, 0x36, 0x00, 0x01, 0xE0, 0x00, 0x02, 0xC0, 0x07,
  0x80, 0x0F, 0x80, 0x3F, 0xFF, 0xFF, 0xFF, 0xFC, 0x71, 0xF0, 0xE1, 0x81,
  0xC0, 0x07, 0xC0, 0x3F, 0xE0, 0xF1, 0xE1, 0xC1, 0xC7, 0x01, 0xCE, 0x03,
  0x9C, 0x07, 0x38, 0x0E, 0x70, 0x1C, 0xE0, 0x39, 0xC0, 0x73, 0x80, 0xE7,
  0x01, 0xCE, 0x03, 0x9C, 0x07, 0x38, 0x0E, 0x70, 0x1C, 0xE0, 0x39, 0xC0,
  0x70, 0xC0, 0x03, 0x06, 0x00, 0x18, 0x38, 0x01, 0xC1, 0xFF, 0xFE, 0x0F,
  0xFF, 0xF0, 0x71, 0xC3, 0x83, 0x0E, 0x0C, 0x00, 0x70, 0x00, 0x07, 0xE0,
  0x00, 0xFF, 0xC0, 0x0F, 0x0F, 0x00, 0x70, 0x38, 0x07, 0x00, 0xE0, 0x38,
  0x07, 0x01, 0xC0, 0x38, 0x6E, 0x01, 0xC7, 0x70, 0x0E, 0x3B, 0x80, 0x7F,
  0xDC, 0x03, 0xFE, 0xE0, 0x1C, 0x77, 0x00, 0xE1, 0xB8, 0x07, 0x01, 0xC0,
  0x38, 0x0E, 0x01, 0xC0, 0x70, 0x0E, 0x03, 0x80, 0x70, 0x1C, 0x03, 0x80,
  0xC0, 0x03, 0x06, 0x00, 0x18, 0x38, 0x01, 0xC1, 0xFF, 0xFE, 0x0F, 0xFF,
  0xF0, 0x71, 0xC3, 0x83, 0x0E, 0x0C, 0x00, 0x70, 0x00, 0x07, 0xE0, 0x00,
  0xFF, 0xC0, 0x0F, 0x0F, 0x00, 0x70, 0x38, 0x07, 0x00, 0xE0, 0x38, 0x07,
  0x01, 0xC0, 0x38, 0x0E, 0x01, 0xC0, 0x70, 0x0E, 0x03, 0x80, 0x70, 0x1C,
  0x03, 0x80, 0xE0, 0x1C, 0x07, 0x00, 0xE0, 0x38, 0x07, 0x01, 0xC0, 0x38,
  0x6E, 0x01, 0xC7, 0x70, 0x0E, 0x3B, 0x80, 0x7F, 0x9C, 0x03, 0xFC, 0x00,
  0x00, 0x70, 0x00, 0x01, 0x80, 0xC0, 0x03, 0xC0, 0x03, 0xE0, 0x07, 0xFF,
  0xFF, 0xFF, 0xFF, 0xE3, 0x87, 0xC3, 0x83, 0x03, 0x80, 0x07, 0xE0, 0x1F,
  0xF8, 0x3C, 0x3C, 0x38, 0x1C, 0x70, 0x0E, 0x70, 0x0E, 0x70, 0x0E, 0x70,
  0x0E, 0x70, 0x0E, 0x70, 0x0E, 0x70, 0x0E, 0x00, 0x0E, 0x00, 0x0E, 0x00,
  0x0E, 0x00, 0x0E, 0x00, 0x0E, 0x00, 0x0E, 0x00, 0x0E, 0x00, 0x0E, 0xC0,
  0x03, 0x03, 0x00, 0x0C, 0x0E, 0x00, 0x70, 0x3F, 0xFF, 0xC0, 0xFF, 0xFF,
  0x03, 0x8E, 0x1C, 0x0C, 0x38, 0x30, 0x00, 0xE0, 0x00, 0x07, 0xE0, 0x00,
  0x7F, 0xE0, 0x03, 0xC3, 0xC0, 0x0E, 0x07, 0x00, 0x70, 0x0E, 0x01, 0xC0,
  0x38, 0x07, 0x00, 0xE0, 0x1C, 0x03, 0x80, 0x70, 0x0E, 0x01, 0xC0, 0x38,
  0x07, 0x00, 0xE0, 0x1C, 0x03, 0xFC, 0x70, 0x0F, 0xF9, 0xC0, 0x38, 0xF7,
  0x00, 0xE1, 0xDC, 0x03, 0x87, 0x70, 0x0E, 0x3D, 0xC0, 0x3F, 0xE7, 0x00,
  0xFF, 0x00, 0xC0, 0x03, 0x70, 0x01, 0xB8, 0x01, 0xDF, 0xFF, 0xEF, 0xFF,
  0xF7, 0x1C, 0x3B, 0x07, 0x0C, 0x03, 0x80, 0x03, 0xF0, 0x07, 0xFE, 0x07,
  0x87, 0x83, 0x81, 0xC3, 0x80, 0x71, 0xC0, 0x38, 0xE0, 0x1C, 0x70, 0x0E,
  0x38, 0x07, 0x1C, 0x03, 0x8E, 0x01, 0xC7, 0x00, 0xE3, 0x80, 0x71, 0xC0,
  0x38, 0xE0, 0x1C, 0x70, 0x0E, 0x38, 0x07, 0x1C, 0x03, 0x8E, 0x01, 0xC0,
  0xC0, 0x03, 0xC0, 0x03, 0xE0, 0x07, 0xFF, 0xFF, 0xFF, 0xFF, 0xE3, 0x87,
  0xC3, 0x83, 0x03, 0x80, 0x07, 0xE0, 0x1F, 0xF8, 0x3C, 0x3C, 0x38, 0x1C,
  0x70, 0x0E, 0x70, 0x0E, 0x70, 0x0E, 0x70, 0x0E, 0x70, 0x0E, 0x70, 0x0E,
  0x70, 0x0E, 0x70, 0x00, 0x70, 0x00, 0x70, 0x00, 0x70, 0x00, 0x70, 0x00,
  0x70, 0x00, 0x70, 0x00, 0x70, 0x00, 0x60, 0x01, 0x83, 0x80, 0x0C, 0x1C,
  0x00, 0xE0, 0xFF, 0xFF, 0x07, 0xFF, 0xF8, 0x38, 0xE1, 0xC1, 0x87, 0x06,
  0x00, 0x38, 0x00, 0x03, 0xF0, 0x00, 0x7F, 0xE0, 0x07, 0x87, 0x80, 0x38,
  0x1C, 0x03, 0x80, 0x70, 0x1C, 0x03, 0x80, 0xE0, 0x1C, 0x07, 0x00, 0xE0,
  0x38, 0x07, 0x01, 0xC0, 0x38, 0x0E, 0x01, 0xC0, 0x70, 0x0E, 0x00, 0x00,
  0x70, 0x00, 0x03, 0x80, 0x00, 0x1C, 0x00, 0x00, 0xE0, 0x00, 0x07, 0x03,
  0xFF, 0xFF, 0xBF, 0xFF, 0xFD, 0xC0, 0x00, 0x6C, 0x00, 0x03, 0xC0, 0x00,
  0x04, 0x01, 0xC0, 0x00, 0xE0, 0x00, 0x70, 0x00, 0x38, 0x00, 0xFF, 0x81,
  0xFF, 0xF1, 0xE7, 0x3D, 0xC3, 0x8F, 0xE1, 0xC3, 0xF0, 0xE1, 0xF8, 0x70,
  0xFE, 0x38, 0xF7, 0x9C, 0xF1, 0xFF, 0xF0, 0x3F, 0xE0, 0x03, 0x80, 0x01,
  0xC0, 0x00, 0xE0, 0x00, 0x70, 0x00, 0x38, 0x00, 0x1C, 0x00, 0x0E, 0x00,
  0x01, 0xC0, 0x00, 0x70, 0x00, 0x1C, 0x00, 0x3F, 0xF0, 0x3F, 0xFF, 0x1E,
  0x71, 0xEF, 0x1C, 0x3F, 0x87, 0x07, 0xE1, 0xC1, 0xF8, 0x70, 0x7F, 0x1C,
  0x3D, 0xE7, 0x1E, 0x3F, 0xFF, 0x03, 0xFF, 0x00, 0x1C, 0x30, 0x07, 0x1C,
  0x01, 0xC7, 0x00, 0x7F, 0xC0, 0x1F, 0xF0, 0x07, 0x1C, 0x01, 0xC3, 0x00,
  0x70, 0x00, 0x01, 0xC0, 0x00, 0x70, 0x00, 0x1C, 0x00, 0x07, 0x00, 0x0F,
  0xFC, 0x0F, 0xFF, 0xC7, 0x9C, 0x7B, 0xC7, 0x0F, 0xE1, 0xC1, 0xF8, 0x70,
  0x7E, 0x1C, 0x1F, 0xC7, 0x0F, 0x79, 0xC7, 0x8F, 0xFF, 0xC0, 0xFF, 0xC0,
  0x07, 0x00, 0x01, 0xC0, 0x00, 0x70, 0x60, 0x1C, 0x38, 0x07, 0x0C, 0x01,
  0xFF, 0x00, 0x7F, 0xC0, 0x00, 0x38, 0x00, 0x06, 0x00, 0xE0, 0x00, 0x38,
  0x00, 0x0E, 0x00, 0x03, 0x80, 0x0F, 0xFC, 0x0F, 0xFF, 0xC7, 0x8E, 0x7B,
  0xC3, 0x8F, 0xE0, 0xE1, 0xF8, 0x38, 0x7E, 0x0E, 0x1F, 0xC3, 0x8F, 0x78,
  0xE7, 0x8F, 0xFF, 0xC0, 0xFF, 0xC0, 0x03, 0x80, 0x00, 0xE0, 0x00, 0x38,
  0x00, 0x1C, 0x00, 0x0F, 0x00, 0x7F, 0x80, 0x3F, 0x80, 0x0E, 0x00, 0x03,
  0x00, 0x00, 0x00, 0x00, 0x00, 0x00, 0xE0, 0x00, 0x38, 0x00, 0x0E, 0x00,
  0x3F, 0xF0, 0x3F, 0xFF, 0x1E, 0x39, 0xEE, 0x0E, 0x1F, 0x83, 0x87, 0xE0,
  0xE1, 0xF8, 0x38, 0x77, 0x8E, 0x78, 0xFF, 0xFC, 0x0F, 0xFC, 0x00, 0x38,
  0x00, 0x0E, 0x00, 0x03, 0xF8, 0x00, 0xFF, 0x80, 0x38, 0xE0, 0x0E, 0x38,
  0x03, 0x8E, 0x00, 0xFF, 0x00, 0x3F, 0x80, 0x60, 0x00, 0x1C, 0x00, 0x07,
  0x00, 0x00, 0xFF, 0x00, 0x3F, 0xC0, 0x00, 0x70, 0x00, 0x1C, 0x00, 0x07,
  0x00, 0x01, 0xC0, 0x03, 0xFF, 0x03, 0xFF, 0xF1, 0xE7, 0x1E, 0xF1, 0xC3,
  0xF8, 0x70, 0x7E, 0x1C, 0x1F, 0x87, 0x07, 0xF1, 0xC3, 0xDE, 0x71, 0xE3,
  0xFF, 0xF0, 0x3F, 0xF0, 0x01, 0xC0, 0x00, 0x70, 0x00, 0x1C, 0x00, 0x07,
  0x00, 0x01, 0xC0, 0x00, 0x70, 0x00, 0x1C, 0x00, 0x03, 0xE0, 0x01, 0xFC,
  0x00, 0xE3, 0x80, 0x38, 0xE0, 0x0E, 0x38, 0x03, 0xDE, 0x00, 0x7F, 0x00,
  0x0F, 0x80, 0x01, 0xC0, 0x00, 0x70, 0x00, 0xFF, 0xC0, 0xFF, 0xFC, 0x79,
  0xC7, 0xBC, 0x70, 0xFE, 0x1C, 0x1F, 0x87, 0x07, 0xE1, 0xC1, 0xFC, 0x70,
  0xF7, 0x9C, 0x78, 0xFF, 0xFC, 0x0F, 0xFC, 0x00, 0x70, 0x00, 0x1C, 0x00,
  0x07, 0x00, 0x03, 0xE0, 0x01, 0xFC, 0x00, 0xE3, 0x80, 0x38, 0xE0, 0x0E,
  0x38, 0x01, 0xFC, 0x00, 0x3F, 0x00, 0x07, 0x00, 0x01, 0xC0, 0x03, 0xFF,
  0x03, 0xFF, 0xF1, 0xE7, 0x1E, 0xE1, 0xC1, 0xF8, 0x70, 0x7E, 0x1C, 0x1F,
  0x87, 0x07, 0x79, 0xC7, 0x8F, 0xFF, 0xC0, 0xFF, 0xC1, 0x87, 0x00, 0x61,
  0xC0, 0x1C, 0x70, 0x03, 0xFC, 0x01, 0xFF, 0x00, 0x70, 0x00, 0x18, 0x00,
  0x00, 0x01, 0xC0, 0x00, 0x07, 0x00, 0x00, 0x1C, 0x00, 0x03, 0xFF, 0x00,
  0x7F, 0xFF, 0x81, 0xC7, 0x1E, 0x0E, 0x1C, 0x1C, 0x38, 0x70, 0x70, 0xE1,
  0xC1, 0xC1, 0xC7, 0x0E, 0x03, 0xFF, 0xF0, 0x03, 0xFF, 0x00, 0x01, 0xC0,
  0x00, 0x07, 0x00, 0x00, 0x1C, 0x3F, 0x00, 0x7F, 0xFE, 0x01, 0xFF, 0x3C,
  0x07, 0x38, 0x70, 0x1C, 0xE1, 0xC0, 0x73, 0xCF, 0x01, 0xC7, 0xF8, 0x07,
  0x0F, 0xC0, 0x01, 0xC0, 0x00, 0x00, 0x1C, 0x00, 0x00, 0x01, 0xC0, 0x00,
  0x00, 0x1C, 0x00, 0x00, 0x0F, 0xFC, 0x00, 0x03, 0xFF, 0xF0, 0xE0, 0x79,
  0xC7, 0x8E, 0x0F, 0x1C, 0x1C, 0xE0, 0xE1, 0xC1, 0xCE, 0x0E, 0x1C, 0x1F,
  0xE0, 0xE1, 0xC1, 0xFE, 0x0F, 0x1C, 0x1C, 0xFE, 0x79, 0xC7, 0x8F, 0xE3,
  0xFF, 0xF0, 0x06, 0x0F, 0xFC, 0x00, 0x70, 0x1C, 0x00, 0x03, 0x01, 0xC0,
  0x00, 0x00, 0x1C, 0x00, 0x00, 0x01, 0xC0, 0x00, 0x00, 0x1C, 0x00, 0x00,
  0x01, 0xC0, 0x00, 0x00, 0x1C, 0x00, 0x00, 0x01, 0xC0, 0x00, 0x70, 0x00,
  0x1C, 0x00, 0x3F, 0xF0, 0x3F, 0xFF, 0x1E, 0x71, 0xEE, 0x1C, 0x1F, 0x87,
  0x07, 0xE1, 0xC1, 0xF8, 0x70, 0x77, 0x9C, 0x78, 0xFF, 0xFC, 0x0F, 0xFC,
  0x00, 0x70, 0x00, 0x1C, 0x00, 0x07, 0x00, 0x7F, 0xFF, 0x9F, 0xFF, 0xE6,
  0x00, 0x3B, 0x80, 0x0E, 0x80, 0x03, 0x80, 0x00, 0xE0, 0x01, 0xC0, 0x00,
  0x70, 0x00, 0x1C, 0x00, 0x3F, 0xF0, 0x3F, 0xFF, 0x1E, 0x71, 0xEE, 0x1C,
  0x1F, 0x87, 0x07, 0xE1, 0xC1, 0xF8, 0x70, 0x77, 0x9C, 0x78, 0xFF, 0xFC,
  0x0F, 0xFC, 0x00, 0x70, 0x00, 0x1C, 0x00, 0x07, 0xF8, 0x01, 0xFF, 0x00,
  0x70, 0xE0, 0x1C, 0x38, 0x07, 0x1E, 0x7F, 0xFF, 0x1F, 0xFF, 0x87, 0x00,
  0x01, 0x80, 0x00, 0x80, 0x00, 0x00, 0x01, 0xC0, 0x00, 0x00, 0x1C, 0x00,
  0x00, 0x01, 0xC0, 0x00, 0x00, 0x1C, 0x00, 0xE0, 0x0F, 0xFC, 0x0E, 0x03,
  0xFF, 0xF0, 0xE0, 0x79, 0xC7, 0x8E, 0x0F, 0x1C, 0x1C, 0xE0, 0xE1, 0xC1,
  0xCE, 0x0E, 0x1C, 0x1F, 0xFE, 0xE1, 0xC1, 0xFF, 0xEF, 0x1C, 0x1C, 0x0E,
  0x79, 0xC7, 0x80, 0x63, 0xFF, 0xF0, 0x03, 0x0F, 0xFC, 0x00, 0x00, 0x1C,
  0x00, 0x00, 0x01, 0xC0, 0x00, 0x00, 0x1C, 0x00, 0x00, 0x01, 0xC0, 0x00,
  0x00, 0x1C, 0x00, 0x00, 0x01, 0xC0, 0x00, 0x00, 0x1C, 0x00, 0x00, 0x60,
  0x03, 0x30, 0x01, 0x9C, 0x01, 0xCF, 0xFF, 0xE7, 0xFF, 0xF3, 0x8E, 0x39,
  0x87, 0x0C, 0x03, 0x80, 0x01, 0xC0, 0x07, 0xFC, 0x0F, 0xFF, 0x8F, 0x39,
  0xEE, 0x1C, 0x7F, 0x0E, 0x1F, 0x87, 0x0F, 0xC3, 0x87, 0xF1, 0xC7, 0xBC,
  0xE7, 0x8F, 0xFF, 0x81, 0xFF, 0x00, 0x1C, 0x00, 0x0E, 0x00, 0x07, 0x00,
  0x03, 0x80, 0x01, 0xC0, 0x00, 0xE0, 0x00, 0x70, 0x00, 0x40, 0x01, 0x98,
  0x00, 0xE7, 0x00, 0x39, 0xFF, 0xFC, 0x7F, 0xFF, 0x1C, 0x70, 0xE6, 0x1C,
  0x18, 0x07, 0x00, 0x0F, 0xFC, 0x0F, 0xFF, 0xC7, 0x9C, 0x7B, 0xC7, 0x0F,
  0xE1, 0xC1, 0xF8, 0x70, 0x7E, 0x1C, 0x1F, 0xC7, 0x0F, 0x79, 0xC7, 0x8F,
  0xFF, 0xC0, 0xFF, 0xC0, 0x07, 0x0C, 0x01, 0xC7, 0x00, 0x71, 0xC0, 0x1F,
  0xF0, 0x07, 0xFC, 0x01, 0xC7, 0x00, 0x70, 0xC0, 0x1C, 0x00, 0x60, 0x01,
  0x98, 0x00, 0x67, 0x00, 0x39, 0xC0, 0x0E, 0x3F, 0xFF, 0x1F, 0xFF, 0xE6,
  0x1C, 0x38, 0x07, 0x00, 0x01, 0xC0, 0x03, 0xFF, 0x03, 0xFF, 0xF1, 0xE7,
  0x1E, 0xF1, 0xC3, 0xF8, 0x70, 0x7E, 0x1C, 0x1F, 0x87, 0x07, 0xF1, 0xC3,
  0xDE, 0x71, 0xE3, 0xFF, 0xF0, 0x3F, 0xF0, 0x01, 0xC0, 0x00, 0x70, 0x00,
  0x1C, 0x18, 0x07, 0x0E, 0x01, 0xC3, 0x80, 0x7F, 0xC0, 0x1F, 0xF0, 0x00,
  0x0E, 0x00, 0x01, 0x80, 0x60, 0x01, 0x9C, 0x00, 0x67, 0x00, 0x39, 0xFF,
  0xFE, 0x7F, 0xFF, 0x9C, 0x38, 0xE6, 0x0E, 0x18, 0x03, 0x80, 0x00, 0xE0,
  0x03, 0xFF, 0x03, 0xFF, 0xF1, 0xE3, 0x9E, 0xF0, 0xE3, 0xF8, 0x38, 0x7E,
  0x0E, 0x1F, 0x83, 0x87, 0xF0, 0xE3, 0xDE, 0x39, 0xE3, 0xFF, 0xF0, 0x3F,
  0xF0, 0x00, 0xE0, 0x00, 0x38, 0x00, 0x0E, 0x00, 0x07, 0x00, 0x03, 0xC0,
  0x1F, 0xE0, 0x0F, 0xE0, 0x03, 0x80, 0x00, 0xC0, 0x00, 0x00, 0x00, 0x00,
  0x60, 0x01, 0x9C, 0x00, 0xE7, 0xFF, 0xF1, 0xFF, 0xFC, 0x70, 0xE3, 0x1C,
  0x38, 0xE6, 0x0E, 0x18, 0x03, 0x80, 0x0F, 0xFC, 0x0F, 0xFF, 0xC7, 0x8E,
  0x7B, 0x83, 0x87, 0xE0, 0xE1, 0xF8, 0x38, 0x7E, 0x0E, 0x1D, 0xE3, 0x9E,
  0x3F, 0xFF, 0x03, 0xFF, 0x00, 0x0E, 0x00, 0x03, 0x80, 0x00, 0xFE, 0x00,
  0x3F, 0xE0, 0x0E, 0x38, 0x03, 0x8E, 0x00, 0xE3, 0x80, 0x3F, 0xC0, 0x0F,
  0xE0, 0xC0, 0x03, 0x03, 0x80, 0x1C, 0x06, 0x00, 0x70, 0x1F, 0xFF, 0xC0,
  0x7F, 0xFE, 0x01, 0x8E, 0x1C, 0x0C, 0x38, 0x30, 0x00, 0xE0, 0x00, 0x01,
  0xC0, 0x00, 0x07, 0xF8, 0x00, 0x07, 0xE0, 0x00, 0x03, 0x80, 0x00, 0x0E,
  0x00, 0x03, 0xFF, 0x00, 0x7F, 0xFF, 0x81, 0xC3, 0x9E, 0x0E, 0x0E, 0x1C,
  0x38, 0x38, 0x70, 0xE0, 0xE1, 0xC1, 0xC3, 0x8E, 0x07, 0xFF, 0xF0, 0x03,
  0xFF, 0x00, 0x00, 0xE0, 0x00, 0x03, 0x80, 0x00, 0x0E, 0x00, 0x00, 0x38,
  0x00, 0x00, 0xE0, 0x00, 0x60, 0x00, 0x36, 0x00, 0x06, 0x70, 0x00, 0xE7,
  0xFF, 0xFE, 0x7F, 0xFF, 0xE7, 0x71, 0xCE, 0x67, 0x1C, 0x60, 0x71, 0xC0,
  0x07, 0xBC, 0x00, 0x3F, 0x80, 0x01, 0xF0, 0x00, 0x0E, 0x00, 0x00, 0xE0,
  0x00, 0x7F, 0xE0, 0x1F, 0xFF, 0x83, 0xCE, 0x3C, 0x70, 0xE0, 0xE7, 0x0E,
  0x0E, 0x70, 0xE0, 0xE7, 0x0E, 0x0E, 0x3C, 0xE3, 0xC1, 0xFF, 0xF8, 0x07,
  0xFE, 0x00, 0x0E, 0x00, 0x00, 0xE0, 0x00, 0x0E, 0x00, 0x00, 0xE0, 0x00,
  0xE0, 0x01, 0x83, 0x80, 0x1C, 0x1F, 0xFF, 0xC0, 0xFF, 0xFE, 0x07, 0x1C,
  0x30, 0x30, 0xE1, 0xC3, 0x07, 0x06, 0x00, 0x38, 0x00, 0x0F, 0xFC, 0x01,
  0xFF, 0xF8, 0x1E, 0x71, 0xE1, 0xC3, 0x83, 0x8E, 0x1C, 0x1C, 0x70, 0xE0,
  0xE3, 0x87, 0x07, 0x0F, 0x38, 0xF0, 0x3F, 0xFF, 0x00, 0x7F, 0xE0, 0x00,
  0x70, 0x00, 0x03, 0x80, 0x00, 0x1F, 0xFE, 0x00, 0xFF, 0xF8, 0x07, 0x70,
  0xE0, 0x3B, 0x87, 0x01, 0xDC, 0x38, 0x0E, 0x7F, 0x80, 0x71, 0xF8, 0x60,
  0x01, 0x80, 0x06, 0x00, 0x18, 0x00, 0x70, 0x03, 0x80, 0x07, 0x00, 0x38,
  0x00, 0x3F, 0xFF, 0x80, 0x07, 0xFF, 0xF8, 0x00, 0x61, 0xC3, 0x80, 0x00,
  0x1C, 0x00, 0x00, 0x01, 0xC0, 0x00, 0x00, 0xFF, 0xC0, 0x00, 0x3F, 0xFF,
  0x0E, 0x07, 0x9C, 0x78, 0xE0, 0xF1, 0xC1, 0xCE, 0x0E, 0x1C, 0x1C, 0xE0,
  0xE1, 0xC1, 0xFE, 0x0E, 0x1C, 0x1F, 0xE0, 0xF1, 0xC1, 0xCF, 0xE7, 0x9C,
  0x78, 0xFE, 0x3F, 0xFF, 0x00, 0x60, 0xFF, 0xC0, 0x07, 0x01, 0xC0, 0x00,
  0x30, 0x1C, 0x00, 0x00, 0x01, 0xC0, 0x00, 0x00, 0x1C, 0x00, 0x00, 0x01,
  0xC0, 0x00, 0x00, 0x1C, 0x00, 0x00, 0x01, 0xC0, 0x00, 0x00, 0x40, 0x01,
  0x98, 0x00, 0x67, 0x00, 0x39, 0xFF, 0xFE, 0x7F, 0xFF, 0x9C, 0x38, 0xE6,
  0x0E, 0x18, 0x03, 0x80, 0x0F, 0xFC, 0x0F, 0xFF, 0xC7, 0x8E, 0x7B, 0x83,
  0x87, 0xE0, 0xE1, 0xF8, 0x38, 0x7E, 0x0E, 0x1D, 0xE3, 0x9E, 0x3F, 0xFF,
  0x03, 0xFF, 0x00, 0x0E, 0x00, 0x03, 0x80, 0x00, 0xE0, 0x1F, 0xFF, 0xE7,
  0xFF, 0xF9, 0x80, 0x0E, 0xE0, 0x03, 0xA0, 0x00, 0xE0, 0x00, 0x38, 0x60,
  0x01, 0x9C, 0x00, 0xE7, 0xFF, 0xF1, 0xFF, 0xFC, 0x70, 0xE3, 0x9C, 0x38,
  0xE6, 0x0E, 0x18, 0x03, 0x80, 0x0F, 0xFC, 0x0F, 0xFF, 0xC7, 0x8E, 0x7B,
  0x83, 0x87, 0xE0, 0xE1, 0xF8, 0x38, 0x7E, 0x0E, 0x1D, 0xE3, 0x9E, 0x3F,
  0xFF, 0x03, 0xFF, 0x00, 0x0E, 0x00, 0x03, 0x80, 0x00, 0xFE, 0x00, 0x3F,
  0xE0, 0x0E, 0x38, 0x03, 0x8E, 0x00, 0xE3, 0x9F, 0xFF, 0xC7, 0xFF, 0xE1,
  0xC0, 0x00, 0xE0, 0x00, 0x20, 0x00, 0x00, 0x60, 0x01, 0x80, 0x06, 0x00,
  0x18, 0x00, 0x70, 0x03, 0x80, 0x07, 0x00, 0x38, 0x00, 0x3F, 0xFF, 0x80,
  0x07, 0xFF, 0xF8, 0x00, 0x61, 0xC3, 0x80, 0x00, 0x1C, 0x00, 0x00, 0x01,
  0xC0, 0x0E, 0x00, 0xFF, 0xC0, 0xE0, 0x3F, 0xFF, 0x0E, 0x07, 0x9C, 0x78,
  0xE0, 0xF1, 0xC1, 0xCE, 0x0E, 0x1C, 0x1C, 0xE0, 0xE1, 0xC1, 0xFF, 0xEE,
  0x1C, 0x1F, 0xFE, 0xF1, 0xC1, 0xC0, 0xE7, 0x9C, 0x78, 0x06, 0x3F, 0xFF,
  0x00, 0x30, 0xFF, 0xC0, 0x00, 0x01, 0xC0, 0x00, 0x00, 0x1C, 0x00, 0x00,
  0x01, 0xC0, 0x00, 0x00, 0x1C, 0x00, 0x00, 0x01, 0xC0, 0x00, 0x00, 0x1C,
  0x00, 0x00, 0x01, 0xC0, 0x00, 0x00, 0x0F, 0xC0, 0xFF, 0xC7, 0x87, 0x9C,
  0x0E, 0xE0, 0x1F, 0x80, 0x7E, 0x01, 0xF8, 0x07, 0xE0, 0x1F, 0x80, 0x7E,
  0x01, 0xF8, 0x07, 0xE0, 0x1F, 0x80, 0x7E, 0x01, 0xF8, 0x07, 0xE0, 0x1F,
  0x80, 0x7E, 0x01, 0xF8, 0x07, 0xE0, 0x1F, 0x80, 0x70, 0x0F, 0xC0, 0x03,
  0xFF, 0x00, 0x78, 0x78, 0x07, 0x03, 0x80, 0xE0, 0x1C, 0x0E, 0x01, 0xC0,
  0xE0, 0x1C, 0x0E, 0x01, 0xC0, 0xE0, 0x1C, 0x0E, 0x01, 0xC3, 0xE0, 0x1C,
  0x7E, 0x01, 0xFF, 0xE0, 0x1F, 0xEE, 0x01, 0xC7, 0xE0, 0x1C, 0x7E, 0x01,
  0xC3, 0xE0, 0x1C, 0x0E, 0x01, 0xC0, 0xE0, 0x1C, 0x0E, 0x01, 0xC0, 0xE0,
  0x1C, 0x0E, 0x01, 0xC0, 0x0F, 0xC0, 0x03, 0xFF, 0x00, 0x78, 0x78, 0x07,
  0x03, 0x80, 0xE0, 0x1C, 0x0E, 0x01, 0xC0, 0xE0, 0x1C, 0x0E, 0x01, 0xC0,
  0xE0, 0x1C, 0x0E, 0x01, 0xC0, 0xE0, 0x1C, 0x0E, 0x01, 0xC0, 0xE0, 0x1C,
  0x0E, 0x01, 0xC0, 0xE0, 0x1C, 0x0E, 0x01, 0xC0, 0xE0, 0x1C, 0x0E, 0x01,
  0xC3, 0xE0, 0x1C, 0x7E, 0x01, 0xC7, 0xE0, 0x1F, 0xEE, 0x01, 0xFE, 0x00,
  0x00, 0x70, 0x00, 0x03, 0x0F, 0xC0, 0xFF, 0xC7, 0x87, 0x9C, 0x0E, 0xE0,
  0x1F, 0x80, 0x7E, 0x01, 0xF8, 0x07, 0xE0, 0x1F, 0x80, 0x7E, 0x01, 0xF8,
  0x07, 0xE0, 0x1F, 0x80, 0x7E, 0x01, 0xC0, 0x07, 0x00, 0x1C, 0x00, 0x70,
  0x01, 0xC0, 0x07, 0x00, 0x1C, 0x00, 0x70, 0x0F, 0xC0, 0x01, 0xFF, 0x80,
  0x1E, 0x1E, 0x00, 0xE0, 0x70, 0x0E, 0x01, 0xC0, 0x70, 0x0E, 0x03, 0x80,
  0x70, 0x1C, 0x03, 0x80, 0xE0, 0x1C, 0x07, 0x00, 0xE0, 0x38, 0x07, 0x01,
  0xC0, 0x38, 0x0E, 0x01, 0xC0, 0x70, 0x0E, 0x03, 0x80, 0x7F, 0x9C, 0x03,
  0xFE, 0xE0, 0x1C, 0x7F, 0x00, 0xE1, 0xF8, 0x07, 0x0F, 0xC0, 0x38, 0xFE,
  0x01, 0xFF, 0x70, 0x0F, 0xF0, 0x00, 0x3F, 0x00, 0x0F, 0xFC, 0x01, 0xE1,
  0xE0, 0x1C, 0x0E, 0x03, 0x80, 0x70, 0x38, 0x07, 0x03, 0x80, 0x70, 0x38,
  0x07, 0x03, 0x80, 0x70, 0x38, 0x07, 0x03, 0x80, 0x77, 0xF8, 0x07, 0xFF,
  0x80, 0x7E, 0x38, 0x07, 0xC3, 0x80, 0x78, 0x38, 0x07, 0x03, 0x80, 0x70,
  0x38, 0x07, 0x03, 0x80, 0x70, 0x38, 0x07, 0x03, 0x80, 0x70, 0x38, 0x07,
  0x0F, 0xC0, 0xFF, 0xC7, 0x87, 0x9C, 0x0E, 0xE0, 0x1F, 0x80, 0x7E, 0x01,
  0xF8, 0x07, 0xE0, 0x1F, 0x80, 0x7E, 0x01, 0xF8, 0x07, 0xE0, 0x1F, 0x80,
  0x7E, 0x01, 0xF8, 0x00, 0xE0, 0x03, 0x80, 0x0E, 0x00, 0x38, 0x00, 0xE0,
  0x03, 0x80, 0x00, 0x01, 0xF8, 0x00, 0x3F, 0xF0, 0x03, 0xC3, 0xC0, 0x1C,
  0x0E, 0x01, 0xC0, 0x38, 0x0E, 0x01, 0xC0, 0x70, 0x0E, 0x03, 0x80, 0x70,
  0x1C, 0x03, 0x80, 0xE0, 0x1C, 0x07, 0x00, 0xE0, 0x38, 0x07, 0x01, 0xC0,
  0x38, 0x0E, 0x01, 0xC0, 0x70, 0x0E, 0x00, 0x00, 0x70, 0x00, 0x03, 0x80,
  0x00, 0x1C, 0x00, 0x00, 0xE0, 0x00, 0x07, 0x07, 0xFF, 0xFF, 0x3F, 0xFF,
  0xFD, 0xC0, 0x00, 0xFC, 0x00, 0x03, 0x80, 0x00, 0x00, 0xC0, 0x03, 0xE0,
  0x07, 0x60, 0x06, 0x7F, 0xFE, 0x7F, 0xFE, 0xE0, 0x07, 0xC0, 0x03, 0x00,
  0x00, 0x07, 0xE0, 0x1F, 0xF8, 0x3C, 0x3C, 0x38, 0x1C, 0x70, 0x0E, 0x70,
  0x0E, 0x70, 0x0E, 0x70, 0x0E, 0x70, 0x0E, 0x70, 0x0E, 0x70, 0x0E, 0x70,
  0x0E, 0x70, 0x0E, 0x70, 0x0E, 0x70, 0x0E, 0x70, 0x0E, 0x70, 0x0E, 0x70,
  0x0E, 0x70, 0x0E, 0xC0, 0x03, 0x03, 0x80, 0x1C, 0x06, 0x00, 0x60, 0x1F,
  0xFF, 0x80, 0x7F, 0xFE, 0x03, 0x80, 0x1C, 0x0C, 0x00, 0x30, 0x00, 0x00,
  0x00, 0x07, 0xE0, 0x00, 0x7F, 0xE0, 0x03, 0xC3, 0xC0, 0x0E, 0x07, 0x00,
  0x70, 0x0E, 0x01, 0xC0, 0x38, 0x07, 0x00, 0xE0, 0x1C, 0x03, 0x83, 0x70,
  0x0E, 0x1D, 0xC0, 0x38, 0x77, 0x00, 0xFF, 0x9C, 0x03, 0xFE, 0x70, 0x0E,
  0x1D, 0xC0, 0x38, 0x37, 0x00, 0xE0, 0x1C, 0x03, 0x80, 0x70, 0x0E, 0x01,
  0xC0, 0x38, 0x07, 0x00, 0xE0, 0x00, 0xC0, 0x03, 0x07, 0x00, 0x38, 0x18,
  0x01, 0x80, 0xFF, 0xFC, 0x07, 0xFF, 0xE0, 0x70, 0x03, 0x83, 0x00, 0x0C,
  0x00, 0x00, 0x00, 0x07, 0xE0, 0x00, 0xFF, 0xC0, 0x0F, 0x0F, 0x00, 0x70,
  0x38, 0x07, 0x00, 0xE0, 0x38, 0x07, 0x01, 0xC0, 0x38, 0x0E, 0x01, 0xC0,
  0x70, 0x0E, 0x03, 0x80, 0x70, 0x1C, 0x03, 0x80, 0xE0, 0x1C, 0x07, 0x00,
  0xE0, 0x38, 0x07, 0x01, 0xC0, 0x38, 0x6E, 0x01, 0xC7, 0x70, 0x0E, 0x3B,
  0x80, 0x7F, 0x9C, 0x03, 0xFC, 0x00, 0x00, 0x70, 0x00, 0x01, 0x80, 0xC0,
  0x03, 0x60, 0x07, 0x70, 0x07, 0x7F, 0xFF, 0x7F, 0xFF, 0x70, 0x07, 0xE0,
  0x03, 0x00, 0x00, 0x07, 0xE0, 0x1F, 0xF8, 0x3C, 0x3C, 0x38, 0x1C, 0x70,
  0x0E, 0x70, 0x0E, 0x70, 0x0E, 0x70, 0x0E, 0x70, 0x0E, 0x70, 0x0E, 0x70,
  0x0E, 0x00, 0x0E, 0x00, 0x0E, 0x00, 0x0E, 0x00, 0x0E, 0x00, 0x0E, 0x00,
  0x0E, 0x00, 0x0E, 0x00, 0x0E, 0xC0, 0x03, 0x03, 0x80, 0x1C, 0x06, 0x00,
  0x60, 0x1F, 0xFF, 0x80, 0x7F, 0xFE, 0x03, 0x80, 0x18, 0x0C, 0x00, 0x30,
  0x00, 0x00, 0x00, 0x07, 0xE0, 0x00, 0x7F, 0xE0, 0x03, 0xC3, 0xC0, 0x0E,
  0x07, 0x00, 0x70, 0x0E, 0x01, 0xC0, 0x38, 0x07, 0x00, 0xE0, 0x1C, 0x03,
  0x80, 0x70, 0x0E, 0x01, 0xC0, 0x38, 0x07, 0x00, 0xE0, 0x1C, 0x03, 0xFC,
  0x70, 0x0F, 0xF9, 0xC0, 0x38, 0xF7, 0x00, 0xE1, 0xDC, 0x03, 0x87, 0x70,
  0x0E, 0x3D, 0xC0, 0x3F, 0xE7, 0x00, 0xFF, 0x00, 0x06, 0x00, 0x18, 0x38,
  0x01, 0xC0, 0xC0, 0x0C, 0x07, 0xFF, 0xE0, 0x3F, 0xFF, 0x03, 0x80, 0x1C,
  0x18, 0x00, 0x60, 0x00, 0x00, 0x00, 0x3F, 0x00, 0x07, 0xFE, 0x00, 0x78,
  0x78, 0x03, 0x81, 0xC0, 0x38, 0x07, 0x01, 0xC0, 0x38, 0x0E, 0x01, 0xC0,
  0x70, 0x0E, 0x03, 0x80, 0x70, 0x1C, 0x03, 0x9F, 0xE0, 0x1C, 0xFF, 0x00,
  0xE6, 0x38, 0x07, 0x71, 0xC0, 0x38, 0x0E, 0x01, 0xC0, 0x70, 0x0E, 0x03,
  0x80, 0x70, 0x1C, 0x03, 0x80, 0xE0, 0x1C, 0xC0, 0x03, 0xE0, 0x06, 0xE0,
  0x0E, 0x7F, 0xFE, 0x7F, 0xFE, 0xE0, 0x06, 0xC0, 0x07, 0x00, 0x00, 0x07,
  0xE0, 0x1F, 0xF8, 0x3C, 0x3C, 0x38, 0x1C, 0x70, 0x0E, 0x70, 0x0E, 0x70,
  0x0E, 0x70, 0x0E, 0x70, 0x0E, 0x70, 0x0E, 0x70, 0x0E, 0x70, 0x00, 0x70,
  0x00, 0x70, 0x00, 0x70, 0x00, 0x70, 0x00, 0x70, 0x00, 0x70, 0x00, 0x70,
  0x00, 0x60, 0x01, 0x81, 0x80, 0x1C, 0x0E, 0x00, 0xE0, 0x7F, 0xFF, 0x03,
  0xFF, 0xF8, 0x1C, 0x01, 0xC1, 0xC0, 0x06, 0x00, 0x00, 0x00, 0x03, 0xF0,
  0x00, 0x7F, 0xE0, 0x07, 0x87, 0x80, 0x38, 0x1C, 0x03, 0x80, 0x70, 0x1C,
  0x03, 0x80, 0xE0, 0x1C, 0x07, 0x00, 0xE0, 0x38, 0x07, 0x01, 0xC0, 0x38,
  0x0E, 0x01, 0xC0, 0x70, 0x0E, 0x00, 0x00, 0x70, 0x00, 0x03, 0x80, 0x00,
  0x1C, 0x00, 0x00, 0xE0, 0x00, 0x07, 0x03, 0xFF, 0xFF, 0x9F, 0xFF, 0xFD,
  0xC0, 0x00, 0x7E, 0x00, 0x01, 0xC0, 0x00, 0x04, 0x00, 0xE0, 0x00, 0x1C,
  0x00, 0x03, 0x80, 0x00, 0x70, 0x00, 0x0E, 0x00, 0xFF, 0xFF, 0x9F, 0xFF,
  0xF3, 0x87, 0x0E, 0x60, 0xE0, 0xC8, 0x1C, 0x08, 0x03, 0x80, 0x00, 0x70,
  0x00, 0x0E, 0x00, 0x01, 0xC0, 0x00, 0x38, 0x00, 0x07, 0x00, 0x00, 0xE0,
  0x00, 0x1C, 0x00, 0x03, 0x80, 0x00, 0x70, 0x00, 0x0E, 0x00, 0x01, 0xC0,
  0x00, 0x00, 0xE0, 0x00, 0x1C, 0x00, 0x03, 0x80, 0x00, 0x70, 0x00, 0x0E,
  0x00, 0xFF, 0xFF, 0x9F, 0xFF, 0xF3, 0x87, 0x0E, 0x60, 0xE0, 0xC8, 0x1C,
  0x08, 0x03, 0x80, 0x00, 0x70, 0x00, 0x0E, 0x18, 0x01, 0xC7, 0x00, 0x38,
  0xE0, 0x07, 0xFC, 0x00, 0xFF, 0x80, 0x1C, 0x70, 0x03, 0x86, 0x00, 0x70,
  0x00, 0x0E, 0x00, 0x01, 0xC0, 0x00, 0x00, 0xE0, 0x00, 0x1C, 0x00, 0x03,
  0x80, 0x00, 0x70, 0x00, 0x0E, 0x00, 0xFF, 0xFF, 0x9F, 0xFF, 0xF3, 0x87,
  0x0E, 0x60, 0xE0, 0xC8, 0x1C, 0x08, 0x03, 0x80, 0x00, 0x70, 0x00, 0x0E,
  0x00, 0x01, 0xC0, 0x00, 0x38, 0x00, 0x07, 0x00, 0x00, 0xE0, 0x00, 0x1C,
  0x30, 0x03, 0x86, 0x00, 0x71, 0xC0, 0x0F, 0xF8, 0x01, 0xFF, 0x00, 0x00,
  0xE0, 0x00, 0x0C, 0x00, 0xE0, 0x00, 0x38, 0x00, 0x0E, 0x00, 0x03, 0x80,
  0x00, 0xE0, 0x1F, 0xFF, 0xF7, 0xFF, 0xFD, 0xC3, 0x87, 0x60, 0xE0, 0xF0,
  0x38, 0x10, 0x0E, 0x00, 0x03, 0x80, 0x00, 0xE0, 0x00, 0x38, 0x00, 0x0E,
  0x00, 0x03, 0x80, 0x00, 0xE0, 0x00, 0x38, 0x00, 0x1C, 0x00, 0x0F, 0x00,
  0x7F, 0x80, 0x1F, 0x80, 0x0E, 0x00, 0x03, 0x80, 0x00, 0x80, 0x00, 0x00,
  0x00, 0xE0, 0x00, 0x38, 0x00, 0x0E, 0x00, 0x03, 0x80, 0x00, 0xE0, 0x1F,
  0xFF, 0xE7, 0xFF, 0xFD, 0xC3, 0x87, 0x60, 0xE1, 0xD0, 0x38, 0x30, 0x0E,
  0x00, 0x03, 0x80, 0x00, 0xE0, 0x00, 0x38, 0x00, 0x0F, 0xF0, 0x03, 0xFE,
  0x00, 0xE3, 0xC0, 0x38, 0x70, 0x0E, 0x1C, 0x03, 0x8F, 0x00, 0xFF, 0x80,
  0x3F, 0xC0, 0x38, 0x00, 0x1C, 0x00, 0x0E, 0x00, 0x07, 0x00, 0x03, 0xC0,
  0x00, 0xFE, 0x00, 0x3F, 0x00, 0x03, 0x80, 0x01, 0xC0, 0x00, 0xE0, 0x3F,
  0xFF, 0xDF, 0xFF, 0xFE, 0x1C, 0x3E, 0x0E, 0x0E, 0x07, 0x02, 0x03, 0x80,
  0x01, 0xC0, 0x00, 0xE0, 0x00, 0x70, 0x00, 0x38, 0x00, 0x1C, 0x00, 0x0E,
  0x00, 0x07, 0x00, 0x03, 0x80, 0x01, 0xC0, 0x00, 0x01, 0xF0, 0x00, 0xFE,
  0x00, 0x71, 0xC0, 0x1C, 0x70, 0x07, 0x1C, 0x01, 0xEF, 0x00, 0x3F, 0x80,
  0x03, 0xC0, 0x00, 0xE0, 0x00, 0x38, 0x07, 0xFF, 0xF9, 0xFF, 0xFF, 0x60,
  0xE1, 0xF8, 0x38, 0x3C, 0x0E, 0x04, 0x03, 0x80, 0x00, 0xE0, 0x00, 0x38,
  0x00, 0x0E, 0x00, 0x03, 0x80, 0x00, 0xE0, 0x00, 0x38, 0x00, 0x0E, 0x00,
  0x03, 0x80, 0x00, 0xE0, 0x00, 0x1C, 0x00, 0x03, 0x80, 0x00, 0x70, 0x00,
  0x0E, 0x00, 0xFF, 0xFF, 0x9F, 0xFF, 0xF3, 0x87, 0x0E, 0x60, 0xE0, 0xC8,
  0x1C, 0x08, 0x03, 0x80, 0x00, 0x70, 0x00, 0x0E, 0x00, 0x01, 0xC0, 0x00,
  0x38, 0x00, 0x07, 0x00, 0x00, 0xE0, 0x00, 0x1C, 0x00, 0x03, 0x80, 0x00,
  0x70, 0x07, 0xFF, 0xFC, 0xFF, 0xFF, 0x9C, 0x00, 0x73, 0x00, 0x06, 0x80,
  0x00, 0x20, 0x60, 0x00, 0xCE, 0x00, 0x38, 0xC0, 0x06, 0x1F, 0xFF, 0xC3,
  0xFF, 0xF8, 0x61, 0xC3, 0x18, 0x38, 0x30, 0x07, 0x00, 0x00, 0xE0, 0x00,
  0x1C, 0x01, 0xFF, 0xFF, 0x3F, 0xFF, 0xE7, 0x0E, 0x1C, 0xC1, 0xC1, 0x90,
  0x38, 0x10, 0x07, 0x00, 0x00, 0xE0, 0x00, 0x1C, 0x00, 0x03, 0x80, 0x00,
  0x70, 0x00, 0x0E, 0x00, 0x01, 0xC0, 0x00, 0x38, 0x00, 0x07, 0x00, 0x00,
  0xE0, 0x00, 0x1C, 0x00, 0x03, 0x80, 0x00, 0x60, 0x00, 0xCE, 0x00, 0x38,
  0xC0, 0x06, 0x1F, 0xFF, 0xC3, 0xFF, 0xF8, 0x61, 0xC3, 0x18, 0x38, 0x30,
  0x07, 0x00, 0x00, 0xE0, 0x00, 0x1C, 0x01, 0xFF, 0xFF, 0x3F, 0xFF, 0xE7,
  0x0E, 0x1C, 0xC1, 0xC1, 0x90, 0x38, 0x10, 0x07, 0x00, 0x00, 0xE0, 0x00,
  0x1C, 0x30, 0x03, 0x8E, 0x00, 0x7F, 0xC0, 0x0F, 0xF8, 0x01, 0xC7, 0x00,
  0x38, 0x60, 0x07, 0x04, 0x00, 0xE0, 0x00, 0x1C, 0x00, 0x03, 0x80, 0x00,
  0x60, 0x00, 0xCE, 0x00, 0x38, 0xC0, 0x06, 0x1F, 0xFF, 0xC3, 0xFF, 0xF8,
  0x61, 0xC3, 0x18, 0x38, 0x30, 0x07, 0x00, 0x00, 0xE0, 0x00, 0x1C, 0x01,
  0xFF, 0xFF, 0x3F, 0xFF, 0xE7, 0x0E, 0x1C, 0xC1, 0xC1, 0x90, 0x38, 0x10,
  0x07, 0x00, 0x00, 0xE0, 0x00, 0x1C, 0x00, 0x03, 0x80, 0x00, 0x70, 0x00,
  0x0E, 0x00, 0x01, 0xC0, 0x00, 0x38, 0x60, 0x07, 0x1C, 0x00, 0xE3, 0x80,
  0x1F, 0xE0, 0x03, 0xFC, 0x00, 0x01, 0xC0, 0x00, 0x18, 0x60, 0x00, 0xCE,
  0x00, 0x38, 0xC0, 0x06, 0x1F, 0xFF, 0xC3, 0xFF, 0xF8, 0x61, 0xC3, 0x18,
  0x38, 0x30, 0x07, 0x00, 0x00, 0xE0, 0x00, 0x1C, 0x01, 0xFF, 0xFF, 0x3F,
  0xFF, 0xE7, 0x0E, 0x1C, 0xC1, 0xC1, 0x90, 0x38, 0x10, 0x07, 0x00, 0x00,
  0xE0, 0x00, 0x1C, 0x00, 0x03, 0x80, 0x00, 0x70, 0x00, 0x0E, 0x00, 0x01,
  0xC0, 0x00, 0x38, 0x00, 0x0E, 0x00, 0x03, 0xC0, 0x0F, 0xF0, 0x01, 0xF8,
  0x00, 0x70, 0x00, 0x0E, 0x00, 0x01, 0x00, 0x00, 0x00, 0x60, 0x00, 0xDC,
  0x00, 0x63, 0x00, 0x38, 0xFF, 0xFE, 0x3F, 0xFF, 0x8C, 0x38, 0xE6, 0x0E,
  0x1C, 0x03, 0x80, 0x00, 0xE0, 0x00, 0x38, 0x00, 0x0E, 0x01, 0xFF, 0xFE,
  0x7F, 0xFF, 0xDC, 0x38, 0x76, 0x0E, 0x0D, 0x03, 0x81, 0x00, 0xE0, 0x00,
  0x38, 0x00, 0x0E, 0x00, 0x03, 0xFC, 0x00, 0xFF, 0x80, 0x38, 0xF0, 0x0E,
  0x1C, 0x03, 0x87, 0x00, 0xE3, 0xC0, 0x3F, 0xE0, 0x0F, 0xF0, 0x60, 0x03,
  0x01, 0x80, 0x1C, 0x07, 0x00, 0x60, 0x1F, 0xFF, 0x80, 0x7F, 0xFE, 0x00,
  0x07, 0x1C, 0x00, 0x1C, 0x30, 0x00, 0x70, 0x00, 0x01, 0xE0, 0x00, 0x03,
  0xF8, 0x00, 0x07, 0xE0, 0x00, 0x03, 0x80, 0x00, 0x0E, 0x00, 0x0F, 0xFF,
  0xE0, 0x7F, 0xFF, 0xC1, 0xC3, 0x87, 0x06, 0x0E, 0x0C, 0x00, 0x38, 0x00,
  0x00, 0xE0, 0x00, 0x03, 0x80, 0x00, 0x0E, 0x00, 0x00, 0x38, 0x00, 0x00,
  0xE0, 0x00, 0x03, 0x80, 0x00, 0x0E, 0x00, 0x00, 0x38, 0x00, 0x00, 0xE0,
  0x00, 0xC0, 0x00, 0x6C, 0x00, 0x19, 0xC0, 0x07, 0x3F, 0xFF, 0xE7, 0xFF,
  0xFC, 0xCE, 0x38, 0x39, 0xC7, 0x00, 0x38, 0xE0, 0x07, 0xBC, 0x00, 0x7F,
  0x00, 0x03, 0xC0, 0x00, 0x78, 0x00, 0x0E, 0x00, 0xFF, 0xFF, 0x1F, 0xFF,
  0xF3, 0x07, 0x0E, 0xE0, 0xE0, 0xD8, 0x1C, 0x08, 0x03, 0x80, 0x00, 0x70,
  0x00, 0x0E, 0x00, 0x01, 0xC0, 0x00, 0x38, 0x00, 0x07, 0x00, 0x00, 0xE0,
  0x00, 0x1C, 0x00, 0x03, 0x80, 0x00, 0x60, 0x00, 0xCE, 0x00, 0x38, 0xC0,
  0x06, 0x1F, 0xFF, 0xC3, 0xFF, 0xF8, 0x61, 0xC3, 0x18, 0x38, 0x30, 0x07,
  0x00, 0x00, 0xE0, 0x00, 0x1C, 0x01, 0xFF, 0xFF, 0x3F, 0xFF, 0xE7, 0x0E,
  0x1C, 0xC1, 0xC1, 0x90, 0x38, 0x10, 0x07, 0x00, 0x00, 0xE0, 0x00, 0x1C,
  0x00, 0x03, 0x80, 0x00, 0x70, 0x00, 0x0E, 0x00, 0x01, 0xC0, 0x00, 0x38,
  0x00, 0x07, 0x00, 0x00, 0xE0, 0x0F, 0xFF, 0xF1, 0xFF, 0xFF, 0x30, 0x00,
  0xEE, 0x00, 0x0D, 0x00, 0x00, 0x00, 0x03, 0x80, 0x0E, 0x07, 0xF8, 0x1F,
  0xE0, 0x73, 0xC1, 0x87, 0xF8, 0x0F, 0xC0, 0x07, 0x00, 0x1C, 0x00, 0x70,
  0x01, 0xC0, 0x07, 0x00, 0x1C, 0x00, 0x70, 0x01, 0xC0, 0x07, 0x00, 0x1C,
  0x00, 0x70, 0x01, 0xC0, 0x07, 0x00, 0x1C, 0x00, 0x70, 0x03, 0x80, 0x00,
  0x38, 0x00, 0x7F, 0x80, 0x07, 0xF8, 0x00, 0x73, 0xC0, 0x06, 0x1F, 0xC0,
  0x80, 0xFC, 0x00, 0x01, 0xC0, 0x00, 0x1C, 0x00, 0x01, 0xC0, 0x00, 0x1C,
  0x00, 0x01, 0xC0, 0x00, 0x1F, 0xE0, 0x01, 0xFE, 0x00, 0x1C, 0x60, 0x01,
  0xC7, 0x00, 0x1C, 0x30, 0x01, 0xC0, 0x00, 0x1C, 0x00, 0x01, 0xC0, 0x00,
  0x1C, 0x00, 0x01, 0xC0, 0x03, 0x80, 0x00, 0x38, 0x00, 0x7F, 0x80, 0x07,
  0xF8, 0x00, 0x73, 0xC0, 0x06, 0x1F, 0xC0, 0x80, 0xFC, 0x00, 0x01, 0xC0,
  0x00, 0x1C, 0x00, 0x01, 0xC0, 0x00, 0x1C, 0x00, 0x01, 0xC0, 0x00, 0x1C,
  0x00, 0x01, 0xC0, 0x00, 0x1C, 0x00, 0x01, 0xC0, 0x00, 0x1C, 0x00, 0x01,
  0xC3, 0x00, 0x1C, 0x30, 0x01, 0xC7, 0x00, 0x1F, 0xF0, 0x01, 0xFF, 0x00,
  0x00, 0x70, 0x00, 0x03, 0x03, 0x80, 0x0E, 0x07, 0xF8, 0x1F, 0xE0, 0x63,
  0xC3, 0x87, 0xF8, 0x0F, 0xC0, 0x07, 0x00, 0x1C, 0x00, 0x70, 0x01, 0xC0,
  0x07, 0x00, 0x1C, 0x00, 0x70, 0x01, 0xC0, 0x07, 0x00, 0x1C, 0x00, 0x70,
  0x03, 0x80, 0x1E, 0x7F, 0xF1, 0xFF, 0x0E, 0x00, 0x30, 0x00, 0x80, 0x00,
  0x03, 0x80, 0x00, 0x1C, 0x00, 0x1F, 0xE0, 0x00, 0xFF, 0x00, 0x07, 0x3C,
  0x00, 0x30, 0xFE, 0x02, 0x03, 0xF0, 0x00, 0x03, 0x80, 0x00, 0x1C, 0x00,
  0x00, 0xE0, 0x00, 0x07, 0x00, 0x00, 0x38, 0x00, 0x01, 0xC0, 0x00, 0x0E,
  0x00, 0x00, 0x7F, 0x80, 0x03, 0xFE, 0x00, 0x1C, 0x78, 0x00, 0xE1, 0xC0,
  0x07, 0x0E, 0x00, 0x38, 0xF0, 0x01, 0xFF, 0x00, 0x0F, 0xF0, 0x03, 0x80,
  0x0E, 0x00, 0xF8, 0x07, 0xE0, 0x3F, 0xC1, 0xC7, 0xFF, 0x0F, 0xF8, 0x07,
  0xE0, 0x1F, 0x80, 0x70, 0x01, 0xC0, 0x07, 0x00, 0x1C, 0x00, 0x70, 0x01,
  0xC0, 0x07, 0x00, 0x1C, 0x00, 0x70, 0x01, 0xC0, 0x07, 0x00, 0x1C, 0x00,
  0x70, 0x00, 0x1F, 0xE0, 0x03, 0xFF, 0x80, 0x3F, 0x9E, 0x03, 0xB8, 0x70,
  0x39, 0xC3, 0x81, 0xCF, 0x3C, 0x0E, 0x3F, 0xC0, 0xE0, 0xFC, 0x7F, 0x00,
  0x07, 0xF8, 0x00, 0x39, 0xC0, 0x01, 0x8F, 0xF8, 0x00, 0x7F, 0xC0, 0x00,
  0x0E, 0x00, 0x00, 0x70, 0x00, 0x03, 0x80, 0x00, 0x1C, 0x00, 0x00, 0xE0,
  0x00, 0x07, 0x00, 0x00, 0x38, 0x00, 0x01, 0xC0, 0x00, 0x0E, 0x00, 0x00,
  0x1F, 0xE0, 0x03, 0xFF, 0x80, 0x3F, 0x9E, 0x03, 0xB8, 0x70, 0x39, 0xC3,
  0x81, 0xCF, 0x3C, 0x0E, 0x3F, 0xC0, 0xE0, 0xFC, 0x7F, 0x00, 0x07, 0xF8,
  0x00, 0x39, 0xC0, 0x01, 0x8F, 0xF8, 0x00, 0x7F, 0xC0, 0x00, 0x0E, 0x00,
  0x00, 0x70, 0x00, 0x03, 0x80, 0x00, 0x1C, 0x00, 0x30, 0xE0, 0x01, 0xC7,
  0x00, 0x06, 0x38, 0x00, 0x3F, 0xC0, 0x01, 0xFE, 0x00, 0x0C, 0x00, 0x00,
  0xC0, 0x00, 0x03, 0x80, 0x00, 0x01, 0xC0, 0x00, 0x1F, 0xE0, 0x00, 0x0F,
  0xF0, 0x00, 0x07, 0x3C, 0x00, 0x03, 0x0F, 0xE0, 0x02, 0x03, 0xF0, 0x00,
  0x00, 0x38, 0x00, 0x00, 0x1C, 0x00, 0x00, 0x0E, 0x00, 0x00, 0x07, 0x00,
  0x00, 0x03, 0xFF, 0xC0, 0x01, 0xFF, 0xF0, 0x00, 0xEE, 0x1C, 0x00, 0x77,
  0x0E, 0x00, 0x3B, 0x87, 0x00, 0x1C, 0xFF, 0x00, 0x0E, 0x3F, 0x00, 0x07,
  0x00, 0x00, 0x03, 0x80, 0x00, 0x01, 0xC0, 0x00, 0x00, 0xE0, 0x00, 0x03,
  0x80, 0x00, 0x01, 0xC0, 0x00, 0x1F, 0xE0, 0x00, 0x0F, 0xF0, 0x00, 0x07,
  0x3C, 0x00, 0x03, 0x0F, 0xE0, 0x02, 0x03, 0xF0, 0x00, 0x00, 0x38, 0x00,
  0x00, 0x1C, 0x70, 0x00, 0x0E, 0x38, 0x00, 0x07, 0x1C, 0x00, 0x03, 0xFE,
  0x00, 0x01, 0xFF, 0x00, 0x00, 0xE3, 0x80, 0x00, 0x71, 0xFC, 0x00, 0x38,
  0xFE, 0x00, 0x1C, 0x03, 0x80, 0x0E, 0x01, 0xC0, 0x07, 0x00, 0x00, 0x03,
  0x80, 0x00, 0x01, 0xC0, 0x00, 0x00, 0xE0, 0x00, 0x03, 0x80, 0x00, 0x70,
  0x01, 0xFE, 0x00, 0x3F, 0xC0, 0x06, 0x3C, 0x01, 0xC3, 0xF8, 0x20, 0x3F,
  0x00, 0x00, 0xE0, 0x00, 0x1C, 0x00, 0x03, 0x80, 0x00, 0x70, 0x00, 0x0E,
  0x00, 0x01, 0xC0, 0x00, 0x38, 0x00, 0x07, 0x00, 0x00, 0xE0, 0x3F, 0xFF,
  0xE7, 0xFF, 0xFC, 0xC0, 0x03, 0x98, 0x00, 0x76, 0x00, 0x0E, 0x00, 0x01,
  0xC0, 0x03, 0x80, 0x00, 0x1C, 0x00, 0x1F, 0xE0, 0x00, 0xFF, 0x00, 0x07,
  0x3C, 0x00, 0x30, 0xFE, 0x02, 0x03, 0xF0, 0x00, 0x03, 0x80, 0x00, 0x1C,
  0x00, 0x00, 0xE0, 0x00, 0x07, 0x00, 0x00, 0x38, 0x00, 0x01, 0xC0, 0x00,
  0x0E, 0x00, 0x00, 0x7F, 0x80, 0x03, 0xFE, 0x00, 0x1C, 0x78, 0x00, 0xE1,
  0xC0, 0x07, 0x0E, 0x00, 0x38, 0xF0, 0xFF, 0xFF, 0x0F, 0xFF, 0xF0, 0x70,
  0x00, 0x03, 0x00, 0x00, 0x10, 0x00, 0x00, 0x03, 0x80, 0x00, 0x03, 0x80,
  0x00, 0x7F, 0x80, 0x00, 0x7F, 0x80, 0x00, 0x73, 0xC0, 0x00, 0x61, 0xFC,
  0x00, 0x80, 0xFC, 0x00, 0x00, 0x1C, 0x00, 0x00, 0x1C, 0x70, 0x00, 0x1C,
  0x70, 0x00, 0x1C, 0x70, 0x00, 0x1F, 0xFE, 0x00, 0x1F, 0xFF, 0x00, 0x1C,
  0x07, 0x00, 0x1C, 0x07, 0x00, 0x1C, 0x01, 0x00, 0x1C, 0x00, 0x00, 0x1C,
  0x00, 0x00, 0x1C, 0x00, 0x00, 0x1C, 0x00, 0x00, 0x1C, 0x00, 0x00, 0x1C,
  0x00, 0xE0, 0xE0, 0xE0, 0xE0, 0xF0, 0x7F, 0x3F, 0x07, 0x07, 0x07, 0x07,
  0x07, 0x07, 0x07, 0x07, 0x07, 0x07, 0x07, 0x07, 0x07, 0x07, 0x07, 0xE0,
  0x03, 0x80, 0x0E, 0x00, 0x38, 0x00, 0xF0, 0x01, 0xFC, 0x03, 0xF0, 0x01,
  0xC0, 0x07, 0x00, 0x1C, 0x00, 0x70, 0x01, 0xFE, 0x07, 0xF8, 0x1C, 0x70,
  0x71, 0xC1, 0xC1, 0x07, 0x00, 0x1C, 0x00, 0x70, 0x01, 0xC0, 0x07, 0x00,
  0x1C, 0x00, 0xE0, 0x03, 0x80, 0x0E, 0x00, 0x38, 0x00, 0xF0, 0x01, 0xFC,
  0x03, 0xF0, 0x01, 0xC0, 0x07, 0x00, 0x1C, 0x00, 0x70, 0x01, 0xC0, 0x07,
  0x00, 0x1C, 0x00, 0x70, 0x01, 0xC0, 0x07, 0x00, 0x1C, 0x30, 0x71, 0xC1,
  0xC7, 0x07, 0xF8, 0x1F, 0xE0, 0x01, 0xC0, 0x03, 0x03, 0xF0, 0x7F, 0x8F,
  0x0E, 0x70, 0x77, 0x00, 0x38, 0x01, 0x80, 0x1C, 0x00, 0xE0, 0x07, 0x00,
  0x38, 0x01, 0xFE, 0x0F, 0xF0, 0x03, 0x80, 0x1C, 0x00, 0xE0, 0x07, 0x00,
  0x38, 0x01, 0xC0, 0x0E, 0x00, 0x70, 0x03, 0x80, 0xE0, 0x0E, 0x00, 0xE0,
  0x0E, 0x00, 0xF0, 0x07, 0xF8, 0x3F, 0x80, 0x78, 0x07, 0x00, 0x70, 0x0E,
  0x00, 0xE0, 0x0E, 0x01, 0xC0, 0x1F, 0xC3, 0xFE, 0x38, 0xF3, 0x87, 0x70,
  0x77, 0x0F, 0x7F, 0xE7, 0xFC, 0x7E, 0x01, 0xFE, 0x06, 0x38, 0x38, 0x70,
  0x81, 0xC0, 0x07, 0x00, 0x1C, 0x00, 0x7F, 0x01, 0xFC, 0x00, 0xE0, 0x03,
  0x80, 0x1C, 0x00, 0x70, 0x03, 0xC0, 0x0E, 0x00, 0x78, 0x01, 0xC0, 0x07,
  0x00, 0x38, 0x00, 0xE0, 0x07, 0x00, 0x1C, 0x00, 0x03, 0xFC, 0x0F, 0xFE,
  0x1F, 0xCF, 0x3B, 0x87, 0x73, 0x87, 0x73, 0xCF, 0x71, 0xFE, 0xE0, 0xFC,
  0xE0, 0x00, 0xE0, 0x00, 0xE0, 0x00, 0xFF, 0x80, 0xFF, 0x80, 0x03, 0x80,
  0x03, 0x80, 0x03, 0x80, 0x03, 0x80, 0x03, 0x80, 0x03, 0x80, 0x03, 0x80,
  0x03, 0x80, 0x03, 0x80, 0x00, 0xFC, 0x01, 0xFE, 0x03, 0xC3, 0x81, 0xC1,
  0xC1, 0xC0, 0x00, 0xE0, 0x00, 0x60, 0x00, 0x70, 0x00, 0x38, 0x00, 0x1C,
  0x00, 0x0E, 0x00, 0x07, 0xF8, 0x03, 0xFC, 0x00, 0x0E, 0x00, 0x07, 0x00,
  0x03, 0x80, 0x01, 0xC0, 0x00, 0xE0, 0x00, 0x70, 0x00, 0x38, 0x07, 0xFF,
  0xF7, 0xFF, 0xFB, 0x80, 0x0F, 0x80, 0x03, 0x80, 0x00, 0x00, 0xC0, 0x07,
  0xC0, 0x1F, 0x80, 0x3F, 0xFF, 0xEF, 0xFF, 0xFC, 0x71, 0xF0, 0xE1, 0x81,
  0xC0, 0x03, 0x80, 0x07, 0x80, 0x07, 0xF0, 0x07, 0xE0, 0x01, 0xC0, 0x03,
  0x80, 0x07, 0x00, 0x0E, 0x00, 0x1C, 0x00, 0x38, 0x00, 0x70, 0x00, 0xE0,
  0x01, 0xC0, 0x03, 0x80, 0x07, 0x00, 0x0E, 0x00, 0x1C, 0xC0, 0x06, 0x07,
  0x00, 0x70, 0x38, 0x03, 0x81, 0xFF, 0xF8, 0x0F, 0xFF, 0xE0, 0x71, 0xC7,
  0x03, 0x0E, 0x18, 0x00, 0x70, 0x00, 0x03, 0x80, 0x00, 0x1E, 0x00, 0x00,
  0x7F, 0x00, 0x01, 0xF8, 0x00, 0x01, 0xC0, 0x00, 0x0E, 0x00, 0x00, 0x7F,
  0xC0, 0x03, 0xFE, 0x00, 0x1C, 0x70, 0x00, 0xE1, 0x80, 0x07, 0x06, 0x00,
  0x38, 0x00, 0x01, 0xC0, 0x00, 0x0E, 0x00, 0x00, 0x70, 0x00, 0x03, 0x80,
  0x00, 0x1C, 0x00, 0xC0, 0x06, 0x07, 0x00, 0x70, 0x38, 0x03, 0x81, 0xFF,
  0xF8, 0x0F, 0xFF, 0xE0, 0x71, 0xC7, 0x03, 0x0E, 0x18, 0x00, 0x70, 0x00,
  0x03, 0x80, 0x00, 0x1E, 0x00, 0x00, 0x7F, 0x00, 0x01, 0xF8, 0x00, 0x01,
  0xC0, 0x00, 0x0E, 0x00, 0x00, 0x70, 0x00, 0x03, 0x80, 0x00, 0x1C, 0x00,
  0x00, 0xE0, 0x00, 0x07, 0x00, 0x00, 0x38, 0x00, 0x01, 0xC1, 0x80, 0x0E,
  0x18, 0x00, 0x71, 0xC0, 0x03, 0xFE, 0x00, 0x1F, 0xF0, 0x00, 0x01, 0x80,
  0x00, 0x0E, 0xC0, 0x03, 0x60, 0x03, 0x70, 0x07, 0x7F, 0xFF, 0x7F, 0xFF,
  0x61, 0xC7, 0xE1, 0xC3, 0x01, 0xF0, 0x07, 0xF8, 0x0F, 0x38, 0x1C, 0x18,
  0x1C, 0x18, 0x38, 0x00, 0x38, 0x00, 0x38, 0x00, 0x38, 0x00, 0x3F, 0xC0,
  0x3F, 0xC0, 0x01, 0xC0, 0x01, 0xC0, 0x01, 0xC0, 0x01, 0xC0, 0x01, 0xC0,
  0x01, 0xC0, 0x01, 0xC0, 0xC0, 0x03, 0x70, 0x03, 0xB8, 0x01, 0xCF, 0xFF,
  0xC7, 0xFF, 0xE7, 0x0E, 0x3B, 0x07, 0x0C, 0x03, 0x80, 0x01, 0xC0, 0x00,
  0xE0, 0x00, 0x7F, 0x00, 0x3F, 0x00, 0x03, 0x80, 0x01, 0x80, 0x01, 0xC0,
  0x00, 0xE0, 0x00, 0x60, 0x00, 0x7F, 0x00, 0x3F, 0xC0, 0x38, 0x70, 0x1C,
  0x38, 0x0E, 0x1C, 0x0E, 0x1E, 0x07, 0xFE, 0x03, 0xFC, 0x00, 0xC0, 0x06,
  0xE0, 0x0E, 0x60, 0x0E, 0x7F, 0xFE, 0x7F, 0xFC, 0x03, 0x80, 0x03, 0x80,
  0x03, 0x80, 0x1F, 0x80, 0x1F, 0xE0, 0x1F, 0xF0, 0x18, 0xF0, 0x38, 0x70,
  0x00, 0x7E, 0x00, 0x7E, 0x00, 0x0C, 0x00, 0x1C, 0x00, 0x18, 0x00, 0x38,
  0x00, 0x78, 0x00, 0x70, 0x00, 0xF0, 0x00, 0xE0, 0x01, 0xE0, 0x01, 0xC0,
  0xC0, 0x03, 0x1C, 0x00, 0x63, 0x80, 0x1C, 0x7F, 0xFF, 0x0F, 0xFF, 0xE1,
  0xC3, 0x8E, 0x30, 0x70, 0xC0, 0x0E, 0x00, 0x03, 0xFF, 0x81, 0xFF, 0xF8,
  0x79, 0xE7, 0x9E, 0x38, 0x73, 0x87, 0x0E, 0xE0, 0xF3, 0xDC, 0x0F, 0xF3,
  0x80, 0xFC, 0x7F, 0xC0, 0x0F, 0xF8, 0x00, 0x07, 0x00, 0x00, 0xE0, 0x00,
  0x1C, 0x00, 0x03, 0x80, 0x00, 0x70, 0x00, 0x0E, 0x00, 0x01, 0xC0, 0x00,
  0xC0, 0x03, 0x18, 0x00, 0xC7, 0x00, 0x71, 0xFF, 0xFC, 0x7F, 0xFF, 0x18,
  0x71, 0xCE, 0x1C, 0x30, 0x07, 0xC0, 0x07, 0xF8, 0x03, 0xCE, 0x01, 0xC1,
  0x80, 0x70, 0x60, 0x38, 0x00, 0x0E, 0x00, 0x03, 0x80, 0x00, 0xE0, 0x00,
  0x3F, 0xC0, 0x0F, 0xF0, 0x00, 0x1C, 0x00, 0x07, 0x00, 0x01, 0xC0, 0x00,
  0x70, 0x00, 0x1C, 0x01, 0xFF, 0xFE, 0x7F, 0xFF, 0x9C, 0x00, 0x6E, 0x00,
  0x1E, 0x00, 0x01, 0xE0, 0x03, 0x80, 0x0E, 0x00, 0x38, 0x00, 0xF0, 0x01,
  0xFE, 0x01, 0xF8, 0x00, 0xE0, 0x07, 0x00, 0x1C, 0x00, 0xFC, 0x03, 0xF8,
  0x0E, 0xF0, 0x71, 0xC1, 0xC3, 0x8F, 0x0E, 0x38, 0x1C, 0xE0, 0x77, 0x01,
  0xDC, 0x07, 0xF0, 0x1F, 0x80, 0x70, 0xE0, 0x00, 0x1C, 0x00, 0x03, 0x80,
  0x00, 0x70, 0x00, 0x0F, 0x00, 0x00, 0xFF, 0x80, 0x07, 0xE0, 0x00, 0x1C,
  0x00, 0x07, 0x80, 0x00, 0xE0, 0x00, 0x3F, 0x00, 0x07, 0xF0, 0x00, 0xFF,
  0x00, 0x3D, 0xE0, 0x07, 0x1F, 0xF1, 0xE1, 0xFE, 0x38, 0x3C, 0xC7, 0x03,
  0x9D, 0xE0, 0x70, 0xB8, 0x0E, 0x0F, 0x01, 0xC1, 0xC0, 0x38, 0x00, 0xE0,
  0x00, 0x0E, 0x00, 0x00, 0xE0, 0x00, 0x0E, 0x00, 0x00, 0xF0, 0x00, 0x07,
  0xF8, 0x00, 0x1F, 0x80, 0x00, 0x38, 0x00, 0x07, 0x00, 0x00, 0x70, 0x00,
  0x0F, 0xC0, 0x00, 0xFE, 0x00, 0x0E, 0xF0, 0x01, 0xC7, 0x80, 0x1C, 0x38,
  0x03, 0xC3, 0xC0, 0x38, 0x1C, 0x03, 0x81, 0xC3, 0x70, 0x1C, 0x77, 0x01,
  0xE7, 0xF0, 0x1F, 0xFE, 0x01, 0xFF, 0x00, 0x00, 0x70, 0x00, 0x03, 0xE0,
  0x03, 0x80, 0x0E, 0x00, 0x38, 0x00, 0xF0, 0x01, 0xFE, 0x01, 0xF8, 0x00,
  0xE0, 0x07, 0x00, 0x1C, 0x00, 0xFC, 0x03, 0xF8, 0x0E, 0xF0, 0x71, 0xC1,
  0xC3, 0x8F, 0x0E, 0x38, 0x1C, 0x00, 0x70, 0x01, 0xC0, 0x07, 0x00, 0x1C,
  0x00, 0x70, 0xE0, 0x00, 0x07, 0x00, 0x00, 0x38, 0x00, 0x01, 0xC0, 0x00,
  0x0F, 0x00, 0x00, 0x3F, 0xE0, 0x00, 0x7E, 0x00, 0x00, 0x70, 0x00, 0x07,
  0x00, 0x00, 0x38, 0x00, 0x03, 0xF0, 0x00, 0x1F, 0xC0, 0x00, 0xFF, 0x00,
  0x0E, 0x78, 0x00, 0x71, 0xFF, 0x87, 0x87, 0xFE, 0x38, 0x1C, 0x79, 0xC0,
  0xE1, 0xDE, 0x07, 0x0E, 0xE0, 0x18, 0xFF, 0x00, 0xFF, 0x70, 0x07, 0xE0,
  0xE0, 0x03, 0x80, 0x0E, 0x00, 0x3E, 0x00, 0x7E, 0x00, 0x78, 0x01, 0xC0,
  0x07, 0xE0, 0x3F, 0x00, 0x1C, 0x00, 0x78, 0x03, 0xF0, 0x0F, 0xE0, 0x73,
  0xC1, 0xC7, 0x8F, 0x0E, 0x38, 0x38, 0xE0, 0x77, 0x01, 0xDC, 0x07, 0xF0,
  0x1F, 0x80, 0x70, 0xE0, 0x03, 0x80, 0x0E, 0x00, 0x38, 0x00, 0xF0, 0x01,
  0xFF, 0x01, 0xF8, 0x00, 0xE0, 0x07, 0x00, 0x1C, 0x00, 0xFC, 0x03, 0xF8,
  0x0E, 0xF0, 0x79, 0xE1, 0xC3, 0x8F, 0x0F, 0x38, 0x1C, 0xE0, 0x07, 0x80,
  0x1C, 0x00, 0xF0, 0x03, 0x80, 0x00, 0x40, 0x03, 0x18, 0x01, 0xC7, 0x00,
  0x61, 0xFF, 0xF8, 0x7F, 0xFE, 0x1C, 0x71, 0x86, 0x1C, 0x30, 0x07, 0x00,
  0x01, 0xF8, 0x00, 0x7E, 0x00, 0x1F, 0x80, 0x01, 0xC0, 0x00, 0x70, 0x00,
  0x3F, 0x00, 0x0F, 0xE0, 0x03, 0xFC, 0x01, 0xC7, 0x00, 0x71, 0xE0, 0x3C,
  0x38, 0x0E, 0x07, 0x03, 0x81, 0xC1, 0xC0, 0x70, 0x70, 0x1C, 0x3C, 0x07,
  0x0E, 0x01, 0xC0, 0xE0, 0x00, 0xE0, 0x00, 0xE0, 0x00, 0xE0, 0x00, 0xE0,
  0x00, 0xF3, 0xF0, 0x7F, 0xFC, 0x3E, 0x1E, 0x1C, 0x0E, 0x38, 0x07, 0x38,
  0x07, 0x38, 0x07, 0x38, 0x07, 0x38, 0x07, 0x38, 0x07, 0x38, 0x07, 0x38,
  0x07, 0x38, 0x07, 0x38, 0x07, 0x38, 0x07, 0x38, 0x07, 0x38, 0x07, 0x38,
  0x07, 0x38, 0x07, 0xE0, 0x00, 0x03, 0x80, 0x00, 0x0E, 0x00, 0x00, 0x38,
  0x00, 0x00, 0xE0, 0x00, 0x03, 0xCF, 0xC0, 0x07, 0xFF, 0xC0, 0x0F, 0x87,
  0x80, 0x1C, 0x0E, 0x00, 0xE0, 0x1C, 0x03, 0x80, 0x70, 0x0E, 0x01, 0xC3,
  0x38, 0x07, 0x1C, 0xE0, 0x1F, 0xF3, 0x80, 0x7F, 0x8E, 0x01, 0xC7, 0x38,
  0x07, 0x1C, 0xE0, 0x1C, 0x33, 0x80, 0x70, 0x0E, 0x01, 0xC0, 0x38, 0x07,
  0x00, 0xE0, 0x1C, 0x03, 0x80, 0x70, 0x0E, 0x01, 0xC0, 0xE0, 0x00, 0x03,
  0x80, 0x00, 0x0E, 0x00, 0x00, 0x38, 0x00, 0x00, 0xE0, 0x00, 0x03, 0xCF,
  0xC0, 0x07, 0xFF, 0xC0, 0x0F, 0x87, 0x80, 0x1C, 0x0E, 0x00, 0xE0, 0x1C,
  0x03, 0x80, 0x70, 0x0E, 0x01, 0xC0, 0x38, 0x07, 0x00, 0xE0, 0x1C, 0x03,
  0x80, 0x70, 0x0E, 0x01, 0xC0, 0x38, 0x07, 0x00, 0xE0, 0x1C, 0x03, 0x80,
  0x70, 0x0E, 0x01, 0xC3, 0x38, 0x07, 0x1C, 0xE0, 0x1C, 0x73, 0x80, 0x7F,
  0xCE, 0x01, 0xFF, 0x00, 0x00, 0x1C, 0x00, 0x00, 0x30, 0xE0, 0x00, 0xE0,
  0x00, 0xE0, 0x00, 0xE0, 0x00, 0xE0, 0x00, 0xF3, 0xF0, 0x7F, 0xFC, 0x3E,
  0x1E, 0x1C, 0x0E, 0x38, 0x07, 0x38, 0x07, 0x38, 0x07, 0x38, 0x07, 0x38,
  0x07, 0x38, 0x07, 0x38, 0x07, 0x00, 0x07, 0x00, 0x07, 0x00, 0x07, 0x00,
  0x07, 0x00, 0x07, 0x00, 0x07, 0x00, 0x07, 0x00, 0x07, 0xE0, 0x00, 0x01,
  0xC0, 0x00, 0x03, 0x80, 0x00, 0x07, 0x00, 0x00, 0x0E, 0x00, 0x00, 0x1E,
  0x7E, 0x00, 0x1F, 0xFF, 0x00, 0x1F, 0x0F, 0x00, 0x1C, 0x0E, 0x00, 0x70,
  0x0E, 0x00, 0xE0, 0x1C, 0x01, 0xC0, 0x38, 0x03, 0x80, 0x70, 0x07, 0x00,
  0xE0, 0x0E, 0x01, 0xC0, 0x1C, 0x03, 0x80, 0x38, 0x07, 0xF8, 0x70, 0x0F,
  0xF8, 0xE0, 0x1C, 0x79, 0xC0, 0x38, 0x73, 0x80, 0x70, 0xE7, 0x00, 0xE3,
  0xCE, 0x01, 0xFF, 0x1C, 0x03, 0xFC, 0xE0, 0x00, 0xE0, 0x00, 0xE0, 0x00,
  0xE0, 0x00, 0xE0, 0x00, 0xF3, 0xF0, 0x7F, 0xFC, 0x3E, 0x1E, 0x1C, 0x0E,
  0x38, 0x07, 0x38, 0x07, 0x38, 0x07, 0x38, 0x07, 0x07, 0x07, 0x1F, 0x07,
  0x1C, 0x07, 0x38, 0x07, 0x38, 0x07, 0x38, 0x07, 0x38, 0x07, 0x38, 0x07,
  0x38, 0x07, 0x38, 0x07, 0x38, 0x07, 0xE0, 0x00, 0xE0, 0x00, 0xE0, 0x00,
  0xE0, 0x00, 0xE0, 0x00, 0xF3, 0xF0, 0x7F, 0xFC, 0x3E, 0x1E, 0x1C, 0x0E,
  0x38, 0x07, 0x38, 0x07, 0x38, 0x07, 0x38, 0x07, 0x38, 0x07, 0x38, 0x07,
  0x38, 0x07, 0x38, 0x00, 0x38, 0x00, 0x38, 0x00, 0x38, 0x00, 0x38, 0x00,
  0x38, 0x00, 0x38, 0x00, 0x38, 0x00, 0x0E, 0x00, 0x00, 0xE0, 0x00, 0x0E,
  0x00, 0x00, 0xE0, 0x00, 0x0E, 0x00, 0x00, 0xF3, 0xF0, 0x07, 0xFF, 0xC0,
  0x3E, 0x1E, 0x01, 0xC0, 0xE0, 0x38, 0x07, 0x03, 0x80, 0x70, 0x38, 0x07,
  0xE3, 0x80, 0x77, 0x38, 0x07, 0x7F, 0x80, 0x77, 0xF8, 0x07, 0x73, 0x80,
  0x06, 0x38, 0x00, 0xC3, 0x80, 0x00, 0x38, 0x00, 0x03, 0x80, 0x00, 0x38,
  0x00, 0x03, 0x80, 0x00, 0x38, 0x00, 0xE0, 0x00, 0x00, 0x0E, 0x00, 0x00,
  0x00, 0xE0, 0x00, 0x00, 0x0E, 0x00, 0x00, 0x00, 0xE0, 0x00, 0x00, 0x0F,
  0x3F, 0x00, 0x00, 0x7F, 0xFC, 0x00, 0x03, 0xE1, 0xE0, 0x00, 0x1C, 0x0E,
  0x00, 0x03, 0x80, 0x70, 0x00, 0x38, 0x07, 0x0F, 0xC3, 0x80, 0x7F, 0xFE,
  0x38, 0x07, 0xFC, 0xF3, 0x80, 0x73, 0x87, 0x38, 0x07, 0x38, 0x73, 0x80,
  0x73, 0xCF, 0x38, 0x07, 0x1F, 0xE3, 0x80, 0x70, 0xFC, 0x38, 0x07, 0x00,
  0x03, 0x80, 0x70, 0x00, 0x38, 0x07, 0x00, 0x03, 0x80, 0x70, 0x00, 0x38,
  0x07, 0x00, 0x03, 0x80, 0x70, 0x00, 0xE0, 0x00, 0x00, 0x38, 0x00, 0x00,
  0x0E, 0x00, 0x00, 0x03, 0x80, 0x00, 0x00, 0xE0, 0x00, 0x00, 0x3C, 0xFC,
  0x00, 0x07, 0xFF, 0xC0, 0x00, 0xF8, 0x78, 0x00, 0x1C, 0x0E, 0x00, 0x0E,
  0x01, 0xCE, 0x03, 0x80, 0x73, 0x80, 0xE0, 0x1C, 0xE0, 0x38, 0x07, 0xF8,
  0x0E, 0x01, 0xFE, 0x03, 0x80, 0x73, 0x80, 0xE0, 0x1C, 0xFE, 0x38, 0x07,
  0x3F, 0x8E, 0x01, 0xC0, 0x63, 0x80, 0x70, 0x1C, 0xE0, 0x1C, 0x01, 0x38,
  0x07, 0x00, 0x0E, 0x01, 0xC0, 0x03, 0x80, 0x70, 0x00, 0xE0, 0x1C, 0x00,
  0xE0, 0x00, 0x1C, 0x00, 0x03, 0x80, 0x00, 0x70, 0x00, 0x0E, 0x00, 0x01,
  0xE7, 0xE0, 0x1F, 0xFF, 0x01, 0xF0, 0xF0, 0x1C, 0x0E, 0x07, 0x00, 0xE0,
  0xE0, 0x1C, 0x1C, 0x03, 0x83, 0x80, 0x70, 0x70, 0x0E, 0x00, 0x01, 0xC0,
  0x00, 0x38, 0x00, 0x07, 0x00, 0x00, 0xE0, 0x1F, 0xFF, 0x87, 0xFF, 0xF0,
  0xE0, 0x0E, 0x18, 0x01, 0xC0, 0x00, 0x38, 0x00, 0x07, 0xE0, 0x00, 0x01,
  0xC0, 0x00, 0x03, 0x80, 0x00, 0x07, 0x00, 0x00, 0x0E, 0x00, 0x00, 0x1E,
  0x7E, 0x00, 0x1F, 0xFF, 0x00, 0x1F, 0x0F, 0x00, 0x1C, 0x0E, 0x00, 0x70,
  0x0E, 0x00, 0xE0, 0x1C, 0x01, 0xC0, 0x38, 0x03, 0x80, 0x70, 0x07, 0x00,
  0xE0, 0x0E, 0x01, 0xC0, 0x1C, 0x03, 0x80, 0x00, 0x07, 0xF8, 0x00, 0x0F,
  0xF8, 0x00, 0x1C, 0x78, 0x00, 0x38, 0x70, 0x00, 0x70, 0xE0, 0x00, 0xE3,
  0xC1, 0xFF, 0xFF, 0x03, 0xFF, 0xFC, 0x06, 0x00, 0x00, 0x1C, 0x00, 0x00,
  0x20, 0x00, 0x00, 0xE0, 0x00, 0x00, 0x38, 0x00, 0x00, 0x0E, 0x00, 0x00,
  0x03, 0x80, 0x00, 0x00, 0xE0, 0x00, 0x00, 0x3C, 0xFC, 0x0E, 0x07, 0xFF,
  0xC3, 0x80, 0xF8, 0x78, 0xE0, 0x1C, 0x0E, 0x38, 0x0E, 0x01, 0xCE, 0x03,
  0x80, 0x7F, 0xF8, 0xE0, 0x1F, 0xFE, 0x38, 0x07, 0x03, 0x8E, 0x01, 0xC0,
  0x63, 0x80, 0x70, 0x0C, 0xE0, 0x1C, 0x00, 0x38, 0x07, 0x00, 0x0E, 0x01,
  0xC0, 0x03, 0x80, 0x70, 0x00, 0xE0, 0x1C, 0x00, 0x38, 0x07, 0x00, 0x0E,
  0x01, 0xC0, 0x03, 0x80, 0x70, 0x00, 0xE0, 0x1C, 0x00, 0x40, 0x03, 0x00,
  0xC0, 0x0E, 0x01, 0xC0, 0x1C, 0x03, 0xFF, 0xF0, 0x07, 0xFF, 0xE0, 0x0E,
  0x38, 0xC0, 0x18, 0x70, 0xC0, 0x00, 0xE0, 0x00, 0x01, 0xC0, 0x00, 0x03,
  0x80, 0x00, 0x07, 0x9F, 0x80, 0x07, 0xFF, 0xC0, 0x07, 0xC3, 0xC0, 0x07,
  0x03, 0x80, 0x1C, 0x03, 0x80, 0x38, 0x07, 0x00, 0x70, 0x0E, 0x00, 0xE0,
  0x1C, 0x01, 0xC0, 0x38, 0x03, 0x80, 0x70, 0x07, 0x00, 0xE0, 0x0E, 0x01,
  0xC0, 0x1C, 0x03, 0x80, 0x38, 0x07, 0x00, 0x70, 0x0E, 0x00, 0xE0, 0x1C,
  0x01, 0xC0, 0x38, 0x40, 0x03, 0x00, 0x03, 0x00, 0x38, 0x00, 0x1C, 0x01,
  0xC0, 0x00, 0xFF, 0xFC, 0x00, 0x07, 0xFF, 0xE0, 0x00, 0x38, 0xE3, 0x00,
  0x01, 0x87, 0x0C, 0x00, 0x00, 0x38, 0x00, 0x00, 0x01, 0xC0, 0x00, 0x00,
  0x0E, 0x00, 0x00, 0x00, 0x79, 0xF8, 0x00, 0x01, 0xFF, 0xF0, 0x00, 0x07,
  0xC3, 0xC0, 0x00, 0x1C, 0x0E, 0x00, 0x01, 0xC0, 0x38, 0x00, 0x0E, 0x01,
  0xC0, 0x00, 0x70, 0x0E, 0x00, 0x03, 0x80, 0x7F, 0x80, 0x1C, 0x03, 0xFE,
  0x00, 0xE0, 0x1C, 0x70, 0x07, 0x00, 0xE1, 0x80, 0x38, 0x07, 0x04, 0x01,
  0xC0, 0x38, 0x00, 0x0E, 0x01, 0xC0, 0x00, 0x70, 0x0E, 0x00, 0x03, 0x80,
  0x70, 0x00, 0x1C, 0x03, 0x80, 0x40, 0x03, 0x00, 0x03, 0x00, 0x38, 0x00,
  0x1C, 0x01, 0xC0, 0x00, 0xFF, 0xFC, 0x00, 0x07, 0xFF, 0xE0, 0x00, 0x38,
  0xE3, 0x00, 0x01, 0x87, 0x0C, 0x00, 0x00, 0x38, 0x00, 0x00, 0x01, 0xC0,
  0x00, 0x00, 0x0E, 0x00, 0x00, 0x00, 0x79, 0xF8, 0x00, 0x01, 0xFF, 0xF0,
  0x00, 0x07, 0xC3, 0xC0, 0x00, 0x1C, 0x0E, 0x00, 0x01, 0xC0, 0x38, 0x00,
  0x0E, 0x01, 0xC0, 0x00, 0x70, 0x0E, 0x00, 0x03, 0x80, 0x70, 0x00, 0x1C,
  0x03, 0x80, 0x00, 0xE0, 0x1C, 0x00, 0x07, 0x00, 0xE0, 0x00, 0x38, 0x07,
  0x00, 0x01, 0xC0, 0x38, 0x60, 0x0E, 0x01, 0xC7, 0x00, 0x70, 0x0E, 0x38,
  0x03, 0x80, 0x7F, 0xC0, 0x1C, 0x03, 0xFE, 0x00, 0x00, 0x00, 0x70, 0x00,
  0x00, 0x01, 0x80, 0xC0, 0x06, 0x03, 0x00, 0x38, 0x0E, 0x00, 0xE0, 0x3F,
  0xFF, 0x00, 0xFF, 0xFC, 0x03, 0x8E, 0x38, 0x0C, 0x38, 0x60, 0x00, 0xE0,
  0x00, 0x03, 0x80, 0x00, 0x0E, 0x00, 0x00, 0x3C, 0xFC, 0x00, 0x7F, 0xFC,
  0x00, 0xF8, 0x78, 0x01, 0xC0, 0xE0, 0x0E, 0x01, 0xC0, 0x38, 0x07, 0x00,
  0xE0, 0x1C, 0x03, 0x80, 0x70, 0x0E, 0x01, 0xC0, 0x00, 0x07, 0x00, 0x00,
  0x1C, 0x00, 0x00, 0x70, 0x00, 0x01, 0xC0, 0x00, 0x07, 0x00, 0x00, 0x1C,
  0x00, 0x00, 0x70, 0x00, 0x01, 0xC0, 0x40, 0x03, 0x00, 0x01, 0x80, 0x1C,
  0x00, 0x07, 0x00, 0x70, 0x00, 0x1F, 0xFF, 0x80, 0x00, 0x7F, 0xFE, 0x00,
  0x01, 0xC7, 0x18, 0x00, 0x06, 0x1C, 0x30, 0x00, 0x00, 0x70, 0x00, 0x00,
  0x01, 0xC0, 0x00, 0x00, 0x07, 0x00, 0x00, 0x00, 0x1E, 0x7E, 0x00, 0x00,
  0x3F, 0xFE, 0x00, 0x00, 0x7C, 0x3C, 0x00, 0x00, 0xE0, 0x70, 0x00, 0x07,
  0x00, 0xE0, 0x00, 0x1C, 0x03, 0x80, 0x00, 0x70, 0x0E, 0x00, 0x01, 0xC0,
  0x38, 0x00, 0x07, 0x00, 0xE0, 0x00, 0x1C, 0x03, 0xFC, 0x00, 0x70, 0x0F,
  0xF8, 0x01, 0xC0, 0x38, 0xF0, 0x07, 0x00, 0xE1, 0xC0, 0x1C, 0x03, 0x87,
  0x00, 0x70, 0x0E, 0x3C, 0x01, 0xC0, 0x3F, 0xE0, 0x07, 0x00, 0xFF, 0x00,
  0x40, 0x03, 0x00, 0xC0, 0x0E, 0x01, 0xC0, 0x1C, 0x03, 0xFF, 0xF0, 0x07,
  0xFF, 0xE0, 0x0E, 0x38, 0xE0, 0x18, 0x70, 0xC0, 0x00, 0xE0, 0x00, 0x01,
  0xC0, 0x00, 0x03, 0x80, 0x00, 0x07, 0x9F, 0x80, 0x07, 0xFF, 0xC0, 0x07,
  0xC3, 0xC0, 0x07, 0x03, 0x80, 0x1C, 0x03, 0x80, 0x38, 0x07, 0x00, 0x70,
  0x0E, 0x00, 0xE0, 0x1C, 0x01, 0xF8, 0x38, 0x01, 0xF0, 0x70, 0x03, 0x80,
  0xE0, 0x0E, 0x01, 0xC0, 0x1C, 0x03, 0x80, 0x38, 0x07, 0x00, 0x70, 0x0E,
  0x00, 0xE0, 0x1C, 0x01, 0xC0, 0x38, 0xC0, 0x06, 0x03, 0x00, 0x30, 0x0E,
  0x00, 0xC0, 0x3F, 0xFF, 0x00, 0xFF, 0xFC, 0x03, 0x8E, 0x30, 0x0C, 0x38,
  0x60, 0x00, 0xE0, 0x00, 0x03, 0x80, 0x00, 0x0E, 0x00, 0x00, 0x3C, 0xFC,
  0x00, 0x7F, 0xFC, 0x00, 0xF8, 0x78, 0x01, 0xC0, 0xE0, 0x0E, 0x01, 0xC0,
  0x38, 0x07, 0x00, 0xE0, 0x1C, 0x03, 0x80, 0x70, 0x0E, 0x01, 0xC0, 0x38,
  0x07, 0x00, 0xE0, 0x1C, 0x03, 0x80, 0x00, 0x0E, 0x00, 0x00, 0x38, 0x00,
  0x00, 0xE0, 0x00, 0x03, 0x80, 0x00, 0x0E, 0x00, 0x00, 0x40, 0x03, 0x00,
  0x00, 0x0C, 0x00, 0xE0, 0x00, 0x01, 0xC0, 0x1C, 0x00, 0x00, 0x3F, 0xFF,
  0x00, 0x00, 0x07, 0xFF, 0xE0, 0x00, 0x00, 0xE3, 0x8C, 0x00, 0x00, 0x18,
  0x70, 0xC0, 0x00, 0x00, 0x0E, 0x00, 0x00, 0x00, 0x01, 0xC0, 0x00, 0x00,
  0x00, 0x38, 0x00, 0x00, 0x00, 0x07, 0x9F, 0x80, 0x00, 0x00, 0x7F, 0xFC,
  0x00, 0x00, 0x07, 0xC3, 0xC0, 0x00, 0x00, 0x70, 0x38, 0x00, 0x00, 0x1C,
  0x03, 0x87, 0xE0, 0x03, 0x80, 0x7F, 0xFE, 0x00, 0x70, 0x0F, 0xF1, 0xE0,
  0x0E, 0x01, 0xDC, 0x1C, 0x01, 0xC0, 0x3B, 0x83, 0x80, 0x38, 0x07, 0x78,
  0xF0, 0x07, 0x00, 0xE7, 0xFC, 0x00, 0xE0, 0x1C, 0x7E, 0x00, 0x1C, 0x03,
  0x80, 0x00, 0x03, 0x80, 0x70, 0x00, 0x00, 0x70, 0x0E, 0x00, 0x00, 0x0E,
  0x01, 0xC0, 0x00, 0x01, 0xC0, 0x38, 0x00, 0x00, 0x40, 0x03, 0x00, 0x00,
  0x30, 0x03, 0x80, 0x00, 0x1C, 0x01, 0xC0, 0x00, 0x0F, 0xFF, 0xC0, 0x00,
  0x07, 0xFF, 0xE0, 0x00, 0x03, 0x8E, 0x30, 0x00, 0x01, 0x87, 0x0C, 0x00,
  0x00, 0x03, 0x80, 0x00, 0x00, 0x01, 0xC0, 0x00, 0x00, 0x00, 0xE0, 0x00,
  0x00, 0x00, 0x79, 0xF8, 0x00, 0x00, 0x1F, 0xFF, 0x00, 0x00, 0x07, 0xC3,
  0xC7, 0x00, 0x01, 0xC0, 0xE3, 0x80, 0x01, 0xC0, 0x39, 0xC0, 0x00, 0xE0,
  0x1F, 0xE0, 0x00, 0x70, 0x0F, 0xF0, 0x00, 0x38, 0x07, 0x38, 0x00, 0x1C,
  0x03, 0x9F, 0xC0, 0x0E, 0x01, 0xCF, 0xE0, 0x07, 0x00, 0xE0, 0x70, 0x03,
  0x80, 0x70, 0x18, 0x01, 0xC0, 0x38, 0x06, 0x00, 0xE0, 0x1C, 0x00, 0x00,
  0x70, 0x0E, 0x00, 0x00, 0x38, 0x07, 0x00, 0x00, 0x1C, 0x03, 0x80, 0x00,
  0xC0, 0x06, 0x00, 0x38, 0x03, 0x00, 0x0E, 0x01, 0xC0, 0x01, 0xFF, 0xF0,
  0x00, 0x7F, 0xFC, 0x00, 0x00, 0xE0, 0x00, 0x00, 0x38, 0x00, 0x00, 0x0E,
  0x00, 0x00, 0x03, 0x80, 0x00, 0x00, 0xE0, 0x00, 0x00, 0x3C, 0xFC, 0x00,
  0x07, 0xFF, 0xC0, 0x00, 0xF8, 0x78, 0x00, 0x1C, 0x0E, 0x00, 0x0E, 0x01,
  0xC0, 0x03, 0x80, 0x70, 0x00, 0xE0, 0x1C, 0x00, 0x38, 0x07, 0x00, 0x0E,
  0x01, 0xC0, 0x00, 0x00, 0x70, 0x00, 0x00, 0x1C, 0x00, 0x00, 0x07, 0x00,
  0x00, 0x01, 0xC0, 0x00, 0x00, 0x70, 0x00, 0x00, 0x1C, 0x00, 0x07, 0xFF,
  0xE0, 0x01, 0xFF, 0xF8, 0x00, 0x70, 0x07, 0x00, 0x18, 0x01, 0xC0, 0x08,
  0x00, 0x10, 0xC0, 0x06, 0x00, 0x06, 0x00, 0x70, 0x00, 0x38, 0x03, 0x80,
  0x01, 0xFF, 0xF8, 0x00, 0x0F, 0xFF, 0xC0, 0x00, 0x71, 0xC7, 0x00, 0x03,
  0x0E, 0x18, 0x00, 0x00, 0x70, 0x00, 0x00, 0x03, 0x80, 0x00, 0x00, 0x1C,
  0x00, 0x00, 0x00, 0xF3, 0xF0, 0x00, 0x03, 0xFF, 0xE0, 0x00, 0x0F, 0x87,
  0x80, 0x00, 0x38, 0x1C, 0x00, 0x03, 0x80, 0x70, 0x00, 0x1C, 0x03, 0x80,
  0x00, 0xE0, 0x1C, 0x00, 0x07, 0x00, 0xE0, 0x00, 0x38, 0x07, 0x00, 0x00,
  0x00, 0x3F, 0xC0, 0x00, 0x01, 0xFF, 0x00, 0x00, 0x0E, 0x3C, 0x00, 0x00,
  0x70, 0xE0, 0x00, 0x03, 0x87, 0x00, 0x00, 0x1C, 0x78, 0x00, 0x7F, 0xFF,
  0x80, 0x03, 0xFF, 0xF8, 0x00, 0x38, 0x00, 0x00, 0x01, 0xC0, 0x00, 0x00,
  0x08, 0x00, 0x00, 0x40, 0x03, 0x00, 0x00, 0x60, 0x07, 0x00, 0x00, 0x70,
  0x07, 0x00, 0x00, 0x7F, 0xFE, 0x00, 0x00, 0x7F, 0xFE, 0x00, 0x00, 0x71,
  0xC6, 0x00, 0x00, 0x61, 0xC3, 0x00, 0x00, 0x01, 0xC0, 0x00, 0x00, 0x01,
  0xC0, 0x00, 0x00, 0x01, 0xC0, 0x00, 0x00, 0x01, 0xE7, 0xE0, 0x70, 0x00,
  0xFF, 0xF8, 0x70, 0x00, 0x7C, 0x3C, 0x70, 0x00, 0x38, 0x1C, 0x70, 0x00,
  0x70, 0x0F, 0xFE, 0x00, 0x70, 0x0F, 0xFF, 0x00, 0x70, 0x0E, 0x07, 0x00,
  0x70, 0x0E, 0x03, 0x00, 0x70, 0x0E, 0x01, 0x00, 0x70, 0x0E, 0x00, 0x00,
  0x70, 0x0E, 0x00, 0x00, 0x70, 0x0E, 0x00, 0x00, 0x70, 0x0E, 0x00, 0x00,
  0x70, 0x0E, 0x00, 0x00, 0x70, 0x0E, 0x00, 0x00, 0x70, 0x0E, 0x00, 0x00,
  0x70, 0x0E, 0x00, 0x07, 0xFE, 0x01, 0xFF, 0xF0, 0x71, 0xCF, 0x1C, 0x38,
  0xE7, 0x07, 0x1C, 0xE0, 0xE1, 0xDC, 0x1C, 0x3F, 0x03, 0x87, 0xE0, 0x70,
  0xFC, 0x0E, 0x1F, 0x81, 0xC3, 0xF0, 0x38, 0x7E, 0x07, 0x0F, 0xC0, 0xE1,
  0xF8, 0x1C, 0x77, 0x03, 0x8E, 0xE0, 0x73, 0xCE, 0x0F, 0xF1, 0xC1, 0xFC,
  0x3C, 0x70, 0x03, 0xFC, 0x00, 0x1E, 0x00, 0x00, 0x07, 0xFE, 0x00, 0x0F,
  0xFF, 0x80, 0x1C, 0x73, 0xC0, 0x38, 0x71, 0xC0, 0x70, 0x71, 0xC0, 0x70,
  0x70, 0xE0, 0x70, 0x70, 0xE0, 0xE0, 0x70, 0xE0, 0xE0, 0x70, 0xE0, 0xE0,
  0x70, 0xE0, 0xE0, 0x70, 0xE0, 0xE0, 0x70, 0xE0, 0xE0, 0x70, 0xE0, 0xE0,
  0x70, 0xE0, 0xE0, 0x71, 0xC0, 0xE0, 0x71, 0xC3, 0xE0, 0x73, 0xC6, 0x70,
  0x7F, 0xFE, 0x70, 0x7F, 0xFE, 0x78, 0xE0, 0x06, 0x3F, 0xC0, 0x07, 0x0F,
  0x00, 0x03, 0x0F, 0xFF, 0x07, 0xFF, 0xF9, 0xF1, 0xC7, 0x38, 0x38, 0x7F,
  0x07, 0x0F, 0xC0, 0xE1, 0xF8, 0x1C, 0x3F, 0x03, 0x87, 0xE0, 0x71, 0xDC,
  0x0F, 0xF9, 0xC1, 0xFC, 0x1F, 0xF8, 0x01, 0xFF, 0x00, 0x00, 0xE0, 0x00,
  0x1C, 0x00, 0x03, 0x80, 0x00, 0x70, 0x00, 0x0E, 0x30, 0x01, 0xC6, 0x00,
  0x39, 0xC0, 0x07, 0xF8, 0x00, 0xFF, 0x00, 0x00, 0xE0, 0x00, 0x0C, 0x0F,
  0xFF, 0x07, 0xFF, 0xF9, 0xF1, 0xC7, 0x38, 0x38, 0x7F, 0x07, 0x0F, 0xC0,
  0xE1, 0xF8, 0x1C, 0x3F, 0x03, 0x87, 0xE0, 0x71, 0xDC, 0x0F, 0xF9, 0xC1,
  0xFC, 0x1F, 0xF8, 0x01, 0xFF, 0x00, 0x00, 0xE0, 0x00, 0x1C, 0x00, 0x03,
  0x80, 0x00, 0x70, 0x00, 0x0E, 0x00, 0x01, 0xC0, 0x00, 0x38, 0x00, 0x07,
  0x00, 0x00, 0xE0, 0x00, 0x0F, 0xFF, 0x07, 0xFF, 0xF9, 0xF1, 0xC7, 0x38,
  0x38, 0x7F, 0x07, 0x0F, 0xC0, 0xE1, 0xF8, 0x1C, 0x3F, 0x03, 0x87, 0xE0,
  0x71, 0xDC, 0x0F, 0xF9, 0xC1, 0xFC, 0x1F, 0xF8, 0x01, 0xFF, 0x00, 0x00,
  0xE0, 0x00, 0x1C, 0x00, 0x03, 0xFC, 0x00, 0x7F, 0xC0, 0x0E, 0x1C, 0x01,
  0xC3, 0x80, 0x38, 0xF0, 0x07, 0xFC, 0x00, 0xFF, 0x00, 0x07, 0xFE, 0x00,
  0x0F, 0xFF, 0x80, 0x1C, 0x73, 0xC0, 0x38, 0x71, 0xC0, 0x70, 0x71, 0xC0,
  0x70, 0x70, 0xE0, 0x70, 0x70, 0xE3, 0xE0, 0x70, 0xE3, 0xE0, 0x70, 0xE7,
  0xE0, 0x70, 0xFF, 0xE0, 0x70, 0xFF, 0xE0, 0x70, 0xE7, 0xE0, 0x70, 0xE3,
  0xE0, 0x70, 0xE0, 0xE0, 0x71, 0xC0, 0xE0, 0x71, 0xC0, 0xE0, 0x73, 0xC0,
  0x70, 0x7F, 0x80, 0x70, 0x7F, 0x00, 0x78, 0xE0, 0x00, 0x3F, 0xC0, 0x00,
  0x0F, 0x00, 0x00, 0x0F, 0xFF, 0x07, 0xFF, 0xF9, 0xF1, 0xC7, 0x38, 0x38,
  0x7F, 0x07, 0x0F, 0xC0, 0xE1, 0xF8, 0x1C, 0x3F, 0x03, 0x87, 0xE0, 0x71,
  0xDC, 0x0F, 0xF9, 0xC1, 0xFC, 0x1F, 0xF8, 0x01, 0xFE, 0x00, 0x01, 0xC0,
  0x00, 0x70, 0x00, 0x0E, 0x00, 0x03, 0x80, 0x00, 0x70, 0x00, 0x1C, 0x00,
  0x07, 0x80, 0x00, 0xE0, 0x00, 0x3C, 0x00, 0x00, 0x00, 0x3F, 0xFC, 0x00,
  0x7F, 0xFF, 0x80, 0x7C, 0x71, 0xC0, 0x38, 0x38, 0x7C, 0x3C, 0x1C, 0x3F,
  0x1C, 0x0E, 0x1F, 0xFE, 0x07, 0x0F, 0xFF, 0x03, 0x87, 0xE3, 0x81, 0xC7,
  0x61, 0xC0, 0xFF, 0xB0, 0x70, 0x7F, 0x00, 0x1F, 0xF8, 0x00, 0x07, 0xF8,
  0x00, 0x00, 0x1C, 0x00, 0x00, 0x1C, 0x00, 0x00, 0x0E, 0x00, 0x00, 0x0E,
  0x00, 0x00, 0x07, 0x00, 0x00, 0x07, 0x00, 0x00, 0x07, 0x80, 0x00, 0x03,
  0x80, 0x00, 0x03, 0xC0, 0x00, 0x0F, 0xC0, 0xFF, 0xC7, 0x87, 0x9C, 0x0E,
  0xE0, 0x1F, 0x80, 0x7E, 0x01, 0xF8, 0x07, 0xE0, 0x1F, 0x80, 0x7E, 0x01,
  0xF8, 0x07, 0xE0, 0x1F, 0x80, 0x7E, 0x01, 0xF8, 0x07, 0xE0, 0x1F, 0x80,
  0x77, 0x03, 0x9E, 0x1E, 0x3F, 0xF0, 0x3F, 0x00, 0x0F, 0xC0, 0x03, 0xFF,
  0x00, 0x78, 0x78, 0x07, 0x03, 0x80, 0xE0, 0x1C, 0x0E, 0x01, 0xC0, 0xE0,
  0x1C, 0x0E, 0x01, 0xC0, 0xE0, 0x1C, 0x0E, 0x01, 0xFE, 0xE0, 0x1F, 0xFE,
  0x01, 0xC7, 0xE0, 0x1C, 0x3E, 0x01, 0xC3, 0xE0, 0x1C, 0x0E, 0x01, 0xC0,
  0xE0, 0x1C, 0x0E, 0x01, 0xC0, 0x70, 0x38, 0x07, 0x87, 0x80, 0x3F, 0xF0,
  0x00, 0xFC, 0x00, 0x1F, 0x80, 0x0F, 0xFC, 0x01, 0xC3, 0x80, 0x70, 0x38,
  0x0E, 0x07, 0x01, 0xC0, 0xE0, 0x38, 0x1C, 0x07, 0x03, 0x80, 0xE0, 0x70,
  0x1C, 0x0E, 0x03, 0xC3, 0xC0, 0x3F, 0xFF, 0x01, 0xFF, 0xE0, 0x00, 0x18,
  0x00, 0x07, 0x00, 0x00, 0xC0, 0x00, 0x38, 0x00, 0x07, 0x08, 0x01, 0xC3,
  0x00, 0x38, 0xE0, 0x07, 0xFC, 0x00, 0xFF, 0x80, 0x00, 0x70, 0x00, 0x06,
  0x1F, 0x80, 0x7F, 0xE0, 0x70, 0xE0, 0xE0, 0x70, 0xE0, 0x70, 0xE0, 0x70,
  0xE0, 0x70, 0xE0, 0x70, 0xE0, 0x70, 0xE0, 0x70, 0xF0, 0xF0, 0x7F, 0xFF,
  0x1F, 0xFE, 0x00, 0x0E, 0x00, 0x1C, 0x00, 0x1C, 0x00, 0x3C, 0x00, 0x38,
  0x00, 0x78, 0x00, 0x70, 0x00, 0xF0, 0x00, 0xE0, 0x1F, 0x80, 0x07, 0xFE,
  0x00, 0x70, 0xE0, 0x0E, 0x07, 0x00, 0xE0, 0x70, 0x0E, 0x07, 0x00, 0xE0,
  0x70, 0x0E, 0x07, 0x00, 0xE0, 0x70, 0x0E, 0x07, 0x00, 0xF0, 0xF0, 0x07,
  0xFF, 0xE0, 0x1F, 0xFE, 0x00, 0x00, 0xE0, 0x00, 0x1F, 0xC0, 0x01, 0xFE,
  0x00, 0x38, 0xF0, 0x03, 0x87, 0x00, 0x78, 0x70, 0x07, 0x0F, 0x00, 0x7F,
  0xE0, 0x07, 0xF8, 0x03, 0x80, 0x07, 0x00, 0x0E, 0x00, 0x1C, 0x00, 0xFE,
  0x03, 0xFE, 0x0E, 0x0E, 0x38, 0x0E, 0x70, 0x1D, 0xC0, 0x1F, 0x80, 0x3F,
  0x00, 0x7E, 0x00, 0xFC, 0x01, 0xF8, 0x03, 0xF0, 0x07, 0xE0, 0x0F, 0xC0,
  0x1F, 0x80, 0x3B, 0x80, 0xE7, 0x01, 0xC7, 0x07, 0x07, 0xFC, 0x07, 0xF0,
  0x03, 0xE0, 0x3F, 0xE0, 0xE3, 0x87, 0x07, 0x1C, 0x1C, 0x70, 0x71, 0xC1,
  0xC7, 0x07, 0x0E, 0x38, 0x1F, 0xE0, 0x3F, 0x00, 0xF0, 0x0F, 0x00, 0x78,
  0x03, 0xC0, 0x1E, 0x00, 0x70, 0x01, 0xC0, 0x0F, 0x00, 0x38, 0x00, 0xE0,
  0x03, 0x80, 0x00, 0xE0, 0x7E, 0x07, 0xE0, 0x7E, 0x07, 0xE0, 0x7E, 0x07,
  0xE0, 0x7E, 0x07, 0xE0, 0x7F, 0xFF, 0xFF, 0xFE, 0x07, 0xE0, 0x7E, 0x07,
  0xE0, 0x7E, 0x07, 0xE0, 0x7E, 0x07, 0xE0, 0x7E, 0x07, 0xE0, 0x7E, 0x07,
  0xE0, 0x70, 0x38, 0x1C, 0x0E, 0x07, 0x03, 0x81, 0xC0, 0xE0, 0x70, 0x38,
  0x1C, 0x0E, 0x07, 0x03, 0x81, 0xC3, 0xE0, 0x71, 0xFF, 0xFF, 0xFF, 0xFF,
  0xFF, 0x81, 0xC7, 0xE0, 0x70, 0xF8, 0x1C, 0x3E, 0x07, 0x03, 0x81, 0xC0,
  0xE0, 0x70, 0x38, 0x1C, 0x0E, 0x07, 0x03, 0x81, 0xC0, 0xE0, 0x70, 0x38,
  0x1C, 0x00, 0xE0, 0x70, 0x38, 0x1C, 0x0E, 0x07, 0x03, 0x81, 0xC0, 0xE0,
  0x70, 0x38, 0x1C, 0x0E, 0x07, 0x03, 0x81, 0xC0, 0xE0, 0x70, 0x3F, 0xFC,
  0x0F, 0xFF, 0x03, 0x81, 0xC0, 0xE0, 0x70, 0x38, 0x1C, 0x0E, 0x07, 0x03,
  0x81, 0xC0, 0xE0, 0x70, 0x38, 0x1C, 0x3E, 0x07, 0x0F, 0x81, 0xC7, 0xE0,
  0x7F, 0xF8, 0x1F, 0xF0, 0x00, 0x1C, 0x00, 0x03, 0xE0, 0x7E, 0x07, 0xE0,
  0x7E, 0x07, 0xE0, 0x7E, 0x07, 0xE0, 0x7E, 0x07, 0xE0, 0x7F, 0xFF, 0xFF,
  0xFE, 0x07, 0xE0, 0x7E, 0x07, 0xE0, 0x7E, 0x07, 0xE0, 0x70, 0x07, 0x00,
  0x70, 0x07, 0x00, 0x70, 0x07, 0xE0, 0x70, 0x1C, 0x0E, 0x03, 0x81, 0xC0,
  0x70, 0x38, 0x0E, 0x07, 0x01, 0xC0, 0xE0, 0x38, 0x1C, 0x07, 0x03, 0x80,
  0xE0, 0x70, 0x1F, 0xFE, 0x03, 0xFF, 0xC0, 0x70, 0x38, 0x0E, 0x07, 0x01,
  0xC0, 0xE0, 0x38, 0x1F, 0xE7, 0x03, 0xFE, 0xE0, 0x71, 0xFC, 0x0E, 0x1F,
  0x81, 0xC3, 0xF0, 0x38, 0xFE, 0x07, 0xFD, 0xC0, 0xFF, 0x00, 0x7C, 0x01,
  0xFF, 0xC0, 0x7E, 0x70, 0x1F, 0x0E, 0x07, 0x83, 0x81, 0xC0, 0xE0, 0x70,
  0x38, 0x1C, 0x0E, 0x07, 0x03, 0x81, 0xC0, 0xFF, 0xF0, 0x3F, 0xFC, 0x0E,
  0x07, 0x03, 0x81, 0xC0, 0xE0, 0x70, 0x38, 0x1C, 0x0E, 0x07, 0x03, 0x81,
  0xC0, 0xE0, 0x70, 0x38, 0x1C, 0x0E, 0x07, 0x03, 0x81, 0xC0, 0xE0, 0x70,
  0xE0, 0x7E, 0x07, 0xE0, 0x7E, 0x07, 0xE0, 0x7E, 0x07, 0xE0, 0x7E, 0x07,
  0xE0, 0x7F, 0xFF, 0xFF, 0xFE, 0x07, 0xE0, 0x7E, 0x07, 0xE0, 0x7E, 0x07,
  0xE0, 0x7E, 0x00, 0xE0, 0x0E, 0x00, 0xE0, 0x0E, 0x00, 0xE0, 0x70, 0x70,
  0x38, 0x38, 0x1C, 0x1C, 0x0E, 0x0E, 0x07, 0x07, 0x03, 0x83, 0x81, 0xC1,
  0xC0, 0xE0, 0xE0, 0x70, 0x7F, 0xF8, 0x3F, 0xFC, 0x1C, 0x0E, 0x0E, 0x07,
  0x07, 0x03, 0x83, 0x81, 0xC1, 0xC0, 0xE0, 0xE0, 0x70, 0x00, 0x38, 0x00,
  0x1C, 0x00, 0x0E, 0x03, 0xFF, 0xF3, 0xFF, 0xF9, 0xC0, 0x1C, 0xC0, 0x06,
  0x00, 0x00, 0x80, 0x7C, 0x00, 0x3E, 0xFF, 0x00, 0xFF, 0xE7, 0x00, 0xE7,
  0xC3, 0x81, 0xC3, 0x83, 0x81, 0xC0, 0x03, 0x81, 0xC0, 0x03, 0x81, 0xC0,
  0x03, 0x81, 0xC0, 0x03, 0x81, 0xC0, 0x03, 0xFF, 0xC0, 0x03, 0xFF, 0xC0,
  0x03, 0x81, 0xC0, 0x03, 0x81, 0xC0, 0x03, 0x81, 0xC0, 0x03, 0x81, 0xC0,
  0x03, 0x81, 0xC0, 0x03, 0x81, 0xC0, 0x03, 0x81, 0xC0, 0x03, 0x81, 0xC0,
  0x03, 0x81, 0xC0, 0x03, 0x81, 0xC0, 0x03, 0x81, 0xC0, 0x7C, 0x00, 0x3E,
  0xFF, 0x00, 0xFF, 0xE7, 0x00, 0xE7, 0xC3, 0x81, 0xC3, 0x03, 0x81, 0xC0,
  0x03, 0x81, 0xC0, 0x03, 0x81, 0xC0, 0x03, 0x81, 0xC0, 0x03, 0x81, 0xC0,
  0x03, 0xFF, 0xFE, 0x03, 0xFF, 0xFF, 0x03, 0x81, 0xC7, 0x03, 0x81, 0xC3,
  0x03, 0x81, 0xC1, 0x03, 0x81, 0xC0, 0x03, 0x81, 0xC0, 0x03, 0x81, 0xC0,
  0x03, 0x81, 0xC0, 0x03, 0x81, 0xC0, 0x03, 0x81, 0xC0, 0x03, 0x81, 0xC0,
  0x03, 0x81, 0xC0, 0x7C, 0x00, 0x3E, 0xFF, 0x00, 0xFF, 0xE7, 0x00, 0xE7,
  0xC3, 0x81, 0xC3, 0x83, 0x81, 0xC0, 0x03, 0x81, 0xC0, 0x03, 0x81, 0xC0,
  0x03, 0x81, 0xC0, 0x03, 0x81, 0xC0, 0x03, 0xFF, 0xC0, 0x03, 0xFF, 0xC0,
  0x03, 0x81, 0xC0, 0x03, 0x81, 0xC0, 0x03, 0x81, 0xC0, 0x03, 0x81, 0xC0,
  0x03, 0x81, 0xC0, 0x03, 0x81, 0xC0, 0x03, 0x81, 0xC3, 0x03, 0x81, 0xC7,
  0x03, 0x81, 0xC7, 0x03, 0x81, 0xFF, 0x03, 0x81, 0xFF, 0x00, 0x00, 0x07,
  0x00, 0x00, 0x03, 0x7C, 0x00, 0x3E, 0xFF, 0x00, 0xFF, 0xE7, 0x00, 0xE7,
  0xC3, 0x81, 0xC3, 0x83, 0x81, 0xC0, 0x03, 0x81, 0xC0, 0x03, 0x81, 0xC0,
  0x03, 0x81, 0xC0, 0x03, 0x81, 0xC0, 0x03, 0xFF, 0xC0, 0x03, 0xFF, 0xC0,
  0x03, 0x81, 0xC0, 0x03, 0x81, 0xC0, 0x03, 0x81, 0xC0, 0x03, 0x81, 0xC0,
  0x03, 0x81, 0xC0, 0x00, 0x01, 0xC0, 0x00, 0x01, 0xC0, 0x00, 0x01, 0xC0,
  0x00, 0x01, 0xC0, 0x00, 0x01, 0xC0, 0x00, 0x01, 0xC0, 0x7C, 0x00, 0x3E,
  0x7F, 0x80, 0x7F, 0x39, 0xC0, 0x39, 0xD8, 0x70, 0x38, 0xE8, 0x38, 0x1C,
  0x00, 0x1C, 0x0E, 0x00, 0x0E, 0x07, 0x00, 0x07, 0x03, 0x80, 0x03, 0x81,
  0xC0, 0x01, 0xFF, 0xE0, 0x00, 0xFF, 0xF0, 0x00, 0x70, 0x38, 0x00, 0x38,
  0x1C, 0x00, 0x1C, 0x0E, 0x00, 0x0E, 0x07, 0xF8, 0x07, 0x03, 0xFE, 0x03,
  0x81, 0xC7, 0x81, 0xC0, 0xE1, 0xC0, 0xE0, 0x70, 0xE0, 0x70, 0x38, 0xF0,
  0x38, 0x1F, 0xF0, 0x1C, 0x0F, 0xF0, 0xC0, 0x06, 0x00, 0x70, 0x07, 0x00,
  0x18, 0x03, 0x00, 0x0F, 0xFF, 0x80, 0x07, 0xFF, 0xC0, 0x00, 0x1C, 0x00,
  0x00, 0x0E, 0x00, 0x00, 0x07, 0x00, 0x00, 0x03, 0x80, 0x00, 0x01, 0xC0,
  0x00, 0x0F, 0xE0, 0x07, 0xCF, 0xF0, 0x0F, 0xF7, 0x38, 0x07, 0x3B, 0x0E,
  0x07, 0x0D, 0x07, 0x03, 0x82, 0x03, 0x81, 0xC0, 0x01, 0xC0, 0xE0, 0x00,
  0xFF, 0xF0, 0x00, 0x7F, 0xF8, 0x00, 0x38, 0x1C, 0x00, 0x1C, 0x0E, 0x00,
  0x0E, 0x07, 0x00, 0x07, 0x03, 0x80, 0x03, 0x81, 0xC0, 0x01, 0xC0, 0xE0,
  0x00, 0xE0, 0x70, 0x00, 0x70, 0x38, 0x00, 0x7C, 0x00, 0x3E, 0xFF, 0x00,
  0xFF, 0xE7, 0x00, 0xE7, 0xC3, 0x81, 0xC3, 0x83, 0x81, 0xC0, 0x03, 0x81,
  0xC0, 0x03, 0x81, 0xC0, 0x03, 0x81, 0xC0, 0x03, 0x81, 0xC0, 0x03, 0xFF,
  0xC0, 0x03, 0xFF, 0xC0, 0x03, 0x81, 0xC0, 0x03, 0x81, 0xC0, 0x03, 0x81,
  0xC0, 0x03, 0x81, 0xC0, 0x03, 0x81, 0xC0, 0x03, 0x80, 0x00, 0x03, 0x80,
  0x00, 0x03, 0x80, 0x00, 0x03, 0x80, 0x00, 0x03, 0x80, 0x00, 0x03, 0x80,
  0x00, 0x7C, 0x00, 0x3E, 0xFF, 0x00, 0xFF, 0xE7, 0x00, 0xE7, 0xC3, 0x81,
  0xC3, 0x83, 0x81, 0xC0, 0x03, 0x81, 0xC0, 0x03, 0x81, 0xC0, 0x03, 0x81,
  0xC0, 0x03, 0x81, 0xC0, 0x03, 0xFF, 0xC0, 0x03, 0xFF, 0xC0, 0x03, 0x81,
  0xC0, 0x03, 0x81, 0xC0, 0x03, 0x81, 0xC0, 0x03, 0x81, 0xC0, 0x03, 0x81,
  0xC0, 0x00, 0x01, 0xC0, 0x00, 0x01, 0xC0, 0x00, 0x01, 0xC0, 0x00, 0x01,
  0xC0, 0x00, 0xFF, 0xFC, 0x00, 0xFF, 0xFC, 0x00, 0xC0, 0x0E, 0x01, 0xC0,
  0x0E, 0x01, 0x00, 0x02, 0x1F, 0x0F, 0xF9, 0xC7, 0x70, 0x7E, 0x0F, 0xC1,
  0xF8, 0x3F, 0x07, 0x71, 0xCE, 0xF0, 0xFC, 0x1C, 0x01, 0xC0, 0x38, 0x03,
  0x80, 0x70, 0x0E, 0x01, 0xC0, 0x38, 0x07, 0x00, 0xE0, 0x1C, 0x00, 0x1F,
  0x80, 0xFF, 0x87, 0x0E, 0x38, 0x1C, 0xE0, 0x73, 0x81, 0xCE, 0x07, 0x38,
  0x38, 0x70, 0xE1, 0xEE, 0x03, 0xE0, 0x0F, 0x00, 0x1C, 0x00, 0x70, 0x00,
  0xFF, 0x83, 0xFE, 0x0E, 0x1C, 0x38, 0x70, 0xE0, 0xC3, 0x80, 0x0E, 0x00,
  0x38, 0x00, 0x1F, 0x80, 0x0F, 0xF8, 0x07, 0x0E, 0x03, 0x81, 0xC0, 0xE0,
  0x70, 0x38, 0x1C, 0x0E, 0x07, 0x03, 0x83, 0xC0, 0x70, 0xE0, 0x1E, 0xF0,
  0x03, 0xF8, 0x00, 0xF0, 0xE0, 0x1C, 0x38, 0x07, 0x0E, 0x00, 0xFF, 0x80,
  0x3F, 0xE0, 0x0E, 0x3F, 0x83, 0x8F, 0xE0, 0xE0, 0x18, 0x38, 0x07, 0x0E,
  0x00, 0xC3, 0x80, 0x00, 0x07, 0xE0, 0x3F, 0xE1, 0xC3, 0x8E, 0x07, 0x38,
  0x1C, 0xE0, 0x73, 0x81, 0xCE, 0x0E, 0x1C, 0x38, 0x7B, 0xC0, 0xFC, 0x03,
  0xC0, 0x07, 0x00, 0x1C, 0x00, 0x38, 0x00, 0xE0, 0x03, 0x81, 0x8E, 0x06,
  0x38, 0x1C, 0xE0, 0x7F, 0x81, 0xFE, 0x07, 0x00, 0x18, 0x00, 0x1F, 0x80,
  0x0F, 0xF8, 0x07, 0x0E, 0x03, 0x81, 0xC0, 0xE0, 0x70, 0x38, 0x1C, 0x0E,
  0x07, 0x03, 0x83, 0x80, 0x70, 0xE0, 0x1E, 0xF0, 0x03, 0xF0, 0x00, 0xE0,
  0x00, 0x1C, 0x00, 0x07, 0x03, 0xC0, 0xFF, 0xF8, 0x3F, 0xC7, 0x0E, 0x71,
  0xC3, 0x9C, 0x70, 0xE3, 0xF8, 0x38, 0x7C, 0x0E, 0x00, 0x03, 0x80, 0x00,
  0x01, 0xF8, 0x00, 0x7F, 0xC0, 0x0F, 0x1E, 0x00, 0xE0, 0xE0, 0x0C, 0x0E,
  0x01, 0xC0, 0xE0, 0x1C, 0x1E, 0x01, 0xC3, 0xC0, 0x1F, 0xF8, 0x01, 0xFC,
  0x00, 0x1C, 0x00, 0x01, 0xC0, 0x00, 0x1C, 0x00, 0x01, 0xC0, 0x00, 0x0E,
  0x00, 0x70, 0xE0, 0x07, 0x07, 0x00, 0x70, 0x70, 0x07, 0x03, 0x80, 0xE0,
  0x1E, 0x1E, 0x7F, 0xFF, 0xC7, 0xFF, 0xF0, 0x70, 0x00, 0x06, 0x00, 0x00,
  0x80, 0x00, 0x00, 0x1F, 0x80, 0x0F, 0xF8, 0x07, 0x0E, 0x03, 0x81, 0xC0,
  0xE0, 0x7F, 0xB8, 0x1F, 0xEE, 0x07, 0x1B, 0x83, 0x87, 0x70, 0xE0, 0x5E,
  0xE0, 0x03, 0xE0, 0x00, 0xF0, 0x00, 0x1C, 0x00, 0x07, 0x00, 0x00, 0xE0,
  0x00, 0x38, 0x00, 0x0E, 0x00, 0x03, 0x80, 0x00, 0xE0, 0x00, 0x38, 0x00,
  0x0E, 0x00, 0x03, 0x80, 0x00, 0x00, 0xFC, 0x00, 0x03, 0xFE, 0x00, 0x0E,
  0x1C, 0x00, 0x38, 0x1C, 0x00, 0x70, 0x3F, 0xC0, 0xE0, 0x7F, 0x81, 0xC0,
  0xE3, 0x33, 0x83, 0x87, 0x73, 0x86, 0x06, 0xFF, 0xB8, 0x01, 0xFF, 0x80,
  0x03, 0x8F, 0x00, 0x06, 0x0E, 0x00, 0x18, 0x1C, 0x00, 0x00, 0x1C, 0x00,
  0x00, 0x38, 0x00, 0x00, 0x70, 0x00, 0x00, 0xE0, 0x00, 0x01, 0xC0, 0x00,
  0x03, 0x80, 0x00, 0x07, 0x00, 0x00, 0x0E, 0x00, 0x00, 0x00, 0xFC, 0x00,
  0xFF, 0x80, 0x78, 0xF0, 0x1C, 0x1C, 0x0E, 0x07, 0x03, 0x81, 0xC0, 0xE0,
  0xF0, 0x38, 0x78, 0x0F, 0xFC, 0x03, 0xF8, 0x00, 0xE0, 0x00, 0x38, 0x00,
  0x07, 0x00, 0x01, 0xC0, 0x00, 0x78, 0x00, 0x0E, 0x00, 0x01, 0xC0, 0x1F,
  0xFF, 0xE7, 0xFF, 0xF9, 0x80, 0x07, 0xE0, 0x01, 0xF0, 0x00, 0x30, 0x00,
  0xFC, 0x00, 0x00, 0xFF, 0x00, 0x00, 0xE3, 0xC0, 0x00, 0xE0, 0xE0, 0x00,
  0x70, 0x70, 0x00, 0x38, 0x38, 0x00, 0x1C, 0x78, 0x00, 0x0F, 0xF8, 0x00,
  0x07, 0xF0, 0x00, 0x01, 0xC0, 0x00, 0x00, 0xF0, 0x00, 0x00, 0x3C, 0x00,
  0x00, 0x0F, 0x80, 0x03, 0xFF, 0xFF, 0x01, 0xFF, 0xFF, 0x81, 0xC0, 0x01,
  0xC0, 0xE0, 0x00, 0xFF, 0x40, 0x00, 0x7F, 0xC0, 0x00, 0x38, 0xE0, 0x00,
  0x1C, 0x70, 0x00, 0x0E, 0x08, 0x00, 0x07, 0x00, 0x00, 0xFC, 0x00, 0x00,
  0xFF, 0x00, 0x00, 0xE3, 0xC0, 0x00, 0xE0, 0xE0, 0x00, 0x70, 0x70, 0x00,
  0x38, 0x38, 0x00, 0x1C, 0x78, 0x00, 0x0F, 0xF8, 0x00, 0x07, 0xF0, 0x00,
  0x01, 0xC0, 0x00, 0x00, 0xF0, 0x00, 0x00, 0x3C, 0x00, 0x00, 0x0F, 0x80,
  0x03, 0xFF, 0xFF, 0x01, 0xFF, 0xFF, 0x81, 0xC0, 0x01, 0xC0, 0xE0, 0x00,
  0xE0, 0x60, 0x00, 0x70, 0xC0, 0x00, 0x38, 0x60, 0x00, 0x1C, 0x70, 0x00,
  0x0F, 0xF8, 0x00, 0x07, 0xFC, 0x00, 0x00, 0x0E, 0x00, 0x00, 0x03, 0x00,
  0xFC, 0x00, 0x3F, 0xC0, 0x0E, 0x3C, 0x03, 0x83, 0x80, 0x70, 0x70, 0x0E,
  0x0E, 0x01, 0xC7, 0x80, 0x3F, 0xE0, 0x07, 0xF0, 0x00, 0x70, 0x00, 0x0F,
  0x00, 0x00, 0xF0, 0x00, 0x0F, 0x80, 0xFF, 0xFF, 0xDF, 0xFF, 0xFF, 0x00,
  0x07, 0xE0, 0x00, 0xF0, 0x00, 0x1C, 0x00, 0x03, 0x80, 0x00, 0x70, 0x00,
  0x0E, 0x00, 0x01, 0xC0, 0x00, 0xFC, 0x00, 0x1F, 0xF0, 0x01, 0xE3, 0xC0,
  0x0E, 0x0E, 0x00, 0xE0, 0x70, 0x07, 0x03, 0x80, 0x38, 0x78, 0x01, 0xFF,
  0x80, 0x0F, 0xF0, 0x00, 0x78, 0x00, 0x01, 0xC0, 0x00, 0x0F, 0x00, 0x00,
  0x38, 0x00, 0x01, 0xE0, 0x00, 0x03, 0x80, 0x0F, 0xFF, 0xFC, 0xFF, 0xFF,
  0xF7, 0x00, 0x71, 0xF0, 0x03, 0x8E, 0x00, 0x1C, 0x70, 0x00, 0x7F, 0x00,
  0x01, 0xF0, 0x00, 0xFC, 0x00, 0x0F, 0xF8, 0x00, 0x78, 0xF0, 0x01, 0xC1,
  0xC0, 0x0E, 0x07, 0xF8, 0x38, 0x1F, 0xE0, 0xE0, 0xF3, 0x83, 0x87, 0x86,
  0x0F, 0xFC, 0x0C, 0x3F, 0x80, 0x00, 0xE0, 0x00, 0x03, 0x80, 0x00, 0x07,
  0x00, 0x00, 0x1C, 0x00, 0x00, 0x78, 0x00, 0x00, 0xE0, 0x00, 0x01, 0xC0,
  0x01, 0xFF, 0xFE, 0x07, 0xFF, 0xF8, 0x18, 0x00, 0x70, 0xE0, 0x01, 0xC3,
  0x00, 0x03, 0x00, 0x01, 0xF8, 0x00, 0x3F, 0xC0, 0x07, 0x1E, 0x00, 0xE0,
  0xE0, 0x0E, 0x0E, 0x00, 0xE0, 0xE0, 0x0E, 0x3C, 0x00, 0xFF, 0x80, 0x0F,
  0xE0, 0x00, 0x70, 0x00, 0x07, 0x80, 0x00, 0x3C, 0x00, 0x01, 0xF0, 0x03,
  0xFF, 0xFE, 0x7F, 0xFF, 0xF7, 0x00, 0x07, 0xE0, 0x00, 0x3E, 0x00, 0x01,
  0xE0, 0x00, 0x0E, 0x00, 0x00, 0xE0, 0x00, 0x0E, 0x00, 0x00, 0x03, 0xF0,
  0x00, 0x3F, 0xC0, 0x03, 0x8F, 0x00, 0x38, 0x38, 0x01, 0xC1, 0xC0, 0x0E,
  0x0E, 0x00, 0x71, 0xE0, 0x03, 0xFE, 0x00, 0x1F, 0xC0, 0x00, 0x70, 0x00,
  0x03, 0xC0, 0x00, 0x0F, 0x00, 0x00, 0x3E, 0x00, 0x3F, 0xFF, 0x81, 0xFF,
  0xFC, 0x1C, 0x00, 0xE0, 0xE0, 0x07, 0x06, 0x00, 0x38, 0x00, 0x01, 0xC0,
  0x00, 0x0E, 0x00, 0x1F, 0xFF, 0x00, 0xFF, 0xFC, 0x06, 0x00, 0xE0, 0x70,
  0x03, 0x02, 0x00, 0x00, 0x00, 0x70, 0x00, 0x1C, 0x00, 0x07, 0x00, 0x01,
  0xC0, 0x00, 0xF8, 0x00, 0xFF, 0x80, 0x78, 0xF0, 0x1C, 0x1C, 0x0E, 0x07,
  0x03, 0x81, 0xC0, 0xE0, 0xF0, 0x38, 0x78, 0x0F, 0xFC, 0x03, 0xFC, 0x00,
  0xE0, 0x00, 0x1C, 0x00, 0x07, 0x80, 0x00, 0xE0, 0x00, 0x1E, 0x01, 0xFF,
  0xFE, 0x7F, 0xFF, 0xD8, 0x00, 0x7E, 0x00, 0x1F, 0x00, 0x03, 0x00, 0x70,
  0x00, 0x00, 0x38, 0x00, 0x00, 0x1C, 0x00, 0x00, 0x0E, 0x00, 0x00, 0x0F,
  0xC0, 0x00, 0x0F, 0xF0, 0x00, 0x0E, 0x3C, 0x00, 0x0E, 0x0E, 0x00, 0x07,
  0x07, 0x00, 0x03, 0x83, 0x80, 0x01, 0xC7, 0x80, 0x00, 0xFF, 0x80, 0x00,
  0x7F, 0x00, 0x00, 0x1C, 0x00, 0x00, 0x0F, 0x00, 0x00, 0x01, 0xE0, 0x00,
  0x7F, 0xFF, 0xE0, 0x3F, 0xFF, 0xF0, 0x38, 0x00, 0x3F, 0xD8, 0x00, 0x1F,
  0xE0, 0x00, 0x0E, 0x30, 0x00, 0x07, 0x1C, 0x00, 0x03, 0x86, 0x00, 0x01,
  0xC0, 0x00, 0x70, 0x00, 0x00, 0x38, 0x00, 0x00, 0x1C, 0x00, 0x00, 0x0E,
  0x00, 0x00, 0x0F, 0xC0, 0x00, 0x0F, 0xF0, 0x00, 0x0E, 0x3C, 0x00, 0x0E,
  0x0E, 0x00, 0x07, 0x07, 0x00, 0x03, 0x83, 0x80, 0x01, 0xC7, 0x80, 0x00,
  0xFF, 0x80, 0x00, 0x7F, 0x00, 0x00, 0x1C, 0x00, 0x00, 0x0F, 0x00, 0x00,
  0x01, 0xE0, 0x00, 0x7F, 0xFF, 0xE0, 0x3F, 0xFF, 0xF0, 0x38, 0x00, 0x38,
  0x1C, 0x00, 0x1C, 0x3C, 0x00, 0x0E, 0x38, 0x00, 0x07, 0x18, 0x00, 0x03,
  0xFC, 0x00, 0x01, 0xFE, 0x00, 0x00, 0x03, 0x00, 0x00, 0x00, 0xC0, 0x00,
  0x70, 0x00, 0x0E, 0x00, 0x01, 0xC0, 0x00, 0x38, 0x00, 0x0F, 0xC0, 0x03,
  0xFC, 0x00, 0xE3, 0xC0, 0x38, 0x38, 0x07, 0x07, 0x00, 0xE0, 0xE0, 0x1C,
  0x78, 0x03, 0xFE, 0x00, 0x7F, 0x00, 0x07, 0x00, 0x00, 0xF0, 0x00, 0x07,
  0x80, 0x7F, 0xFF, 0xEF, 0xFF, 0xFF, 0x80, 0x03, 0xF0, 0x00, 0x78, 0x00,
  0x0E, 0x00, 0x01, 0xC0, 0x00, 0x38, 0x00, 0x07, 0x00, 0x70, 0x00, 0x03,
  0x80, 0x00, 0x1C, 0x00, 0x00, 0xE0, 0x00, 0x0F, 0xC0, 0x01, 0xFF, 0x00,
  0x1E, 0x3C, 0x00, 0xE0, 0xE0, 0x0E, 0x07, 0x00, 0x70, 0x38, 0x03, 0x83,
  0xC0, 0x1F, 0xFC, 0x00, 0xFF, 0xC0, 0x07, 0xF0, 0x00, 0x1C, 0x00, 0x00,
  0xF0, 0x00, 0x03, 0xC0, 0x00, 0x0F, 0x00, 0x1F, 0xFF, 0xF8, 0xFF, 0xFF,
  0xEE, 0x01, 0xC3, 0xE0, 0x0E, 0x1E, 0x00, 0x70, 0xE0, 0x01, 0xFE, 0x00,
  0x07, 0xE0, 0x00, 0x70, 0x00, 0x03, 0x80, 0x00, 0x1C, 0x00, 0x00, 0xE0,
  0x00, 0x0F, 0x80, 0x01, 0xFF, 0x00, 0x1E, 0x3C, 0x00, 0xE0, 0xE0, 0x0E,
  0x07, 0xF0, 0x70, 0x3F, 0xC3, 0x83, 0xCE, 0x1C, 0x3C, 0x30, 0xFF, 0xC0,
  0x87, 0xF8, 0x00, 0x38, 0x00, 0x00, 0xE0, 0x00, 0x07, 0x80, 0x00, 0x1C,
  0x00, 0x00, 0x78, 0x00, 0xFF, 0xFF, 0x07, 0xFF, 0xFC, 0x30, 0x00, 0xE3,
  0x80, 0x07, 0x18, 0x00, 0x18, 0x00, 0xE0, 0x00, 0x0E, 0x00, 0x00, 0xE0,
  0x00, 0x0E, 0x00, 0x01, 0xF8, 0x00, 0x3F, 0xC0, 0x07, 0x1E, 0x00, 0xE0,
  0xE0, 0x0E, 0x0E, 0x00, 0xE0, 0xE0, 0x0E, 0x1E, 0x00, 0xE3, 0xC0, 0x0F,
  0xF8, 0x00, 0xFE, 0x00, 0x07, 0x00, 0x00, 0x78, 0x00, 0x03, 0xC0, 0x00,
  0x1F, 0x00, 0x3F, 0xFF, 0xE7, 0xFF, 0xFF, 0xF0, 0x00, 0x7E, 0x00, 0x03,
  0xE0, 0x00, 0x1E, 0x00, 0x00, 0x00, 0xE0, 0x00, 0x01, 0xC0, 0x00, 0x03,
  0x80, 0x00, 0x07, 0x00, 0x00, 0x1F, 0x80, 0x00, 0x7F, 0x80, 0x01, 0xC7,
  0x80, 0x07, 0x07, 0x00, 0x0E, 0x0E, 0x00, 0x1C, 0x1C, 0x00, 0x38, 0xF0,
  0x00, 0x7F, 0xC0, 0x00, 0xFE, 0x00, 0x00, 0xE0, 0x00, 0x00, 0xF0, 0x00,
  0x00, 0xF8, 0x00, 0x7F, 0xFF, 0xC0, 0xFF, 0xFF, 0x81, 0xC0, 0x07, 0x03,
  0x00, 0x0E, 0x0C, 0x00, 0x1C, 0x00, 0x00, 0x38, 0x00, 0x3F, 0xFF, 0x00,
  0x7F, 0xFE, 0x00, 0xC0, 0x0E, 0x03, 0x80, 0x1C, 0x04, 0x00, 0x08, 0x60,
  0x03, 0x30, 0x01, 0x9C, 0x01, 0xCF, 0xFF, 0xE7, 0xFF, 0xF3, 0x8E, 0x39,
  0x8F, 0xCC, 0x0F, 0xF0, 0x0E, 0x3C, 0x07, 0x0E, 0x07, 0x07, 0x03, 0x83,
  0x81, 0xC1, 0xC0, 0xE3, 0xC0, 0x7F, 0xC0, 0x3F, 0xC0, 0x0E, 0x00, 0x07,
  0x00, 0x01, 0xC0, 0x00, 0xF0, 0x07, 0xFF, 0xF3, 0xFF, 0xFB, 0x80, 0x0F,
  0xC0, 0x07, 0xC0, 0x01, 0x80, 0x60, 0x00, 0x30, 0x38, 0x00, 0x30, 0x1C,
  0x00, 0x38, 0x07, 0xFF, 0xFC, 0x03, 0xFF, 0xFE, 0x03, 0x83, 0x87, 0x01,
  0x83, 0xF1, 0xC0, 0x03, 0xFC, 0x00, 0x03, 0x8F, 0x00, 0x03, 0x83, 0x80,
  0x01, 0xC1, 0xC0, 0x00, 0xE0, 0xE0, 0x00, 0x71, 0xE0, 0x00, 0x3F, 0xE0,
  0x00, 0x1F, 0xC0, 0x00, 0x07, 0x00, 0x00, 0x03, 0xC0, 0x00, 0x00, 0x78,
  0x00, 0x1F, 0xFF, 0xF8, 0x1F, 0xFF, 0xFC, 0x0E, 0x00, 0x0F, 0xF6, 0x00,
  0x07, 0xFA, 0x00, 0x03, 0x8E, 0x00, 0x01, 0xC7, 0x00, 0x00, 0xE0, 0x00,
  0x60, 0x00, 0x30, 0x38, 0x00, 0x30, 0x1C, 0x00, 0x38, 0x07, 0xFF, 0xFC,
  0x03, 0xFF, 0xFE, 0x03, 0x83, 0x87, 0x01, 0x83, 0xF1, 0xC0, 0x03, 0xFC,
  0x00, 0x03, 0x8F, 0x00, 0x03, 0x83, 0x80, 0x01, 0xC1, 0xC0, 0x00, 0xE0,
  0xE0, 0x00, 0x71, 0xE0, 0x00, 0x3F, 0xE0, 0x00, 0x1F, 0xC0, 0x00, 0x07,
  0x00, 0x00, 0x03, 0xC0, 0x00, 0x00, 0x78, 0x00, 0x1F, 0xFF, 0xF8, 0x1F,
  0xFF, 0xFC, 0x0E, 0x00, 0x0E, 0x1F, 0x00, 0x07, 0x1F, 0x00, 0x03, 0x8C,
  0x00, 0x01, 0xFE, 0x00, 0x00, 0xFF, 0x00, 0x00, 0x01, 0x80, 0x00, 0x00,
  0x60, 0x60, 0x00, 0x37, 0x00, 0x06, 0x70, 0x00, 0xE3, 0xFF, 0xFE, 0x3F,
  0xFF, 0xE7, 0x07, 0x0E, 0x60, 0xFC, 0x70, 0x1F, 0xE0, 0x03, 0x8F, 0x00,
  0x70, 0x70, 0x07, 0x07, 0x00, 0x70, 0x70, 0x07, 0x1E, 0x00, 0x7F, 0xC0,
  0x07, 0xF0, 0x00, 0x38, 0x00, 0x03, 0xC0, 0x00, 0x0F, 0x00, 0x7F, 0xFF,
  0xEF, 0xFF, 0xFE, 0xE0, 0x00, 0xEC, 0x00, 0x0E, 0x80, 0x00, 0xE0, 0x00,
  0x0E, 0x00, 0x00, 0xE0, 0x60, 0x00, 0x30, 0x60, 0x00, 0xE0, 0xE0, 0x01,
  0xC1, 0xFF, 0xFF, 0x83, 0xFF, 0xFF, 0x06, 0x0E, 0x0E, 0x18, 0x3F, 0x0C,
  0x00, 0xFF, 0x00, 0x03, 0x8F, 0x00, 0x0E, 0x0E, 0x00, 0x1C, 0x1C, 0x00,
  0x38, 0x38, 0x00, 0x71, 0xE0, 0x00, 0xFF, 0x80, 0x01, 0xFC, 0x00, 0x01,
  0xC0, 0x00, 0x03, 0xC0, 0x00, 0x01, 0xE0, 0x01, 0xFF, 0xFF, 0xE7, 0xFF,
  0xFF, 0xEE, 0x00, 0x70, 0xF8, 0x00, 0xE1, 0xE0, 0x01, 0xC3, 0x80, 0x01,
  0xFE, 0x00, 0x01, 0xF8, 0x60, 0x01, 0x83, 0x00, 0x0C, 0x1C, 0x00, 0xE0,
  0xFF, 0xFF, 0x07, 0xFF, 0xF8, 0x38, 0xE1, 0xC1, 0x87, 0xC6, 0x00, 0xFF,
  0x80, 0x0F, 0x1E, 0x00, 0x70, 0x70, 0x07, 0x03, 0xFC, 0x38, 0x1F, 0xE1,
  0xC1, 0xE3, 0x0E, 0x1E, 0x1C, 0x7F, 0xE0, 0x63, 0xFC, 0x00, 0x0E, 0x00,
  0x00, 0x70, 0x00, 0x01, 0xC0, 0x00, 0x0F, 0x00, 0x07, 0xFF, 0xF8, 0x3F,
  0xFF, 0xC3, 0x80, 0x07, 0x1C, 0x00, 0x38, 0xC0, 0x00, 0xC0, 0x60, 0x00,
  0x33, 0x00, 0x03, 0x9C, 0x00, 0x1C, 0xFF, 0xFF, 0xC7, 0xFF, 0xFE, 0x38,
  0x38, 0x39, 0x83, 0xF0, 0xC0, 0x7F, 0xC0, 0x07, 0x0F, 0x00, 0x70, 0x38,
  0x03, 0x81, 0xC0, 0x1C, 0x1E, 0x00, 0xE1, 0xE0, 0x07, 0xFE, 0x00, 0x3F,
  0xC0, 0x00, 0xF0, 0x00, 0x03, 0xC0, 0x00, 0x0F, 0x80, 0x07, 0xFF, 0xFC,
  0xFF, 0xFF, 0xE7, 0x00, 0x03, 0xF0, 0x00, 0x1F, 0x80, 0x00, 0x7C, 0x00,
  0x00, 0xE0, 0x00, 0x00, 0x60, 0x00, 0x18, 0x18, 0x00, 0x18, 0x0E, 0x00,
  0x1C, 0x07, 0xFF, 0xFE, 0x03, 0xFF, 0xFF, 0x01, 0x83, 0x83, 0x81, 0xC3,
  0xF0, 0xE0, 0x03, 0xFC, 0x00, 0x03, 0x8F, 0x00, 0x03, 0x83, 0x80, 0x01,
  0xC1, 0xC0, 0x00, 0xE0, 0xE0, 0x00, 0x71, 0xE0, 0x00, 0x3F, 0xE0, 0x00,
  0x1F, 0xC0, 0x00, 0x07, 0x00, 0x00, 0x01, 0xE0, 0x00, 0x00, 0x7C, 0x00,
  0x1F, 0xFF, 0xF8, 0x1F, 0xFF, 0xFC, 0x0E, 0x00, 0x0E, 0x07, 0x00, 0x07,
  0x03, 0x00, 0x03, 0x80, 0x00, 0xFF, 0xFE, 0x00, 0x7F, 0xFF, 0x00, 0x38,
  0x03, 0x80, 0x18, 0x00, 0xE0, 0x00, 0x00, 0x10, 0x7F, 0x80, 0xFF, 0xE1,
  0x83, 0xE7, 0x01, 0xE8, 0x01, 0xC0, 0x03, 0xC0, 0x03, 0x80, 0x07, 0x00,
  0x0E, 0x00, 0x1C, 0x00, 0x38, 0x00, 0x70, 0x00, 0xE0, 0x01, 0xC0, 0x03,
  0x80, 0x07, 0x00, 0x0E, 0x00, 0x1C, 0x00, 0x38, 0x00, 0x70, 0x00, 0xE0,
  0x01, 0xC0, 0x7F, 0x80, 0x03, 0xFF, 0x80, 0x18, 0x3E, 0x00, 0xC0, 0x78,
  0x0C, 0x01, 0xC0, 0x00, 0x0F, 0x00, 0x00, 0x38, 0x00, 0x01, 0xC0, 0x00,
  0x0F, 0xF0, 0x00, 0x7F, 0xC0, 0x03, 0x8E, 0x00, 0x1C, 0x30, 0x00, 0xE0,
  0x80, 0x07, 0x00, 0x00, 0x38, 0x00, 0x01, 0xC0, 0x00, 0x0E, 0x00, 0x00,
  0x70, 0x00, 0x03, 0x80, 0x00, 0x1C, 0x00, 0x00, 0xE0, 0x00, 0x07, 0x00,
  0x7F, 0x80, 0x03, 0xFF, 0x80, 0x18, 0x3E, 0x01, 0xC0, 0x78, 0x08, 0x01,
  0xC0, 0x00, 0x0F, 0x00, 0x00, 0x38, 0x00, 0x01, 0xC0, 0x00, 0x0E, 0x00,
  0x00, 0x70, 0x00, 0x03, 0x80, 0x00, 0x1C, 0x00, 0x00, 0xE0, 0x00, 0x07,
  0x00, 0x00, 0x38, 0x00, 0x01, 0xC0, 0x00, 0x0E, 0x00, 0x00, 0x70, 0xC0,
  0x03, 0x86, 0x00, 0x1C, 0x70, 0x00, 0xFF, 0x80, 0x07, 0xFC, 0x00, 0x00,
  0xE0, 0x00, 0x03, 0x7F, 0x80, 0xFF, 0xE1, 0x83, 0xE7, 0x01, 0xEC, 0x01,
  0xC0, 0x03, 0xC0, 0x03, 0x80, 0x07, 0x00, 0x0E, 0x00, 0x1C, 0x00, 0x38,
  0x00, 0x70, 0x00, 0xE0, 0x01, 0xC0, 0x03, 0x80, 0x07, 0x00, 0x0E, 0x00,
  0x1C, 0x00, 0x70, 0x01, 0xE7, 0xFF, 0x8F, 0xFC, 0x38, 0x00, 0x60, 0x00,
  0x80, 0x00, 0x7F, 0x80, 0x01, 0xFF, 0xC0, 0x06, 0x0F, 0x80, 0x38, 0x0F,
  0x00, 0xC0, 0x1C, 0x00, 0x00, 0x78, 0x00, 0x00, 0xE0, 0x00, 0x03, 0x80,
  0x00, 0x0E, 0x00, 0x00, 0x38, 0x00, 0x00, 0xE0, 0x00, 0x03, 0x80, 0x00,
  0x0E, 0x00, 0x00, 0x38, 0x00, 0x00, 0xFF, 0x00, 0x03, 0xFE, 0x00, 0x0E,
  0x3C, 0x00, 0x38, 0x70, 0x00, 0xE1, 0xC0, 0x03, 0x8F, 0x00, 0x0F, 0xF8,
  0x00, 0x3F, 0xC0, 0x3F, 0xFE, 0x07, 0xFF, 0xF8, 0xF3, 0xC7, 0xCE, 0x1C,
  0x1E, 0xE1, 0xC0, 0xEF, 0x3C, 0x0F, 0x7F, 0x80, 0x73, 0xF0, 0x07, 0x00,
  0x00, 0x70, 0x00, 0x07, 0x00, 0x00, 0x70, 0x00, 0x07, 0x00, 0x00, 0x70,
  0x00, 0x07, 0x00, 0x00, 0x70, 0x00, 0x07, 0x00, 0x00, 0x70, 0x00, 0x07,
  0x00, 0x00, 0x70, 0x00, 0x07, 0x00, 0x00, 0x70, 0x00, 0x07, 0x03, 0x80,
  0x07, 0x00, 0x0E, 0x00, 0x1C, 0x00, 0x38, 0x0F, 0xF0, 0x1F, 0xFC, 0x30,
  0x7C, 0x60, 0x3D, 0x80, 0x38, 0x00, 0x78, 0x00, 0x70, 0x00, 0xE0, 0x01,
  0xC0, 0x03, 0x80, 0x07, 0x00, 0x0E, 0x00, 0x1C, 0x00, 0x38, 0x00, 0x70,
  0x00, 0xE0, 0x01, 0xC0, 0x03, 0x80, 0x07, 0x03, 0x80, 0x07, 0x00, 0x0E,
  0x00, 0x1C, 0x00, 0x38, 0x0F, 0xF0, 0x1F, 0xFC, 0x30, 0x7C, 0xE0, 0x3D,
  0x00, 0x38, 0x00, 0x78, 0x00, 0x70, 0x00, 0xE0, 0x01, 0xC0, 0x03, 0x80,
  0x07, 0x00, 0x0E, 0x00, 0x1C, 0x00, 0x3E, 0x00, 0x76, 0x00, 0xEE, 0x01,
  0xDF, 0xFF, 0xBF, 0xFF, 0x70, 0x01, 0xC0, 0x00, 0x03, 0x80, 0x00, 0x01,
  0xC0, 0x00, 0x00, 0xE0, 0x00, 0x00, 0x70, 0x00, 0x00, 0x38, 0x00, 0x03,
  0xFC, 0x00, 0x01, 0xFF, 0xC0, 0x00, 0xC1, 0xF0, 0x00, 0x60, 0x3C, 0x00,
  0x60, 0x0E, 0x00, 0x00, 0x07, 0x80, 0x00, 0x01, 0xC0, 0x00, 0x00, 0xFF,
  0xE0, 0x00, 0x7F, 0xF8, 0x00, 0x3B, 0x8E, 0x00, 0x1D, 0xC7, 0x00, 0x0E,
  0xE3, 0x80, 0x07, 0x3F, 0x80, 0x03, 0x8F, 0x80, 0x01, 0xC0, 0x00, 0x00,
  0xE0, 0x00, 0x00, 0x70, 0x00, 0x00, 0x38, 0x00, 0x00, 0x1C, 0x00, 0x7F,
  0x80, 0x00, 0x1F, 0xFC, 0x00, 0x06, 0x0F, 0x80, 0x03, 0x80, 0xF0, 0x00,
  0x80, 0x1C, 0x38, 0x00, 0x07, 0x8E, 0x00, 0x00, 0xE3, 0x80, 0x00, 0x3F,
  0xE0, 0x00, 0x0F, 0xF8, 0x00, 0x03, 0x8E, 0x00, 0x00, 0xE3, 0xF8, 0x00,
  0x38, 0xFE, 0x00, 0x0E, 0x03, 0x80, 0x03, 0x80, 0x60, 0x00, 0xE0, 0x04,
  0x00, 0x38, 0x00, 0x00, 0x0E, 0x00, 0x00, 0x03, 0x80, 0x00, 0x00, 0xE0,
  0x00, 0x00, 0x38, 0x00, 0x00, 0x0E, 0x00, 0x00, 0x03, 0x80, 0x00, 0x7E,
  0x03, 0xFC, 0x0E, 0x78, 0x30, 0xE0, 0x81, 0xC0, 0x07, 0x00, 0x1C, 0x00,
  0x70, 0x7F, 0xC3, 0xFF, 0x8E, 0x1F, 0x30, 0x1E, 0x80, 0x38, 0x00, 0xF0,
  0x01, 0xC0, 0x07, 0x00, 0x1C, 0x00, 0x70, 0x01, 0xC0, 0x07, 0x00, 0x1C,
  0x00, 0x70, 0x7F, 0x80, 0x01, 0xFF, 0xC0, 0x06, 0x0F, 0x80, 0x38, 0x0F,
  0x00, 0x80, 0x1C, 0x00, 0x00, 0x78, 0x00, 0x00, 0xE0, 0x00, 0x03, 0x80,
  0x00, 0x0E, 0x00, 0x00, 0x38, 0x00, 0x00, 0xE0, 0x00, 0x03, 0x80, 0x00,
  0x0E, 0x00, 0x00, 0x38, 0x00, 0x00, 0xFF, 0x00, 0x03, 0xFE, 0x00, 0x0E,
  0x3C, 0x00, 0x38, 0x70, 0x00, 0xE1, 0xC0, 0x03, 0x8F, 0x7F, 0xFF, 0xF9,
  0xFF, 0xFF, 0xC6, 0x00, 0x00, 0x38, 0x00, 0x00, 0x80, 0x00, 0x00, 0x7F,
  0x80, 0x00, 0x1F, 0xFC, 0x00, 0x06, 0x0F, 0x80, 0x01, 0x80, 0xF0, 0x00,
  0xC0, 0x1C, 0x38, 0x00, 0x07, 0x8E, 0x00, 0x00, 0xE3, 0x80, 0x00, 0x38,
  0xE0, 0x00, 0x0E, 0x38, 0x00, 0x03, 0xFF, 0xE0, 0x00, 0xFF, 0xF8, 0x00,
  0x38, 0x0E, 0x00, 0x0E, 0x01, 0x80, 0x03, 0x80, 0x10, 0x00, 0xE0, 0x00,
  0x00, 0x38, 0x00, 0x00, 0x0E, 0x00, 0x00, 0x03, 0x80, 0x00, 0x00, 0xE0,
  0x00, 0x00, 0x38, 0x00, 0x00, 0x0E, 0x00, 0x00, 0x03, 0x80, 0x00, 0xC0,
  0x06, 0xC0, 0x06, 0xE0, 0x0E, 0xFF, 0xFE, 0xFF, 0xFE, 0xE3, 0x8E, 0xC3,
  0x86, 0x03, 0x80, 0x03, 0x80, 0x7F, 0x80, 0x7F, 0xF0, 0xE0, 0xF8, 0xE0,
  0x3C, 0x80, 0x1C, 0x00, 0x1E, 0x00, 0x0E, 0x00, 0x0E, 0x00, 0x0E, 0x00,
  0x0E, 0x00, 0x0E, 0x00, 0x0E, 0x00, 0x0E, 0x00, 0x0E, 0x00, 0x0E, 0x00,
  0x0E, 0xC0, 0x06, 0x06, 0x00, 0x30, 0x38, 0x03, 0x81, 0xFF, 0xFC, 0x0F,
  0xFF, 0xE0, 0x71, 0xC7, 0x03, 0x0E, 0x18, 0x00, 0x70, 0x00, 0x03, 0x80,
  0x03, 0xFC, 0x00, 0x1F, 0xFC, 0x01, 0xC1, 0xF0, 0x0E, 0x03, 0xC0, 0x60,
  0x0E, 0x00, 0x00, 0x78, 0x00, 0x01, 0xFE, 0x00, 0x0F, 0xF8, 0x00, 0x71,
  0xC0, 0x03, 0x86, 0x00, 0x1C, 0x10, 0x00, 0xE0, 0x00, 0x07, 0x00, 0x00,
  0x38, 0x00, 0x01, 0xC0, 0x00, 0x0E, 0x00, 0xC0, 0x06, 0x06, 0x00, 0x30,
  0x38, 0x03, 0x81, 0xFF, 0xFC, 0x0F, 0xFF, 0xE0, 0x71, 0xC7, 0x03, 0x0E,
  0x18, 0x00, 0x70, 0x00, 0x03, 0x80, 0x03, 0xFC, 0x00, 0x1F, 0xFC, 0x01,
  0xC1, 0xF0, 0x0E, 0x03, 0xC0, 0x40, 0x0E, 0x00, 0x00, 0x78, 0x00, 0x01,
  0xC0, 0x00, 0x0E, 0x00, 0x00, 0x70, 0x00, 0x03, 0x80, 0x00, 0x1C, 0x00,
  0x00, 0xE1, 0x80, 0x07, 0x1C, 0x00, 0x38, 0xE0, 0x01, 0xFE, 0x00, 0x0F,
  0xF0, 0x00, 0x01, 0xC0, 0x00, 0x06, 0xC0, 0x03, 0x60, 0x07, 0x70, 0x06,
  0x7F, 0xFE, 0x7F, 0xFE, 0x61, 0xC7, 0xE1, 0xC3, 0x01, 0xC0, 0x01, 0xC0,
  0x3F, 0xE0, 0x3F, 0xF8, 0x38, 0x3C, 0x30, 0x1E, 0x20, 0x0F, 0x00, 0x07,
  0x00, 0x07, 0x00, 0x07, 0x00, 0x07, 0x00, 0x07, 0x00, 0x07, 0x00, 0x07,
  0x00, 0x0E, 0x00, 0x1E, 0x3F, 0xFC, 0x3F, 0xF0, 0x70, 0x00, 0x70, 0x00,
  0x40, 0x00, 0xC0, 0x06, 0x03, 0x00, 0x18, 0x0E, 0x00, 0xE0, 0x3F, 0xFF,
  0x80, 0xFF, 0xFE, 0x03, 0x8E, 0x38, 0x0C, 0x38, 0x60, 0x00, 0xE0, 0x00,
  0x03, 0x80, 0x01, 0xFE, 0x00, 0x07, 0xFF, 0x00, 0x38, 0x3E, 0x00, 0xE0,
  0x3C, 0x03, 0x00, 0x70, 0x00, 0x01, 0xE0, 0x00, 0x03, 0x80, 0x00, 0x0E,
  0x00, 0x00, 0x3F, 0xC0, 0x00, 0xFF, 0x80, 0x03, 0x8F, 0x00, 0x0E, 0x1C,
  0x00, 0x38, 0x70, 0x00, 0xE3, 0xC0, 0x03, 0xFE, 0x00, 0x0F, 0xF0, 0xC0,
  0x01, 0x87, 0x00, 0x18, 0x1C, 0x01, 0xC0, 0xFF, 0xFE, 0x07, 0xFF, 0xF0,
  0x38, 0xE3, 0x83, 0x87, 0x0E, 0x00, 0x38, 0x00, 0x01, 0xC0, 0x00, 0xFF,
  0xF8, 0x0F, 0xFF, 0xF0, 0xF3, 0xC3, 0xC7, 0x0E, 0x0F, 0x38, 0x70, 0x39,
  0xE7, 0x81, 0xE7, 0xF8, 0x07, 0x1F, 0x80, 0x38, 0x00, 0x01, 0xC0, 0x00,
  0x0E, 0x00, 0x00, 0x70, 0x00, 0x03, 0x80, 0x00, 0x1C, 0x00, 0x00, 0xE0,
  0x00, 0x07, 0x00, 0x00, 0x38, 0xC0, 0x00, 0x7C, 0x00, 0x1F, 0x80, 0x03,
  0x7F, 0xFF, 0xEF, 0xFF, 0xFD, 0xCE, 0x39, 0xF1, 0xC7, 0x18, 0x38, 0xE0,
  0x07, 0xBC, 0x00, 0x7F, 0x00, 0x03, 0xC0, 0x00, 0x70, 0x01, 0xFE, 0x00,
  0x3F, 0xF8, 0x06, 0x0F, 0x81, 0xC0, 0x78, 0x20, 0x07, 0x00, 0x00, 0xF0,
  0x00, 0x0E, 0x00, 0x01, 0xC0, 0x00, 0x38, 0x00, 0x07, 0x00, 0x00, 0xE0,
  0x00, 0x1C, 0x00, 0x03, 0x80, 0x00, 0x70, 0x00, 0x0E, 0x00, 0xC0, 0x06,
  0x06, 0x00, 0x30, 0x38, 0x03, 0x81, 0xFF, 0xFC, 0x0F, 0xFF, 0xE0, 0x71,
  0xC7, 0x03, 0x0E, 0x18, 0x00, 0x70, 0x00, 0x03, 0x80, 0x03, 0xFC, 0x00,
  0x1F, 0xFC, 0x01, 0xC1, 0xF0, 0x0E, 0x03, 0xC0, 0x60, 0x0E, 0x00, 0x00,
  0x78, 0x00, 0x01, 0xC0, 0x00, 0x0E, 0x00, 0x00, 0x70, 0x00, 0x03, 0x80,
  0x00, 0x1C, 0x00, 0x00, 0xE0, 0x00, 0x07, 0x00, 0x00, 0x38, 0x01, 0xFF,
  0xFE, 0x1F, 0xFF, 0xF0, 0xE0, 0x01, 0xC6, 0x00, 0x0E, 0x20, 0x00, 0x10,
  0x03, 0xFD, 0xF8, 0x07, 0xFF, 0xFF, 0x07, 0x87, 0x83, 0xC7, 0x03, 0x80,
  0xE7, 0x01, 0xC0, 0x7B, 0x80, 0xE0, 0x1F, 0x80, 0x70, 0x0F, 0xC0, 0x38,
  0x07, 0xE0, 0x1C, 0x03, 0xF0, 0x0E, 0x01, 0xF8, 0x07, 0x00, 0xFC, 0x03,
  0x80, 0x7E, 0x01, 0xC0, 0x3F, 0x00, 0xE0, 0x1F, 0x80, 0x70, 0x0F, 0xC0,
  0x38, 0x07, 0xE0, 0x1C, 0x03, 0xF0, 0x0E, 0x01, 0xF8, 0x07, 0x00, 0xFC,
  0x03, 0x80, 0x7E, 0x01, 0xC0, 0x3F, 0x00, 0xE0, 0x1C, 0x03, 0xFD, 0xF8,
  0x00, 0x1F, 0xFF, 0xFC, 0x00, 0x78, 0x78, 0x3C, 0x01, 0xC0, 0xE0, 0x38,
  0x07, 0x01, 0xC0, 0x78, 0x0E, 0x03, 0x80, 0x70, 0x38, 0x07, 0x00, 0xE0,
  0x70, 0x0E, 0x01, 0xC0, 0xE0, 0x1C, 0x03, 0x87, 0xC0, 0x38, 0x07, 0x1F,
  0x80, 0x70, 0x0E, 0x37, 0x00, 0xE0, 0x1F, 0xEE, 0x01, 0xC0, 0x3F, 0xDC,
  0x03, 0x80, 0x71, 0xB8, 0x07, 0x00, 0xE1, 0xF0, 0x0E, 0x01, 0xC0, 0xE0,
  0x1C, 0x03, 0x81, 0xC0, 0x38, 0x07, 0x03, 0x80, 0x70, 0x0E, 0x07, 0x00,
  0xE0, 0x1C, 0x0E, 0x01, 0xC0, 0x38, 0x1C, 0x03, 0x80, 0x70, 0x00, 0x03,
  0xFD, 0xF8, 0x00, 0x1F, 0xFF, 0xFC, 0x00, 0x78, 0x78, 0x3C, 0x01, 0xC0,
  0xE0, 0x38, 0x07, 0x01, 0xC0, 0x78, 0x0E, 0x03, 0x80, 0x70, 0x38, 0x07,
  0x00, 0xE0, 0x70, 0x0E, 0x01, 0xC0, 0xE0, 0x1C, 0x03, 0x81, 0xC0, 0x38,
  0x07, 0x03, 0x80, 0x70, 0x0E, 0x07, 0x00, 0xE0, 0x1C, 0x0E, 0x01, 0xC0,
  0x38, 0x1C, 0x03, 0x80, 0x70, 0x38, 0x07, 0x00, 0xE0, 0x70, 0x0E, 0x01,
  0xC0, 0xE0, 0x1C, 0x03, 0x81, 0xC0, 0x38, 0x07, 0x0F, 0x80, 0x70, 0x0E,
  0x3F, 0x00, 0xE0, 0x1C, 0x6E, 0x01, 0xC0, 0x3F, 0xDC, 0x03, 0x80, 0x7F,
  0x80, 0x00, 0x00, 0x03, 0x00, 0x00, 0x00, 0x03, 0x03, 0xFD, 0xF8, 0x07,
  0xFF, 0xFF, 0x07, 0x87, 0x83, 0xC7, 0x03, 0x80, 0xE7, 0x01, 0xC0, 0x7B,
  0x80, 0xE0, 0x1F, 0x80, 0x70, 0x0F, 0xC0, 0x38, 0x07, 0xE0, 0x1C, 0x03,
  0xF0, 0x0E, 0x01, 0xF8, 0x07, 0x00, 0xFC, 0x03, 0x80, 0x7E, 0x01, 0xC0,
  0x3F, 0x00, 0xE0, 0x1F, 0x80, 0x70, 0x0E, 0x00, 0x00, 0x07, 0x00, 0x00,
  0x03, 0x80, 0x00, 0x01, 0xC0, 0x00, 0x00, 0xE0, 0x00, 0x00, 0x70, 0x00,
  0x00, 0x38, 0x00, 0x00, 0x1C, 0x03, 0xFD, 0xF8, 0x00, 0x0F, 0xFF, 0xFE,
  0x00, 0x1E, 0x1E, 0x0F, 0x00, 0x38, 0x1C, 0x07, 0x00, 0x70, 0x1C, 0x07,
  0x80, 0x70, 0x1C, 0x03, 0x80, 0xE0, 0x1C, 0x03, 0x80, 0xE0, 0x1C, 0x03,
  0x80, 0xE0, 0x1C, 0x03, 0x80, 0xE0, 0x1C, 0x03, 0x80, 0xE0, 0x1C, 0x03,
  0x80, 0xE0, 0x1C, 0x03, 0x80, 0xE0, 0x1C, 0x03, 0x80, 0xE0, 0x1C, 0x03,
  0x80, 0xE0, 0x1C, 0x03, 0xFC, 0xE0, 0x1C, 0x03, 0xFE, 0xE0, 0x1C, 0x03,
  0x8F, 0xE0, 0x1C, 0x03, 0x87, 0xE0, 0x1C, 0x03, 0x87, 0xE0, 0x1C, 0x03,
  0x8F, 0xE0, 0x1C, 0x03, 0xFE, 0xE0, 0x1C, 0x03, 0xFC, 0x03, 0xF9, 0xFC,
  0x07, 0xFF, 0xFF, 0xC3, 0xC3, 0xE0, 0xF9, 0xE0, 0xE0, 0x0E, 0x70, 0x38,
  0x03, 0xFC, 0x0E, 0x00, 0x7E, 0x03, 0x80, 0x1F, 0x80, 0xE0, 0x07, 0xE0,
  0x3F, 0x01, 0xF8, 0x0F, 0xC0, 0x7E, 0x00, 0x70, 0x1F, 0x80, 0x1C, 0x07,
  0xE0, 0x07, 0x01, 0xF8, 0x01, 0xC0, 0x7E, 0x00, 0x70, 0x1C, 0x00, 0x1C,
  0x00, 0x00, 0x07, 0x00, 0x00, 0x01, 0xC0, 0x00, 0x00, 0x70, 0x00, 0x00,
  0x1C, 0x00, 0x00, 0x07, 0x00, 0x00, 0x01, 0xC0, 0x00, 0x03, 0xFD, 0xF8,
  0x07, 0xFF, 0xFF, 0x07, 0x87, 0x83, 0xC7, 0x03, 0x80, 0xE7, 0x01, 0xC0,
  0x7B, 0x80, 0xE0, 0x1F, 0x80, 0x70, 0x0F, 0xC0, 0x38, 0x07, 0xE0, 0x1C,
  0x03, 0xF0, 0x0E, 0x01, 0xF8, 0x07, 0x00, 0xFC, 0x03, 0x80, 0x7E, 0x01,
  0xC0, 0x3F, 0x00, 0xE0, 0x1F, 0x80, 0x70, 0x0F, 0xC0, 0x00, 0x00, 0xE0,
  0x00, 0x00, 0x70, 0x00, 0x00, 0x38, 0x00, 0x00, 0x1C, 0x00, 0x00, 0x0E,
  0x00, 0x00, 0x07, 0x00, 0x00, 0x00, 0x03, 0xFD, 0xF8, 0x00, 0x7F, 0xFF,
  0xF0, 0x07, 0x87, 0x83, 0xC0, 0x70, 0x38, 0x0E, 0x07, 0x01, 0xC0, 0x78,
  0x38, 0x0E, 0x01, 0xC3, 0x80, 0x70, 0x0E, 0x1C, 0x03, 0x80, 0x70, 0xE0,
  0x1C, 0x03, 0x87, 0x00, 0xE0, 0x1C, 0x38, 0x07, 0x00, 0xE1, 0xC0, 0x38,
  0x07, 0x0E, 0x01, 0xC0, 0x38, 0x70, 0x0E, 0x01, 0xC3, 0x80, 0x70, 0x0E,
  0x00, 0x00, 0x00, 0x70, 0x00, 0x00, 0x03, 0x80, 0x00, 0x00, 0x1C, 0x00,
  0x00, 0x00, 0xE0, 0x00, 0x00, 0x07, 0x00, 0x00, 0x3F, 0xFF, 0x00, 0x01,
  0xFF, 0xFC, 0x00, 0x0E, 0x00, 0xE0, 0x00, 0x60, 0x03, 0x00, 0x04, 0x00,
  0x00, 0x03, 0xFD, 0xF8, 0x00, 0x1F, 0xFF, 0xFC, 0x00, 0x78, 0x78, 0x3C,
  0x01, 0xC0, 0xE0, 0x38, 0x07, 0x01, 0xC0, 0x78, 0x0E, 0x03, 0x80, 0x70,
  0x38, 0x07, 0x00, 0xE0, 0x70, 0x0E, 0x01, 0xC0, 0xE0, 0x1C, 0x03, 0x81,
  0xC0, 0x38, 0x07, 0x03, 0x80, 0x70, 0x0E, 0x07, 0x00, 0xE0, 0x1C, 0x0E,
  0x01, 0xC0, 0x38, 0x1C, 0x03, 0x80, 0x70, 0x3F, 0x87, 0xF0, 0xFE, 0x7F,
  0x8F, 0xF1, 0xFE, 0xE3, 0x9C, 0x73, 0x8F, 0xC7, 0x38, 0xE7, 0x1F, 0x8E,
  0x71, 0xCE, 0x3F, 0x3C, 0xE7, 0x9C, 0xFF, 0xF1, 0xFE, 0x3F, 0xDF, 0x83,
  0xF0, 0x7E, 0x00, 0x03, 0xFD, 0xF8, 0x00, 0x1F, 0xFF, 0xFC, 0x00, 0x78,
  0x78, 0x3C, 0x01, 0xC0, 0xE0, 0x38, 0x07, 0x01, 0xC0, 0x78, 0x0E, 0x03,
  0x80, 0x7F, 0x38, 0x07, 0x00, 0xFE, 0x70, 0x0E, 0x01, 0xCE, 0xE0, 0x1C,
  0x03, 0x9D, 0xC0, 0x38, 0x07, 0x0B, 0x80, 0x70, 0x0E, 0x07, 0x00, 0xE0,
  0x1C, 0x0E, 0x01, 0xC0, 0x38, 0x1C, 0x03, 0x80, 0x70, 0x3F, 0x87, 0xF0,
  0xFE, 0x7F, 0x8F, 0xF1, 0xFE, 0xE3, 0x9C, 0x73, 0x8F, 0xC7, 0x38, 0xE7,
  0x1F, 0x8E, 0x71, 0xCE, 0x3F, 0x3C, 0xE7, 0x9C, 0xFF, 0xF1, 0xFE, 0x3F,
  0xDF, 0x83, 0xF0, 0x7E, 0x00, 0x03, 0xFD, 0xF8, 0x00, 0x1F, 0xFF, 0xFC,
  0x00, 0x78, 0x78, 0x3C, 0x01, 0xC0, 0xE0, 0x38, 0x07, 0x01, 0xC0, 0x78,
  0x0E, 0x03, 0x80, 0x70, 0x38, 0x07, 0x00, 0xE0, 0x70, 0x0E, 0x01, 0xC0,
  0xE0, 0x1C, 0x03, 0x81, 0xC0, 0x38, 0x07, 0x03, 0x80, 0x70, 0x0E, 0x07,
  0x00, 0xE0, 0x1C, 0x0E, 0x01, 0xC0, 0x38, 0x1C, 0x03, 0x80, 0x70, 0x3F,
  0x87, 0xF0, 0xE0, 0x7F, 0x8F, 0xF1, 0xC0, 0xE3, 0x9C, 0x73, 0x81, 0xC7,
  0x38, 0xE7, 0x03, 0x8E, 0x71, 0xCE, 0x07, 0x3C, 0xE7, 0x9C, 0x0F, 0xF1,
  0xFE, 0x3F, 0xDF, 0x83, 0xF0, 0x7F, 0xC0, 0x00, 0x00, 0x03, 0x80, 0x00,
  0x00, 0x03, 0x00, 0x00, 0x00, 0x00, 0x03, 0xFD, 0xF8, 0x00, 0x1F, 0xFF,
  0xFC, 0x00, 0x78, 0x78, 0x3C, 0x01, 0xC0, 0xE0, 0x38, 0x07, 0x01, 0xC0,
  0x78, 0x0E, 0x03, 0x80, 0x70, 0x3F, 0x87, 0xF0, 0xE0, 0x7F, 0x8F, 0xF1,
  0xC0, 0xE7, 0x9C, 0xF3, 0x81, 0xC7, 0x38, 0xE7, 0x03, 0x8E, 0x71, 0xCE,
  0x07, 0x1C, 0xE3, 0x9C, 0x0E, 0x71, 0xCE, 0x38, 0x1F, 0xE3, 0xFC, 0x70,
  0x3F, 0x07, 0xE0, 0xFE, 0x00, 0x00, 0x01, 0xFE, 0x00, 0x00, 0x03, 0x8E,
  0x00, 0x00, 0x07, 0x1C, 0x00, 0x00, 0x0E, 0x38, 0x00, 0x00, 0x1C, 0xF0,
  0x00, 0x00, 0x3F, 0xC0, 0x00, 0x00, 0x7E, 0x00, 0x03, 0xFD, 0xF8, 0x00,
  0x00, 0xFF, 0xFF, 0xE0, 0x00, 0x1E, 0x1E, 0x0F, 0x00, 0x03, 0x81, 0xC0,
  0x70, 0x00, 0x70, 0x1C, 0x07, 0x80, 0x07, 0x01, 0xC0, 0x38, 0x3C, 0xE0,
  0x1C, 0x03, 0xFF, 0xEE, 0x01, 0xC0, 0x3F, 0xC7, 0xE0, 0x1C, 0x03, 0x9C,
  0x7E, 0x01, 0xC0, 0x39, 0xC7, 0xE0, 0x1C, 0x03, 0x9C, 0x7E, 0x01, 0xC0,
  0x38, 0xFE, 0xE0, 0x1C, 0x03, 0x87, 0xCE, 0x01, 0xC0, 0x38, 0x00, 0xFE,
  0x1F, 0xC3, 0xF8, 0x0F, 0xF1, 0xFE, 0x3F, 0xC0, 0xE3, 0x9C, 0x73, 0x8E,
  0x0E, 0x39, 0xC7, 0x38, 0xE0, 0xE3, 0x9C, 0x73, 0x8E, 0x0E, 0x79, 0xCF,
  0x39, 0xE0, 0xFF, 0x1F, 0xE3, 0xFC, 0x0F, 0xC1, 0xF8, 0x3F, 0x00, 0x03,
  0xFC, 0xFC, 0x00, 0x0F, 0xFF, 0xFF, 0x00, 0x1E, 0x1E, 0x07, 0x80, 0x38,
  0x1C, 0x03, 0x80, 0x70, 0x1C, 0x03, 0xC0, 0x70, 0x1C, 0x01, 0xC0, 0xFE,
  0x1C, 0x01, 0xFC, 0xFF, 0x1C, 0x01, 0xFE, 0xE7, 0x9C, 0x01, 0xCF, 0xE3,
  0x9F, 0x81, 0xC7, 0xE3, 0x9F, 0x81, 0xC7, 0xE3, 0x83, 0x81, 0xC7, 0xE7,
  0x03, 0x81, 0xCE, 0xFF, 0x03, 0x81, 0xFE, 0xFC, 0x03, 0xF9, 0xF8, 0x00,
  0x03, 0xFC, 0x00, 0x00, 0x03, 0x8E, 0x00, 0x00, 0x03, 0x8E, 0x00, 0x00,
  0x03, 0x8E, 0x00, 0x00, 0x03, 0x9E, 0x00, 0x00, 0x03, 0xFC, 0x00, 0x00,
  0x03, 0xF0, 0x00, 0x03, 0xFD, 0xF8, 0x00, 0x1F, 0xFF, 0xFC, 0x00, 0x78,
  0x78, 0x3C, 0x01, 0xC0, 0xE0, 0x38, 0x07, 0x01, 0xC0, 0x78, 0x0E, 0x03,
  0x80, 0x70, 0x38, 0x07, 0xF0, 0xFE, 0x70, 0x0F, 0xF1, 0xFE, 0xE0, 0x1C,
  0xF3, 0x9F, 0xC0, 0x38, 0xE7, 0x1F, 0x80, 0x71, 0xCE, 0x3F, 0x00, 0xE3,
  0x9C, 0x7E, 0x01, 0xCE, 0x39, 0xDC, 0x03, 0xFC, 0x7F, 0xBF, 0x87, 0xE0,
  0xFC, 0x7F, 0x80, 0x00, 0x00, 0xE3, 0x80, 0x00, 0x01, 0xC7, 0x00, 0x00,
  0x03, 0x8E, 0x00, 0x00, 0x07, 0x3C, 0x00, 0x00, 0x0F, 0xF0, 0x00, 0x00,
  0x1F, 0x80, 0x00, 0x00, 0x00, 0x03, 0xFD, 0xF8, 0x00, 0x1F, 0xFF, 0xFC,
  0x00, 0x78, 0x78, 0x3C, 0x01, 0xC0, 0xE0, 0x38, 0x07, 0x01, 0xC0, 0x78,
  0x0E, 0x03, 0x80, 0x70, 0x3F, 0x87, 0xF0, 0xE0, 0x7F, 0x8F, 0xF1, 0xC0,
  0xE7, 0x9C, 0xF3, 0x81, 0xC7, 0x38, 0xE7, 0x03, 0x8E, 0x71, 0xCE, 0x07,
  0x1C, 0xE3, 0x9C, 0x0E, 0x71, 0xCE, 0x38, 0x1F, 0xE3, 0xFC, 0x70, 0x3F,
  0x07, 0xE0, 0xE0, 0x00, 0x00, 0x01, 0xC0, 0x00, 0x00, 0x03, 0x80, 0x00,
  0x00, 0x07, 0x00, 0x00, 0x00, 0x0E, 0x00, 0x00, 0x00, 0x1C, 0x00, 0x00,
  0x3F, 0xFF, 0xC0, 0x00, 0x7F, 0xFF, 0x80, 0x01, 0xC0, 0x03, 0x00, 0x03,
  0x00, 0x07, 0x00, 0x04, 0x00, 0x02, 0x03, 0x80, 0x07, 0x00, 0x0E, 0x00,
  0x3E, 0x00, 0xFF, 0x03, 0xFE, 0x0F, 0x1E, 0x1C, 0x1C, 0x38, 0x38, 0x70,
  0x70, 0xF1, 0xC0, 0xF7, 0x80, 0xFE, 0x00, 0xF8, 0x03, 0xE0, 0x0F, 0xF0,
  0x3C, 0xF8, 0x70, 0x79, 0xC0, 0x73, 0x80, 0xFE, 0x00, 0xFC, 0x01, 0xF8,
  0x03, 0xF0, 0x07, 0x03, 0x80, 0x00, 0x0E, 0x00, 0x00, 0x38, 0x00, 0x01,
  0xF0, 0x00, 0x0F, 0xF0, 0x00, 0x7B, 0xC0, 0x03, 0xC7, 0x80, 0x0E, 0x0E,
  0x00, 0x38, 0x38, 0x00, 0xE0, 0xE0, 0x03, 0xC7, 0x00, 0x07, 0xBC, 0x00,
  0x0F, 0xE0, 0x00, 0x0F, 0x00, 0x00, 0xF8, 0x00, 0x07, 0xF8, 0x00, 0x3C,
  0xF8, 0x00, 0xE0, 0xFF, 0xE7, 0x01, 0xFF, 0x9C, 0x07, 0x8E, 0xE0, 0x0E,
  0x1B, 0x80, 0x38, 0x3E, 0x00, 0xE0, 0x38, 0x03, 0x80, 0x03, 0x80, 0x00,
  0x1C, 0x00, 0x00, 0xE0, 0x00, 0x0F, 0x80, 0x01, 0xFF, 0x00, 0x0F, 0x78,
  0x00, 0xE1, 0xE0, 0x07, 0x07, 0x00, 0x38, 0x38, 0x01, 0xC1, 0xC0, 0x0F,
  0x1C, 0x00, 0x3D, 0xE0, 0x00, 0xFE, 0x00, 0x01, 0xE0, 0x00, 0x3F, 0x00,
  0x03, 0xFE, 0x00, 0x3C, 0xF8, 0x01, 0xC1, 0xE0, 0x1C, 0x07, 0x00, 0xE0,
  0x3C, 0x3E, 0x00, 0xE3, 0xF0, 0x07, 0x1B, 0x80, 0x3F, 0xDC, 0x01, 0xFE,
  0x00, 0x00, 0x30, 0x00, 0x00, 0xC0, 0x03, 0x80, 0x07, 0x00, 0x0E, 0x00,
  0x3E, 0x00, 0xFF, 0x03, 0xFE, 0x0F, 0x1E, 0x1C, 0x1C, 0x38, 0x38, 0x70,
  0x70, 0xF1, 0xC0, 0xF7, 0x80, 0xFE, 0x00, 0xF8, 0x01, 0xE0, 0x0F, 0xF0,
  0x3C, 0xF8, 0x70, 0x79, 0xC0, 0x73, 0x80, 0xFE, 0x00, 0xE0, 0x01, 0xC0,
  0x03, 0x80, 0x07, 0x03, 0x80, 0x00, 0x0E, 0x00, 0x00, 0x38, 0x00, 0x01,
  0xF0, 0x00, 0x0F, 0xF0, 0x00, 0x7F, 0xC0, 0x03, 0xC7, 0x80, 0x0E, 0x0E,
  0x00, 0x38, 0x38, 0x00, 0xE0, 0xE0, 0x03, 0x83, 0x80, 0x07, 0x1C, 0x00,
  0x1F, 0xE0, 0x00, 0x1F, 0x00, 0x00, 0x78, 0x00, 0x03, 0xF0, 0x00, 0x1D,
  0xF0, 0x00, 0xE1, 0xE7, 0xC7, 0x81, 0xFF, 0x9C, 0x03, 0xCF, 0x70, 0x0E,
  0x1F, 0x80, 0x18, 0x7E, 0x00, 0x73, 0xF8, 0x00, 0xFE, 0xE0, 0x01, 0xF0,
  0x03, 0x80, 0x00, 0x70, 0x00, 0x0E, 0x00, 0x03, 0xE0, 0x01, 0xFF, 0x00,
  0x3F, 0xE0, 0x0F, 0x0E, 0x01, 0xC1, 0xFE, 0x38, 0x3F, 0xC7, 0x07, 0x18,
  0xF0, 0xC3, 0x8F, 0x38, 0x30, 0xFE, 0x00, 0x07, 0x80, 0x01, 0xF0, 0x00,
  0xFF, 0x80, 0x1C, 0xF8, 0x07, 0x07, 0x81, 0xC0, 0x70, 0x38, 0x0F, 0x0E,
  0x00, 0xE1, 0xC0, 0x1C, 0x38, 0x03, 0x87, 0x00, 0x70, 0x03, 0x80, 0x07,
  0x00, 0x0E, 0x00, 0x3E, 0x00, 0xFF, 0x03, 0xFE, 0x0F, 0x1E, 0x1C, 0x1C,
  0x38, 0x38, 0x70, 0x70, 0xF1, 0xC0, 0xF7, 0x80, 0xFE, 0x00, 0xF8, 0x03,
  0xE0, 0x0F, 0xF0, 0x3C, 0xF8, 0x70, 0x79, 0xC0, 0x73, 0x80, 0xFE, 0x00,
  0x1C, 0x00, 0x38, 0x00, 0x70, 0x00, 0x03, 0x80, 0x00, 0x38, 0x00, 0x03,
  0x80, 0x00, 0x7C, 0x00, 0x0F, 0xF0, 0x01, 0xFF, 0x00, 0x3C, 0x78, 0x03,
  0x83, 0x80, 0x38, 0x38, 0x03, 0x83, 0x80, 0x3C, 0x78, 0x01, 0xC7, 0x00,
  0x0F, 0xE0, 0x00, 0x7C, 0x00, 0x07, 0x80, 0x00, 0xFE, 0x00, 0x1C, 0xF8,
  0x03, 0x83, 0xC0, 0x70, 0x1C, 0x07, 0x01, 0xE0, 0x70, 0x0E, 0x00, 0x00,
  0xE0, 0x03, 0xFF, 0xE0, 0x7F, 0xFE, 0x07, 0x00, 0x70, 0x60, 0x07, 0x04,
  0x00, 0x10, 0x07, 0xC0, 0x3F, 0xE0, 0x71, 0xC1, 0xC1, 0xC3, 0x83, 0x87,
  0x07, 0x0E, 0x0E, 0x0E, 0x38, 0x1F, 0xF0, 0x0F, 0xC0, 0x1E, 0x00, 0x7F,
  0x01, 0xDF, 0x07, 0x0F, 0x1E, 0x0F, 0x38, 0x0E, 0x70, 0x1D, 0xC0, 0x1F,
  0x80, 0x3F, 0x00, 0x7E, 0x00, 0xFC, 0x01, 0xC0, 0x07, 0xC0, 0x00, 0xFF,
  0x80, 0x07, 0x1C, 0x00, 0x70, 0x70, 0x03, 0x83, 0x80, 0x1C, 0x1C, 0x00,
  0xE0, 0xE0, 0x03, 0x8E, 0x00, 0x0F, 0xF0, 0x00, 0x3F, 0x00, 0x01, 0xE0,
  0x00, 0x1F, 0xC0, 0x01, 0xCF, 0x00, 0x1C, 0x1C, 0x01, 0xE0, 0x70, 0x0E,
  0x03, 0xFE, 0x70, 0x1F, 0xF7, 0x00, 0x73, 0xB8, 0x03, 0x8D, 0xC0, 0x1C,
  0x3E, 0x00, 0xE0, 0x70, 0x07, 0x00, 0x07, 0xC0, 0x00, 0xFF, 0x80, 0x07,
  0x1C, 0x00, 0x70, 0x70, 0x03, 0x83, 0x80, 0x1C, 0x1C, 0x00, 0xE0, 0xE0,
  0x03, 0x8E, 0x00, 0x0F, 0xF0, 0x00, 0x3F, 0x00, 0x01, 0xE0, 0x00, 0x1F,
  0xC0, 0x01, 0xCF, 0x00, 0x1C, 0x3C, 0x01, 0xE0, 0xF0, 0x0E, 0x03, 0x80,
  0x70, 0x1E, 0x07, 0x00, 0x70, 0xF8, 0x03, 0x8F, 0xC0, 0x1C, 0x6E, 0x00,
  0xFF, 0x70, 0x07, 0xF8, 0x00, 0x00, 0xE0, 0x00, 0x03, 0x07, 0xC0, 0x3F,
  0xE0, 0x71, 0xC1, 0xC1, 0xC3, 0x83, 0x87, 0x07, 0x0E, 0x0E, 0x0E, 0x38,
  0x1F, 0xF0, 0x0F, 0xC0, 0x1E, 0x00, 0x7F, 0x01, 0xDF, 0x07, 0x0F, 0x0E,
  0x0F, 0x38, 0x0E, 0x70, 0x1D, 0xC0, 0x1C, 0x00, 0x38, 0x00, 0x70, 0x00,
  0xE0, 0x01, 0xC0, 0x07, 0xC0, 0x00, 0x7F, 0xC0, 0x01, 0xC7, 0x00, 0x0E,
  0x0E, 0x00, 0x38, 0x38, 0x00, 0xE0, 0xE0, 0x03, 0x83, 0x80, 0x07, 0x1C,
  0x00, 0x0F, 0xF0, 0x00, 0x0F, 0x80, 0x00, 0x7C, 0x00, 0x03, 0xF8, 0x00,
  0x1C, 0x70, 0x00, 0xE0, 0xE0, 0x07, 0x81, 0x9F, 0x1C, 0x07, 0xFE, 0x70,
  0x0F, 0x3F, 0x80, 0x38, 0x7E, 0x00, 0x61, 0xF8, 0x01, 0xCF, 0xE0, 0x03,
  0xFB, 0x80, 0x07, 0xC0, 0x07, 0xC0, 0x07, 0xFC, 0x01, 0xC7, 0x00, 0xE0,
  0xFF, 0x38, 0x3F, 0xCE, 0x0E, 0x73, 0xC3, 0x8C, 0x79, 0xC1, 0x0F, 0xF0,
  0x00, 0xF8, 0x00, 0x7C, 0x00, 0x3F, 0x80, 0x1C, 0xF0, 0x0E, 0x0E, 0x07,
  0x81, 0xC1, 0xC0, 0x70, 0x70, 0x1E, 0x38, 0x03, 0x8E, 0x00, 0xE3, 0x80,
  0x38, 0xE0, 0x0E, 0x38, 0x03, 0x80, 0x07, 0xC0, 0x3F, 0xE0, 0x71, 0xC1,
  0xC1, 0xC3, 0x83, 0x87, 0x07, 0x0E, 0x0E, 0x0E, 0x38, 0x1F, 0xF0, 0x0F,
  0xC0, 0x1E, 0x00, 0x7F, 0x01, 0xDF, 0x07, 0x0F, 0x1E, 0x0F, 0x38, 0x0E,
  0x70, 0x1D, 0xC0, 0x1F, 0x80, 0x07, 0x00, 0x0E, 0x00, 0x1C, 0x00, 0x00,
  0x07, 0xC0, 0x00, 0xFF, 0x80, 0x07, 0x1C, 0x00, 0x70, 0x70, 0x03, 0x83,
  0x80, 0x1C, 0x1C, 0x00, 0xE0, 0xE0, 0x03, 0x8E, 0x00, 0x1E, 0xF0, 0x00,
  0x3F, 0x00, 0x01, 0xE0, 0x00, 0x1F, 0x80, 0x01, 0xFF, 0x00, 0x1E, 0x3C,
  0x00, 0xE0, 0xF0, 0x0E, 0x03, 0x80, 0x70, 0x1C, 0x03, 0x00, 0x70, 0x00,
  0x03, 0x80, 0x00, 0x1C, 0x00, 0x3F, 0xFF, 0x01, 0xFF, 0xF8, 0x0C, 0x00,
  0xC0, 0x60, 0x07, 0x00, 0x00, 0x08, 0x0F, 0xC0, 0xFF, 0xC7, 0x87, 0x9C,
  0x0E, 0xE0, 0x1F, 0x80, 0x7E, 0x01, 0xF8, 0x07, 0xE0, 0x1F, 0xFF, 0xFF,
  0xFF, 0xF8, 0x07, 0xE0, 0x1F, 0x80, 0x7E, 0x01, 0xF8, 0x07, 0xE0, 0x1F,
  0x80, 0x77, 0x03, 0x9E, 0x1E, 0x3F, 0xF0, 0x3F, 0x00, 0x0F, 0xC0, 0x03,
  0xFF, 0x00, 0x78, 0x78, 0x07, 0x03, 0x80, 0xE0, 0x1C, 0x0E, 0x01, 0xC0,
  0xE0, 0x1C, 0x0E, 0x01, 0xC0, 0xE0, 0x1C, 0x0F, 0xFF, 0xFE, 0xFF, 0xFF,
  0xEE, 0x01, 0xC6, 0xE0, 0x1C, 0x7E, 0x01, 0xC3, 0xE0, 0x1C, 0x0E, 0x01,
  0xC0, 0xE0, 0x1C, 0x0E, 0x01, 0xC0, 0x70, 0x38, 0x07, 0x87, 0x80, 0x3F,
  0xF0, 0x00, 0xFC, 0x00, 0x0F, 0xC0, 0x3F, 0xE0, 0x78, 0x70, 0x70, 0x38,
  0x60, 0x38, 0x7F, 0xF8, 0xFF, 0xF8, 0x60, 0x38, 0x70, 0x78, 0x70, 0x70,
  0x38, 0xF0, 0x3F, 0xE0, 0x0F, 0xC0, 0x01, 0xC0, 0x03, 0x80, 0x03, 0x80,
  0x03, 0x80, 0x07, 0x03, 0x07, 0x07, 0x07, 0x07, 0x07, 0xFE, 0x07, 0xFE,
  0x00, 0x07, 0x00, 0x03, 0x0F, 0xC1, 0xFF, 0x1E, 0x1C, 0xE0, 0x76, 0x03,
  0xBF, 0xFF, 0xFF, 0xEC, 0x07, 0x70, 0x7B, 0x83, 0x8E, 0x3C, 0x3F, 0xC0,
  0xFE, 0x00, 0xE0, 0x0F, 0x00, 0x70, 0x03, 0x80, 0x1C, 0x01, 0xC0, 0x0E,
  0x00, 0x70, 0x03, 0x80, 0x0F, 0xC0, 0x3F, 0xE0, 0x78, 0x70, 0x70, 0x38,
  0x60, 0x38, 0x7F, 0xF8, 0xFF, 0xF8, 0x60, 0x38, 0x70, 0x78, 0x70, 0x70,
  0x78, 0xF0, 0x3F, 0xE0, 0x0F, 0xE0, 0x01, 0xC0, 0x01, 0xFC, 0x03, 0xFE,
  0x03, 0x8F, 0x03, 0x87, 0x07, 0x07, 0x07, 0x0F, 0x07, 0xFE, 0x07, 0xFC,
  0x03, 0x80, 0x0E, 0x00, 0x38, 0x00, 0xE0, 0x0F, 0xC0, 0xFF, 0xC3, 0x87,
  0x1C, 0x0E, 0x60, 0x3B, 0x80, 0x7E, 0x01, 0xF8, 0x07, 0xE0, 0x1F, 0xFF,
  0xFF, 0xFF, 0xF8, 0x07, 0xE0, 0x1F, 0x80, 0x7E, 0x01, 0xD8, 0x06, 0x70,
  0x39, 0xE1, 0xC3, 0xFF, 0x03, 0xF0, 0x03, 0xE0, 0x3F, 0xE0, 0xE3, 0x87,
  0x07, 0x1F, 0xFC, 0x7F, 0xF1, 0xC1, 0xC7, 0x07, 0x0E, 0x38, 0x1F, 0xE0,
  0x3F, 0x00, 0xF0, 0x0F, 0x00, 0x78, 0x03, 0xC0, 0x1E, 0x00, 0x70, 0x01,
  0xC0, 0x0F, 0x00, 0x38, 0x00, 0xE0, 0x03, 0x80, 0x00, 0x00, 0x7C, 0x60,
  0xFF, 0xB0, 0x71, 0xDC, 0x70, 0x7F, 0xFF, 0xFF, 0xFF, 0xFF, 0x8E, 0x0F,
  0x83, 0x07, 0x01, 0xC7, 0x00, 0x3F, 0x80, 0x1F, 0x00, 0x1F, 0x00, 0x3E,
  0x00, 0x3E, 0x00, 0x1E, 0x00, 0x1E, 0x00, 0x0E, 0x00, 0x0F, 0x00, 0x07,
  0x80, 0x03, 0x80, 0x01, 0xC0, 0x00, 0xE0, 0x00, 0x00, 0x1C, 0x00, 0x03,
  0x80, 0x00, 0x70, 0x00, 0x0E, 0x00, 0x03, 0x80, 0x00, 0x70, 0x00, 0x1C,
  0x00, 0x03, 0x80, 0x00, 0xE0, 0x00, 0x78, 0x00, 0x3E, 0x00, 0x0F, 0x80,
  0x03, 0xFC, 0x00, 0xE3, 0x80, 0x38, 0x38, 0x07, 0x07, 0x00, 0xE0, 0xE0,
  0x1C, 0x1C, 0x0F, 0x83, 0x83, 0xB8, 0xE0, 0x67, 0xFF, 0xFC, 0x3F, 0xFF,
  0x80, 0x00, 0x30, 0x00, 0x03, 0x00, 0x1C, 0x00, 0x0E, 0x00, 0x0E, 0x00,
  0x0F, 0x00, 0x0F, 0x00, 0x1F, 0x00, 0x7E, 0x00, 0x7F, 0x00, 0x7F, 0xC0,
  0x78, 0xF0, 0x38, 0x38, 0x1C, 0x1C, 0x0E, 0x0E, 0x07, 0x07, 0x0F, 0x83,
  0x0E, 0xE3, 0x87, 0x3F, 0xFF, 0x87, 0xFF, 0xC7, 0x00, 0xE7, 0x80, 0x33,
  0x80, 0x03, 0x80, 0x01, 0xC0, 0x00, 0xE0, 0x00, 0x00, 0x18, 0x00, 0x06,
  0x00, 0x01, 0x80, 0x00, 0xE0, 0x00, 0x38, 0x00, 0x0E, 0x00, 0x07, 0x00,
  0x03, 0x80, 0x01, 0xE0, 0x01, 0xE0, 0x00, 0xF0, 0x00, 0xFC, 0x00, 0x7F,
  0x80, 0x1C, 0x70, 0x0E, 0x0E, 0x1F, 0x83, 0x87, 0xE0, 0xE1, 0xF8, 0x38,
  0x7E, 0x0E, 0x39, 0xC7, 0x1E, 0x7F, 0xFF, 0x07, 0xFF, 0x00, 0x00, 0x3C,
  0x00, 0x0E, 0x00, 0x03, 0x80, 0x01, 0xC0, 0x00, 0xF0, 0x01, 0xF0, 0x01,
  0xF0, 0x01, 0xFC, 0x00, 0x7F, 0x80, 0x38, 0x70, 0x0E, 0x1C, 0x03, 0x87,
  0x00, 0xE1, 0xC0, 0x38, 0x70, 0x07, 0x1C, 0x01, 0xFF, 0xFE, 0x3F, 0xFF,
  0x80, 0x70, 0x60, 0x1C, 0x18, 0x07, 0x03, 0x01, 0xC0, 0x00, 0x70, 0x00,
  0x1C, 0x00, 0x07, 0x00, 0x00, 0x1C, 0x00, 0x00, 0xE0, 0x00, 0x07, 0x00,
  0x00, 0x78, 0x00, 0x03, 0xC0, 0x00, 0x1C, 0x00, 0x01, 0xE0, 0x00, 0x1E,
  0x00, 0x01, 0xE0, 0x00, 0x3E, 0x00, 0x03, 0xC0, 0x00, 0x7E, 0x00, 0x07,
  0xF8, 0x00, 0x38, 0xE0, 0x03, 0x83, 0x80, 0x1C, 0x1C, 0x7C, 0xE0, 0xE7,
  0xF7, 0x07, 0x71, 0xF8, 0x3B, 0x8E, 0xE3, 0xFC, 0x77, 0xFF, 0xFF, 0x0F,
  0x81, 0xF0, 0x03, 0xFF, 0x87, 0xFF, 0xC7, 0x80, 0xE7, 0x00, 0x37, 0x00,
  0x0B, 0x80, 0x03, 0x80, 0x01, 0xFC, 0x00, 0xFF, 0x80, 0x71, 0xE0, 0x38,
  0x70, 0x1C, 0x3C, 0x0F, 0x0E, 0x03, 0x87, 0x01, 0xE3, 0x80, 0x7F, 0xFF,
  0x0F, 0xFF, 0x80, 0x71, 0xC0, 0x38, 0x60, 0x1C, 0x00, 0x0E, 0x00, 0x07,
  0x00, 0x03, 0xFC, 0x03, 0xFF, 0x81, 0xFC, 0xF0, 0xEE, 0x1C, 0x73, 0x87,
  0x1C, 0xF3, 0xC7, 0x1F, 0xE3, 0x83, 0xF0, 0xE0, 0x00, 0x38, 0x00, 0x0E,
  0x00, 0x03, 0x80, 0x00, 0xE0, 0x00, 0x38, 0x00, 0x0F, 0xF0, 0x03, 0xFE,
  0x00, 0xE3, 0xC0, 0x38, 0x70, 0x3E, 0x1C, 0x1B, 0x8F, 0x0E, 0xFF, 0xFF,
  0xBF, 0xFF, 0xE0, 0x00, 0x18, 0x00, 0x07, 0x00, 0x38, 0x00, 0x07, 0x00,
  0x01, 0xC0, 0x00, 0x78, 0x00, 0x1E, 0x00, 0x0F, 0x00, 0x07, 0xC0, 0x01,
  0xF8, 0x00, 0x7F, 0xC0, 0x1C, 0x38, 0x03, 0x83, 0x80, 0x70, 0x70, 0x0F,
  0x0E, 0x00, 0xFF, 0xFF, 0x0F, 0xFF, 0xF0, 0x07, 0x0E, 0x00, 0xE0, 0xC0,
  0x1C, 0x08, 0x03, 0x80, 0x00, 0x70, 0x03, 0xFF, 0xFC, 0x7F, 0xFF, 0x8C,
  0x00, 0x73, 0x80, 0x06, 0x40, 0x00, 0x20, 0x7F, 0xFF, 0xCF, 0xFF, 0xF9,
  0xC3, 0x87, 0x30, 0x70, 0x6C, 0x0E, 0x06, 0x01, 0xC0, 0x00, 0x38, 0x00,
  0x07, 0x00, 0x00, 0xE0, 0x00, 0x1C, 0x00, 0x03, 0x80, 0x00, 0x70, 0x00,
  0x0E, 0x00, 0x01, 0xC0, 0x00, 0x38, 0x00, 0x07, 0x00, 0x00, 0xE0, 0x00,
  0x1C, 0x00, 0x03, 0x80, 0x00, 0x70, 0x00, 0x0E, 0x00, 0x01, 0xC0, 0x00,
  0x7F, 0xFF, 0xCF, 0xFF, 0xF9, 0xC3, 0x87, 0x30, 0x70, 0x60, 0x0E, 0x00,
  0x01, 0xC0, 0x00, 0x38, 0x00, 0x07, 0x00, 0x00, 0xE1, 0x80, 0x1C, 0x30,
  0x03, 0x8E, 0x00, 0x7F, 0xC0, 0x0F, 0xF8, 0x01, 0xC7, 0x00, 0x38, 0x60,
  0x07, 0x00, 0x00, 0xE0, 0x00, 0x1C, 0x00, 0x03, 0x80, 0x00, 0x70, 0x00,
  0x0E, 0x00, 0x01, 0xC0, 0x00, 0x7F, 0xFF, 0xCF, 0xFF, 0xF9, 0xC3, 0x87,
  0x30, 0x70, 0x6C, 0x0E, 0x02, 0x01, 0xC0, 0x00, 0x38, 0x00, 0x07, 0x00,
  0x00, 0xE0, 0x00, 0x1C, 0x00, 0x03, 0x80, 0x00, 0x70, 0x00, 0x0E, 0x00,
  0x01, 0xC0, 0x00, 0x38, 0x00, 0x07, 0x00, 0x00, 0xE0, 0x00, 0x1C, 0x30,
  0x03, 0x8E, 0x00, 0x71, 0xC0, 0x0F, 0xF0, 0x01, 0xFE, 0x00, 0x00, 0xE0,
  0x00, 0x0C, 0x7F, 0xFF, 0x9F, 0xFF, 0xF6, 0x0E, 0x1F, 0x83, 0x83, 0x80,
  0xE0, 0x40, 0x38, 0x00, 0x0E, 0x00, 0x03, 0x80, 0x00, 0xE0, 0x00, 0x38,
  0x00, 0x0E, 0x00, 0x03, 0x80, 0x00, 0xE0, 0x00, 0x38, 0x00, 0x0E, 0x00,
  0x03, 0x80, 0x00, 0xE0, 0x00, 0x38, 0x00, 0x1C, 0x00, 0x0F, 0x00, 0x7F,
  0x80, 0x1F, 0x80, 0x0E, 0x00, 0x03, 0x80, 0x00, 0x80, 0x00, 0x00, 0x7F,
  0xFF, 0x9F, 0xFF, 0xF7, 0x0E, 0x1D, 0x83, 0x83, 0xC0, 0xE0, 0x40, 0x38,
  0x00, 0x0E, 0x00, 0x03, 0x80, 0x00, 0xE0, 0x00, 0x38, 0x00, 0x0E, 0x00,
  0x03, 0x80, 0x00, 0xE0, 0x00, 0x38, 0x00, 0x0F, 0xF0, 0x03, 0xFE, 0x00,
  0xE3, 0xC0, 0x38, 0x70, 0x0E, 0x1C, 0x03, 0x8F, 0x00, 0xFF, 0x80, 0x3F,
  0xC0, 0x7F, 0xFF, 0xCF, 0xFF, 0xF9, 0xC3, 0x87, 0x30, 0x70, 0x68, 0x0E,
  0x02, 0x01, 0xC0, 0x00, 0x38, 0x00, 0x07, 0x00, 0x00, 0xFE, 0x00, 0x1F,
  0xC0, 0x00, 0x38, 0x00, 0x07, 0x00, 0x00, 0xE0, 0x00, 0x1C, 0x00, 0x03,
  0x80, 0x00, 0x70, 0x00, 0x0E, 0x00, 0x01, 0xC0, 0x00, 0x38, 0x00, 0x07,
  0x00, 0x00, 0xE0, 0x00, 0x1C, 0x00, 0x3F, 0xFF, 0xC7, 0xFF, 0xF8, 0xC1,
  0xC3, 0xB8, 0x38, 0x34, 0x07, 0x02, 0x01, 0xE0, 0x00, 0x38, 0x00, 0x0F,
  0x00, 0x01, 0xC0, 0x00, 0x78, 0x00, 0x1E, 0x00, 0x07, 0x80, 0x01, 0xE0,
  0x00, 0x78, 0x00, 0x1E, 0x00, 0x03, 0x80, 0x00, 0xF0, 0x00, 0x1C, 0x00,
  0x03, 0x80, 0x00, 0x70, 0x00, 0x0E, 0x00, 0x01, 0xC0, 0x00, 0x00, 0x7F,
  0xFF, 0xCF, 0xFF, 0xF9, 0xC3, 0x87, 0x30, 0x70, 0x6C, 0x0E, 0x04, 0x01,
  0xC0, 0x00, 0x38, 0x00, 0x07, 0x00, 0x00, 0xE0, 0x00, 0x1C, 0x00, 0x03,
  0x80, 0x00, 0x70, 0x00, 0x0E, 0x00, 0x01, 0xC0, 0x00, 0x38, 0x00, 0x07,
  0x00, 0x00, 0xE0, 0x00, 0x1C, 0x00, 0x03, 0x80, 0x00, 0x70, 0x07, 0xFF,
  0xFC, 0xFF, 0xFF, 0x9C, 0x00, 0x73, 0x00, 0x06, 0x80, 0x00, 0x20, 0x18,
  0x00, 0x43, 0x80, 0x18, 0x70, 0x07, 0x07, 0xFF, 0xE0, 0xFF, 0xFC, 0x00,
  0x70, 0x00, 0x0E, 0x00, 0x03, 0x80, 0x00, 0xF0, 0x00, 0x3C, 0x00, 0x0F,
  0x00, 0x07, 0xC0, 0x01, 0xF0, 0x00, 0x78, 0x00, 0x1E, 0x00, 0x07, 0x80,
  0x00, 0xE0, 0x0E, 0x1C, 0x01, 0xC3, 0x80, 0x38, 0x70, 0x07, 0x0F, 0x01,
  0xC0, 0xF0, 0x78, 0x0F, 0xFE, 0x00, 0x7F, 0x00, 0x0C, 0x00, 0x0C, 0x00,
  0x18, 0x00, 0x70, 0x00, 0x70, 0x01, 0x80, 0x01, 0xFF, 0xFE, 0x00, 0x07,
  0xFF, 0xF8, 0x00, 0x00, 0x38, 0x00, 0x00, 0x00, 0xE0, 0x00, 0x01, 0xFF,
  0xFF, 0xC0, 0x1F, 0xFF, 0xFF, 0x80, 0xF1, 0xC6, 0x0F, 0x07, 0x07, 0x18,
  0x1C, 0x1C, 0x1C, 0x60, 0x70, 0xE0, 0x71, 0x81, 0xC3, 0x81, 0xC6, 0x07,
  0x0E, 0x07, 0x18, 0x38, 0x38, 0x1C, 0x70, 0xE0, 0xE0, 0x70, 0xFF, 0x83,
  0xC1, 0xC1, 0xFC, 0x07, 0x0F, 0x00, 0xF0, 0x0F, 0xF8, 0x03, 0x80, 0x1F,
  0x80, 0x0E, 0x00, 0x00, 0x00, 0x70, 0x30, 0x00, 0x01, 0xC0, 0xC0, 0x00,
  0x0E, 0x07, 0x00, 0x00, 0x3F, 0xFC, 0x00, 0x00, 0xFF, 0xF0, 0x00, 0x00,
  0x01, 0xC0, 0x00, 0x00, 0x03, 0x08, 0x00, 0x21, 0x80, 0x1C, 0x38, 0x03,
  0x03, 0xFF, 0xE0, 0x7F, 0xFC, 0x00, 0x70, 0x00, 0x0E, 0x00, 0x03, 0x80,
  0x00, 0x70, 0x00, 0x1C, 0x00, 0x0F, 0x00, 0x03, 0xC0, 0x01, 0xE0, 0x00,
  0x7F, 0x00, 0x1E, 0xF0, 0x03, 0x8E, 0x00, 0xE0, 0xE1, 0xDC, 0x1C, 0x3B,
  0x83, 0x87, 0x70, 0x70, 0xEE, 0x0E, 0x38, 0xE3, 0x8F, 0x1F, 0xFF, 0xC0,
  0xFF, 0xE0, 0x60, 0xC1, 0xBC, 0x78, 0xFF, 0x1E, 0x3D, 0x83, 0x06, 0x6F,
  0xF6, 0x60, 0xDE, 0x3F, 0xC7, 0xB0, 0x60, 0xE0, 0x30, 0x1D, 0xC1, 0xE0,
  0xE3, 0x87, 0x87, 0x07, 0x0C, 0x38, 0x0E, 0x01, 0xC0, 0x1C, 0x0E, 0x00,
  0x30, 0x30, 0x00, 0x61, 0x80, 0x01, 0xCE, 0x01, 0x83, 0xF0, 0x6F, 0x07,
  0x83, 0xFC, 0x1E, 0x0F, 0x60, 0xFC, 0x18, 0x07, 0x38, 0x00, 0x18, 0x60,
  0x00, 0xE1, 0xC0, 0x07, 0x03, 0x80, 0x38, 0x07, 0x01, 0xC3, 0x0E, 0x0E,
  0x1E, 0x1C, 0x70, 0x78, 0x3B, 0x80, 0xC0, 0x70, 0x6F, 0xF6, 0x00, 0x00,
  0x06, 0xFF, 0x60, 0x60, 0xDE, 0x3F, 0xC7, 0xB0, 0x60, 0x00, 0x00, 0x00,
  0x00, 0x00, 0x00, 0x0C, 0x1B, 0xC7, 0xF8, 0xF6, 0x0C, 0xFF, 0xFF, 0x00,
  0x00, 0x18, 0x3C, 0x3C, 0x18, 0x00, 0x00, 0x18, 0x3C, 0x3C, 0x18, 0xFF,
  0xFF, 0x00, 0x00, 0x00, 0x18, 0x3C, 0x3C, 0x18, 0x00, 0x00, 0x18, 0x3C,
  0x3C, 0x18, 0x00, 0x00, 0xFF, 0xFF, 0x18, 0x3C, 0x3C, 0x18, 0x00, 0x00,
  0xFF, 0xFF, 0x00, 0x00, 0x00, 0x18, 0x3C, 0x3C, 0x18, 0x60, 0x03, 0xC0,
  0x0F, 0x00, 0x18, 0x00, 0x00, 0x00, 0x00, 0x00, 0x3F, 0xC0, 0xFF, 0x00,
  0x01, 0x80, 0x0F, 0x00, 0x3C, 0x00, 0x60, 0x00, 0x6F, 0xF6, 0x00, 0x06,
  0xFF, 0x60, 0x00, 0x06, 0xFF, 0x60, 0x01, 0x80, 0x03, 0xC0, 0x03, 0xC0,
  0x61, 0x86, 0xF0, 0x0F, 0xF0, 0x0F, 0x60, 0x06, 0x01, 0x80, 0x03, 0xC0,
  0x03, 0xC0, 0x01, 0x80, 0x00, 0x00, 0x60, 0x06, 0xF0, 0x0F, 0xF0, 0x0F,
  0x61, 0x86, 0x03, 0xC0, 0x03, 0xC0, 0x01, 0x80, 0x7F, 0xFF, 0x3F, 0xFF,
  0x98, 0x01, 0xDC, 0x00, 0x6C, 0x00, 0x10, 0x0E, 0x00, 0x0E, 0x00, 0x0F,
  0x00, 0x07, 0x00, 0x07, 0xF0, 0x07, 0xFC, 0x03, 0x8F, 0x03, 0xC3, 0xC1,
  0xC0, 0xE0, 0xE0, 0x70, 0x70, 0x38, 0x38, 0x1C, 0x1C, 0x0E, 0x07, 0x0E,
  0x01, 0xFE, 0x00, 0x7E, 0x00, 0x00, 0x00, 0x00, 0x00, 0xFF, 0xFE, 0x7F,
  0xFF, 0x70, 0x03, 0xB8, 0x00, 0xD0, 0x00, 0x10, 0x7F, 0xFE, 0xFF, 0xFE,
  0xE0, 0x07, 0xE0, 0x07, 0x80, 0x03, 0x03, 0xE0, 0x0F, 0xF0, 0x1E, 0x78,
  0x1C, 0x38, 0x38, 0x38, 0x3C, 0x78, 0x3F, 0xF0, 0x3B, 0xE0, 0x38, 0x00,
  0x3B, 0xE0, 0x3F, 0xF0, 0x3C, 0x70, 0x1C, 0x70, 0x1E, 0x70, 0x0F, 0xE0,
  0x03, 0xC0, 0x00, 0x00, 0x00, 0x00, 0xFF, 0xFE, 0xFF, 0xFF, 0xE0, 0x07,
  0xC0, 0x03, 0x00, 0x00, 0x7F, 0xFF, 0x3F, 0xFF, 0x98, 0x01, 0xDC, 0x00,
  0x6C, 0x00, 0x18, 0x00, 0x00, 0x03, 0xF0, 0x07, 0xF8, 0x07, 0x8C, 0x07,
  0x07, 0x03, 0x81, 0x83, 0x80, 0x01, 0xC0, 0x00, 0xE0, 0x00, 0x70, 0x00,
  0x38, 0x00, 0x1C, 0x00, 0x0E, 0x00, 0x07, 0x00, 0x03, 0x80, 0x01, 0xC0,
  0x00, 0x00, 0x00, 0x00, 0x00, 0xFF, 0xFE, 0x7F, 0xFF, 0x70, 0x03, 0xB8,
  0x00, 0xD0, 0x00, 0x10, 0x7F, 0xFE, 0x7F, 0xFF, 0xE0, 0x07, 0xE0, 0x03,
  0xC0, 0x01, 0x03, 0xC0, 0x07, 0xF0, 0x0E, 0x70, 0x1C, 0x38, 0x1C, 0x38,
  0x1C, 0x38, 0x1C, 0x38, 0x1C, 0x38, 0x1C, 0x38, 0x1C, 0x38, 0x1C, 0x38,
  0x1C, 0x38, 0x1C, 0x38, 0x0E, 0x70, 0x07, 0xE0, 0x03, 0xC0, 0x00, 0x00,
  0x00, 0x00, 0x7F, 0xFF, 0x7F, 0xFF, 0xE0, 0x07, 0xC0, 0x03, 0x80, 0x00,
  0x7F, 0xFF, 0x3F, 0xFF, 0x98, 0x00, 0xDC, 0x00, 0x7C, 0x00, 0x18, 0x03,
  0x80, 0x01, 0xC0, 0x01, 0xE0, 0x01, 0xE0, 0x01, 0xFF, 0x03, 0xFF, 0x87,
  0xC0, 0xE3, 0x80, 0x73, 0x80, 0x19, 0xC0, 0x00, 0xE0, 0x06, 0x78, 0x07,
  0x1F, 0xFF, 0x03, 0xFF, 0x80, 0x00, 0xC0, 0x00, 0x70, 0x00, 0x18, 0x00,
  0x00, 0xFF, 0xFE, 0x7F, 0xFF, 0x70, 0x01, 0xF8, 0x00, 0xF0, 0x00, 0x10,
  0x7F, 0xFF, 0x3F, 0xFF, 0x9C, 0x00, 0xEC, 0x00, 0x76, 0xC0, 0x18, 0x70,
  0x00, 0x1F, 0xE0, 0x0F, 0xF0, 0x06, 0x30, 0x07, 0x38, 0x03, 0x18, 0x00,
  0x1C, 0x00, 0x0F, 0xC0, 0x07, 0xF0, 0x07, 0x3C, 0x03, 0x8E, 0x01, 0x87,
  0x01, 0xC3, 0x80, 0xE3, 0x80, 0xFF, 0xC0, 0x7F, 0x80, 0x00, 0x00, 0x00,
  0x00, 0xFF, 0xFE, 0x7F, 0xFF, 0xB8, 0x01, 0xD8, 0x00, 0xF0, 0x00, 0x00,
  0x7F, 0xFF, 0x3F, 0xFF, 0x9C, 0x00, 0xEC, 0x00, 0x7C, 0x00, 0x08, 0x7E,
  0x00, 0x7F, 0x80, 0x38, 0xE0, 0x18, 0x70, 0x0C, 0x38, 0x00, 0x1C, 0x00,
  0x1C, 0x00, 0x0E, 0x00, 0x07, 0x00, 0x07, 0x00, 0x03, 0x8C, 0x03, 0x8E,
  0x01, 0xFF, 0x00, 0xFF, 0x80, 0x01, 0xC0, 0x00, 0xE0, 0x00, 0x30, 0x00,
  0x00, 0xFF, 0xFE, 0x7F, 0xFF, 0x30, 0x01, 0xF8, 0x00, 0x70, 0x00, 0x00,
  0x3F, 0xFF, 0x0F, 0xFF, 0xC7, 0x00, 0x39, 0xC0, 0x0E, 0x60, 0x01, 0x80,
  0x00, 0x00, 0x00, 0x01, 0xFF, 0xFE, 0x7F, 0xFF, 0x98, 0x38, 0x6E, 0x0E,
  0x1C, 0x03, 0x80, 0x00, 0xE0, 0x00, 0x38, 0x00, 0x0E, 0x00, 0x03, 0x80,
  0x3F, 0xFF, 0x0F, 0xFF, 0xC3, 0x00, 0x31, 0xC0, 0x0E, 0x60, 0x01, 0x80,
  0x00, 0x00, 0x00, 0x00, 0xFF, 0xFC, 0x7F, 0xFF, 0x9C, 0x00, 0xE6, 0x00,
  0x19, 0x00, 0x00, 0x3F, 0xFF, 0x1F, 0xFF, 0xE7, 0x00, 0x39, 0x80, 0x06,
  0x40, 0x00, 0x80, 0x00, 0x00, 0xE1, 0xC0, 0x38, 0x70, 0x0E, 0x1C, 0x03,
  0xFF, 0x00, 0xFF, 0xC0, 0x38, 0x70, 0x0E, 0x1C, 0x03, 0x87, 0x00, 0xE1,
  0xC0, 0x38, 0x70, 0x0E, 0x1C, 0x03, 0x87, 0x00, 0x73, 0x80, 0x1F, 0xE0,
  0x03, 0xE0, 0x00, 0x00, 0x00, 0x00, 0x01, 0xFF, 0xFE, 0x7F, 0xFF, 0x9C,
  0x00, 0xE6, 0x00, 0x1A, 0x00, 0x01, 0x7F, 0xFF, 0x3F, 0xFF, 0x9C, 0x01,
  0xCC, 0x00, 0x6C, 0x00, 0x18, 0x00, 0x00, 0x07, 0x00, 0x03, 0x80, 0x01,
  0xC0, 0x00, 0xE0, 0x00, 0x70, 0x00, 0x38, 0x00, 0x1C, 0x00, 0x0E, 0x00,
  0x07, 0x00, 0x03, 0x80, 0x01, 0xC0, 0x00, 0xE0, 0x00, 0x70, 0x00, 0x38,
  0x00, 0x00, 0x00, 0x00, 0x00, 0x00, 0x00, 0xFF, 0xFE, 0x7F, 0xFF, 0x30,
  0x01, 0xB8, 0x00, 0xF0, 0x00, 0x10, 0x3F, 0xFF, 0x9F, 0xFF, 0xE7, 0x00,
  0x39, 0x80, 0x06, 0x60, 0x00, 0xC0, 0x00, 0x00, 0x00, 0x01, 0xFF, 0xFE,
  0x7F, 0xFF, 0xF8, 0x70, 0x7E, 0x1C, 0x0E, 0x07, 0x01, 0x03, 0x80, 0x01,
  0xE0, 0x00, 0x7E, 0x00, 0x3F, 0xE0, 0x0E, 0x7C, 0x07, 0x07, 0x01, 0xC1,
  0xE0, 0x70, 0x38, 0x1C, 0x0E, 0x00, 0x00, 0x00, 0x00, 0x01, 0xFF, 0xFE,
  0x7F, 0xFF, 0x9C, 0x00, 0x66, 0x00, 0x1E, 0x00, 0x01, 0x7F, 0xFF, 0x3F,
  0xFF, 0x98, 0x00, 0xDC, 0x00, 0x7C, 0x00, 0x18, 0x00, 0x00, 0x00, 0x00,
  0x00, 0xFC, 0xE0, 0xFF, 0x70, 0xF3, 0xF8, 0x70, 0xFC, 0x38, 0x7E, 0x1C,
  0x3F, 0x0E, 0x1F, 0x87, 0x0F, 0xC3, 0x87, 0xE1, 0xC3, 0xF9, 0xC1, 0xDF,
  0xE0, 0xE7, 0xE0, 0x70, 0x00, 0x00, 0x00, 0x00, 0x00, 0x00, 0xFF, 0xFE,
  0x7F, 0xFF, 0x70, 0x01, 0xF8, 0x00, 0xF0, 0x00, 0x10, 0x3F, 0xFE, 0x1F,
  0xFF, 0x9C, 0x01, 0xCC, 0x00, 0x64, 0x00, 0x10, 0x00, 0x03, 0x87, 0x0F,
  0xC3, 0x87, 0xE1, 0xC3, 0xF0, 0xE1, 0xF8, 0x79, 0xFC, 0x3F, 0xEF, 0x3B,
  0xF3, 0xF8, 0x70, 0xF8, 0x38, 0x00, 0x1C, 0x00, 0x1C, 0x00, 0x0E, 0x00,
  0x06, 0x00, 0x07, 0x00, 0x03, 0x00, 0x00, 0x00, 0x00, 0x00, 0x7F, 0xFC,
  0x7F, 0xFF, 0x38, 0x03, 0x98, 0x00, 0xC0, 0x00, 0x00, 0x7F, 0xFF, 0x3F,
  0xFF, 0x98, 0x00, 0xDC, 0x00, 0x7C, 0x00, 0x18, 0x00, 0x00, 0x00, 0x00,
  0x38, 0x38, 0x1C, 0x1C, 0x0E, 0x0E, 0x07, 0x07, 0x03, 0x83, 0x80, 0xE3,
  0x80, 0x7F, 0xC0, 0x0F, 0xC0, 0x00, 0xE0, 0x00, 0xE0, 0x00, 0x70, 0x00,
  0x38, 0x00, 0x38, 0x00, 0x1C, 0x00, 0x00, 0x00, 0x00, 0x00, 0xFF, 0xFE,
  0x7F, 0xFF, 0x70, 0x01, 0xF8, 0x00, 0xF0, 0x00, 0x10, 0x1F, 0xFF, 0x87,
  0xFF, 0xF0, 0xE0, 0x07, 0x1C, 0x00, 0xE3, 0x00, 0x0C, 0x00, 0x00, 0x00,
  0x00, 0x01, 0xFF, 0xFE, 0x7F, 0xFF, 0xCE, 0x1C, 0x39, 0x87, 0x83, 0x00,
  0xF8, 0x00, 0x1F, 0x00, 0x01, 0xE0, 0x00, 0x38, 0x00, 0x07, 0x00, 0x7F,
  0xFF, 0xCF, 0xFF, 0xFD, 0xC0, 0x03, 0xB0, 0x00, 0x74, 0x00, 0x06, 0x00,
  0x00, 0x00, 0x00, 0x00, 0xFF, 0xFC, 0x3F, 0xFF, 0x87, 0x00, 0x38, 0xC0,
  0x03, 0x00, 0x00, 0x00, 0x7F, 0xFE, 0x3F, 0xFF, 0x98, 0x01, 0xDC, 0x00,
  0xEC, 0x00, 0x30, 0x00, 0x00, 0x0F, 0xF0, 0x1F, 0xFE, 0x1B, 0x87, 0x1D,
  0xC3, 0x8C, 0x7F, 0x8E, 0x1F, 0x87, 0x00, 0x03, 0x80, 0x01, 0xC0, 0x00,
  0xE0, 0x60, 0x78, 0x70, 0x1F, 0xF8, 0x07, 0xFC, 0x00, 0x0E, 0x00, 0x07,
  0x00, 0x01, 0x80, 0x00, 0x00, 0xFF, 0xFE, 0x7F, 0xFF, 0x70, 0x03, 0xB8,
  0x00, 0xD0, 0x00, 0x10, 0x0F, 0xFF, 0xE0, 0x0F, 0xFF, 0xE0, 0x0C, 0x00,
  0x70, 0x0C, 0x00, 0x70, 0x08, 0x00, 0x30, 0x00, 0x00, 0x00, 0x00, 0x00,
  0x00, 0x7F, 0xFF, 0xFE, 0x7F, 0xFF, 0xFE, 0x61, 0xC7, 0x0E, 0xE1, 0xC7,
  0x06, 0x81, 0xC7, 0x03, 0x01, 0xC7, 0x00, 0x01, 0xC7, 0x00, 0x01, 0xC7,
  0x00, 0x01, 0xC7, 0x00, 0x01, 0xC7, 0x00, 0x01, 0xC7, 0x00, 0x01, 0xC7,
  0x00, 0x01, 0xC7, 0x00, 0x01, 0xC7, 0x00, 0x00, 0x00, 0x00, 0x00, 0x00,
  0x00, 0x0F, 0xFF, 0xE0, 0x0F, 0xFF, 0xF0, 0x0C, 0x00, 0x70, 0x0C, 0x00,
  0x30, 0x10, 0x00, 0x00, 0x3F, 0xFF, 0x3F, 0xFF, 0x9C, 0x00, 0xEC, 0x00,
  0x74, 0x00, 0x18, 0x3F, 0x00, 0x1F, 0xC0, 0x1C, 0x70, 0x0C, 0x38, 0x04,
  0x1C, 0x00, 0x0E, 0x00, 0x0E, 0x00, 0x07, 0xC0, 0x07, 0xE0, 0x00, 0x70,
  0x00, 0x70, 0x00, 0x38, 0x00, 0x1C, 0x00, 0x1C, 0x00, 0x0E, 0x00, 0x0E,
  0x00, 0x00, 0x00, 0x00, 0x00, 0xFF, 0xFE, 0x7F, 0xFF, 0xB8, 0x01, 0xD8,
  0x00, 0x70, 0x00, 0x00, 0x7F, 0xFE, 0x7F, 0xFE, 0xE0, 0x06, 0xE0, 0x07,
  0xC0, 0x03, 0x03, 0xC0, 0x07, 0xE0, 0x0E, 0x70, 0x0E, 0x70, 0x0E, 0x70,
  0x0E, 0x70, 0x07, 0xE0, 0x07, 0xC0, 0x03, 0x80, 0x03, 0x80, 0x01, 0xC0,
  0x01, 0xC0, 0x01, 0xC0, 0x01, 0xC0, 0x01, 0xC0, 0x01, 0xC0, 0x00, 0x00,
  0x00, 0x00, 0x7F, 0xFE, 0xFF, 0xFE, 0xE0, 0x07, 0xC0, 0x07, 0x80, 0x01,
  0x3F, 0xFF, 0x87, 0xFF, 0xF1, 0xC0, 0x0E, 0x38, 0x00, 0xC4, 0x00, 0x0C,
  0x00, 0x00, 0x0F, 0x03, 0xE3, 0xF0, 0xFE, 0xE7, 0x38, 0xFC, 0xE7, 0x1F,
  0x9C, 0xE3, 0xF7, 0x9C, 0xFF, 0xE1, 0xFC, 0xF8, 0x3F, 0x9C, 0x0F, 0xC3,
  0xCF, 0xF0, 0x3F, 0xC7, 0x07, 0xC0, 0xE0, 0xE0, 0x1C, 0x1C, 0x03, 0x83,
  0x80, 0x70, 0x00, 0x00, 0x00, 0x00, 0x01, 0xFF, 0xFC, 0x7F, 0xFF, 0x8E,
  0x00, 0x31, 0xC0, 0x07, 0x20, 0x00, 0x20
 };

const GFXglyph NotoSansEthiopic_Regular_Ethiopic_16pt16bGlyphs[] PROGMEM = {
// bmpOff,   w,   h,xAdv, xOff, yOff      range 0 (0x1200 - 0x137c)
  {     0,  14,  22,  20,    3,  -21 },   // 0x1200 ha.eth  (#0)
  {    39,  20,  22,  24,    3,  -21 },   // 0x1201 hu.eth  (#1)
  {    94,  14,  24,  17,    2,  -21 },   // 0x1202 hi.eth  (#2)
  {   136,  14,  22,  17,    2,  -21 },   // 0x1203 haa.eth  (#3)
  {   175,  14,  22,  17,    2,  -21 },   // 0x1204 hee.eth  (#4)
  {   214,  18,  22,  23,    2,  -21 },   // 0x1205 uni05D4.eth  (#5)
  {   264,  21,  22,  25,    3,  -21 },   // 0x1206 ho.eth  (#6)
  {   322,  27,  22,  29,    1,  -21 },   // 0x1207 hoa.eth  (#7)
  {   397,  17,  22,  18,    1,  -21 },   // 0x1208 la.eth  (#8)
  {   444,  19,  22,  21,    2,  -21 },   // 0x1209 lu.eth  (#9)
  {   497,  22,  24,  24,    1,  -21 },   // 0x120A li.eth  (#10)
  {   563,  16,  22,  18,    1,  -21 },   // 0x120B laa.eth  (#11)
  {   607,  22,  22,  25,    2,  -21 },   // 0x120C lee.eth  (#12)
  {   668,  19,  22,  21,    1,  -21 },   // 0x120D le.eth  (#13)
  {   721,  25,  22,  27,    1,  -21 },   // 0x120E lo.eth  (#14)
  {   790,  20,  25,  22,    1,  -21 },   // 0x120F lwa.eth  (#15)
  {   853,  19,  22,  23,    2,  -21 },   // 0x1210 hha.eth  (#16)
  {   906,  24,  22,  27,    2,  -21 },   // 0x1211 hhu.eth  (#17)
  {   972,  25,  24,  27,    2,  -21 },   // 0x1212 hhi.eth  (#18)
  {  1047,  19,  22,  23,    2,  -21 },   // 0x1213 hhaa.eth  (#19)
  {  1100,  26,  22,  29,    2,  -21 },   // 0x1214 hhee.eth  (#20)
  {  1172,  19,  25,  23,    2,  -24 },   // 0x1215 hhe.eth  (#21)
  {  1232,  19,  22,  23,    2,  -21 },   // 0x1216 hho.eth  (#22)
  {  1285,  25,  25,  28,    2,  -21 },   // 0x1217 hhwa.eth  (#23)
  {  1364,  26,  22,  30,    2,  -21 },   // 0x1218 ma.eth  (#24)
  {  1436,  32,  22,  35,    2,  -21 },   // 0x1219 uni03BC.eth  (#25)
  {  1524,  29,  24,  30,    1,  -21 },   // 0x121A mi.eth  (#26)
  {  1611,  26,  22,  28,    1,  -21 },   // 0x121B maa.eth  (#27)
  {  1683,  28,  22,  30,    1,  -21 },   // 0x121C mee.eth  (#28)
  {  1760,  25,  22,  27,    1,  -21 },   // 0x121D me.eth  (#29)
  {  1829,  25,  22,  27,    1,  -21 },   // 0x121E mo.eth  (#30)
  {  1898,  26,  25,  28,    1,  -21 },   // 0x121F mwa.eth  (#31)
  {  1980,  21,  22,  27,    3,  -21 },   // 0x1220 sza.eth  (#32)
  {  2038,  27,  22,  31,    3,  -21 },   // 0x1221 szu.eth  (#33)
  {  2113,  24,  24,  27,    3,  -21 },   // 0x1222 szi.eth  (#34)
  {  2185,  21,  22,  27,    3,  -21 },   // 0x1223 szaa.eth  (#35)
  {  2243,  24,  22,  28,    3,  -21 },   // 0x1224 szee.eth  (#36)
  {  2309,  26,  22,  30,    1,  -21 },   // 0x1225 sze.eth  (#37)
  {  2381,  21,  22,  27,    3,  -21 },   // 0x1226 szo.eth  (#38)
  {  2439,  21,  25,  27,    3,  -21 },   // 0x1227 szwa.eth  (#39)
  {  2505,  15,  24,  18,    2,  -21 },   // 0x1228 ra.eth  (#40)
  {  2550,  18,  22,  20,    2,  -21 },   // 0x1229 ru.eth  (#41)
  {  2600,  15,  22,  19,    2,  -21 },   // 0x122A ri.eth  (#42)
  {  2642,  19,  22,  22,    2,  -21 },   // 0x122B raa.eth  (#43)
  {  2695,  17,  22,  20,    2,  -21 },   // 0x122C ree.eth  (#44)
  {  2742,  13,  24,  16,    2,  -21 },   // 0x122D re.eth  (#45)
  {  2781,  16,  24,  19,    2,  -21 },   // 0x122E ro.eth  (#46)
  {  2829,  19,  25,  22,    2,  -24 },   // 0x122F rwa.eth  (#47)
  {  2889,  13,  24,  19,    3,  -23 },   // 0x1230 sa.eth  (#48)
  {  2928,  19,  24,  23,    3,  -23 },   // 0x1231 su.eth  (#49)
  {  2985,  20,  26,  24,    3,  -23 },   // 0x1232 si.eth  (#50)
  {  3050,  14,  24,  20,    3,  -23 },   // 0x1233 saa.eth  (#51)
  {  3092,  21,  24,  25,    3,  -23 },   // 0x1234 see.eth  (#52)
  {  3155,  14,  24,  20,    3,  -23 },   // 0x1235 se.eth  (#53)
  {  3197,  14,  24,  20,    3,  -23 },   // 0x1236 so.eth  (#54)
  {  3239,  21,  27,  22,    1,  -23 },   // 0x1237 swa.eth  (#55)
  {  3310,  15,  27,  19,    2,  -26 },   // 0x1238 sha.eth  (#56)
  {  3361,  21,  27,  24,    2,  -26 },   // 0x1239 shu.eth  (#57)
  {  3432,  21,  29,  24,    2,  -26 },   // 0x123A shi.eth  (#58)
  {  3509,  16,  27,  20,    2,  -26 },   // 0x123B shaa.eth  (#59)
  {  3563,  22,  27,  25,    2,  -26 },   // 0x123C shee.eth  (#60)
  {  3638,  17,  27,  20,    1,  -26 },   // 0x123D she.eth  (#61)
  {  3696,  16,  27,  20,    2,  -26 },   // 0x123E uni03F8.eth  (#62)
  {  3750,  21,  30,  22,    1,  -26 },   // 0x123F shwa.eth  (#63)
  {  3829,  17,  22,  19,    1,  -21 },   // 0x1240 qa.eth  (#64)
  {  3876,  18,  22,  20,    1,  -21 },   // 0x1241 qu.eth  (#65)
  {  3926,  18,  24,  20,    1,  -21 },   // 0x1242 qi.eth  (#66)
  {  3980,  18,  25,  20,    1,  -21 },   // 0x1243 qaa.eth  (#67)
  {  4037,  18,  22,  20,    1,  -21 },   // 0x1244 qee.eth  (#68)
  {  4087,  18,  27,  20,    1,  -26 },   // 0x1245 qe.eth  (#69)
  {  4148,  18,  24,  20,    1,  -23 },   // 0x1246 qo.eth  (#70)
  {  4202,  18,  26,  20,    1,  -23 },   // 0x1247 qoa.eth  (#71)
  {  4261,  22,  22,  24,    1,  -21 },   // 0x1248 qwa.eth  (#72)
  {     0,   0,   0,   0,    0,    0 },   // 0x1249   (#73)
  {  4322,  28,  22,  29,    1,  -21 },   // 0x124A qwi.eth  (#74)
  {  4399,  18,  22,  20,    1,  -21 },   // 0x124B qwaa.eth  (#75)
  {  4449,  18,  25,  20,    1,  -21 },   // 0x124C qwee.eth  (#76)
  {  4506,  28,  22,  29,    1,  -21 },   // 0x124D qwe.eth  (#77)
  {     0,   0,   0,   0,    0,    0 },   // 0x124E   (#78)
  {     0,   0,   0,   0,    0,    0 },   // 0x124F   (#79)
  {  4583,  17,  27,  19,    1,  -26 },   // 0x1250 qha.eth  (#80)
  {  4641,  18,  27,  20,    1,  -26 },   // 0x1251 qhu.eth  (#81)
  {  4702,  18,  29,  20,    1,  -26 },   // 0x1252 qhi.eth  (#82)
  {  4768,  18,  30,  21,    2,  -26 },   // 0x1253 qhaa.eth  (#83)
  {  4836,  18,  27,  20,    1,  -26 },   // 0x1254 qhee.eth  (#84)
  {  4897,  22,  27,  23,    0,  -26 },   // 0x1255 qhe.eth  (#85)
  {  4972,  20,  27,  20,    0,  -26 },   // 0x1256 qho.eth  (#86)
  {     0,   0,   0,   0,    0,    0 },   // 0x1257   (#87)
  {  5040,  21,  27,  23,    1,  -26 },   // 0x1258 qhwa.eth  (#88)
  {     0,   0,   0,   0,    0,    0 },   // 0x1259   (#89)
  {  5111,  28,  27,  29,    1,  -26 },   // 0x125A qhwi.eth  (#90)
  {  5206,  18,  27,  20,    1,  -26 },   // 0x125B qhwaa.eth  (#91)
  {  5267,  18,  30,  20,    1,  -26 },   // 0x125C qhwee.eth  (#92)
  {  5335,  28,  27,  29,    1,  -26 },   // 0x125D qhwe.eth  (#93)
  {     0,   0,   0,   0,    0,    0 },   // 0x125E   (#94)
  {     0,   0,   0,   0,    0,    0 },   // 0x125F   (#95)
  {  5430,  14,  22,  20,    3,  -21 },   // 0x1260 ba.eth  (#96)
  {  5469,  20,  22,  24,    3,  -21 },   // 0x1261 bu.eth  (#97)
  {  5524,  20,  24,  24,    3,  -21 },   // 0x1262 bi.eth  (#98)
  {  5584,  14,  22,  20,    3,  -21 },   // 0x1263 baa.eth  (#99)
  {  5623,  21,  22,  25,    3,  -21 },   // 0x1264 bee.eth  (#100)
  {  5681,  20,  22,  24,    1,  -21 },   // 0x1265 be.eth  (#101)
  {  5736,  14,  22,  20,    3,  -21 },   // 0x1266 bo.eth  (#102)
  {  5775,  21,  25,  22,    0,  -21 },   // 0x1267 bwa.eth  (#103)
  {  5841,  16,  27,  20,    2,  -26 },   // 0x1268 va.eth  (#104)
  {  5895,  22,  27,  25,    2,  -26 },   // 0x1269 vu.eth  (#105)
  {  5970,  21,  29,  24,    2,  -26 },   // 0x126A vi.eth  (#106)
  {  6047,  16,  27,  19,    1,  -26 },   // 0x126B vaa.eth  (#107)
  {  6101,  22,  27,  25,    2,  -26 },   // 0x126C vee.eth  (#108)
  {  6176,  21,  27,  23,    0,  -26 },   // 0x126D ve.eth  (#109)
  {  6247,  16,  27,  20,    2,  -26 },   // 0x126E vo.eth  (#110)
  {  6301,  21,  30,  22,    0,  -26 },   // 0x126F vwa.eth  (#111)
  {  6380,  19,  22,  19,    0,  -21 },   // 0x1270 ta.eth  (#112)
  {  6433,  19,  22,  19,    0,  -21 },   // 0x1271 tu.eth  (#113)
  {  6486,  19,  24,  19,    0,  -21 },   // 0x1272 ti.eth  (#114)
  {  6543,  18,  25,  20,    1,  -21 },   // 0x1273 taa.eth  (#115)
  {  6600,  18,  22,  19,    0,  -21 },   // 0x1274 tee.eth  (#116)
  {  6650,  17,  25,  19,    1,  -24 },   // 0x1275 te.eth  (#117)
  {  6704,  18,  24,  19,    0,  -23 },   // 0x1276 to.eth  (#118)
  {  6758,  19,  25,  19,    0,  -21 },   // 0x1277 twa.eth  (#119)
  {  6818,  19,  27,  19,    0,  -26 },   // 0x1278 ca.eth  (#120)
  {  6883,  19,  27,  19,    0,  -26 },   // 0x1279 cu.eth  (#121)
  {  6948,  19,  29,  19,    0,  -26 },   // 0x127A ci.eth  (#122)
  {  7017,  19,  30,  20,    1,  -26 },   // 0x127B caa.eth  (#123)
  {  7089,  18,  27,  19,    0,  -26 },   // 0x127C cee.eth  (#124)
  {  7150,  22,  27,  23,    0,  -26 },   // 0x127D ce.eth  (#125)
  {  7225,  19,  27,  20,    1,  -26 },   // 0x127E co.eth  (#126)
  {  7290,  19,  30,  19,    0,  -26 },   // 0x127F cwa.eth  (#127)
  {  7362,  14,  22,  17,    0,  -21 },   // 0x1280 xa.eth  (#128)
  {  7401,  20,  22,  20,    0,  -21 },   // 0x1281 xu.eth  (#129)
  {  7456,  20,  24,  21,    0,  -21 },   // 0x1282 xi.eth  (#130)
  {  7516,  14,  25,  18,    1,  -21 },   // 0x1283 xaa.eth  (#131)
  {  7560,  21,  22,  22,    0,  -21 },   // 0x1284 xee.eth  (#132)
  {  7618,  14,  22,  18,    1,  -21 },   // 0x1285 xe.eth  (#133)
  {  7657,  21,  22,  23,    1,  -21 },   // 0x1286 xo.eth  (#134)
  {  7715,  21,  24,  23,    1,  -21 },   // 0x1287 xoa.eth  (#135)
  {  7778,  25,  22,  26,    0,  -21 },   // 0x1288 xwa.eth  (#136)
  {     0,   0,   0,   0,    0,    0 },   // 0x1289   (#137)
  {  7847,  25,  22,  25,    0,  -21 },   // 0x128A xwi.eth  (#138)
  {  7916,  19,  22,  20,    0,  -21 },   // 0x128B xwaa.eth  (#139)
  {  7969,  21,  25,  22,    0,  -21 },   // 0x128C xwee.eth  (#140)
  {  8035,  24,  22,  25,    0,  -21 },   // 0x128D xwe.eth  (#141)
  {     0,   0,   0,   0,    0,    0 },   // 0x128E   (#142)
  {     0,   0,   0,   0,    0,    0 },   // 0x128F   (#143)
  {  8101,   8,  22,  13,    2,  -21 },   // 0x1290 na.eth  (#144)
  {  8123,  14,  22,  16,    2,  -21 },   // 0x1291 nu.eth  (#145)
  {  8162,  14,  24,  17,    2,  -21 },   // 0x1292 ni.eth  (#146)
  {  8204,  13,  22,  15,    2,  -21 },   // 0x1293 naa.eth  (#147)
  {  8240,  12,  22,  15,    2,  -21 },   // 0x1294 nee.eth  (#148)
  {  8273,  14,  22,  15,    0,  -21 },   // 0x1295 ne.eth  (#149)
  {  8312,  16,  22,  19,    2,  -21 },   // 0x1296 no.eth  (#150)
  {  8356,  17,  25,  19,    1,  -21 },   // 0x1297 nwa.eth  (#151)
  {  8410,  15,  25,  18,    1,  -24 },   // 0x1298 nya.eth  (#152)
  {  8457,  21,  25,  22,    1,  -24 },   // 0x1299 nyu.eth  (#153)
  {  8523,  21,  27,  22,    1,  -24 },   // 0x129A nyi.eth  (#154)
  {  8594,  16,  25,  17,    0,  -24 },   // 0x129B nyaa.eth  (#155)
  {  8644,  17,  25,  19,    1,  -24 },   // 0x129C nyee.eth  (#156)
  {  8698,  16,  25,  17,    0,  -24 },   // 0x129D nye.eth  (#157)
  {  8748,  19,  25,  21,    1,  -24 },   // 0x129E nyo.eth  (#158)
  {  8808,  18,  28,  18,    0,  -24 },   // 0x129F nywa.eth  (#159)
  {  8871,  14,  22,  17,    2,  -21 },   // 0x12A0 aGlottal.eth  (#160)
  {  8910,  19,  22,  21,    2,  -21 },   // 0x12A1 uGlottal.eth  (#161)
  {  8963,  20,  24,  23,    2,  -21 },   // 0x12A2 iGlottal.eth  (#162)
  {  9023,  14,  22,  17,    2,  -21 },   // 0x12A3 aaGlottal.eth  (#163)
  {  9062,  21,  22,  24,    2,  -21 },   // 0x12A4 eeGlottal.eth  (#164)
  {  9120,  14,  22,  17,    2,  -21 },   // 0x12A5 eGlottal.eth  (#165)
  {  9159,  14,  22,  17,    2,  -21 },   // 0x12A6 oGlottal.eth  (#166)
  {  9198,  18,  25,  19,    0,  -24 },   // 0x12A7 waGlottal.eth  (#167)
  {  9255,  16,  24,  21,    2,  -23 },   // 0x12A8 ka.eth  (#168)
  {  9303,  22,  24,  25,    2,  -23 },   // 0x12A9 ku.eth  (#169)
  {  9369,  22,  26,  25,    2,  -23 },   // 0x12AA ki.eth  (#170)
  {  9441,  16,  24,  21,    2,  -23 },   // 0x12AB kaa.eth  (#171)
  {  9489,  23,  24,  26,    2,  -23 },   // 0x12AC kee.eth  (#172)
  {  9558,  16,  24,  21,    2,  -23 },   // 0x12AD ke.eth  (#173)
  {  9606,  16,  24,  21,    2,  -23 },   // 0x12AE ko.eth  (#174)
  {  9654,  20,  24,  23,    0,  -23 },   // 0x12AF koa.eth  (#175)
  {  9714,  28,  24,  31,    2,  -23 },   // 0x12B0 kwa.eth  (#176)
  {     0,   0,   0,   0,    0,    0 },   // 0x12B1   (#177)
  {  9798,  26,  24,  28,    2,  -23 },   // 0x12B2 kwi.eth  (#178)
  {  9876,  19,  24,  22,    2,  -23 },   // 0x12B3 kwaa.eth  (#179)
  {  9933,  23,  27,  26,    2,  -23 },   // 0x12B4 kwee.eth  (#180)
  { 10011,  26,  24,  28,    2,  -23 },   // 0x12B5 kwe.eth  (#181)
  {     0,   0,   0,   0,    0,    0 },   // 0x12B6   (#182)
  {     0,   0,   0,   0,    0,    0 },   // 0x12B7   (#183)
  { 10089,  23,  27,  26,    0,  -26 },   // 0x12B8 kxa.eth  (#184)
  { 10167,  29,  27,  30,    0,  -26 },   // 0x12B9 kxu.eth  (#185)
  { 10265,  29,  29,  30,    0,  -26 },   // 0x12BA kxi.eth  (#186)
  { 10371,  22,  27,  26,    1,  -26 },   // 0x12BB kxaa.eth  (#187)
  { 10446,  30,  27,  31,    0,  -26 },   // 0x12BC kxee.eth  (#188)
  { 10548,  23,  27,  26,    0,  -26 },   // 0x12BD kxe.eth  (#189)
  { 10626,  22,  27,  26,    1,  -26 },   // 0x12BE kxo.eth  (#190)
  {     0,   0,   0,   0,    0,    0 },   // 0x12BF   (#191)
  { 10701,  35,  27,  36,    0,  -26 },   // 0x12C0 kxwa.eth  (#192)
  {     0,   0,   0,   0,    0,    0 },   // 0x12C1   (#193)
  { 10820,  33,  27,  33,    0,  -26 },   // 0x12C2 kxwi.eth  (#194)
  { 10932,  26,  30,  27,    1,  -26 },   // 0x12C3 kxwaa.eth  (#195)
  { 11030,  29,  30,  31,    1,  -26 },   // 0x12C4 kxwee.eth  (#196)
  { 11139,  32,  27,  33,    0,  -26 },   // 0x12C5 kxwe.eth  (#197)
  {     0,   0,   0,   0,    0,    0 },   // 0x12C6   (#198)
  {     0,   0,   0,   0,    0,    0 },   // 0x12C7   (#199)
  { 11247,  19,  22,  23,    2,  -21 },   // 0x12C8 wa.eth  (#200)
  { 11300,  24,  22,  26,    2,  -21 },   // 0x12C9 wu.eth  (#201)
  { 11366,  19,  24,  21,    1,  -21 },   // 0x12CA wi.eth  (#202)
  { 11423,  19,  22,  21,    1,  -21 },   // 0x12CB waa.eth  (#203)
  { 11476,  19,  22,  21,    1,  -21 },   // 0x12CC wee.eth  (#204)
  { 11529,  24,  22,  27,    2,  -21 },   // 0x12CD we.eth  (#205)
  { 11595,  19,  22,  21,    1,  -21 },   // 0x12CE wo.eth  (#206)
  { 11648,  25,  22,  27,    1,  -21 },   // 0x12CF woa.eth  (#207)
  { 11717,  14,  22,  18,    2,  -21 },   // 0x12D0 aPhr.eth  (#208)
  { 11756,  20,  22,  23,    2,  -21 },   // 0x12D1 uPhr.eth  (#209)
  { 11811,  19,  24,  20,    1,  -21 },   // 0x12D2 iPhr.eth  (#210)
  { 11868,  16,  22,  18,    1,  -21 },   // 0x12D3 aaPhr.eth  (#211)
  { 11912,  20,  22,  22,    1,  -21 },   // 0x12D4 eePhr.eth  (#212)
  { 11967,  15,  24,  19,    2,  -23 },   // 0x12D5 ePhr.eth  (#213)
  { 12012,  14,  22,  16,    1,  -21 },   // 0x12D6 oPhr.eth  (#214)
  {     0,   0,   0,   0,    0,    0 },   // 0x12D7   (#215)
  { 12051,  12,  22,  18,    3,  -21 },   // 0x12D8 za.eth  (#216)
  { 12084,  18,  22,  22,    3,  -21 },   // 0x12D9 zu.eth  (#217)
  { 12134,  18,  24,  22,    3,  -21 },   // 0x12DA zi.eth  (#218)
  { 12188,  12,  22,  18,    3,  -21 },   // 0x12DB zaa.eth  (#219)
  { 12221,  19,  22,  23,    3,  -21 },   // 0x12DC zee.eth  (#220)
  { 12274,  18,  22,  22,    1,  -21 },   // 0x12DD ze.eth  (#221)
  { 12324,  12,  22,  18,    3,  -21 },   // 0x12DE zo.eth  (#222)
  { 12357,  17,  25,  20,    3,  -21 },   // 0x12DF zwa.eth  (#223)
  { 12411,  24,  22,  26,    1,  -21 },   // 0x12E0 zha.eth  (#224)
  { 12477,  24,  22,  26,    1,  -21 },   // 0x12E1 zhu.eth  (#225)
  { 12543,  24,  24,  26,    1,  -21 },   // 0x12E2 zhi.eth  (#226)
  { 12615,  24,  22,  26,    1,  -21 },   // 0x12E3 zhaa.eth  (#227)
  { 12681,  25,  22,  27,    1,  -21 },   // 0x12E4 zhee.eth  (#228)
  { 12750,  25,  27,  26,    0,  -26 },   // 0x12E5 zhe.eth  (#229)
  { 12835,  24,  22,  26,    1,  -21 },   // 0x12E6 zho.eth  (#230)
  { 12901,  24,  25,  26,    1,  -21 },   // 0x12E7 zhwa.eth  (#231)
  { 12976,  11,  22,  14,    2,  -21 },   // 0x12E8 ya.eth  (#232)
  { 13007,  14,  22,  17,    2,  -21 },   // 0x12E9 yu.eth  (#233)
  { 13046,  18,  22,  20,    2,  -21 },   // 0x12EA yi.eth  (#234)
  { 13096,  14,  24,  15,    0,  -21 },   // 0x12EB yaa.eth  (#235)
  { 13138,  18,  22,  21,    2,  -21 },   // 0x12EC yee.eth  (#236)
  { 13188,  20,  25,  23,    1,  -21 },   // 0x12ED ye.eth  (#237)
  { 13251,  18,  22,  20,    2,  -21 },   // 0x12EE yo.eth  (#238)
  { 13301,  23,  22,  23,    0,  -21 },   // 0x12EF yoa.eth  (#239)
  { 13365,  18,  22,  19,    0,  -21 },   // 0x12F0 da.eth  (#240)
  { 13415,  25,  22,  27,    1,  -21 },   // 0x12F1 du.eth  (#241)
  { 13484,  25,  24,  27,    1,  -21 },   // 0x12F2 di.eth  (#242)
  { 13559,  19,  22,  23,    1,  -21 },   // 0x12F3 daa.eth  (#243)
  { 13612,  21,  22,  23,    1,  -21 },   // 0x12F4 dee.eth  (#244)
  { 13670,  22,  22,  22,    0,  -21 },   // 0x12F5 de.eth  (#245)
  { 13731,  20,  22,  22,    1,  -21 },   // 0x12F6 do.eth  (#246)
  { 13786,  21,  25,  23,    1,  -21 },   // 0x12F7 dwa.eth  (#247)
  { 13852,  18,  24,  19,    0,  -23 },   // 0x12F8 dda.eth  (#248)
  { 13906,  25,  24,  26,    1,  -23 },   // 0x12F9 ddu.eth  (#249)
  { 13981,  25,  26,  26,    1,  -23 },   // 0x12FA ddi.eth  (#250)
  { 14063,  19,  24,  23,    1,  -23 },   // 0x12FB ddaa.eth  (#251)
  { 14120,  21,  25,  23,    1,  -24 },   // 0x12FC ddee.eth  (#252)
  { 14186,  21,  24,  22,    0,  -23 },   // 0x12FD dde.eth  (#253)
  { 14249,  20,  24,  22,    1,  -23 },   // 0x12FE ddo.eth  (#254)
  { 14309,  23,  27,  23,    0,  -23 },   // 0x12FF ddwa.eth  (#255)
  { 14387,  17,  25,  19,    1,  -24 },   // 0x1300 ja.eth  (#256)
  { 14441,  25,  25,  27,    1,  -24 },   // 0x1301 ju.eth  (#257)
  { 14520,  25,  27,  26,    1,  -24 },   // 0x1302 ji.eth  (#258)
  { 14605,  20,  25,  22,    1,  -24 },   // 0x1303 jaa.eth  (#259)
  { 14668,  23,  25,  25,    1,  -24 },   // 0x1304 jee.eth  (#260)
  { 14740,  21,  25,  22,    1,  -24 },   // 0x1305 je.eth  (#261)
  { 14806,  21,  25,  22,    1,  -24 },   // 0x1306 jo.eth  (#262)
  { 14872,  25,  28,  26,    1,  -24 },   // 0x1307 jwa.eth  (#263)
  { 14960,  15,  22,  18,    0,  -21 },   // 0x1308 ga.eth  (#264)
  { 15002,  21,  22,  22,    0,  -21 },   // 0x1309 gu.eth  (#265)
  { 15060,  21,  24,  22,    0,  -21 },   // 0x130A gi.eth  (#266)
  { 15123,  15,  25,  19,    1,  -21 },   // 0x130B gaa.eth  (#267)
  { 15170,  22,  22,  23,    0,  -21 },   // 0x130C gee.eth  (#268)
  { 15231,  20,  22,  24,    1,  -21 },   // 0x130D ge.eth  (#269)
  { 15286,  15,  24,  18,    0,  -23 },   // 0x130E go.eth  (#270)
  { 15331,  15,  26,  19,    1,  -23 },   // 0x130F goa.eth  (#271)
  { 15380,  25,  24,  26,    0,  -23 },   // 0x1310 gwa.eth  (#272)
  {     0,   0,   0,   0,    0,    0 },   // 0x1311   (#273)
  { 15455,  26,  22,  26,    0,  -21 },   // 0x1312 gwi.eth  (#274)
  { 15527,  14,  22,  18,    1,  -21 },   // 0x1313 gwaa.eth  (#275)
  { 15566,  22,  25,  23,    0,  -21 },   // 0x1314 gwee.eth  (#276)
  { 15635,  26,  22,  26,    0,  -21 },   // 0x1315 gwe.eth  (#277)
  {     0,   0,   0,   0,    0,    0 },   // 0x1316   (#278)
  {     0,   0,   0,   0,    0,    0 },   // 0x1317   (#279)
  { 15707,  16,  25,  19,    1,  -24 },   // 0x1318 gga.eth  (#280)
  { 15757,  21,  25,  23,    1,  -24 },   // 0x1319 ggu.eth  (#281)
  { 15823,  21,  27,  23,    1,  -24 },   // 0x131A ggi.eth  (#282)
  { 15894,  16,  28,  19,    0,  -24 },   // 0x131B ggaa.eth  (#283)
  { 15950,  22,  25,  24,    1,  -24 },   // 0x131C ggee.eth  (#284)
  { 16019,  21,  25,  24,    0,  -24 },   // 0x131D gge.eth  (#285)
  { 16085,  19,  27,  20,    1,  -26 },   // 0x131E ggo.eth  (#286)
  { 16150,  21,  28,  23,    2,  -24 },   // 0x131F ggwaa.eth  (#287)
  { 16224,  25,  22,  31,    3,  -21 },   // 0x1320 tha.eth  (#288)
  { 16293,  31,  22,  34,    3,  -21 },   // 0x1321 thu.eth  (#289)
  { 16379,  31,  24,  34,    3,  -21 },   // 0x1322 thi.eth  (#290)
  { 16472,  25,  22,  31,    3,  -21 },   // 0x1323 thaa.eth  (#291)
  { 16541,  32,  22,  36,    3,  -21 },   // 0x1324 thee.eth  (#292)
  { 16629,  26,  22,  32,    3,  -21 },   // 0x1325 the.eth  (#293)
  { 16701,  25,  22,  31,    3,  -21 },   // 0x1326 tho.eth  (#294)
  { 16770,  29,  25,  33,    3,  -21 },   // 0x1327 thwa.eth  (#295)
  { 16861,  31,  22,  35,    3,  -21 },   // 0x1328 cha.eth  (#296)
  { 16947,  31,  22,  35,    3,  -21 },   // 0x1329 chu.eth  (#297)
  { 17033,  31,  25,  35,    3,  -21 },   // 0x132A chi.eth  (#298)
  { 17130,  31,  22,  35,    3,  -21 },   // 0x132B chaa.eth  (#299)
  { 17216,  36,  22,  40,    3,  -21 },   // 0x132C chee.eth  (#300)
  { 17315,  32,  22,  36,    3,  -21 },   // 0x132D che.eth  (#301)
  { 17403,  31,  22,  35,    3,  -21 },   // 0x132E cho.eth  (#302)
  { 17489,  31,  25,  34,    3,  -21 },   // 0x132F chwa.eth  (#303)
  { 17586,  15,  24,  17,    1,  -23 },   // 0x1330 pha.eth  (#304)
  { 17631,  22,  24,  23,    1,  -23 },   // 0x1331 phu.eth  (#305)
  { 17697,  21,  26,  22,    1,  -23 },   // 0x1332 phi.eth  (#306)
  { 17766,  15,  24,  17,    1,  -23 },   // 0x1333 phaa.eth  (#307)
  { 17811,  22,  25,  24,    1,  -24 },   // 0x1334 phee.eth  (#308)
  { 17880,  19,  24,  20,    1,  -23 },   // 0x1335 phe.eth  (#309)
  { 17937,  15,  24,  17,    1,  -23 },   // 0x1336 pho.eth  (#310)
  { 17982,  20,  27,  22,    1,  -23 },   // 0x1337 phwa.eth  (#311)
  { 18050,  15,  22,  17,    1,  -21 },   // 0x1338 tsa.eth  (#312)
  { 18092,  21,  22,  22,    1,  -21 },   // 0x1339 tsu.eth  (#313)
  { 18150,  21,  24,  22,    1,  -21 },   // 0x133A tsi.eth  (#314)
  { 18213,  15,  22,  17,    1,  -21 },   // 0x133B tsaa.eth  (#315)
  { 18255,  22,  22,  24,    1,  -21 },   // 0x133C tsee.eth  (#316)
  { 18316,  18,  22,  20,    1,  -21 },   // 0x133D tse.eth  (#317)
  { 18366,  15,  22,  17,    1,  -21 },   // 0x133E tso.eth  (#318)
  { 18408,  21,  25,  22,    1,  -21 },   // 0x133F tswa.eth  (#319)
  { 18474,  14,  22,  18,    2,  -21 },   // 0x1340 tza.eth  (#320)
  { 18513,  20,  22,  22,    2,  -21 },   // 0x1341 tzu.eth  (#321)
  { 18568,  16,  24,  18,    1,  -21 },   // 0x1342 tzi.eth  (#322)
  { 18616,  13,  22,  16,    1,  -21 },   // 0x1343 tzaa.eth  (#323)
  { 18652,  16,  22,  18,    1,  -21 },   // 0x1344 tzee.eth  (#324)
  { 18696,  14,  24,  18,    2,  -23 },   // 0x1345 tze.eth  (#325)
  { 18738,  14,  22,  16,    1,  -21 },   // 0x1346 tzo.eth  (#326)
  { 18777,  17,  22,  19,    1,  -21 },   // 0x1347 tzoa.eth  (#327)
  { 18824,  19,  24,  21,    2,  -21 },   // 0x1348 fa.eth  (#328)
  { 18881,  17,  24,  20,    2,  -23 },   // 0x1349 fu.eth  (#329)
  { 18932,  18,  22,  21,    2,  -21 },   // 0x134A fi.eth  (#330)
  { 18982,  18,  24,  20,    2,  -23 },   // 0x134B faa.eth  (#331)
  { 19036,  21,  22,  24,    2,  -21 },   // 0x134C fee.eth  (#332)
  { 19094,  17,  22,  20,    2,  -21 },   // 0x134D fe.eth  (#333)
  { 19141,  18,  24,  20,    2,  -21 },   // 0x134E fo.eth  (#334)
  { 19195,  19,  25,  20,    1,  -21 },   // 0x134F fwa.eth  (#335)
  { 19255,  19,  22,  19,    0,  -21 },   // 0x1350 pa.eth  (#336)
  { 19308,  19,  22,  19,    0,  -21 },   // 0x1351 pu.eth  (#337)
  { 19361,  19,  24,  19,    0,  -21 },   // 0x1352 pi.eth  (#338)
  { 19418,  18,  25,  20,    1,  -21 },   // 0x1353 paa.eth  (#339)
  { 19475,  18,  22,  19,    0,  -21 },   // 0x1354 pee.eth  (#340)
  { 19525,  19,  22,  19,    0,  -21 },   // 0x1355 uni05E4.eth  (#341)
  { 19578,  19,  22,  22,    2,  -21 },   // 0x1356 po.eth  (#342)
  { 19631,  19,  25,  19,    0,  -21 },   // 0x1357 pwa.eth  (#343)
  { 19691,  19,  24,  21,    2,  -23 },   // 0x1358 rya.eth  (#344)
  { 19748,  30,  28,  32,    1,  -25 },   // 0x1359 mya.eth  (#345)
  { 19853,  19,  24,  21,    2,  -23 },   // 0x135A fya.eth  (#346)
  {     0,   0,   0,   0,    0,    0 },   // 0x135B   (#347)
  {     0,   0,   0,   0,    0,    0 },   // 0x135C   (#348)
  { 19910,  18,   4,   0,   -9,  -28 },   // 0x135D uni135D  (#349)
  { 19919,   4,   4,   0,   -2,  -28 },   // 0x135E uni135E  (#350)
  { 19921,  11,   4,   0,   -6,  -28 },   // 0x135F uni135F  (#351)
  { 19927,  22,  22,  24,    1,  -21 },   // 0x1360 sectionmark.eth  (#352)
  { 19988,   4,  13,   8,    2,  -17 },   // 0x1361 wordspace.eth  (#353)
  { 19995,  11,  13,  15,    2,  -17 },   // 0x1362 period.eth  (#354)
  { 20013,   8,  14,  12,    2,  -17 },   // 0x1363 comma.eth  (#355)
  { 20027,   8,  19,  12,    2,  -20 },   // 0x1364 semicolon.eth  (#356)
  { 20046,   8,  15,  12,    2,  -18 },   // 0x1365 colon.eth  (#357)
  { 20061,  14,  13,  18,    2,  -17 },   // 0x1366 prefacecolon.eth  (#358)
  { 20084,   4,  19,   8,    2,  -20 },   // 0x1367 question.eth  (#359)
  { 20094,  16,  19,  20,    2,  -20 },   // 0x1368 uni2029.eth  (#360)
  { 20132,  17,  28,  17,    0,  -24 },   // 0x1369 one.eth  (#361)
  { 20192,  16,  28,  18,    1,  -24 },   // 0x136A two.eth  (#362)
  { 20248,  17,  28,  18,    1,  -24 },   // 0x136B three.eth  (#363)
  { 20308,  16,  28,  18,    1,  -24 },   // 0x136C four.eth  (#364)
  { 20364,  17,  28,  18,    1,  -24 },   // 0x136D five.eth  (#365)
  { 20424,  17,  28,  18,    0,  -24 },   // 0x136E six.eth  (#366)
  { 20484,  17,  28,  18,    0,  -24 },   // 0x136F seven.eth  (#367)
  { 20544,  18,  28,  18,    0,  -24 },   // 0x1370 eight.eth  (#368)
  { 20607,  18,  28,  18,    0,  -24 },   // 0x1371 nine.eth  (#369)
  { 20670,  17,  28,  17,    0,  -24 },   // 0x1372 ten.eth  (#370)
  { 20730,  18,  28,  20,    1,  -24 },   // 0x1373 twenty.eth  (#371)
  { 20793,  17,  28,  19,    1,  -24 },   // 0x1374 thirty.eth  (#372)
  { 20853,  17,  28,  19,    1,  -24 },   // 0x1375 forty.eth  (#373)
  { 20913,  17,  28,  19,    1,  -24 },   // 0x1376 fifty.eth  (#374)
  { 20973,  19,  28,  20,    0,  -24 },   // 0x1377 sixty.eth  (#375)
  { 21040,  17,  28,  18,    1,  -24 },   // 0x1378 seventy.eth  (#376)
  { 21100,  24,  28,  24,    0,  -24 },   // 0x1379 eighty.eth  (#377)
  { 21184,  17,  28,  18,    0,  -24 },   // 0x137A ninety.eth  (#378)
  { 21244,  16,  28,  17,    1,  -24 },   // 0x137B hundred.eth  (#379)
  { 21300,  19,  28,  21,    1,  -24 } }; // 0x137C tenthousand.eth  (#380)

const GFXfont NotoSansEthiopic_Regular_Ethiopic_16pt16b PROGMEM = {
  (uint8_t  *)NotoSansEthiopic_Regular_Ethiopic_16pt16bBitmaps,
  (GFXglyph *)NotoSansEthiopic_Regular_Ethiopic_16pt16bGlyphs,
  0x1200, // first
  0x137C, // last
  40   //height
 };

// Approx. 24041 bytes
