#pragma once

// /tmp/fontconvert_pinned -f /home/user/qmk_firmware/keyboards/polykybd/fonts/fantasy/NotoSansRunic-Regular.ttf -s 20 -H auto -v _Runes_ -r 30 -Y 40 -F0xE840 -S 16A8, 16D2, 16B2, 16DE, 16D6, 16A0, 16B7, 16BA, 16C1, 16C3, 16B2, 16DA, 16D7, 16BE, 16DF, 16C8, 16B2, 16B1, 16CA, 16CF, 16A2, 16B9, 16B9, 16C9, 16C7, 16C9 
// Visualize your font via https://tchapi.github.io/Adafruit-GFX-Font-Customiser

/* sequence: 16A8, 16D2, 16B2, 16DE, 16D6, 16A0, 16B7, 16BA, 16C1, 16C3, 16B2, 16DA, 16D7, 16BE, 16DF, 16C8, 16B2, 16B1, 16CA, 16CF, 16A2, 16B9, 16B9, 16C9, 16C7, 16C9 */
const uint8_t NotoSansRunic_Regular_Runes_20pt7bBitmaps[] PROGMEM = {
  /* shaped sequence */  0xFF, 0xFF, 0xFF, 0x0F, 0xFF, 0xFF, 0xFF, 0x0F, 0xFF, 0xFF, 0xFF, 0x0F,
  0xFF, 0xFF, 0xFF, 0x0F, 0x8F, 0x03, 0x00, 0x00, 0x8E, 0x03, 0x00, 0x00,
  0x1E, 0x07, 0x00, 0x00, 0x1C, 0x0F, 0x00, 0x00, 0x38, 0x0E, 0x00, 0x00,
  0x38, 0x0C, 0x00, 0x00, 0x00, 0x00, 0x00, 0x00, 0xFF, 0xFF, 0xFF, 0x0F,
  0xFF, 0xFF, 0xFF, 0x0F, 0xFF, 0xFF, 0xFF, 0x0F, 0xFF, 0xFF, 0xFF, 0x0F,
  0x0F, 0x60, 0x00, 0x0F, 0x0E, 0xF0, 0x80, 0x07, 0x1E, 0xF8, 0x80, 0x03,
  0x3C, 0xF8, 0xC1, 0x03, 0x38, 0xFC, 0xE3, 0x01, 0x78, 0x9E, 0xE3, 0x01,
  0x70, 0x8E, 0xF7, 0x00, 0xF0, 0x0F, 0x7F, 0x00, 0xE0, 0x07, 0x7F, 0x00,
  0xC0, 0x07, 0x3E, 0x00, 0xC0, 0x03, 0x1C, 0x00, 0xE0, 0x03, 0xF0, 0x07,
  0xF8, 0x0F, 0x3C, 0x1F, 0x1F, 0x3E, 0xFF, 0xFF, 0xFF, 0x0F, 0xFF, 0xFF,
  0xFF, 0x0F, 0xFF, 0xFF, 0xFF, 0x0F, 0x3E, 0x00, 0xC0, 0x07, 0xFC, 0x00,
  0xE0, 0x03, 0xF0, 0x01, 0xF8, 0x00, 0xE0, 0x07, 0x7E, 0x00, 0x80, 0x0F,
  0x1F, 0x00, 0x00, 0xFF, 0x0F, 0x00, 0x00, 0xFC, 0x03, 0x00, 0x00, 0xF8,
  0x01, 0x00, 0x00, 0xFC, 0x03, 0x00, 0x00, 0xFF, 0x0F, 0x00, 0x80, 0x0F,
  0x1F, 0x00, 0xE0, 0x03, 0x7C, 0x00, 0xF0, 0x01, 0xF8, 0x00, 0x7C, 0x00,
  0xE0, 0x03, 0x3E, 0x00, 0xC0, 0x07, 0xFF, 0xFF, 0xFF, 0x0F, 0xFF, 0xFF,
  0xFF, 0x0F, 0xFF, 0xFF, 0xFF, 0x0F, 0xFF, 0xFF, 0xFF, 0x0F, 0xFF, 0xFF,
  0xFF, 0x0F, 0xFF, 0xFF, 0xFF, 0x0F, 0xFF, 0xFF, 0xFF, 0x0F, 0x0F, 0x00,
  0x00, 0x00, 0x1E, 0x00, 0x00, 0x00, 0x3C, 0x00, 0x00, 0x00, 0x38, 0x00,
  0x00, 0x00, 0x78, 0x00, 0x00, 0x00, 0xF0, 0x00, 0x00, 0x00, 0xE0, 0x01,
  0x00, 0x00, 0xF0, 0x00, 0x00, 0x00, 0xF0, 0x00, 0x00, 0x00, 0x78, 0x00,
  0x00, 0x00, 0x3C, 0x00, 0x00, 0x00, 0x3C, 0x00, 0x00, 0x00, 0x1E, 0x00,
  0x00, 0x00, 0x0F, 0x00, 0x00, 0x00, 0xFF, 0xFF, 0xFF, 0x0F, 0xFF, 0xFF,
  0xFF, 0x0F, 0xFF, 0xFF, 0xFF, 0x0F, 0xFF, 0xFF, 0xFF, 0x0F, 0xFF, 0xFF,
  0xFF, 0x0F, 0xFF, 0xFF, 0xFF, 0x0F, 0xFF, 0xFF, 0xFF, 0x0F, 0xFF, 0xFF,
  0xFF, 0x0F, 0x00, 0x87, 0x03, 0x00, 0x80, 0x87, 0x03, 0x00, 0x80, 0x83,
  0x03, 0x00, 0xC0, 0x83, 0x03, 0x00, 0xE0, 0x83, 0x03, 0x00, 0xF8, 0xC1,
  0x03, 0x00, 0xFF, 0xC0, 0x01, 0x00, 0x7F, 0xE0, 0x01, 0x00, 0x3F, 0xE0,
  0x01, 0x00, 0x0F, 0xF0, 0x00, 0x00, 0x00, 0xF8, 0x00, 0x00, 0x00, 0x7C,
  0x00, 0x00, 0x00, 0x3E, 0x00, 0x00, 0x80, 0x3F, 0x00, 0x00, 0xF0, 0x1F,
  0x00, 0x00, 0xFF, 0x07, 0x00, 0x00, 0xFF, 0x03, 0x00, 0x00, 0xFF, 0x00,
  0x00, 0x00, 0x1F, 0x00, 0x00, 0x00, 0x00, 0x00, 0x00, 0x08, 0x01, 0x00,
  0x00, 0x0C, 0x07, 0x00, 0x00, 0x0F, 0x0F, 0x00, 0x80, 0x0F, 0x3F, 0x00,
  0xE0, 0x07, 0x7E, 0x00, 0xF0, 0x01, 0xF8, 0x01, 0xFC, 0x00, 0xE0, 0x03,
  0x3F, 0x00, 0xC0, 0x8F, 0x1F, 0x00, 0x00, 0xFF, 0x07, 0x00, 0x00, 0xFE,
  0x01, 0x00, 0x00, 0xF8, 0x00, 0x00, 0x00, 0xFE, 0x03, 0x00, 0x00, 0xFF,
  0x07, 0x00, 0xC0, 0x8F, 0x1F, 0x00, 0xE0, 0x03, 0x7E, 0x00, 0xF8, 0x01,
  0xFC, 0x00, 0x7E, 0x00, 0xF0, 0x03, 0x3F, 0x00, 0xE0, 0x0F, 0x0F, 0x00,
  0x80, 0x0F, 0x07, 0x00, 0x00, 0x0F, 0x01, 0x00, 0x00, 0x0C, 0x00, 0x00,
  0x00, 0x00, 0xFF, 0xFF, 0xFF, 0x0F, 0xFF, 0xFF, 0xFF, 0x0F, 0xFF, 0xFF,
  0xFF, 0x0F, 0xFF, 0xFF, 0xFF, 0x0F, 0x00, 0x0F, 0x00, 0x00, 0x00, 0x1E,
  0x00, 0x00, 0x00, 0x1C, 0x00, 0x00, 0x00, 0x3C, 0x00, 0x00, 0x00, 0x78,
  0x00, 0x00, 0x00, 0x78, 0x00, 0x00, 0x00, 0xF0, 0x00, 0x00, 0x00, 0xE0,
  0x00, 0x00, 0x00, 0xE0, 0x01, 0x00, 0x00, 0xC0, 0x03, 0x00, 0x00, 0x80,
  0x03, 0x00, 0x00, 0x80, 0x07, 0x00, 0x00, 0x00, 0x0F, 0x00, 0xFF, 0xFF,
  0xFF, 0x0F, 0xFF, 0xFF, 0xFF, 0x0F, 0xFF, 0xFF, 0xFF, 0x0F, 0xFF, 0xFF,
  0xFF, 0x0F, 0xFF, 0xFF, 0xFF, 0x0F, 0xFF, 0xFF, 0xFF, 0x0F, 0xFF, 0xFF,
  0xFF, 0x0F, 0xFF, 0xFF, 0xFF, 0x0F, 0xF0, 0x01, 0x00, 0xF8, 0x07, 0x00,
  0xFC, 0x0F, 0x00, 0x1E, 0x0F, 0x00, 0x0F, 0x06, 0x00, 0x00, 0x00, 0x00,
  0x80, 0x00, 0x00, 0x80, 0xC1, 0x03, 0xC0, 0xE3, 0x01, 0xC0, 0xFF, 0x00,
  0x80, 0x7F, 0x00, 0x00, 0x3E, 0x00, 0xE0, 0x03, 0xF0, 0x07, 0xF8, 0x0F,
  0x3C, 0x1F, 0x1F, 0x3E, 0xFF, 0xFF, 0xFF, 0x0F, 0xFF, 0xFF, 0xFF, 0x0F,
  0xFF, 0xFF, 0xFF, 0x0F, 0xFF, 0xFF, 0xFF, 0x0F, 0x0F, 0x00, 0x00, 0x00,
  0x0E, 0x00, 0x00, 0x00, 0x1C, 0x00, 0x00, 0x00, 0x1C, 0x00, 0x00, 0x00,
  0x38, 0x00, 0x00, 0x00, 0x38, 0x00, 0x00, 0x00, 0x00, 0x00, 0x00, 0x00,
  0xFF, 0xFF, 0xFF, 0x0F, 0xFF, 0xFF, 0xFF, 0x0F, 0xFF, 0xFF, 0xFF, 0x0F,
  0x1F, 0xC0, 0x03, 0x00, 0x1E, 0xE0, 0x01, 0x00, 0x3C, 0xF0, 0x00, 0x00,
  0x78, 0x78, 0x00, 0x00, 0xF0, 0x3C, 0x00, 0x00, 0xE0, 0x1F, 0x00, 0x00,
  0xC0, 0x1F, 0x00, 0x00, 0x80, 0x0F, 0x00, 0x00, 0x80, 0x0F, 0x00, 0x00,
  0xC0, 0x1F, 0x00, 0x00, 0xE0, 0x1F, 0x00, 0x00, 0xF0, 0x3C, 0x00, 0x00,
  0x78, 0x78, 0x00, 0x00, 0x3C, 0xF0, 0x00, 0x00, 0x1E, 0xE0, 0x01, 0x00,
  0x1F, 0xC0, 0x03, 0x00, 0xFF, 0xFF, 0xFF, 0x0F, 0xFF, 0xFF, 0xFF, 0x0F,
  0xFF, 0xFF, 0xFF, 0x0F, 0x00, 0x04, 0x00, 0x00, 0x00, 0x07, 0x00, 0x00,
  0x00, 0x0F, 0x00, 0x00, 0x00, 0x0E, 0x00, 0x00, 0x00, 0x1C, 0x00, 0x00,
  0x00, 0x1C, 0x00, 0x00, 0x00, 0x38, 0x00, 0x00, 0xFF, 0xFF, 0xFF, 0x0F,
  0xFF, 0xFF, 0xFF, 0x0F, 0xFF, 0xFF, 0xFF, 0x0F, 0xFF, 0xFF, 0xFF, 0x0F,
  0x00, 0xE0, 0x01, 0x00, 0x00, 0xC0, 0x01, 0x00, 0x00, 0x80, 0x03, 0x00,
  0x00, 0x80, 0x03, 0x00, 0x00, 0x00, 0x07, 0x00, 0x00, 0x00, 0x07, 0x00,
  0x00, 0x00, 0x00, 0x00, 0x00, 0x00, 0x00, 0x00, 0x00, 0x06, 0x00, 0x08,
  0x80, 0x0F, 0x00, 0x0C, 0xC0, 0x3F, 0x00, 0x0F, 0xE0, 0x7F, 0x80, 0x0F,
  0xF0, 0xF9, 0xC0, 0x07, 0x7C, 0xF0, 0xE1, 0x03, 0x3E, 0xE0, 0xF3, 0x01,
  0x1F, 0x80, 0x7F, 0x00, 0x0F, 0x00, 0x3F, 0x00, 0x07, 0x00, 0x1E, 0x00,
  0x0F, 0x80, 0x3F, 0x00, 0x1F, 0xC0, 0xFF, 0x00, 0x3C, 0xE0, 0xF3, 0x01,
  0xF8, 0xF0, 0xE1, 0x03, 0xF0, 0xF9, 0xC0, 0x07, 0xE0, 0x3F, 0x80, 0x0F,
  0x80, 0x1F, 0x00, 0x0E, 0x00, 0x0F, 0x00, 0x0C, 0x00, 0x06, 0x00, 0x08,
  0xFF, 0xFF, 0xFF, 0x0F, 0xFF, 0xFF, 0xFF, 0x0F, 0xFF, 0xFF, 0xFF, 0x0F,
  0xFF, 0xFF, 0xFF, 0x0F, 0x0F, 0x00, 0x00, 0x0F, 0x1E, 0x00, 0x80, 0x07,
  0x3C, 0x00, 0xC0, 0x03, 0x78, 0x00, 0xE0, 0x01, 0xF0, 0x00, 0xF0, 0x00,
  0xF0, 0x00, 0xF0, 0x00, 0x78, 0x00, 0xE0, 0x01, 0x3C, 0x00, 0xC0, 0x03,
  0x1E, 0x00, 0x80, 0x07, 0x0F, 0x00, 0x00, 0x0F, 0xE0, 0x03, 0xF0, 0x07,
  0xF8, 0x0F, 0x3C, 0x1F, 0x1F, 0x3E, 0xFF, 0xFF, 0xFF, 0x0F, 0xFF, 0xFF,
  0xFF, 0x0F, 0xFF, 0xFF, 0xFF, 0x0F, 0xFF, 0xFF, 0xFF, 0x0F, 0x0F, 0x00,
  0x00, 0x00, 0x1E, 0x00, 0x00, 0x00, 0x1E, 0x40, 0x00, 0x00, 0x3C, 0xF0,
  0x03, 0x00, 0x78, 0xFC, 0x1F, 0x00, 0x78, 0xFF, 0xFF, 0x00, 0xF0, 0x1F,
  0xFF, 0x03, 0xF0, 0x0F, 0xF8, 0x0F, 0xE0, 0x03, 0xC0, 0x0F, 0x00, 0x00,
  0x00, 0x0F, 0x00, 0x00, 0x00, 0x08, 0x00, 0x00, 0x00, 0x00, 0xC0, 0x00,
  0x30, 0x00, 0xE0, 0x01, 0x78, 0x00, 0xF0, 0x03, 0xFC, 0x00, 0xF8, 0x07,
  0xFE, 0x01, 0xFC, 0x0F, 0xEF, 0x03, 0x3E, 0x9F, 0xC7, 0x0F, 0x1F, 0xFE,
  0x83, 0x0F, 0x0F, 0xFC, 0x01, 0x0F, 0x07, 0xF8, 0x00, 0x0C, 0x03, 0x70,
  0x00, 0x08, 0x01, 0x20, 0x00, 0x00, 0x00, 0x00, 0x00, 0x00, 0x08, 0x00,
  0x00, 0x00, 0x38, 0x00, 0x00, 0x00, 0x3C, 0x00, 0x00, 0x00, 0x1C, 0x00,
  0x00, 0x00, 0x0E, 0x00, 0x00, 0x00, 0x0E, 0x00, 0x00, 0x00, 0x07, 0x00,
  0x00, 0x00, 0xFF, 0xFF, 0xFF, 0x0F, 0xFF, 0xFF, 0xFF, 0x0F, 0xFF, 0xFF,
  0xFF, 0x0F, 0xFF, 0xFF, 0xFF, 0x0F, 0x0F, 0x00, 0x00, 0x00, 0x0E, 0x00,
  0x00, 0x00, 0x1E, 0x00, 0x00, 0x00, 0x1C, 0x00, 0x00, 0x00, 0x38, 0x00,
  0x00, 0x00, 0x38, 0x00, 0x00, 0x00, 0x00, 0x00, 0x00, 0x00, 0xFF, 0xFF,
  0xFF, 0x07, 0xFF, 0xFF, 0xFF, 0x07, 0xFF, 0xFF, 0xFF, 0x07, 0xFF, 0xFF,
  0xFF, 0x07, 0x07, 0x00, 0x00, 0x00, 0x07, 0x00, 0x00, 0x00, 0x07, 0x00,
  0x00, 0x00, 0x07, 0x00, 0x00, 0x00, 0x0F, 0x00, 0x00, 0x00, 0x0E, 0x00,
  0x00, 0x00, 0x0E, 0x00, 0x00, 0x00, 0x1E, 0x00, 0x00, 0x00, 0x3C, 0x00,
  0x00, 0x00, 0x3C, 0x00, 0x00, 0x00, 0xF8, 0x00, 0x00, 0x00, 0xF0, 0x03,
  0x00, 0x00, 0xE0, 0xFF, 0xFF, 0x07, 0xC0, 0xFF, 0xFF, 0x07, 0x80, 0xFF,
  0xFF, 0x07, 0x00, 0xFC, 0xFF, 0x07, 0xFF, 0xFF, 0xFF, 0x0F, 0xFF, 0xFF,
  0xFF, 0x0F, 0xFF, 0xFF, 0xFF, 0x0F, 0xFF, 0xFF, 0xFF, 0x0F, 0x0F, 0xC0,
  0x07, 0x00, 0x1E, 0xE0, 0x03, 0x00, 0x3C, 0xF0, 0x01, 0x00, 0x78, 0xF8,
  0x00, 0x00, 0xF0, 0x7C, 0x00, 0x00, 0xE0, 0x3F, 0x00, 0x00, 0xC0, 0x1F,
  0x00, 0x00, 0x80, 0x0F, 0x00, 0x00, 0x00, 0x07, 0x00, 0x00, 0xFF, 0xFF,
  0xFF, 0x0F, 0xFF, 0xFF, 0xFF, 0x0F, 0xFF, 0xFF, 0xFF, 0x0F, 0xFF, 0xFF,
  0xFF, 0x0F, 0x0F, 0xC0, 0x07, 0x00, 0x1E, 0xE0, 0x03, 0x00, 0x3C, 0xF0,
  0x01, 0x00, 0x78, 0xF8, 0x00, 0x00, 0xF0, 0x7C, 0x00, 0x00, 0xE0, 0x3F,
  0x00, 0x00, 0xC0, 0x1F, 0x00, 0x00, 0x80, 0x0F, 0x00, 0x00, 0x00, 0x07,
  0x00, 0x00, 0x01, 0x00, 0x00, 0x00, 0x03, 0x00, 0x00, 0x00, 0x0F, 0x00,
  0x00, 0x00, 0x1F, 0x00, 0x00, 0x00, 0x7E, 0x00, 0x00, 0x00, 0xFC, 0x00,
  0x00, 0x00, 0xF0, 0x01, 0x00, 0x00, 0xE0, 0x07, 0x00, 0x00, 0x80, 0x0F,
  0x00, 0x00, 0x00, 0x3F, 0x00, 0x00, 0xFF, 0xFF, 0xFF, 0x0F, 0xFF, 0xFF,
  0xFF, 0x0F, 0xFF, 0xFF, 0xFF, 0x0F, 0xFF, 0xFF, 0xFF, 0x0F, 0x00, 0x3F,
  0x00, 0x00, 0x80, 0x0F, 0x00, 0x00, 0xE0, 0x07, 0x00, 0x00, 0xF0, 0x01,
  0x00, 0x00, 0xFC, 0x00, 0x00, 0x00, 0x7E, 0x00, 0x00, 0x00, 0x1F, 0x00,
  0x00, 0x00, 0x0F, 0x00, 0x00, 0x00, 0x03, 0x00, 0x00, 0x00, 0x01, 0x00,
  0x00, 0x00, 0x00, 0x00, 0x00, 0x00, 0x00, 0x00, 0xC0, 0x01, 0x00, 0x00,
  0xC0, 0x01, 0x00, 0x00, 0x80, 0x03, 0x00, 0x00, 0x80, 0x07, 0x00, 0x00,
  0x00, 0x07, 0x00, 0x00, 0x00, 0x0F, 0xFF, 0xFF, 0xFF, 0x0F, 0xFF, 0xFF,
  0xFF, 0x0F, 0xFF, 0xFF, 0xFF, 0x0F, 0xFF, 0xFF, 0xFF, 0x0F, 0x0F, 0x00,
  0x00, 0x00, 0x0E, 0x00, 0x00, 0x00, 0x1E, 0x00, 0x00, 0x00, 0x1C, 0x00,
  0x00, 0x00, 0x38, 0x00, 0x00, 0x00, 0x38, 0x00, 0x00, 0x00, 0x00, 0x00,
  0x00, 0x00, 0x01, 0x00, 0x00, 0x00, 0x03, 0x00, 0x00, 0x00, 0x0F, 0x00,
  0x00, 0x00, 0x1F, 0x00, 0x00, 0x00, 0x7E, 0x00, 0x00, 0x00, 0xFC, 0x00,
  0x00, 0x00, 0xF0, 0x01, 0x00, 0x00, 0xE0, 0x07, 0x00, 0x00, 0x80, 0x0F,
  0x00, 0x00, 0x00, 0x3F, 0x00, 0x00, 0xFF, 0xFF, 0xFF, 0x0F, 0xFF, 0xFF,
  0xFF, 0x0F, 0xFF, 0xFF, 0xFF, 0x0F, 0xFF, 0xFF, 0xFF, 0x0F, 0x00, 0x3F,
  0x00, 0x00, 0x80, 0x0F, 0x00, 0x00, 0xE0, 0x07, 0x00, 0x00, 0xF0, 0x01,
  0x00, 0x00, 0xFC, 0x00, 0x00, 0x00, 0x7E, 0x00, 0x00, 0x00, 0x1F, 0x00,
  0x00, 0x00, 0x0F, 0x00, 0x00, 0x00, 0x03, 0x00, 0x00, 0x00, 0x01, 0x00,
  0x00, 0x00
 };

const GFXglyph NotoSansRunic_Regular_Runes_20pt7bGlyphs[] PROGMEM = {
// bmpOff,   w,   h,xAdv, xOff, yOff      sequence
  {     0,  11,  28,  16,    4,  -27 },   // seq[0] g0_13
  {    44,  15,  28,  20,    4,  -27 },   // seq[1] g1_55
  {   104,   5,  15,  13,    4,  -21 },   // seq[2] g2_23
  {   114,  21,  28,  29,    4,  -27 },   // seq[3] g3_67
  {   198,  22,  28,  29,    4,  -27 },   // seq[4] g4_59
  {   286,  23,  28,  27,    4,  -27 },   // seq[5] g5_5
  {   378,  23,  28,  23,    0,  -27 },   // seq[6] g6_28
  {   470,  21,  28,  29,    4,  -27 },   // seq[7] g7_31
  {   554,   4,  28,  11,    4,  -27 },   // seq[8] g8_38
  {   570,  12,  18,  20,    4,  -27 },   // seq[9] g9_40
  {   606,   5,  15,  13,    4,  -21 },   // seq[10] g10_23
  {   616,  11,  28,  16,    4,  -27 },   // seq[11] g11_63
  {   660,  22,  28,  30,    4,  -27 },   // seq[12] g12_60
  {   748,  18,  28,  20,    1,  -27 },   // seq[13] g13_35
  {   820,  20,  28,  23,    1,  -27 },   // seq[14] g14_68
  {   900,  14,  28,  18,    4,  -27 },   // seq[15] g15_45
  {   956,   5,  15,  13,    4,  -21 },   // seq[16] g16_23
  {   966,  15,  28,  20,    4,  -27 },   // seq[17] g17_22
  {  1026,  13,  28,  15,    1,  -27 },   // seq[18] g18_47
  {  1078,  18,  28,  20,    1,  -27 },   // seq[19] g19_52
  {  1150,  20,  27,  27,    4,  -27 },   // seq[20] g20_7
  {  1230,  13,  28,  17,    4,  -27 },   // seq[21] g21_30
  {  1282,  13,  28,  17,    4,  -27 },   // seq[22] g22_30
  {  1334,  24,  28,  24,    0,  -27 },   // seq[23] g23_46
  {  1430,  18,  28,  20,    1,  -27 },   // seq[24] g24_44
  {  1502,  24,  28,  24,    0,  -27 } }; // seq[25] g25_46

const GFXfont NotoSansRunic_Regular_Runes_20pt7b PROGMEM = {
  (uint8_t  *)NotoSansRunic_Regular_Runes_20pt7bBitmaps,
  (GFXglyph *)NotoSansRunic_Regular_Runes_20pt7bGlyphs,
  0xE840, // first
  0xE859, // last
  40   //height
 };

// Approx. 1787 bytes

// /tmp/fontconvert_pinned -f /home/user/qmk_firmware/keyboards/polykybd/fonts/fantasy/unifont_csur.otf -s 14 -H auto -v _Aurebesh_ -r 30 -Y 40 -F0xE880 -S E890, E891, E892, E893, E894, E895, E896, E897, E898, E899, E89A, E89B, E89C, E89D, E89E, E89F, E8A0, E8A1, E8A2, E8A3, E8A4, E8A5, E8A6, E8A7, E8A8, E8A9 
// Visualize your font via https://tchapi.github.io/Adafruit-GFX-Font-Customiser

/* sequence: E890, E891, E892, E893, E894, E895, E896, E897, E898, E899, E89A, E89B, E89C, E89D, E89E, E89F, E8A0, E8A1, E8A2, E8A3, E8A4, E8A5, E8A6, E8A7, E8A8, E8A9 */
const uint8_t unifont_csur_Aurebesh_14pt7bBitmaps[] PROGMEM = {
  /* shaped sequence */  0x7E, 0xFC, 0x00, 0x7E, 0xFC, 0x00, 0x7E, 0xFC, 0x00, 0x70, 0x1C, 0x00,
  0x70, 0x1C, 0x00, 0x70, 0x1C, 0x00, 0x70, 0x1C, 0x00, 0x70, 0x1C, 0x00,
  0x70, 0x1C, 0x00, 0x70, 0x1C, 0x00, 0x70, 0x1C, 0x00, 0x70, 0x1C, 0x00,
  0x70, 0x1C, 0x00, 0x70, 0x1C, 0x00, 0x70, 0x1C, 0x00, 0x7E, 0xFC, 0x00,
  0x7F, 0xFC, 0x01, 0x3F, 0xF8, 0x01, 0x07, 0xC0, 0x01, 0x07, 0xC0, 0x01,
  0x01, 0x00, 0x01, 0x01, 0x00, 0x01, 0x20, 0x04, 0x00, 0x20, 0x04, 0x00,
  0x38, 0x1C, 0x00, 0x3E, 0xFC, 0x00, 0x3E, 0xFC, 0x00, 0x1F, 0xF8, 0x01,
  0x1F, 0xF8, 0x01, 0xC7, 0xC3, 0x01, 0xC7, 0xC3, 0x01, 0xC7, 0xC3, 0x01,
  0xC7, 0xC3, 0x01, 0xC7, 0xC3, 0x01, 0xC7, 0xC3, 0x01, 0xC7, 0xC3, 0x01,
  0xC7, 0xC3, 0x01, 0xC7, 0xC3, 0x01, 0xC7, 0xC3, 0x01, 0x1F, 0xF8, 0x01,
  0x1F, 0xF8, 0x01, 0x3E, 0xFC, 0x00, 0x3E, 0xFC, 0x00, 0x38, 0x3C, 0x00,
  0x20, 0x04, 0x00, 0x20, 0x04, 0x00, 0xFF, 0x0F, 0x00, 0xFF, 0x0F, 0x00,
  0xFF, 0x0F, 0x00, 0x00, 0x00, 0x00, 0x00, 0x00, 0x00, 0xE0, 0x0F, 0x00,
  0xE0, 0x0F, 0x00, 0xE0, 0x0F, 0x00, 0x00, 0x00, 0x00, 0x00, 0x00, 0x00,
  0xE0, 0xFF, 0x01, 0xE0, 0xFF, 0x01, 0xE0, 0xFF, 0x01, 0x04, 0x02, 0x01,
  0x04, 0x02, 0x01, 0x87, 0xC3, 0x01, 0x87, 0xC3, 0x01, 0x87, 0xF3, 0x01,
  0x87, 0xF3, 0x01, 0x87, 0xFF, 0x00, 0x87, 0x3F, 0x00, 0x87, 0x3F, 0x00,
  0x87, 0x0F, 0x00, 0x87, 0x0F, 0x00, 0xE7, 0x03, 0x00, 0xFF, 0x01, 0x00,
  0xFF, 0x01, 0x00, 0x7F, 0x00, 0x00, 0x7F, 0x00, 0x00, 0x1F, 0x00, 0x00,
  0x1F, 0x00, 0x00, 0x07, 0x00, 0x00, 0x03, 0x00, 0x00, 0x03, 0x00, 0x00,
  0x0F, 0x00, 0x0F, 0x00, 0x7F, 0x00, 0x7F, 0x00, 0xF0, 0x03, 0x80, 0x1F,
  0x80, 0x1F, 0x00, 0xFC, 0x00, 0xFC, 0x00, 0xFC, 0x00, 0xFC, 0x80, 0x1F,
  0x80, 0x1F, 0xF0, 0x03, 0x7F, 0x00, 0x7F, 0x00, 0x07, 0x00, 0x07, 0x00,
  0xFF, 0xFF, 0xFF, 0xFF, 0xFF, 0xFF, 0x07, 0x00, 0x07, 0x00, 0x07, 0x00,
  0x80, 0xFF, 0x01, 0x80, 0xFF, 0x01, 0x80, 0xFF, 0x01, 0x80, 0xC3, 0x01,
  0x80, 0xC3, 0x01, 0x80, 0xC3, 0x01, 0x80, 0xC3, 0x01, 0x80, 0xC3, 0x01,
  0x80, 0xC3, 0x01, 0xFF, 0xFF, 0x01, 0xFF, 0xFF, 0x01, 0xFF, 0xFF, 0x01,
  0xE0, 0xC0, 0x01, 0xE0, 0xC0, 0x01, 0x70, 0xC0, 0x01, 0x70, 0xC0, 0x01,
  0x70, 0xC0, 0x01, 0x1C, 0xC0, 0x01, 0x0F, 0xC0, 0x01, 0x0F, 0xC0, 0x01,
  0xFF, 0xFF, 0x01, 0xFF, 0xFF, 0x01, 0xFF, 0xFF, 0x01, 0x00, 0xC0, 0x01,
  0x00, 0xC0, 0x01, 0x00, 0xC0, 0x01, 0x00, 0xC0, 0x01, 0x1F, 0xC0, 0x01,
  0x1F, 0xC0, 0x01, 0x1F, 0xC0, 0x01, 0x07, 0xC0, 0x01, 0x07, 0xC0, 0x01,
  0x07, 0xFC, 0x01, 0x07, 0xFC, 0x01, 0x87, 0x3F, 0x00, 0xFF, 0x03, 0x00,
  0xFF, 0x03, 0x00, 0x3F, 0x00, 0x00, 0x07, 0x00, 0x00, 0x07, 0x00, 0x00,
  0x07, 0xC0, 0x01, 0x07, 0xC0, 0x01, 0x07, 0xC0, 0x01, 0x87, 0xC3, 0x01,
  0x87, 0xC3, 0x01, 0x87, 0xC3, 0x01, 0x87, 0xC3, 0x01, 0x87, 0xC3, 0x01,
  0x87, 0xC3, 0x01, 0x87, 0xC3, 0x01, 0x87, 0xC3, 0x01, 0x87, 0xC3, 0x01,
  0x87, 0xC3, 0x01, 0x87, 0xC3, 0x01, 0x87, 0xC3, 0x01, 0x87, 0xC3, 0x01,
  0x87, 0xC3, 0x01, 0x87, 0xC3, 0x01, 0x07, 0xC0, 0x01, 0x07, 0xC0, 0x01,
  0x07, 0xC0, 0x01, 0x20, 0x00, 0x00, 0x20, 0x00, 0x00, 0xE0, 0x00, 0x00,
  0xF8, 0x00, 0x00, 0x3C, 0x00, 0x00, 0x3C, 0x00, 0x00, 0xFF, 0xFF, 0x01,
  0xFF, 0xFF, 0x01, 0xFF, 0xFF, 0x01, 0x80, 0xC3, 0x01, 0x80, 0xC3, 0x01,
  0x80, 0xC3, 0x01, 0x80, 0xC3, 0x01, 0x80, 0xC3, 0x01, 0x80, 0xC3, 0x01,
  0x80, 0xC3, 0x01, 0xE0, 0xC0, 0x01, 0xE0, 0xC0, 0x01, 0xE0, 0xC0, 0x01,
  0xE0, 0xC0, 0x01, 0xE0, 0xC0, 0x01, 0xE0, 0xFC, 0x01, 0x78, 0xFC, 0x01,
  0xF8, 0x3F, 0x00, 0xF8, 0x3F, 0x00, 0xFC, 0x03, 0x00, 0xFC, 0x03, 0x00,
  0x7F, 0x00, 0x00, 0x07, 0x00, 0x00, 0x07, 0x00, 0x00, 0x07, 0xC0, 0x01,
  0x07, 0xC0, 0x01, 0x07, 0xC0, 0x01, 0x07, 0xC0, 0x01, 0x07, 0xC0, 0x01,
  0x07, 0xC0, 0x01, 0x07, 0xC0, 0x01, 0x07, 0xC0, 0x01, 0x07, 0xC0, 0x01,
  0x07, 0xC0, 0x01, 0x07, 0xC0, 0x01, 0x07, 0xC0, 0x01, 0x07, 0xC0, 0x01,
  0x07, 0xC0, 0x01, 0x07, 0xC0, 0x01, 0x07, 0xC0, 0x01, 0x07, 0xC0, 0x01,
  0xFF, 0xFF, 0x01, 0xFF, 0xFF, 0x01, 0xFF, 0xFF, 0x01, 0x00, 0x0F, 0x00,
  0x0F, 0x00, 0x0F, 0x00, 0x1C, 0x00, 0x1C, 0x00, 0x1C, 0x00, 0x1C, 0x00,
  0x70, 0x00, 0x70, 0x00, 0x70, 0xFF, 0xFF, 0xFF, 0xFF, 0xFF, 0xFF, 0x00,
  0xC0, 0x01, 0x00, 0xF8, 0x01, 0x00, 0xF8, 0x01, 0x80, 0xFF, 0x01, 0x80,
  0xFF, 0x01, 0xF8, 0xC3, 0x01, 0x7F, 0xC0, 0x01, 0x7F, 0xC0, 0x01, 0x07,
  0xC0, 0x01, 0x07, 0xC0, 0x01, 0x07, 0xC0, 0x01, 0x07, 0x40, 0x00, 0x07,
  0x40, 0x00, 0xE0, 0x0F, 0x00, 0xE0, 0x0F, 0x00, 0xFE, 0xFF, 0x00, 0xFE,
  0xFF, 0x00, 0x1F, 0xF0, 0x01, 0x01, 0xFC, 0x01, 0x01, 0xFC, 0x01, 0x80,
  0x3F, 0x00, 0x80, 0x3F, 0x00, 0xF8, 0x03, 0x00, 0xF8, 0x03, 0x00, 0x7F,
  0x00, 0x00, 0x7F, 0x00, 0x00, 0x7F, 0x00, 0x00, 0xF8, 0x03, 0x00, 0xF8,
  0x03, 0x00, 0x80, 0x3F, 0x00, 0x80, 0x3F, 0x00, 0x00, 0xFC, 0x01, 0x00,
  0xFC, 0x01, 0x00, 0xC0, 0x01, 0x00, 0xC0, 0x00, 0x00, 0xFC, 0x01, 0x00,
  0xFC, 0x01, 0x80, 0xFF, 0x01, 0xF8, 0xFF, 0x01, 0xF8, 0xC3, 0x01, 0x7F,
  0xC0, 0x01, 0x7F, 0xC0, 0x01, 0x07, 0xC0, 0x01, 0x07, 0xC0, 0x01, 0x07,
  0xC0, 0x01, 0x07, 0xC0, 0x01, 0x07, 0xC0, 0x01, 0x07, 0xC0, 0x01, 0x07,
  0xC0, 0x01, 0x7F, 0xC0, 0x01, 0x7F, 0xC0, 0x01, 0xF8, 0xC3, 0x01, 0xF8,
  0xFF, 0x01, 0x80, 0xFF, 0x01, 0x00, 0xFC, 0x01, 0x00, 0xFC, 0x01, 0x00,
  0xC0, 0x00, 0x00, 0xC0, 0x00, 0xE0, 0x0F, 0x00, 0xE0, 0x0F, 0x00, 0xFE,
  0xFF, 0x00, 0xFE, 0xFF, 0x00, 0x1F, 0xF0, 0x01, 0x1F, 0xF0, 0x01, 0x07,
  0xC0, 0x01, 0x07, 0xC0, 0x01, 0x07, 0xC0, 0x01, 0x07, 0xC0, 0x01, 0x07,
  0xC0, 0x01, 0x00, 0xC0, 0x01, 0x00, 0xC0, 0x01, 0x00, 0xC0, 0x01, 0xFF,
  0xFF, 0x01, 0xFF, 0xFF, 0x01, 0xFF, 0xFF, 0x01, 0xFF, 0xFF, 0x01, 0xFF,
  0xFF, 0x01, 0xFF, 0xFF, 0x01, 0x07, 0xC0, 0x01, 0x07, 0xC0, 0x01, 0x07,
  0xC0, 0x01, 0x07, 0xC0, 0x01, 0x07, 0xC0, 0x01, 0x07, 0xC0, 0x01, 0x07,
  0xC0, 0x01, 0x07, 0xC0, 0x01, 0x07, 0xC0, 0x01, 0x07, 0xC0, 0x01, 0x07,
  0xC0, 0x01, 0x07, 0x40, 0x00, 0x07, 0x00, 0x00, 0x07, 0x00, 0x00, 0x3F,
  0x00, 0x00, 0x3F, 0x00, 0x00, 0x3F, 0x00, 0x00, 0x04, 0x00, 0x01, 0x04,
  0x00, 0x01, 0x07, 0xC0, 0x01, 0x07, 0xC0, 0x01, 0x07, 0xF8, 0x01, 0x07,
  0xFC, 0x00, 0x07, 0xFC, 0x00, 0x07, 0x1F, 0x00, 0x07, 0x1F, 0x00, 0x87,
  0x0F, 0x00, 0x87, 0x0F, 0x00, 0xE7, 0x03, 0x00, 0xFF, 0x00, 0x00, 0xFF,
  0x00, 0x00, 0x7F, 0x00, 0x00, 0x7F, 0x00, 0x00, 0x1F, 0x00, 0x00, 0x1F,
  0x00, 0x00, 0x07, 0x00, 0x00, 0x03, 0x00, 0x00, 0x03, 0x00, 0x00, 0x01,
  0x70, 0x00, 0x01, 0x70, 0x00, 0x07, 0x70, 0x00, 0x3F, 0x70, 0x00, 0x3F,
  0x70, 0x00, 0x7E, 0xC0, 0x01, 0x7E, 0xC0, 0x01, 0xF0, 0xC1, 0x01, 0xF0,
  0xC7, 0x01, 0xE0, 0xC7, 0x01, 0x80, 0x0F, 0x00, 0x80, 0x0F, 0x00, 0x00,
  0x3E, 0x00, 0x00, 0x3E, 0x00, 0x00, 0x7C, 0x00, 0x00, 0xF0, 0x01, 0x00,
  0xF0, 0x01, 0xFF, 0xFF, 0x01, 0xFF, 0xFF, 0x01, 0xFF, 0xFF, 0x01, 0x80,
  0x00, 0x00, 0x80, 0x00, 0x00, 0x80, 0x03, 0x00, 0x80, 0x0F, 0x00, 0x80,
  0x0F, 0x00, 0x00, 0x3F, 0x00, 0x00, 0x3F, 0x00, 0x00, 0x7C, 0x00, 0x00,
  0x7C, 0x00, 0x00, 0xF0, 0x01, 0x00, 0xF0, 0x01, 0xFF, 0xFF, 0x01, 0xFF,
  0xFF, 0x01, 0xFF, 0xFF, 0x01, 0x00, 0xF0, 0x01, 0x00, 0xF0, 0x01, 0x00,
  0x7C, 0x00, 0x00, 0x7C, 0x00, 0x00, 0x3F, 0x00, 0x80, 0x0F, 0x00, 0x80,
  0x0F, 0x00, 0x80, 0x03, 0x00, 0x80, 0x00, 0x00, 0x80, 0x00, 0x00, 0xFF,
  0xFF, 0x01, 0xFF, 0xFF, 0x01, 0xFF, 0xFF, 0x01, 0x00, 0xC0, 0x01, 0x00,
  0xC0, 0x01, 0x00, 0xC0, 0x01, 0x00, 0xC0, 0x01, 0x20, 0xC0, 0x01, 0x20,
  0xC0, 0x01, 0x38, 0xC0, 0x01, 0x3E, 0xC0, 0x01, 0x3E, 0xC0, 0x01, 0x1F,
  0xC0, 0x01, 0x1F, 0xC0, 0x01, 0x07, 0xC0, 0x01, 0x07, 0xC0, 0x01, 0x07,
  0xC0, 0x01, 0xFF, 0xFF, 0x01, 0xFF, 0xFF, 0x01, 0xFF, 0xFF, 0x01, 0x01,
  0x00, 0x00, 0x01, 0x00, 0x00, 0x07, 0x00, 0x00, 0x1F, 0x00, 0x00, 0x1F,
  0x00, 0x00, 0x7E, 0x00, 0x00, 0x7E, 0x00, 0x00, 0xF8, 0x00, 0x00, 0xF8,
  0x00, 0x00, 0xE0, 0xFF, 0x01, 0xE0, 0xFF, 0x01, 0xE0, 0xFF, 0x01, 0xF8,
  0x00, 0x00, 0xF8, 0x00, 0x00, 0x7E, 0x00, 0x00, 0x7F, 0x00, 0x00, 0x1F,
  0x00, 0x00, 0x07, 0x00, 0x00, 0x07, 0x00, 0x00, 0x01, 0x00, 0x00, 0x01,
  0x00, 0x00, 0xFF, 0xFF, 0x01, 0xFF, 0xFF, 0x01, 0xFF, 0xFF, 0x01, 0x07,
  0xC0, 0x01, 0x07, 0xC0, 0x01, 0x07, 0xC0, 0x01, 0x07, 0xC0, 0x01, 0x07,
  0xC0, 0x01, 0x07, 0xC0, 0x01, 0x07, 0xC0, 0x01, 0x07, 0xC0, 0x01, 0x07,
  0xC0, 0x01, 0x07, 0xC0, 0x01, 0x07, 0xC0, 0x01, 0x07, 0xC0, 0x01, 0x07,
  0xC0, 0x01, 0x07, 0xC0, 0x01, 0xFF, 0xFF, 0x01, 0xFF, 0xFF, 0x01, 0xFF,
  0xFF, 0x01, 0x00, 0xC0, 0x00, 0x00, 0xC0, 0x00, 0x00, 0xFC, 0x01, 0x00,
  0xFC, 0x01, 0x80, 0xFF, 0x01, 0xF8, 0xC3, 0x01, 0xF8, 0xC3, 0x01, 0x7F,
  0xC0, 0x01, 0x7F, 0xC0, 0x01, 0x7F, 0xC0, 0x01, 0xF8, 0xC3, 0x01, 0xF8,
  0xC3, 0x01, 0x80, 0xFF, 0x01, 0x80, 0xFF, 0x01, 0x00, 0xFC, 0x01, 0x00,
  0xFC, 0x01, 0x00, 0xC0, 0x00, 0x03, 0x00, 0x03, 0x00, 0x3F, 0x00, 0xFF,
  0x01, 0xFD, 0x01, 0xFF, 0x1F, 0xC7, 0x1F, 0xFF, 0x1F, 0x3F, 0xFE, 0x3F,
  0xFE, 0x3C, 0xE0, 0x00, 0xE0, 0x00, 0xFE, 0x00, 0xFE, 0xC0, 0x1F, 0xC0,
  0x1F, 0xFC, 0x01, 0xFC, 0x01, 0x3F, 0x00, 0x3F, 0x00, 0x03, 0x00, 0x00,
  0xF8, 0x00, 0xF9, 0x00, 0xF9, 0xC0, 0xE1, 0xC0, 0xE1, 0xF0, 0xE1, 0xF8,
  0xE1, 0xF8, 0xE0, 0x38, 0xE0, 0x38, 0xE0, 0x38, 0xE0, 0x38, 0xE0, 0x38,
  0xE0, 0x38, 0xE0, 0x38, 0xE0, 0x38, 0xE0, 0x38, 0xE0, 0xFF, 0xFF, 0xFF,
  0xFF, 0xFF, 0xFF
 };

const GFXglyph unifont_csur_Aurebesh_14pt7bGlyphs[] PROGMEM = {
// bmpOff,   w,   h,xAdv, xOff, yOff      sequence
  {     0,  22,  17,  27,    4,  -16 },   // seq[0] g0_1741
  {    66,  24,  17,  27,    2,  -16 },   // seq[1] g1_1742
  {   138,  13,  17,  27,    7,  -16 },   // seq[2] g2_1743
  {   177,  21,  17,  27,    3,  -16 },   // seq[3] g3_1744
  {   240,  24,  16,  27,    1,  -16 },   // seq[4] g4_1745
  {   288,  20,  17,  27,    4,  -16 },   // seq[5] g5_1746
  {   348,  20,  17,  27,    4,  -16 },   // seq[6] g6_1747
  {   408,  21,  17,  27,    3,  -16 },   // seq[7] g7_1748
  {   471,   9,  17,  27,    8,  -16 },   // seq[8] g8_1749
  {   498,  21,  17,  27,    3,  -16 },   // seq[9] g9_1750
  {   561,  20,  17,  27,    4,  -16 },   // seq[10] g10_1751
  {   621,  13,  16,  27,    7,  -16 },   // seq[11] g11_1752
  {   647,  13,  17,  27,    7,  -16 },   // seq[12] g12_1753
  {   686,  21,  17,  27,    3,  -16 },   // seq[13] g13_1754
  {   749,  24,  17,  27,    2,  -16 },   // seq[14] g14_1755
  {   821,  17,  17,  27,    5,  -16 },   // seq[15] g15_1756
  {   872,  20,  17,  27,    4,  -16 },   // seq[16] g16_1757
  {   932,  21,  17,  27,    3,  -16 },   // seq[17] g17_1758
  {   995,  20,  17,  27,    3,  -16 },   // seq[18] g18_1759
  {  1055,  24,  17,  27,    2,  -16 },   // seq[19] g19_1760
  {  1127,  20,  17,  27,    4,  -16 },   // seq[20] g20_1761
  {  1187,  21,  17,  27,    3,  -16 },   // seq[21] g21_1762
  {  1250,  20,  17,  27,    4,  -16 },   // seq[22] g22_1763
  {  1310,  17,  17,  27,    5,  -16 },   // seq[23] g23_1764
  {  1361,  21,  16,  27,    3,  -15 },   // seq[24] g24_1765
  {  1403,  20,  16,  27,    4,  -15 } }; // seq[25] g25_1766

const GFXfont unifont_csur_Aurebesh_14pt7b PROGMEM = {
  (uint8_t  *)unifont_csur_Aurebesh_14pt7bBitmaps,
  (GFXglyph *)unifont_csur_Aurebesh_14pt7bGlyphs,
  0xE880, // first
  0xE899, // last
  40   //height
 };

// Approx. 1632 bytes

// /tmp/fontconvert_pinned -f /home/user/qmk_firmware/keyboards/polykybd/fonts/fantasy/Sga-Regular.ttf -s 20 -H auto -v _Sga_ -r 30 -Y 40 -F0xE8C0 -S 0041, 0042, 0043, 0044, 0045, 0046, 0047, 0048, 0049, 004A, 004B, 004C, 004D, 004E, 004F, 0050, 0051, 0052, 0053, 0054, 0055, 0056, 0057, 0058, 0059, 005A, 0031, 0032, 0033, 0034, 0035, 0036, 0037, 0038, 0039, 0030 
// Visualize your font via https://tchapi.github.io/Adafruit-GFX-Font-Customiser

/* sequence: 0041, 0042, 0043, 0044, 0045, 0046, 0047, 0048, 0049, 004A, 004B, 004C, 004D, 004E, 004F, 0050, 0051, 0052, 0053, 0054, 0055, 0056, 0057, 0058, 0059, 005A, 0031, 0032, 0033, 0034, 0035, 0036, 0037, 0038, 0039, 0030 */
const uint8_t Sga_Regular_Sga_20pt7bBitmaps[] PROGMEM = {
  /* shaped sequence */  0x00, 0x00, 0x00, 0x06, 0x00, 0x00, 0x00, 0x06, 0x00, 0x00, 0x00, 0x0E,
  0x00, 0x00, 0x00, 0x0F, 0x00, 0x00, 0x00, 0x0F, 0x00, 0x00, 0x00, 0x0F,
  0x00, 0x00, 0x00, 0x0F, 0xF8, 0xFF, 0xFF, 0x0F, 0xFE, 0xFF, 0xFF, 0x0F,
  0xFE, 0xFF, 0xFF, 0x0F, 0x3F, 0x00, 0x00, 0x00, 0x0F, 0x00, 0x00, 0x00,
  0x0F, 0x00, 0x00, 0x00, 0x0F, 0x00, 0x00, 0x00, 0xFE, 0x01, 0x00, 0x00,
  0xFE, 0x03, 0x00, 0x00, 0xFC, 0x03, 0x00, 0x00, 0x00, 0x00, 0x80, 0x03,
  0x00, 0x00, 0xC0, 0x03, 0x00, 0x00, 0xC0, 0x07, 0x00, 0x00, 0xC0, 0x07,
  0x00, 0x00, 0xC0, 0x07, 0x00, 0x00, 0xC0, 0x07, 0xC0, 0x07, 0xC0, 0x03,
  0xFF, 0x1F, 0xC0, 0x03, 0xFF, 0x7F, 0xC0, 0x03, 0xFF, 0xFF, 0xC0, 0x03,
  0x7F, 0xFF, 0xC1, 0x03, 0x00, 0xFC, 0xC3, 0x03, 0x00, 0xF0, 0xC7, 0x03,
  0x00, 0xC0, 0xCF, 0x03, 0x00, 0x80, 0xFF, 0x03, 0x00, 0x00, 0xFF, 0x03,
  0x00, 0x00, 0xFE, 0x03, 0x00, 0x00, 0xF8, 0x03, 0x00, 0x00, 0xF0, 0x03,
  0x00, 0x00, 0xC0, 0x01, 0x70, 0xE0, 0x00, 0x00, 0x7E, 0xF8, 0x07, 0x00,
  0x7E, 0xF8, 0x07, 0x00, 0xFF, 0xFC, 0x0F, 0x00, 0x7F, 0xE0, 0x0F, 0x00,
  0x7F, 0xC0, 0x1F, 0x00, 0x00, 0x80, 0xFF, 0x1F, 0x00, 0x80, 0xFF, 0x1F,
  0x00, 0x80, 0xFF, 0x0F, 0x00, 0x00, 0xFF, 0x07, 0x00, 0x00, 0x04, 0x00,
  0x00, 0x00, 0x00, 0x1E, 0x1C, 0x00, 0x3F, 0x3C, 0x00, 0x3F, 0x7C, 0x00,
  0x3F, 0x7C, 0x00, 0x3F, 0xF8, 0x00, 0x3F, 0xF0, 0x01, 0x3F, 0xF0, 0x01,
  0x3F, 0xE0, 0x03, 0x3F, 0xC0, 0x07, 0x3F, 0xC0, 0x07, 0x3F, 0x80, 0x0F,
  0x3F, 0x80, 0x1F, 0x1F, 0x00, 0x1F, 0x1F, 0x00, 0x3E, 0x1F, 0x00, 0x3E,
  0x1F, 0x00, 0x1C, 0x1F, 0x00, 0x00, 0x07, 0x00, 0x00, 0xFE, 0xFF, 0x3F,
  0xFF, 0xFF, 0x7F, 0xFF, 0xFF, 0x7F, 0xFF, 0xFF, 0x7F, 0x3F, 0x00, 0x78,
  0x00, 0x00, 0x78, 0x00, 0x00, 0x78, 0x00, 0x00, 0x78, 0x00, 0x00, 0x38,
  0x00, 0x00, 0x38, 0x00, 0x00, 0x38, 0x00, 0x00, 0x38, 0x00, 0x00, 0x18,
  0x3E, 0x00, 0x18, 0x7E, 0x00, 0x18, 0xFF, 0x00, 0x18, 0xFF, 0x00, 0x18,
  0xFF, 0x00, 0x18, 0x7F, 0x00, 0x18, 0x1E, 0x00, 0x18, 0x00, 0x00, 0x10,
  0x1C, 0xC0, 0x01, 0x3E, 0xE0, 0x01, 0x3F, 0xF0, 0x01, 0x3F, 0xE0, 0x00,
  0x3F, 0x00, 0x00, 0x3F, 0x00, 0x00, 0x3E, 0x00, 0x00, 0x3E, 0xC0, 0x00,
  0x3E, 0xE0, 0x01, 0x3E, 0xE0, 0x01, 0x3E, 0xC0, 0x01, 0x3E, 0x00, 0x00,
  0x3E, 0x00, 0x00, 0x3E, 0xE0, 0x03, 0x3E, 0xF0, 0x03, 0x3E, 0xF0, 0x03,
  0x1E, 0xF0, 0x01, 0x1E, 0x00, 0x00, 0x1E, 0x00, 0x00, 0x0C, 0x00, 0x00,
  0x00, 0x00, 0x00, 0x00, 0x07, 0x00, 0x00, 0x0F, 0x00, 0x00, 0x0F, 0x00,
  0x00, 0x0F, 0x00, 0x00, 0x1E, 0x00, 0x00, 0x1E, 0x00, 0x00, 0x1E, 0x00,
  0xF8, 0xFF, 0x7F, 0xFE, 0xFF, 0x3F, 0xFE, 0xFF, 0x3F, 0xFE, 0xFF, 0x0F,
  0x00, 0x00, 0x00, 0x01, 0x03, 0x00, 0x03, 0x03, 0x00, 0x03, 0x03, 0x00,
  0x03, 0x03, 0x00, 0x03, 0x03, 0x00, 0x03, 0x03, 0x00, 0x03, 0x03, 0x00,
  0x03, 0x03, 0x00, 0x03, 0xFF, 0x1F, 0x03, 0xFF, 0x1F, 0x03, 0xFF, 0x07,
  0x03, 0x03, 0x00, 0x03, 0x03, 0x00, 0x03, 0x03, 0x00, 0x03, 0x03, 0x00,
  0x03, 0x03, 0x00, 0x03, 0x03, 0x00, 0x03, 0x03, 0x00, 0x03, 0x00, 0x00,
  0x00, 0x00, 0x7F, 0xFE, 0x0F, 0x7F, 0xFF, 0x9F, 0x7F, 0xFF, 0x83, 0x3F,
  0x08, 0x00, 0x00, 0x1E, 0x1E, 0x1F, 0x1F, 0x1F, 0x1F, 0x0F, 0x07, 0x07,
  0x00, 0x78, 0x00, 0x00, 0x00, 0x7C, 0x00, 0x00, 0x00, 0x3C, 0x00, 0x00,
  0x00, 0x00, 0x00, 0x00, 0x00, 0x00, 0x00, 0x00, 0x00, 0x00, 0xFC, 0x00,
  0x00, 0xF0, 0xFF, 0x00, 0xFE, 0xFF, 0xFF, 0x00, 0xFE, 0xFF, 0x01, 0x00,
  0xFE, 0x07, 0x00, 0x00, 0x00, 0x00, 0x00, 0x00, 0x00, 0x78, 0x00, 0x00,
  0x00, 0x7E, 0x00, 0x00, 0x00, 0x7E, 0x00, 0x00, 0x00, 0x3E, 0x00, 0x00,
  0x00, 0xE0, 0x7F, 0xFF, 0xFF, 0x7F, 0xFF, 0xFF, 0x7F, 0xFF, 0xFF, 0x3F,
  0xFF, 0x00, 0x00, 0x00, 0x00, 0x00, 0x00, 0x00, 0x00, 0x00, 0x00, 0x00,
  0x80, 0x03, 0x01, 0xC0, 0x87, 0x01, 0xC0, 0x87, 0x01, 0xC0, 0x83, 0x01,
  0x00, 0x00, 0x00, 0x00, 0x00, 0x04, 0x00, 0x00, 0x0E, 0x00, 0x00, 0x0E,
  0x3E, 0x00, 0x0E, 0x7E, 0x00, 0x0C, 0x7E, 0x00, 0x0C, 0x7E, 0x00, 0x0C,
  0x7E, 0x00, 0x0C, 0x7E, 0x00, 0x0C, 0x3C, 0x00, 0x0C, 0x00, 0x00, 0x0C,
  0x00, 0x00, 0x0C, 0x00, 0x00, 0x0C, 0x00, 0x00, 0x0C, 0x00, 0x00, 0x0C,
  0xFE, 0xFF, 0x0F, 0xFF, 0xFF, 0x0F, 0xFF, 0xFF, 0x0F, 0xFF, 0xFF, 0x0F,
  0x00, 0x00, 0x06, 0x00, 0x00, 0x40, 0x3C, 0x00, 0xE0, 0x7E, 0x00, 0xF0,
  0x7E, 0x00, 0x78, 0x7E, 0x00, 0x3C, 0x7E, 0x00, 0x1E, 0x7E, 0x00, 0x0E,
  0x78, 0x00, 0x07, 0x00, 0x80, 0x03, 0x00, 0x80, 0x03, 0x00, 0xC0, 0x01,
  0x00, 0xF0, 0x01, 0xFF, 0xFF, 0x01, 0xFF, 0xFF, 0x00, 0xFF, 0x7F, 0x00,
  0x08, 0x00, 0x00, 0x0C, 0x00, 0x30, 0x0C, 0x00, 0x3E, 0x0C, 0x00, 0x1E,
  0x0C, 0x00, 0x1E, 0x0C, 0x00, 0x0F, 0x0C, 0x80, 0x07, 0x0C, 0xC0, 0x03,
  0x0C, 0xE0, 0x03, 0x0C, 0xF0, 0x01, 0x0C, 0xF8, 0x00, 0x0C, 0x7E, 0x00,
  0x8E, 0x1F, 0x00, 0xFE, 0x0F, 0x00, 0xFE, 0x07, 0x00, 0xFE, 0x01, 0x00,
  0x3E, 0x00, 0x00, 0x06, 0xFF, 0x0F, 0xCF, 0xFF, 0x1F, 0xCF, 0xFF, 0x0F,
  0x86, 0xFF, 0x07, 0x00, 0x00, 0x00, 0x00, 0x00, 0x00, 0x00, 0x00, 0x00,
  0x00, 0x00, 0x07, 0xE0, 0x9F, 0x0F, 0xFE, 0x9F, 0x0F, 0xFF, 0x9F, 0x07,
  0xFF, 0x07, 0x00, 0x1F, 0x00, 0x00, 0x00, 0x00, 0x00, 0x00, 0x03, 0x38,
  0x80, 0x03, 0x3C, 0x80, 0x03, 0x3C, 0x00, 0x03, 0x3C, 0x00, 0x03, 0x3C,
  0x00, 0x03, 0x3C, 0x0E, 0x03, 0x3C, 0x1F, 0x03, 0x3E, 0x1F, 0x03, 0x3E,
  0x1F, 0x03, 0x3E, 0x1F, 0x03, 0x3E, 0x0E, 0x03, 0x3E, 0x00, 0xFF, 0x3F,
  0x00, 0xFF, 0x3F, 0x00, 0xFF, 0x3F, 0x00, 0xFF, 0x1F, 0x00, 0x00, 0x1F,
  0x00, 0x80, 0x3F, 0x78, 0x80, 0x3F, 0xFC, 0x80, 0x3F, 0xFC, 0x80, 0x3F,
  0xFC, 0x80, 0x3F, 0xFC, 0x00, 0x1E, 0xFC, 0x00, 0x00, 0x00, 0x00, 0x00,
  0x00, 0x00, 0x00, 0x00, 0x00, 0x00, 0x00, 0x00, 0x00, 0x00, 0x00, 0x00,
  0x40, 0x00, 0x3E, 0xF8, 0x00, 0x3F, 0xFE, 0x80, 0x3F, 0xFF, 0x80, 0x3F,
  0xFF, 0x80, 0x3F, 0x7F, 0x80, 0x1F, 0x00, 0x00, 0x00, 0x00, 0x38, 0x00,
  0x00, 0xFC, 0x3F, 0x00, 0x00, 0xFE, 0x7F, 0x00, 0x00, 0xFE, 0xFF, 0x7F,
  0x00, 0x0C, 0xFE, 0xFF, 0x00, 0x00, 0xFE, 0xFF, 0x00, 0x00, 0xFE, 0x3F,
  0x00, 0x00, 0x70, 0x00, 0x00, 0x01, 0x00, 0x00, 0x01, 0x00, 0x00, 0x03,
  0x00, 0x00, 0x07, 0x00, 0x00, 0x07, 0x00, 0x00, 0x07, 0x00, 0x00, 0x03,
  0x00, 0x00, 0x03, 0x00, 0x00, 0x03, 0x00, 0x00, 0x03, 0x00, 0x00, 0x03,
  0x00, 0x00, 0x03, 0x00, 0x00, 0x03, 0x00, 0x00, 0x03, 0x00, 0x3C, 0xFF,
  0x3F, 0x3C, 0xFF, 0xFF, 0x3C, 0xFF, 0x3F, 0x08, 0x1F, 0x00, 0x00, 0x00,
  0x00, 0x00, 0x00, 0xF0, 0x00, 0x3C, 0xF0, 0x01, 0x3E, 0xF0, 0x01, 0x7E,
  0xF0, 0x01, 0x7E, 0xF0, 0x01, 0x7E, 0xF0, 0x01, 0x7C, 0xF0, 0x00, 0x7C,
  0xF0, 0x00, 0x00, 0xF0, 0x00, 0x00, 0xF0, 0x00, 0x00, 0x78, 0x00, 0x00,
  0x78, 0x00, 0x3E, 0x78, 0x00, 0x7E, 0x78, 0x00, 0x7F, 0x78, 0x00, 0x7F,
  0x78, 0x00, 0x7F, 0x78, 0x00, 0x7F, 0x78, 0x00, 0x7F, 0x7C, 0x00, 0x00,
  0x3C, 0x00, 0x00, 0x3C, 0x00, 0x00, 0x00, 0x00, 0x00, 0x00, 0x02, 0x00,
  0x02, 0x02, 0x00, 0x07, 0x02, 0x80, 0x07, 0x03, 0x80, 0x07, 0x03, 0x80,
  0x07, 0x03, 0x80, 0x07, 0x03, 0x80, 0x07, 0x03, 0x00, 0x03, 0x03, 0x00,
  0x03, 0x03, 0xFC, 0x03, 0x03, 0xFE, 0x03, 0x03, 0xFE, 0x03, 0x03, 0xFC,
  0x03, 0x03, 0x80, 0x01, 0x03, 0x80, 0x01, 0x03, 0x80, 0x81, 0x01, 0x80,
  0x01, 0x01, 0xC0, 0x01, 0x01, 0xE0, 0x01, 0x01, 0xE0, 0x01, 0x01, 0xE0,
  0x00, 0x00, 0x00, 0xF0, 0x01, 0x00, 0xF8, 0x01, 0x00, 0xF8, 0x00, 0x00,
  0xF8, 0x00, 0x00, 0x00, 0x00, 0x00, 0x00, 0x00, 0x1E, 0x00, 0x00, 0x3E,
  0x00, 0x00, 0x3F, 0x00, 0x00, 0x3F, 0x00, 0x00, 0x1F, 0x00, 0x00, 0x06,
  0x00, 0x00, 0x00, 0x00, 0x00, 0x00, 0x00, 0x00, 0x00, 0x70, 0x00, 0x00,
  0xF0, 0x00, 0x00, 0xF0, 0x00, 0x00, 0xF0, 0x00, 0x00, 0xF0, 0x00, 0x18,
  0x00, 0x00, 0x3C, 0x00, 0x00, 0x3E, 0x00, 0x04, 0x3E, 0x00, 0x07, 0x3E,
  0xC0, 0x07, 0x1C, 0xE0, 0x03, 0x00, 0xF8, 0x01, 0x00, 0xFC, 0x00, 0x00,
  0x3F, 0x00, 0x80, 0x0F, 0x00, 0xC0, 0x07, 0x00, 0xF0, 0x03, 0x00, 0xF8,
  0x00, 0x00, 0x7C, 0x00, 0x00, 0x3E, 0x00, 0x00, 0x1F, 0x00, 0x00, 0x07,
  0x00, 0x00, 0x00, 0xF8, 0x1F, 0xFE, 0xFF, 0x1F, 0xFF, 0xFF, 0x03, 0xFF,
  0xFF, 0x01, 0x7F, 0x00, 0x00, 0x00, 0x00, 0x00, 0x00, 0x00, 0x00, 0x00,
  0x00, 0x00, 0x00, 0x00, 0x00, 0x00, 0x00, 0x00, 0xFC, 0xFF, 0x1F, 0xFE,
  0xFF, 0x1F, 0xFE, 0xFF, 0x0F, 0xFC, 0xFF, 0x07, 0x78, 0x01, 0x00, 0x00,
  0x00, 0x00, 0x00, 0x80, 0xFF, 0x7F, 0x00, 0xC0, 0xFF, 0xFF, 0x00, 0xF0,
  0xFF, 0x7F, 0x00, 0x78, 0x00, 0x00, 0x00, 0x7C, 0x00, 0x00, 0x00, 0x3E,
  0x00, 0x00, 0x00, 0x3E, 0x00, 0x00, 0x00, 0x3E, 0x00, 0x00, 0x00, 0xFC,
  0x00, 0x00, 0x00, 0xF0, 0x03, 0x00, 0x00, 0xC0, 0xFF, 0xFF, 0x00, 0x80,
  0xFF, 0xFF, 0x01, 0x00, 0xFF, 0xFF, 0x01, 0x00, 0x00, 0x00, 0x00, 0xFF,
  0xFF, 0x0F, 0xFF, 0xFF, 0x0F, 0xFF, 0xFF, 0x0F, 0x00, 0x00, 0x00, 0x03,
  0xFE, 0x3F, 0x03, 0xFE, 0x3F, 0x03, 0x0E, 0x30, 0x03, 0x06, 0x30, 0x03,
  0x06, 0x30, 0x03, 0x06, 0x30, 0x03, 0x06, 0x30, 0xFF, 0x07, 0x30, 0xFF,
  0x07, 0x30, 0xFC, 0x07, 0x30, 0x00, 0x00, 0x30, 0x06, 0x00, 0x00, 0x0E,
  0x00, 0x0C, 0x06, 0x06, 0x1C, 0x06, 0x06, 0x1C, 0x06, 0x06, 0x0C, 0x06,
  0x06, 0x0C, 0x07, 0x06, 0x14, 0x07, 0x06, 0x0C, 0x07, 0x06, 0x0C, 0xFF,
  0xFF, 0x1F, 0xFF, 0xFF, 0x1F, 0xF9, 0xFF, 0x0F, 0x00, 0x03, 0x00, 0x00,
  0x1C, 0x00, 0xFE, 0x1F, 0x00, 0xFE, 0x1F, 0x00, 0x9E, 0x1D, 0x00, 0x00,
  0x18, 0x00, 0x00, 0x18, 0x00, 0x00, 0x18, 0x00, 0x00, 0x18, 0x00, 0x00,
  0x18, 0x00, 0x00, 0x18, 0x3F, 0xFE, 0xFD, 0x3F, 0xFE, 0xFF, 0x1F, 0x27,
  0x3D, 0x0F, 0x00, 0x00, 0x40, 0x00, 0x00, 0xE0, 0x00, 0x00, 0xE0, 0xFF,
  0x1F, 0xE0, 0xFF, 0x1F, 0x60, 0xFF, 0x1F, 0x60, 0x07, 0x18, 0x60, 0x07,
  0x10, 0x20, 0x06, 0x10, 0x30, 0x0E, 0xF0, 0x7F, 0x0C, 0xF0, 0x3F, 0x0C,
  0xF0, 0x38, 0x0C, 0x00, 0x00, 0x0C, 0x00, 0x00, 0x00, 0x00, 0x08, 0xFF,
  0xFF, 0x1F, 0xFF, 0xDF, 0x3F, 0x07, 0x04, 0x18, 0x03, 0x00, 0x18, 0x03,
  0x04, 0x18, 0x03, 0x0C, 0x08, 0x03, 0x04, 0x18, 0x03, 0x0C, 0x1C, 0x03,
  0xCC, 0x1F, 0x03, 0xFC, 0x0F, 0x03, 0x1C, 0x05, 0x00, 0x00, 0x00, 0x00,
  0x00, 0x00, 0x03, 0x00, 0x00, 0x03, 0x00, 0x00, 0x03, 0x00, 0x00, 0x03,
  0x00, 0x00, 0x03, 0x00, 0x00, 0x03, 0x00, 0x00, 0x03, 0x00, 0x00, 0x03,
  0x00, 0x00, 0x03, 0x00, 0x00, 0x03, 0xC0, 0x0F, 0xFF, 0xFF, 0x0F, 0xF7,
  0xFF, 0x0F, 0x2F, 0x0F, 0x00, 0x00, 0x00, 0x3F, 0xFF, 0xFF, 0x7F, 0xFF,
  0xFF, 0x7F, 0xFE, 0xFF, 0x31, 0x0C, 0x0C, 0x30, 0x0C, 0x04, 0x30, 0x0C,
  0x04, 0x10, 0x0C, 0x04, 0x30, 0x0C, 0x04, 0x30, 0x0C, 0x04, 0x30, 0x0C,
  0x0C, 0x30, 0x0C, 0x0C, 0x3C, 0x0C, 0xFE, 0x3F, 0xFC, 0xDF, 0x1E, 0x3C,
  0x07, 0x00, 0xFC, 0x00, 0x00, 0x00, 0x00, 0x00, 0x00, 0x0F, 0x60, 0xF8,
  0x0F, 0x60, 0xFE, 0x0F, 0xE0, 0x0E, 0x04, 0x60, 0x06, 0x04, 0x60, 0x02,
  0x04, 0x60, 0x02, 0x04, 0x60, 0x02, 0x04, 0x60, 0x02, 0x04, 0x60, 0x02,
  0x04, 0x78, 0x02, 0xFE, 0x7F, 0xFE, 0x8F, 0x7F, 0x1E, 0x80, 0x00, 0x36,
  0x02, 0x00, 0xFE, 0xFF, 0x0F, 0xFF, 0xFF, 0x1F, 0xFF, 0xFF, 0x1F, 0x07,
  0x00, 0x1C, 0x03, 0x00, 0x0C, 0x03, 0x00, 0x0C, 0x03, 0x00, 0x04, 0x03,
  0x00, 0x04, 0x03, 0x00, 0x04, 0x03, 0x00, 0x04, 0xFF, 0xFF, 0x07, 0xEF,
  0xFF, 0x0F, 0xE7, 0x67, 0x07
 };

const GFXglyph Sga_Regular_Sga_20pt7bGlyphs[] PROGMEM = {
// bmpOff,   w,   h,xAdv, xOff, yOff      sequence
  {     0,  17,  28,  20,    1,  -29 },   // seq[0] g0_37
  {    68,  20,  27,  24,    2,  -28 },   // seq[1] g1_38
  {   148,  11,  29,  14,    1,  -27 },   // seq[2] g2_39
  {   192,  19,  22,  22,    0,  -25 },   // seq[3] g3_40
  {   249,  21,  23,  24,    1,  -25 },   // seq[4] g4_41
  {   312,  20,  18,  24,    1,  -25 },   // seq[5] g5_42
  {   372,  12,  23,  16,    1,  -24 },   // seq[6] g6_43
  {   408,  20,  21,  23,    0,  -23 },   // seq[7] g7_44
  {   468,   4,  23,   9,    2,  -25 },   // seq[8] g8_45
  {   480,   4,  21,   7,    1,  -23 },   // seq[9] g9_46
  {   492,  15,  25,  19,    1,  -25 },   // seq[10] g10_47
  {   552,  13,  23,  16,    1,  -25 },   // seq[11] g11_48
  {   591,  20,  20,  23,    1,  -22 },   // seq[12] g12_49
  {   651,  15,  24,  18,    0,  -25 },   // seq[13] g13_50
  {   696,  17,  22,  21,    1,  -24 },   // seq[14] g14_51
  {   747,  13,  21,  17,    1,  -24 },   // seq[15] g15_52
  {   786,  17,  22,  19,    0,  -25 },   // seq[16] g16_53
  {   837,  20,  22,  23,    1,  -25 },   // seq[17] g17_54
  {   897,   8,  25,  11,    1,  -26 },   // seq[18] g18_55
  {   929,  18,  22,  21,    1,  -25 },   // seq[19] g19_56
  {   983,  23,  17,  25,    0,  -19 },   // seq[20] g20_57
  {  1052,  22,  18,  26,    1,  -22 },   // seq[21] g21_58
  {  1118,  19,  17,  23,    1,  -22 },   // seq[22] g22_59
  {  1175,  17,  20,  21,    1,  -24 },   // seq[23] g23_60
  {  1226,  15,  21,  19,    1,  -24 },   // seq[24] g24_61
  {  1271,  15,  25,  17,    0,  -26 },   // seq[25] g25_62
  {  1331,   3,  20,   7,    2,  -21 },   // seq[26] g26_21
  {  1340,  12,  23,  16,    2,  -21 },   // seq[27] g27_22
  {  1376,  13,  21,  17,    2,  -23 },   // seq[28] g28_23
  {  1415,  13,  22,  17,    2,  -25 },   // seq[29] g29_24
  {  1454,  14,  24,  18,    2,  -25 },   // seq[30] g30_25
  {  1496,  13,  22,  17,    2,  -24 },   // seq[31] g31_26
  {  1535,  14,  20,  18,    2,  -25 },   // seq[32] g32_27
  {  1577,  16,  23,  20,    2,  -27 },   // seq[33] g33_28
  {  1625,  15,  24,  20,    2,  -27 },   // seq[34] g34_29
  {  1670,  13,  21,  18,    2,  -22 } }; // seq[35] g35_20

const GFXfont Sga_Regular_Sga_20pt7b PROGMEM = {
  (uint8_t  *)Sga_Regular_Sga_20pt7bBitmaps,
  (GFXglyph *)Sga_Regular_Sga_20pt7bGlyphs,
  0xE8C0, // first
  0xE8E3, // last
  40   //height
 };

// Approx. 1968 bytes

// /tmp/fontconvert_pinned -f /home/user/qmk_firmware/keyboards/polykybd/fonts/fantasy/unifont_csur.otf -s 16 -H auto -v _Cirth_ -r 30 -Y 40 -F0xE900 -S E080, E081, E082, E083, E084, E085, E086, E087, E088, E089, E08A, E08B, E08C, E08D, E08E, E08F, E090, E091, E092, E093, E094, E095, E096, E097, E098, E099 
// Visualize your font via https://tchapi.github.io/Adafruit-GFX-Font-Customiser

/* sequence: E080, E081, E082, E083, E084, E085, E086, E087, E088, E089, E08A, E08B, E08C, E08D, E08E, E08F, E090, E091, E092, E093, E094, E095, E096, E097, E098, E099 */
const uint8_t unifont_csur_Cirth_16pt7bBitmaps[] PROGMEM = {
  /* shaped sequence */  0xFF, 0xFF, 0x1F, 0xFF, 0xFF, 0x1F, 0x07, 0x07, 0x00, 0x07, 0x07, 0x00,
  0x07, 0x07, 0x00, 0x1F, 0x07, 0x00, 0xDC, 0x01, 0x00, 0xDC, 0x01, 0x00,
  0xDC, 0x01, 0x00, 0xFC, 0x01, 0x00, 0x70, 0x00, 0x00, 0x70, 0x00, 0x00,
  0xFF, 0xFF, 0x1F, 0xFF, 0xFF, 0x1F, 0x07, 0x07, 0x00, 0x07, 0x07, 0x00,
  0x07, 0x1F, 0x00, 0x1F, 0x1F, 0x00, 0xDC, 0x71, 0x00, 0xDC, 0xF1, 0x01,
  0xDC, 0xC1, 0x01, 0xFC, 0xC1, 0x01, 0x70, 0x00, 0x07, 0x70, 0x00, 0x07,
  0x70, 0x00, 0x00, 0x70, 0x00, 0x00, 0xFC, 0x01, 0x00, 0xDC, 0x01, 0x00,
  0xDC, 0x01, 0x00, 0xDC, 0x01, 0x00, 0xDC, 0x07, 0x00, 0x07, 0x07, 0x00,
  0x07, 0x07, 0x00, 0x07, 0x07, 0x00, 0xFF, 0xFF, 0x1F, 0xFF, 0xFF, 0x1F,
  0x00, 0x00, 0x07, 0x70, 0x00, 0x07, 0x70, 0xC0, 0x07, 0xDC, 0xC1, 0x01,
  0xDC, 0xF1, 0x01, 0xDC, 0x71, 0x00, 0xDC, 0x7F, 0x00, 0x07, 0x1F, 0x00,
  0x07, 0x1F, 0x00, 0x07, 0x07, 0x00, 0xFF, 0xFF, 0x1F, 0xFF, 0xFF, 0x1F,
  0xC0, 0x00, 0x00, 0xC0, 0x00, 0x00, 0xF0, 0x03, 0x00, 0x30, 0x03, 0x00,
  0x30, 0x0F, 0x00, 0x0C, 0x0C, 0x00, 0xFF, 0xFF, 0x0F, 0xFF, 0xFF, 0x0F,
  0x1C, 0x1C, 0x00, 0x1C, 0x1C, 0x00, 0x7C, 0x1C, 0x00, 0x70, 0x07, 0x00,
  0xF0, 0x07, 0x00, 0xC0, 0x01, 0x00, 0xC0, 0x01, 0x00, 0xFF, 0xFF, 0x1F,
  0xFF, 0xFF, 0x1F, 0x07, 0x07, 0x07, 0x07, 0x07, 0x07, 0x07, 0x07, 0x07,
  0x1F, 0x07, 0x07, 0xDC, 0xDD, 0x01, 0xDC, 0xDD, 0x01, 0xDC, 0xDD, 0x01,
  0xFC, 0xDD, 0x01, 0x70, 0x70, 0x00, 0x70, 0x70, 0x00, 0x00, 0x70, 0x00,
  0x70, 0x70, 0x00, 0x70, 0xFC, 0x01, 0xDC, 0xDD, 0x01, 0xDC, 0xDD, 0x01,
  0xDC, 0xDD, 0x01, 0xDC, 0xDD, 0x07, 0x07, 0x07, 0x07, 0x07, 0x07, 0x07,
  0x07, 0x07, 0x07, 0xFF, 0xFF, 0x1F, 0xFF, 0xFF, 0x1F, 0xFF, 0xFF, 0x1F,
  0xFF, 0xFF, 0x1F, 0x07, 0x00, 0x00, 0x07, 0x00, 0x00, 0x07, 0x00, 0x00,
  0x1F, 0x00, 0x00, 0x1C, 0x00, 0x00, 0x1C, 0x00, 0x00, 0x1C, 0x00, 0x00,
  0x7C, 0x00, 0x00, 0x70, 0x00, 0x00, 0x70, 0x00, 0x00, 0xFF, 0xFF, 0x1F,
  0xFF, 0xFF, 0x1F, 0xC7, 0x01, 0x00, 0xC7, 0x01, 0x00, 0xC7, 0x01, 0x00,
  0xDF, 0x01, 0x00, 0x1C, 0x07, 0x00, 0x1C, 0x07, 0x00, 0x1C, 0x07, 0x00,
  0x7C, 0x07, 0x00, 0x70, 0x1C, 0x00, 0x70, 0x1C, 0x00, 0x70, 0x00, 0x00,
  0x70, 0x00, 0x00, 0x7C, 0x00, 0x00, 0x1C, 0x00, 0x00, 0x1C, 0x00, 0x00,
  0x1C, 0x00, 0x00, 0x1F, 0x00, 0x00, 0x07, 0x00, 0x00, 0x07, 0x00, 0x00,
  0x07, 0x00, 0x00, 0xFF, 0xFF, 0x1F, 0xFF, 0xFF, 0x1F, 0x00, 0x1C, 0x00,
  0x70, 0x1C, 0x00, 0x70, 0x1F, 0x00, 0x1C, 0x07, 0x00, 0x1C, 0x07, 0x00,
  0x1C, 0x07, 0x00, 0xDC, 0x07, 0x00, 0xC7, 0x01, 0x00, 0xC7, 0x01, 0x00,
  0xC7, 0x01, 0x00, 0xFF, 0xFF, 0x1F, 0xFF, 0xFF, 0x1F, 0xC0, 0x00, 0x00,
  0xC0, 0x00, 0x00, 0xF0, 0x00, 0x00, 0x30, 0x00, 0x00, 0x3C, 0x00, 0x00,
  0x0C, 0x00, 0x00, 0xFF, 0xFF, 0x0F, 0xFF, 0xFF, 0x0F, 0x1C, 0x00, 0x00,
  0x1C, 0x00, 0x00, 0x7C, 0x00, 0x00, 0x70, 0x00, 0x00, 0xF0, 0x01, 0x00,
  0xC0, 0x01, 0x00, 0xC0, 0x01, 0x00, 0xFF, 0xFF, 0x1F, 0xFF, 0xFF, 0x1F,
  0x00, 0x07, 0x00, 0x00, 0x1F, 0x00, 0x00, 0x1C, 0x00, 0x00, 0x7C, 0x00,
  0x00, 0x70, 0x00, 0x00, 0xF0, 0x01, 0x00, 0xC0, 0x01, 0x00, 0xC0, 0x07,
  0x00, 0x00, 0x07, 0x00, 0x00, 0x07, 0xFF, 0xFF, 0x0F, 0xFF, 0xFF, 0x0F,
  0x00, 0xC7, 0x00, 0x00, 0xDF, 0x00, 0x00, 0x1C, 0x03, 0x00, 0x7C, 0x03,
  0x00, 0x70, 0x00, 0x00, 0xF0, 0x01, 0x00, 0xC0, 0x01, 0x00, 0xC0, 0x07,
  0x00, 0x00, 0x07, 0x00, 0x00, 0x07, 0x00, 0x00, 0x07, 0x00, 0x00, 0x07,
  0x00, 0xC0, 0x07, 0x00, 0xC0, 0x01, 0x00, 0xF0, 0x01, 0x00, 0x70, 0x00,
  0x00, 0x7C, 0x00, 0x00, 0x1C, 0x00, 0x00, 0x1F, 0x00, 0x00, 0x07, 0x00,
  0xFF, 0xFF, 0x1F, 0xFF, 0xFF, 0x1F, 0x00, 0x00, 0x03, 0x00, 0x00, 0x03,
  0x00, 0xC0, 0x03, 0x00, 0xC0, 0x00, 0x00, 0xF0, 0x00, 0x00, 0x70, 0x00,
  0x00, 0x7C, 0x07, 0x00, 0x1C, 0x07, 0x00, 0xDC, 0x07, 0x00, 0xC7, 0x01,
  0xFF, 0xFF, 0x0F, 0xFF, 0xFF, 0x0F, 0x00, 0x00, 0x03, 0x00, 0x00, 0x03,
  0x00, 0xC0, 0x03, 0x00, 0xC0, 0x00, 0x00, 0xF0, 0x00, 0x00, 0x30, 0x00,
  0xFF, 0xFF, 0x0F, 0xFF, 0xFF, 0x0F, 0x00, 0x70, 0x00, 0x00, 0x70, 0x00,
  0x00, 0xF0, 0x01, 0x00, 0xC0, 0x01, 0x00, 0xC0, 0x07, 0x00, 0x00, 0x07,
  0x00, 0x00, 0x07, 0xFF, 0xFF, 0x1F, 0xFF, 0xFF, 0x1F, 0x00, 0x1C, 0x00,
  0x00, 0x1F, 0x00, 0x00, 0x07, 0x00, 0xC0, 0x07, 0x00, 0xC0, 0x01, 0x00,
  0xF0, 0x01, 0x00, 0x70, 0x00, 0x00, 0x7C, 0x00, 0x00, 0x1C, 0x00, 0x00,
  0x1C, 0x00, 0x00, 0xFF, 0xFF, 0x1F, 0xFF, 0xFF, 0x1F, 0x70, 0x1C, 0x00,
  0x7C, 0x1C, 0x00, 0x1C, 0x07, 0x00, 0xDC, 0x07, 0x00, 0xC0, 0x01, 0x00,
  0xF0, 0x01, 0x00, 0x70, 0x00, 0x00, 0x7C, 0x00, 0x00, 0x0C, 0x00, 0x00,
  0x0C, 0x00, 0x00, 0x1C, 0x00, 0x00, 0x1C, 0x00, 0x00, 0x7C, 0x00, 0x00,
  0x70, 0x00, 0x00, 0xF0, 0x01, 0x00, 0xC0, 0x01, 0x00, 0xC0, 0x07, 0x00,
  0x00, 0x07, 0x00, 0x00, 0x1F, 0x00, 0x00, 0x1C, 0x00, 0xFF, 0xFF, 0x1F,
  0xFF, 0xFF, 0x1F, 0x1C, 0x00, 0x00, 0x1C, 0x00, 0x00, 0x7C, 0x00, 0x00,
  0x70, 0x00, 0x00, 0xF0, 0x01, 0x00, 0xC0, 0x01, 0x00, 0xC0, 0x07, 0x00,
  0x0C, 0x07, 0x00, 0x0C, 0x1F, 0x00, 0x30, 0x1C, 0x00, 0xFF, 0xFF, 0x1F,
  0xFF, 0xFF, 0x1F, 0x0C, 0x00, 0x00, 0x0C, 0x00, 0x00, 0x3C, 0x00, 0x00,
  0x30, 0x00, 0x00, 0xF0, 0x00, 0x00, 0xC0, 0x00, 0x00, 0xFF, 0xFF, 0x0F,
  0xFF, 0xFF, 0x0F, 0xC0, 0x01, 0x00, 0xC0, 0x01, 0x00, 0xF0, 0x01, 0x00,
  0x70, 0x00, 0x00, 0x7C, 0x00, 0x00, 0x1C, 0x00, 0x00, 0x1C, 0x00, 0x00,
  0xFF, 0xFF, 0x1F, 0xFF, 0xFF, 0x1F, 0x07, 0x00, 0x00, 0x1F, 0x00, 0x00,
  0x1C, 0x00, 0x00, 0x7C, 0x00, 0x00, 0x70, 0x00, 0x00, 0x7C, 0x00, 0x00,
  0x1C, 0x00, 0x00, 0x1F, 0x00, 0x00, 0x07, 0x00, 0x00, 0x07, 0x00, 0x00,
  0xFF, 0xFF, 0x1F, 0xFF, 0xFF, 0x1F, 0xC7, 0x01, 0x00, 0xDF, 0x01, 0x00,
  0x1C, 0x07, 0x00, 0x7C, 0x07, 0x00, 0x70, 0x1C, 0x00, 0x7C, 0x1C, 0x00,
  0x1C, 0x07, 0x00, 0x1F, 0x07, 0x00, 0xC7, 0x01, 0x00, 0xC7, 0x01, 0x00,
  0x07, 0x00, 0x00, 0x07, 0x00, 0x00, 0x1F, 0x00, 0x00, 0x1C, 0x00, 0x00,
  0x7C, 0x00, 0x00, 0x70, 0x00, 0x00, 0x7C, 0x00, 0x00, 0x1C, 0x00, 0x00,
  0x1F, 0x00, 0x00, 0x07, 0x00, 0x00, 0xFF, 0xFF, 0x0F, 0xFF, 0xFF, 0x0F,
  0x07, 0x00, 0x00, 0xC7, 0x01, 0x00, 0xDF, 0x07, 0x00, 0x1C, 0x07, 0x00,
  0x7C, 0x1F, 0x00, 0x70, 0x1C, 0x00, 0x7C, 0x1F, 0x00, 0x1C, 0x07, 0x00,
  0xDF, 0x07, 0x00, 0xC7, 0x01, 0x00, 0xFF, 0xFF, 0x1F, 0xFF, 0xFF, 0x1F
 };

const GFXglyph unifont_csur_Cirth_16pt7bGlyphs[] PROGMEM = {
// bmpOff,   w,   h,xAdv, xOff, yOff      sequence
  {     0,  12,  21,  16,    2,  -19 },   // seq[0] g0_130
  {    36,  12,  21,  16,    2,  -19 },   // seq[1] g1_131
  {    72,  12,  21,  16,    1,  -19 },   // seq[2] g2_132
  {   108,  12,  21,  16,    1,  -19 },   // seq[3] g3_133
  {   144,  15,  20,  16,   -1,  -19 },   // seq[4] g4_134
  {   189,  12,  21,  16,    2,  -19 },   // seq[5] g5_135
  {   225,  12,  21,  16,    1,  -19 },   // seq[6] g6_136
  {   261,  12,  21,  16,    2,  -19 },   // seq[7] g7_137
  {   297,  12,  21,  16,    2,  -19 },   // seq[8] g8_138
  {   333,  12,  21,  16,    1,  -19 },   // seq[9] g9_139
  {   369,  12,  21,  16,    1,  -19 },   // seq[10] g10_140
  {   405,  15,  20,  16,   -1,  -19 },   // seq[11] g11_141
  {   450,  12,  21,  16,    2,  -19 },   // seq[12] g12_142
  {   486,  12,  20,  16,    2,  -19 },   // seq[13] g13_143
  {   522,  12,  21,  16,    1,  -19 },   // seq[14] g14_144
  {   558,  12,  20,  16,    1,  -19 },   // seq[15] g15_145
  {   594,  15,  20,  16,   -1,  -19 },   // seq[16] g16_146
  {   639,  12,  21,  16,    2,  -19 },   // seq[17] g17_147
  {   675,  12,  21,  16,    2,  -19 },   // seq[18] g18_148
  {   711,  12,  21,  16,    1,  -19 },   // seq[19] g19_149
  {   747,  12,  21,  16,    1,  -19 },   // seq[20] g20_150
  {   783,  15,  20,  16,   -1,  -19 },   // seq[21] g21_151
  {   828,  12,  21,  16,    2,  -19 },   // seq[22] g22_152
  {   864,  12,  21,  16,    2,  -19 },   // seq[23] g23_153
  {   900,  12,  20,  16,    1,  -19 },   // seq[24] g24_154
  {   936,  12,  21,  16,    1,  -19 } }; // seq[25] g25_155

const GFXfont unifont_csur_Cirth_16pt7b PROGMEM = {
  (uint8_t  *)unifont_csur_Cirth_16pt7bBitmaps,
  (GFXglyph *)unifont_csur_Cirth_16pt7bGlyphs,
  0xE900, // first
  0xE919, // last
  40   //height
 };

// Approx. 1161 bytes

// /tmp/fontconvert_pinned -f /home/user/qmk_firmware/keyboards/polykybd/fonts/fantasy/Px_IBM_VGA8.ttf -s 20 -H auto -v _Ibmvga_ -r 30 -Y 40 -F0xE940 -S 0041, 0042, 0043, 0044, 0045, 0046, 0047, 0048, 0049, 004A, 004B, 004C, 004D, 004E, 004F, 0050, 0051, 0052, 0053, 0054, 0055, 0056, 0057, 0058, 0059, 005A, 0031, 0032, 0033, 0034, 0035, 0036, 0037, 0038, 0039, 0030 
// Visualize your font via https://tchapi.github.io/Adafruit-GFX-Font-Customiser

/* sequence: 0041, 0042, 0043, 0044, 0045, 0046, 0047, 0048, 0049, 004A, 004B, 004C, 004D, 004E, 004F, 0050, 0051, 0052, 0053, 0054, 0055, 0056, 0057, 0058, 0059, 005A, 0031, 0032, 0033, 0034, 0035, 0036, 0037, 0038, 0039, 0030 */
const uint8_t Px_IBM_VGA8_Ibmvga_20pt7bBitmaps[] PROGMEM = {
  /* shaped sequence */  0x80, 0xFF, 0xFF, 0x80, 0xFF, 0xFF, 0xE0, 0xFF, 0xFF, 0xE0, 0xFF, 0xFF,
  0xE0, 0xFF, 0xFF, 0x7C, 0x30, 0x00, 0x7C, 0x30, 0x00, 0x1F, 0x30, 0x00,
  0x1F, 0x30, 0x00, 0x1F, 0x30, 0x00, 0x7C, 0x30, 0x00, 0x7C, 0x30, 0x00,
  0xE0, 0xFF, 0xFF, 0xE0, 0xFF, 0xFF, 0xE0, 0xFF, 0xFF, 0x80, 0xFF, 0xFF,
  0x80, 0xFF, 0xFF, 0x03, 0x00, 0xC0, 0x03, 0x00, 0xC0, 0x03, 0x00, 0xC0,
  0xFF, 0xFF, 0xFF, 0xFF, 0xFF, 0xFF, 0xFF, 0xFF, 0xFF, 0xFF, 0xFF, 0xFF,
  0xFF, 0xFF, 0xFF, 0x03, 0x0C, 0xC0, 0x03, 0x0C, 0xC0, 0x03, 0x0C, 0xC0,
  0x03, 0x0C, 0xC0, 0x03, 0x0C, 0xC0, 0xFF, 0xFF, 0xFF, 0xFF, 0xFF, 0xFF,
  0xFC, 0xF1, 0x1F, 0xFC, 0xF1, 0x1F, 0xFC, 0xF1, 0x1F, 0xE0, 0xFF, 0x07,
  0xE0, 0xFF, 0x07, 0xFC, 0xFF, 0x3F, 0xFC, 0xFF, 0x3F, 0xFC, 0xFF, 0x3F,
  0x1F, 0x00, 0xF8, 0x1F, 0x00, 0xF8, 0x03, 0x00, 0xC0, 0x03, 0x00, 0xC0,
  0x03, 0x00, 0xC0, 0x03, 0x00, 0xC0, 0x03, 0x00, 0xC0, 0x1F, 0x00, 0xF8,
  0x1F, 0x00, 0xF8, 0x1F, 0x00, 0xF8, 0x7C, 0x00, 0x3E, 0x7C, 0x00, 0x3E,
  0x03, 0x00, 0xC0, 0x03, 0x00, 0xC0, 0xFF, 0xFF, 0xFF, 0xFF, 0xFF, 0xFF,
  0xFF, 0xFF, 0xFF, 0xFF, 0xFF, 0xFF, 0xFF, 0xFF, 0xFF, 0x03, 0x00, 0xC0,
  0x03, 0x00, 0xC0, 0x03, 0x00, 0xC0, 0x1F, 0x00, 0xF8, 0x1F, 0x00, 0xF8,
  0xFC, 0xFF, 0x1F, 0xFC, 0xFF, 0x1F, 0xFC, 0xFF, 0x1F, 0xE0, 0xFF, 0x07,
  0xE0, 0xFF, 0x07, 0x03, 0x00, 0xC0, 0x03, 0x00, 0xC0, 0x03, 0x00, 0xC0,
  0xFF, 0xFF, 0xFF, 0xFF, 0xFF, 0xFF, 0xFF, 0xFF, 0xFF, 0xFF, 0xFF, 0xFF,
  0xFF, 0xFF, 0xFF, 0x03, 0x0C, 0xC0, 0x03, 0x0C, 0xC0, 0x83, 0x3F, 0xC0,
  0x83, 0x3F, 0xC0, 0x83, 0x3F, 0xC0, 0x1F, 0x00, 0xF8, 0x1F, 0x00, 0xF8,
  0x7F, 0x00, 0xFE, 0x7F, 0x00, 0xFE, 0x7F, 0x00, 0xFE, 0x03, 0x00, 0xC0,
  0x03, 0x00, 0xC0, 0xFF, 0xFF, 0xFF, 0xFF, 0xFF, 0xFF, 0xFF, 0xFF, 0xFF,
  0xFF, 0xFF, 0xFF, 0xFF, 0xFF, 0xFF, 0x03, 0x0C, 0xC0, 0x03, 0x0C, 0xC0,
  0x03, 0x0C, 0xC0, 0x83, 0x3F, 0x00, 0x83, 0x3F, 0x00, 0x83, 0x3F, 0x00,
  0x1F, 0x00, 0x00, 0x7F, 0x00, 0x00, 0x7F, 0x00, 0x00, 0x7F, 0x00, 0x00,
  0xE0, 0xFF, 0x07, 0xE0, 0xFF, 0x07, 0xFC, 0xFF, 0x1F, 0xFC, 0xFF, 0x1F,
  0xFC, 0xFF, 0x1F, 0x1F, 0x00, 0xF8, 0x1F, 0x00, 0xF8, 0x03, 0x30, 0xC0,
  0x03, 0x30, 0xC0, 0x03, 0x30, 0xC0, 0x03, 0x30, 0xC0, 0x03, 0x30, 0xC0,
  0x1F, 0xF0, 0x1F, 0x1F, 0xF0, 0x1F, 0x1F, 0xF0, 0x1F, 0x7C, 0xF0, 0xFF,
  0x7C, 0xF0, 0xFF, 0xFF, 0xFF, 0xFF, 0xFF, 0xFF, 0xFF, 0xFF, 0xFF, 0xFF,
  0xFF, 0xFF, 0xFF, 0xFF, 0xFF, 0xFF, 0x00, 0x0C, 0x00, 0x00, 0x0C, 0x00,
  0x00, 0x0C, 0x00, 0x00, 0x0C, 0x00, 0x00, 0x0C, 0x00, 0x00, 0x0C, 0x00,
  0x00, 0x0C, 0x00, 0xFF, 0xFF, 0xFF, 0xFF, 0xFF, 0xFF, 0xFF, 0xFF, 0xFF,
  0xFF, 0xFF, 0xFF, 0xFF, 0xFF, 0xFF, 0x03, 0x00, 0xC0, 0x03, 0x00, 0xC0,
  0xFF, 0xFF, 0xFF, 0xFF, 0xFF, 0xFF, 0xFF, 0xFF, 0xFF, 0xFF, 0xFF, 0xFF,
  0xFF, 0xFF, 0xFF, 0x03, 0x00, 0xC0, 0x03, 0x00, 0xC0, 0x03, 0x00, 0xC0,
  0x00, 0xC0, 0x1F, 0x00, 0xC0, 0x1F, 0x00, 0xC0, 0xFF, 0x00, 0xC0, 0xFF,
  0x00, 0xC0, 0xFF, 0x00, 0x00, 0xC0, 0x00, 0x00, 0xC0, 0x03, 0x00, 0xC0,
  0x03, 0x00, 0xC0, 0x03, 0x00, 0xC0, 0xFF, 0xFF, 0xFF, 0xFF, 0xFF, 0xFF,
  0xFF, 0xFF, 0x1F, 0xFF, 0xFF, 0x1F, 0xFF, 0xFF, 0x1F, 0x03, 0x00, 0x00,
  0x03, 0x00, 0x00, 0x03, 0x00, 0xC0, 0x03, 0x00, 0xC0, 0x03, 0x00, 0xC0,
  0xFF, 0xFF, 0xFF, 0xFF, 0xFF, 0xFF, 0xFF, 0xFF, 0xFF, 0xFF, 0xFF, 0xFF,
  0xFF, 0xFF, 0xFF, 0x00, 0x3E, 0x00, 0x00, 0x3E, 0x00, 0x80, 0xFF, 0x00,
  0x80, 0xFF, 0x00, 0x80, 0xFF, 0x00, 0xFF, 0xC1, 0xFF, 0xFF, 0xC1, 0xFF,
  0x7F, 0x00, 0xFE, 0x7F, 0x00, 0xFE, 0x7F, 0x00, 0xFE, 0x03, 0x00, 0xC0,
  0x03, 0x00, 0xC0, 0xFF, 0xFF, 0xFF, 0xFF, 0xFF, 0xFF, 0xFF, 0xFF, 0xFF,
  0xFF, 0xFF, 0xFF, 0xFF, 0xFF, 0xFF, 0x03, 0x00, 0xC0, 0x03, 0x00, 0xC0,
  0x03, 0x00, 0xC0, 0x00, 0x00, 0xC0, 0x00, 0x00, 0xC0, 0x00, 0x00, 0xF8,
  0x00, 0x00, 0xF8, 0x00, 0x00, 0xFE, 0x00, 0x00, 0xFE, 0x00, 0x00, 0xFE,
  0xFF, 0xFF, 0xFF, 0xFF, 0xFF, 0xFF, 0xFF, 0xFF, 0xFF, 0xFF, 0xFF, 0xFF,
  0xFF, 0xFF, 0xFF, 0xFC, 0x01, 0x00, 0xFC, 0x01, 0x00, 0xE0, 0x0F, 0x00,
  0xE0, 0x0F, 0x00, 0xE0, 0x0F, 0x00, 0xFC, 0x01, 0x00, 0xFC, 0x01, 0x00,
  0xFF, 0xFF, 0xFF, 0xFF, 0xFF, 0xFF, 0xFF, 0xFF, 0xFF, 0xFF, 0xFF, 0xFF,
  0xFF, 0xFF, 0xFF, 0xFF, 0xFF, 0xFF, 0xFF, 0xFF, 0xFF, 0xFF, 0xFF, 0xFF,
  0xFF, 0xFF, 0xFF, 0xFF, 0xFF, 0xFF, 0xFC, 0x01, 0x00, 0xFC, 0x01, 0x00,
  0xE0, 0x0F, 0x00, 0xE0, 0x0F, 0x00, 0xE0, 0x0F, 0x00, 0x80, 0x3F, 0x00,
  0x80, 0x3F, 0x00, 0xFF, 0xFF, 0xFF, 0xFF, 0xFF, 0xFF, 0xFF, 0xFF, 0xFF,
  0xFF, 0xFF, 0xFF, 0xFF, 0xFF, 0xFF, 0xFC, 0xFF, 0x1F, 0xFC, 0xFF, 0x1F,
  0xFC, 0xFF, 0x1F, 0xFF, 0xFF, 0xFF, 0xFF, 0xFF, 0xFF, 0x03, 0x00, 0xC0,
  0x03, 0x00, 0xC0, 0x03, 0x00, 0xC0, 0x03, 0x00, 0xC0, 0x03, 0x00, 0xC0,
  0x03, 0x00, 0xC0, 0x03, 0x00, 0xC0, 0xFF, 0xFF, 0xFF, 0xFF, 0xFF, 0xFF,
  0xFF, 0xFF, 0xFF, 0xFC, 0xFF, 0x1F, 0xFC, 0xFF, 0x1F, 0x03, 0x00, 0xC0,
  0x03, 0x00, 0xC0, 0xFF, 0xFF, 0xFF, 0xFF, 0xFF, 0xFF, 0xFF, 0xFF, 0xFF,
  0xFF, 0xFF, 0xFF, 0xFF, 0xFF, 0xFF, 0x03, 0x0C, 0xC0, 0x03, 0x0C, 0xC0,
  0x03, 0x0C, 0xC0, 0x03, 0x0C, 0x00, 0x03, 0x0C, 0x00, 0xFF, 0x0F, 0x00,
  0xFF, 0x0F, 0x00, 0xFF, 0x0F, 0x00, 0xFC, 0x01, 0x00, 0xFC, 0x01, 0x00,
  0xFC, 0xFF, 0x1F, 0x00, 0xFC, 0xFF, 0x1F, 0x00, 0xFC, 0xFF, 0x1F, 0x00,
  0xFF, 0xFF, 0xFF, 0x00, 0xFF, 0xFF, 0xFF, 0x00, 0x03, 0x00, 0xC0, 0x00,
  0x03, 0x00, 0xC0, 0x00, 0x03, 0x00, 0xFF, 0x00, 0x03, 0x00, 0xFF, 0x00,
  0x03, 0x00, 0xFF, 0x00, 0x03, 0x00, 0xF8, 0x1F, 0x03, 0x00, 0xF8, 0x1F,
  0xFF, 0xFF, 0xFF, 0x1F, 0xFF, 0xFF, 0xFF, 0x1F, 0xFF, 0xFF, 0xFF, 0x1F,
  0xFC, 0xFF, 0x1F, 0x18, 0xFC, 0xFF, 0x1F, 0x18, 0x03, 0x00, 0xC0, 0x03,
  0x00, 0xC0, 0xFF, 0xFF, 0xFF, 0xFF, 0xFF, 0xFF, 0xFF, 0xFF, 0xFF, 0xFF,
  0xFF, 0xFF, 0xFF, 0xFF, 0xFF, 0x03, 0x0C, 0x00, 0x03, 0x0C, 0x00, 0x03,
  0x0C, 0x00, 0x03, 0x7C, 0x00, 0x03, 0x7C, 0x00, 0xFF, 0xFF, 0xFF, 0xFF,
  0xFF, 0xFF, 0xFF, 0xFF, 0xFF, 0xFC, 0x81, 0xFF, 0xFC, 0x81, 0xFF, 0x7C,
  0x00, 0x3E, 0x7C, 0x00, 0x3E, 0xFF, 0x03, 0xFE, 0xFF, 0x03, 0xFE, 0xFF,
  0x03, 0xFE, 0x83, 0x0F, 0xC0, 0x83, 0x0F, 0xC0, 0x03, 0x0C, 0xC0, 0x03,
  0x0C, 0xC0, 0x03, 0x0C, 0xC0, 0x03, 0x7C, 0xC0, 0x03, 0x7C, 0xC0, 0x7F,
  0xF0, 0xFF, 0x7F, 0xF0, 0xFF, 0x7F, 0xF0, 0xFF, 0x7C, 0x80, 0x3F, 0x7C,
  0x80, 0x3F, 0x7F, 0x00, 0x00, 0x7F, 0x00, 0x00, 0x7F, 0x00, 0x00, 0x1F,
  0x00, 0xC0, 0x1F, 0x00, 0xC0, 0xFF, 0xFF, 0xFF, 0xFF, 0xFF, 0xFF, 0xFF,
  0xFF, 0xFF, 0xFF, 0xFF, 0xFF, 0xFF, 0xFF, 0xFF, 0x1F, 0x00, 0xC0, 0x1F,
  0x00, 0xC0, 0x7F, 0x00, 0x00, 0x7F, 0x00, 0x00, 0x7F, 0x00, 0x00, 0xFF,
  0xFF, 0x3F, 0xFF, 0xFF, 0x3F, 0xFF, 0xFF, 0x3F, 0xFF, 0xFF, 0xFF, 0xFF,
  0xFF, 0xFF, 0x00, 0x00, 0xC0, 0x00, 0x00, 0xC0, 0x00, 0x00, 0xC0, 0x00,
  0x00, 0xC0, 0x00, 0x00, 0xC0, 0x00, 0x00, 0xC0, 0x00, 0x00, 0xC0, 0xFF,
  0xFF, 0xFF, 0xFF, 0xFF, 0xFF, 0xFF, 0xFF, 0xFF, 0xFF, 0xFF, 0x3F, 0xFF,
  0xFF, 0x3F, 0xFF, 0xFF, 0x01, 0xFF, 0xFF, 0x01, 0xFF, 0xFF, 0x07, 0xFF,
  0xFF, 0x07, 0xFF, 0xFF, 0x07, 0x00, 0x00, 0x3E, 0x00, 0x00, 0x3E, 0x00,
  0x00, 0xF8, 0x00, 0x00, 0xF8, 0x00, 0x00, 0xF8, 0x00, 0x00, 0x3E, 0x00,
  0x00, 0x3E, 0xFF, 0xFF, 0x07, 0xFF, 0xFF, 0x07, 0xFF, 0xFF, 0x07, 0xFF,
  0xFF, 0x01, 0xFF, 0xFF, 0x01, 0xFF, 0xFF, 0x3F, 0xFF, 0xFF, 0x3F, 0xFF,
  0xFF, 0xFF, 0xFF, 0xFF, 0xFF, 0xFF, 0xFF, 0xFF, 0x00, 0x00, 0xFE, 0x00,
  0x00, 0xFE, 0x00, 0xFC, 0x07, 0x00, 0xFC, 0x07, 0x00, 0xFC, 0x07, 0x00,
  0x00, 0xFE, 0x00, 0x00, 0xFE, 0xFF, 0xFF, 0xFF, 0xFF, 0xFF, 0xFF, 0xFF,
  0xFF, 0xFF, 0xFF, 0xFF, 0x3F, 0xFF, 0xFF, 0x3F, 0x1F, 0x00, 0xF8, 0x1F,
  0x00, 0xF8, 0xFF, 0xC1, 0xFF, 0xFF, 0xC1, 0xFF, 0xFF, 0xC1, 0xFF, 0xE0,
  0xFF, 0x07, 0xE0, 0xFF, 0x07, 0x80, 0xFF, 0x00, 0x80, 0xFF, 0x00, 0x80,
  0xFF, 0x00, 0xE0, 0xFF, 0x07, 0xE0, 0xFF, 0x07, 0xFF, 0xC1, 0xFF, 0xFF,
  0xC1, 0xFF, 0xFF, 0xC1, 0xFF, 0x1F, 0x00, 0xF8, 0x1F, 0x00, 0xF8, 0xFF,
  0x01, 0x00, 0xFF, 0x01, 0x00, 0xFF, 0x0F, 0xC0, 0xFF, 0x0F, 0xC0, 0xFF,
  0x0F, 0xC0, 0x00, 0xFE, 0xFF, 0x00, 0xFE, 0xFF, 0x00, 0xFE, 0xFF, 0x00,
  0xFE, 0xFF, 0x00, 0xFE, 0xFF, 0xFF, 0x0F, 0xC0, 0xFF, 0x0F, 0xC0, 0xFF,
  0x01, 0x00, 0xFF, 0x01, 0x00, 0xFF, 0x01, 0x00, 0x7F, 0x00, 0xFE, 0x7F,
  0x00, 0xFE, 0x7F, 0x00, 0xFE, 0x1F, 0xC0, 0xFF, 0x1F, 0xC0, 0xFF, 0x03,
  0xF0, 0xC1, 0x03, 0xF0, 0xC1, 0x03, 0x3E, 0xC0, 0x03, 0x3E, 0xC0, 0x03,
  0x3E, 0xC0, 0x83, 0x0F, 0xC0, 0x83, 0x0F, 0xC0, 0xFF, 0x01, 0xF8, 0xFF,
  0x01, 0xF8, 0xFF, 0x01, 0xF8, 0x7F, 0x00, 0xFE, 0x7F, 0x00, 0xFE, 0x60,
  0x00, 0xC0, 0x60, 0x00, 0xC0, 0x7C, 0x00, 0xC0, 0x7C, 0x00, 0xC0, 0x7C,
  0x00, 0xC0, 0xFF, 0xFF, 0xFF, 0xFF, 0xFF, 0xFF, 0xFF, 0xFF, 0xFF, 0xFF,
  0xFF, 0xFF, 0xFF, 0xFF, 0xFF, 0x00, 0x00, 0xC0, 0x00, 0x00, 0xC0, 0x00,
  0x00, 0xC0, 0x00, 0x00, 0xC0, 0x00, 0x00, 0xC0, 0x0C, 0x00, 0xFE, 0x0C,
  0x00, 0xFE, 0x0F, 0xC0, 0xFF, 0x0F, 0xC0, 0xFF, 0x0F, 0xC0, 0xFF, 0x03,
  0xF0, 0xC1, 0x03, 0xF0, 0xC1, 0x03, 0x3E, 0xC0, 0x03, 0x3E, 0xC0, 0x03,
  0x3E, 0xC0, 0x83, 0x0F, 0xC0, 0x83, 0x0F, 0xC0, 0xFF, 0x01, 0xF8, 0xFF,
  0x01, 0xF8, 0xFF, 0x01, 0xF8, 0x7C, 0x00, 0xF8, 0x7C, 0x00, 0xF8, 0x0C,
  0x00, 0x18, 0x0C, 0x00, 0x18, 0x0C, 0x00, 0x18, 0x0F, 0x00, 0xF8, 0x0F,
  0x00, 0xF8, 0x03, 0x0C, 0xC0, 0x03, 0x0C, 0xC0, 0x03, 0x0C, 0xC0, 0x03,
  0x0C, 0xC0, 0x03, 0x0C, 0xC0, 0x03, 0x0C, 0xC0, 0x03, 0x0C, 0xC0, 0xFF,
  0xFF, 0xFF, 0xFF, 0xFF, 0xFF, 0xFF, 0xFF, 0xFF, 0xFC, 0xF1, 0x1F, 0xFC,
  0xF1, 0x1F, 0x00, 0x3E, 0x00, 0x00, 0x3E, 0x00, 0x80, 0x3F, 0x00, 0x80,
  0x3F, 0x00, 0x80, 0x3F, 0x00, 0xE0, 0x31, 0x00, 0xE0, 0x31, 0x00, 0x7C,
  0x30, 0xC0, 0x7C, 0x30, 0xC0, 0x7C, 0x30, 0xC0, 0xFF, 0xFF, 0xFF, 0xFF,
  0xFF, 0xFF, 0xFF, 0xFF, 0xFF, 0xFF, 0xFF, 0xFF, 0xFF, 0xFF, 0xFF, 0x00,
  0x30, 0xC0, 0x00, 0x30, 0xC0, 0xFF, 0x0F, 0x18, 0xFF, 0x0F, 0x18, 0xFF,
  0x0F, 0x18, 0xFF, 0x0F, 0xF8, 0xFF, 0x0F, 0xF8, 0x03, 0x0C, 0xC0, 0x03,
  0x0C, 0xC0, 0x03, 0x0C, 0xC0, 0x03, 0x0C, 0xC0, 0x03, 0x0C, 0xC0, 0x03,
  0x0C, 0xC0, 0x03, 0x0C, 0xC0, 0x03, 0xFC, 0xFF, 0x03, 0xFC, 0xFF, 0x03,
  0xFC, 0xFF, 0x03, 0xF0, 0x1F, 0x03, 0xF0, 0x1F, 0xF0, 0xFF, 0x1F, 0xF0,
  0xFF, 0x1F, 0xFC, 0xFF, 0xFF, 0xFC, 0xFF, 0xFF, 0xFC, 0xFF, 0xFF, 0x0F,
  0x0C, 0xC0, 0x0F, 0x0C, 0xC0, 0x03, 0x0C, 0xC0, 0x03, 0x0C, 0xC0, 0x03,
  0x0C, 0xC0, 0x03, 0x0C, 0xC0, 0x03, 0x0C, 0xC0, 0x00, 0xFC, 0xFF, 0x00,
  0xFC, 0xFF, 0x00, 0xF0, 0x1F, 0x00, 0xF0, 0x1F, 0x00, 0xF0, 0x1F, 0x0F,
  0x00, 0x00, 0x0F, 0x00, 0x00, 0x0F, 0x00, 0x00, 0x0F, 0x00, 0x00, 0x0F,
  0x00, 0x00, 0x03, 0x80, 0xFF, 0x03, 0x80, 0xFF, 0x03, 0xF8, 0xFF, 0x03,
  0xF8, 0xFF, 0x03, 0xF8, 0xFF, 0x03, 0x3E, 0x00, 0x03, 0x3E, 0x00, 0xFF,
  0x0F, 0x00, 0xFF, 0x0F, 0x00, 0xFF, 0x0F, 0x00, 0xFF, 0x01, 0x00, 0xFF,
  0x01, 0x00, 0xFC, 0xF1, 0x1F, 0xFC, 0xF1, 0x1F, 0xFC, 0xF1, 0x1F, 0xFF,
  0xFF, 0xFF, 0xFF, 0xFF, 0xFF, 0x03, 0x0C, 0xC0, 0x03, 0x0C, 0xC0, 0x03,
  0x0C, 0xC0, 0x03, 0x0C, 0xC0, 0x03, 0x0C, 0xC0, 0x03, 0x0C, 0xC0, 0x03,
  0x0C, 0xC0, 0xFF, 0xFF, 0xFF, 0xFF, 0xFF, 0xFF, 0xFF, 0xFF, 0xFF, 0xFC,
  0xF1, 0x1F, 0xFC, 0xF1, 0x1F, 0xFC, 0x01, 0x00, 0xFC, 0x01, 0x00, 0xFF,
  0x0F, 0xC0, 0xFF, 0x0F, 0xC0, 0xFF, 0x0F, 0xC0, 0x03, 0x0C, 0xC0, 0x03,
  0x0C, 0xC0, 0x03, 0x0C, 0xC0, 0x03, 0x0C, 0xC0, 0x03, 0x0C, 0xC0, 0x03,
  0x0C, 0xF8, 0x03, 0x0C, 0xF8, 0xFF, 0xFF, 0x3F, 0xFF, 0xFF, 0x3F, 0xFF,
  0xFF, 0x3F, 0xFC, 0xFF, 0x07, 0xFC, 0xFF, 0x07, 0xE0, 0xFF, 0x07, 0xE0,
  0xFF, 0x07, 0xFC, 0xFF, 0x1F, 0xFC, 0xFF, 0x1F, 0xFC, 0xFF, 0x1F, 0x1F,
  0x00, 0xF8, 0x1F, 0x00, 0xF8, 0x03, 0x3E, 0xC0, 0x03, 0x3E, 0xC0, 0x03,
  0x3E, 0xC0, 0x1F, 0x00, 0xF8, 0x1F, 0x00, 0xF8, 0xFC, 0xFF, 0x1F, 0xFC,
  0xFF, 0x1F, 0xFC, 0xFF, 0x1F, 0xE0, 0xFF, 0x07, 0xE0, 0xFF, 0x07
 };

const GFXglyph Px_IBM_VGA8_Ibmvga_20pt7bGlyphs[] PROGMEM = {
// bmpOff,   w,   h,xAdv, xOff, yOff      sequence
  {     0,  17,  24,  20,    0,  -23 },   // seq[0] g0_66
  {    51,  18,  24,  20,    0,  -23 },   // seq[1] g1_67
  {   105,  17,  24,  20,    0,  -23 },   // seq[2] g2_68
  {   156,  17,  24,  20,    0,  -23 },   // seq[3] g3_69
  {   207,  18,  24,  20,    0,  -23 },   // seq[4] g4_70
  {   261,  17,  24,  20,    0,  -23 },   // seq[5] g5_71
  {   312,  17,  24,  20,    0,  -23 },   // seq[6] g6_72
  {   363,  17,  24,  20,    0,  -23 },   // seq[7] g7_73
  {   414,  10,  24,  20,    5,  -23 },   // seq[8] g8_74
  {   444,  17,  24,  20,    0,  -23 },   // seq[9] g9_75
  {   495,  18,  24,  20,    0,  -23 },   // seq[10] g10_76
  {   549,  17,  24,  20,    0,  -23 },   // seq[11] g11_77
  {   600,  17,  24,  20,    0,  -23 },   // seq[12] g12_78
  {   651,  17,  24,  20,    0,  -23 },   // seq[13] g13_79
  {   702,  17,  24,  20,    0,  -23 },   // seq[14] g14_80
  {   753,  17,  24,  20,    0,  -23 },   // seq[15] g15_81
  {   804,  17,  29,  20,    0,  -23 },   // seq[16] g16_82
  {   872,  17,  24,  20,    0,  -23 },   // seq[17] g17_83
  {   923,  17,  24,  20,    0,  -23 },   // seq[18] g18_84
  {   974,  15,  24,  20,    2,  -23 },   // seq[19] g19_85
  {  1019,  17,  24,  20,    0,  -23 },   // seq[20] g20_86
  {  1070,  17,  24,  20,    0,  -23 },   // seq[21] g21_87
  {  1121,  17,  24,  20,    0,  -23 },   // seq[22] g22_88
  {  1172,  17,  24,  20,    0,  -23 },   // seq[23] g23_89
  {  1223,  15,  24,  20,    2,  -23 },   // seq[24] g24_90
  {  1268,  17,  24,  20,    0,  -23 },   // seq[25] g25_91
  {  1319,  15,  24,  20,    2,  -23 },   // seq[26] g26_50
  {  1364,  17,  24,  20,    0,  -23 },   // seq[27] g27_51
  {  1415,  17,  24,  20,    0,  -23 },   // seq[28] g28_52
  {  1466,  17,  24,  20,    0,  -23 },   // seq[29] g29_53
  {  1517,  17,  24,  20,    0,  -23 },   // seq[30] g30_54
  {  1568,  17,  24,  20,    0,  -23 },   // seq[31] g31_55
  {  1619,  17,  24,  20,    0,  -23 },   // seq[32] g32_56
  {  1670,  17,  24,  20,    0,  -23 },   // seq[33] g33_57
  {  1721,  17,  24,  20,    0,  -23 },   // seq[34] g34_58
  {  1772,  17,  24,  20,    0,  -23 } }; // seq[35] g35_49

const GFXfont Px_IBM_VGA8_Ibmvga_20pt7b PROGMEM = {
  (uint8_t  *)Px_IBM_VGA8_Ibmvga_20pt7bBitmaps,
  (GFXglyph *)Px_IBM_VGA8_Ibmvga_20pt7bGlyphs,
  0xE940, // first
  0xE963, // last
  40   //height
 };

// Approx. 2082 bytes

// /tmp/fontconvert_pinned -f /home/user/qmk_firmware/keyboards/polykybd/fonts/fantasy/PetMe64.ttf -s 20 -H auto -v _C64_ -r 30 -Y 40 -F0xE980 -S 0041, 0042, 0043, 0044, 0045, 0046, 0047, 0048, 0049, 004A, 004B, 004C, 004D, 004E, 004F, 0050, 0051, 0052, 0053, 0054, 0055, 0056, 0057, 0058, 0059, 005A, 0031, 0032, 0033, 0034, 0035, 0036, 0037, 0038, 0039, 0030 
// Visualize your font via https://tchapi.github.io/Adafruit-GFX-Font-Customiser

/* sequence: 0041, 0042, 0043, 0044, 0045, 0046, 0047, 0048, 0049, 004A, 004B, 004C, 004D, 004E, 004F, 0050, 0051, 0052, 0053, 0054, 0055, 0056, 0057, 0058, 0059, 005A, 0031, 0032, 0033, 0034, 0035, 0036, 0037, 0038, 0039, 0030 */
const uint8_t PetMe64_C64_20pt7bBitmaps[] PROGMEM = {
  /* shaped sequence */  0x00, 0xFC, 0xFF, 0xFF, 0x07, 0x00, 0xFC, 0xFF, 0xFF, 0x07, 0x00, 0xFC,
  0xFF, 0xFF, 0x07, 0x00, 0xFC, 0xFF, 0xFF, 0x07, 0x00, 0xFC, 0xFF, 0xFF,
  0x07, 0xE0, 0xFF, 0xFF, 0xFF, 0x07, 0xE0, 0xFF, 0xFF, 0xFF, 0x07, 0xE0,
  0xFF, 0xFF, 0xFF, 0x07, 0xE0, 0xFF, 0xFF, 0xFF, 0x07, 0xE0, 0xFF, 0xFF,
  0xFF, 0x07, 0xFF, 0x83, 0x0F, 0x00, 0x00, 0xFF, 0x83, 0x0F, 0x00, 0x00,
  0xFF, 0x83, 0x0F, 0x00, 0x00, 0xFF, 0x83, 0x0F, 0x00, 0x00, 0xFF, 0x83,
  0x0F, 0x00, 0x00, 0xFF, 0x83, 0x0F, 0x00, 0x00, 0xFF, 0x83, 0x0F, 0x00,
  0x00, 0xFF, 0x83, 0x0F, 0x00, 0x00, 0xFF, 0x83, 0x0F, 0x00, 0x00, 0xFF,
  0x83, 0x0F, 0x00, 0x00, 0xE0, 0xFF, 0xFF, 0xFF, 0x07, 0xE0, 0xFF, 0xFF,
  0xFF, 0x07, 0xE0, 0xFF, 0xFF, 0xFF, 0x07, 0xE0, 0xFF, 0xFF, 0xFF, 0x07,
  0xE0, 0xFF, 0xFF, 0xFF, 0x07, 0x00, 0xFC, 0xFF, 0xFF, 0x07, 0x00, 0xFC,
  0xFF, 0xFF, 0x07, 0x00, 0xFC, 0xFF, 0xFF, 0x07, 0x00, 0xFC, 0xFF, 0xFF,
  0x07, 0xFF, 0xFF, 0xFF, 0xFF, 0x07, 0xFF, 0xFF, 0xFF, 0xFF, 0x07, 0xFF,
  0xFF, 0xFF, 0xFF, 0x07, 0xFF, 0xFF, 0xFF, 0xFF, 0x07, 0xFF, 0xFF, 0xFF,
  0xFF, 0x07, 0xFF, 0xFF, 0xFF, 0xFF, 0x07, 0xFF, 0xFF, 0xFF, 0xFF, 0x07,
  0xFF, 0xFF, 0xFF, 0xFF, 0x07, 0xFF, 0xFF, 0xFF, 0xFF, 0x07, 0xFF, 0xFF,
  0xFF, 0xFF, 0x07, 0x1F, 0x80, 0x0F, 0xC0, 0x07, 0x1F, 0x80, 0x0F, 0xC0,
  0x07, 0x1F, 0x80, 0x0F, 0xC0, 0x07, 0x1F, 0x80, 0x0F, 0xC0, 0x07, 0x1F,
  0x80, 0x0F, 0xC0, 0x07, 0x1F, 0x80, 0x0F, 0xC0, 0x07, 0x1F, 0x80, 0x0F,
  0xC0, 0x07, 0x1F, 0x80, 0x0F, 0xC0, 0x07, 0x1F, 0x80, 0x0F, 0xC0, 0x07,
  0xFF, 0xFF, 0xFF, 0xFF, 0x07, 0xFF, 0xFF, 0xFF, 0xFF, 0x07, 0xFF, 0xFF,
  0xFF, 0xFF, 0x07, 0xFF, 0xFF, 0xFF, 0xFF, 0x07, 0xFF, 0xFF, 0xFF, 0xFF,
  0x07, 0xE0, 0x7F, 0xF0, 0x3F, 0x00, 0xE0, 0x7F, 0xF0, 0x3F, 0x00, 0xE0,
  0x7F, 0xF0, 0x3F, 0x00, 0xE0, 0x7F, 0xF0, 0x3F, 0x00, 0xE0, 0x7F, 0xF0,
  0x3F, 0x00, 0xE0, 0xFF, 0xFF, 0x3F, 0x00, 0xE0, 0xFF, 0xFF, 0x3F, 0x00,
  0xE0, 0xFF, 0xFF, 0x3F, 0x00, 0xE0, 0xFF, 0xFF, 0x3F, 0x00, 0xE0, 0xFF,
  0xFF, 0x3F, 0x00, 0xFF, 0xFF, 0xFF, 0xFF, 0x07, 0xFF, 0xFF, 0xFF, 0xFF,
  0x07, 0xFF, 0xFF, 0xFF, 0xFF, 0x07, 0xFF, 0xFF, 0xFF, 0xFF, 0x07, 0xFF,
  0xFF, 0xFF, 0xFF, 0x07, 0x1F, 0x00, 0x00, 0xC0, 0x07, 0x1F, 0x00, 0x00,
  0xC0, 0x07, 0x1F, 0x00, 0x00, 0xC0, 0x07, 0x1F, 0x00, 0x00, 0xC0, 0x07,
  0x1F, 0x00, 0x00, 0xC0, 0x07, 0x1F, 0x00, 0x00, 0xC0, 0x07, 0x1F, 0x00,
  0x00, 0xC0, 0x07, 0x1F, 0x00, 0x00, 0xC0, 0x07, 0x1F, 0x00, 0x00, 0xC0,
  0x07, 0xFF, 0x03, 0x00, 0xFE, 0x07, 0xFF, 0x03, 0x00, 0xFE, 0x07, 0xFF,
  0x03, 0x00, 0xFE, 0x07, 0xFF, 0x03, 0x00, 0xFE, 0x07, 0xFF, 0x03, 0x00,
  0xFE, 0x07, 0xFF, 0x03, 0x00, 0xFE, 0x07, 0xE0, 0x03, 0x00, 0x3E, 0x00,
  0xE0, 0x03, 0x00, 0x3E, 0x00, 0xE0, 0x03, 0x00, 0x3E, 0x00, 0xE0, 0x03,
  0x00, 0x3E, 0x00, 0xFF, 0xFF, 0xFF, 0xFF, 0x07, 0xFF, 0xFF, 0xFF, 0xFF,
  0x07, 0xFF, 0xFF, 0xFF, 0xFF, 0x07, 0xFF, 0xFF, 0xFF, 0xFF, 0x07, 0xFF,
  0xFF, 0xFF, 0xFF, 0x07, 0xFF, 0xFF, 0xFF, 0xFF, 0x07, 0xFF, 0xFF, 0xFF,
  0xFF, 0x07, 0xFF, 0xFF, 0xFF, 0xFF, 0x07, 0xFF, 0xFF, 0xFF, 0xFF, 0x07,
  0xFF, 0xFF, 0xFF, 0xFF, 0x07, 0x1F, 0x00, 0x00, 0xC0, 0x07, 0x1F, 0x00,
  0x00, 0xC0, 0x07, 0x1F, 0x00, 0x00, 0xC0, 0x07, 0x1F, 0x00, 0x00, 0xC0,
  0x07, 0x1F, 0x00, 0x00, 0xC0, 0x07, 0xFF, 0x03, 0x00, 0xFE, 0x07, 0xFF,
  0x03, 0x00, 0xFE, 0x07, 0xFF, 0x03, 0x00, 0xFE, 0x07, 0xFF, 0x03, 0x00,
  0xFE, 0x07, 0xE0, 0xFF, 0xFF, 0x3F, 0x00, 0xE0, 0xFF, 0xFF, 0x3F, 0x00,
  0xE0, 0xFF, 0xFF, 0x3F, 0x00, 0xE0, 0xFF, 0xFF, 0x3F, 0x00, 0xE0, 0xFF,
  0xFF, 0x3F, 0x00, 0xE0, 0xFF, 0xFF, 0x3F, 0x00, 0x00, 0xFC, 0xFF, 0x01,
  0x00, 0x00, 0xFC, 0xFF, 0x01, 0x00, 0x00, 0xFC, 0xFF, 0x01, 0x00, 0x00,
  0xFC, 0xFF, 0x01, 0x00, 0xFF, 0xFF, 0xFF, 0xFF, 0x07, 0xFF, 0xFF, 0xFF,
  0xFF, 0x07, 0xFF, 0xFF, 0xFF, 0xFF, 0x07, 0xFF, 0xFF, 0xFF, 0xFF, 0x07,
  0xFF, 0xFF, 0xFF, 0xFF, 0x07, 0xFF, 0xFF, 0xFF, 0xFF, 0x07, 0xFF, 0xFF,
  0xFF, 0xFF, 0x07, 0xFF, 0xFF, 0xFF, 0xFF, 0x07, 0xFF, 0xFF, 0xFF, 0xFF,
  0x07, 0xFF, 0xFF, 0xFF, 0xFF, 0x07, 0x1F, 0x80, 0x0F, 0xC0, 0x07, 0x1F,
  0x80, 0x0F, 0xC0, 0x07, 0x1F, 0x80, 0x0F, 0xC0, 0x07, 0x1F, 0x80, 0x0F,
  0xC0, 0x07, 0x1F, 0x80, 0x0F, 0xC0, 0x07, 0x1F, 0x80, 0x0F, 0xC0, 0x07,
  0x1F, 0x80, 0x0F, 0xC0, 0x07, 0x1F, 0x80, 0x0F, 0xC0, 0x07, 0x1F, 0x80,
  0x0F, 0xC0, 0x07, 0x1F, 0x80, 0x0F, 0xC0, 0x07, 0x1F, 0x00, 0x00, 0xC0,
  0x07, 0x1F, 0x00, 0x00, 0xC0, 0x07, 0x1F, 0x00, 0x00, 0xC0, 0x07, 0x1F,
  0x00, 0x00, 0xC0, 0x07, 0x1F, 0x00, 0x00, 0xC0, 0x07, 0x1F, 0x00, 0x00,
  0xC0, 0x07, 0x1F, 0x00, 0x00, 0xC0, 0x07, 0x1F, 0x00, 0x00, 0xC0, 0x07,
  0x1F, 0x00, 0x00, 0xC0, 0x07, 0x1F, 0x00, 0x00, 0xC0, 0x07, 0xFF, 0xFF,
  0xFF, 0xFF, 0x07, 0xFF, 0xFF, 0xFF, 0xFF, 0x07, 0xFF, 0xFF, 0xFF, 0xFF,
  0x07, 0xFF, 0xFF, 0xFF, 0xFF, 0x07, 0xFF, 0xFF, 0xFF, 0xFF, 0x07, 0xFF,
  0xFF, 0xFF, 0xFF, 0x07, 0xFF, 0xFF, 0xFF, 0xFF, 0x07, 0xFF, 0xFF, 0xFF,
  0xFF, 0x07, 0xFF, 0xFF, 0xFF, 0xFF, 0x07, 0xFF, 0xFF, 0xFF, 0xFF, 0x07,
  0x1F, 0x80, 0x0F, 0x00, 0x00, 0x1F, 0x80, 0x0F, 0x00, 0x00, 0x1F, 0x80,
  0x0F, 0x00, 0x00, 0x1F, 0x80, 0x0F, 0x00, 0x00, 0x1F, 0x80, 0x0F, 0x00,
  0x00, 0x1F, 0x80, 0x0F, 0x00, 0x00, 0x1F, 0x80, 0x0F, 0x00, 0x00, 0x1F,
  0x80, 0x0F, 0x00, 0x00, 0x1F, 0x80, 0x0F, 0x00, 0x00, 0x1F, 0x80, 0x0F,
  0x00, 0x00, 0x1F, 0x00, 0x00, 0x00, 0x00, 0x1F, 0x00, 0x00, 0x00, 0x00,
  0x1F, 0x00, 0x00, 0x00, 0x00, 0x1F, 0x00, 0x00, 0x00, 0x00, 0x1F, 0x00,
  0x00, 0x00, 0x00, 0x1F, 0x00, 0x00, 0x00, 0x00, 0x1F, 0x00, 0x00, 0x00,
  0x00, 0x1F, 0x00, 0x00, 0x00, 0x00, 0x1F, 0x00, 0x00, 0x00, 0x00, 0x1F,
  0x00, 0x00, 0x00, 0x00, 0xE0, 0xFF, 0xFF, 0x3F, 0x00, 0xE0, 0xFF, 0xFF,
  0x3F, 0x00, 0xE0, 0xFF, 0xFF, 0x3F, 0x00, 0xE0, 0xFF, 0xFF, 0x3F, 0x00,
  0xE0, 0xFF, 0xFF, 0x3F, 0x00, 0xFF, 0xFF, 0xFF, 0xFF, 0x07, 0xFF, 0xFF,
  0xFF, 0xFF, 0x07, 0xFF, 0xFF, 0xFF, 0xFF, 0x07, 0xFF, 0xFF, 0xFF, 0xFF,
  0x07, 0xFF, 0xFF, 0xFF, 0xFF, 0x07, 0x1F, 0x00, 0x00, 0xC0, 0x07, 0x1F,
  0x00, 0x00, 0xC0, 0x07, 0x1F, 0x00, 0x00, 0xC0, 0x07, 0x1F, 0x00, 0x00,
  0xC0, 0x07, 0x1F, 0x80, 0x0F, 0xC0, 0x07, 0x1F, 0x80, 0x0F, 0xC0, 0x07,
  0x1F, 0x80, 0x0F, 0xC0, 0x07, 0x1F, 0x80, 0x0F, 0xC0, 0x07, 0x1F, 0x80,
  0x0F, 0xC0, 0x07, 0xFF, 0x83, 0xFF, 0xFF, 0x07, 0xFF, 0x83, 0xFF, 0xFF,
  0x07, 0xFF, 0x83, 0xFF, 0xFF, 0x07, 0xFF, 0x83, 0xFF, 0xFF, 0x07, 0xFF,
  0x83, 0xFF, 0xFF, 0x07, 0xFF, 0x83, 0xFF, 0xFF, 0x07, 0xE0, 0x83, 0xFF,
  0x3F, 0x00, 0xE0, 0x83, 0xFF, 0x3F, 0x00, 0xE0, 0x83, 0xFF, 0x3F, 0x00,
  0xE0, 0x83, 0xFF, 0x3F, 0x00, 0xFF, 0xFF, 0xFF, 0xFF, 0x07, 0xFF, 0xFF,
  0xFF, 0xFF, 0x07, 0xFF, 0xFF, 0xFF, 0xFF, 0x07, 0xFF, 0xFF, 0xFF, 0xFF,
  0x07, 0xFF, 0xFF, 0xFF, 0xFF, 0x07, 0xFF, 0xFF, 0xFF, 0xFF, 0x07, 0xFF,
  0xFF, 0xFF, 0xFF, 0x07, 0xFF, 0xFF, 0xFF, 0xFF, 0x07, 0xFF, 0xFF, 0xFF,
  0xFF, 0x07, 0xFF, 0xFF, 0xFF, 0xFF, 0x07, 0x00, 0x80, 0x0F, 0x00, 0x00,
  0x00, 0x80, 0x0F, 0x00, 0x00, 0x00, 0x80, 0x0F, 0x00, 0x00, 0x00, 0x80,
  0x0F, 0x00, 0x00, 0x00, 0x80, 0x0F, 0x00, 0x00, 0x00, 0x80, 0x0F, 0x00,
  0x00, 0x00, 0x80, 0x0F, 0x00, 0x00, 0x00, 0x80, 0x0F, 0x00, 0x00, 0x00,
  0x80, 0x0F, 0x00, 0x00, 0xFF, 0xFF, 0xFF, 0xFF, 0x07, 0xFF, 0xFF, 0xFF,
  0xFF, 0x07, 0xFF, 0xFF, 0xFF, 0xFF, 0x07, 0xFF, 0xFF, 0xFF, 0xFF, 0x07,
  0xFF, 0xFF, 0xFF, 0xFF, 0x07, 0xFF, 0xFF, 0xFF, 0xFF, 0x07, 0xFF, 0xFF,
  0xFF, 0xFF, 0x07, 0xFF, 0xFF, 0xFF, 0xFF, 0x07, 0xFF, 0xFF, 0xFF, 0xFF,
  0x07, 0xFF, 0xFF, 0xFF, 0xFF, 0x07, 0x1F, 0x00, 0x00, 0xC0, 0x07, 0x1F,
  0x00, 0x00, 0xC0, 0x07, 0x1F, 0x00, 0x00, 0xC0, 0x07, 0x1F, 0x00, 0x00,
  0xC0, 0x07, 0x1F, 0x00, 0x00, 0xC0, 0x07, 0xFF, 0xFF, 0xFF, 0xFF, 0x07,
  0xFF, 0xFF, 0xFF, 0xFF, 0x07, 0xFF, 0xFF, 0xFF, 0xFF, 0x07, 0xFF, 0xFF,
  0xFF, 0xFF, 0x07, 0xFF, 0xFF, 0xFF, 0xFF, 0x07, 0xFF, 0xFF, 0xFF, 0xFF,
  0x07, 0xFF, 0xFF, 0xFF, 0xFF, 0x07, 0xFF, 0xFF, 0xFF, 0xFF, 0x07, 0xFF,
  0xFF, 0xFF, 0xFF, 0x07, 0xFF, 0xFF, 0xFF, 0xFF, 0x07, 0x1F, 0x00, 0x00,
  0xC0, 0x07, 0x1F, 0x00, 0x00, 0xC0, 0x07, 0x1F, 0x00, 0x00, 0xC0, 0x07,
  0x1F, 0x00, 0x00, 0xC0, 0x07, 0x1F, 0x00, 0x00, 0xC0, 0x07, 0x00, 0x00,
  0x00, 0x3E, 0x00, 0x00, 0x00, 0x00, 0x3E, 0x00, 0x00, 0x00, 0x00, 0x3E,
  0x00, 0x00, 0x00, 0x00, 0x3E, 0x00, 0x00, 0x00, 0x00, 0x3E, 0x00, 0x00,
  0x00, 0x00, 0xFE, 0x07, 0x00, 0x00, 0x00, 0xFE, 0x07, 0x00, 0x00, 0x00,
  0xFE, 0x07, 0x00, 0x00, 0x00, 0xFE, 0x07, 0x00, 0x00, 0x00, 0xFE, 0x07,
  0x1F, 0x00, 0x00, 0xC0, 0x07, 0x1F, 0x00, 0x00, 0xC0, 0x07, 0x1F, 0x00,
  0x00, 0xC0, 0x07, 0x1F, 0x00, 0x00, 0xC0, 0x07, 0x1F, 0x00, 0x00, 0xC0,
  0x07, 0xFF, 0xFF, 0xFF, 0xFF, 0x07, 0xFF, 0xFF, 0xFF, 0xFF, 0x07, 0xFF,
  0xFF, 0xFF, 0xFF, 0x07, 0xFF, 0xFF, 0xFF, 0xFF, 0x07, 0xFF, 0xFF, 0xFF,
  0xFF, 0x07, 0xFF, 0xFF, 0xFF, 0x3F, 0x00, 0xFF, 0xFF, 0xFF, 0x3F, 0x00,
  0xFF, 0xFF, 0xFF, 0x3F, 0x00, 0xFF, 0xFF, 0xFF, 0x3F, 0x00, 0xFF, 0xFF,
  0xFF, 0x3F, 0x00, 0x1F, 0x00, 0x00, 0x00, 0x00, 0x1F, 0x00, 0x00, 0x00,
  0x00, 0x1F, 0x00, 0x00, 0x00, 0x00, 0x1F, 0x00, 0x00, 0x00, 0x00, 0x1F,
  0x00, 0x00, 0x00, 0x00, 0xFF, 0xFF, 0xFF, 0xFF, 0x07, 0xFF, 0xFF, 0xFF,
  0xFF, 0x07, 0xFF, 0xFF, 0xFF, 0xFF, 0x07, 0xFF, 0xFF, 0xFF, 0xFF, 0x07,
  0xFF, 0xFF, 0xFF, 0xFF, 0x07, 0xFF, 0xFF, 0xFF, 0xFF, 0x07, 0xFF, 0xFF,
  0xFF, 0xFF, 0x07, 0xFF, 0xFF, 0xFF, 0xFF, 0x07, 0xFF, 0xFF, 0xFF, 0xFF,
  0x07, 0xFF, 0xFF, 0xFF, 0xFF, 0x07, 0x00, 0xFC, 0xFF, 0x01, 0x00, 0x00,
  0xFC, 0xFF, 0x01, 0x00, 0x00, 0xFC, 0xFF, 0x01, 0x00, 0x00, 0xFC, 0xFF,
  0x01, 0x00, 0x00, 0xFC, 0xFF, 0x01, 0x00, 0xE0, 0x7F, 0xF0, 0x3F, 0x00,
  0xE0, 0x7F, 0xF0, 0x3F, 0x00, 0xE0, 0x7F, 0xF0, 0x3F, 0x00, 0xE0, 0x7F,
  0xF0, 0x3F, 0x00, 0xFF, 0x03, 0x00, 0xFE, 0x07, 0xFF, 0x03, 0x00, 0xFE,
  0x07, 0xFF, 0x03, 0x00, 0xFE, 0x07, 0xFF, 0x03, 0x00, 0xFE, 0x07, 0xFF,
  0x03, 0x00, 0xFE, 0x07, 0xFF, 0x03, 0x00, 0xFE, 0x07, 0x1F, 0x00, 0x00,
  0xC0, 0x07, 0x1F, 0x00, 0x00, 0xC0, 0x07, 0x1F, 0x00, 0x00, 0xC0, 0x07,
  0x1F, 0x00, 0x00, 0xC0, 0x07, 0xFF, 0xFF, 0xFF, 0xFF, 0x07, 0xFF, 0xFF,
  0xFF, 0xFF, 0x07, 0xFF, 0xFF, 0xFF, 0xFF, 0x07, 0xFF, 0xFF, 0xFF, 0xFF,
  0x07, 0xFF, 0xFF, 0xFF, 0xFF, 0x07, 0xFF, 0xFF, 0xFF, 0xFF, 0x07, 0xFF,
  0xFF, 0xFF, 0xFF, 0x07, 0xFF, 0xFF, 0xFF, 0xFF, 0x07, 0xFF, 0xFF, 0xFF,
  0xFF, 0x07, 0xFF, 0xFF, 0xFF, 0xFF, 0x07, 0x00, 0x00, 0x00, 0xC0, 0x07,
  0x00, 0x00, 0x00, 0xC0, 0x07, 0x00, 0x00, 0x00, 0xC0, 0x07, 0x00, 0x00,
  0x00, 0xC0, 0x07, 0x00, 0x00, 0x00, 0xC0, 0x07, 0x00, 0x00, 0x00, 0xC0,
  0x07, 0x00, 0x00, 0x00, 0xC0, 0x07, 0x00, 0x00, 0x00, 0xC0, 0x07, 0x00,
  0x00, 0x00, 0xC0, 0x07, 0x00, 0x00, 0x00, 0xC0, 0x07, 0x00, 0x00, 0x00,
  0xC0, 0x07, 0x00, 0x00, 0x00, 0xC0, 0x07, 0x00, 0x00, 0x00, 0xC0, 0x07,
  0x00, 0x00, 0x00, 0xC0, 0x07, 0x00, 0x00, 0x00, 0xC0, 0x07, 0x00, 0x00,
  0x00, 0xC0, 0x07, 0x00, 0x00, 0x00, 0xC0, 0x07, 0x00, 0x00, 0x00, 0xC0,
  0x07, 0x00, 0x00, 0x00, 0xC0, 0x07, 0x00, 0x00, 0x00, 0xC0, 0x07, 0xFF,
  0xFF, 0xFF, 0xFF, 0x07, 0xFF, 0xFF, 0xFF, 0xFF, 0x07, 0xFF, 0xFF, 0xFF,
  0xFF, 0x07, 0xFF, 0xFF, 0xFF, 0xFF, 0x07, 0xFF, 0xFF, 0xFF, 0xFF, 0x07,
  0xFF, 0xFF, 0xFF, 0xFF, 0x07, 0xFF, 0xFF, 0xFF, 0xFF, 0x07, 0xFF, 0xFF,
  0xFF, 0xFF, 0x07, 0xFF, 0xFF, 0xFF, 0xFF, 0x07, 0xFF, 0xFF, 0xFF, 0xFF,
  0x07, 0xE0, 0x7F, 0x00, 0x00, 0x00, 0xE0, 0x7F, 0x00, 0x00, 0x00, 0xE0,
  0x7F, 0x00, 0x00, 0x00, 0xE0, 0x7F, 0x00, 0x00, 0x00, 0xE0, 0x7F, 0x00,
  0x00, 0x00, 0x00, 0xFC, 0x0F, 0x00, 0x00, 0x00, 0xFC, 0x0F, 0x00, 0x00,
  0x00, 0xFC, 0x0F, 0x00, 0x00, 0x00, 0xFC, 0x0F, 0x00, 0x00, 0x00, 0xFC,
  0x0F, 0x00, 0x00, 0xE0, 0x7F, 0x00, 0x00, 0x00, 0xE0, 0x7F, 0x00, 0x00,
  0x00, 0xE0, 0x7F, 0x00, 0x00, 0x00, 0xE0, 0x7F, 0x00, 0x00, 0x00, 0xFF,
  0xFF, 0xFF, 0xFF, 0x07, 0xFF, 0xFF, 0xFF, 0xFF, 0x07, 0xFF, 0xFF, 0xFF,
  0xFF, 0x07, 0xFF, 0xFF, 0xFF, 0xFF, 0x07, 0xFF, 0xFF, 0xFF, 0xFF, 0x07,
  0xFF, 0xFF, 0xFF, 0xFF, 0x07, 0xFF, 0xFF, 0xFF, 0xFF, 0x07, 0xFF, 0xFF,
  0xFF, 0xFF, 0x07, 0xFF, 0xFF, 0xFF, 0xFF, 0x07, 0xFF, 0xFF, 0xFF, 0xFF,
  0x07, 0xFF, 0xFF, 0xFF, 0xFF, 0x07, 0xFF, 0xFF, 0xFF, 0xFF, 0x07, 0xFF,
  0xFF, 0xFF, 0xFF, 0x07, 0xFF, 0xFF, 0xFF, 0xFF, 0x07, 0xFF, 0xFF, 0xFF,
  0xFF, 0x07, 0xFF, 0xFF, 0xFF, 0xFF, 0x07, 0xFF, 0xFF, 0xFF, 0xFF, 0x07,
  0xFF, 0xFF, 0xFF, 0xFF, 0x07, 0xFF, 0xFF, 0xFF, 0xFF, 0x07, 0xFF, 0xFF,
  0xFF, 0xFF, 0x07, 0xE0, 0xFF, 0x0F, 0x00, 0x00, 0xE0, 0xFF, 0x0F, 0x00,
  0x00, 0xE0, 0xFF, 0x0F, 0x00, 0x00, 0xE0, 0xFF, 0x0F, 0x00, 0x00, 0xE0,
  0xFF, 0xFF, 0x01, 0x00, 0x00, 0xFC, 0xFF, 0x01, 0x00, 0x00, 0xFC, 0xFF,
  0x01, 0x00, 0x00, 0xFC, 0xFF, 0x01, 0x00, 0x00, 0xFC, 0xFF, 0x01, 0x00,
  0xFF, 0xFF, 0xFF, 0xFF, 0x07, 0xFF, 0xFF, 0xFF, 0xFF, 0x07, 0xFF, 0xFF,
  0xFF, 0xFF, 0x07, 0xFF, 0xFF, 0xFF, 0xFF, 0x07, 0xFF, 0xFF, 0xFF, 0xFF,
  0x07, 0xFF, 0xFF, 0xFF, 0xFF, 0x07, 0xFF, 0xFF, 0xFF, 0xFF, 0x07, 0xFF,
  0xFF, 0xFF, 0xFF, 0x07, 0xFF, 0xFF, 0xFF, 0xFF, 0x07, 0xFF, 0xFF, 0xFF,
  0xFF, 0x07, 0xE0, 0xFF, 0xFF, 0x3F, 0x00, 0xE0, 0xFF, 0xFF, 0x3F, 0x00,
  0xE0, 0xFF, 0xFF, 0x3F, 0x00, 0xE0, 0xFF, 0xFF, 0x3F, 0x00, 0xE0, 0xFF,
  0xFF, 0x3F, 0x00, 0xFF, 0xFF, 0xFF, 0xFF, 0x07, 0xFF, 0xFF, 0xFF, 0xFF,
  0x07, 0xFF, 0xFF, 0xFF, 0xFF, 0x07, 0xFF, 0xFF, 0xFF, 0xFF, 0x07, 0xFF,
  0xFF, 0xFF, 0xFF, 0x07, 0x1F, 0x00, 0x00, 0xC0, 0x07, 0x1F, 0x00, 0x00,
  0xC0, 0x07, 0x1F, 0x00, 0x00, 0xC0, 0x07, 0x1F, 0x00, 0x00, 0xC0, 0x07,
  0x1F, 0x00, 0x00, 0xC0, 0x07, 0x1F, 0x00, 0x00, 0xC0, 0x07, 0x1F, 0x00,
  0x00, 0xC0, 0x07, 0x1F, 0x00, 0x00, 0xC0, 0x07, 0x1F, 0x00, 0x00, 0xC0,
  0x07, 0xFF, 0xFF, 0xFF, 0xFF, 0x07, 0xFF, 0xFF, 0xFF, 0xFF, 0x07, 0xFF,
  0xFF, 0xFF, 0xFF, 0x07, 0xFF, 0xFF, 0xFF, 0xFF, 0x07, 0xFF, 0xFF, 0xFF,
  0xFF, 0x07, 0xFF, 0xFF, 0xFF, 0xFF, 0x07, 0xE0, 0xFF, 0xFF, 0x3F, 0x00,
  0xE0, 0xFF, 0xFF, 0x3F, 0x00, 0xE0, 0xFF, 0xFF, 0x3F, 0x00, 0xE0, 0xFF,
  0xFF, 0x3F, 0x00, 0xFF, 0xFF, 0xFF, 0xFF, 0x07, 0xFF, 0xFF, 0xFF, 0xFF,
  0x07, 0xFF, 0xFF, 0xFF, 0xFF, 0x07, 0xFF, 0xFF, 0xFF, 0xFF, 0x07, 0xFF,
  0xFF, 0xFF, 0xFF, 0x07, 0xFF, 0xFF, 0xFF, 0xFF, 0x07, 0xFF, 0xFF, 0xFF,
  0xFF, 0x07, 0xFF, 0xFF, 0xFF, 0xFF, 0x07, 0xFF, 0xFF, 0xFF, 0xFF, 0x07,
  0xFF, 0xFF, 0xFF, 0xFF, 0x07, 0x1F, 0x80, 0x0F, 0x00, 0x00, 0x1F, 0x80,
  0x0F, 0x00, 0x00, 0x1F, 0x80, 0x0F, 0x00, 0x00, 0x1F, 0x80, 0x0F, 0x00,
  0x00, 0x1F, 0x80, 0x0F, 0x00, 0x00, 0x1F, 0x80, 0x0F, 0x00, 0x00, 0x1F,
  0x80, 0x0F, 0x00, 0x00, 0x1F, 0x80, 0x0F, 0x00, 0x00, 0x1F, 0x80, 0x0F,
  0x00, 0x00, 0xFF, 0xFF, 0x0F, 0x00, 0x00, 0xFF, 0xFF, 0x0F, 0x00, 0x00,
  0xFF, 0xFF, 0x0F, 0x00, 0x00, 0xFF, 0xFF, 0x0F, 0x00, 0x00, 0xFF, 0xFF,
  0x0F, 0x00, 0x00, 0xE0, 0x7F, 0x00, 0x00, 0x00, 0xE0, 0x7F, 0x00, 0x00,
  0x00, 0xE0, 0x7F, 0x00, 0x00, 0x00, 0xE0, 0x7F, 0x00, 0x00, 0x00, 0xE0,
  0x7F, 0x00, 0x00, 0x00, 0xE0, 0xFF, 0xFF, 0x01, 0x00, 0xE0, 0xFF, 0xFF,
  0x01, 0x00, 0xE0, 0xFF, 0xFF, 0x01, 0x00, 0xE0, 0xFF, 0xFF, 0x01, 0x00,
  0xE0, 0xFF, 0xFF, 0x01, 0x00, 0xFF, 0xFF, 0xFF, 0x3F, 0x00, 0xFF, 0xFF,
  0xFF, 0x3F, 0x00, 0xFF, 0xFF, 0xFF, 0x3F, 0x00, 0xFF, 0xFF, 0xFF, 0x3F,
  0x00, 0xFF, 0xFF, 0xFF, 0x3F, 0x00, 0x1F, 0x00, 0x00, 0x3E, 0x00, 0x1F,
  0x00, 0x00, 0x3E, 0x00, 0x1F, 0x00, 0x00, 0x3E, 0x00, 0x1F, 0x00, 0x00,
  0x3E, 0x00, 0x1F, 0x00, 0x00, 0x3E, 0x00, 0x1F, 0x00, 0x00, 0xFE, 0x07,
  0x1F, 0x00, 0x00, 0xFE, 0x07, 0x1F, 0x00, 0x00, 0xFE, 0x07, 0x1F, 0x00,
  0x00, 0xFE, 0x07, 0x1F, 0x00, 0x00, 0xFE, 0x07, 0xFF, 0xFF, 0xFF, 0xFF,
  0x07, 0xFF, 0xFF, 0xFF, 0xFF, 0x07, 0xFF, 0xFF, 0xFF, 0xFF, 0x07, 0xFF,
  0xFF, 0xFF, 0xFF, 0x07, 0xFF, 0xFF, 0xFF, 0xFF, 0x07, 0xE0, 0xFF, 0xFF,
  0xC1, 0x07, 0xE0, 0xFF, 0xFF, 0xC1, 0x07, 0xE0, 0xFF, 0xFF, 0xC1, 0x07,
  0xE0, 0xFF, 0xFF, 0xC1, 0x07, 0xE0, 0xFF, 0xFF, 0xC1, 0x07, 0xFF, 0xFF,
  0xFF, 0xFF, 0x07, 0xFF, 0xFF, 0xFF, 0xFF, 0x07, 0xFF, 0xFF, 0xFF, 0xFF,
  0x07, 0xFF, 0xFF, 0xFF, 0xFF, 0x07, 0xFF, 0xFF, 0xFF, 0xFF, 0x07, 0xFF,
  0xFF, 0xFF, 0xFF, 0x07, 0xFF, 0xFF, 0xFF, 0xFF, 0x07, 0xFF, 0xFF, 0xFF,
  0xFF, 0x07, 0xFF, 0xFF, 0xFF, 0xFF, 0x07, 0xFF, 0xFF, 0xFF, 0xFF, 0x07,
  0x1F, 0x80, 0xFF, 0x01, 0x00, 0x1F, 0x80, 0xFF, 0x01, 0x00, 0x1F, 0x80,
  0xFF, 0x01, 0x00, 0x1F, 0x80, 0xFF, 0x01, 0x00, 0x1F, 0x80, 0xFF, 0x01,
  0x00, 0x1F, 0x80, 0xFF, 0x3F, 0x00, 0x1F, 0x80, 0xFF, 0x3F, 0x00, 0x1F,
  0x80, 0xFF, 0x3F, 0x00, 0x1F, 0x80, 0xFF, 0x3F, 0x00, 0xFF, 0xFF, 0x0F,
  0xFE, 0x07, 0xFF, 0xFF, 0x0F, 0xFE, 0x07, 0xFF, 0xFF, 0x0F, 0xFE, 0x07,
  0xFF, 0xFF, 0x0F, 0xFE, 0x07, 0xFF, 0xFF, 0x0F, 0xFE, 0x07, 0xFF, 0xFF,
  0x0F, 0xFE, 0x07, 0xE0, 0x7F, 0x00, 0xC0, 0x07, 0xE0, 0x7F, 0x00, 0xC0,
  0x07, 0xE0, 0x7F, 0x00, 0xC0, 0x07, 0xE0, 0x7F, 0x00, 0xC0, 0x07, 0xE0,
  0x7F, 0x00, 0x3E, 0x00, 0xE0, 0x7F, 0x00, 0x3E, 0x00, 0xE0, 0x7F, 0x00,
  0x3E, 0x00, 0xE0, 0x7F, 0x00, 0x3E, 0x00, 0xE0, 0x7F, 0x00, 0x3E, 0x00,
  0xFF, 0xFF, 0x0F, 0xFE, 0x07, 0xFF, 0xFF, 0x0F, 0xFE, 0x07, 0xFF, 0xFF,
  0x0F, 0xFE, 0x07, 0xFF, 0xFF, 0x0F, 0xFE, 0x07, 0xFF, 0xFF, 0x0F, 0xFE,
  0x07, 0x1F, 0x80, 0x0F, 0xC0, 0x07, 0x1F, 0x80, 0x0F, 0xC0, 0x07, 0x1F,
  0x80, 0x0F, 0xC0, 0x07, 0x1F, 0x80, 0x0F, 0xC0, 0x07, 0x1F, 0x80, 0x0F,
  0xC0, 0x07, 0x1F, 0x80, 0x0F, 0xC0, 0x07, 0x1F, 0x80, 0x0F, 0xC0, 0x07,
  0x1F, 0x80, 0x0F, 0xC0, 0x07, 0x1F, 0x80, 0x0F, 0xC0, 0x07, 0xFF, 0x83,
  0xFF, 0xFF, 0x07, 0xFF, 0x83, 0xFF, 0xFF, 0x07, 0xFF, 0x83, 0xFF, 0xFF,
  0x07, 0xFF, 0x83, 0xFF, 0xFF, 0x07, 0xFF, 0x83, 0xFF, 0xFF, 0x07, 0xFF,
  0x83, 0xFF, 0xFF, 0x07, 0xE0, 0x03, 0xF0, 0x3F, 0x00, 0xE0, 0x03, 0xF0,
  0x3F, 0x00, 0xE0, 0x03, 0xF0, 0x3F, 0x00, 0xE0, 0x03, 0xF0, 0x3F, 0x00,
  0x1F, 0x00, 0x00, 0x00, 0x00, 0x1F, 0x00, 0x00, 0x00, 0x00, 0x1F, 0x00,
  0x00, 0x00, 0x00, 0x1F, 0x00, 0x00, 0x00, 0x00, 0x1F, 0x00, 0x00, 0x00,
  0x00, 0x1F, 0x00, 0x00, 0x00, 0x00, 0x1F, 0x00, 0x00, 0x00, 0x00, 0x1F,
  0x00, 0x00, 0x00, 0x00, 0x1F, 0x00, 0x00, 0x00, 0x00, 0x1F, 0x00, 0x00,
  0x00, 0x00, 0xFF, 0xFF, 0xFF, 0xFF, 0x07, 0xFF, 0xFF, 0xFF, 0xFF, 0x07,
  0xFF, 0xFF, 0xFF, 0xFF, 0x07, 0xFF, 0xFF, 0xFF, 0xFF, 0x07, 0xFF, 0xFF,
  0xFF, 0xFF, 0x07, 0xFF, 0xFF, 0xFF, 0xFF, 0x07, 0xFF, 0xFF, 0xFF, 0xFF,
  0x07, 0xFF, 0xFF, 0xFF, 0xFF, 0x07, 0xFF, 0xFF, 0xFF, 0xFF, 0x07, 0xFF,
  0xFF, 0xFF, 0xFF, 0x07, 0x1F, 0x00, 0x00, 0x00, 0x00, 0x1F, 0x00, 0x00,
  0x00, 0x00, 0x1F, 0x00, 0x00, 0x00, 0x00, 0x1F, 0x00, 0x00, 0x00, 0x00,
  0x1F, 0x00, 0x00, 0x00, 0x00, 0x1F, 0x00, 0x00, 0x00, 0x00, 0x1F, 0x00,
  0x00, 0x00, 0x00, 0x1F, 0x00, 0x00, 0x00, 0x00, 0x1F, 0x00, 0x00, 0x00,
  0x00, 0xFF, 0xFF, 0xFF, 0x3F, 0x00, 0xFF, 0xFF, 0xFF, 0x3F, 0x00, 0xFF,
  0xFF, 0xFF, 0x3F, 0x00, 0xFF, 0xFF, 0xFF, 0x3F, 0x00, 0xFF, 0xFF, 0xFF,
  0x3F, 0x00, 0xFF, 0xFF, 0xFF, 0xFF, 0x07, 0xFF, 0xFF, 0xFF, 0xFF, 0x07,
  0xFF, 0xFF, 0xFF, 0xFF, 0x07, 0xFF, 0xFF, 0xFF, 0xFF, 0x07, 0xFF, 0xFF,
  0xFF, 0xFF, 0x07, 0x00, 0x00, 0x00, 0xC0, 0x07, 0x00, 0x00, 0x00, 0xC0,
  0x07, 0x00, 0x00, 0x00, 0xC0, 0x07, 0x00, 0x00, 0x00, 0xC0, 0x07, 0x00,
  0x00, 0x00, 0xC0, 0x07, 0x00, 0x00, 0x00, 0xC0, 0x07, 0x00, 0x00, 0x00,
  0xC0, 0x07, 0x00, 0x00, 0x00, 0xC0, 0x07, 0x00, 0x00, 0x00, 0xC0, 0x07,
  0xFF, 0xFF, 0xFF, 0xFF, 0x07, 0xFF, 0xFF, 0xFF, 0xFF, 0x07, 0xFF, 0xFF,
  0xFF, 0xFF, 0x07, 0xFF, 0xFF, 0xFF, 0xFF, 0x07, 0xFF, 0xFF, 0xFF, 0xFF,
  0x07, 0xFF, 0xFF, 0xFF, 0xFF, 0x07, 0xFF, 0xFF, 0xFF, 0x3F, 0x00, 0xFF,
  0xFF, 0xFF, 0x3F, 0x00, 0xFF, 0xFF, 0xFF, 0x3F, 0x00, 0xFF, 0xFF, 0xFF,
  0x3F, 0x00, 0xFF, 0xFF, 0xFF, 0x01, 0x00, 0xFF, 0xFF, 0xFF, 0x01, 0x00,
  0xFF, 0xFF, 0xFF, 0x01, 0x00, 0xFF, 0xFF, 0xFF, 0x01, 0x00, 0xFF, 0xFF,
  0xFF, 0x01, 0x00, 0xFF, 0xFF, 0xFF, 0x3F, 0x00, 0xFF, 0xFF, 0xFF, 0x3F,
  0x00, 0xFF, 0xFF, 0xFF, 0x3F, 0x00, 0xFF, 0xFF, 0xFF, 0x3F, 0x00, 0xFF,
  0xFF, 0xFF, 0x3F, 0x00, 0x00, 0x00, 0x00, 0xFE, 0x07, 0x00, 0x00, 0x00,
  0xFE, 0x07, 0x00, 0x00, 0x00, 0xFE, 0x07, 0x00, 0x00, 0x00, 0xFE, 0x07,
  0x00, 0x00, 0x00, 0xFE, 0x07, 0x00, 0x00, 0x00, 0xFE, 0x07, 0x00, 0x00,
  0x00, 0xFE, 0x07, 0x00, 0x00, 0x00, 0xFE, 0x07, 0x00, 0x00, 0x00, 0xFE,
  0x07, 0x00, 0x00, 0x00, 0xFE, 0x07, 0xFF, 0xFF, 0xFF, 0x3F, 0x00, 0xFF,
  0xFF, 0xFF, 0x3F, 0x00, 0xFF, 0xFF, 0xFF, 0x3F, 0x00, 0xFF, 0xFF, 0xFF,
  0x3F, 0x00, 0xFF, 0xFF, 0xFF, 0x3F, 0x00, 0xFF, 0xFF, 0xFF, 0x01, 0x00,
  0xFF, 0xFF, 0xFF, 0x01, 0x00, 0xFF, 0xFF, 0xFF, 0x01, 0x00, 0xFF, 0xFF,
  0xFF, 0x01, 0x00, 0xFF, 0xFF, 0xFF, 0xFF, 0x07, 0xFF, 0xFF, 0xFF, 0xFF,
  0x07, 0xFF, 0xFF, 0xFF, 0xFF, 0x07, 0xFF, 0xFF, 0xFF, 0xFF, 0x07, 0xFF,
  0xFF, 0xFF, 0xFF, 0x07, 0xFF, 0xFF, 0xFF, 0xFF, 0x07, 0xFF, 0xFF, 0xFF,
  0xFF, 0x07, 0xFF, 0xFF, 0xFF, 0xFF, 0x07, 0xFF, 0xFF, 0xFF, 0xFF, 0x07,
  0xFF, 0xFF, 0xFF, 0xFF, 0x07, 0x00, 0x00, 0xF0, 0x3F, 0x00, 0x00, 0x00,
  0xF0, 0x3F, 0x00, 0x00, 0x00, 0xF0, 0x3F, 0x00, 0x00, 0x00, 0xF0, 0x3F,
  0x00, 0x00, 0x00, 0xF0, 0x3F, 0x00, 0x00, 0x80, 0xFF, 0x01, 0x00, 0x00,
  0x80, 0xFF, 0x01, 0x00, 0x00, 0x80, 0xFF, 0x01, 0x00, 0x00, 0x80, 0xFF,
  0x01, 0x00, 0x00, 0x80, 0xFF, 0x01, 0x00, 0x00, 0x00, 0xF0, 0x3F, 0x00,
  0x00, 0x00, 0xF0, 0x3F, 0x00, 0x00, 0x00, 0xF0, 0x3F, 0x00, 0x00, 0x00,
  0xF0, 0x3F, 0x00, 0xFF, 0xFF, 0xFF, 0xFF, 0x07, 0xFF, 0xFF, 0xFF, 0xFF,
  0x07, 0xFF, 0xFF, 0xFF, 0xFF, 0x07, 0xFF, 0xFF, 0xFF, 0xFF, 0x07, 0xFF,
  0xFF, 0xFF, 0xFF, 0x07, 0xFF, 0xFF, 0xFF, 0xFF, 0x07, 0xFF, 0xFF, 0xFF,
  0xFF, 0x07, 0xFF, 0xFF, 0xFF, 0xFF, 0x07, 0xFF, 0xFF, 0xFF, 0xFF, 0x07,
  0xFF, 0xFF, 0xFF, 0xFF, 0x07, 0xFF, 0x03, 0x00, 0xFE, 0x07, 0xFF, 0x03,
  0x00, 0xFE, 0x07, 0xFF, 0x03, 0x00, 0xFE, 0x07, 0xFF, 0x03, 0x00, 0xFE,
  0x07, 0xFF, 0x03, 0x00, 0xFE, 0x07, 0xFF, 0x7F, 0xF0, 0xFF, 0x07, 0xFF,
  0x7F, 0xF0, 0xFF, 0x07, 0xFF, 0x7F, 0xF0, 0xFF, 0x07, 0xFF, 0x7F, 0xF0,
  0xFF, 0x07, 0xFF, 0x7F, 0xF0, 0xFF, 0x07, 0x00, 0xFC, 0xFF, 0x01, 0x00,
  0x00, 0xFC, 0xFF, 0x01, 0x00, 0x00, 0xFC, 0xFF, 0x01, 0x00, 0x00, 0xFC,
  0xFF, 0x01, 0x00, 0x00, 0xFC, 0xFF, 0x01, 0x00, 0x00, 0xFC, 0xFF, 0x01,
  0x00, 0x00, 0xFC, 0xFF, 0x01, 0x00, 0x00, 0xFC, 0xFF, 0x01, 0x00, 0x00,
  0xFC, 0xFF, 0x01, 0x00, 0x00, 0xFC, 0xFF, 0x01, 0x00, 0xFF, 0x7F, 0xF0,
  0xFF, 0x07, 0xFF, 0x7F, 0xF0, 0xFF, 0x07, 0xFF, 0x7F, 0xF0, 0xFF, 0x07,
  0xFF, 0x7F, 0xF0, 0xFF, 0x07, 0xFF, 0x7F, 0xF0, 0xFF, 0x07, 0xFF, 0x03,
  0x00, 0xFE, 0x07, 0xFF, 0x03, 0x00, 0xFE, 0x07, 0xFF, 0x03, 0x00, 0xFE,
  0x07, 0xFF, 0x03, 0x00, 0xFE, 0x07, 0xFF, 0x7F, 0x00, 0x00, 0x00, 0xFF,
  0x7F, 0x00, 0x00, 0x00, 0xFF, 0x7F, 0x00, 0x00, 0x00, 0xFF, 0x7F, 0x00,
  0x00, 0x00, 0xFF, 0x7F, 0x00, 0x00, 0x00, 0xFF, 0xFF, 0x0F, 0x00, 0x00,
  0xFF, 0xFF, 0x0F, 0x00, 0x00, 0xFF, 0xFF, 0x0F, 0x00, 0x00, 0xFF, 0xFF,
  0x0F, 0x00, 0x00, 0xFF, 0xFF, 0x0F, 0x00, 0x00, 0x00, 0x80, 0xFF, 0xFF,
  0x07, 0x00, 0x80, 0xFF, 0xFF, 0x07, 0x00, 0x80, 0xFF, 0xFF, 0x07, 0x00,
  0x80, 0xFF, 0xFF, 0x07, 0x00, 0x80, 0xFF, 0xFF, 0x07, 0x00, 0x80, 0xFF,
  0xFF, 0x07, 0x00, 0x80, 0xFF, 0xFF, 0x07, 0x00, 0x80, 0xFF, 0xFF, 0x07,
  0x00, 0x80, 0xFF, 0xFF, 0x07, 0x00, 0x80, 0xFF, 0xFF, 0x07, 0xFF, 0xFF,
  0x0F, 0x00, 0x00, 0xFF, 0xFF, 0x0F, 0x00, 0x00, 0xFF, 0xFF, 0x0F, 0x00,
  0x00, 0xFF, 0xFF, 0x0F, 0x00, 0x00, 0xFF, 0xFF, 0x0F, 0x00, 0x00, 0xFF,
  0x7F, 0x00, 0x00, 0x00, 0xFF, 0x7F, 0x00, 0x00, 0x00, 0xFF, 0x7F, 0x00,
  0x00, 0x00, 0xFF, 0x7F, 0x00, 0x00, 0x00, 0x1F, 0x00, 0x00, 0xFE, 0x07,
  0x1F, 0x00, 0x00, 0xFE, 0x07, 0x1F, 0x00, 0x00, 0xFE, 0x07, 0x1F, 0x00,
  0x00, 0xFE, 0x07, 0x1F, 0x00, 0x00, 0xFE, 0x07, 0x1F, 0x00, 0xF0, 0xFF,
  0x07, 0x1F, 0x00, 0xF0, 0xFF, 0x07, 0x1F, 0x00, 0xF0, 0xFF, 0x07, 0x1F,
  0x00, 0xF0, 0xFF, 0x07, 0x1F, 0x00, 0xF0, 0xFF, 0x07, 0x1F, 0x80, 0xFF,
  0xC1, 0x07, 0x1F, 0x80, 0xFF, 0xC1, 0x07, 0x1F, 0x80, 0xFF, 0xC1, 0x07,
  0x1F, 0x80, 0xFF, 0xC1, 0x07, 0x1F, 0x80, 0xFF, 0xC1, 0x07, 0x1F, 0xFC,
  0x0F, 0xC0, 0x07, 0x1F, 0xFC, 0x0F, 0xC0, 0x07, 0x1F, 0xFC, 0x0F, 0xC0,
  0x07, 0x1F, 0xFC, 0x0F, 0xC0, 0x07, 0x1F, 0xFC, 0x0F, 0xC0, 0x07, 0xFF,
  0x7F, 0x00, 0xC0, 0x07, 0xFF, 0x7F, 0x00, 0xC0, 0x07, 0xFF, 0x7F, 0x00,
  0xC0, 0x07, 0xFF, 0x7F, 0x00, 0xC0, 0x07, 0xFF, 0x7F, 0x00, 0xC0, 0x07,
  0xFF, 0x03, 0x00, 0xC0, 0x07, 0xFF, 0x03, 0x00, 0xC0, 0x07, 0xFF, 0x03,
  0x00, 0xC0, 0x07, 0xFF, 0x03, 0x00, 0xC0, 0x07, 0x00, 0x00, 0x00, 0xC0,
  0x07, 0x00, 0x00, 0x00, 0xC0, 0x07, 0x00, 0x00, 0x00, 0xC0, 0x07, 0x00,
  0x00, 0x00, 0xC0, 0x07, 0x00, 0x00, 0x00, 0xC0, 0x07, 0x00, 0x7C, 0x00,
  0xC0, 0x07, 0x00, 0x7C, 0x00, 0xC0, 0x07, 0x00, 0x7C, 0x00, 0xC0, 0x07,
  0x00, 0x7C, 0x00, 0xC0, 0x07, 0x00, 0x7C, 0x00, 0xC0, 0x07, 0xFF, 0xFF,
  0xFF, 0xFF, 0x07, 0xFF, 0xFF, 0xFF, 0xFF, 0x07, 0xFF, 0xFF, 0xFF, 0xFF,
  0x07, 0xFF, 0xFF, 0xFF, 0xFF, 0x07, 0xFF, 0xFF, 0xFF, 0xFF, 0x07, 0xFF,
  0xFF, 0xFF, 0xFF, 0x07, 0xFF, 0xFF, 0xFF, 0xFF, 0x07, 0xFF, 0xFF, 0xFF,
  0xFF, 0x07, 0xFF, 0xFF, 0xFF, 0xFF, 0x07, 0xFF, 0xFF, 0xFF, 0xFF, 0x07,
  0x00, 0x00, 0x00, 0xC0, 0x07, 0x00, 0x00, 0x00, 0xC0, 0x07, 0x00, 0x00,
  0x00, 0xC0, 0x07, 0x00, 0x00, 0x00, 0xC0, 0x07, 0x00, 0x00, 0x00, 0xC0,
  0x07, 0x00, 0x00, 0x00, 0xC0, 0x07, 0x00, 0x00, 0x00, 0xC0, 0x07, 0x00,
  0x00, 0x00, 0xC0, 0x07, 0x00, 0x00, 0x00, 0xC0, 0x07, 0xE0, 0x03, 0x00,
  0xFE, 0x07, 0xE0, 0x03, 0x00, 0xFE, 0x07, 0xE0, 0x03, 0x00, 0xFE, 0x07,
  0xE0, 0x03, 0x00, 0xFE, 0x07, 0xE0, 0x03, 0x00, 0xFE, 0x07, 0xFF, 0x03,
  0xF0, 0xFF, 0x07, 0xFF, 0x03, 0xF0, 0xFF, 0x07, 0xFF, 0x03, 0xF0, 0xFF,
  0x07, 0xFF, 0x03, 0xF0, 0xFF, 0x07, 0xFF, 0x03, 0xF0, 0xFF, 0x07, 0x1F,
  0x00, 0xF0, 0xC1, 0x07, 0x1F, 0x00, 0xF0, 0xC1, 0x07, 0x1F, 0x00, 0xF0,
  0xC1, 0x07, 0x1F, 0x00, 0xF0, 0xC1, 0x07, 0x1F, 0x00, 0xF0, 0xC1, 0x07,
  0x1F, 0x80, 0x0F, 0xC0, 0x07, 0x1F, 0x80, 0x0F, 0xC0, 0x07, 0x1F, 0x80,
  0x0F, 0xC0, 0x07, 0x1F, 0x80, 0x0F, 0xC0, 0x07, 0xFF, 0xFF, 0x0F, 0xC0,
  0x07, 0xFF, 0xFF, 0x0F, 0xC0, 0x07, 0xFF, 0xFF, 0x0F, 0xC0, 0x07, 0xFF,
  0xFF, 0x0F, 0xC0, 0x07, 0xFF, 0xFF, 0x0F, 0xC0, 0x07, 0xFF, 0xFF, 0x0F,
  0xC0, 0x07, 0xE0, 0x7F, 0x00, 0xC0, 0x07, 0xE0, 0x7F, 0x00, 0xC0, 0x07,
  0xE0, 0x7F, 0x00, 0xC0, 0x07, 0xE0, 0x7F, 0x00, 0xC0, 0x07, 0xE0, 0x03,
  0x00, 0x3E, 0x00, 0xE0, 0x03, 0x00, 0x3E, 0x00, 0xE0, 0x03, 0x00, 0x3E,
  0x00, 0xE0, 0x03, 0x00, 0x3E, 0x00, 0xE0, 0x03, 0x00, 0x3E, 0x00, 0xFF,
  0x03, 0x00, 0xFE, 0x07, 0xFF, 0x03, 0x00, 0xFE, 0x07, 0xFF, 0x03, 0x00,
  0xFE, 0x07, 0xFF, 0x03, 0x00, 0xFE, 0x07, 0xFF, 0x03, 0x00, 0xFE, 0x07,
  0x1F, 0x80, 0x0F, 0xC0, 0x07, 0x1F, 0x80, 0x0F, 0xC0, 0x07, 0x1F, 0x80,
  0x0F, 0xC0, 0x07, 0x1F, 0x80, 0x0F, 0xC0, 0x07, 0x1F, 0x80, 0x0F, 0xC0,
  0x07, 0x1F, 0x80, 0x0F, 0xC0, 0x07, 0x1F, 0x80, 0x0F, 0xC0, 0x07, 0x1F,
  0x80, 0x0F, 0xC0, 0x07, 0x1F, 0x80, 0x0F, 0xC0, 0x07, 0xFF, 0xFF, 0xFF,
  0xFF, 0x07, 0xFF, 0xFF, 0xFF, 0xFF, 0x07, 0xFF, 0xFF, 0xFF, 0xFF, 0x07,
  0xFF, 0xFF, 0xFF, 0xFF, 0x07, 0xFF, 0xFF, 0xFF, 0xFF, 0x07, 0xFF, 0xFF,
  0xFF, 0xFF, 0x07, 0xE0, 0x7F, 0xF0, 0x3F, 0x00, 0xE0, 0x7F, 0xF0, 0x3F,
  0x00, 0xE0, 0x7F, 0xF0, 0x3F, 0x00, 0xE0, 0x7F, 0xF0, 0x3F, 0x00, 0x00,
  0x80, 0xFF, 0x01, 0x00, 0x00, 0x80, 0xFF, 0x01, 0x00, 0x00, 0x80, 0xFF,
  0x01, 0x00, 0x00, 0x80, 0xFF, 0x01, 0x00, 0x00, 0x80, 0xFF, 0x01, 0x00,
  0x00, 0x80, 0xFF, 0x01, 0x00, 0x00, 0x80, 0xFF, 0x01, 0x00, 0x00, 0x80,
  0xFF, 0x01, 0x00, 0x00, 0x80, 0xFF, 0x01, 0x00, 0x00, 0x80, 0xFF, 0x01,
  0x00, 0x00, 0x7C, 0xF0, 0x01, 0x00, 0x00, 0x7C, 0xF0, 0x01, 0x00, 0x00,
  0x7C, 0xF0, 0x01, 0x00, 0x00, 0x7C, 0xF0, 0x01, 0x00, 0xE0, 0x7F, 0xF0,
  0x01, 0x00, 0xE0, 0x7F, 0xF0, 0x01, 0x00, 0xE0, 0x7F, 0xF0, 0x01, 0x00,
  0xE0, 0x7F, 0xF0, 0x01, 0x00, 0xE0, 0x7F, 0xF0, 0x01, 0x00, 0xFF, 0xFF,
  0xFF, 0xFF, 0x07, 0xFF, 0xFF, 0xFF, 0xFF, 0x07, 0xFF, 0xFF, 0xFF, 0xFF,
  0x07, 0xFF, 0xFF, 0xFF, 0xFF, 0x07, 0xFF, 0xFF, 0xFF, 0xFF, 0x07, 0xFF,
  0xFF, 0xFF, 0xFF, 0x07, 0xFF, 0xFF, 0xFF, 0xFF, 0x07, 0xFF, 0xFF, 0xFF,
  0xFF, 0x07, 0xFF, 0xFF, 0xFF, 0xFF, 0x07, 0xFF, 0xFF, 0xFF, 0xFF, 0x07,
  0x00, 0x00, 0xF0, 0x01, 0x00, 0x00, 0x00, 0xF0, 0x01, 0x00, 0x00, 0x00,
  0xF0, 0x01, 0x00, 0x00, 0x00, 0xF0, 0x01, 0x00, 0x00, 0x00, 0xF0, 0x01,
  0x00, 0x00, 0x00, 0xF0, 0x01, 0x00, 0xFF, 0x7F, 0x00, 0x3E, 0x00, 0xFF,
  0x7F, 0x00, 0x3E, 0x00, 0xFF, 0x7F, 0x00, 0x3E, 0x00, 0xFF, 0x7F, 0x00,
  0x3E, 0x00, 0xFF, 0x7F, 0x00, 0x3E, 0x00, 0xFF, 0x7F, 0x00, 0xFE, 0x07,
  0xFF, 0x7F, 0x00, 0xFE, 0x07, 0xFF, 0x7F, 0x00, 0xFE, 0x07, 0xFF, 0x7F,
  0x00, 0xFE, 0x07, 0xFF, 0x7F, 0x00, 0xFE, 0x07, 0x1F, 0x7C, 0x00, 0xC0,
  0x07, 0x1F, 0x7C, 0x00, 0xC0, 0x07, 0x1F, 0x7C, 0x00, 0xC0, 0x07, 0x1F,
  0x7C, 0x00, 0xC0, 0x07, 0x1F, 0x7C, 0x00, 0xC0, 0x07, 0x1F, 0x7C, 0x00,
  0xC0, 0x07, 0x1F, 0x7C, 0x00, 0xC0, 0x07, 0x1F, 0x7C, 0x00, 0xC0, 0x07,
  0x1F, 0x7C, 0x00, 0xC0, 0x07, 0x1F, 0xFC, 0xFF, 0xFF, 0x07, 0x1F, 0xFC,
  0xFF, 0xFF, 0x07, 0x1F, 0xFC, 0xFF, 0xFF, 0x07, 0x1F, 0xFC, 0xFF, 0xFF,
  0x07, 0x1F, 0xFC, 0xFF, 0xFF, 0x07, 0x1F, 0xFC, 0xFF, 0xFF, 0x07, 0x1F,
  0x80, 0xFF, 0x3F, 0x00, 0x1F, 0x80, 0xFF, 0x3F, 0x00, 0x1F, 0x80, 0xFF,
  0x3F, 0x00, 0x1F, 0x80, 0xFF, 0x3F, 0x00, 0xE0, 0xFF, 0xFF, 0x3F, 0x00,
  0xE0, 0xFF, 0xFF, 0x3F, 0x00, 0xE0, 0xFF, 0xFF, 0x3F, 0x00, 0xE0, 0xFF,
  0xFF, 0x3F, 0x00, 0xE0, 0xFF, 0xFF, 0x3F, 0x00, 0xFF, 0xFF, 0xFF, 0xFF,
  0x07, 0xFF, 0xFF, 0xFF, 0xFF, 0x07, 0xFF, 0xFF, 0xFF, 0xFF, 0x07, 0xFF,
  0xFF, 0xFF, 0xFF, 0x07, 0xFF, 0xFF, 0xFF, 0xFF, 0x07, 0x1F, 0x80, 0x0F,
  0xC0, 0x07, 0x1F, 0x80, 0x0F, 0xC0, 0x07, 0x1F, 0x80, 0x0F, 0xC0, 0x07,
  0x1F, 0x80, 0x0F, 0xC0, 0x07, 0x1F, 0x80, 0x0F, 0xC0, 0x07, 0x1F, 0x80,
  0x0F, 0xC0, 0x07, 0x1F, 0x80, 0x0F, 0xC0, 0x07, 0x1F, 0x80, 0x0F, 0xC0,
  0x07, 0x1F, 0x80, 0x0F, 0xC0, 0x07, 0xFF, 0x83, 0xFF, 0xFF, 0x07, 0xFF,
  0x83, 0xFF, 0xFF, 0x07, 0xFF, 0x83, 0xFF, 0xFF, 0x07, 0xFF, 0x83, 0xFF,
  0xFF, 0x07, 0xFF, 0x83, 0xFF, 0xFF, 0x07, 0xFF, 0x83, 0xFF, 0xFF, 0x07,
  0xE0, 0x03, 0xF0, 0x3F, 0x00, 0xE0, 0x03, 0xF0, 0x3F, 0x00, 0xE0, 0x03,
  0xF0, 0x3F, 0x00, 0xE0, 0x03, 0xF0, 0x3F, 0x00, 0xFF, 0x03, 0x00, 0x00,
  0x00, 0xFF, 0x03, 0x00, 0x00, 0x00, 0xFF, 0x03, 0x00, 0x00, 0x00, 0xFF,
  0x03, 0x00, 0x00, 0x00, 0xFF, 0x03, 0x00, 0x00, 0x00, 0xFF, 0x03, 0x00,
  0x00, 0x00, 0xFF, 0x03, 0x00, 0x00, 0x00, 0xFF, 0x03, 0x00, 0x00, 0x00,
  0xFF, 0x03, 0x00, 0x00, 0x00, 0xFF, 0x03, 0x00, 0x00, 0x00, 0x1F, 0x80,
  0xFF, 0xFF, 0x07, 0x1F, 0x80, 0xFF, 0xFF, 0x07, 0x1F, 0x80, 0xFF, 0xFF,
  0x07, 0x1F, 0x80, 0xFF, 0xFF, 0x07, 0x1F, 0x80, 0xFF, 0xFF, 0x07, 0x1F,
  0xFC, 0xFF, 0xFF, 0x07, 0x1F, 0xFC, 0xFF, 0xFF, 0x07, 0x1F, 0xFC, 0xFF,
  0xFF, 0x07, 0x1F, 0xFC, 0xFF, 0xFF, 0x07, 0x1F, 0xFC, 0xFF, 0xFF, 0x07,
  0xFF, 0x7F, 0x00, 0x00, 0x00, 0xFF, 0x7F, 0x00, 0x00, 0x00, 0xFF, 0x7F,
  0x00, 0x00, 0x00, 0xFF, 0x7F, 0x00, 0x00, 0x00, 0xFF, 0x7F, 0x00, 0x00,
  0x00, 0xFF, 0x03, 0x00, 0x00, 0x00, 0xFF, 0x03, 0x00, 0x00, 0x00, 0xFF,
  0x03, 0x00, 0x00, 0x00, 0xFF, 0x03, 0x00, 0x00, 0x00, 0xE0, 0x7F, 0xF0,
  0x3F, 0x00, 0xE0, 0x7F, 0xF0, 0x3F, 0x00, 0xE0, 0x7F, 0xF0, 0x3F, 0x00,
  0xE0, 0x7F, 0xF0, 0x3F, 0x00, 0xE0, 0x7F, 0xF0, 0x3F, 0x00, 0xFF, 0xFF,
  0xFF, 0xFF, 0x07, 0xFF, 0xFF, 0xFF, 0xFF, 0x07, 0xFF, 0xFF, 0xFF, 0xFF,
  0x07, 0xFF, 0xFF, 0xFF, 0xFF, 0x07, 0xFF, 0xFF, 0xFF, 0xFF, 0x07, 0x1F,
  0x80, 0x0F, 0xC0, 0x07, 0x1F, 0x80, 0x0F, 0xC0, 0x07, 0x1F, 0x80, 0x0F,
  0xC0, 0x07, 0x1F, 0x80, 0x0F, 0xC0, 0x07, 0x1F, 0x80, 0x0F, 0xC0, 0x07,
  0x1F, 0x80, 0x0F, 0xC0, 0x07, 0x1F, 0x80, 0x0F, 0xC0, 0x07, 0x1F, 0x80,
  0x0F, 0xC0, 0x07, 0x1F, 0x80, 0x0F, 0xC0, 0x07, 0xFF, 0xFF, 0xFF, 0xFF,
  0x07, 0xFF, 0xFF, 0xFF, 0xFF, 0x07, 0xFF, 0xFF, 0xFF, 0xFF, 0x07, 0xFF,
  0xFF, 0xFF, 0xFF, 0x07, 0xFF, 0xFF, 0xFF, 0xFF, 0x07, 0xFF, 0xFF, 0xFF,
  0xFF, 0x07, 0xE0, 0x7F, 0xF0, 0x3F, 0x00, 0xE0, 0x7F, 0xF0, 0x3F, 0x00,
  0xE0, 0x7F, 0xF0, 0x3F, 0x00, 0xE0, 0x7F, 0xF0, 0x3F, 0x00, 0xE0, 0x7F,
  0x00, 0x3E, 0x00, 0xE0, 0x7F, 0x00, 0x3E, 0x00, 0xE0, 0x7F, 0x00, 0x3E,
  0x00, 0xE0, 0x7F, 0x00, 0x3E, 0x00, 0xE0, 0x7F, 0x00, 0x3E, 0x00, 0xFF,
  0xFF, 0x0F, 0xFE, 0x07, 0xFF, 0xFF, 0x0F, 0xFE, 0x07, 0xFF, 0xFF, 0x0F,
  0xFE, 0x07, 0xFF, 0xFF, 0x0F, 0xFE, 0x07, 0xFF, 0xFF, 0x0F, 0xFE, 0x07,
  0x1F, 0x80, 0x0F, 0xC0, 0x07, 0x1F, 0x80, 0x0F, 0xC0, 0x07, 0x1F, 0x80,
  0x0F, 0xC0, 0x07, 0x1F, 0x80, 0x0F, 0xC0, 0x07, 0x1F, 0x80, 0x0F, 0xC0,
  0x07, 0x1F, 0x80, 0x0F, 0xC0, 0x07, 0x1F, 0x80, 0x0F, 0xC0, 0x07, 0x1F,
  0x80, 0x0F, 0xC0, 0x07, 0x1F, 0x80, 0x0F, 0xC0, 0x07, 0xFF, 0xFF, 0xFF,
  0xFF, 0x07, 0xFF, 0xFF, 0xFF, 0xFF, 0x07, 0xFF, 0xFF, 0xFF, 0xFF, 0x07,
  0xFF, 0xFF, 0xFF, 0xFF, 0x07, 0xFF, 0xFF, 0xFF, 0xFF, 0x07, 0xFF, 0xFF,
  0xFF, 0xFF, 0x07, 0xE0, 0xFF, 0xFF, 0x3F, 0x00, 0xE0, 0xFF, 0xFF, 0x3F,
  0x00, 0xE0, 0xFF, 0xFF, 0x3F, 0x00, 0xE0, 0xFF, 0xFF, 0x3F, 0x00, 0xE0,
  0xFF, 0xFF, 0x3F, 0x00, 0xE0, 0xFF, 0xFF, 0x3F, 0x00, 0xE0, 0xFF, 0xFF,
  0x3F, 0x00, 0xE0, 0xFF, 0xFF, 0x3F, 0x00, 0xE0, 0xFF, 0xFF, 0x3F, 0x00,
  0xFF, 0xFF, 0xFF, 0xFF, 0x07, 0xFF, 0xFF, 0xFF, 0xFF, 0x07, 0xFF, 0xFF,
  0xFF, 0xFF, 0x07, 0xFF, 0xFF, 0xFF, 0xFF, 0x07, 0xFF, 0xFF, 0xFF, 0xFF,
  0x07, 0x1F, 0x80, 0x0F, 0xC0, 0x07, 0x1F, 0x80, 0x0F, 0xC0, 0x07, 0x1F,
  0x80, 0x0F, 0xC0, 0x07, 0x1F, 0x80, 0x0F, 0xC0, 0x07, 0x1F, 0xFC, 0x0F,
  0xC0, 0x07, 0x1F, 0x7C, 0x00, 0xC0, 0x07, 0x1F, 0x7C, 0x00, 0xC0, 0x07,
  0x1F, 0x7C, 0x00, 0xC0, 0x07, 0x1F, 0x7C, 0x00, 0xC0, 0x07, 0xFF, 0xFF,
  0xFF, 0xFF, 0x07, 0xFF, 0xFF, 0xFF, 0xFF, 0x07, 0xFF, 0xFF, 0xFF, 0xFF,
  0x07, 0xFF, 0xFF, 0xFF, 0xFF, 0x07, 0xFF, 0xFF, 0xFF, 0xFF, 0x07, 0xFF,
  0xFF, 0xFF, 0xFF, 0x07, 0xE0, 0xFF, 0xFF, 0x3F, 0x00, 0xE0, 0xFF, 0xFF,
  0x3F, 0x00, 0xE0, 0xFF, 0xFF, 0x3F, 0x00, 0xE0, 0xFF, 0xFF, 0x3F, 0x00
 };

const GFXglyph PetMe64_C64_20pt7bGlyphs[] PROGMEM = {
// bmpOff,   w,   h,xAdv, xOff, yOff      sequence
  {     0,  29,  35,  39,    5,  -34 },   // seq[0] g0_36
  {   145,  29,  35,  39,    5,  -34 },   // seq[1] g1_37
  {   290,  29,  35,  39,    5,  -34 },   // seq[2] g2_38
  {   435,  29,  35,  39,    5,  -34 },   // seq[3] g3_39
  {   580,  30,  35,  39,    5,  -34 },   // seq[4] g4_40
  {   730,  30,  35,  39,    5,  -34 },   // seq[5] g5_41
  {   880,  29,  35,  39,    5,  -34 },   // seq[6] g6_42
  {  1025,  29,  35,  39,    5,  -34 },   // seq[7] g7_43
  {  1170,  20,  35,  40,   10,  -34 },   // seq[8] g8_44
  {  1270,  30,  35,  40,    5,  -34 },   // seq[9] g9_45
  {  1420,  29,  35,  39,    5,  -34 },   // seq[10] g10_46
  {  1565,  30,  35,  39,    5,  -34 },   // seq[11] g11_47
  {  1715,  34,  35,  39,    5,  -34 },   // seq[12] g12_48
  {  1885,  29,  35,  39,    5,  -34 },   // seq[13] g13_49
  {  2030,  29,  35,  39,    5,  -34 },   // seq[14] g14_50
  {  2175,  29,  35,  39,    5,  -34 },   // seq[15] g15_51
  {  2320,  30,  35,  40,    5,  -34 },   // seq[16] g16_52
  {  2470,  29,  35,  39,    5,  -34 },   // seq[17] g17_53
  {  2615,  29,  35,  39,    5,  -34 },   // seq[18] g18_54
  {  2760,  29,  35,  39,    5,  -34 },   // seq[19] g19_55
  {  2905,  29,  35,  39,    5,  -34 },   // seq[20] g20_56
  {  3050,  29,  35,  39,    5,  -34 },   // seq[21] g21_57
  {  3195,  34,  35,  39,    5,  -34 },   // seq[22] g22_58
  {  3365,  29,  35,  39,    5,  -34 },   // seq[23] g23_59
  {  3510,  29,  35,  39,    5,  -34 },   // seq[24] g24_60
  {  3655,  29,  35,  39,    5,  -34 },   // seq[25] g25_61
  {  3800,  29,  35,  39,    5,  -34 },   // seq[26] g26_20
  {  3945,  29,  35,  39,    5,  -34 },   // seq[27] g27_21
  {  4090,  29,  35,  39,    5,  -34 },   // seq[28] g28_22
  {  4235,  35,  35,  39,    5,  -34 },   // seq[29] g29_23
  {  4410,  29,  35,  39,    5,  -34 },   // seq[30] g30_24
  {  4555,  29,  35,  39,    5,  -34 },   // seq[31] g31_25
  {  4700,  29,  35,  39,    5,  -34 },   // seq[32] g32_26
  {  4845,  29,  35,  39,    5,  -34 },   // seq[33] g33_27
  {  4990,  29,  35,  39,    5,  -34 },   // seq[34] g34_28
  {  5135,  29,  35,  39,    5,  -34 } }; // seq[35] g35_19

const GFXfont PetMe64_C64_20pt7b PROGMEM = {
  (uint8_t  *)PetMe64_C64_20pt7bBitmaps,
  (GFXglyph *)PetMe64_C64_20pt7bGlyphs,
  0xE980, // first
  0xE9A3, // last
  40   //height
 };

// Approx. 5539 bytes

// /tmp/fontconvert_pinned -f /home/user/qmk_firmware/keyboards/polykybd/fonts/fantasy/Amiga-Regular.ttf -s 20 -H auto -v _Amiga_ -r 30 -Y 40 -F0xE9C0 -S 0041, 0042, 0043, 0044, 0045, 0046, 0047, 0048, 0049, 004A, 004B, 004C, 004D, 004E, 004F, 0050, 0051, 0052, 0053, 0054, 0055, 0056, 0057, 0058, 0059, 005A, 0031, 0032, 0033, 0034, 0035, 0036, 0037, 0038, 0039, 0030 
// Visualize your font via https://tchapi.github.io/Adafruit-GFX-Font-Customiser

/* sequence: 0041, 0042, 0043, 0044, 0045, 0046, 0047, 0048, 0049, 004A, 004B, 004C, 004D, 004E, 004F, 0050, 0051, 0052, 0053, 0054, 0055, 0056, 0057, 0058, 0059, 005A, 0031, 0032, 0033, 0034, 0035, 0036, 0037, 0038, 0039, 0030 */
const uint8_t Amiga_Regular_Amiga_20pt7bBitmaps[] PROGMEM = {
  /* shaped sequence */  0x00, 0x00, 0x00, 0xCE, 0x01, 0x00, 0x00, 0x00, 0xCE, 0x01, 0x00, 0x80,
  0x63, 0xCE, 0x01, 0x00, 0x80, 0x73, 0xCE, 0x01, 0x00, 0x80, 0x73, 0xCE,
  0x01, 0xE0, 0x9C, 0x73, 0xCE, 0x01, 0xE0, 0x9C, 0x73, 0xCE, 0x01, 0xE7,
  0x9C, 0x73, 0x00, 0x00, 0xE7, 0x9C, 0x73, 0x00, 0x00, 0xE7, 0x1C, 0x70,
  0x00, 0x00, 0xE7, 0x1C, 0x70, 0x00, 0x00, 0xE7, 0x1C, 0x70, 0x00, 0x00,
  0xE7, 0x9C, 0x73, 0x00, 0x00, 0xE7, 0x9C, 0x73, 0x00, 0x00, 0xE0, 0x9C,
  0x73, 0xCE, 0x01, 0xE0, 0x9C, 0x73, 0xCE, 0x01, 0x00, 0x80, 0x73, 0xCE,
  0x01, 0x00, 0x80, 0x73, 0xCE, 0x01, 0x00, 0x80, 0x23, 0xCE, 0x01, 0x00,
  0x00, 0x00, 0xCE, 0x01, 0x00, 0x00, 0x00, 0xCE, 0x01, 0x02, 0x00, 0x00,
  0x80, 0x00, 0x07, 0x00, 0x00, 0xC0, 0x01, 0x07, 0x00, 0x00, 0xC0, 0x01,
  0xE7, 0x9C, 0x73, 0xCE, 0x01, 0xE7, 0x9C, 0x73, 0xCE, 0x01, 0xE7, 0x9C,
  0x73, 0xCE, 0x01, 0xE7, 0x9C, 0x73, 0xCE, 0x01, 0xE7, 0x9C, 0x73, 0xCE,
  0x01, 0xE7, 0x9C, 0x73, 0xCE, 0x01, 0xE7, 0x9C, 0x73, 0xCE, 0x01, 0x07,
  0x80, 0x03, 0xC0, 0x01, 0x07, 0x80, 0x03, 0xC0, 0x01, 0x07, 0x80, 0x03,
  0xC0, 0x01, 0xE7, 0x9C, 0x73, 0xCE, 0x01, 0xE7, 0x9C, 0x73, 0xCE, 0x01,
  0xE7, 0x9C, 0x73, 0xCE, 0x01, 0xE7, 0x9C, 0x73, 0xCE, 0x01, 0xE0, 0x1C,
  0x70, 0x0E, 0x00, 0xE0, 0x1C, 0x70, 0x0E, 0x00, 0xE0, 0x1C, 0x70, 0x0E,
  0x00, 0x00, 0x9C, 0x73, 0x00, 0x00, 0x00, 0x9C, 0x73, 0x00, 0x00, 0xE0,
  0x9C, 0x73, 0x0E, 0x00, 0xE0, 0x9C, 0x73, 0x0E, 0x00, 0xE0, 0x9C, 0x73,
  0x0E, 0x00, 0xE7, 0x9C, 0x73, 0xCE, 0x01, 0xE7, 0x9C, 0x73, 0xCE, 0x01,
  0xE7, 0x00, 0x00, 0xCE, 0x01, 0xE7, 0x00, 0x00, 0xCE, 0x01, 0x07, 0x00,
  0x00, 0xC0, 0x01, 0x07, 0x00, 0x00, 0xC0, 0x01, 0x07, 0x00, 0x00, 0xC0,
  0x01, 0xE7, 0x00, 0x00, 0xCE, 0x01, 0xE7, 0x00, 0x00, 0xCE, 0x01, 0xE7,
  0x00, 0x00, 0xCE, 0x01, 0xE7, 0x00, 0x00, 0xCE, 0x01, 0xE0, 0x00, 0x00,
  0x0E, 0x00, 0xE0, 0x00, 0x00, 0x0E, 0x00, 0xE0, 0x00, 0x00, 0x0E, 0x00,
  0x07, 0x00, 0x00, 0xC0, 0x01, 0x07, 0x00, 0x00, 0xC0, 0x01, 0xE7, 0x9C,
  0x73, 0xCE, 0x01, 0xE7, 0x9C, 0x73, 0xCE, 0x01, 0xE7, 0x9C, 0x73, 0xCE,
  0x01, 0xE7, 0x9C, 0x73, 0xCE, 0x01, 0xE7, 0x9C, 0x73, 0xCE, 0x01, 0xE7,
  0x9C, 0x73, 0xCE, 0x01, 0xE7, 0x9C, 0x73, 0xCE, 0x01, 0x07, 0x00, 0x00,
  0xC0, 0x01, 0xE7, 0x00, 0x00, 0xCE, 0x01, 0xE7, 0x00, 0x00, 0xCE, 0x01,
  0xE7, 0x9C, 0x73, 0xCE, 0x01, 0xE7, 0x9C, 0x73, 0xCE, 0x01, 0xE0, 0x9C,
  0x73, 0x0E, 0x00, 0xE0, 0x9C, 0x73, 0x0E, 0x00, 0xE0, 0x9C, 0x73, 0x0E,
  0x00, 0x00, 0x9C, 0x73, 0x00, 0x00, 0x00, 0x9C, 0x73, 0x00, 0x00, 0x02,
  0x00, 0x00, 0x80, 0x00, 0x07, 0x00, 0x00, 0xC0, 0x01, 0x07, 0x00, 0x00,
  0xC0, 0x01, 0xE7, 0x9C, 0x73, 0xCE, 0x01, 0xE7, 0x9C, 0x73, 0xCE, 0x01,
  0xE7, 0x9C, 0x73, 0xCE, 0x01, 0xE7, 0x9C, 0x73, 0xCE, 0x01, 0xE7, 0x9C,
  0x73, 0xCE, 0x01, 0xE7, 0x9C, 0x73, 0xCE, 0x01, 0xE7, 0x9C, 0x73, 0xCE,
  0x01, 0x07, 0x80, 0x03, 0xC0, 0x01, 0x07, 0x80, 0x03, 0xC0, 0x01, 0x07,
  0x80, 0x03, 0xC0, 0x01, 0xE7, 0x80, 0x03, 0xCE, 0x01, 0xE7, 0x00, 0x00,
  0xCE, 0x01, 0xE7, 0x00, 0x00, 0xCE, 0x01, 0xE7, 0x00, 0x00, 0xCE, 0x01,
  0xE7, 0x00, 0x00, 0xCE, 0x01, 0xE7, 0x00, 0x00, 0xCE, 0x01, 0xE2, 0x00,
  0x00, 0x8E, 0x00, 0x07, 0x00, 0x00, 0xC0, 0x01, 0x07, 0x00, 0x00, 0xC0,
  0x01, 0xE7, 0x9C, 0x73, 0xCE, 0x01, 0xE7, 0x9C, 0x73, 0xCE, 0x01, 0xE7,
  0x9C, 0x73, 0xCE, 0x01, 0xE7, 0x9C, 0x73, 0xCE, 0x01, 0xE7, 0x9C, 0x73,
  0xCE, 0x01, 0xE7, 0x9C, 0x73, 0xCE, 0x01, 0xE7, 0x9C, 0x73, 0xCE, 0x01,
  0x07, 0x80, 0x03, 0xC0, 0x01, 0x07, 0x80, 0x03, 0xC0, 0x01, 0x07, 0x80,
  0x03, 0x00, 0x00, 0xE7, 0x80, 0x03, 0x00, 0x00, 0xE7, 0x00, 0x00, 0x00,
  0x00, 0xE7, 0x00, 0x00, 0x00, 0x00, 0xE7, 0x00, 0x00, 0x00, 0x00, 0xE7,
  0x00, 0x00, 0x00, 0x00, 0xE7, 0x00, 0x00, 0x00, 0x00, 0xE7, 0x00, 0x00,
  0x00, 0x00, 0x00, 0x9C, 0x73, 0x00, 0x00, 0x00, 0x9C, 0x73, 0x00, 0x00,
  0xE0, 0x9C, 0x73, 0x0E, 0x00, 0xE0, 0x9C, 0x73, 0x0E, 0x00, 0xE0, 0x9C,
  0x73, 0x0E, 0x00, 0xE7, 0x9C, 0x73, 0xCE, 0x01, 0xE7, 0x9C, 0x73, 0xCE,
  0x01, 0xE7, 0x00, 0x00, 0xCE, 0x01, 0xE7, 0x00, 0x00, 0xCE, 0x01, 0x07,
  0x00, 0x00, 0xC0, 0x01, 0x07, 0x80, 0x03, 0xC0, 0x01, 0x07, 0x80, 0x03,
  0xC0, 0x01, 0xE7, 0x80, 0x73, 0xCE, 0x01, 0xE7, 0x80, 0x73, 0xCE, 0x01,
  0xE7, 0x80, 0x73, 0xCE, 0x01, 0xE7, 0x80, 0x73, 0xCE, 0x01, 0xE0, 0x80,
  0x73, 0xCE, 0x01, 0xE0, 0x80, 0x73, 0xCE, 0x01, 0xE0, 0x80, 0x73, 0xCE,
  0x01, 0xE7, 0x9C, 0x73, 0xCE, 0x01, 0xE7, 0x9C, 0x73, 0xCE, 0x01, 0xE7,
  0x9C, 0x73, 0xCE, 0x01, 0xE7, 0x9C, 0x73, 0xCE, 0x01, 0xE7, 0x9C, 0x73,
  0xCE, 0x01, 0xE7, 0x9C, 0x73, 0xCE, 0x01, 0xE7, 0x9C, 0x73, 0xCE, 0x01,
  0x00, 0x80, 0x03, 0x00, 0x00, 0x00, 0x80, 0x03, 0x00, 0x00, 0x00, 0x80,
  0x03, 0x00, 0x00, 0xE7, 0x9C, 0x73, 0xCE, 0x01, 0xE7, 0x9C, 0x73, 0xCE,
  0x01, 0xE7, 0x9C, 0x73, 0xCE, 0x01, 0xE7, 0x9C, 0x73, 0xCE, 0x01, 0xE7,
  0x9C, 0x73, 0xCE, 0x01, 0xE7, 0x9C, 0x73, 0xCE, 0x01, 0xE7, 0x1C, 0x71,
  0xCE, 0x01, 0x07, 0x00, 0x00, 0xC0, 0x01, 0x07, 0x00, 0x00, 0xC0, 0x01,
  0x07, 0x00, 0x00, 0xC0, 0x01, 0x07, 0x00, 0x00, 0xC0, 0x01, 0x07, 0x00,
  0x00, 0xC0, 0x01, 0xE7, 0x9C, 0x73, 0xCE, 0x01, 0xE7, 0x9C, 0x73, 0xCE,
  0x01, 0xE7, 0x9C, 0x73, 0xCE, 0x01, 0xE7, 0x9C, 0x73, 0xCE, 0x01, 0xE7,
  0x9C, 0x73, 0xCE, 0x01, 0xE7, 0x9C, 0x73, 0xCE, 0x01, 0xE7, 0x9C, 0x73,
  0xCE, 0x01, 0x07, 0x00, 0x00, 0xC0, 0x01, 0x07, 0x00, 0x00, 0xC0, 0x01,
  0x07, 0x00, 0x00, 0xC0, 0x01, 0x07, 0x00, 0x00, 0xC0, 0x01, 0x02, 0x00,
  0x00, 0x80, 0x00, 0x00, 0x00, 0x70, 0x0E, 0x00, 0x00, 0x00, 0x70, 0x0E,
  0x00, 0x00, 0x00, 0x70, 0x0E, 0x00, 0x00, 0x00, 0x70, 0xCE, 0x01, 0x00,
  0x00, 0x70, 0xCE, 0x01, 0x00, 0x00, 0x70, 0xCE, 0x01, 0x00, 0x00, 0x70,
  0xCE, 0x01, 0x07, 0x00, 0x00, 0xC0, 0x01, 0x07, 0x00, 0x00, 0xC0, 0x01,
  0xE7, 0x9C, 0x73, 0xCE, 0x01, 0xE7, 0x9C, 0x73, 0xCE, 0x01, 0xE7, 0x9C,
  0x73, 0xCE, 0x01, 0xE7, 0x9C, 0x73, 0xCE, 0x01, 0xE7, 0x9C, 0x73, 0xCE,
  0x01, 0xE7, 0x9C, 0x73, 0x0E, 0x00, 0xE7, 0x9C, 0x73, 0x0E, 0x00, 0x07,
  0x00, 0x00, 0xC0, 0x01, 0x07, 0x00, 0x00, 0xC0, 0x01, 0xE7, 0x9C, 0x73,
  0xCE, 0x01, 0xE7, 0x9C, 0x73, 0xCE, 0x01, 0xE7, 0x9C, 0x73, 0xCE, 0x01,
  0xE7, 0x9C, 0x73, 0xCE, 0x01, 0xE7, 0x9C, 0x73, 0xCE, 0x01, 0xE7, 0x9C,
  0x73, 0xCE, 0x01, 0xE7, 0x9C, 0x73, 0xCE, 0x01, 0x00, 0x80, 0x03, 0x00,
  0x00, 0x00, 0x9C, 0x73, 0x00, 0x00, 0x00, 0x9C, 0x73, 0x00, 0x00, 0xE7,
  0x9C, 0x73, 0xCE, 0x01, 0xE7, 0x1C, 0x70, 0xCE, 0x01, 0xE7, 0x1C, 0x70,
  0xCE, 0x01, 0xE7, 0x1C, 0x70, 0xCE, 0x01, 0xE7, 0x1C, 0x70, 0xCE, 0x01,
  0xE7, 0x00, 0x00, 0xCE, 0x01, 0xE7, 0x00, 0x00, 0xCE, 0x01, 0x07, 0x00,
  0x00, 0xC0, 0x01, 0x07, 0x00, 0x00, 0xC0, 0x01, 0xE7, 0x9C, 0x73, 0xCE,
  0x01, 0xE7, 0x9C, 0x73, 0xCE, 0x01, 0xE7, 0x9C, 0x73, 0xCE, 0x01, 0xE7,
  0x9C, 0x73, 0xCE, 0x01, 0xE7, 0x9C, 0x73, 0xCE, 0x01, 0xE7, 0x9C, 0x73,
  0xCE, 0x01, 0xE7, 0x9C, 0x73, 0xCE, 0x01, 0x07, 0x00, 0x00, 0xC0, 0x01,
  0x07, 0x00, 0x00, 0xC0, 0x01, 0x00, 0x00, 0x00, 0xC0, 0x01, 0x00, 0x00,
  0x00, 0xCE, 0x01, 0x00, 0x00, 0x00, 0xCE, 0x01, 0x00, 0x00, 0x00, 0xCE,
  0x01, 0x00, 0x00, 0x70, 0xCE, 0x01, 0x00, 0x00, 0x70, 0xCE, 0x01, 0x00,
  0x00, 0x70, 0xCE, 0x01, 0x00, 0x00, 0x70, 0xCE, 0x01, 0xE7, 0x9C, 0x73,
  0xCE, 0x01, 0xE7, 0x9C, 0x73, 0xCE, 0x01, 0xE7, 0x9C, 0x73, 0xCE, 0x01,
  0xE7, 0x9C, 0x73, 0xCE, 0x01, 0xE0, 0x9C, 0x73, 0xCE, 0x01, 0xE0, 0x9C,
  0x73, 0xCE, 0x01, 0xE0, 0x9C, 0x73, 0xCE, 0x01, 0x00, 0x9C, 0x73, 0x00,
  0x00, 0x00, 0x9C, 0x73, 0x00, 0x00, 0x00, 0x80, 0x73, 0x00, 0x00, 0x00,
  0x9C, 0x73, 0x00, 0x00, 0x00, 0x9C, 0x03, 0x00, 0x00, 0xE0, 0x9C, 0x73,
  0xCE, 0x01, 0xE0, 0x9C, 0x73, 0xCE, 0x01, 0xE0, 0x9C, 0x73, 0xCE, 0x01,
  0xE7, 0x9C, 0x73, 0xCE, 0x01, 0xE7, 0x9C, 0x73, 0xCE, 0x01, 0xE7, 0x9C,
  0x73, 0xCE, 0x01, 0xE7, 0x9C, 0x73, 0xCE, 0x01, 0xE7, 0x9C, 0x73, 0xCE,
  0x01, 0xE7, 0x9C, 0x73, 0xCE, 0x01, 0xE7, 0x9C, 0x73, 0xCE, 0x01, 0xE7,
  0x9C, 0x73, 0xCE, 0x01, 0xE7, 0x9C, 0x73, 0xCE, 0x01, 0xE7, 0x9C, 0x73,
  0xCE, 0x01, 0xE7, 0x9C, 0x73, 0xCE, 0x01, 0xE0, 0x1C, 0x00, 0x00, 0x00,
  0xE0, 0x9C, 0x03, 0x00, 0x00, 0x00, 0x9C, 0x03, 0x00, 0x00, 0x00, 0x9C,
  0x73, 0x00, 0x00, 0x00, 0x80, 0x73, 0x00, 0x00, 0xE7, 0x9C, 0x73, 0xCE,
  0x01, 0xE7, 0x9C, 0x73, 0xCE, 0x01, 0xE7, 0x9C, 0x73, 0xCE, 0x01, 0xE7,
  0x9C, 0x73, 0xCE, 0x01, 0xE7, 0x9C, 0x73, 0xCE, 0x01, 0xE7, 0x9C, 0x73,
  0xCE, 0x01, 0xE7, 0x9C, 0x73, 0xCE, 0x01, 0x00, 0x9C, 0x73, 0x00, 0x00,
  0x00, 0x9C, 0x73, 0x00, 0x00, 0xE0, 0x9C, 0x73, 0x0E, 0x00, 0xE0, 0x9C,
  0x73, 0x0E, 0x00, 0xE0, 0x9C, 0x73, 0x0E, 0x00, 0xE7, 0x9C, 0x73, 0xCE,
  0x01, 0xE7, 0x9C, 0x73, 0xCE, 0x01, 0xE7, 0x00, 0x00, 0xCE, 0x01, 0xE7,
  0x00, 0x00, 0xCE, 0x01, 0x07, 0x00, 0x00, 0xC0, 0x01, 0xE7, 0x00, 0x00,
  0xCE, 0x01, 0xE7, 0x00, 0x00, 0xCE, 0x01, 0xE7, 0x9C, 0x73, 0xCE, 0x01,
  0xE7, 0x9C, 0x73, 0xCE, 0x01, 0xE0, 0x9C, 0x73, 0x0E, 0x00, 0xE0, 0x9C,
  0x73, 0x0E, 0x00, 0xE0, 0x9C, 0x73, 0x0E, 0x00, 0x00, 0x9C, 0x73, 0x00,
  0x00, 0x00, 0x9C, 0x73, 0x00, 0x00, 0x07, 0x00, 0x00, 0xC0, 0x01, 0x07,
  0x00, 0x00, 0xC0, 0x01, 0xE7, 0x9C, 0x73, 0xCE, 0x01, 0xE7, 0x9C, 0x73,
  0xCE, 0x01, 0xE7, 0x9C, 0x73, 0xCE, 0x01, 0xE7, 0x9C, 0x73, 0xCE, 0x01,
  0xE7, 0x9C, 0x73, 0xCE, 0x01, 0xE7, 0x9C, 0x73, 0xCE, 0x01, 0xE7, 0x9C,
  0x73, 0xCE, 0x01, 0x07, 0x80, 0x03, 0xC0, 0x01, 0x07, 0x80, 0x03, 0xC0,
  0x01, 0x07, 0x80, 0x03, 0x00, 0x00, 0xE7, 0x9C, 0x03, 0x00, 0x00, 0xE7,
  0x9C, 0x03, 0x00, 0x00, 0xE7, 0x9C, 0x03, 0x00, 0x00, 0xE7, 0x9C, 0x03,
  0x00, 0x00, 0xE0, 0x1C, 0x00, 0x00, 0x00, 0xE0, 0x1C, 0x00, 0x00, 0x00,
  0xE0, 0x1C, 0x00, 0x00, 0x00, 0x00, 0x9C, 0x73, 0x00, 0x00, 0x00, 0x9C,
  0x73, 0x00, 0x00, 0xE0, 0x9C, 0x73, 0x0E, 0x00, 0xE0, 0x9C, 0x73, 0x0E,
  0x00, 0xE0, 0x9C, 0x73, 0x0E, 0x00, 0xE7, 0x9C, 0x73, 0xCE, 0x01, 0xE7,
  0x9C, 0x73, 0xCE, 0x01, 0xE7, 0x00, 0x00, 0xCE, 0x01, 0xE7, 0x00, 0x00,
  0xCE, 0x01, 0x07, 0x00, 0x00, 0xC0, 0x01, 0xE7, 0x00, 0x00, 0xCE, 0x01,
  0xE7, 0x00, 0x00, 0xCE, 0x01, 0xE7, 0x9C, 0x73, 0xCE, 0x39, 0xE7, 0x9C,
  0x73, 0xCE, 0x39, 0xE0, 0x9C, 0x73, 0xCE, 0x39, 0xE0, 0x9C, 0x73, 0xCE,
  0x39, 0xE0, 0x9C, 0x73, 0x8E, 0x38, 0x00, 0x9C, 0x73, 0x00, 0x38, 0x00,
  0x9C, 0x73, 0x00, 0x38, 0x02, 0x00, 0x00, 0xC0, 0x01, 0x07, 0x00, 0x00,
  0xC0, 0x01, 0xE7, 0x1C, 0x71, 0xCE, 0x01, 0xE7, 0x9C, 0x73, 0xCE, 0x01,
  0xE7, 0x9C, 0x73, 0xCE, 0x01, 0xE7, 0x9C, 0x73, 0xCE, 0x01, 0xE7, 0x9C,
  0x73, 0xCE, 0x01, 0xE7, 0x9C, 0x73, 0xCE, 0x01, 0xE7, 0x9C, 0x73, 0xCE,
  0x01, 0x07, 0x80, 0x03, 0x00, 0x00, 0x07, 0x80, 0x73, 0x00, 0x00, 0x07,
  0x80, 0x73, 0x00, 0x00, 0xE7, 0x9C, 0x73, 0x0E, 0x00, 0xE7, 0x9C, 0x73,
  0x0E, 0x00, 0xE7, 0x9C, 0x73, 0xCE, 0x01, 0xE7, 0x9C, 0x73, 0xCE, 0x01,
  0xE2, 0x1C, 0x71, 0xCE, 0x01, 0xE0, 0x1C, 0x00, 0xCE, 0x01, 0xE0, 0x1C,
  0x00, 0xCE, 0x01, 0x00, 0x00, 0x00, 0xC0, 0x01, 0x00, 0x00, 0x00, 0xC0,
  0x01, 0xE0, 0x1C, 0x00, 0x0E, 0x00, 0xE0, 0x1C, 0x00, 0x0E, 0x00, 0xE7,
  0x9C, 0x03, 0xCE, 0x01, 0xE7, 0x9C, 0x03, 0xCE, 0x01, 0xE7, 0x9C, 0x03,
  0xCE, 0x01, 0xE7, 0x9C, 0x03, 0xCE, 0x01, 0xE7, 0x9C, 0x03, 0xCE, 0x01,
  0x07, 0x9C, 0x73, 0xC0, 0x01, 0x07, 0x9C, 0x73, 0xC0, 0x01, 0xE7, 0x80,
  0x73, 0xCE, 0x01, 0xE7, 0x80, 0x73, 0xCE, 0x01, 0xE7, 0x00, 0x70, 0xCE,
  0x01, 0xE7, 0x00, 0x70, 0xCE, 0x01, 0xE0, 0x00, 0x70, 0x0E, 0x00, 0xE0,
  0x00, 0x70, 0x0E, 0x00, 0xE0, 0x00, 0x70, 0x0E, 0x00, 0xE7, 0x00, 0x00,
  0x00, 0x00, 0xE7, 0x00, 0x00, 0x00, 0x00, 0xE7, 0x00, 0x00, 0x00, 0x00,
  0xE7, 0x00, 0x00, 0xC0, 0x01, 0x07, 0x00, 0x00, 0xC0, 0x01, 0xE7, 0x9C,
  0x73, 0xCE, 0x01, 0xE7, 0x9C, 0x73, 0xCE, 0x01, 0xE7, 0x9C, 0x73, 0xCE,
  0x01, 0xE7, 0x9C, 0x73, 0xCE, 0x01, 0xE7, 0x9C, 0x73, 0xCE, 0x01, 0xE7,
  0x9C, 0x73, 0xCE, 0x01, 0xE7, 0x9C, 0x73, 0xCE, 0x01, 0xE7, 0x00, 0x00,
  0xC0, 0x01, 0xE7, 0x00, 0x00, 0xC0, 0x01, 0xE7, 0x00, 0x00, 0x00, 0x00,
  0xE7, 0x00, 0x00, 0x00, 0x00, 0xE7, 0x9C, 0x73, 0x0E, 0x00, 0xE7, 0x9C,
  0x73, 0x0E, 0x00, 0xE7, 0x9C, 0x73, 0xCE, 0x01, 0xE7, 0x9C, 0x73, 0xCE,
  0x01, 0xE7, 0x9C, 0x73, 0xCE, 0x01, 0xE7, 0x9C, 0x73, 0xCE, 0x01, 0xE7,
  0x9C, 0x73, 0xCE, 0x01, 0x00, 0x00, 0x00, 0xC0, 0x01, 0x00, 0x00, 0x00,
  0xC0, 0x01, 0xE7, 0x9C, 0x73, 0xCE, 0x01, 0xE7, 0x9C, 0x73, 0xCE, 0x01,
  0xE7, 0x9C, 0x73, 0xCE, 0x01, 0xE7, 0x9C, 0x73, 0xCE, 0x01, 0xE7, 0x9C,
  0x73, 0xCE, 0x01, 0xE7, 0x9C, 0x73, 0xCE, 0x01, 0xE7, 0x9C, 0x73, 0xCE,
  0x01, 0xE7, 0x00, 0x00, 0x00, 0x00, 0xE7, 0x00, 0x00, 0x00, 0x00, 0xE7,
  0x9C, 0x03, 0x00, 0x00, 0xE7, 0x9C, 0x03, 0x00, 0x00, 0xE7, 0x9C, 0x03,
  0x00, 0x00, 0xE7, 0x9C, 0x73, 0x0E, 0x00, 0xE7, 0x9C, 0x73, 0x0E, 0x00,
  0x00, 0x9C, 0x73, 0xCE, 0x01, 0x00, 0x9C, 0x73, 0xCE, 0x01, 0x00, 0x00,
  0x70, 0xCE, 0x01, 0x00, 0x00, 0x70, 0xCE, 0x01, 0x00, 0x00, 0x70, 0xCE,
  0x01, 0x00, 0x9C, 0x73, 0xCE, 0x01, 0x00, 0x9C, 0x73, 0xCE, 0x01, 0xE7,
  0x9C, 0x73, 0x0E, 0x00, 0xE7, 0x9C, 0x73, 0x0E, 0x00, 0xE7, 0x9C, 0x03,
  0x00, 0x00, 0xE7, 0x9C, 0x03, 0x00, 0x00, 0xE7, 0x9C, 0x03, 0x00, 0x00,
  0xE7, 0x00, 0x00, 0x00, 0x00, 0xE7, 0x00, 0x00, 0x00, 0x00, 0xE7, 0x9C,
  0x63, 0xCE, 0x01, 0xE7, 0x9C, 0x73, 0xCE, 0x01, 0xE7, 0x9C, 0x73, 0xCE,
  0x01, 0xE7, 0x9C, 0x73, 0xCE, 0x01, 0xE7, 0x9C, 0x73, 0xCE, 0x01, 0xE7,
  0x9C, 0x73, 0xCE, 0x01, 0xE7, 0x9C, 0x73, 0xCE, 0x01, 0x00, 0x80, 0x73,
  0x0E, 0x00, 0x00, 0x80, 0x73, 0x0E, 0x00, 0x00, 0x80, 0x73, 0x00, 0x00,
  0x00, 0x80, 0x73, 0x0E, 0x00, 0x00, 0x00, 0x70, 0x0E, 0x00, 0xE7, 0x9C,
  0x73, 0xCE, 0x01, 0xE7, 0x9C, 0x73, 0xCE, 0x01, 0xE7, 0x9C, 0x73, 0xCE,
  0x01, 0xE7, 0x9C, 0x73, 0xCE, 0x01, 0xE7, 0x9C, 0x73, 0xCE, 0x01, 0xE7,
  0x9C, 0x73, 0xCE, 0x01, 0xE7, 0x9C, 0x63, 0xCE, 0x01, 0x07, 0x00, 0x00,
  0xC0, 0x01, 0x07, 0x00, 0x00, 0xC0, 0x01, 0xE7, 0x00, 0x00, 0xCE, 0x01,
  0xE7, 0x00, 0x00, 0xCE, 0x01, 0xE7, 0x00, 0x00, 0xCE, 0x01, 0xE7, 0x1C,
  0x70, 0xCE, 0x01, 0xE7, 0x1C, 0x70, 0xCE, 0x01, 0xE0, 0x9C, 0x73, 0x0E,
  0x00, 0xE0, 0x9C, 0x73, 0x0E, 0x00, 0x00, 0x9C, 0x73, 0x00, 0x00, 0x00,
  0x9C, 0x73, 0x00, 0x00, 0x00, 0x9C, 0x73, 0x00, 0x00, 0xE0, 0x9C, 0x73,
  0x0E, 0x00, 0xE0, 0x9C, 0x73, 0x0E, 0x00, 0xE7, 0x1C, 0x70, 0xCE, 0x01,
  0xE7, 0x1C, 0x70, 0xCE, 0x01, 0xE7, 0x00, 0x00, 0xCE, 0x01, 0xE7, 0x00,
  0x00, 0xCE, 0x01, 0xE7, 0x00, 0x00, 0xCE, 0x01, 0x07, 0x00, 0x00, 0xC0,
  0x01, 0x07, 0x00, 0x00, 0xC0, 0x01, 0xE7, 0x00, 0x00, 0x00, 0x00, 0xE7,
  0x00, 0x00, 0x00, 0x00, 0xE7, 0x1C, 0x00, 0x00, 0x00, 0xE7, 0x1C, 0x00,
  0x00, 0x00, 0xE7, 0x1C, 0x00, 0x00, 0x00, 0xE7, 0x9C, 0x03, 0xC0, 0x01,
  0xE7, 0x9C, 0x03, 0xC0, 0x01, 0x00, 0x9C, 0x73, 0xCE, 0x01, 0x00, 0x9C,
  0x73, 0xCE, 0x01, 0x00, 0x80, 0x73, 0xCE, 0x01, 0x00, 0x80, 0x73, 0xCE,
  0x01, 0x00, 0x80, 0x73, 0xCE, 0x01, 0x00, 0x9C, 0x73, 0xCE, 0x01, 0x00,
  0x9C, 0x73, 0xCE, 0x01, 0xE7, 0x9C, 0x03, 0xC0, 0x01, 0xE7, 0x9C, 0x03,
  0xC0, 0x01, 0xE7, 0x1C, 0x00, 0x00, 0x00, 0xE7, 0x1C, 0x00, 0x00, 0x00,
  0xE7, 0x1C, 0x00, 0x00, 0x00, 0xE7, 0x00, 0x00, 0x00, 0x00, 0xE7, 0x00,
  0x00, 0x00, 0x00, 0xE7, 0x1C, 0x00, 0xC0, 0x01, 0xE7, 0x1C, 0x00, 0xC0,
  0x01, 0xE7, 0x1C, 0x00, 0xCE, 0x01, 0xE7, 0x1C, 0x00, 0xCE, 0x01, 0xE7,
  0x00, 0x00, 0xCE, 0x01, 0xE7, 0x00, 0x70, 0xCE, 0x01, 0xE7, 0x00, 0x70,
  0xCE, 0x01, 0x07, 0x80, 0x73, 0xCE, 0x01, 0x07, 0x80, 0x73, 0xCE, 0x01,
  0x07, 0x80, 0x73, 0xC0, 0x01, 0x07, 0x9C, 0x73, 0xC0, 0x01, 0x07, 0x9C,
  0x73, 0xC0, 0x01, 0xE7, 0x9C, 0x03, 0xCE, 0x01, 0xE7, 0x9C, 0x03, 0xCE,
  0x01, 0xE7, 0x1C, 0x00, 0xCE, 0x01, 0xE7, 0x1C, 0x70, 0xCE, 0x01, 0xE7,
  0x1C, 0x70, 0xCE, 0x01, 0xE7, 0x00, 0x70, 0xCE, 0x01, 0xE7, 0x00, 0x70,
  0xCE, 0x01, 0x00, 0x00, 0x00, 0x80, 0x00, 0x00, 0x00, 0x00, 0xC0, 0x01,
  0x00, 0x00, 0x00, 0xC0, 0x01, 0xE0, 0x00, 0x00, 0xC0, 0x01, 0xE0, 0x00,
  0x00, 0xC0, 0x01, 0xE7, 0x9C, 0x73, 0xCE, 0x01, 0xE7, 0x9C, 0x73, 0xCE,
  0x01, 0xE7, 0x9C, 0x73, 0xCE, 0x01, 0xE7, 0x9C, 0x73, 0xCE, 0x01, 0xE7,
  0x9C, 0x73, 0xCE, 0x01, 0xE7, 0x9C, 0x73, 0xCE, 0x01, 0xE7, 0x9C, 0x73,
  0xCE, 0x01, 0x00, 0x00, 0x00, 0xC0, 0x01, 0x00, 0x00, 0x00, 0xC0, 0x01,
  0x00, 0x00, 0x00, 0xC0, 0x01, 0x00, 0x00, 0x00, 0xC0, 0x01, 0x00, 0x00,
  0x00, 0xC0, 0x01, 0xE0, 0x00, 0x00, 0xCE, 0x01, 0xE0, 0x00, 0x00, 0xCE,
  0x01, 0xE7, 0x00, 0x70, 0xCE, 0x01, 0xE7, 0x00, 0x70, 0xCE, 0x01, 0xE7,
  0x00, 0x70, 0xCE, 0x01, 0xE7, 0x80, 0x73, 0xCE, 0x01, 0xE7, 0x80, 0x73,
  0xCE, 0x01, 0x07, 0x80, 0x73, 0xC0, 0x01, 0x07, 0x80, 0x73, 0xC0, 0x01,
  0x07, 0x80, 0x03, 0xC0, 0x01, 0xE7, 0x9C, 0x03, 0xCE, 0x01, 0xE7, 0x9C,
  0x03, 0xCE, 0x01, 0xE7, 0x9C, 0x03, 0xCE, 0x01, 0xE2, 0x9C, 0x03, 0xCE,
  0x01, 0xE0, 0x1C, 0x00, 0xCE, 0x01, 0xE0, 0x1C, 0x00, 0xCE, 0x01, 0xE0,
  0x1C, 0x00, 0x8E, 0x00, 0xE0, 0x00, 0x00, 0x0E, 0x00, 0xE0, 0x00, 0x00,
  0x0E, 0x00, 0xE0, 0x00, 0x00, 0x0E, 0x00, 0xE7, 0x00, 0x00, 0xCE, 0x01,
  0xE7, 0x00, 0x00, 0xCE, 0x01, 0xE7, 0x80, 0x03, 0xCE, 0x01, 0xE7, 0x80,
  0x03, 0xCE, 0x01, 0x07, 0x80, 0x03, 0xC0, 0x01, 0x07, 0x80, 0x03, 0xC0,
  0x01, 0x07, 0x80, 0x03, 0xC0, 0x01, 0xE7, 0x9C, 0x73, 0xCE, 0x01, 0xE7,
  0x9C, 0x73, 0xCE, 0x01, 0xE7, 0x9C, 0x73, 0xCE, 0x01, 0xE7, 0x9C, 0x73,
  0xCE, 0x01, 0xE0, 0x1C, 0x70, 0x0E, 0x00, 0xE0, 0x1C, 0x70, 0x0E, 0x00,
  0xE0, 0x1C, 0x70, 0x0E, 0x00, 0x00, 0x80, 0x73, 0x00, 0x00, 0x00, 0x80,
  0x73, 0x00, 0x00, 0x00, 0x9C, 0x73, 0x00, 0x00, 0x00, 0x9C, 0x73, 0x00,
  0x00, 0x00, 0x9C, 0x73, 0x00, 0x00, 0xE0, 0x9C, 0x73, 0x00, 0x00, 0xE0,
  0x9C, 0x73, 0x00, 0x00, 0xE7, 0x1C, 0x70, 0xC0, 0x01, 0xE7, 0x1C, 0x70,
  0xC0, 0x01, 0xE7, 0x9C, 0x73, 0xCE, 0x01, 0xE7, 0x9C, 0x73, 0xCE, 0x01,
  0xE7, 0x9C, 0x73, 0xCE, 0x01, 0xE7, 0x9C, 0x73, 0xCE, 0x01, 0xE7, 0x9C,
  0x73, 0xCE, 0x01, 0xE7, 0x9C, 0x73, 0xCE, 0x01, 0xE7, 0x9C, 0x73, 0xCE,
  0x01, 0x00, 0x00, 0x70, 0xC0, 0x01, 0x00, 0x00, 0x70, 0xC0, 0x01, 0xE7,
  0x1C, 0x00, 0x0E, 0x00, 0xE7, 0x1C, 0x00, 0x0E, 0x00, 0xE7, 0x1C, 0x00,
  0x0E, 0x00, 0xE7, 0x1C, 0x00, 0xCE, 0x01, 0xE7, 0x1C, 0x00, 0xCE, 0x01,
  0xE7, 0x1C, 0x00, 0xCE, 0x01, 0xE7, 0x1C, 0x00, 0xCE, 0x01, 0x07, 0x1C,
  0x00, 0xC0, 0x01, 0x07, 0x1C, 0x00, 0xC0, 0x01, 0x07, 0x1C, 0x00, 0xC0,
  0x01, 0x07, 0x9C, 0x73, 0xCE, 0x01, 0x07, 0x9C, 0x73, 0xCE, 0x01, 0x07,
  0x9C, 0x73, 0xCE, 0x01, 0x07, 0x9C, 0x73, 0xCE, 0x01, 0x07, 0x80, 0x73,
  0x0E, 0x00, 0x07, 0x80, 0x73, 0x0E, 0x00, 0x02, 0x80, 0x73, 0x0E, 0x00,
  0x00, 0x9C, 0x73, 0x0E, 0x00, 0x00, 0x9C, 0x73, 0x0E, 0x00, 0xE0, 0x9C,
  0x73, 0xCE, 0x01, 0xE0, 0x9C, 0x73, 0xCE, 0x01, 0xE0, 0x9C, 0x73, 0xCE,
  0x01, 0xE7, 0x9C, 0x73, 0xCE, 0x01, 0xE7, 0x9C, 0x73, 0xCE, 0x01, 0xE7,
  0x80, 0x03, 0xC0, 0x01, 0xE7, 0x80, 0x03, 0xC0, 0x01, 0x07, 0x80, 0x03,
  0xC0, 0x01, 0x07, 0x80, 0x73, 0xCE, 0x01, 0x07, 0x80, 0x73, 0xCE, 0x01,
  0x07, 0x80, 0x73, 0xCE, 0x01, 0x07, 0x80, 0x73, 0x8E, 0x00, 0x00, 0x00,
  0x70, 0x0E, 0x00, 0x00, 0x00, 0x70, 0x0E, 0x00, 0x00, 0x00, 0x70, 0x0E,
  0x00, 0xE7, 0x00, 0x00, 0x00, 0x00, 0xE7, 0x00, 0x00, 0x00, 0x00, 0xE7,
  0x00, 0x00, 0x00, 0x00, 0xE7, 0x00, 0x00, 0x00, 0x00, 0xE7, 0x00, 0x00,
  0x00, 0x00, 0xE7, 0x00, 0x70, 0xCE, 0x01, 0xE7, 0x00, 0x70, 0xCE, 0x01,
  0x07, 0x80, 0x73, 0xCE, 0x01, 0x07, 0x80, 0x73, 0xCE, 0x01, 0x07, 0x80,
  0x73, 0xCE, 0x01, 0xE7, 0x9C, 0x73, 0xCE, 0x01, 0xE7, 0x9C, 0x73, 0xCE,
  0x01, 0xE7, 0x9C, 0x03, 0x00, 0x00, 0xE7, 0x9C, 0x03, 0x00, 0x00, 0xE7,
  0x1C, 0x00, 0x00, 0x00, 0xE7, 0x1C, 0x00, 0x00, 0x00, 0xE2, 0x1C, 0x00,
  0x00, 0x00, 0xE0, 0x1C, 0x70, 0x0E, 0x00, 0xE0, 0x1C, 0x70, 0x0E, 0x00,
  0xE0, 0x1C, 0x70, 0x0E, 0x00, 0xE7, 0x9C, 0x73, 0xCE, 0x01, 0xE7, 0x9C,
  0x73, 0xCE, 0x01, 0xE7, 0x9C, 0x73, 0xCE, 0x01, 0xE7, 0x9C, 0x73, 0xCE,
  0x01, 0x07, 0x80, 0x03, 0xC0, 0x01, 0x07, 0x80, 0x03, 0xC0, 0x01, 0x07,
  0x80, 0x03, 0xC0, 0x01, 0xE7, 0x9C, 0x73, 0xCE, 0x01, 0xE7, 0x9C, 0x73,
  0xCE, 0x01, 0xE7, 0x9C, 0x73, 0xCE, 0x01, 0xE7, 0x9C, 0x73, 0xCE, 0x01,
  0xE0, 0x1C, 0x70, 0x0E, 0x00, 0xE0, 0x1C, 0x70, 0x0E, 0x00, 0xE0, 0x1C,
  0x70, 0x0E, 0x00, 0xE0, 0x1C, 0x00, 0x00, 0x00, 0xE0, 0x1C, 0x00, 0x00,
  0x00, 0xE7, 0x1C, 0x01, 0xC0, 0x01, 0xE7, 0x9C, 0x03, 0xC0, 0x01, 0xE7,
  0x9C, 0x03, 0xC0, 0x01, 0xE7, 0x9C, 0x03, 0xC0, 0x01, 0xE7, 0x9C, 0x03,
  0xC0, 0x01, 0x07, 0x80, 0x03, 0xCE, 0x01, 0x07, 0x80, 0x03, 0xCE, 0x01,
  0x07, 0x80, 0x03, 0xCE, 0x01, 0xE7, 0x9C, 0x73, 0xCE, 0x01, 0xE7, 0x9C,
  0x73, 0x0E, 0x00, 0xE7, 0x9C, 0x73, 0x0E, 0x00, 0xE2, 0x9C, 0x73, 0x0E,
  0x00, 0xE0, 0x9C, 0x73, 0x00, 0x00, 0xE0, 0x9C, 0x73, 0x00, 0x00, 0xE0,
  0x1C, 0x71, 0x00, 0x00, 0xE0, 0x9C, 0x73, 0x0E, 0x00, 0xE0, 0x9C, 0x73,
  0x0E, 0x00, 0xE0, 0x9C, 0x73, 0x0E, 0x00, 0xE7, 0x9C, 0x73, 0xCE, 0x01,
  0xE7, 0x9C, 0x73, 0xCE, 0x01, 0xE7, 0x9C, 0x73, 0xCE, 0x01, 0xE7, 0x9C,
  0x73, 0xCE, 0x01, 0x07, 0x9C, 0x73, 0xC0, 0x01, 0x07, 0x9C, 0x73, 0xC0,
  0x01, 0xE7, 0x9C, 0x73, 0xCE, 0x01, 0xE7, 0x9C, 0x73, 0xCE, 0x01, 0xE7,
  0x9C, 0x73, 0xCE, 0x01, 0xE7, 0x9C, 0x73, 0xCE, 0x01, 0xE7, 0x9C, 0x73,
  0xCE, 0x01, 0xE0, 0x9C, 0x73, 0x0E, 0x00, 0xE0, 0x9C, 0x73, 0x0E, 0x00
 };

const GFXglyph Amiga_Regular_Amiga_20pt7bGlyphs[] PROGMEM = {
// bmpOff,   w,   h,xAdv, xOff, yOff      sequence
  {     0,  21,  33,  20,   -1,  -33 },   // seq[0] g0_1
  {   105,  20,  33,  20,   -1,  -33 },   // seq[1] g1_9
  {   205,  19,  33,  20,   -1,  -33 },   // seq[2] g2_10
  {   300,  19,  33,  20,   -1,  -33 },   // seq[3] g3_12
  {   395,  20,  33,  20,   -1,  -33 },   // seq[4] g4_14
  {   495,  19,  33,  20,   -1,  -33 },   // seq[5] g5_19
  {   590,  19,  33,  20,   -1,  -33 },   // seq[6] g6_20
  {   685,  17,  33,  20,    2,  -33 },   // seq[7] g7_21
  {   770,  17,  33,  20,    2,  -33 },   // seq[8] g8_22
  {   855,  16,  33,  20,    2,  -33 },   // seq[9] g9_27
  {   935,  19,  33,  20,   -1,  -33 },   // seq[10] g10_28
  {  1030,  19,  33,  20,   -1,  -33 },   // seq[11] g11_29
  {  1125,  19,  33,  20,   -1,  -33 },   // seq[12] g12_30
  {  1220,  19,  33,  20,   -1,  -33 },   // seq[13] g13_31
  {  1315,  19,  33,  20,   -1,  -33 },   // seq[14] g14_33
  {  1410,  19,  33,  20,   -1,  -33 },   // seq[15] g15_41
  {  1505,  19,  38,  20,   -1,  -33 },   // seq[16] g16_43
  {  1600,  21,  33,  20,   -1,  -33 },   // seq[17] g17_44
  {  1705,  16,  33,  20,    2,  -33 },   // seq[18] g18_45
  {  1785,  16,  33,  20,    2,  -33 },   // seq[19] g19_46
  {  1865,  16,  33,  20,    2,  -33 },   // seq[20] g20_47
  {  1945,  21,  33,  20,   -1,  -33 },   // seq[21] g21_52
  {  2050,  19,  33,  20,   -1,  -33 },   // seq[22] g22_53
  {  2145,  21,  33,  20,   -1,  -33 },   // seq[23] g23_54
  {  2250,  21,  33,  20,   -1,  -33 },   // seq[24] g24_55
  {  2355,  19,  33,  20,   -1,  -33 },   // seq[25] g25_57
  {  2450,  17,  33,  20,    1,  -33 },   // seq[26] g26_128
  {  2535,  17,  33,  20,    2,  -33 },   // seq[27] g27_129
  {  2620,  17,  33,  20,    2,  -33 },   // seq[28] g28_130
  {  2705,  18,  33,  20,   -1,  -33 },   // seq[29] g29_131
  {  2795,  17,  33,  20,    2,  -33 },   // seq[30] g30_132
  {  2880,  17,  33,  20,    2,  -33 },   // seq[31] g31_133
  {  2965,  17,  33,  20,    2,  -33 },   // seq[32] g32_134
  {  3050,  17,  33,  20,    2,  -33 },   // seq[33] g33_135
  {  3135,  17,  33,  20,    2,  -33 },   // seq[34] g34_136
  {  3220,  16,  33,  20,    2,  -33 } }; // seq[35] g35_127

const GFXfont Amiga_Regular_Amiga_20pt7b PROGMEM = {
  (uint8_t  *)Amiga_Regular_Amiga_20pt7bBitmaps,
  (GFXglyph *)Amiga_Regular_Amiga_20pt7bGlyphs,
  0xE9C0, // first
  0xE9E3, // last
  40   //height
 };

// Approx. 3559 bytes

// /tmp/fontconvert_pinned -f /home/user/qmk_firmware/keyboards/polykybd/fonts/fantasy/DejaVuSans.ttf -s 20 -H auto -v _Apl_ -r 30 -Y 40 -F0xEA00 -S 237A, 22A5, 2229, 230A, 2208, 005F, 2207, 2206, 2373, 2218, 0027, 25A1, 007C, 22A4, 25CB, 002A, 003F, 2374, 2308, 007E, 2193, 222A, 2375, 2283, 2191, 2282, 00A8, 00AF, 003C, 2264, 003D, 2265, 003E, 2260, 2228, 2227 
// Visualize your font via https://tchapi.github.io/Adafruit-GFX-Font-Customiser

/* sequence: 237A, 22A5, 2229, 230A, 2208, 005F, 2207, 2206, 2373, 2218, 0027, 25A1, 007C, 22A4, 25CB, 002A, 003F, 2374, 2308, 007E, 2193, 222A, 2375, 2283, 2191, 2282, 00A8, 00AF, 003C, 2264, 003D, 2265, 003E, 2260, 2228, 2227 */
const uint8_t DejaVuSans_Apl_20pt7bBitmaps[] PROGMEM = {
  /* shaped sequence */  0x80, 0xFF, 0x00, 0xF0, 0xFF, 0x07, 0xF8, 0xFF, 0x0F, 0xFC, 0xFF, 0x1F,
  0xFE, 0x00, 0x3F, 0x1E, 0x00, 0x3C, 0x0F, 0x00, 0x78, 0x07, 0x00, 0x70,
  0x07, 0x00, 0x70, 0x07, 0x00, 0x70, 0x07, 0x00, 0x70, 0x0F, 0x00, 0x78,
  0x1E, 0x00, 0x3E, 0xFE, 0x80, 0x1F, 0xFC, 0xFF, 0x0F, 0xF0, 0xFF, 0x07,
  0xE0, 0xFF, 0x1F, 0xFC, 0xEF, 0x3F, 0xFE, 0x01, 0x3C, 0x3E, 0x00, 0x38,
  0x06, 0x00, 0x78, 0x00, 0x00, 0x78, 0x00, 0x00, 0x00, 0x06, 0x00, 0x00,
  0x00, 0x06, 0x00, 0x00, 0x00, 0x06, 0x00, 0x00, 0x00, 0x06, 0x00, 0x00,
  0x00, 0x06, 0x00, 0x00, 0x00, 0x06, 0x00, 0x00, 0x00, 0x06, 0x00, 0x00,
  0x00, 0x06, 0x00, 0x00, 0x00, 0x06, 0x00, 0x00, 0x00, 0x06, 0x00, 0x00,
  0x00, 0x06, 0x00, 0x00, 0x00, 0x06, 0xFF, 0xFF, 0xFF, 0x07, 0xFF, 0xFF,
  0xFF, 0x07, 0xFF, 0xFF, 0xFF, 0x07, 0x00, 0x00, 0x00, 0x06, 0x00, 0x00,
  0x00, 0x06, 0x00, 0x00, 0x00, 0x06, 0x00, 0x00, 0x00, 0x06, 0x00, 0x00,
  0x00, 0x06, 0x00, 0x00, 0x00, 0x06, 0x00, 0x00, 0x00, 0x06, 0x00, 0x00,
  0x00, 0x06, 0x00, 0x00, 0x00, 0x06, 0x00, 0x00, 0x00, 0x06, 0x00, 0x00,
  0x00, 0x06, 0x00, 0x00, 0x00, 0x06, 0x80, 0xFF, 0x7F, 0xF0, 0xFF, 0x7F,
  0xF8, 0xFF, 0x7F, 0x7C, 0x00, 0x00, 0x1E, 0x00, 0x00, 0x0E, 0x00, 0x00,
  0x07, 0x00, 0x00, 0x07, 0x00, 0x00, 0x07, 0x00, 0x00, 0x07, 0x00, 0x00,
  0x07, 0x00, 0x00, 0x07, 0x00, 0x00, 0x0E, 0x00, 0x00, 0x1E, 0x00, 0x00,
  0x7C, 0x00, 0x00, 0xF8, 0xFF, 0x7F, 0xF0, 0xFF, 0x7F, 0x80, 0xFF, 0x7F,
  0xFF, 0xFF, 0xFF, 0xFF, 0x07, 0xFF, 0xFF, 0xFF, 0xFF, 0x07, 0xFF, 0xFF,
  0xFF, 0xFF, 0x07, 0xFF, 0xFF, 0xFF, 0xFF, 0x07, 0x00, 0x00, 0x00, 0x00,
  0x07, 0x00, 0x00, 0x00, 0x00, 0x07, 0x00, 0x00, 0x00, 0x00, 0x07, 0x00,
  0x00, 0x00, 0x00, 0x07, 0x00, 0x00, 0x00, 0x00, 0x07, 0x00, 0xFC, 0x03,
  0x00, 0x00, 0xFF, 0x0F, 0x00, 0xC0, 0xFF, 0x3F, 0x00, 0xE0, 0xE7, 0x7E,
  0x00, 0xF0, 0xE1, 0xF0, 0x00, 0x78, 0xE0, 0xE0, 0x01, 0x3C, 0xE0, 0xC0,
  0x03, 0x1C, 0xE0, 0x80, 0x03, 0x1E, 0xE0, 0x00, 0x07, 0x0E, 0xE0, 0x00,
  0x07, 0x0F, 0xE0, 0x00, 0x0F, 0x07, 0xE0, 0x00, 0x0E, 0x07, 0xE0, 0x00,
  0x0E, 0x07, 0xE0, 0x00, 0x0E, 0x07, 0xE0, 0x00, 0x0E, 0x07, 0xE0, 0x00,
  0x0E, 0x07, 0xE0, 0x00, 0x0E, 0x07, 0xE0, 0x00, 0x0E, 0x07, 0xE0, 0x00,
  0x0E, 0x07, 0xE0, 0x00, 0x0E, 0x07, 0xE0, 0x00, 0x0E, 0x07, 0xE0, 0x00,
  0x0E, 0x07, 0xE0, 0x00, 0x0E, 0x07, 0xE0, 0x00, 0x0E, 0x07, 0xE0, 0x00,
  0x0E, 0x07, 0xE0, 0x00, 0x0E, 0x07, 0xE0, 0x00, 0x0E, 0x07, 0x07, 0x07,
  0x07, 0x07, 0x07, 0x07, 0x07, 0x07, 0x07, 0x07, 0x07, 0x07, 0x07, 0x07,
  0x07, 0x07, 0x07, 0x07, 0x07, 0x03, 0x00, 0x00, 0x00, 0x0F, 0x00, 0x00,
  0x00, 0x7F, 0x00, 0x00, 0x00, 0xFF, 0x01, 0x00, 0x00, 0xFF, 0x0F, 0x00,
  0x00, 0xF7, 0x3F, 0x00, 0x00, 0x87, 0xFF, 0x01, 0x00, 0x07, 0xFE, 0x07,
  0x00, 0x07, 0xF0, 0x3F, 0x00, 0x07, 0xC0, 0xFF, 0x00, 0x07, 0x00, 0xFE,
  0x07, 0x07, 0x00, 0xF0, 0x0F, 0x07, 0x00, 0xC0, 0x0F, 0x07, 0x00, 0x80,
  0x0F, 0x07, 0x00, 0xF0, 0x0F, 0x07, 0x00, 0xFE, 0x07, 0x07, 0x80, 0xFF,
  0x01, 0x07, 0xF0, 0x3F, 0x00, 0x07, 0xFC, 0x0F, 0x00, 0x87, 0xFF, 0x01,
  0x00, 0xF7, 0x7F, 0x00, 0x00, 0xFF, 0x0F, 0x00, 0x00, 0xFF, 0x03, 0x00,
  0x00, 0x7F, 0x00, 0x00, 0x00, 0x1F, 0x00, 0x00, 0x00, 0x03, 0x00, 0x00,
  0x00, 0x00, 0x00, 0x00, 0x0C, 0x00, 0x00, 0x00, 0x0F, 0x00, 0x00, 0xE0,
  0x0F, 0x00, 0x00, 0xF8, 0x0F, 0x00, 0x00, 0xFF, 0x0F, 0x00, 0xC0, 0xFF,
  0x0E, 0x00, 0xF8, 0x1F, 0x0E, 0x00, 0xFE, 0x07, 0x0E, 0xC0, 0xFF, 0x00,
  0x0E, 0xF0, 0x3F, 0x00, 0x0E, 0xFE, 0x07, 0x00, 0x0E, 0xFF, 0x00, 0x00,
  0x0E, 0x3F, 0x00, 0x00, 0x0E, 0x1F, 0x00, 0x00, 0x0E, 0xFF, 0x00, 0x00,
  0x0E, 0xFE, 0x07, 0x00, 0x0E, 0xF8, 0x1F, 0x00, 0x0E, 0xC0, 0xFF, 0x00,
  0x0E, 0x00, 0xFF, 0x03, 0x0E, 0x00, 0xF8, 0x1F, 0x0E, 0x00, 0xE0, 0xFF,
  0x0E, 0x00, 0x00, 0xFF, 0x0F, 0x00, 0x00, 0xFC, 0x0F, 0x00, 0x00, 0xE0,
  0x0F, 0x00, 0x00, 0x80, 0x0F, 0x00, 0x00, 0x00, 0x0C, 0xFF, 0xFF, 0x01,
  0xFF, 0xFF, 0x07, 0xFF, 0xFF, 0x0F, 0xFF, 0xFF, 0x0F, 0x00, 0x00, 0x1E,
  0x00, 0x00, 0x1C, 0x00, 0x00, 0x1C, 0x00, 0x00, 0x1C, 0x00, 0x00, 0x1C,
  0xF0, 0x01, 0xFC, 0x03, 0x0E, 0x07, 0x06, 0x0E, 0x03, 0x0C, 0x03, 0x0C,
  0x03, 0x0C, 0x03, 0x0C, 0x06, 0x0E, 0x0E, 0x07, 0xFC, 0x03, 0xF0, 0x00,
  0xFF, 0x03, 0xFF, 0x03, 0xFF, 0x03, 0xFF, 0xFF, 0xFF, 0x3F, 0xFF, 0xFF,
  0xFF, 0x3F, 0x03, 0x00, 0x00, 0x30, 0x03, 0x00, 0x00, 0x30, 0x03, 0x00,
  0x00, 0x30, 0x03, 0x00, 0x00, 0x30, 0x03, 0x00, 0x00, 0x30, 0x03, 0x00,
  0x00, 0x30, 0x03, 0x00, 0x00, 0x30, 0x03, 0x00, 0x00, 0x30, 0x03, 0x00,
  0x00, 0x30, 0x03, 0x00, 0x00, 0x30, 0x03, 0x00, 0x00, 0x30, 0x03, 0x00,
  0x00, 0x30, 0x03, 0x00, 0x00, 0x30, 0x03, 0x00, 0x00, 0x30, 0x03, 0x00,
  0x00, 0x30, 0x03, 0x00, 0x00, 0x30, 0x03, 0x00, 0x00, 0x30, 0x03, 0x00,
  0x00, 0x30, 0x03, 0x00, 0x00, 0x30, 0x03, 0x00, 0x00, 0x30, 0x03, 0x00,
  0x00, 0x30, 0x03, 0x00, 0x00, 0x30, 0x03, 0x00, 0x00, 0x30, 0x03, 0x00,
  0x00, 0x30, 0x03, 0x00, 0x00, 0x30, 0x03, 0x00, 0x00, 0x30, 0xFF, 0xFF,
  0xFF, 0x3F, 0xFF, 0xFF, 0xFF, 0x3F, 0xFF, 0xFF, 0xFF, 0xFF, 0xFF, 0xFF,
  0xFF, 0xFF, 0xFF, 0xFF, 0xFF, 0xFF, 0xFF, 0xFF, 0xFF, 0x03, 0x00, 0x00,
  0x00, 0x03, 0x00, 0x00, 0x00, 0x03, 0x00, 0x00, 0x00, 0x03, 0x00, 0x00,
  0x00, 0x03, 0x00, 0x00, 0x00, 0x03, 0x00, 0x00, 0x00, 0x03, 0x00, 0x00,
  0x00, 0x03, 0x00, 0x00, 0x00, 0x03, 0x00, 0x00, 0x00, 0x03, 0x00, 0x00,
  0x00, 0x03, 0x00, 0x00, 0x00, 0x03, 0x00, 0x00, 0x00, 0xFF, 0xFF, 0xFF,
  0x07, 0xFF, 0xFF, 0xFF, 0x07, 0xFF, 0xFF, 0xFF, 0x07, 0x03, 0x00, 0x00,
  0x00, 0x03, 0x00, 0x00, 0x00, 0x03, 0x00, 0x00, 0x00, 0x03, 0x00, 0x00,
  0x00, 0x03, 0x00, 0x00, 0x00, 0x03, 0x00, 0x00, 0x00, 0x03, 0x00, 0x00,
  0x00, 0x03, 0x00, 0x00, 0x00, 0x03, 0x00, 0x00, 0x00, 0x03, 0x00, 0x00,
  0x00, 0x03, 0x00, 0x00, 0x00, 0x03, 0x00, 0x00, 0x00, 0x00, 0xF8, 0x07,
  0x00, 0x00, 0xFF, 0x3F, 0x00, 0x80, 0x07, 0xF8, 0x00, 0xE0, 0x01, 0xE0,
  0x01, 0x70, 0x00, 0x80, 0x03, 0x38, 0x00, 0x00, 0x07, 0x18, 0x00, 0x00,
  0x06, 0x0C, 0x00, 0x00, 0x0C, 0x0C, 0x00, 0x00, 0x0C, 0x06, 0x00, 0x00,
  0x18, 0x06, 0x00, 0x00, 0x18, 0x07, 0x00, 0x00, 0x38, 0x03, 0x00, 0x00,
  0x30, 0x03, 0x00, 0x00, 0x30, 0x03, 0x00, 0x00, 0x30, 0x03, 0x00, 0x00,
  0x30, 0x03, 0x00, 0x00, 0x30, 0x03, 0x00, 0x00, 0x30, 0x07, 0x00, 0x00,
  0x38, 0x06, 0x00, 0x00, 0x18, 0x06, 0x00, 0x00, 0x18, 0x0C, 0x00, 0x00,
  0x0C, 0x1C, 0x00, 0x00, 0x0C, 0x18, 0x00, 0x00, 0x06, 0x38, 0x00, 0x00,
  0x03, 0x70, 0x00, 0x80, 0x03, 0xE0, 0x01, 0xE0, 0x01, 0x80, 0x07, 0x78,
  0x00, 0x00, 0xFF, 0x3F, 0x00, 0x00, 0xF8, 0x07, 0x00, 0x00, 0x00, 0x00,
  0x38, 0x70, 0x00, 0x30, 0x30, 0x00, 0x60, 0x18, 0x00, 0x60, 0x18, 0x00,
  0xC0, 0x0C, 0x00, 0xC0, 0x0F, 0x00, 0x80, 0x07, 0x00, 0xFF, 0xFF, 0x03,
  0xFF, 0xFF, 0x03, 0x80, 0x07, 0x00, 0xC0, 0x0F, 0x00, 0xC0, 0x0C, 0x00,
  0x60, 0x18, 0x00, 0x60, 0x18, 0x00, 0x30, 0x30, 0x00, 0x38, 0x70, 0x00,
  0x00, 0x00, 0x00, 0x38, 0x00, 0x00, 0x00, 0x1C, 0x00, 0x00, 0x00, 0x1C,
  0x00, 0x00, 0x00, 0x0E, 0x00, 0x00, 0x00, 0x0E, 0x00, 0x00, 0x00, 0x0E,
  0x00, 0x3F, 0x3E, 0x0E, 0xC0, 0x3F, 0x3E, 0x0E, 0xE0, 0x3F, 0x3E, 0x0E,
  0xF0, 0x3F, 0x3E, 0x0E, 0xF8, 0x01, 0x00, 0x0E, 0x78, 0x00, 0x00, 0x3E,
  0x3E, 0x00, 0x00, 0xFE, 0x1F, 0x00, 0x00, 0xFC, 0x0F, 0x00, 0x00, 0xF8,
  0x07, 0x00, 0x00, 0xE0, 0x03, 0x00, 0x00, 0x80, 0xFF, 0xFF, 0x7F, 0xE0,
  0xFF, 0xFF, 0x7F, 0xF8, 0xFF, 0xFF, 0x7F, 0xFC, 0xFF, 0xFF, 0x7F, 0xFC,
  0x80, 0x0F, 0x00, 0x1E, 0x00, 0x1C, 0x00, 0x0F, 0x00, 0x38, 0x00, 0x0F,
  0x00, 0x38, 0x00, 0x07, 0x00, 0x70, 0x00, 0x07, 0x00, 0x70, 0x00, 0x07,
  0x00, 0x70, 0x00, 0x07, 0x00, 0x70, 0x00, 0x0F, 0x00, 0x78, 0x00, 0x0F,
  0x00, 0x78, 0x00, 0x1E, 0x00, 0x3C, 0x00, 0xFE, 0x80, 0x3F, 0x00, 0xFC,
  0xFF, 0x1F, 0x00, 0xF8, 0xFF, 0x0F, 0x00, 0xE0, 0xFF, 0x03, 0x00, 0x80,
  0xFF, 0x00, 0x00, 0xFF, 0xFF, 0xFF, 0xFF, 0x03, 0xFF, 0xFF, 0xFF, 0xFF,
  0x03, 0xFF, 0xFF, 0xFF, 0xFF, 0x03, 0xFF, 0xFF, 0xFF, 0xFF, 0x03, 0x03,
  0x00, 0x00, 0x00, 0x00, 0x03, 0x00, 0x00, 0x00, 0x00, 0x03, 0x00, 0x00,
  0x00, 0x00, 0x03, 0x00, 0x00, 0x00, 0x00, 0x03, 0x00, 0x00, 0x00, 0x00,
  0x38, 0x1C, 0x0E, 0x0E, 0x07, 0x07, 0x07, 0x07, 0x07, 0x0F, 0x0E, 0x0E,
  0x1E, 0x1C, 0x3C, 0x38, 0x38, 0x38, 0x38, 0x38, 0x1C, 0x1C, 0x0E, 0x0F,
  0x07, 0x00, 0x00, 0x10, 0x00, 0x00, 0x00, 0x38, 0x00, 0x00, 0x00, 0x7C,
  0x00, 0x00, 0x00, 0xF8, 0x00, 0x00, 0x00, 0xF0, 0x01, 0x00, 0x00, 0xE0,
  0x03, 0x00, 0x00, 0xC0, 0x07, 0xFF, 0xFF, 0xFF, 0x0F, 0xFF, 0xFF, 0xFF,
  0x0F, 0xFF, 0xFF, 0xFF, 0x0F, 0x00, 0x00, 0xC0, 0x07, 0x00, 0x00, 0xE0,
  0x03, 0x00, 0x00, 0xF0, 0x01, 0x00, 0x00, 0xF8, 0x00, 0x00, 0x00, 0x7C,
  0x00, 0x00, 0x00, 0x38, 0x00, 0x00, 0x00, 0x10, 0x00, 0xFF, 0xFF, 0x00,
  0xFF, 0xFF, 0x07, 0xFF, 0xFF, 0x0F, 0x00, 0x00, 0x1F, 0x00, 0x00, 0x3C,
  0x00, 0x00, 0x38, 0x00, 0x00, 0x70, 0x00, 0x00, 0x70, 0x00, 0x00, 0x70,
  0x00, 0x00, 0x70, 0x00, 0x00, 0x70, 0x00, 0x00, 0x70, 0x00, 0x00, 0x38,
  0x00, 0x00, 0x3C, 0x00, 0x00, 0x1F, 0xFF, 0xFF, 0x0F, 0xFF, 0xFF, 0x07,
  0xFF, 0xFF, 0x00, 0x80, 0xFF, 0x00, 0xF8, 0xFF, 0x03, 0xFE, 0xFF, 0x0F,
  0xFF, 0xFF, 0x1F, 0x3F, 0x80, 0x1F, 0x07, 0x00, 0x3C, 0x00, 0x00, 0x38,
  0x00, 0x00, 0x38, 0x00, 0x00, 0x38, 0x00, 0x00, 0x38, 0x00, 0x00, 0x1C,
  0x00, 0x80, 0x1F, 0x00, 0xFE, 0x07, 0x00, 0xFE, 0x00, 0x00, 0xFE, 0x0F,
  0x00, 0x80, 0x1F, 0x00, 0x00, 0x1E, 0x00, 0x00, 0x3C, 0x00, 0x00, 0x38,
  0x00, 0x00, 0x38, 0x00, 0x00, 0x38, 0x01, 0x00, 0x3C, 0x0F, 0x00, 0x3E,
  0x7F, 0x80, 0x1F, 0xFF, 0xFF, 0x1F, 0xFE, 0xFF, 0x0F, 0xF8, 0xFF, 0x03,
  0x80, 0x7F, 0x00, 0x07, 0x80, 0x03, 0x07, 0x80, 0x03, 0x07, 0x80, 0x03,
  0x07, 0x80, 0x03, 0x07, 0x80, 0x03, 0x07, 0x80, 0x03, 0x07, 0x80, 0x03,
  0x07, 0x80, 0x03, 0x07, 0x80, 0x03, 0x07, 0x80, 0x03, 0x07, 0x80, 0x03,
  0x07, 0x80, 0x03, 0x07, 0x80, 0x03, 0x07, 0x80, 0x03, 0x07, 0x80, 0x03,
  0x07, 0x80, 0x03, 0x07, 0x80, 0x03, 0x07, 0x80, 0x03, 0x0F, 0xC0, 0x03,
  0x0E, 0xC0, 0x01, 0x1E, 0xE0, 0x01, 0x7C, 0xF8, 0x00, 0xF8, 0x7F, 0x00,
  0xF0, 0x3F, 0x00, 0xC0, 0x0F, 0x00, 0x80, 0x00, 0x00, 0x00, 0xC0, 0x01,
  0x00, 0x00, 0xE0, 0x03, 0x00, 0x00, 0xF0, 0x01, 0x00, 0x00, 0xF8, 0x00,
  0x00, 0x00, 0x7C, 0x00, 0x00, 0x00, 0x3E, 0x00, 0x00, 0x00, 0xFF, 0xFF,
  0xFF, 0x0F, 0xFF, 0xFF, 0xFF, 0x0F, 0xFF, 0xFF, 0xFF, 0x0F, 0x3E, 0x00,
  0x00, 0x00, 0x7C, 0x00, 0x00, 0x00, 0xF8, 0x00, 0x00, 0x00, 0xF0, 0x01,
  0x00, 0x00, 0xE0, 0x03, 0x00, 0x00, 0xC0, 0x01, 0x00, 0x00, 0x80, 0x00,
  0x00, 0x00, 0xC0, 0x0F, 0x00, 0xF0, 0x3F, 0x00, 0xF8, 0x7F, 0x00, 0x7C,
  0xF8, 0x00, 0x1E, 0xE0, 0x01, 0x0E, 0xC0, 0x01, 0x0F, 0xC0, 0x03, 0x07,
  0x80, 0x03, 0x07, 0x80, 0x03, 0x07, 0x80, 0x03, 0x07, 0x80, 0x03, 0x07,
  0x80, 0x03, 0x07, 0x80, 0x03, 0x07, 0x80, 0x03, 0x07, 0x80, 0x03, 0x07,
  0x80, 0x03, 0x07, 0x80, 0x03, 0x07, 0x80, 0x03, 0x07, 0x80, 0x03, 0x07,
  0x80, 0x03, 0x07, 0x80, 0x03, 0x07, 0x80, 0x03, 0x07, 0x80, 0x03, 0x07,
  0x80, 0x03, 0x07, 0x80, 0x03, 0x0F, 0x0F, 0x0F, 0x0F, 0x00, 0x00, 0x00,
  0x0F, 0x0F, 0x0F, 0x0F, 0x07, 0x07, 0x07, 0x07, 0x07, 0x07, 0x07, 0x07,
  0x07, 0x07, 0x07, 0x00, 0x0E, 0x00, 0x00, 0x1E, 0x00, 0x00, 0x1F, 0x00,
  0x00, 0x3F, 0x00, 0x80, 0x3F, 0x00, 0x80, 0x3B, 0x00, 0x80, 0x7B, 0x00,
  0xC0, 0x73, 0x00, 0xC0, 0x71, 0x00, 0xC0, 0xF1, 0x00, 0xE0, 0xE1, 0x00,
  0xE0, 0xE0, 0x00, 0xE0, 0xE0, 0x01, 0xF0, 0xC0, 0x01, 0x70, 0xC0, 0x03,
  0x78, 0xC0, 0x03, 0x78, 0x80, 0x03, 0x38, 0x80, 0x07, 0x3C, 0x00, 0x07,
  0x1C, 0x00, 0x07, 0x1C, 0x00, 0x0F, 0x1E, 0x00, 0x0E, 0x0E, 0x00, 0x0E,
  0x0E, 0x00, 0x1E, 0x0F, 0x00, 0x1C, 0x80, 0x07, 0x70, 0x80, 0x07, 0x70,
  0x80, 0x07, 0x70, 0xC0, 0x0F, 0x70, 0xC0, 0x0F, 0x70, 0xC0, 0x0F, 0x70,
  0xC0, 0x1F, 0x70, 0xE0, 0x1F, 0x70, 0xE0, 0x1C, 0x70, 0xE0, 0x1C, 0x70,
  0xE0, 0x3C, 0x70, 0xF0, 0x38, 0x70, 0x70, 0x38, 0x70, 0x70, 0x78, 0x70,
  0x78, 0x78, 0x70, 0x78, 0x70, 0x70, 0x38, 0x70, 0x70, 0x38, 0xF0, 0x70,
  0x3C, 0xE0, 0x70, 0x1C, 0xE0, 0x70, 0x1C, 0xE0, 0x71, 0x1E, 0xE0, 0x71,
  0x1E, 0xC0, 0x71, 0x0E, 0xC0, 0x71, 0x0E, 0xC0, 0x73, 0x07, 0x07, 0x07,
  0x07, 0x07, 0x07, 0x07, 0x07, 0x07, 0x07, 0x07, 0x07, 0x07, 0x07, 0x07,
  0x07, 0x07, 0x07, 0x07, 0x07, 0x07, 0x07, 0x07, 0x07, 0x07, 0x07, 0x07,
  0x07, 0x07, 0x07, 0x07, 0x07, 0x07, 0x07, 0x07, 0x07, 0x07, 0x07, 0x07,
  0x07, 0x07, 0x07, 0x07, 0x07, 0x07, 0x07, 0x07, 0x07, 0x07, 0x07, 0x0E,
  0xC0, 0x73, 0x0E, 0xC0, 0x71, 0x1E, 0xC0, 0x71, 0x1E, 0xE0, 0x71, 0x1C,
  0xE0, 0x71, 0x1C, 0xE0, 0x70, 0x3C, 0xE0, 0x70, 0x38, 0xF0, 0x70, 0x38,
  0x70, 0x70, 0x78, 0x70, 0x70, 0x78, 0x78, 0x70, 0x70, 0x78, 0x70, 0x70,
  0x38, 0x70, 0xF0, 0x38, 0x70, 0xE0, 0x3C, 0x70, 0xE0, 0x1C, 0x70, 0xE0,
  0x1C, 0x70, 0xE0, 0x1F, 0x70, 0xC0, 0x1F, 0x70, 0xC0, 0x0F, 0x70, 0xC0,
  0x0F, 0x70, 0xC0, 0x0F, 0x70, 0x80, 0x07, 0x70, 0x80, 0x07, 0x70, 0x80,
  0x07, 0x70, 0x0F, 0x00, 0x1C, 0x0E, 0x00, 0x1E, 0x1E, 0x00, 0x0E, 0x1E,
  0x00, 0x0F, 0x1C, 0x00, 0x0F, 0x3C, 0x00, 0x07, 0x38, 0x80, 0x07, 0x38,
  0x80, 0x03, 0x78, 0x80, 0x03, 0x70, 0xC0, 0x03, 0x70, 0xC0, 0x01, 0xF0,
  0xC0, 0x01, 0xE0, 0xE0, 0x01, 0xE0, 0xE1, 0x00, 0xE0, 0xE1, 0x00, 0xC0,
  0xF1, 0x00, 0xC0, 0x73, 0x00, 0x80, 0x7B, 0x00, 0x80, 0x3B, 0x00, 0x80,
  0x3F, 0x00, 0x00, 0x3F, 0x00, 0x00, 0x1F, 0x00, 0x00, 0x1F, 0x00, 0x00,
  0x1E, 0x00, 0x00, 0x0E, 0x00, 0xC0, 0xC1, 0x01, 0xC0, 0xC1, 0x01, 0xC0,
  0xC1, 0x01, 0xC0, 0xC1, 0x31, 0xC0, 0xC1, 0x79, 0xC0, 0xC1, 0x3F, 0xC0,
  0xC1, 0x1F, 0xC0, 0xC1, 0x0F, 0xC0, 0xC1, 0x07, 0xC0, 0xE1, 0x03, 0xC0,
  0xF9, 0x01, 0xC0, 0xFD, 0x01, 0xC0, 0xFF, 0x01, 0xC0, 0xDF, 0x01, 0xC0,
  0xCF, 0x01, 0xE0, 0xC3, 0x01, 0xF0, 0xC1, 0x01, 0xF8, 0xC1, 0x01, 0xFC,
  0xC1, 0x01, 0xFE, 0xC1, 0x01, 0xCF, 0xC1, 0x01, 0xC6, 0xC1, 0x01, 0xC0,
  0xC1, 0x01, 0xC0, 0xC1, 0x01, 0xC0, 0xC1, 0x01, 0x03, 0x00, 0x00, 0x1F,
  0x00, 0x00, 0xFF, 0x00, 0x00, 0xFF, 0x0F, 0x00, 0xF8, 0x7F, 0x00, 0xC0,
  0xFF, 0x03, 0x00, 0xFE, 0x3F, 0x00, 0xF0, 0x7F, 0x00, 0x00, 0x7F, 0x00,
  0x00, 0x7C, 0x00, 0xC0, 0x7F, 0x00, 0xF8, 0x7F, 0x00, 0xFF, 0x1F, 0xE0,
  0xFF, 0x01, 0xFC, 0x3F, 0x00, 0xFF, 0x07, 0x00, 0x7F, 0x00, 0x00, 0x0F,
  0x00, 0x00, 0x01, 0x00, 0x00, 0x00, 0x00, 0x60, 0x00, 0x00, 0x7C, 0x00,
  0x80, 0x7F, 0x00, 0xF0, 0x7F, 0x00, 0xFF, 0x1F, 0xE0, 0xFF, 0x01, 0xFC,
  0x3F, 0x00, 0xFF, 0x07, 0x00, 0xFF, 0x00, 0x00, 0x3F, 0x00, 0x00, 0xFF,
  0x01, 0x00, 0xFF, 0x0F, 0x00, 0xF8, 0x7F, 0x00, 0xC0, 0xFF, 0x07, 0x00,
  0xFE, 0x3F, 0x00, 0xE0, 0x7F, 0x00, 0x00, 0x7F, 0x00, 0x00, 0x78, 0x00,
  0x00, 0x00
 };

const GFXglyph DejaVuSans_Apl_20pt7bGlyphs[] PROGMEM = {
// bmpOff,   w,   h,xAdv, xOff, yOff      sequence
  {     0,  22,  23,  26,    2,  -21 },   // seq[0] g0_3503
  {    66,  27,  27,  34,    4,  -26 },   // seq[1] g1_3376
  {   174,  18,  23,  29,    5,  -22 },   // seq[2] g2_3252
  {   228,   9,  35,  15,    3,  -29 },   // seq[3] g3_3477
  {   273,  27,  28,  34,    4,  -27 },   // seq[4] g4_3219
  {   381,  20,   3,  20,    0,    7 },   // seq[5] g5_66
  {   401,  26,  28,  26,    0,  -27 },   // seq[6] g6_3218
  {   505,  26,  28,  26,    0,  -27 },   // seq[7] g7_3217
  {   609,   9,  21,  13,    3,  -20 },   // seq[8] g8_3500
  {   636,  12,  12,  25,    6,  -17 },   // seq[9] g9_3235
  {   660,   3,  10,  11,    4,  -28 },   // seq[10] g10_10
  {   666,  30,  30,  37,    4,  -24 },   // seq[11] g11_3705
  {   786,   3,  40,  13,    5,  -29 },   // seq[12] g12_95
  {   801,  27,  27,  34,    4,  -26 },   // seq[13] g13_3375
  {   909,  30,  30,  34,    2,  -24 },   // seq[14] g14_3747
  {  1029,  18,  18,  20,    1,  -28 },   // seq[15] g15_13
  {  1083,  16,  30,  21,    2,  -29 },   // seq[16] g16_34
  {  1147,  20,  31,  25,    3,  -21 },   // seq[17] g17_3501
  {  1227,   9,  34,  15,    3,  -28 },   // seq[18] g18_3475
  {  1272,  25,   6,  33,    4,  -14 },   // seq[19] g19_97
  {  1297,  17,  28,  33,    8,  -27 },   // seq[20] g20_3102
  {  1365,  18,  23,  29,    5,  -22 },   // seq[21] g21_3253
  {  1419,  28,  22,  33,    3,  -20 },   // seq[22] g22_3502
  {  1503,  25,  18,  33,    4,  -20 },   // seq[23] g23_3342
  {  1578,  17,  28,  33,    8,  -27 },   // seq[24] g24_3100
  {  1646,  25,  18,  33,    4,  -20 },   // seq[25] g25_3341
  {  1721,  11,   4,  19,    4,  -29 },   // seq[26] g26_106
  {  1732,  11,   3,  19,    4,  -28 },   // seq[27] g27_113
  {  1743,  25,  21,  33,    4,  -22 },   // seq[28] g28_31
  {  1818,  25,  23,  33,    4,  -22 },   // seq[29] g29_3311
  {  1893,  25,  11,  33,    4,  -17 },   // seq[30] g30_32
  {  1943,  25,  23,  33,    4,  -22 },   // seq[31] g31_3312
  {  2018,  25,  21,  33,    4,  -22 },   // seq[32] g32_33
  {  2093,  25,  23,  33,    4,  -23 },   // seq[33] g33_3307
  {  2168,  19,  23,  29,    5,  -22 },   // seq[34] g34_3251
  {  2225,  19,  23,  29,    5,  -22 } }; // seq[35] g35_3250

const GFXfont DejaVuSans_Apl_20pt7b PROGMEM = {
  (uint8_t  *)DejaVuSans_Apl_20pt7bBitmaps,
  (GFXglyph *)DejaVuSans_Apl_20pt7bGlyphs,
  0xEA00, // first
  0xEA23, // last
  40   //height
 };

// Approx. 2541 bytes

// /tmp/fontconvert_pinned -f /home/user/qmk_firmware/keyboards/polykybd/fonts/fantasy/DejaVuSans.ttf -s 20 -H auto -v _Braille_ -r 44 -Y 40 -F0xEA40 -S 2801, 2803, 2809, 2819, 2811, 280B, 281B, 2813, 280A, 281A, 2805, 2807, 280D, 281D, 2815, 280F, 281F, 2817, 280E, 281E, 2825, 2827, 283A, 282D, 283D, 2835, 2801, 2803, 2809, 2819, 2811, 280B, 281B, 2813, 280A, 281A 
// Visualize your font via https://tchapi.github.io/Adafruit-GFX-Font-Customiser

/* sequence: 2801, 2803, 2809, 2819, 2811, 280B, 281B, 2813, 280A, 281A, 2805, 2807, 280D, 281D, 2815, 280F, 281F, 2817, 280E, 281E, 2825, 2827, 283A, 282D, 283D, 2835, 2801, 2803, 2809, 2819, 2811, 280B, 281B, 2813, 280A, 281A */
const uint8_t DejaVuSans_Braille_20pt7bBitmaps[] PROGMEM = {
  /* shaped sequence */  0x3F, 0x3F, 0x3F, 0x3F, 0x3F, 0x3F, 0x3F, 0xF8, 0x01, 0x3F, 0xF8, 0x01,
  0x3F, 0xF8, 0x01, 0x3F, 0xF8, 0x01, 0x3F, 0xF8, 0x01, 0x3F, 0xF8, 0x01,
  0x3F, 0x3F, 0x3F, 0x3F, 0x3F, 0x3F, 0x00, 0x00, 0x00, 0x00, 0x00, 0x3F,
  0x3F, 0x3F, 0x3F, 0x3F, 0x3F, 0x3F, 0x00, 0x00, 0x3F, 0x00, 0x00, 0x3F,
  0x00, 0x00, 0x3F, 0x00, 0x00, 0x3F, 0x00, 0x00, 0x3F, 0x00, 0x00, 0x00,
  0x00, 0x00, 0x00, 0x00, 0x00, 0x00, 0x00, 0x00, 0x00, 0x00, 0x00, 0x00,
  0x00, 0x00, 0x3F, 0xF8, 0x01, 0x3F, 0xF8, 0x01, 0x3F, 0xF8, 0x01, 0x3F,
  0xF8, 0x01, 0x3F, 0xF8, 0x01, 0x3F, 0xF8, 0x01, 0x3F, 0x00, 0x00, 0x3F,
  0x00, 0x00, 0x3F, 0x00, 0x00, 0x3F, 0x00, 0x00, 0x3F, 0x00, 0x00, 0x3F,
  0x00, 0x00, 0x00, 0x00, 0x00, 0x00, 0x00, 0x00, 0x00, 0x00, 0x00, 0x00,
  0x00, 0x00, 0x00, 0x00, 0x00, 0x00, 0xF8, 0x01, 0x00, 0xF8, 0x01, 0x00,
  0xF8, 0x01, 0x00, 0xF8, 0x01, 0x00, 0xF8, 0x01, 0x00, 0xF8, 0x01, 0x3F,
  0xF8, 0x01, 0x3F, 0xF8, 0x01, 0x3F, 0xF8, 0x01, 0x3F, 0xF8, 0x01, 0x3F,
  0xF8, 0x01, 0x3F, 0xF8, 0x01, 0x00, 0x00, 0x00, 0x00, 0x00, 0x00, 0x00,
  0x00, 0x00, 0x00, 0x00, 0x00, 0x00, 0x00, 0x00, 0x3F, 0x00, 0x00, 0x3F,
  0x00, 0x00, 0x3F, 0x00, 0x00, 0x3F, 0x00, 0x00, 0x3F, 0x00, 0x00, 0x3F,
  0x00, 0x00, 0x3F, 0xF8, 0x01, 0x3F, 0xF8, 0x01, 0x3F, 0xF8, 0x01, 0x3F,
  0xF8, 0x01, 0x3F, 0xF8, 0x01, 0x3F, 0xF8, 0x01, 0x00, 0x00, 0x00, 0x00,
  0x00, 0x00, 0x00, 0x00, 0x00, 0x00, 0x00, 0x00, 0x00, 0x00, 0x00, 0x3F,
  0xF8, 0x01, 0x3F, 0xF8, 0x01, 0x3F, 0xF8, 0x01, 0x3F, 0xF8, 0x01, 0x3F,
  0xF8, 0x01, 0x3F, 0xF8, 0x01, 0x3F, 0xF8, 0x01, 0x3F, 0xF8, 0x01, 0x3F,
  0xF8, 0x01, 0x3F, 0xF8, 0x01, 0x3F, 0xF8, 0x01, 0x3F, 0xF8, 0x01, 0x00,
  0x00, 0x00, 0x00, 0x00, 0x00, 0x00, 0x00, 0x00, 0x00, 0x00, 0x00, 0x00,
  0x00, 0x00, 0x00, 0xF8, 0x01, 0x00, 0xF8, 0x01, 0x00, 0xF8, 0x01, 0x00,
  0xF8, 0x01, 0x00, 0xF8, 0x01, 0x00, 0xF8, 0x01, 0x00, 0xF8, 0x01, 0x00,
  0xF8, 0x01, 0x00, 0xF8, 0x01, 0x00, 0xF8, 0x01, 0x00, 0xF8, 0x01, 0x00,
  0xF8, 0x01, 0x00, 0x00, 0x00, 0x00, 0x00, 0x00, 0x00, 0x00, 0x00, 0x00,
  0x00, 0x00, 0x00, 0x00, 0x00, 0x3F, 0x00, 0x00, 0x3F, 0x00, 0x00, 0x3F,
  0x00, 0x00, 0x3F, 0x00, 0x00, 0x3F, 0x00, 0x00, 0x3F, 0x00, 0x00, 0x00,
  0xF8, 0x01, 0x00, 0xF8, 0x01, 0x00, 0xF8, 0x01, 0x00, 0xF8, 0x01, 0x00,
  0xF8, 0x01, 0x00, 0xF8, 0x01, 0x00, 0x00, 0x00, 0x00, 0x00, 0x00, 0x00,
  0x00, 0x00, 0x00, 0x00, 0x00, 0x00, 0x00, 0x00, 0x3F, 0xF8, 0x01, 0x3F,
  0xF8, 0x01, 0x3F, 0xF8, 0x01, 0x3F, 0xF8, 0x01, 0x3F, 0xF8, 0x01, 0x3F,
  0xF8, 0x01, 0x3F, 0x00, 0xC0, 0x0F, 0x3F, 0x00, 0xC0, 0x0F, 0x3F, 0x00,
  0xC0, 0x0F, 0x3F, 0x00, 0xC0, 0x0F, 0x3F, 0x00, 0xC0, 0x0F, 0x3F, 0x00,
  0xC0, 0x0F, 0x3F, 0xF8, 0xC1, 0x0F, 0x3F, 0xF8, 0xC1, 0x0F, 0x3F, 0xF8,
  0xC1, 0x0F, 0x3F, 0xF8, 0xC1, 0x0F, 0x3F, 0xF8, 0xC1, 0x0F, 0x3F, 0xF8,
  0xC1, 0x0F, 0x3F, 0x00, 0xC0, 0x0F, 0x3F, 0x00, 0xC0, 0x0F, 0x3F, 0x00,
  0xC0, 0x0F, 0x3F, 0x00, 0xC0, 0x0F, 0x3F, 0x00, 0xC0, 0x0F, 0x3F, 0x00,
  0xC0, 0x0F, 0x00, 0x00, 0x00, 0x00, 0x00, 0x00, 0x00, 0x00, 0x00, 0x00,
  0x00, 0x00, 0x00, 0x00, 0x00, 0x00, 0x00, 0x00, 0x00, 0x00, 0x3F, 0x00,
  0x00, 0x00, 0x3F, 0x00, 0x00, 0x00, 0x3F, 0x00, 0x00, 0x00, 0x3F, 0x00,
  0x00, 0x00, 0x3F, 0x00, 0x00, 0x00, 0x3F, 0x00, 0x00, 0x00, 0x3F, 0x00,
  0xC0, 0x0F, 0x3F, 0x00, 0xC0, 0x0F, 0x3F, 0x00, 0xC0, 0x0F, 0x3F, 0x00,
  0xC0, 0x0F, 0x3F, 0x00, 0xC0, 0x0F, 0x3F, 0x00, 0xC0, 0x0F, 0x00, 0x00,
  0x00, 0x00, 0x00, 0x00, 0x00, 0x00, 0x00, 0x00, 0x00, 0x00, 0x00, 0x00,
  0x00, 0x00, 0x00, 0x00, 0x00, 0x00, 0x3F, 0xF8, 0x01, 0x00, 0x3F, 0xF8,
  0x01, 0x00, 0x3F, 0xF8, 0x01, 0x00, 0x3F, 0xF8, 0x01, 0x00, 0x3F, 0xF8,
  0x01, 0x00, 0x3F, 0xF8, 0x01, 0x00, 0x3F, 0x00, 0xC0, 0x0F, 0x3F, 0x00,
  0xC0, 0x0F, 0x3F, 0x00, 0xC0, 0x0F, 0x3F, 0x00, 0xC0, 0x0F, 0x3F, 0x00,
  0xC0, 0x0F, 0x3F, 0x00, 0xC0, 0x0F, 0x00, 0x00, 0x00, 0x00, 0x00, 0x00,
  0x00, 0x00, 0x00, 0x00, 0x00, 0x00, 0x00, 0x00, 0x00, 0x00, 0x00, 0x00,
  0x00, 0x00, 0x00, 0xF8, 0x01, 0x00, 0x00, 0xF8, 0x01, 0x00, 0x00, 0xF8,
  0x01, 0x00, 0x00, 0xF8, 0x01, 0x00, 0x00, 0xF8, 0x01, 0x00, 0x00, 0xF8,
  0x01, 0x00, 0x3F, 0xF8, 0xC1, 0x0F, 0x3F, 0xF8, 0xC1, 0x0F, 0x3F, 0xF8,
  0xC1, 0x0F, 0x3F, 0xF8, 0xC1, 0x0F, 0x3F, 0xF8, 0xC1, 0x0F, 0x3F, 0xF8,
  0xC1, 0x0F, 0x00, 0x00, 0x00, 0x00, 0x00, 0x00, 0x00, 0x00, 0x00, 0x00,
  0x00, 0x00, 0x00, 0x00, 0x00, 0x00, 0x00, 0x00, 0x00, 0x00, 0x3F, 0x00,
  0x00, 0x00, 0x3F, 0x00, 0x00, 0x00, 0x3F, 0x00, 0x00, 0x00, 0x3F, 0x00,
  0x00, 0x00, 0x3F, 0x00, 0x00, 0x00, 0x3F, 0x00, 0x00, 0x00, 0x3F, 0xF8,
  0xC1, 0x0F, 0x3F, 0xF8, 0xC1, 0x0F, 0x3F, 0xF8, 0xC1, 0x0F, 0x3F, 0xF8,
  0xC1, 0x0F, 0x3F, 0xF8, 0xC1, 0x0F, 0x3F, 0xF8, 0xC1, 0x0F, 0x00, 0x00,
  0x00, 0x00, 0x00, 0x00, 0x00, 0x00, 0x00, 0x00, 0x00, 0x00, 0x00, 0x00,
  0x00, 0x00, 0x00, 0x00, 0x00, 0x00, 0x3F, 0xF8, 0x01, 0x00, 0x3F, 0xF8,
  0x01, 0x00, 0x3F, 0xF8, 0x01, 0x00, 0x3F, 0xF8, 0x01, 0x00, 0x3F, 0xF8,
  0x01, 0x00, 0x3F, 0xF8, 0x01, 0x00, 0x3F, 0xF8, 0xC1, 0x0F, 0x3F, 0xF8,
  0xC1, 0x0F, 0x3F, 0xF8, 0xC1, 0x0F, 0x3F, 0xF8, 0xC1, 0x0F, 0x3F, 0xF8,
  0xC1, 0x0F, 0x3F, 0xF8, 0xC1, 0x0F, 0x00, 0x00, 0x00, 0x00, 0x00, 0x00,
  0x00, 0x00, 0x00, 0x00, 0x00, 0x00, 0x00, 0x00, 0x00, 0x00, 0x00, 0x00,
  0x00, 0x00, 0x00, 0xF8, 0x01, 0x00, 0x00, 0xF8, 0x01, 0x00, 0x00, 0xF8,
  0x01, 0x00, 0x00, 0xF8, 0x01, 0x00, 0x00, 0xF8, 0x01, 0x00, 0x00, 0xF8,
  0x01, 0x00, 0x00, 0xF8, 0xC1, 0x0F, 0x00, 0xF8, 0xC1, 0x0F, 0x00, 0xF8,
  0xC1, 0x0F, 0x00, 0xF8, 0xC1, 0x0F, 0x00, 0xF8, 0xC1, 0x0F, 0x00, 0xF8,
  0xC1, 0x0F, 0x00, 0x00, 0x00, 0x00, 0x00, 0x00, 0x00, 0x00, 0x00, 0x00,
  0x00, 0x00, 0x00, 0x00, 0x00, 0x00, 0x00, 0x00, 0x00, 0x00, 0x3F, 0x00,
  0x00, 0x00, 0x3F, 0x00, 0x00, 0x00, 0x3F, 0x00, 0x00, 0x00, 0x3F, 0x00,
  0x00, 0x00, 0x3F, 0x00, 0x00, 0x00, 0x3F, 0x00, 0x00, 0x00, 0x00, 0xF8,
  0xC1, 0x0F, 0x00, 0xF8, 0xC1, 0x0F, 0x00, 0xF8, 0xC1, 0x0F, 0x00, 0xF8,
  0xC1, 0x0F, 0x00, 0xF8, 0xC1, 0x0F, 0x00, 0xF8, 0xC1, 0x0F, 0x00, 0x00,
  0x00, 0x00, 0x00, 0x00, 0x00, 0x00, 0x00, 0x00, 0x00, 0x00, 0x00, 0x00,
  0x00, 0x00, 0x00, 0x00, 0x00, 0x00, 0x3F, 0xF8, 0x01, 0x00, 0x3F, 0xF8,
  0x01, 0x00, 0x3F, 0xF8, 0x01, 0x00, 0x3F, 0xF8, 0x01, 0x00, 0x3F, 0xF8,
  0x01, 0x00, 0x3F, 0xF8, 0x01, 0x00, 0x3F, 0x00, 0xC0, 0x0F, 0x3F, 0x00,
  0xC0, 0x0F, 0x3F, 0x00, 0xC0, 0x0F, 0x3F, 0x00, 0xC0, 0x0F, 0x3F, 0x00,
  0xC0, 0x0F, 0x3F, 0x00, 0xC0, 0x0F, 0x00, 0x00, 0x00, 0x00, 0x00, 0x00,
  0x00, 0x00, 0x00, 0x00, 0x00, 0x00, 0x00, 0x00, 0x00, 0x00, 0x00, 0x00,
  0x00, 0x00, 0x00, 0x00, 0xC0, 0x0F, 0x00, 0x00, 0xC0, 0x0F, 0x00, 0x00,
  0xC0, 0x0F, 0x00, 0x00, 0xC0, 0x0F, 0x00, 0x00, 0xC0, 0x0F, 0x00, 0x00,
  0xC0, 0x0F, 0x3F, 0xF8, 0xC1, 0x0F, 0x3F, 0xF8, 0xC1, 0x0F, 0x3F, 0xF8,
  0xC1, 0x0F, 0x3F, 0xF8, 0xC1, 0x0F, 0x3F, 0xF8, 0xC1, 0x0F, 0x3F, 0xF8,
  0xC1, 0x0F, 0x00, 0x00, 0x00, 0x00, 0x00, 0x00, 0x00, 0x00, 0x00, 0x00,
  0x00, 0x00, 0x00, 0x00, 0x00, 0x00, 0x00, 0x00, 0x00, 0x00, 0x00, 0x00,
  0xC0, 0x0F, 0x00, 0x00, 0xC0, 0x0F, 0x00, 0x00, 0xC0, 0x0F, 0x00, 0x00,
  0xC0, 0x0F, 0x00, 0x00, 0xC0, 0x0F, 0x00, 0x00, 0xC0, 0x0F, 0x00, 0xF8,
  0x01, 0x00, 0x00, 0xF8, 0x01, 0x00, 0x00, 0xF8, 0x01, 0x00, 0x00, 0xF8,
  0x01, 0x00, 0x00, 0xF8, 0x01, 0x00, 0x00, 0xF8, 0x01, 0x00, 0x00, 0x00,
  0x00, 0x00, 0x00, 0x00, 0x00, 0x00, 0x00, 0x00, 0x00, 0x00, 0x00, 0x00,
  0x00, 0x00, 0x00, 0x00, 0x00, 0x00, 0x3F, 0xF8, 0xC1, 0x0F, 0x3F, 0xF8,
  0xC1, 0x0F, 0x3F, 0xF8, 0xC1, 0x0F, 0x3F, 0xF8, 0xC1, 0x0F, 0x3F, 0xF8,
  0xC1, 0x0F, 0x3F, 0xF8, 0xC1, 0x0F, 0x3F, 0x00, 0xC0, 0x0F, 0x3F, 0x00,
  0xC0, 0x0F, 0x3F, 0x00, 0xC0, 0x0F, 0x3F, 0x00, 0xC0, 0x0F, 0x3F, 0x00,
  0xC0, 0x0F, 0x3F, 0x00, 0xC0, 0x0F, 0x00, 0x00, 0x00, 0x00, 0x00, 0x00,
  0x00, 0x00, 0x00, 0x00, 0x00, 0x00, 0x00, 0x00, 0x00, 0x00, 0x00, 0x00,
  0x00, 0x00, 0x3F, 0x00, 0xC0, 0x0F, 0x3F, 0x00, 0xC0, 0x0F, 0x3F, 0x00,
  0xC0, 0x0F, 0x3F, 0x00, 0xC0, 0x0F, 0x3F, 0x00, 0xC0, 0x0F, 0x3F, 0x00,
  0xC0, 0x0F, 0x3F, 0x00, 0xC0, 0x0F, 0x3F, 0x00, 0xC0, 0x0F, 0x3F, 0x00,
  0xC0, 0x0F, 0x3F, 0x00, 0xC0, 0x0F, 0x3F, 0x00, 0xC0, 0x0F, 0x3F, 0x00,
  0xC0, 0x0F, 0x00, 0x00, 0x00, 0x00, 0x00, 0x00, 0x00, 0x00, 0x00, 0x00,
  0x00, 0x00, 0x00, 0x00, 0x00, 0x00, 0x00, 0x00, 0x00, 0x00, 0x3F, 0xF8,
  0xC1, 0x0F, 0x3F, 0xF8, 0xC1, 0x0F, 0x3F, 0xF8, 0xC1, 0x0F, 0x3F, 0xF8,
  0xC1, 0x0F, 0x3F, 0xF8, 0xC1, 0x0F, 0x3F, 0xF8, 0xC1, 0x0F, 0x3F, 0x00,
  0xC0, 0x0F, 0x3F, 0x00, 0xC0, 0x0F, 0x3F, 0x00, 0xC0, 0x0F, 0x3F, 0x00,
  0xC0, 0x0F, 0x3F, 0x00, 0xC0, 0x0F, 0x3F, 0x00, 0xC0, 0x0F, 0x00, 0x00,
  0x00, 0x00, 0x00, 0x00, 0x00, 0x00, 0x00, 0x00, 0x00, 0x00, 0x00, 0x00,
  0x00, 0x00, 0x00, 0x00, 0x00, 0x00, 0x00, 0xF8, 0xC1, 0x0F, 0x00, 0xF8,
  0xC1, 0x0F, 0x00, 0xF8, 0xC1, 0x0F, 0x00, 0xF8, 0xC1, 0x0F, 0x00, 0xF8,
  0xC1, 0x0F, 0x00, 0xF8, 0xC1, 0x0F, 0x3F, 0x3F, 0x3F, 0x3F, 0x3F, 0x3F,
  0x3F, 0xF8, 0x01, 0x3F, 0xF8, 0x01, 0x3F, 0xF8, 0x01, 0x3F, 0xF8, 0x01,
  0x3F, 0xF8, 0x01, 0x3F, 0xF8, 0x01, 0x3F, 0x3F, 0x3F, 0x3F, 0x3F, 0x3F,
  0x00, 0x00, 0x00, 0x00, 0x00, 0x3F, 0x3F, 0x3F, 0x3F, 0x3F, 0x3F, 0x3F,
  0x00, 0x00, 0x3F, 0x00, 0x00, 0x3F, 0x00, 0x00, 0x3F, 0x00, 0x00, 0x3F,
  0x00, 0x00, 0x3F, 0x00, 0x00, 0x00, 0x00, 0x00, 0x00, 0x00, 0x00, 0x00,
  0x00, 0x00, 0x00, 0x00, 0x00, 0x00, 0x00, 0x00, 0x3F, 0xF8, 0x01, 0x3F,
  0xF8, 0x01, 0x3F, 0xF8, 0x01, 0x3F, 0xF8, 0x01, 0x3F, 0xF8, 0x01, 0x3F,
  0xF8, 0x01, 0x3F, 0x00, 0x00, 0x3F, 0x00, 0x00, 0x3F, 0x00, 0x00, 0x3F,
  0x00, 0x00, 0x3F, 0x00, 0x00, 0x3F, 0x00, 0x00, 0x00, 0x00, 0x00, 0x00,
  0x00, 0x00, 0x00, 0x00, 0x00, 0x00, 0x00, 0x00, 0x00, 0x00, 0x00, 0x00,
  0xF8, 0x01, 0x00, 0xF8, 0x01, 0x00, 0xF8, 0x01, 0x00, 0xF8, 0x01, 0x00,
  0xF8, 0x01, 0x00, 0xF8, 0x01, 0x3F, 0xF8, 0x01, 0x3F, 0xF8, 0x01, 0x3F,
  0xF8, 0x01, 0x3F, 0xF8, 0x01, 0x3F, 0xF8, 0x01, 0x3F, 0xF8, 0x01, 0x00,
  0x00, 0x00, 0x00, 0x00, 0x00, 0x00, 0x00, 0x00, 0x00, 0x00, 0x00, 0x00,
  0x00, 0x00, 0x3F, 0x00, 0x00, 0x3F, 0x00, 0x00, 0x3F, 0x00, 0x00, 0x3F,
  0x00, 0x00, 0x3F, 0x00, 0x00, 0x3F, 0x00, 0x00, 0x3F, 0xF8, 0x01, 0x3F,
  0xF8, 0x01, 0x3F, 0xF8, 0x01, 0x3F, 0xF8, 0x01, 0x3F, 0xF8, 0x01, 0x3F,
  0xF8, 0x01, 0x00, 0x00, 0x00, 0x00, 0x00, 0x00, 0x00, 0x00, 0x00, 0x00,
  0x00, 0x00, 0x00, 0x00, 0x00, 0x3F, 0xF8, 0x01, 0x3F, 0xF8, 0x01, 0x3F,
  0xF8, 0x01, 0x3F, 0xF8, 0x01, 0x3F, 0xF8, 0x01, 0x3F, 0xF8, 0x01, 0x3F,
  0xF8, 0x01, 0x3F, 0xF8, 0x01, 0x3F, 0xF8, 0x01, 0x3F, 0xF8, 0x01, 0x3F,
  0xF8, 0x01, 0x3F, 0xF8, 0x01, 0x00, 0x00, 0x00, 0x00, 0x00, 0x00, 0x00,
  0x00, 0x00, 0x00, 0x00, 0x00, 0x00, 0x00, 0x00, 0x00, 0xF8, 0x01, 0x00,
  0xF8, 0x01, 0x00, 0xF8, 0x01, 0x00, 0xF8, 0x01, 0x00, 0xF8, 0x01, 0x00,
  0xF8, 0x01, 0x00, 0xF8, 0x01, 0x00, 0xF8, 0x01, 0x00, 0xF8, 0x01, 0x00,
  0xF8, 0x01, 0x00, 0xF8, 0x01, 0x00, 0xF8, 0x01, 0x00, 0x00, 0x00, 0x00,
  0x00, 0x00, 0x00, 0x00, 0x00, 0x00, 0x00, 0x00, 0x00, 0x00, 0x00, 0x3F,
  0x00, 0x00, 0x3F, 0x00, 0x00, 0x3F, 0x00, 0x00, 0x3F, 0x00, 0x00, 0x3F,
  0x00, 0x00, 0x3F, 0x00, 0x00, 0x00, 0xF8, 0x01, 0x00, 0xF8, 0x01, 0x00,
  0xF8, 0x01, 0x00, 0xF8, 0x01, 0x00, 0xF8, 0x01, 0x00, 0xF8, 0x01, 0x00,
  0x00, 0x00, 0x00, 0x00, 0x00, 0x00, 0x00, 0x00, 0x00, 0x00, 0x00, 0x00,
  0x00, 0x00, 0x3F, 0xF8, 0x01, 0x3F, 0xF8, 0x01, 0x3F, 0xF8, 0x01, 0x3F,
  0xF8, 0x01, 0x3F, 0xF8, 0x01, 0x3F, 0xF8, 0x01
 };

const GFXglyph DejaVuSans_Braille_20pt7bGlyphs[] PROGMEM = {
// bmpOff,   w,   h,xAdv, xOff, yOff      sequence
  {     0,   6,   6,  29,    6,  -30 },   // seq[0] g0_4189
  {     6,   6,  17,  29,    6,  -30 },   // seq[1] g1_4191
  {    24,  17,   6,  29,    6,  -30 },   // seq[2] g2_4197
  {    41,  17,  17,  29,    6,  -30 },   // seq[3] g3_4213
  {    92,  17,  17,  29,    6,  -30 },   // seq[4] g4_4205
  {   143,  17,  17,  29,    6,  -30 },   // seq[5] g5_4199
  {   194,  17,  17,  29,    6,  -30 },   // seq[6] g6_4215
  {   245,  17,  17,  29,    6,  -30 },   // seq[7] g7_4207
  {   296,  17,  17,  29,    6,  -30 },   // seq[8] g8_4198
  {   347,  17,  17,  29,    6,  -30 },   // seq[9] g9_4214
  {   398,   6,  28,  29,    6,  -30 },   // seq[10] g10_4193
  {   422,   6,  28,  29,    6,  -30 },   // seq[11] g11_4195
  {   446,  17,  28,  29,    6,  -30 },   // seq[12] g12_4201
  {   514,  17,  28,  29,    6,  -30 },   // seq[13] g13_4217
  {   582,  17,  28,  29,    6,  -30 },   // seq[14] g14_4209
  {   650,  17,  28,  29,    6,  -30 },   // seq[15] g15_4203
  {   718,  17,  28,  29,    6,  -30 },   // seq[16] g16_4219
  {   786,  17,  28,  29,    6,  -30 },   // seq[17] g17_4211
  {   854,  17,  28,  29,    6,  -30 },   // seq[18] g18_4202
  {   922,  17,  28,  29,    6,  -30 },   // seq[19] g19_4218
  {   990,  17,  28,  29,    6,  -30 },   // seq[20] g20_4225
  {  1058,  17,  28,  29,    6,  -30 },   // seq[21] g21_4227
  {  1126,  17,  28,  29,    6,  -30 },   // seq[22] g22_4246
  {  1194,  17,  28,  29,    6,  -30 },   // seq[23] g23_4233
  {  1262,  17,  28,  29,    6,  -30 },   // seq[24] g24_4249
  {  1330,  17,  28,  29,    6,  -30 },   // seq[25] g25_4241
  {  1398,   6,   6,  29,    6,  -30 },   // seq[26] g26_4189
  {  1404,   6,  17,  29,    6,  -30 },   // seq[27] g27_4191
  {  1422,  17,   6,  29,    6,  -30 },   // seq[28] g28_4197
  {  1439,  17,  17,  29,    6,  -30 },   // seq[29] g29_4213
  {  1490,  17,  17,  29,    6,  -30 },   // seq[30] g30_4205
  {  1541,  17,  17,  29,    6,  -30 },   // seq[31] g31_4199
  {  1592,  17,  17,  29,    6,  -30 },   // seq[32] g32_4215
  {  1643,  17,  17,  29,    6,  -30 },   // seq[33] g33_4207
  {  1694,  17,  17,  29,    6,  -30 },   // seq[34] g34_4198
  {  1745,  17,  17,  29,    6,  -30 } }; // seq[35] g35_4214

const GFXfont DejaVuSans_Braille_20pt7b PROGMEM = {
  (uint8_t  *)DejaVuSans_Braille_20pt7bBitmaps,
  (GFXglyph *)DejaVuSans_Braille_20pt7bGlyphs,
  0xEA40, // first
  0xEA63, // last
  40   //height
 };

// Approx. 2055 bytes
