#pragma once

// /tmp/fontconvert_pinned -f /home/user/qmk_firmware/keyboards/polykybd/fonts/noto-sans/NotoSans-Regular.ttf -s 14 -H auto -v _Base_ 32 126 
// Visualize your font via https://tchapi.github.io/Adafruit-GFX-Font-Customiser

/* num ranges: 1 */
const uint8_t NotoSans_Regular_Base_14pt7bBitmaps[] PROGMEM = {
  /* range 0 (0x20 - 0x7e): */  0x00, 0x6D, 0xB6, 0xDB, 0x6D, 0xB6, 0xC0, 0x1F, 0xF0, 0xC7, 0x8F, 0x1E,
  0x3C, 0x78, 0xF1, 0x80, 0x03, 0x0C, 0x03, 0x18, 0x02, 0x18, 0x06, 0x18,
  0x06, 0x18, 0x06, 0x18, 0x7F, 0xFF, 0x7F, 0xFF, 0x0C, 0x30, 0x0C, 0x30,
  0x0C, 0x30, 0x0C, 0x20, 0xFF, 0xFE, 0xFF, 0xFE, 0x18, 0x60, 0x18, 0x60,
  0x18, 0x60, 0x18, 0xC0, 0x18, 0xC0, 0x30, 0xC0, 0x06, 0x00, 0x30, 0x01,
  0x80, 0x7F, 0xC7, 0xFF, 0x7B, 0x13, 0x98, 0x1C, 0xC0, 0xE6, 0x03, 0xF0,
  0x0F, 0xC0, 0x1F, 0xC0, 0x6F, 0x03, 0x1C, 0x18, 0xE0, 0xC7, 0xC6, 0x77,
  0xFF, 0x1F, 0xE0, 0x0C, 0x00, 0x60, 0x03, 0x00, 0x18, 0x00, 0x3C, 0x03,
  0x07, 0xE0, 0x30, 0xE6, 0x06, 0x0C, 0x30, 0xE0, 0xC3, 0x0C, 0x0C, 0x31,
  0xC0, 0xC3, 0x18, 0x0C, 0x33, 0x00, 0xC3, 0x33, 0xC6, 0x66, 0x7E, 0x7E,
  0x6E, 0x63, 0xCC, 0xC3, 0x00, 0xCC, 0x30, 0x18, 0xC3, 0x03, 0x8C, 0x30,
  0x30, 0xC3, 0x07, 0x0C, 0x30, 0x60, 0x66, 0x0C, 0x07, 0xE0, 0xC0, 0x3C,
  0x0F, 0xC0, 0x03, 0xFC, 0x00, 0xF3, 0xC0, 0x1C, 0x38, 0x03, 0x87, 0x00,
  0x70, 0xE0, 0x07, 0x38, 0x00, 0xEE, 0x00, 0x0F, 0x80, 0x01, 0xE0, 0x00,
  0xFE, 0x07, 0x3C, 0xE0, 0xCF, 0x0E, 0x39, 0xC0, 0xE7, 0x38, 0x0F, 0xC7,
  0x00, 0xF0, 0xF0, 0x1E, 0x0F, 0x0F, 0xE0, 0xFF, 0xCE, 0x0F, 0xE0, 0xE0,
  0xFF, 0xFC, 0x0E, 0x38, 0x61, 0xC3, 0x0E, 0x1C, 0x30, 0xE1, 0xC3, 0x87,
  0x0E, 0x1C, 0x38, 0x70, 0xE0, 0xE1, 0xC3, 0x83, 0x83, 0x07, 0x06, 0xE0,
  0xE0, 0xC1, 0xC1, 0x83, 0x87, 0x0E, 0x0E, 0x1C, 0x38, 0x70, 0xE1, 0xC3,
  0x87, 0x0C, 0x38, 0x70, 0xC3, 0x86, 0x1C, 0x70, 0x07, 0x00, 0x38, 0x01,
  0xC0, 0x04, 0x0E, 0x23, 0xFF, 0xFC, 0xFF, 0x80, 0xE0, 0x0D, 0x80, 0xEE,
  0x0E, 0x38, 0x31, 0x80, 0x06, 0x00, 0x30, 0x01, 0x80, 0x0C, 0x00, 0x60,
  0x7F, 0xFF, 0xFF, 0xE0, 0xC0, 0x06, 0x00, 0x30, 0x01, 0x80, 0x0C, 0x00,
  0x60, 0x00, 0x77, 0x66, 0x6C, 0xFF, 0xFC, 0xFF, 0x80, 0x01, 0xC0, 0x60,
  0x18, 0x0E, 0x03, 0x00, 0xC0, 0x70, 0x18, 0x0E, 0x03, 0x00, 0xC0, 0x70,
  0x18, 0x06, 0x03, 0x80, 0xC0, 0x30, 0x1C, 0x06, 0x03, 0x80, 0x0F, 0x81,
  0xFE, 0x0E, 0x38, 0xE0, 0xE7, 0x07, 0x70, 0x1F, 0x80, 0xFC, 0x07, 0xE0,
  0x3F, 0x01, 0xF8, 0x0F, 0xC0, 0x7E, 0x03, 0xF0, 0x1F, 0x80, 0xEE, 0x0E,
  0x70, 0x71, 0xC7, 0x0F, 0xF8, 0x1F, 0x00, 0x07, 0x1F, 0x3F, 0x77, 0xE7,
  0x47, 0x07, 0x07, 0x07, 0x07, 0x07, 0x07, 0x07, 0x07, 0x07, 0x07, 0x07,
  0x07, 0x07, 0x07, 0x1F, 0x83, 0xFE, 0x3C, 0x38, 0x80, 0xE0, 0x07, 0x00,
  0x38, 0x01, 0xC0, 0x0E, 0x00, 0xE0, 0x07, 0x00, 0x70, 0x07, 0x00, 0x70,
  0x07, 0x00, 0x70, 0x07, 0x00, 0x30, 0x03, 0x00, 0x3F, 0xFF, 0xFF, 0xF0,
  0x1F, 0xC3, 0xFF, 0xBC, 0x1C, 0x80, 0x70, 0x03, 0x80, 0x1C, 0x00, 0xE0,
  0x0E, 0x00, 0xE0, 0xFE, 0x07, 0xF8, 0x01, 0xE0, 0x07, 0x80, 0x1C, 0x00,
  0xE0, 0x07, 0x00, 0x7E, 0x07, 0xBF, 0xF8, 0xFF, 0x00, 0x00, 0xF0, 0x01,
  0xE0, 0x07, 0xC0, 0x1B, 0x80, 0x37, 0x00, 0xCE, 0x03, 0x9C, 0x06, 0x38,
  0x18, 0x70, 0x70, 0xE0, 0xC1, 0xC3, 0x03, 0x8E, 0x07, 0x1F, 0xFF, 0xFF,
  0xFF, 0x80, 0x38, 0x00, 0x70, 0x00, 0xE0, 0x01, 0xC0, 0x03, 0x80, 0x7F,
  0xE3, 0xFF, 0x18, 0x00, 0xC0, 0x06, 0x00, 0x30, 0x01, 0x80, 0x0C, 0x00,
  0x7F, 0x87, 0xFF, 0x00, 0x3C, 0x00, 0xF0, 0x03, 0x80, 0x1C, 0x00, 0xE0,
  0x07, 0x00, 0x76, 0x07, 0xBF, 0xF8, 0xFF, 0x00, 0x07, 0xE0, 0x7F, 0x0F,
  0x00, 0x70, 0x07, 0x00, 0x38, 0x01, 0x80, 0x1C, 0xF8, 0xEF, 0xE7, 0xC7,
  0xBC, 0x1F, 0xC0, 0x7E, 0x03, 0xF0, 0x1F, 0x80, 0xEE, 0x07, 0x70, 0x71,
  0xC7, 0x87, 0xF8, 0x1F, 0x00, 0xFF, 0xFF, 0xFF, 0xC0, 0x0E, 0x00, 0x60,
  0x07, 0x00, 0x30, 0x03, 0x80, 0x1C, 0x00, 0xC0, 0x0E, 0x00, 0x60, 0x07,
  0x00, 0x30, 0x03, 0x80, 0x1C, 0x01, 0xC0, 0x0E, 0x00, 0x60, 0x07, 0x00,
  0x30, 0x00, 0x1F, 0xC3, 0xFF, 0x9C, 0x1D, 0xC0, 0x7E, 0x03, 0xF0, 0x1F,
  0xC1, 0xEF, 0x1E, 0x3F, 0xC0, 0x7C, 0x0F, 0xF8, 0xF1, 0xE7, 0x07, 0x70,
  0x1F, 0x80, 0xFC, 0x07, 0xE0, 0x3B, 0x83, 0x8F, 0xF8, 0x3F, 0x80, 0x0F,
  0x81, 0xFE, 0x1E, 0x38, 0xE0, 0xEE, 0x03, 0x70, 0x1F, 0x80, 0xFC, 0x07,
  0xE0, 0x7B, 0x87, 0xDF, 0xEE, 0x3E, 0x70, 0x03, 0x80, 0x18, 0x01, 0xC0,
  0x0E, 0x00, 0xE0, 0x0F, 0x0F, 0xE0, 0x7C, 0x00, 0xFF, 0x80, 0x00, 0x00,
  0x0F, 0xF8, 0x77, 0x70, 0x00, 0x00, 0x00, 0x00, 0x76, 0x66, 0xCC, 0x00,
  0x00, 0x00, 0xC0, 0x1E, 0x03, 0xC0, 0x78, 0x0E, 0x03, 0xC0, 0x1C, 0x00,
  0x78, 0x00, 0xF8, 0x01, 0xF0, 0x01, 0xF0, 0x03, 0x80, 0x04, 0xFF, 0xFF,
  0xFF, 0xC0, 0x00, 0x00, 0x00, 0x00, 0x7F, 0xFF, 0xFF, 0xE0, 0x00, 0x06,
  0x00, 0x3C, 0x00, 0x78, 0x00, 0xF0, 0x01, 0xF0, 0x01, 0xE0, 0x07, 0x00,
  0xF0, 0x3E, 0x07, 0xC1, 0xF0, 0x0E, 0x00, 0x40, 0x00, 0x3F, 0x1F, 0xF9,
  0x87, 0x00, 0x70, 0x0E, 0x01, 0xC0, 0x38, 0x0E, 0x03, 0xC0, 0xF0, 0x1C,
  0x07, 0x00, 0xC0, 0x18, 0x03, 0x00, 0x00, 0x00, 0x03, 0x80, 0x70, 0x0E,
  0x00, 0x00, 0xFE, 0x00, 0x3F, 0xFC, 0x03, 0xC0, 0xF0, 0x38, 0x01, 0xC3,
  0x80, 0x07, 0x18, 0x3E, 0x19, 0x83, 0xF8, 0xEC, 0x38, 0xC3, 0xC3, 0x86,
  0x1E, 0x18, 0x30, 0xF0, 0xC1, 0x87, 0x86, 0x0C, 0x3C, 0x30, 0x61, 0xE1,
  0x83, 0x1B, 0x0E, 0x28, 0xDC, 0x3F, 0x7C, 0x60, 0xF1, 0xC3, 0x80, 0x00,
  0x0E, 0x00, 0x00, 0x3C, 0x06, 0x00, 0xFF, 0xF0, 0x01, 0xFE, 0x00, 0x01,
  0xC0, 0x00, 0x70, 0x00, 0x1E, 0x00, 0x0F, 0x80, 0x03, 0x70, 0x00, 0xCC,
  0x00, 0x73, 0x00, 0x18, 0xE0, 0x0E, 0x18, 0x03, 0x87, 0x00, 0xC1, 0xC0,
  0x70, 0x30, 0x1F, 0xFE, 0x0F, 0xFF, 0x83, 0x80, 0x60, 0xC0, 0x1C, 0x70,
  0x03, 0x18, 0x00, 0xE6, 0x00, 0x3B, 0x80, 0x06, 0xFF, 0xC3, 0xFF, 0xCE,
  0x0F, 0x38, 0x0E, 0xE0, 0x3B, 0x80, 0xEE, 0x03, 0xB8, 0x0C, 0xE0, 0x73,
  0xFF, 0x0F, 0xFE, 0x38, 0x1E, 0xE0, 0x3F, 0x80, 0x7E, 0x01, 0xF8, 0x07,
  0xE0, 0x3F, 0x81, 0xEF, 0xFF, 0x3F, 0xF0, 0x03, 0xF8, 0x1F, 0xFC, 0x78,
  0x31, 0xC0, 0x07, 0x00, 0x0E, 0x00, 0x3C, 0x00, 0x70, 0x00, 0xE0, 0x01,
  0xC0, 0x03, 0x80, 0x07, 0x00, 0x0E, 0x00, 0x1C, 0x00, 0x1C, 0x00, 0x38,
  0x00, 0x38, 0x00, 0x7C, 0x08, 0x3F, 0xF0, 0x3F, 0xC0, 0xFF, 0xC0, 0xFF,
  0xF0, 0xE0, 0x78, 0xE0, 0x1C, 0xE0, 0x0E, 0xE0, 0x0E, 0xE0, 0x07, 0xE0,
  0x07, 0xE0, 0x07, 0xE0, 0x07, 0xE0, 0x07, 0xE0, 0x07, 0xE0, 0x07, 0xE0,
  0x0F, 0xE0, 0x0E, 0xE0, 0x1E, 0xE0, 0x1C, 0xE0, 0x78, 0xFF, 0xF0, 0xFF,
  0x80, 0xFF, 0xFF, 0xFF, 0x80, 0x70, 0x0E, 0x01, 0xC0, 0x38, 0x07, 0x00,
  0xE0, 0x1F, 0xFF, 0xFF, 0xF0, 0x0E, 0x01, 0xC0, 0x38, 0x07, 0x00, 0xE0,
  0x1C, 0x03, 0xFF, 0xFF, 0xF0, 0xFF, 0xFF, 0xFF, 0x80, 0x70, 0x0E, 0x01,
  0xC0, 0x38, 0x07, 0x00, 0xE0, 0x1C, 0x03, 0xFF, 0xFF, 0xFE, 0x01, 0xC0,
  0x38, 0x07, 0x00, 0xE0, 0x1C, 0x03, 0x80, 0x70, 0x00, 0x01, 0xFE, 0x07,
  0xFF, 0x87, 0xC0, 0xC7, 0x80, 0x07, 0x80, 0x03, 0x80, 0x03, 0xC0, 0x01,
  0xC0, 0x00, 0xE0, 0x00, 0x70, 0x1F, 0xF8, 0x0F, 0xFC, 0x00, 0x7E, 0x00,
  0x3F, 0x80, 0x1D, 0xC0, 0x0E, 0xE0, 0x07, 0x38, 0x03, 0x8F, 0x01, 0xC3,
  0xFF, 0xE0, 0x7F, 0xC0, 0xE0, 0x0F, 0xC0, 0x1F, 0x80, 0x3F, 0x00, 0x7E,
  0x00, 0xFC, 0x01, 0xF8, 0x03, 0xF0, 0x07, 0xE0, 0x0F, 0xFF, 0xFF, 0xFF,
  0xFF, 0x00, 0x7E, 0x00, 0xFC, 0x01, 0xF8, 0x03, 0xF0, 0x07, 0xE0, 0x0F,
  0xC0, 0x1F, 0x80, 0x3F, 0x00, 0x70, 0xFF, 0xFC, 0xE1, 0xC3, 0x87, 0x0E,
  0x1C, 0x38, 0x70, 0xE1, 0xC3, 0x87, 0x0E, 0x1C, 0x38, 0x73, 0xFF, 0xF0,
  0x07, 0x07, 0x07, 0x07, 0x07, 0x07, 0x07, 0x07, 0x07, 0x07, 0x07, 0x07,
  0x07, 0x07, 0x07, 0x07, 0x07, 0x07, 0x07, 0x07, 0x07, 0x07, 0x0E, 0xFE,
  0xF8, 0xE0, 0x1D, 0xC0, 0x73, 0x81, 0xC7, 0x03, 0x0E, 0x0E, 0x1C, 0x38,
  0x38, 0xE0, 0x73, 0x80, 0xEE, 0x01, 0xFC, 0x03, 0xFC, 0x07, 0x9C, 0x0E,
  0x38, 0x1C, 0x38, 0x38, 0x38, 0x70, 0x38, 0xE0, 0x71, 0xC0, 0x73, 0x80,
  0x77, 0x00, 0x60, 0xE0, 0x1C, 0x03, 0x80, 0x70, 0x0E, 0x01, 0xC0, 0x38,
  0x07, 0x00, 0xE0, 0x1C, 0x03, 0x80, 0x70, 0x0E, 0x01, 0xC0, 0x38, 0x07,
  0x00, 0xE0, 0x1C, 0x03, 0xFF, 0xFF, 0xF0, 0xF0, 0x00, 0xFF, 0x00, 0x1F,
  0xF0, 0x01, 0xFF, 0x80, 0x3F, 0xD8, 0x03, 0x7D, 0x80, 0x37, 0xDC, 0x06,
  0x7C, 0xC0, 0x67, 0xCE, 0x06, 0x7C, 0x60, 0xC7, 0xC6, 0x0C, 0x7C, 0x71,
  0xC7, 0xC3, 0x18, 0x7C, 0x31, 0x87, 0xC3, 0xB8, 0x7C, 0x1B, 0x07, 0xC1,
  0xF0, 0x7C, 0x0E, 0x07, 0xC0, 0xE0, 0x7C, 0x0E, 0x07, 0xE0, 0x07, 0xE0,
  0x0F, 0xC0, 0x1F, 0xC0, 0x3D, 0xC0, 0x7B, 0x80, 0xF3, 0x81, 0xE3, 0x03,
  0xC7, 0x07, 0x87, 0x0F, 0x0E, 0x1E, 0x0E, 0x3C, 0x0E, 0x78, 0x1C, 0xF0,
  0x1D, 0xE0, 0x1B, 0xC0, 0x3F, 0x80, 0x3F, 0x00, 0x7E, 0x00, 0x70, 0x03,
  0xF0, 0x03, 0xFF, 0x03, 0xE0, 0xF0, 0xE0, 0x1C, 0x70, 0x03, 0x9C, 0x00,
  0xEE, 0x00, 0x1F, 0x80, 0x07, 0xE0, 0x01, 0xF8, 0x00, 0x7E, 0x00, 0x1F,
  0x80, 0x07, 0xE0, 0x01, 0xF8, 0x00, 0x77, 0x00, 0x39, 0xC0, 0x0E, 0x38,
  0x07, 0x0F, 0x03, 0xC0, 0xFF, 0xC0, 0x0F, 0xC0, 0xFF, 0x87, 0xFF, 0x38,
  0x3D, 0xC0, 0xFE, 0x03, 0xF0, 0x1F, 0x80, 0xFC, 0x07, 0xE0, 0x77, 0x07,
  0xBF, 0xF9, 0xFF, 0x0E, 0x00, 0x70, 0x03, 0x80, 0x1C, 0x00, 0xE0, 0x07,
  0x00, 0x38, 0x01, 0xC0, 0x00, 0x03, 0xF0, 0x03, 0xFF, 0x03, 0xE0, 0xF0,
  0xE0, 0x1C, 0x70, 0x03, 0x9C, 0x00, 0xEE, 0x00, 0x1F, 0x80, 0x07, 0xE0,
  0x01, 0xF8, 0x00, 0x7E, 0x00, 0x1F, 0x80, 0x07, 0xE0, 0x01, 0xF8, 0x00,
  0x77, 0x00, 0x39, 0xC0, 0x0E, 0x38, 0x07, 0x0F, 0x03, 0x80, 0xFF, 0xC0,
  0x0F, 0xC0, 0x00, 0x38, 0x00, 0x07, 0x00, 0x00, 0xE0, 0x00, 0x3C, 0x00,
  0x07, 0x80, 0xFF, 0x83, 0xFF, 0x8E, 0x0F, 0x38, 0x1E, 0xE0, 0x3B, 0x80,
  0xEE, 0x03, 0xB8, 0x0E, 0xE0, 0x73, 0x83, 0xCF, 0xFE, 0x3F, 0xE0, 0xE1,
  0x83, 0x87, 0x0E, 0x0E, 0x38, 0x18, 0xE0, 0x73, 0x80, 0xEE, 0x03, 0xB8,
  0x07, 0x1F, 0xC3, 0xFE, 0x70, 0x6E, 0x00, 0xE0, 0x0E, 0x00, 0xE0, 0x0F,
  0x00, 0x7C, 0x03, 0xF8, 0x0F, 0xC0, 0x3E, 0x00, 0xF0, 0x07, 0x00, 0x70,
  0x07, 0x00, 0x7C, 0x1E, 0xFF, 0xC7, 0xF8, 0xFF, 0xFF, 0xFF, 0xFC, 0x0E,
  0x00, 0x1C, 0x00, 0x38, 0x00, 0x70, 0x00, 0xE0, 0x01, 0xC0, 0x03, 0x80,
  0x07, 0x00, 0x0E, 0x00, 0x1C, 0x00, 0x38, 0x00, 0x70, 0x00, 0xE0, 0x01,
  0xC0, 0x03, 0x80, 0x07, 0x00, 0x0E, 0x00, 0x1C, 0x00, 0xE0, 0x0F, 0xC0,
  0x1F, 0x80, 0x3F, 0x00, 0x7E, 0x00, 0xFC, 0x01, 0xF8, 0x03, 0xF0, 0x07,
  0xE0, 0x0F, 0xC0, 0x1F, 0x80, 0x3F, 0x00, 0x7E, 0x00, 0xFC, 0x01, 0xF8,
  0x03, 0xF0, 0x07, 0x70, 0x1C, 0xF0, 0x70, 0xFF, 0xC0, 0x7F, 0x00, 0xE0,
  0x03, 0x60, 0x07, 0x60, 0x07, 0x70, 0x06, 0x30, 0x0E, 0x30, 0x0E, 0x38,
  0x0C, 0x18, 0x1C, 0x1C, 0x18, 0x1C, 0x18, 0x0C, 0x38, 0x0E, 0x30, 0x0E,
  0x30, 0x06, 0x70, 0x07, 0x60, 0x07, 0x60, 0x03, 0xE0, 0x03, 0xC0, 0x03,
  0xC0, 0x01, 0xC0, 0xE0, 0x1C, 0x03, 0xB0, 0x0E, 0x01, 0xDC, 0x07, 0x80,
  0xEE, 0x07, 0xC0, 0x67, 0x03, 0x60, 0x71, 0x81, 0xB8, 0x38, 0xE1, 0xDC,
  0x18, 0x70, 0xE6, 0x0C, 0x18, 0x63, 0x0E, 0x0C, 0x31, 0xC7, 0x07, 0x38,
  0x63, 0x03, 0x98, 0x31, 0x80, 0xCC, 0x1D, 0xC0, 0x66, 0x06, 0xE0, 0x37,
  0x03, 0x60, 0x1F, 0x01, 0xB0, 0x07, 0x80, 0xF8, 0x03, 0xC0, 0x3C, 0x01,
  0xC0, 0x1C, 0x00, 0xE0, 0x0E, 0x00, 0x70, 0x06, 0x70, 0x0E, 0x38, 0x1C,
  0x18, 0x18, 0x1C, 0x38, 0x0E, 0x70, 0x06, 0x60, 0x07, 0xE0, 0x03, 0xC0,
  0x01, 0x80, 0x03, 0xC0, 0x07, 0xE0, 0x06, 0x60, 0x0E, 0x70, 0x0C, 0x38,
  0x18, 0x38, 0x38, 0x1C, 0x30, 0x0C, 0x70, 0x0E, 0xE0, 0x07, 0x60, 0x03,
  0x38, 0x03, 0x8E, 0x03, 0x87, 0x01, 0xC1, 0xC1, 0xC0, 0xE0, 0xE0, 0x38,
  0xE0, 0x1C, 0x70, 0x07, 0x70, 0x03, 0xB0, 0x00, 0xF8, 0x00, 0x38, 0x00,
  0x1C, 0x00, 0x0E, 0x00, 0x07, 0x00, 0x03, 0x80, 0x01, 0xC0, 0x00, 0xE0,
  0x00, 0x70, 0x00, 0x38, 0x00, 0xFF, 0xFB, 0xFF, 0xE0, 0x03, 0x80, 0x1C,
  0x00, 0xE0, 0x03, 0x80, 0x1C, 0x00, 0x60, 0x03, 0x80, 0x1C, 0x00, 0x60,
  0x03, 0x80, 0x0C, 0x00, 0x70, 0x03, 0x80, 0x0C, 0x00, 0x70, 0x03, 0x80,
  0x0F, 0xFF, 0xFF, 0xFF, 0xFF, 0xFE, 0x38, 0xE3, 0x8E, 0x38, 0xE3, 0x8E,
  0x38, 0xE3, 0x8E, 0x38, 0xE3, 0x8E, 0x38, 0xE3, 0x8F, 0xFF, 0xE0, 0x18,
  0x07, 0x00, 0xC0, 0x30, 0x0E, 0x01, 0x80, 0x60, 0x1C, 0x03, 0x00, 0xC0,
  0x38, 0x06, 0x01, 0xC0, 0x30, 0x0C, 0x03, 0x80, 0x60, 0x18, 0x07, 0xFF,
  0xFC, 0x38, 0x70, 0xE1, 0xC3, 0x87, 0x0E, 0x1C, 0x38, 0x70, 0xE1, 0xC3,
  0x87, 0x0E, 0x1C, 0x38, 0x70, 0xE1, 0xFF, 0xFF, 0x02, 0x00, 0x1C, 0x00,
  0x70, 0x03, 0x60, 0x0D, 0x80, 0x33, 0x01, 0x8C, 0x06, 0x18, 0x30, 0x60,
  0xC0, 0xC6, 0x03, 0x18, 0x06, 0xC0, 0x18, 0xFF, 0xFF, 0xFF, 0xE1, 0xC7,
  0x0E, 0x1C, 0x0F, 0xC3, 0xFE, 0x10, 0xF0, 0x07, 0x00, 0x70, 0x07, 0x1F,
  0xF7, 0xFF, 0xF0, 0x7E, 0x07, 0xE0, 0x7E, 0x0F, 0xF1, 0xF7, 0xF7, 0x3E,
  0x30, 0xE0, 0x07, 0x00, 0x38, 0x01, 0xC0, 0x0E, 0x00, 0x70, 0x03, 0x9F,
  0x1D, 0xFC, 0xF8, 0xF7, 0x83, 0xB8, 0x0F, 0xC0, 0x7E, 0x03, 0xF0, 0x1F,
  0x80, 0xFC, 0x07, 0xE0, 0x3F, 0x83, 0xBE, 0x3D, 0xDF, 0xCC, 0x7C, 0x00,
  0x0F, 0xC7, 0xF9, 0xE1, 0x38, 0x0E, 0x01, 0xC0, 0x38, 0x07, 0x00, 0xE0,
  0x1C, 0x03, 0x80, 0x38, 0x07, 0x82, 0x7F, 0xC3, 0xF0, 0x00, 0x38, 0x01,
  0xC0, 0x0E, 0x00, 0x70, 0x03, 0x80, 0x1C, 0x7C, 0xE7, 0xF7, 0x78, 0xFB,
  0x83, 0xF8, 0x0F, 0xC0, 0x7E, 0x03, 0xF0, 0x1F, 0x80, 0xFC, 0x07, 0xE0,
  0x3B, 0x83, 0xDE, 0x3E, 0x7F, 0x71, 0xF3, 0x80, 0x0F, 0x81, 0xFF, 0x1E,
  0x1C, 0xE0, 0xEE, 0x03, 0xF0, 0x1F, 0xFF, 0xFF, 0xFF, 0xE0, 0x07, 0x00,
  0x38, 0x00, 0xE0, 0x07, 0x81, 0x1F, 0xF8, 0x3F, 0x80, 0x0F, 0xE3, 0xF8,
  0xF0, 0x1C, 0x03, 0x80, 0x70, 0x1F, 0xE7, 0xFC, 0x38, 0x07, 0x00, 0xE0,
  0x1C, 0x03, 0x80, 0x70, 0x0E, 0x01, 0xC0, 0x38, 0x07, 0x00, 0xE0, 0x1C,
  0x03, 0x80, 0x1F, 0x39, 0xFD, 0xDE, 0x3E, 0xE0, 0xFE, 0x03, 0xF0, 0x1F,
  0x80, 0xFC, 0x07, 0xE0, 0x3F, 0x01, 0xF8, 0x0E, 0xE0, 0xF7, 0x8F, 0x9F,
  0xDC, 0x7C, 0xE0, 0x07, 0x00, 0x38, 0x01, 0xC0, 0x1E, 0xC1, 0xE7, 0xFE,
  0x0F, 0xE0, 0xE0, 0x07, 0x00, 0x38, 0x01, 0xC0, 0x0E, 0x00, 0x70, 0x03,
  0x9F, 0x1D, 0xFE, 0xF8, 0x77, 0x81, 0xF8, 0x0F, 0xC0, 0x7E, 0x03, 0xF0,
  0x1F, 0x80, 0xFC, 0x07, 0xE0, 0x3F, 0x01, 0xF8, 0x0F, 0xC0, 0x7E, 0x03,
  0x80, 0xFF, 0x80, 0x3F, 0xFF, 0xFF, 0xFF, 0xFF, 0xFE, 0x0E, 0x1C, 0x38,
  0x00, 0x00, 0x03, 0x87, 0x0E, 0x1C, 0x38, 0x70, 0xE1, 0xC3, 0x87, 0x0E,
  0x1C, 0x38, 0x70, 0xE1, 0xC3, 0x87, 0x0E, 0x3F, 0xF7, 0xC0, 0xE0, 0x07,
  0x00, 0x38, 0x01, 0xC0, 0x0E, 0x00, 0x70, 0x03, 0x81, 0xDC, 0x1C, 0xE1,
  0xC7, 0x1C, 0x39, 0xC1, 0xDC, 0x0E, 0xC0, 0x7F, 0x03, 0xDC, 0x1C, 0x70,
  0xE1, 0x87, 0x0E, 0x38, 0x39, 0xC0, 0xEE, 0x07, 0x00, 0xFF, 0xFF, 0xFF,
  0xFF, 0xFF, 0xFF, 0xFF, 0xFE, 0xE7, 0xC3, 0xE7, 0x7F, 0x7F, 0xBE, 0x3E,
  0x1F, 0xE0, 0xF0, 0x7E, 0x07, 0x03, 0xF0, 0x38, 0x1F, 0x81, 0xC0, 0xFC,
  0x0E, 0x07, 0xE0, 0x70, 0x3F, 0x03, 0x81, 0xF8, 0x1C, 0x0F, 0xC0, 0xE0,
  0x7E, 0x07, 0x03, 0xF0, 0x38, 0x1F, 0x81, 0xC0, 0xE0, 0xE7, 0xC7, 0x7F,
  0xBE, 0x1D, 0xE0, 0x7E, 0x03, 0xF0, 0x1F, 0x80, 0xFC, 0x07, 0xE0, 0x3F,
  0x01, 0xF8, 0x0F, 0xC0, 0x7E, 0x03, 0xF0, 0x1F, 0x80, 0xE0, 0x0F, 0xC0,
  0xFF, 0xC7, 0x87, 0x9C, 0x0E, 0xE0, 0x1F, 0x80, 0x7E, 0x01, 0xF8, 0x07,
  0xE0, 0x1F, 0x80, 0x7E, 0x01, 0xDC, 0x0E, 0x78, 0x78, 0xFF, 0xC0, 0xFC,
  0x00, 0xE7, 0xC7, 0x7F, 0x3E, 0x3D, 0xE0, 0xEE, 0x03, 0xF0, 0x1F, 0x80,
  0xFC, 0x07, 0xE0, 0x3F, 0x01, 0xF8, 0x0F, 0xE0, 0xEF, 0x8F, 0x7F, 0xF3,
  0x9F, 0x1C, 0x00, 0xE0, 0x07, 0x00, 0x38, 0x01, 0xC0, 0x0E, 0x00, 0x70,
  0x00, 0x1F, 0x39, 0xFD, 0xDE, 0x3E, 0xE0, 0xFE, 0x03, 0xF0, 0x1F, 0x80,
  0xFC, 0x07, 0xE0, 0x3F, 0x01, 0xF8, 0x0E, 0xE0, 0xF7, 0x8F, 0x9F, 0xDC,
  0x7C, 0xE0, 0x07, 0x00, 0x38, 0x01, 0xC0, 0x0E, 0x00, 0x70, 0x03, 0x80,
  0x1C, 0xE7, 0xF7, 0xFE, 0x1E, 0x0F, 0x07, 0x03, 0x81, 0xC0, 0xE0, 0x70,
  0x38, 0x1C, 0x0E, 0x07, 0x03, 0x80, 0x1F, 0x8F, 0xFB, 0xC3, 0x70, 0x0E,
  0x01, 0xE0, 0x1F, 0x80, 0xFC, 0x07, 0xC0, 0x3C, 0x03, 0x80, 0x7C, 0x1F,
  0xFF, 0x9F, 0xC0, 0x18, 0x0C, 0x06, 0x07, 0x07, 0xFF, 0xFC, 0xE0, 0x70,
  0x38, 0x1C, 0x0E, 0x07, 0x03, 0x81, 0xC0, 0xE0, 0x70, 0x3C, 0x0F, 0xC3,
  0xE0, 0xE0, 0x3F, 0x01, 0xF8, 0x0F, 0xC0, 0x7E, 0x03, 0xF0, 0x1F, 0x80,
  0xFC, 0x07, 0xE0, 0x3F, 0x01, 0xF8, 0x0F, 0xC0, 0xFF, 0x0F, 0xBF, 0xDC,
  0x7C, 0xE0, 0xE0, 0x1D, 0x80, 0x66, 0x03, 0x9C, 0x0E, 0x30, 0x30, 0xE1,
  0xC3, 0x87, 0x06, 0x18, 0x1C, 0xE0, 0x33, 0x00, 0xCC, 0x03, 0xF0, 0x07,
  0x80, 0x1E, 0x00, 0x78, 0x00, 0xE0, 0x70, 0x1B, 0x03, 0xC1, 0xD8, 0x1E,
  0x0E, 0xE1, 0xF0, 0x63, 0x0D, 0x83, 0x18, 0x6E, 0x38, 0xC7, 0x31, 0x87,
  0x31, 0x8C, 0x19, 0x8E, 0x60, 0xCC, 0x37, 0x06, 0xC1, 0xB0, 0x3E, 0x0D,
  0x80, 0xF0, 0x3C, 0x07, 0x81, 0xE0, 0x38, 0x0E, 0x00, 0x70, 0x18, 0xC0,
  0xE3, 0x87, 0x07, 0x18, 0x0E, 0xE0, 0x1F, 0x00, 0x78, 0x00, 0xE0, 0x07,
  0x80, 0x3B, 0x00, 0xCE, 0x07, 0x1C, 0x38, 0x30, 0xC0, 0xE7, 0x01, 0xC0,
  0xE0, 0x1F, 0x80, 0x66, 0x03, 0x9C, 0x0C, 0x70, 0x30, 0xC1, 0xC3, 0x86,
  0x06, 0x38, 0x18, 0xE0, 0x73, 0x00, 0xDC, 0x03, 0x60, 0x07, 0x80, 0x1E,
  0x00, 0x70, 0x00, 0xC0, 0x07, 0x00, 0x18, 0x00, 0xE0, 0x07, 0x00, 0xFC,
  0x03, 0xC0, 0x00, 0x7F, 0xEF, 0xFC, 0x03, 0x80, 0xE0, 0x38, 0x07, 0x01,
  0xC0, 0x70, 0x0C, 0x03, 0x80, 0xE0, 0x38, 0x07, 0x01, 0xFF, 0xFF, 0xF8,
  0x01, 0xC1, 0xF0, 0xF0, 0x38, 0x0E, 0x03, 0x80, 0xE0, 0x38, 0x0E, 0x03,
  0x81, 0xC3, 0xE0, 0xF8, 0x07, 0x00, 0xE0, 0x38, 0x0E, 0x03, 0x80, 0xE0,
  0x38, 0x0E, 0x03, 0xC0, 0x7C, 0x0F, 0xFF, 0xFF, 0xFF, 0xFF, 0xFF, 0xFF,
  0xFF, 0xE0, 0x7C, 0x0F, 0x03, 0x81, 0xC0, 0xE0, 0x70, 0x38, 0x1C, 0x0E,
  0x03, 0x80, 0xF0, 0x78, 0x70, 0x70, 0x38, 0x1C, 0x0E, 0x07, 0x03, 0x81,
  0xC1, 0xE3, 0xE1, 0xC0, 0x7C, 0x07, 0xF8, 0xF1, 0xFE, 0x03, 0xE0
 };

const GFXglyph NotoSans_Regular_Base_14pt7bGlyphs[] PROGMEM = {
// bmpOff,   w,   h,xAdv, xOff, yOff      range 0 (0x20 - 0x7e)
  {     0,   1,   1,   7,    0,    0 },   // 0x20 space  ' ' (#0)
  {     1,   3,  20,   7,    2,  -19 },   // 0x21 exclam  '!' (#1)
  {     9,   7,   7,  11,    2,  -19 },   // 0x22 quotedbl  '"' (#2)
  {    16,  16,  20,  18,    1,  -19 },   // 0x23 numbersign  '#' (#3)
  {    56,  13,  23,  17,    2,  -20 },   // 0x24 dollar  '$' (#4)
  {    94,  20,  20,  22,    1,  -19 },   // 0x25 percent  '%' (#5)
  {   144,  19,  20,  20,    1,  -19 },   // 0x26 ampersand  '&' (#6)
  {   192,   2,   7,   6,    2,  -19 },   // 0x27 quotesingle  ''' (#7)
  {   194,   7,  24,   9,    1,  -19 },   // 0x28 parenleft  '(' (#8)
  {   215,   7,  24,   9,    1,  -19 },   // 0x29 parenright  ')' (#9)
  {   236,  13,  12,  15,    1,  -20 },   // 0x2A asterisk  '*' (#10)
  {   256,  13,  13,  15,    1,  -15 },   // 0x2B plus  '+' (#11)
  {   278,   4,   6,   7,    1,   -1 },   // 0x2C comma  ',' (#12)
  {   281,   7,   2,   9,    1,   -7 },   // 0x2D hyphen  '-' (#13)
  {   283,   3,   3,   7,    2,   -2 },   // 0x2E period  '.' (#14)
  {   285,  10,  20,  10,    0,  -19 },   // 0x2F slash  '/' (#15)
  {   310,  13,  20,  16,    1,  -19 },   // 0x30 zero  '0' (#16)
  {   343,   8,  20,  16,    2,  -19 },   // 0x31 one  '1' (#17)
  {   363,  13,  20,  16,    1,  -19 },   // 0x32 two  '2' (#18)
  {   396,  13,  20,  16,    1,  -19 },   // 0x33 three  '3' (#19)
  {   429,  15,  20,  16,    1,  -19 },   // 0x34 four  '4' (#20)
  {   467,  13,  20,  16,    2,  -19 },   // 0x35 five  '5' (#21)
  {   500,  13,  20,  16,    2,  -19 },   // 0x36 six  '6' (#22)
  {   533,  13,  20,  16,    1,  -19 },   // 0x37 seven  '7' (#23)
  {   566,  13,  20,  16,    1,  -19 },   // 0x38 eight  '8' (#24)
  {   599,  13,  20,  16,    1,  -19 },   // 0x39 nine  '9' (#25)
  {   632,   3,  15,   7,    2,  -14 },   // 0x3A colon  ':' (#26)
  {   638,   4,  18,   7,    1,  -14 },   // 0x3B semicolon  ';' (#27)
  {   647,  13,  14,  15,    1,  -16 },   // 0x3C less  '<' (#28)
  {   670,  13,   7,  17,    2,  -12 },   // 0x3D equal  '=' (#29)
  {   682,  13,  14,  15,    1,  -16 },   // 0x3E greater  '>' (#30)
  {   705,  11,  20,  12,    0,  -19 },   // 0x3F question  '?' (#31)
  {   733,  21,  22,  25,    2,  -19 },   // 0x40 at  '@' (#32)
  {   791,  18,  20,  18,    0,  -19 },   // 0x41 A  'A' (#33)
  {   836,  14,  20,  18,    3,  -19 },   // 0x42 B  'B' (#34)
  {   871,  15,  20,  18,    2,  -19 },   // 0x43 C  'C' (#35)
  {   909,  16,  20,  21,    3,  -19 },   // 0x44 D  'D' (#36)
  {   949,  11,  20,  16,    3,  -19 },   // 0x45 E  'E' (#37)
  {   977,  11,  20,  15,    3,  -19 },   // 0x46 F  'F' (#38)
  {  1005,  17,  20,  21,    2,  -19 },   // 0x47 G  'G' (#39)
  {  1048,  15,  20,  21,    3,  -19 },   // 0x48 H  'H' (#40)
  {  1086,   7,  20,   9,    1,  -19 },   // 0x49 I  'I' (#41)
  {  1104,   8,  25,   8,   -3,  -19 },   // 0x4A J  'J' (#42)
  {  1129,  15,  20,  18,    3,  -19 },   // 0x4B K  'K' (#43)
  {  1167,  11,  20,  15,    3,  -19 },   // 0x4C L  'L' (#44)
  {  1195,  20,  20,  26,    3,  -19 },   // 0x4D M  'M' (#45)
  {  1245,  15,  20,  21,    3,  -19 },   // 0x4E N  'N' (#46)
  {  1283,  18,  20,  22,    2,  -19 },   // 0x4F O  'O' (#47)
  {  1328,  13,  20,  17,    3,  -19 },   // 0x50 P  'P' (#48)
  {  1361,  18,  25,  22,    2,  -19 },   // 0x51 Q  'Q' (#49)
  {  1418,  14,  20,  18,    3,  -19 },   // 0x52 R  'R' (#50)
  {  1453,  12,  20,  14,    1,  -19 },   // 0x53 S  'S' (#51)
  {  1483,  15,  20,  17,    1,  -19 },   // 0x54 T  'T' (#52)
  {  1521,  15,  20,  20,    2,  -19 },   // 0x55 U  'U' (#53)
  {  1559,  16,  20,  16,    0,  -19 },   // 0x56 V  'V' (#54)
  {  1599,  25,  20,  26,    0,  -19 },   // 0x57 W  'W' (#55)
  {  1662,  16,  20,  16,    0,  -19 },   // 0x58 X  'X' (#56)
  {  1702,  17,  20,  17,    0,  -19 },   // 0x59 Y  'Y' (#57)
  {  1745,  14,  20,  16,    1,  -19 },   // 0x5A Z  'Z' (#58)
  {  1780,   6,  24,   9,    2,  -19 },   // 0x5B bracketleft  '[' (#59)
  {  1798,  10,  20,  10,    0,  -19 },   // 0x5C backslash  '\' (#60)
  {  1823,   7,  24,  10,    1,  -19 },   // 0x5D bracketright  ']' (#61)
  {  1844,  14,  13,  16,    1,  -19 },   // 0x5E asciicircum  '^' (#62)
  {  1867,  12,   2,  12,    0,    3 },   // 0x5F underscore  '_' (#63)
  {  1870,   6,   5,   8,    1,  -21 },   // 0x60 grave  '`' (#64)
  {  1874,  12,  15,  15,    1,  -14 },   // 0x61 a  'a' (#65)
  {  1897,  13,  21,  17,    2,  -20 },   // 0x62 b  'b' (#66)
  {  1932,  11,  15,  14,    2,  -14 },   // 0x63 c  'c' (#67)
  {  1953,  13,  21,  17,    2,  -20 },   // 0x64 d  'd' (#68)
  {  1988,  13,  15,  16,    2,  -14 },   // 0x65 e  'e' (#69)
  {  2013,  11,  21,  11,    1,  -20 },   // 0x66 f  'f' (#70)
  {  2042,  13,  22,  17,    2,  -14 },   // 0x67 g  'g' (#71)
  {  2078,  13,  21,  17,    2,  -20 },   // 0x68 h  'h' (#72)
  {  2113,   3,  21,   7,    2,  -20 },   // 0x69 i  'i' (#73)
  {  2121,   7,  28,   8,   -1,  -20 },   // 0x6A j  'j' (#74)
  {  2146,  13,  21,  15,    2,  -20 },   // 0x6B k  'k' (#75)
  {  2181,   3,  21,   7,    2,  -20 },   // 0x6C l  'l' (#76)
  {  2189,  21,  15,  25,    2,  -14 },   // 0x6D m  'm' (#77)
  {  2229,  13,  15,  17,    2,  -14 },   // 0x6E n  'n' (#78)
  {  2254,  14,  15,  17,    2,  -14 },   // 0x6F o  'o' (#79)
  {  2281,  13,  22,  17,    2,  -14 },   // 0x70 p  'p' (#80)
  {  2317,  13,  22,  17,    2,  -14 },   // 0x71 q  'q' (#81)
  {  2353,   9,  15,  12,    2,  -14 },   // 0x72 r  'r' (#82)
  {  2370,  11,  15,  13,    1,  -14 },   // 0x73 s  's' (#83)
  {  2391,   9,  19,  11,    1,  -18 },   // 0x74 t  't' (#84)
  {  2413,  13,  15,  17,    2,  -14 },   // 0x75 u  'u' (#85)
  {  2438,  14,  15,  14,    0,  -14 },   // 0x76 v  'v' (#86)
  {  2465,  21,  15,  22,    0,  -14 },   // 0x77 w  'w' (#87)
  {  2505,  14,  15,  15,    0,  -14 },   // 0x78 x  'x' (#88)
  {  2532,  14,  22,  14,    0,  -14 },   // 0x79 y  'y' (#89)
  {  2571,  11,  15,  13,    1,  -14 },   // 0x7A z  'z' (#90)
  {  2592,  10,  24,  10,    0,  -19 },   // 0x7B braceleft  '{' (#91)
  {  2622,   2,  28,  16,    7,  -20 },   // 0x7C bar  '|' (#92)
  {  2629,   9,  24,  10,    1,  -19 },   // 0x7D braceright  '}' (#93)
  {  2656,  13,   4,  15,    1,  -11 } }; // 0x7E asciitilde  '~' (#94)

const GFXfont NotoSans_Regular_Base_14pt7b PROGMEM = {
  (uint8_t  *)NotoSans_Regular_Base_14pt7bBitmaps,
  (GFXglyph *)NotoSans_Regular_Base_14pt7bGlyphs,
  0x20, // first
  0x7E, // last
  37   //height
 };

// Approx. 3335 bytes

// /tmp/fontconvert_pinned -f /home/user/qmk_firmware/keyboards/polykybd/fonts/noto-sans/NotoSans-Regular.ttf -s 14 -H auto -v _LatinExtB_ -r 44 384 591 
// Visualize your font via https://tchapi.github.io/Adafruit-GFX-Font-Customiser

/* num ranges: 1 */
const uint8_t NotoSans_Regular_LatinExtB_14pt16bBitmaps[] PROGMEM = {
  /* range 0 (0x180 - 0x24f): */  0x38, 0x00, 0x70, 0x03, 0xFF, 0x07, 0xFE, 0x03, 0x80, 0x07, 0x00, 0x0E,
  0x7C, 0x1F, 0xFC, 0x3E, 0x3C, 0x78, 0x38, 0xE0, 0x39, 0xC0, 0x73, 0x80,
  0xE7, 0x01, 0xCE, 0x03, 0x9C, 0x07, 0x38, 0x0E, 0x78, 0x38, 0xF8, 0xF1,
  0xFF, 0xC3, 0x1F, 0x00, 0x3F, 0xFE, 0x3F, 0xFF, 0xEC, 0xE0, 0x7B, 0x38,
  0x0F, 0xCE, 0x01, 0xC3, 0x80, 0x70, 0xE0, 0x1C, 0x38, 0x06, 0x0E, 0x07,
  0x83, 0xFF, 0x80, 0xFF, 0xF0, 0x38, 0x1E, 0x0E, 0x03, 0xC3, 0x80, 0x70,
  0xE0, 0x1C, 0x38, 0x07, 0x0E, 0x03, 0xC3, 0x81, 0xE0, 0xFF, 0xF0, 0x3F,
  0xF0, 0xFF, 0xF7, 0xFF, 0xB8, 0x01, 0xC0, 0x0E, 0x00, 0x70, 0x03, 0x80,
  0x1C, 0x00, 0xE0, 0x07, 0xFE, 0x3F, 0xF9, 0xC1, 0xEE, 0x03, 0xF0, 0x1F,
  0x80, 0xFC, 0x07, 0xE0, 0x3F, 0x07, 0xBF, 0xF9, 0xFF, 0x80, 0xFF, 0xE7,
  0xFF, 0x38, 0x01, 0xC0, 0x0E, 0x00, 0x70, 0x03, 0x9F, 0x1D, 0xFC, 0xF8,
  0xF7, 0x83, 0xB8, 0x0F, 0xC0, 0x7E, 0x03, 0xF0, 0x1F, 0x80, 0xFC, 0x07,
  0xE0, 0x3F, 0x83, 0xBE, 0x3D, 0xDF, 0xCC, 0x7C, 0x00, 0xE0, 0x03, 0x80,
  0x0E, 0x00, 0x38, 0x00, 0xE0, 0x03, 0x80, 0x0E, 0x00, 0x38, 0x00, 0xFF,
  0xC3, 0xFF, 0xCE, 0x07, 0xB8, 0x0F, 0xE0, 0x1F, 0x80, 0x7E, 0x01, 0xF8,
  0x07, 0xF0, 0x39, 0xE1, 0xE3, 0xFF, 0x03, 0xF0, 0xE0, 0x07, 0x00, 0x38,
  0x01, 0xC0, 0x0E, 0x00, 0x70, 0x03, 0x9F, 0x1D, 0xFC, 0xF8, 0xF7, 0x83,
  0xB8, 0x0F, 0xC0, 0x7E, 0x03, 0xF0, 0x1F, 0x80, 0xFC, 0x07, 0xE0, 0x3B,
  0x83, 0x9E, 0x3C, 0x7F, 0xC0, 0xF8, 0x00, 0x7F, 0x81, 0xFF, 0xC3, 0x03,
  0xE0, 0x01, 0xC0, 0x01, 0xC0, 0x03, 0x80, 0x03, 0x80, 0x07, 0x00, 0x0E,
  0x00, 0x1C, 0x00, 0x38, 0x00, 0x70, 0x00, 0xE0, 0x03, 0xC0, 0x07, 0x00,
  0x1E, 0x00, 0x39, 0x81, 0xE3, 0xFF, 0x83, 0xFC, 0x00, 0x00, 0x03, 0xC0,
  0x01, 0xF0, 0x00, 0x60, 0x00, 0x18, 0x03, 0xFE, 0x03, 0xFF, 0x81, 0xE0,
  0x40, 0xE0, 0x00, 0x70, 0x00, 0x1C, 0x00, 0x0E, 0x00, 0x03, 0x80, 0x00,
  0xE0, 0x00, 0x38, 0x00, 0x0E, 0x00, 0x03, 0x80, 0x00, 0xE0, 0x00, 0x38,
  0x00, 0x07, 0x00, 0x01, 0xC0, 0x00, 0x38, 0x00, 0x0F, 0x81, 0x00, 0xFF,
  0xC0, 0x0F, 0xF0, 0x00, 0x3C, 0x01, 0xF0, 0x06, 0x00, 0x18, 0x00, 0x60,
  0x01, 0x80, 0xFE, 0x0F, 0xF8, 0x78, 0x01, 0xC0, 0x0E, 0x00, 0x38, 0x00,
  0xE0, 0x03, 0x80, 0x0E, 0x00, 0x38, 0x00, 0xE0, 0x01, 0xC0, 0x07, 0x82,
  0x0F, 0xF8, 0x0F, 0xC0, 0x3F, 0xF0, 0x0F, 0xFF, 0x03, 0x81, 0xE0, 0xE0,
  0x1C, 0x38, 0x03, 0x8E, 0x00, 0xE3, 0x80, 0x1C, 0xE0, 0x07, 0x38, 0x01,
  0xFF, 0xE0, 0x7F, 0xF8, 0x1C, 0xE0, 0x07, 0x38, 0x01, 0xCE, 0x00, 0xF3,
  0x80, 0x38, 0xE0, 0x1E, 0x38, 0x07, 0x0E, 0x07, 0x83, 0xFF, 0xC0, 0xFF,
  0xC0, 0x7F, 0xFC, 0x0F, 0xFF, 0xF0, 0xCE, 0x07, 0x8C, 0xE0, 0x1C, 0xCE,
  0x00, 0xE0, 0xE0, 0x0E, 0x0E, 0x00, 0x70, 0xE0, 0x07, 0x0E, 0x00, 0x70,
  0xE0, 0x07, 0x0E, 0x00, 0x70, 0xE0, 0x07, 0x0E, 0x00, 0x70, 0xE0, 0x0F,
  0x0E, 0x00, 0xE0, 0xE0, 0x1E, 0x0E, 0x01, 0xC0, 0xE0, 0x78, 0x0F, 0xFF,
  0x00, 0xFF, 0x80, 0x7F, 0xFB, 0xFF, 0xC0, 0x0E, 0x00, 0x70, 0x03, 0x80,
  0x1C, 0x00, 0xE0, 0x07, 0x00, 0x38, 0x7F, 0xCF, 0xFE, 0xF0, 0x7F, 0x03,
  0xF0, 0x1F, 0x80, 0xFC, 0x07, 0xF0, 0x3B, 0xC1, 0xCF, 0xFE, 0x3F, 0xF0,
  0x3F, 0xF9, 0xFF, 0xC0, 0x0E, 0x00, 0x70, 0x03, 0x80, 0x1C, 0x7C, 0xE7,
  0xF7, 0x78, 0xFB, 0x83, 0xF8, 0x0F, 0xC0, 0x7E, 0x03, 0xF0, 0x1F, 0x80,
  0xFC, 0x07, 0xE0, 0x3B, 0x83, 0xDE, 0x3E, 0x7F, 0x71, 0xF3, 0x80, 0x0F,
  0xC0, 0xFF, 0xC7, 0x87, 0x9C, 0x0E, 0xE0, 0x1F, 0x80, 0x7E, 0x01, 0xF8,
  0x07, 0xE0, 0x1F, 0x80, 0xE7, 0x03, 0x9E, 0x1C, 0x3D, 0xE0, 0x7E, 0x00,
  0x78, 0x00, 0xF0, 0x00, 0xE0, 0x03, 0x80, 0x0E, 0x1C, 0x78, 0x7F, 0xC0,
  0x7E, 0x00, 0xFF, 0xFF, 0xFF, 0x00, 0x70, 0x07, 0x00, 0x70, 0x07, 0x00,
  0x70, 0x07, 0x00, 0x77, 0xFF, 0x7F, 0xF0, 0x07, 0x00, 0x70, 0x07, 0x00,
  0x70, 0x07, 0x00, 0x70, 0x07, 0xFF, 0xFF, 0xFF, 0x1F, 0xE0, 0x3F, 0xFC,
  0x1C, 0x0F, 0x00, 0x01, 0xC0, 0x00, 0x70, 0x00, 0x38, 0x00, 0x0E, 0x00,
  0x07, 0x00, 0x03, 0xFF, 0xFF, 0xFF, 0xFF, 0xFC, 0x00, 0x7E, 0x00, 0x3F,
  0x00, 0x1D, 0x80, 0x1C, 0xE0, 0x0E, 0x70, 0x0E, 0x1E, 0x0F, 0x07, 0xFE,
  0x00, 0xFC, 0x00, 0x0F, 0xE0, 0xFF, 0xE3, 0x83, 0x9C, 0x02, 0x70, 0x01,
  0xC0, 0x07, 0x00, 0x0E, 0x00, 0x3C, 0x00, 0x3F, 0xC1, 0xFF, 0x1E, 0x00,
  0xF0, 0x03, 0x80, 0x0E, 0x00, 0x38, 0x00, 0xF0, 0x01, 0xE0, 0x73, 0xFF,
  0xC3, 0xFC, 0x07, 0xFF, 0x07, 0xFF, 0x07, 0x00, 0x07, 0x00, 0x07, 0x00,
  0x07, 0x00, 0x07, 0x00, 0x07, 0x00, 0x07, 0x00, 0x07, 0xFF, 0x07, 0xFF,
  0x07, 0x00, 0x07, 0x00, 0x07, 0x00, 0x07, 0x00, 0x07, 0x00, 0x07, 0x00,
  0x07, 0x00, 0x07, 0x00, 0x07, 0x00, 0x07, 0x00, 0x07, 0x00, 0xE7, 0x00,
  0xE7, 0x00, 0xE7, 0x00, 0x7E, 0x00, 0x3C, 0x00, 0x01, 0xFC, 0x0F, 0xE0,
  0x78, 0x01, 0xC0, 0x07, 0x00, 0x1C, 0x00, 0xFF, 0x07, 0xFC, 0x07, 0x00,
  0x1C, 0x00, 0x70, 0x01, 0xC0, 0x07, 0x00, 0x1C, 0x00, 0x70, 0x01, 0xC0,
  0x07, 0x00, 0x1C, 0x00, 0x70, 0x01, 0xC0, 0x07, 0x00, 0x1C, 0x00, 0x70,
  0x21, 0xC0, 0xC7, 0x03, 0x1C, 0x07, 0xE0, 0x0F, 0x00, 0x00, 0x01, 0xE0,
  0x00, 0x7C, 0x00, 0x0C, 0x00, 0x01, 0x80, 0x3F, 0xF0, 0x1F, 0xFE, 0x07,
  0x80, 0x81, 0xE0, 0x00, 0x78, 0x00, 0x0E, 0x00, 0x03, 0xC0, 0x00, 0x70,
  0x00, 0x0E, 0x00, 0x01, 0xC0, 0x7F, 0x38, 0x0F, 0xE7, 0x00, 0x1C, 0xE0,
  0x03, 0x9E, 0x00, 0x71, 0xC0, 0x0E, 0x38, 0x01, 0xC3, 0x80, 0x38, 0x3C,
  0x07, 0x03, 0xFF, 0xE0, 0x1F, 0xF0, 0x60, 0x06, 0x60, 0x0E, 0x70, 0x0E,
  0x30, 0x0C, 0x38, 0x1C, 0x38, 0x1C, 0x18, 0x18, 0x1C, 0x38, 0x0C, 0x30,
  0x0C, 0x30, 0x0E, 0x70, 0x06, 0x60, 0x06, 0x60, 0x07, 0xE0, 0x03, 0xC0,
  0x03, 0xC0, 0x01, 0x80, 0x01, 0x80, 0x03, 0xC0, 0x03, 0xC0, 0x07, 0xE0,
  0x06, 0x60, 0x06, 0x60, 0x06, 0x60, 0x06, 0x60, 0x07, 0xC0, 0x03, 0xC0,
  0xE0, 0x00, 0x07, 0x00, 0x00, 0x38, 0x00, 0x01, 0xC0, 0x00, 0x0E, 0x00,
  0x00, 0x70, 0x00, 0x03, 0x9F, 0x00, 0xFD, 0xFC, 0x07, 0xF8, 0xF0, 0x3F,
  0x83, 0x81, 0xF8, 0x1C, 0x0F, 0xC0, 0xE0, 0x7E, 0x07, 0x03, 0xF0, 0x38,
  0x1F, 0x81, 0xC0, 0xFC, 0x0E, 0x07, 0xE0, 0x70, 0x3F, 0x03, 0x81, 0xF8,
  0x0E, 0x1D, 0xC0, 0x7F, 0xEE, 0x00, 0xFC, 0x00, 0xE1, 0xC3, 0x87, 0x0E,
  0x1C, 0x38, 0x70, 0xE1, 0xC3, 0x87, 0x0E, 0x1C, 0x38, 0x70, 0xE1, 0xE1,
  0xF9, 0xF0, 0xFF, 0xFC, 0xE1, 0xC3, 0x87, 0x0E, 0x1C, 0x39, 0xFF, 0xF9,
  0xC3, 0x87, 0x0E, 0x1C, 0x38, 0x73, 0xFF, 0xF0, 0xE0, 0x1F, 0x80, 0xFE,
  0x07, 0x38, 0x38, 0xE1, 0xC3, 0x86, 0x0E, 0x30, 0x39, 0xC0, 0xEE, 0x03,
  0xF8, 0x0F, 0xF0, 0x3C, 0xE0, 0xE3, 0x83, 0x87, 0x0E, 0x0E, 0x38, 0x18,
  0xE0, 0x73, 0x80, 0xEE, 0x01, 0xB8, 0x07, 0x78, 0x0F, 0x80, 0xE0, 0x0E,
  0x00, 0xE0, 0x0E, 0x00, 0xE0, 0xEE, 0x1C, 0xE1, 0x8E, 0x30, 0xE6, 0x0E,
  0xC0, 0xEC, 0x0F, 0xC0, 0xF6, 0x0E, 0x70, 0xE3, 0x8E, 0x18, 0xE1, 0xCE,
  0x0E, 0xE0, 0x70, 0x38, 0xE3, 0x8E, 0x38, 0xE3, 0x8E, 0x3B, 0xFF, 0xCE,
  0x38, 0xE3, 0x8E, 0x38, 0xE3, 0x8E, 0x38, 0x78, 0x00, 0xF8, 0x00, 0x3F,
  0x00, 0xFE, 0x03, 0xF0, 0x04, 0x60, 0x00, 0xC0, 0x01, 0xC0, 0x07, 0x80,
  0x0F, 0x80, 0x3F, 0x00, 0x66, 0x01, 0xCE, 0x03, 0x0C, 0x0E, 0x18, 0x18,
  0x38, 0x30, 0x30, 0xE0, 0x61, 0x80, 0xE7, 0x00, 0xFC, 0x01, 0xE0, 0xE0,
  0x38, 0x0F, 0xC0, 0x70, 0x1F, 0x80, 0xE0, 0x3F, 0x01, 0xC0, 0x7E, 0x03,
  0x80, 0xFC, 0x07, 0x01, 0xF8, 0x0E, 0x03, 0xF0, 0x1C, 0x07, 0xE0, 0x38,
  0x0F, 0xC0, 0x70, 0x1F, 0x80, 0xE0, 0x3F, 0x01, 0xC0, 0x7E, 0x03, 0x80,
  0xFC, 0x07, 0x01, 0xF8, 0x0E, 0x03, 0xF0, 0x1C, 0x07, 0xE0, 0x78, 0x1E,
  0xE1, 0xB8, 0x7D, 0xFF, 0x7F, 0xB8, 0xF8, 0x3E, 0x30, 0x1C, 0x00, 0xC7,
  0x80, 0x31, 0xE0, 0x0C, 0x7C, 0x03, 0x1B, 0x80, 0xC6, 0xE0, 0x31, 0x9C,
  0x0C, 0x63, 0x03, 0x18, 0xE0, 0xC6, 0x1C, 0x31, 0x87, 0x0C, 0x60, 0xE3,
  0x18, 0x1C, 0xC6, 0x07, 0x31, 0x80, 0xEC, 0x60, 0x1B, 0x18, 0x07, 0xC6,
  0x00, 0xF1, 0x80, 0x3C, 0x60, 0x07, 0x18, 0x00, 0x06, 0x00, 0x01, 0x80,
  0x00, 0x60, 0x00, 0x18, 0x00, 0x3C, 0x00, 0x0E, 0x00, 0x00, 0xE7, 0xCE,
  0xFE, 0xF8, 0xFF, 0x07, 0xE0, 0x7E, 0x07, 0xE0, 0x7E, 0x07, 0xE0, 0x7E,
  0x07, 0xE0, 0x7E, 0x07, 0xE0, 0x7E, 0x07, 0xE0, 0x70, 0x07, 0x00, 0x70,
  0x07, 0x00, 0x70, 0x07, 0x00, 0x70, 0x07, 0x03, 0xF0, 0x03, 0xFF, 0x03,
  0xC0, 0xF0, 0xE0, 0x1C, 0x70, 0x03, 0x9C, 0x00, 0xEE, 0x00, 0x1F, 0x80,
  0x07, 0xE0, 0x01, 0xFF, 0xFF, 0xFF, 0xFF, 0xFF, 0x80, 0x07, 0xE0, 0x01,
  0xF8, 0x00, 0x77, 0x00, 0x39, 0xC0, 0x0E, 0x38, 0x07, 0x0F, 0x03, 0xC0,
  0xFF, 0xC0, 0x0F, 0xC0, 0x00, 0x00, 0x70, 0x7F, 0x07, 0x1F, 0xFC, 0x73,
  0xC0, 0xEE, 0x38, 0x07, 0xC7, 0x00, 0x38, 0x70, 0x03, 0x8E, 0x00, 0x1C,
  0xE0, 0x01, 0xCE, 0x00, 0x1C, 0xE0, 0x01, 0xCE, 0x00, 0x1C, 0xE0, 0x01,
  0xCE, 0x00, 0x1C, 0xE0, 0x01, 0xC7, 0x00, 0x38, 0x70, 0x03, 0x83, 0x80,
  0x70, 0x3C, 0x0E, 0x00, 0xFF, 0xC0, 0x03, 0xF0, 0x00, 0x00, 0x03, 0x00,
  0x01, 0x80, 0x00, 0xC1, 0xF8, 0xE3, 0xFE, 0xE3, 0xC3, 0xE1, 0xC0, 0xE1,
  0xC0, 0x30, 0xE0, 0x1C, 0x70, 0x0E, 0x38, 0x07, 0x1C, 0x03, 0x8E, 0x01,
  0xC7, 0x00, 0xE1, 0xC0, 0xE0, 0xF0, 0xF0, 0x3F, 0xF0, 0x07, 0xE0, 0x00,
  0x07, 0xE0, 0x7E, 0x07, 0xFE, 0x7F, 0xE3, 0xC1, 0xF8, 0x38, 0xE0, 0x38,
  0x0F, 0x70, 0x07, 0x01, 0xDC, 0x01, 0xC0, 0x7E, 0x00, 0x38, 0x1F, 0x80,
  0x0E, 0x07, 0xE0, 0x03, 0x81, 0xF8, 0x00, 0xE0, 0x7E, 0x00, 0x38, 0x1F,
  0x80, 0x0E, 0x07, 0xE0, 0x03, 0x81, 0xF8, 0x00, 0xE0, 0x77, 0x00, 0x70,
  0x1D, 0xC0, 0x1C, 0x07, 0x38, 0x0E, 0x01, 0xCF, 0x07, 0x80, 0x71, 0xFF,
  0xC0, 0x1C, 0x1F, 0xC0, 0x07, 0x0F, 0x87, 0xC3, 0xFD, 0xFE, 0x78, 0xF8,
  0xF7, 0x07, 0x07, 0xE0, 0x38, 0x7E, 0x03, 0x87, 0xE0, 0x38, 0x7E, 0x03,
  0x87, 0xE0, 0x38, 0x7E, 0x03, 0x87, 0xE0, 0x38, 0x77, 0x07, 0x07, 0x78,
  0xF0, 0x73, 0xFE, 0x07, 0x0F, 0x80, 0x70, 0x00, 0x07, 0x00, 0x00, 0x70,
  0x00, 0x07, 0x00, 0x00, 0x70, 0x00, 0x07, 0x00, 0x00, 0x70, 0x00, 0x07,
  0x7F, 0xF8, 0x7F, 0xFF, 0x33, 0x83, 0xD9, 0xC0, 0xFC, 0xE0, 0x38, 0x70,
  0x1C, 0x38, 0x0E, 0x1C, 0x07, 0x0E, 0x07, 0x07, 0x07, 0x83, 0xFF, 0x81,
  0xFF, 0x00, 0xE0, 0x00, 0x70, 0x00, 0x38, 0x00, 0x1C, 0x00, 0x0E, 0x00,
  0x07, 0x00, 0x03, 0x80, 0x01, 0xC0, 0x00, 0x78, 0x03, 0xC0, 0x38, 0x01,
  0xC0, 0x0E, 0x00, 0x70, 0x03, 0x9F, 0x1D, 0xFC, 0xF8, 0xF7, 0x83, 0xB8,
  0x0F, 0xC0, 0x7E, 0x03, 0xF0, 0x1F, 0x80, 0xFC, 0x07, 0xE0, 0x3F, 0x83,
  0xBE, 0x3D, 0xFF, 0xCE, 0x7C, 0x70, 0x03, 0x80, 0x1C, 0x00, 0xE0, 0x07,
  0x00, 0x38, 0x01, 0xC0, 0x00, 0xE0, 0x03, 0x80, 0x0E, 0x00, 0x3F, 0xF0,
  0xFF, 0xE3, 0x83, 0xCE, 0x07, 0xB8, 0x0E, 0xE0, 0x3B, 0x80, 0xEE, 0x03,
  0xB8, 0x1C, 0xE0, 0xF3, 0xFF, 0x8F, 0xF8, 0x38, 0x70, 0xE0, 0xC3, 0x83,
  0x8E, 0x07, 0x38, 0x1C, 0x00, 0x38, 0x00, 0x70, 0x01, 0xC0, 0x1F, 0xC1,
  0xFF, 0x0C, 0x1C, 0x00, 0x70, 0x03, 0x80, 0x1C, 0x00, 0xE0, 0x1E, 0x03,
  0xF0, 0x7F, 0x0F, 0xE0, 0xF8, 0x0F, 0x00, 0x70, 0x03, 0x80, 0x1C, 0x00,
  0xE0, 0x03, 0xC0, 0xCF, 0xFE, 0x1F, 0xC0, 0x3F, 0x8F, 0xF8, 0x87, 0x80,
  0x70, 0x0E, 0x03, 0xC3, 0xF1, 0xF8, 0x7C, 0x1E, 0x03, 0x80, 0x70, 0x0F,
  0x06, 0xFF, 0xC7, 0xF0, 0xFF, 0xFB, 0xFF, 0xEF, 0x00, 0x1C, 0x00, 0x38,
  0x00, 0x70, 0x00, 0xE0, 0x03, 0xC0, 0x07, 0x00, 0x0E, 0x00, 0x30, 0x01,
  0x80, 0x0E, 0x00, 0x70, 0x01, 0x80, 0x0C, 0x00, 0x70, 0x03, 0x80, 0x0F,
  0xFF, 0xFF, 0xFF, 0x78, 0x0F, 0xC0, 0xCE, 0x0C, 0xE0, 0xCE, 0x0F, 0xE0,
  0x7E, 0x00, 0xE0, 0x0E, 0x00, 0xE0, 0x0E, 0x00, 0xE0, 0x0E, 0x00, 0xE0,
  0x0E, 0x00, 0xE0, 0x0E, 0x00, 0xE0, 0x0E, 0x00, 0xE0, 0x0E, 0x00, 0xE0,
  0x0E, 0x00, 0xE0, 0x0E, 0x00, 0xF0, 0x07, 0xF0, 0x3F, 0x18, 0x0C, 0x0E,
  0x0F, 0xFF, 0xF9, 0xC0, 0xE0, 0x70, 0x38, 0x1C, 0x0E, 0x07, 0x03, 0x81,
  0xC0, 0xE0, 0x78, 0x1F, 0x87, 0xC0, 0x60, 0x30, 0x18, 0x0C, 0x06, 0x1F,
  0x0F, 0x00, 0x7F, 0xFF, 0xFF, 0xFF, 0x0E, 0x06, 0x1C, 0x0C, 0x38, 0x00,
  0x70, 0x00, 0xE0, 0x01, 0xC0, 0x03, 0x80, 0x07, 0x00, 0x0E, 0x00, 0x1C,
  0x00, 0x38, 0x00, 0x70, 0x00, 0xE0, 0x01, 0xC0, 0x03, 0x80, 0x07, 0x00,
  0x0E, 0x00, 0x1C, 0x00, 0x0F, 0x8F, 0xCE, 0x07, 0x03, 0x81, 0xC1, 0xFF,
  0xFF, 0x38, 0x1C, 0x0E, 0x07, 0x03, 0x81, 0xC0, 0xE0, 0x70, 0x38, 0x1C,
  0x0F, 0x03, 0xF0, 0xF8, 0xFF, 0xFF, 0xFF, 0xFC, 0x0E, 0x00, 0x1C, 0x00,
  0x38, 0x00, 0x70, 0x00, 0xE0, 0x01, 0xC0, 0x03, 0x80, 0x07, 0x00, 0x0E,
  0x00, 0x1C, 0x00, 0x38, 0x00, 0x70, 0x00, 0xE0, 0x01, 0xC0, 0x03, 0x80,
  0x07, 0x00, 0x0E, 0x00, 0x1C, 0x00, 0x38, 0x00, 0x70, 0x00, 0xE0, 0x01,
  0xC0, 0x03, 0x80, 0x03, 0xE0, 0x03, 0xC0, 0x00, 0x00, 0x7E, 0x00, 0xE6,
  0xE0, 0x0E, 0x6E, 0x00, 0xEE, 0xE0, 0x0F, 0x8E, 0x00, 0xE0, 0xE0, 0x0E,
  0x0E, 0x00, 0xE0, 0xE0, 0x0E, 0x0E, 0x00, 0xE0, 0xE0, 0x0E, 0x0E, 0x00,
  0xE0, 0xE0, 0x0E, 0x0E, 0x00, 0xE0, 0xE0, 0x0E, 0x0E, 0x00, 0xE0, 0xE0,
  0x0E, 0x07, 0x01, 0xC0, 0x78, 0x3C, 0x03, 0xFF, 0x80, 0x0F, 0xE0, 0x00,
  0x00, 0x03, 0x80, 0x01, 0xC0, 0x00, 0xFC, 0x07, 0x7E, 0x03, 0xF7, 0x01,
  0xF3, 0x80, 0xE1, 0xC0, 0x70, 0xE0, 0x38, 0x70, 0x1C, 0x38, 0x0E, 0x1C,
  0x07, 0x0E, 0x03, 0x87, 0x01, 0xC3, 0x81, 0xE1, 0xE1, 0xF0, 0x7F, 0xB8,
  0x0F, 0x9C, 0x00, 0xFF, 0x1F, 0xFF, 0xE3, 0xFC, 0x38, 0x38, 0x0E, 0x03,
  0x83, 0x80, 0x38, 0xE0, 0x03, 0x9C, 0x00, 0x73, 0x00, 0x0E, 0xE0, 0x00,
  0xFC, 0x00, 0x1F, 0x80, 0x03, 0xF0, 0x00, 0x7E, 0x00, 0x0F, 0xC0, 0x01,
  0xFC, 0x00, 0x73, 0x80, 0x0E, 0x78, 0x03, 0x87, 0xC1, 0xF0, 0x3F, 0xF8,
  0x01, 0xFC, 0x00, 0xE0, 0x79, 0xC0, 0xFB, 0x80, 0x3F, 0x00, 0x7E, 0x00,
  0xFC, 0x01, 0xF8, 0x03, 0xF0, 0x07, 0xE0, 0x0F, 0xC0, 0x3B, 0x80, 0x77,
  0x00, 0xEE, 0x01, 0x9C, 0x07, 0x38, 0x0C, 0x70, 0x38, 0xE0, 0xE0, 0xE3,
  0x81, 0xFE, 0x01, 0xF8, 0x00, 0x60, 0x07, 0x70, 0x0F, 0x38, 0x0C, 0x38,
  0x1C, 0x1C, 0x18, 0x1C, 0x38, 0x0E, 0x30, 0x0E, 0x70, 0x07, 0x70, 0x07,
  0x60, 0x03, 0xE0, 0x01, 0xC0, 0x01, 0xC0, 0x01, 0xC0, 0x01, 0xC0, 0x01,
  0xC0, 0x01, 0xC0, 0x01, 0xC0, 0x01, 0xC0, 0x01, 0xC0, 0xC0, 0x1F, 0xC0,
  0x3D, 0x80, 0xE3, 0x81, 0x87, 0x03, 0x06, 0x0E, 0x0E, 0x18, 0x0C, 0x30,
  0x18, 0xC0, 0x39, 0x80, 0x33, 0x00, 0x6C, 0x00, 0x78, 0x00, 0xF0, 0x01,
  0xC0, 0x01, 0x80, 0x07, 0x00, 0x0C, 0x00, 0x38, 0x00, 0xE0, 0x0F, 0xC0,
  0x1E, 0x00, 0x00, 0xFF, 0xFB, 0xFF, 0xE0, 0x03, 0x80, 0x1C, 0x00, 0x60,
  0x03, 0x80, 0x1C, 0x00, 0x70, 0x03, 0x81, 0xFF, 0xC7, 0xFF, 0x03, 0x80,
  0x0C, 0x00, 0x70, 0x03, 0x80, 0x0C, 0x00, 0x70, 0x03, 0x80, 0x0F, 0xFF,
  0xFF, 0xFF, 0xFF, 0xFF, 0xF0, 0x1C, 0x0E, 0x03, 0x01, 0xCF, 0xFF, 0xFF,
  0x18, 0x0E, 0x03, 0x01, 0x80, 0xE0, 0x3F, 0xFF, 0xFC, 0x7F, 0xF9, 0xFF,
  0xE0, 0x07, 0x00, 0x38, 0x01, 0xC0, 0x07, 0x00, 0x38, 0x01, 0xC0, 0x0E,
  0x00, 0x7F, 0x01, 0xFF, 0x00, 0x1E, 0x00, 0x3C, 0x00, 0x70, 0x01, 0xC0,
  0x07, 0x00, 0x3F, 0x81, 0xEF, 0xFF, 0x0F, 0xF0, 0x7F, 0xF9, 0xFF, 0xE3,
  0x80, 0x07, 0x00, 0x0E, 0x00, 0x38, 0x00, 0x70, 0x00, 0xE0, 0x0F, 0xC0,
  0xFF, 0x07, 0x80, 0x3C, 0x00, 0xE0, 0x03, 0x80, 0x0E, 0x00, 0x38, 0x00,
  0xF0, 0x01, 0xE0, 0x73, 0xFF, 0xC3, 0xFC, 0x7F, 0xF3, 0xFF, 0x8C, 0x00,
  0x70, 0x01, 0xC0, 0x07, 0x00, 0x1C, 0x00, 0x60, 0x01, 0x80, 0x7E, 0x0F,
  0xF0, 0xF0, 0x07, 0x00, 0x70, 0x03, 0x80, 0x1C, 0x00, 0xE0, 0x07, 0x00,
  0x1C, 0x00, 0xF0, 0x33, 0xFF, 0x87, 0xF0, 0xFF, 0xEF, 0xFE, 0x01, 0xC0,
  0x38, 0x07, 0x00, 0xE0, 0x1F, 0x01, 0xFC, 0x03, 0xE0, 0x0F, 0x00, 0x70,
  0x07, 0x00, 0x70, 0x07, 0x00, 0xE3, 0xFE, 0x7F, 0x8E, 0x00, 0xE0, 0x0F,
  0x08, 0x7F, 0x83, 0xF8, 0x1F, 0x83, 0xFF, 0x1C, 0x38, 0x80, 0xE0, 0x07,
  0x00, 0x38, 0x01, 0xC0, 0x1C, 0x00, 0xE3, 0xFF, 0xDF, 0xFE, 0x07, 0x00,
  0x70, 0x07, 0x00, 0x70, 0x03, 0x80, 0x38, 0x03, 0x80, 0x38, 0x01, 0xFF,
  0xFF, 0xFF, 0x80, 0xFF, 0xFB, 0xFF, 0xE3, 0x80, 0x0E, 0x00, 0x38, 0x00,
  0xE0, 0x03, 0x80, 0x0E, 0x00, 0x3F, 0xC0, 0xFF, 0xC0, 0x07, 0x80, 0x0F,
  0x00, 0x1C, 0x00, 0x70, 0x01, 0xC0, 0x07, 0x00, 0x3B, 0x01, 0xEF, 0xFF,
  0x1F, 0xF0, 0x7F, 0xE7, 0xFE, 0x18, 0x01, 0x80, 0x18, 0x01, 0xF8, 0x1F,
  0xE0, 0x0F, 0x00, 0x70, 0x07, 0x00, 0x70, 0x07, 0xC0, 0xEF, 0xFC, 0x3F,
  0x80, 0x18, 0x03, 0x00, 0x60, 0x1C, 0x07, 0xF9, 0xFF, 0x0E, 0x01, 0xC0,
  0x38, 0x07, 0x00, 0xF0, 0x0F, 0xC0, 0x7C, 0x03, 0xC0, 0x38, 0x07, 0xC1,
  0xFF, 0xF9, 0xFC, 0x00, 0xE7, 0xC7, 0x7F, 0x3E, 0x3D, 0xE0, 0xFE, 0x03,
  0xF0, 0x1F, 0x80, 0xFC, 0x07, 0xE0, 0x3F, 0x03, 0xB8, 0x3D, 0xC3, 0xCE,
  0x7C, 0x7F, 0xC3, 0xF8, 0x1C, 0x00, 0xE0, 0x07, 0x00, 0x38, 0x01, 0xC0,
  0x0E, 0x00, 0x70, 0x00, 0xFF, 0xFF, 0xFF, 0xFF, 0xFF, 0xC0, 0xC3, 0xC3,
  0xC3, 0xC3, 0xC3, 0xC3, 0xC3, 0xC3, 0xC3, 0xC3, 0xC3, 0xC3, 0xC3, 0xC3,
  0xC3, 0xC3, 0xC3, 0xC3, 0xC3, 0xC3, 0xC3, 0x0C, 0x01, 0x80, 0x30, 0x06,
  0x00, 0xC0, 0x18, 0x03, 0x07, 0xFF, 0xFF, 0xE1, 0x80, 0x30, 0x06, 0x0F,
  0xFF, 0xFF, 0xC3, 0x00, 0x60, 0x0C, 0x01, 0x80, 0x30, 0x06, 0x00, 0xC0,
  0x6D, 0xB6, 0xDB, 0x6D, 0xB6, 0xC0, 0x1F, 0xF0, 0x00, 0x00, 0x0C, 0x18,
  0x00, 0x00, 0x06, 0x30, 0x00, 0x00, 0x03, 0x60, 0x00, 0x00, 0x01, 0xC0,
  0x00, 0x00, 0x01, 0xC0, 0x00, 0x00, 0x00, 0x00, 0xFF, 0xC0, 0x3F, 0xFE,
  0xFF, 0xF0, 0x3F, 0xFE, 0xE0, 0x78, 0x00, 0x0E, 0xE0, 0x1C, 0x00, 0x1C,
  0xE0, 0x0E, 0x00, 0x38, 0xE0, 0x0E, 0x00, 0x38, 0xE0, 0x07, 0x00, 0x70,
  0xE0, 0x07, 0x00, 0x60, 0xE0, 0x07, 0x00, 0xE0, 0xE0, 0x07, 0x01, 0xC0,
  0xE0, 0x07, 0x01, 0x80, 0xE0, 0x07, 0x03, 0x80, 0xE0, 0x07, 0x03, 0x00,
  0xE0, 0x0F, 0x07, 0x00, 0xE0, 0x0E, 0x0E, 0x00, 0xE0, 0x1E, 0x0C, 0x00,
  0xE0, 0x1C, 0x1C, 0x00, 0xE0, 0x78, 0x38, 0x00, 0xFF, 0xF0, 0x3F, 0xFF,
  0xFF, 0x80, 0x3F, 0xFF, 0x00, 0x00, 0x0C, 0x37, 0xFE, 0x00, 0x37, 0x3F,
  0xFC, 0x01, 0xF1, 0xC0, 0xF0, 0x07, 0x0E, 0x01, 0xC0, 0x00, 0x70, 0x07,
  0x00, 0x03, 0x80, 0x38, 0x7F, 0xFC, 0x00, 0xE3, 0xFF, 0xE0, 0x07, 0x00,
  0x3F, 0x00, 0x38, 0x03, 0xB8, 0x01, 0xC0, 0x39, 0xC0, 0x0E, 0x01, 0xCE,
  0x00, 0x70, 0x1C, 0x70, 0x03, 0x81, 0xC3, 0x80, 0x3C, 0x0C, 0x1C, 0x01,
  0xC0, 0xE0, 0xE0, 0x1E, 0x0E, 0x07, 0x00, 0xE0, 0xE0, 0x38, 0x1E, 0x07,
  0x01, 0xFF, 0xE0, 0x7F, 0xFF, 0xF8, 0x03, 0xFF, 0x80, 0x00, 0x38, 0x30,
  0xC0, 0x07, 0x07, 0x30, 0x00, 0xE0, 0x7C, 0x00, 0x1C, 0x07, 0x80, 0x03,
  0x80, 0x00, 0x00, 0x70, 0x00, 0x07, 0xCE, 0x1F, 0xF9, 0xFD, 0xC3, 0xFF,
  0x78, 0xF8, 0x00, 0xEE, 0x0F, 0x00, 0x3B, 0x80, 0xE0, 0x0E, 0x70, 0x1C,
  0x01, 0xCE, 0x03, 0x80, 0x71, 0xC0, 0x70, 0x1C, 0x38, 0x0E, 0x07, 0x07,
  0x01, 0xC0, 0xE0, 0xE0, 0x38, 0x38, 0x0E, 0x0F, 0x0E, 0x01, 0xE3, 0xE3,
  0xC0, 0x1F, 0xDC, 0x7F, 0xF1, 0xF3, 0x8F, 0xFE, 0xE0, 0x03, 0xF0, 0x01,
  0xF8, 0x00, 0xFC, 0x00, 0x7E, 0x00, 0x3F, 0x00, 0x1F, 0x80, 0x0F, 0xC0,
  0x07, 0xE0, 0x03, 0xF0, 0x01, 0xF8, 0x00, 0xFC, 0x00, 0x7E, 0x00, 0x3F,
  0x00, 0x1F, 0x80, 0x0F, 0xC0, 0x07, 0xE0, 0x03, 0xF0, 0x01, 0xFF, 0xF8,
  0xFF, 0xFC, 0x70, 0x00, 0x38, 0x00, 0x1C, 0x00, 0x1C, 0x00, 0x7E, 0x00,
  0x3C, 0x00, 0x00, 0x03, 0xF0, 0x01, 0xF8, 0x00, 0xFC, 0x00, 0x0E, 0x00,
  0x07, 0x00, 0x03, 0x80, 0x0F, 0xC0, 0x07, 0xE0, 0x03, 0xF0, 0x01, 0xF8,
  0x00, 0xFC, 0x00, 0x7E, 0x00, 0x3F, 0x00, 0x1F, 0x80, 0x0F, 0xC0, 0x07,
  0xE0, 0x03, 0xF0, 0x01, 0xF8, 0x00, 0xFF, 0xFC, 0x7F, 0xFE, 0x38, 0x00,
  0x1C, 0x00, 0x0E, 0x00, 0x07, 0x00, 0x03, 0x80, 0x03, 0xC0, 0x0F, 0xC0,
  0x07, 0xC0, 0xE1, 0xF8, 0x7E, 0x1F, 0x80, 0xE0, 0x38, 0x0E, 0x1F, 0x87,
  0xE1, 0xF8, 0x7E, 0x1F, 0x87, 0xE1, 0xF8, 0x7E, 0x1F, 0x87, 0xE1, 0xF8,
  0x7E, 0x1F, 0x87, 0xE1, 0xC0, 0x70, 0x1C, 0x07, 0x01, 0xC0, 0xF0, 0xF8,
  0x3C, 0xE0, 0x06, 0x0F, 0xE0, 0x0C, 0x1F, 0xC0, 0x18, 0x3F, 0xC0, 0x30,
  0x7D, 0xC0, 0x60, 0xFB, 0x80, 0xC1, 0xF3, 0x81, 0x83, 0xE3, 0x03, 0x07,
  0xC7, 0x06, 0x0F, 0x87, 0x0C, 0x1F, 0x0E, 0x18, 0x3E, 0x0E, 0x30, 0x7C,
  0x0E, 0x60, 0xF8, 0x1C, 0xC1, 0xF0, 0x1D, 0x83, 0xE0, 0x1B, 0x07, 0xC0,
  0x3E, 0x0F, 0x80, 0x3C, 0x1F, 0x00, 0x78, 0x3E, 0x00, 0x70, 0x70, 0x00,
  0x00, 0xE0, 0x00, 0x01, 0xC0, 0x00, 0x07, 0x00, 0x00, 0xFE, 0x00, 0x01,
  0xF0, 0x00, 0x00, 0x0F, 0xC0, 0x0C, 0x1F, 0xC0, 0x18, 0x3F, 0x80, 0x30,
  0x0F, 0x80, 0x60, 0x1B, 0x80, 0xC0, 0x37, 0x01, 0x83, 0xE7, 0x03, 0x07,
  0xC6, 0x06, 0x0F, 0x8E, 0x0C, 0x1F, 0x0E, 0x18, 0x3E, 0x0C, 0x30, 0x7C,
  0x1C, 0x60, 0xF8, 0x1C, 0xC1, 0xF0, 0x39, 0x83, 0xE0, 0x3B, 0x07, 0xC0,
  0x36, 0x0F, 0x80, 0x7C, 0x1F, 0x00, 0x78, 0x3E, 0x00, 0xF0, 0x7C, 0x00,
  0xE0, 0xE0, 0x00, 0x01, 0xC0, 0x00, 0x03, 0x80, 0x00, 0x07, 0x00, 0x00,
  0x0E, 0x00, 0x00, 0x3C, 0x00, 0x03, 0xF0, 0x00, 0x07, 0xC0, 0x00, 0x00,
  0x70, 0x00, 0x07, 0x00, 0x00, 0x70, 0x00, 0x00, 0x00, 0x00, 0x00, 0x00,
  0x00, 0xE7, 0xC0, 0x7E, 0xFF, 0x07, 0xF8, 0x70, 0x7F, 0x03, 0x87, 0xE0,
  0x38, 0x7E, 0x03, 0x87, 0xE0, 0x38, 0x7E, 0x03, 0x87, 0xE0, 0x38, 0x7E,
  0x03, 0x87, 0xE0, 0x38, 0x7E, 0x03, 0x87, 0xE0, 0x38, 0x7E, 0x03, 0x87,
  0xE0, 0x38, 0x70, 0x00, 0x07, 0x00, 0x00, 0x70, 0x00, 0x07, 0x00, 0x00,
  0x70, 0x00, 0x0F, 0x00, 0x03, 0xE0, 0x00, 0x3C, 0x0C, 0x18, 0x01, 0xCC,
  0x00, 0x3E, 0x00, 0x07, 0x80, 0x01, 0xC0, 0x00, 0x00, 0x00, 0x1C, 0x00,
  0x07, 0x00, 0x01, 0xE0, 0x00, 0xF8, 0x00, 0x37, 0x00, 0x0C, 0xC0, 0x07,
  0x30, 0x01, 0x8E, 0x00, 0xE1, 0x80, 0x38, 0x70, 0x0C, 0x1C, 0x07, 0x03,
  0x01, 0xFF, 0xE0, 0xFF, 0xF8, 0x38, 0x06, 0x0C, 0x01, 0xC7, 0x00, 0x31,
  0x80, 0x0E, 0x60, 0x03, 0xB8, 0x00, 0x60, 0x30, 0x61, 0x8C, 0x0D, 0x80,
  0xF0, 0x07, 0x00, 0x00, 0x00, 0x00, 0xFC, 0x3F, 0xE1, 0x0F, 0x00, 0x70,
  0x07, 0x00, 0x71, 0xFF, 0x7F, 0xFF, 0x07, 0xE0, 0x7E, 0x07, 0xE0, 0xFF,
  0x1F, 0x7F, 0x73, 0xE3, 0xC1, 0xB1, 0x8D, 0x87, 0xC1, 0xC0, 0x01, 0xFC,
  0xFE, 0x1C, 0x0E, 0x07, 0x03, 0x81, 0xC0, 0xE0, 0x70, 0x38, 0x1C, 0x0E,
  0x07, 0x03, 0x81, 0xC0, 0xE0, 0x70, 0x38, 0x7F, 0x3F, 0x80, 0xC1, 0xB1,
  0x9D, 0x87, 0xC1, 0xC0, 0x00, 0x70, 0x38, 0x1C, 0x0E, 0x07, 0x03, 0x81,
  0xC0, 0xE0, 0x70, 0x38, 0x1C, 0x0E, 0x07, 0x03, 0x81, 0xC0, 0x06, 0x18,
  0x00, 0xCC, 0x00, 0x1E, 0x00, 0x07, 0x00, 0x00, 0x00, 0x00, 0x00, 0x00,
  0x3F, 0x00, 0x3F, 0xF0, 0x3E, 0x0F, 0x0E, 0x01, 0xC7, 0x00, 0x39, 0xC0,
  0x0E, 0xE0, 0x01, 0xF8, 0x00, 0x7E, 0x00, 0x1F, 0x80, 0x07, 0xE0, 0x01,
  0xF8, 0x00, 0x7E, 0x00, 0x1F, 0x80, 0x07, 0x70, 0x03, 0x9C, 0x00, 0xE3,
  0x80, 0x70, 0xF0, 0x3C, 0x0F, 0xFC, 0x00, 0xFC, 0x00, 0x10, 0x20, 0x63,
  0x80, 0xDC, 0x01, 0xE0, 0x03, 0x00, 0x00, 0x00, 0x00, 0x03, 0xF0, 0x3F,
  0xF1, 0xE1, 0xE7, 0x03, 0xB8, 0x07, 0xE0, 0x1F, 0x80, 0x7E, 0x01, 0xF8,
  0x07, 0xE0, 0x1F, 0x80, 0x77, 0x03, 0x9E, 0x1E, 0x3F, 0xF0, 0x3F, 0x00,
  0x0C, 0x60, 0x1D, 0xC0, 0x1F, 0x00, 0x1C, 0x00, 0x00, 0x00, 0x00, 0x38,
  0x03, 0xF0, 0x07, 0xE0, 0x0F, 0xC0, 0x1F, 0x80, 0x3F, 0x00, 0x7E, 0x00,
  0xFC, 0x01, 0xF8, 0x03, 0xF0, 0x07, 0xE0, 0x0F, 0xC0, 0x1F, 0x80, 0x3F,
  0x00, 0x7E, 0x00, 0xFC, 0x01, 0xDC, 0x07, 0x3C, 0x1C, 0x3F, 0xF0, 0x1F,
  0xC0, 0x30, 0x60, 0xC7, 0x03, 0x70, 0x1F, 0x00, 0x70, 0x00, 0x00, 0x00,
  0x1C, 0x07, 0xE0, 0x3F, 0x01, 0xF8, 0x0F, 0xC0, 0x7E, 0x03, 0xF0, 0x1F,
  0x80, 0xFC, 0x07, 0xE0, 0x3F, 0x01, 0xF8, 0x1F, 0xE1, 0xF7, 0xFB, 0x8F,
  0x9C, 0x1F, 0xF0, 0x3F, 0xE0, 0x00, 0x00, 0x00, 0x01, 0xC7, 0x03, 0x8E,
  0x00, 0x00, 0x00, 0x00, 0xE0, 0x0F, 0xC0, 0x1F, 0x80, 0x3F, 0x00, 0x7E,
  0x00, 0xFC, 0x01, 0xF8, 0x03, 0xF0, 0x07, 0xE0, 0x0F, 0xC0, 0x1F, 0x80,
  0x3F, 0x00, 0x7E, 0x00, 0xFC, 0x01, 0xF8, 0x03, 0xF0, 0x07, 0x70, 0x1C,
  0xF0, 0x70, 0xFF, 0xC0, 0x7F, 0x00, 0x3F, 0xC1, 0xFE, 0x00, 0x00, 0x73,
  0x83, 0x9C, 0x00, 0x00, 0x00, 0x00, 0x00, 0xE0, 0x3F, 0x01, 0xF8, 0x0F,
  0xC0, 0x7E, 0x03, 0xF0, 0x1F, 0x80, 0xFC, 0x07, 0xE0, 0x3F, 0x01, 0xF8,
  0x0F, 0xC0, 0xFF, 0x0F, 0xBF, 0xDC, 0xFC, 0xE0, 0x00, 0x70, 0x01, 0xC0,
  0x07, 0x00, 0x18, 0x00, 0x00, 0x03, 0x8E, 0x07, 0x1C, 0x00, 0x00, 0x00,
  0x01, 0xC0, 0x1F, 0x80, 0x3F, 0x00, 0x7E, 0x00, 0xFC, 0x01, 0xF8, 0x03,
  0xF0, 0x07, 0xE0, 0x0F, 0xC0, 0x1F, 0x80, 0x3F, 0x00, 0x7E, 0x00, 0xFC,
  0x01, 0xF8, 0x03, 0xF0, 0x07, 0xE0, 0x0E, 0xE0, 0x39, 0xE0, 0xE1, 0xFF,
  0x80, 0xFE, 0x00, 0x01, 0xC0, 0x1C, 0x00, 0xC0, 0x0C, 0x01, 0x9C, 0x0C,
  0xE0, 0x00, 0x00, 0x00, 0x00, 0x07, 0x01, 0xF8, 0x0F, 0xC0, 0x7E, 0x03,
  0xF0, 0x1F, 0x80, 0xFC, 0x07, 0xE0, 0x3F, 0x01, 0xF8, 0x0F, 0xC0, 0x7E,
  0x07, 0xF8, 0x7D, 0xFE, 0xE7, 0xE7, 0x10, 0x10, 0x18, 0xC0, 0x3B, 0x00,
  0x3E, 0x00, 0x38, 0x00, 0x00, 0x07, 0x1C, 0x0E, 0x38, 0x00, 0x00, 0x00,
  0x03, 0x80, 0x3F, 0x00, 0x7E, 0x00, 0xFC, 0x01, 0xF8, 0x03, 0xF0, 0x07,
  0xE0, 0x0F, 0xC0, 0x1F, 0x80, 0x3F, 0x00, 0x7E, 0x00, 0xFC, 0x01, 0xF8,
  0x03, 0xF0, 0x07, 0xE0, 0x0F, 0xC0, 0x1D, 0xC0, 0x73, 0xC1, 0xC3, 0xFF,
  0x01, 0xFC, 0x00, 0x30, 0x60, 0xCE, 0x03, 0xE0, 0x1E, 0x00, 0x60, 0x0C,
  0xE0, 0x67, 0x00, 0x00, 0x00, 0x00, 0x00, 0x38, 0x0F, 0xC0, 0x7E, 0x03,
  0xF0, 0x1F, 0x80, 0xFC, 0x07, 0xE0, 0x3F, 0x01, 0xF8, 0x0F, 0xC0, 0x7E,
  0x03, 0xF0, 0x3F, 0xC3, 0xEF, 0xF7, 0x3F, 0x38, 0x1E, 0x00, 0x1C, 0x00,
  0x1C, 0x00, 0x0C, 0x00, 0x00, 0x03, 0x8E, 0x07, 0x1C, 0x00, 0x00, 0x00,
  0x01, 0xC0, 0x1F, 0x80, 0x3F, 0x00, 0x7E, 0x00, 0xFC, 0x01, 0xF8, 0x03,
  0xF0, 0x07, 0xE0, 0x0F, 0xC0, 0x1F, 0x80, 0x3F, 0x00, 0x7E, 0x00, 0xFC,
  0x01, 0xF8, 0x03, 0xF0, 0x07, 0xE0, 0x0E, 0xE0, 0x39, 0xE0, 0xE1, 0xFF,
  0x80, 0xFE, 0x00, 0x18, 0x00, 0x60, 0x03, 0x80, 0x0C, 0x01, 0x9C, 0x0C,
  0xE0, 0x00, 0x00, 0x00, 0x00, 0x07, 0x01, 0xF8, 0x0F, 0xC0, 0x7E, 0x03,
  0xF0, 0x1F, 0x80, 0xFC, 0x07, 0xE0, 0x3F, 0x01, 0xF8, 0x0F, 0xC0, 0x7E,
  0x07, 0xF8, 0x7D, 0xFE, 0xE7, 0xE7, 0x3F, 0x83, 0xFF, 0x10, 0x3C, 0x00,
  0xE0, 0x03, 0x80, 0x1C, 0x00, 0xFF, 0xFF, 0xFF, 0xFF, 0x01, 0xF8, 0x0E,
  0xE0, 0xE7, 0x0F, 0x1F, 0xF0, 0x3E, 0x00, 0x07, 0xF8, 0x01, 0xFE, 0x00,
  0x00, 0x00, 0x00, 0x00, 0x07, 0x38, 0x01, 0xCE, 0x00, 0x00, 0x00, 0x00,
  0x00, 0x00, 0xC0, 0x00, 0x38, 0x00, 0x1E, 0x00, 0x07, 0x80, 0x03, 0xF0,
  0x00, 0xCC, 0x00, 0x33, 0x00, 0x1C, 0xE0, 0x06, 0x18, 0x03, 0x87, 0x00,
  0xE1, 0xC0, 0x30, 0x30, 0x1F, 0xFE, 0x07, 0xFF, 0x83, 0x80, 0x70, 0xE0,
  0x1C, 0x30, 0x03, 0x1C, 0x00, 0xE6, 0x00, 0x19, 0x80, 0x07, 0x3F, 0xE3,
  0xFE, 0x00, 0x03, 0x8E, 0x38, 0xE0, 0x00, 0x00, 0x00, 0x00, 0x1F, 0xC7,
  0xFE, 0x20, 0xF0, 0x07, 0x00, 0x70, 0x07, 0x1F, 0xF7, 0xFF, 0xF0, 0x7E,
  0x07, 0xE0, 0x7E, 0x0F, 0xF1, 0xF7, 0xF3, 0x3E, 0x30, 0x07, 0xF8, 0x01,
  0xFE, 0x00, 0x00, 0x00, 0x00, 0x00, 0x00, 0xE0, 0x00, 0x38, 0x00, 0x0E,
  0x00, 0x00, 0x00, 0x00, 0xE0, 0x00, 0x38, 0x00, 0x1F, 0x00, 0x06, 0xC0,
  0x01, 0xB0, 0x00, 0xEE, 0x00, 0x31, 0x80, 0x1C, 0x60, 0x07, 0x1C, 0x01,
  0x83, 0x00, 0xE0, 0xC0, 0x30, 0x38, 0x1F, 0xFE, 0x07, 0xFF, 0x81, 0x80,
  0x70, 0xE0, 0x1C, 0x30, 0x03, 0x1C, 0x00, 0xE6, 0x00, 0x19, 0x80, 0x07,
  0x3F, 0xC3, 0xFC, 0x00, 0x00, 0x70, 0x07, 0x00, 0x70, 0x00, 0x00, 0x00,
  0x1F, 0xC7, 0xFE, 0x20, 0xF0, 0x07, 0x00, 0x70, 0x07, 0x1F, 0xF7, 0xFF,
  0xF0, 0x7E, 0x07, 0xE0, 0x7E, 0x0F, 0xF1, 0xF7, 0xF7, 0x3E, 0x30, 0x00,
  0x7F, 0x80, 0x01, 0xFE, 0x00, 0x00, 0x00, 0x00, 0x00, 0x00, 0x00, 0x7F,
  0xFC, 0x03, 0xFF, 0xF0, 0x0C, 0xE0, 0x00, 0x73, 0x80, 0x01, 0x8E, 0x00,
  0x0E, 0x38, 0x00, 0x30, 0xE0, 0x01, 0xC3, 0x80, 0x07, 0x0E, 0x00, 0x38,
  0x3F, 0xF0, 0xE0, 0xFF, 0xC7, 0x03, 0x80, 0x1F, 0xFE, 0x00, 0x7F, 0xF8,
  0x03, 0x80, 0xE0, 0x0C, 0x03, 0x80, 0x70, 0x0E, 0x01, 0x80, 0x38, 0x0E,
  0x00, 0xFF, 0xF0, 0x03, 0xFF, 0x01, 0xFE, 0x00, 0x0F, 0xF0, 0x00, 0x00,
  0x00, 0x00, 0x00, 0x01, 0xF8, 0x7C, 0x1F, 0xE7, 0xF0, 0xC3, 0xE1, 0xC0,
  0x0F, 0x0F, 0x00, 0x70, 0x38, 0x03, 0x81, 0xC7, 0xFF, 0xFE, 0xFF, 0xFF,
  0xFF, 0x07, 0x00, 0x70, 0x38, 0x03, 0x81, 0xC0, 0x1C, 0x1F, 0x00, 0xF1,
  0xDC, 0x13, 0xFC, 0xFF, 0x8F, 0x81, 0xF8, 0x01, 0xFE, 0x03, 0xFF, 0xC1,
  0xE0, 0x30, 0xE0, 0x00, 0x78, 0x00, 0x1C, 0x00, 0x06, 0x00, 0x03, 0x80,
  0x00, 0xE0, 0x00, 0x38, 0x0F, 0xEE, 0x03, 0xFB, 0x80, 0x0E, 0xE0, 0x03,
  0xB8, 0x0F, 0xF7, 0x03, 0xFD, 0xC0, 0x0E, 0x38, 0x03, 0x87, 0x80, 0xE0,
  0xFF, 0xF8, 0x0F, 0xF8, 0x1F, 0x38, 0x7F, 0x71, 0xE3, 0xE3, 0x83, 0xCE,
  0x03, 0x9C, 0x07, 0x38, 0x0E, 0x70, 0x1C, 0xE0, 0x39, 0xC0, 0x73, 0x80,
  0xE3, 0x83, 0xC7, 0x8F, 0x87, 0xF7, 0x07, 0xCE, 0x00, 0x1C, 0x03, 0xFE,
  0x07, 0xFC, 0x01, 0xE3, 0x07, 0x87, 0xFE, 0x07, 0xF8, 0x00, 0x07, 0x0C,
  0x01, 0xCC, 0x00, 0x7C, 0x00, 0x1C, 0x00, 0x00, 0x00, 0x00, 0x00, 0x07,
  0xF8, 0x1F, 0xFE, 0x1F, 0x03, 0x1E, 0x00, 0x1E, 0x00, 0x0E, 0x00, 0x0F,
  0x00, 0x07, 0x00, 0x03, 0x80, 0x01, 0xC0, 0x7F, 0xE0, 0x3F, 0xF0, 0x01,
  0xF8, 0x00, 0xFE, 0x00, 0x77, 0x00, 0x3B, 0x80, 0x1C, 0xE0, 0x0E, 0x3C,
  0x07, 0x0F, 0xFF, 0x81, 0xFF, 0x00, 0x30, 0x60, 0xC6, 0x03, 0x60, 0x0E,
  0x00, 0x70, 0x00, 0x00, 0x7C, 0xE7, 0xF7, 0x78, 0xFB, 0x83, 0xF8, 0x0F,
  0xC0, 0x7E, 0x03, 0xF0, 0x1F, 0x80, 0xFC, 0x07, 0xE0, 0x3B, 0x83, 0xDE,
  0x3E, 0x7F, 0x71, 0xF3, 0x80, 0x1C, 0x00, 0xE0, 0x07, 0x00, 0x7B, 0x07,
  0x9F, 0xF8, 0x3F, 0x80, 0x18, 0x70, 0x19, 0xC0, 0x3F, 0x00, 0x3C, 0x00,
  0x30, 0x00, 0x00, 0x38, 0x07, 0x70, 0x1C, 0xE0, 0x71, 0xC0, 0xC3, 0x83,
  0x87, 0x0E, 0x0E, 0x38, 0x1C, 0xE0, 0x3B, 0x80, 0x7F, 0x00, 0xFF, 0x01,
  0xE7, 0x03, 0x8E, 0x07, 0x0E, 0x0E, 0x0E, 0x1C, 0x0E, 0x38, 0x1C, 0x70,
  0x1C, 0xE0, 0x1D, 0xC0, 0x18, 0xC1, 0x80, 0x77, 0x00, 0x3E, 0x00, 0x1C,
  0x00, 0x00, 0x00, 0x00, 0x00, 0x1C, 0x00, 0x1C, 0x00, 0x1C, 0x00, 0x1C,
  0x00, 0x1C, 0x00, 0x1C, 0x00, 0x1C, 0x0E, 0x1C, 0x1C, 0x1C, 0x38, 0x1C,
  0x70, 0x1C, 0xE0, 0x1D, 0xC0, 0x1D, 0x80, 0x1F, 0xC0, 0x1E, 0xE0, 0x1C,
  0x70, 0x1C, 0x30, 0x1C, 0x38, 0x1C, 0x1C, 0x1C, 0x0E, 0x1C, 0x0E, 0x03,
  0xF0, 0x03, 0xFF, 0x03, 0xE0, 0xF0, 0xE0, 0x1C, 0x70, 0x03, 0x9C, 0x00,
  0xEE, 0x00, 0x1F, 0x80, 0x07, 0xE0, 0x01, 0xF8, 0x00, 0x7E, 0x00, 0x1F,
  0x80, 0x07, 0xE0, 0x01, 0xF8, 0x00, 0x77, 0x00, 0x39, 0xC0, 0x0E, 0x38,
  0x07, 0x0F, 0x03, 0xC0, 0xFF, 0xC0, 0x0F, 0xC0, 0x00, 0xC0, 0x00, 0x20,
  0x00, 0x18, 0x00, 0x06, 0x00, 0x01, 0xE0, 0x00, 0x38, 0x00, 0x0F, 0xC0,
  0xFF, 0xC7, 0x87, 0x9C, 0x0E, 0xE0, 0x1F, 0x80, 0x7E, 0x01, 0xF8, 0x07,
  0xE0, 0x1F, 0x80, 0x7E, 0x01, 0xDC, 0x0E, 0x78, 0x78, 0xFF, 0xC0, 0xFC,
  0x00, 0xC0, 0x02, 0x00, 0x18, 0x00, 0x60, 0x01, 0xE0, 0x03, 0x80, 0x07,
  0xF8, 0x01, 0xFE, 0x00, 0x00, 0x00, 0x00, 0x00, 0x03, 0xF0, 0x03, 0xFF,
  0x03, 0xE0, 0xF0, 0xE0, 0x1C, 0x70, 0x03, 0x9C, 0x00, 0xEE, 0x00, 0x1F,
  0x80, 0x07, 0xE0, 0x01, 0xF8, 0x00, 0x7E, 0x00, 0x1F, 0x80, 0x07, 0xE0,
  0x01, 0xF8, 0x00, 0x77, 0x00, 0x39, 0xC0, 0x0E, 0x38, 0x07, 0x0F, 0x03,
  0xC0, 0xFF, 0xC0, 0x0F, 0xC0, 0x00, 0xC0, 0x00, 0x20, 0x00, 0x18, 0x00,
  0x06, 0x00, 0x01, 0xF0, 0x00, 0x3C, 0x00, 0x1F, 0xE0, 0x7F, 0x80, 0x00,
  0x00, 0x00, 0x0F, 0xC0, 0xFF, 0xC7, 0x87, 0x9C, 0x0E, 0xE0, 0x1F, 0x80,
  0x7E, 0x01, 0xF8, 0x07, 0xE0, 0x1F, 0x80, 0x7E, 0x01, 0xDC, 0x0E, 0x78,
  0x78, 0xFF, 0xC0, 0xFC, 0x00, 0xC0, 0x02, 0x00, 0x18, 0x00, 0x60, 0x01,
  0xE0, 0x03, 0x80, 0x38, 0x60, 0x73, 0x00, 0xF8, 0x01, 0xC0, 0x00, 0x00,
  0x00, 0x07, 0xFF, 0x9F, 0xFE, 0x00, 0x70, 0x03, 0x80, 0x1C, 0x00, 0x70,
  0x03, 0x80, 0x1C, 0x00, 0xE0, 0x07, 0xF0, 0x1F, 0xF0, 0x01, 0xE0, 0x03,
  0xC0, 0x07, 0x00, 0x1C, 0x00, 0x70, 0x03, 0xF8, 0x1E, 0xFF, 0xF0, 0xFF,
  0x00, 0x30, 0x60, 0xC6, 0x03, 0x60, 0x1E, 0x00, 0x60, 0x00, 0x01, 0xFF,
  0xCF, 0xFE, 0x00, 0xE0, 0x07, 0x00, 0x70, 0x07, 0x00, 0x70, 0x03, 0x00,
  0x30, 0x03, 0xF0, 0x1F, 0xE0, 0x07, 0x80, 0x1C, 0x00, 0x70, 0x03, 0x80,
  0x1C, 0x00, 0xE0, 0x07, 0x00, 0x76, 0x07, 0xBF, 0xF8, 0x7F, 0x00, 0xC0,
  0x5C, 0x73, 0xB8, 0x7C, 0x0E, 0x00, 0x00, 0xE0, 0x38, 0x0E, 0x03, 0x80,
  0xE0, 0x38, 0x0E, 0x03, 0x80, 0xE0, 0x38, 0x0E, 0x03, 0x80, 0xE0, 0x38,
  0x0E, 0x03, 0x80, 0xE0, 0x38, 0x0E, 0x07, 0x8F, 0xC3, 0xE0, 0xFF, 0xC0,
  0x3F, 0xFE, 0xFF, 0xF0, 0x3F, 0xFE, 0xE0, 0x78, 0x00, 0x0E, 0xE0, 0x1C,
  0x00, 0x1C, 0xE0, 0x0E, 0x00, 0x38, 0xE0, 0x0E, 0x00, 0x38, 0xE0, 0x07,
  0x00, 0x70, 0xE0, 0x07, 0x00, 0x60, 0xE0, 0x07, 0x00, 0xE0, 0xE0, 0x07,
  0x01, 0xC0, 0xE0, 0x07, 0x01, 0x80, 0xE0, 0x07, 0x03, 0x80, 0xE0, 0x07,
  0x03, 0x00, 0xE0, 0x0F, 0x07, 0x00, 0xE0, 0x0E, 0x0E, 0x00, 0xE0, 0x1E,
  0x0C, 0x00, 0xE0, 0x1C, 0x1C, 0x00, 0xE0, 0x78, 0x38, 0x00, 0xFF, 0xF0,
  0x3F, 0xFF, 0xFF, 0x80, 0x3F, 0xFF, 0xFF, 0xC0, 0x00, 0x07, 0xFF, 0x80,
  0x00, 0x38, 0x1E, 0x00, 0x01, 0xC0, 0x38, 0x00, 0x0E, 0x00, 0xE0, 0x00,
  0x70, 0x07, 0x0F, 0xFF, 0x80, 0x1C, 0x7F, 0xFC, 0x00, 0xE0, 0x07, 0xE0,
  0x07, 0x00, 0x77, 0x00, 0x38, 0x07, 0x38, 0x01, 0xC0, 0x39, 0xC0, 0x0E,
  0x03, 0x8E, 0x00, 0x70, 0x38, 0x70, 0x07, 0x81, 0x83, 0x80, 0x38, 0x1C,
  0x1C, 0x03, 0xC1, 0xC0, 0xE0, 0x1C, 0x1C, 0x07, 0x03, 0xC0, 0xE0, 0x3F,
  0xFC, 0x0F, 0xFF, 0xFF, 0x00, 0x7F, 0xF0, 0x00, 0x38, 0x00, 0x00, 0x07,
  0x00, 0x00, 0x00, 0xE0, 0x00, 0x00, 0x1C, 0x00, 0x00, 0x03, 0x80, 0x00,
  0x00, 0x70, 0x00, 0x07, 0xCE, 0x1F, 0xF9, 0xFD, 0xC3, 0xFF, 0x78, 0xF8,
  0x00, 0xEE, 0x0F, 0x00, 0x3B, 0x80, 0xE0, 0x0E, 0x70, 0x1C, 0x01, 0xCE,
  0x03, 0x80, 0x71, 0xC0, 0x70, 0x1C, 0x38, 0x0E, 0x07, 0x07, 0x01, 0xC0,
  0xE0, 0xE0, 0x38, 0x38, 0x0E, 0x0F, 0x0E, 0x01, 0xE3, 0xE3, 0xC0, 0x1F,
  0xDC, 0x7F, 0xF1, 0xF3, 0x8F, 0xFE, 0x00, 0x1C, 0x00, 0x1C, 0x00, 0x1C,
  0x00, 0x18, 0x00, 0x00, 0x00, 0x00, 0x00, 0x07, 0xF8, 0x1F, 0xFE, 0x1F,
  0x03, 0x1E, 0x00, 0x1E, 0x00, 0x0E, 0x00, 0x0F, 0x00, 0x07, 0x00, 0x03,
  0x80, 0x01, 0xC0, 0x7F, 0xE0, 0x3F, 0xF0, 0x01, 0xF8, 0x00, 0xFE, 0x00,
  0x77, 0x00, 0x3B, 0x80, 0x1C, 0xE0, 0x0E, 0x3C, 0x07, 0x0F, 0xFF, 0x81,
  0xFF, 0x00, 0x00, 0xC0, 0x0E, 0x00, 0xE0, 0x06, 0x00, 0x60, 0x00, 0x00,
  0x7C, 0xE7, 0xF7, 0x78, 0xFB, 0x83, 0xF8, 0x0F, 0xC0, 0x7E, 0x03, 0xF0,
  0x1F, 0x80, 0xFC, 0x07, 0xE0, 0x3B, 0x83, 0xDE, 0x3E, 0x7F, 0x71, 0xF3,
  0x80, 0x1C, 0x00, 0xE0, 0x07, 0x00, 0x7B, 0x07, 0x9F, 0xF8, 0x3F, 0x80,
  0xE0, 0x38, 0x07, 0x01, 0xC0, 0x38, 0x0E, 0x01, 0xC0, 0x70, 0x0E, 0x03,
  0x80, 0x70, 0x1C, 0x1F, 0x80, 0xE0, 0xFC, 0x07, 0x07, 0xE0, 0x38, 0x3F,
  0xFF, 0xC1, 0xFF, 0xFE, 0x0F, 0xC0, 0x70, 0x7E, 0x03, 0x83, 0xF0, 0x1C,
  0x1F, 0x80, 0xE0, 0xFC, 0x07, 0x07, 0xE0, 0x38, 0x3F, 0x01, 0xE3, 0xB8,
  0x07, 0xFD, 0xC0, 0x0F, 0x80, 0xC3, 0xE3, 0xBF, 0xCF, 0x87, 0xBC, 0x0F,
  0xF0, 0x1F, 0x80, 0x7E, 0x01, 0xF8, 0x07, 0xE0, 0x1F, 0x80, 0x7E, 0x03,
  0xB8, 0x0E, 0xE0, 0x7B, 0x81, 0xCE, 0x0E, 0x38, 0x78, 0xE3, 0xC3, 0xBC,
  0x0F, 0xE0, 0x3E, 0x00, 0xE0, 0x03, 0x80, 0x0E, 0x00, 0x38, 0x00, 0xE0,
  0x03, 0x80, 0x0E, 0x00, 0x00, 0x0E, 0x00, 0x0E, 0x00, 0x0C, 0x00, 0x0C,
  0x00, 0x08, 0x00, 0x00, 0x38, 0x01, 0xF8, 0x03, 0xF0, 0x07, 0xF0, 0x0F,
  0x70, 0x1E, 0xE0, 0x3C, 0xE0, 0x78, 0xC0, 0xF1, 0xC1, 0xE1, 0xC3, 0xC3,
  0x87, 0x83, 0x8F, 0x03, 0x9E, 0x07, 0x3C, 0x07, 0x78, 0x06, 0xF0, 0x0F,
  0xE0, 0x0F, 0xC0, 0x1F, 0x80, 0x1C, 0x1C, 0x00, 0x70, 0x01, 0x80, 0x06,
  0x00, 0x10, 0x00, 0x03, 0x9F, 0x1D, 0xFE, 0xF8, 0x77, 0x81, 0xF8, 0x0F,
  0xC0, 0x7E, 0x03, 0xF0, 0x1F, 0x80, 0xFC, 0x07, 0xE0, 0x3F, 0x01, 0xF8,
  0x0F, 0xC0, 0x7E, 0x03, 0x80, 0x00, 0x38, 0x00, 0x1C, 0x00, 0x0E, 0x00,
  0x07, 0x00, 0x00, 0x00, 0x00, 0x78, 0x00, 0x3F, 0x00, 0x08, 0xC0, 0x02,
  0x30, 0x00, 0x8C, 0x00, 0x1E, 0x00, 0x07, 0x80, 0x03, 0x70, 0x00, 0xDC,
  0x00, 0x33, 0x00, 0x18, 0xE0, 0x06, 0x18, 0x03, 0x87, 0x00, 0xC0, 0xC0,
  0x70, 0x38, 0x1F, 0xFE, 0x07, 0xFF, 0x83, 0x80, 0x70, 0xC0, 0x0C, 0x70,
  0x03, 0x98, 0x00, 0x6E, 0x00, 0x1C, 0x01, 0xE0, 0x3C, 0x07, 0x00, 0x00,
  0x07, 0x80, 0xFC, 0x08, 0xC0, 0x8C, 0x0F, 0xC0, 0x78, 0x00, 0x00, 0x00,
  0x0F, 0xC3, 0xFE, 0x10, 0xF0, 0x07, 0x00, 0x70, 0x07, 0x1F, 0xF7, 0xFF,
  0xF0, 0x7E, 0x07, 0xE0, 0x7E, 0x0F, 0xF1, 0xF7, 0xFB, 0x3F, 0x30, 0x00,
  0x01, 0x80, 0x00, 0x0E, 0x00, 0x00, 0x70, 0x00, 0x03, 0x80, 0x00, 0x0C,
  0x00, 0x00, 0x00, 0x00, 0x07, 0xFF, 0xC0, 0x3F, 0xFF, 0x00, 0xCE, 0x00,
  0x07, 0x38, 0x00, 0x18, 0xE0, 0x00, 0xE3, 0x80, 0x03, 0x0E, 0x00, 0x1C,
  0x38, 0x00, 0x70, 0xE0, 0x01, 0x83, 0xFF, 0x0E, 0x0F, 0xFC, 0x30, 0x38,
  0x01, 0xFF, 0xE0, 0x07, 0xFF, 0x80, 0x38, 0x0E, 0x00, 0xC0, 0x38, 0x07,
  0x00, 0xE0, 0x18, 0x03, 0x80, 0xE0, 0x0F, 0xFF, 0x00, 0x3F, 0xF0, 0x00,
  0x0E, 0x00, 0x00, 0x60, 0x00, 0x06, 0x00, 0x00, 0x70, 0x00, 0x07, 0x00,
  0x00, 0x00, 0x00, 0x00, 0x00, 0x03, 0xF0, 0xF8, 0x3F, 0xCF, 0xE1, 0x87,
  0xC3, 0x80, 0x1E, 0x1E, 0x00, 0xE0, 0x70, 0x07, 0x03, 0x8F, 0xFF, 0xFD,
  0xFF, 0xFF, 0xFE, 0x0E, 0x00, 0xE0, 0x70, 0x07, 0x03, 0x80, 0x38, 0x3E,
  0x01, 0xE3, 0xB8, 0x27, 0xF9, 0xFF, 0x1F, 0x03, 0xF0, 0x00, 0x38, 0x00,
  0x1C, 0x00, 0x06, 0x00, 0x03, 0x00, 0x00, 0x00, 0x00, 0x00, 0x00, 0x7F,
  0x38, 0x3F, 0xFC, 0x3E, 0x1E, 0x0E, 0x03, 0xC7, 0x01, 0xF9, 0xC0, 0x6E,
  0xE0, 0x31, 0xF8, 0x1C, 0x7E, 0x06, 0x1F, 0x83, 0x07, 0xE1, 0xC1, 0xF8,
  0x60, 0x7E, 0x30, 0x1F, 0x9C, 0x07, 0x76, 0x03, 0x9F, 0x00, 0xE3, 0xC0,
  0x70, 0x70, 0x38, 0x3F, 0xFC, 0x1C, 0xFC, 0x00, 0x00, 0x00, 0x00, 0xE0,
  0x03, 0x00, 0x1C, 0x00, 0xE0, 0x03, 0x00, 0x00, 0x00, 0x01, 0x03, 0xE6,
  0x3F, 0xF9, 0xE1, 0xC7, 0x07, 0xB8, 0x36, 0xE1, 0xDF, 0x86, 0x7E, 0x31,
  0xF9, 0x87, 0xE6, 0x1D, 0xB0, 0x77, 0x83, 0x8E, 0x1E, 0x3F, 0xF1, 0xBF,
  0x02, 0x00, 0x00, 0x1C, 0xC0, 0x03, 0x38, 0x00, 0x67, 0x00, 0x08, 0xC0,
  0x00, 0x00, 0x00, 0x00, 0x00, 0x1C, 0x00, 0x07, 0x00, 0x01, 0xE0, 0x00,
  0xF8, 0x00, 0x37, 0x00, 0x0C, 0xC0, 0x07, 0x30, 0x01, 0x8E, 0x00, 0xE1,
  0x80, 0x38, 0x70, 0x0C, 0x1C, 0x07, 0x03, 0x01, 0xFF, 0xE0, 0xFF, 0xF8,
  0x38, 0x06, 0x0C, 0x01, 0xC7, 0x00, 0x31, 0x80, 0x0E, 0x60, 0x03, 0xB8,
  0x00, 0x60, 0x77, 0x07, 0x30, 0x39, 0x80, 0x8C, 0x00, 0x00, 0x00, 0x0F,
  0xC3, 0xFE, 0x10, 0xF0, 0x07, 0x00, 0x70, 0x07, 0x1F, 0xF7, 0xFF, 0xF0,
  0x7E, 0x07, 0xE0, 0x7E, 0x0F, 0xF1, 0xF7, 0xF7, 0x3E, 0x30, 0x03, 0xE0,
  0x01, 0xFC, 0x00, 0x61, 0x80, 0x00, 0x00, 0x00, 0x00, 0x00, 0x30, 0x00,
  0x1E, 0x00, 0x07, 0x80, 0x03, 0xE0, 0x00, 0xDC, 0x00, 0x33, 0x00, 0x1C,
  0xC0, 0x06, 0x38, 0x03, 0x86, 0x00, 0xE1, 0xC0, 0x30, 0x70, 0x1C, 0x0C,
  0x07, 0xFF, 0x81, 0xFF, 0xE0, 0xE0, 0x18, 0x30, 0x07, 0x1C, 0x00, 0xC7,
  0x00, 0x39, 0x80, 0x0E, 0xE0, 0x01, 0x80, 0x07, 0x81, 0xFC, 0x18, 0xC1,
  0x04, 0x00, 0x00, 0x00, 0x0F, 0xC3, 0xFE, 0x10, 0xF0, 0x07, 0x00, 0x70,
  0x07, 0x1F, 0xF7, 0xFF, 0xF0, 0x7E, 0x07, 0xE0, 0x7E, 0x0F, 0xF1, 0xF7,
  0xF7, 0x3E, 0x30, 0xE7, 0x0E, 0x60, 0xC6, 0x0C, 0x40, 0x00, 0x00, 0x3F,
  0xFF, 0xFF, 0xE0, 0x1C, 0x03, 0x80, 0x70, 0x0E, 0x01, 0xC0, 0x38, 0x07,
  0xFF, 0xFF, 0xFC, 0x03, 0x80, 0x70, 0x0E, 0x01, 0xC0, 0x38, 0x07, 0x00,
  0xFF, 0xFF, 0xFC, 0xF7, 0x03, 0x9C, 0x0E, 0x60, 0x31, 0x80, 0x00, 0x00,
  0x00, 0x3E, 0x07, 0xFC, 0x78, 0x73, 0x83, 0xB8, 0x0F, 0xC0, 0x7F, 0xFF,
  0xFF, 0xFF, 0x80, 0x1C, 0x00, 0xE0, 0x03, 0x80, 0x1E, 0x04, 0x7F, 0xE0,
  0xFE, 0x00, 0x0F, 0x07, 0xF0, 0xC3, 0x00, 0x00, 0x01, 0xFF, 0xFF, 0xFF,
  0x00, 0xE0, 0x1C, 0x03, 0x80, 0x70, 0x0E, 0x01, 0xC0, 0x3F, 0xFF, 0xFF,
  0xE0, 0x1C, 0x03, 0x80, 0x70, 0x0E, 0x01, 0xC0, 0x38, 0x07, 0xFF, 0xFF,
  0xE0, 0x0F, 0x80, 0xFE, 0x06, 0x30, 0x60, 0xC0, 0x00, 0x00, 0x00, 0x3E,
  0x07, 0xFC, 0x78, 0x73, 0x83, 0xB8, 0x0F, 0xC0, 0x7F, 0xFF, 0xFF, 0xFF,
  0x80, 0x1C, 0x00, 0xE0, 0x03, 0x80, 0x1E, 0x04, 0x7F, 0xE0, 0xFE, 0x00,
  0x67, 0x1C, 0xE3, 0x18, 0x63, 0x00, 0x00, 0x01, 0xFC, 0x7F, 0x07, 0x01,
  0xC0, 0x70, 0x1C, 0x07, 0x01, 0xC0, 0x70, 0x1C, 0x07, 0x01, 0xC0, 0x70,
  0x1C, 0x07, 0x01, 0xC0, 0x70, 0x1C, 0x1F, 0xC7, 0xF0, 0xE7, 0x1C, 0xE3,
  0x1C, 0x63, 0x00, 0x00, 0x00, 0x70, 0x1C, 0x07, 0x01, 0xC0, 0x70, 0x1C,
  0x07, 0x01, 0xC0, 0x70, 0x1C, 0x07, 0x01, 0xC0, 0x70, 0x1C, 0x07, 0x00,
  0x3E, 0x3F, 0xB0, 0x60, 0x00, 0x03, 0xF9, 0xFC, 0x38, 0x1C, 0x0E, 0x07,
  0x03, 0x81, 0xC0, 0xE0, 0x70, 0x38, 0x1C, 0x0E, 0x07, 0x03, 0x81, 0xC0,
  0xE0, 0x70, 0xFE, 0x7F, 0x00, 0x3E, 0x3F, 0xB0, 0x58, 0x20, 0x00, 0x00,
  0x70, 0x38, 0x1C, 0x0E, 0x07, 0x03, 0x81, 0xC0, 0xE0, 0x70, 0x38, 0x1C,
  0x0E, 0x07, 0x03, 0x81, 0xC0, 0x1C, 0xE0, 0x03, 0x98, 0x00, 0x63, 0x00,
  0x0C, 0x40, 0x00, 0x00, 0x00, 0x00, 0x00, 0x3F, 0x00, 0x3F, 0xF0, 0x3E,
  0x0F, 0x0E, 0x01, 0xC7, 0x00, 0x39, 0xC0, 0x0E, 0xE0, 0x01, 0xF8, 0x00,
  0x7E, 0x00, 0x1F, 0x80, 0x07, 0xE0, 0x01, 0xF8, 0x00, 0x7E, 0x00, 0x1F,
  0x80, 0x07, 0x70, 0x03, 0x9C, 0x00, 0xE3, 0x80, 0x70, 0xF0, 0x3C, 0x0F,
  0xFC, 0x00, 0xFC, 0x00, 0x73, 0x80, 0xE6, 0x01, 0x8C, 0x03, 0x10, 0x00,
  0x00, 0x00, 0x00, 0xFC, 0x0F, 0xFC, 0x78, 0x79, 0xC0, 0xEE, 0x01, 0xF8,
  0x07, 0xE0, 0x1F, 0x80, 0x7E, 0x01, 0xF8, 0x07, 0xE0, 0x1D, 0xC0, 0xE7,
  0x87, 0x8F, 0xFC, 0x0F, 0xC0, 0x01, 0xE0, 0x00, 0xFC, 0x00, 0x61, 0x80,
  0x18, 0x60, 0x00, 0x00, 0x00, 0x00, 0x00, 0x3F, 0x00, 0x3F, 0xF0, 0x3E,
  0x0F, 0x0E, 0x01, 0xC7, 0x00, 0x39, 0xC0, 0x0E, 0xE0, 0x01, 0xF8, 0x00,
  0x7E, 0x00, 0x1F, 0x80, 0x07, 0xE0, 0x01, 0xF8, 0x00, 0x7E, 0x00, 0x1F,
  0x80, 0x07, 0x70, 0x03, 0x9C, 0x00, 0xE3, 0x80, 0x70, 0xF0, 0x3C, 0x0F,
  0xFC, 0x00, 0xFC, 0x00, 0x07, 0x80, 0x3F, 0x01, 0x86, 0x06, 0x18, 0x00,
  0x00, 0x00, 0x00, 0xFC, 0x0F, 0xFC, 0x78, 0x79, 0xC0, 0xEE, 0x01, 0xF8,
  0x07, 0xE0, 0x1F, 0x80, 0x7E, 0x01, 0xF8, 0x07, 0xE0, 0x1D, 0xC0, 0xE7,
  0x87, 0x8F, 0xFC, 0x0F, 0xC0, 0xE7, 0x01, 0xCC, 0x03, 0x18, 0x06, 0x20,
  0x00, 0x00, 0x00, 0x0F, 0xF8, 0x3F, 0xF8, 0xE0, 0xF3, 0x81, 0xEE, 0x03,
  0xB8, 0x0E, 0xE0, 0x3B, 0x80, 0xEE, 0x07, 0x38, 0x3C, 0xFF, 0xE3, 0xFE,
  0x0E, 0x18, 0x38, 0x70, 0xE0, 0xE3, 0x81, 0x8E, 0x07, 0x38, 0x0E, 0xE0,
  0x3B, 0x80, 0x70, 0xE3, 0x0E, 0x70, 0xE7, 0x0E, 0x60, 0x00, 0x00, 0x0E,
  0x79, 0xDF, 0x3E, 0x07, 0x80, 0xF0, 0x1C, 0x03, 0x80, 0x70, 0x0E, 0x01,
  0xC0, 0x38, 0x07, 0x00, 0xE0, 0x1C, 0x03, 0x80, 0x0F, 0x80, 0x7F, 0x03,
  0x0C, 0x00, 0x00, 0x00, 0x03, 0xFE, 0x0F, 0xFE, 0x38, 0x3C, 0xE0, 0x7B,
  0x80, 0xEE, 0x03, 0xB8, 0x0E, 0xE0, 0x3B, 0x81, 0xCE, 0x0F, 0x3F, 0xF8,
  0xFF, 0x83, 0x86, 0x0E, 0x1C, 0x38, 0x38, 0xE0, 0x63, 0x81, 0xCE, 0x03,
  0xB8, 0x0E, 0xE0, 0x1C, 0x3E, 0x3F, 0xB8, 0x58, 0x20, 0x00, 0x03, 0x9F,
  0xDE, 0xF8, 0x78, 0x38, 0x1C, 0x0E, 0x07, 0x03, 0x81, 0xC0, 0xE0, 0x70,
  0x38, 0x1C, 0x0E, 0x00, 0x3B, 0x80, 0x33, 0x00, 0x33, 0x00, 0x23, 0x00,
  0x00, 0x00, 0x00, 0x38, 0x03, 0xF0, 0x07, 0xE0, 0x0F, 0xC0, 0x1F, 0x80,
  0x3F, 0x00, 0x7E, 0x00, 0xFC, 0x01, 0xF8, 0x03, 0xF0, 0x07, 0xE0, 0x0F,
  0xC0, 0x1F, 0x80, 0x3F, 0x00, 0x7E, 0x00, 0xFC, 0x01, 0xDC, 0x07, 0x3C,
  0x1C, 0x3F, 0xF0, 0x1F, 0xC0, 0xF7, 0x03, 0x9C, 0x0E, 0x60, 0x11, 0x80,
  0x00, 0x00, 0x03, 0x80, 0xFC, 0x07, 0xE0, 0x3F, 0x01, 0xF8, 0x0F, 0xC0,
  0x7E, 0x03, 0xF0, 0x1F, 0x80, 0xFC, 0x07, 0xE0, 0x3F, 0x03, 0xFC, 0x3E,
  0xFF, 0x71, 0xF3, 0x80, 0x03, 0xC0, 0x0F, 0xC0, 0x30, 0x80, 0x41, 0x00,
  0x00, 0x00, 0x00, 0x38, 0x03, 0xF0, 0x07, 0xE0, 0x0F, 0xC0, 0x1F, 0x80,
  0x3F, 0x00, 0x7E, 0x00, 0xFC, 0x01, 0xF8, 0x03, 0xF0, 0x07, 0xE0, 0x0F,
  0xC0, 0x1F, 0x80, 0x3F, 0x00, 0x7E, 0x00, 0xFC, 0x01, 0xDC, 0x07, 0x3C,
  0x1C, 0x3F, 0xF0, 0x1F, 0xC0, 0x0F, 0x80, 0xFE, 0x06, 0x30, 0x20, 0xC0,
  0x00, 0x00, 0x03, 0x80, 0xFC, 0x07, 0xE0, 0x3F, 0x01, 0xF8, 0x0F, 0xC0,
  0x7E, 0x03, 0xF0, 0x1F, 0x80, 0xFC, 0x07, 0xE0, 0x3F, 0x03, 0xFC, 0x3E,
  0xFF, 0x71, 0xF3, 0x80, 0x1F, 0xC3, 0xFE, 0x70, 0x6E, 0x00, 0xE0, 0x0E,
  0x00, 0xE0, 0x0F, 0x00, 0x7C, 0x03, 0xF8, 0x0F, 0xC0, 0x3E, 0x00, 0xF0,
  0x07, 0x00, 0x70, 0x07, 0x00, 0x7C, 0x1E, 0xFF, 0xC7, 0xF8, 0x00, 0x00,
  0x00, 0x06, 0x00, 0x40, 0x0C, 0x00, 0x80, 0x1F, 0x8F, 0xFB, 0xC3, 0x70,
  0x0E, 0x01, 0xE0, 0x1F, 0x80, 0xFC, 0x07, 0xC0, 0x3C, 0x03, 0x80, 0x7C,
  0x1F, 0xFF, 0x9F, 0xC0, 0x00, 0x00, 0x00, 0xC0, 0x10, 0x06, 0x00, 0x80,
  0xFF, 0xFF, 0xFF, 0xFC, 0x0E, 0x00, 0x1C, 0x00, 0x38, 0x00, 0x70, 0x00,
  0xE0, 0x01, 0xC0, 0x03, 0x80, 0x07, 0x00, 0x0E, 0x00, 0x1C, 0x00, 0x38,
  0x00, 0x70, 0x00, 0xE0, 0x01, 0xC0, 0x03, 0x80, 0x07, 0x00, 0x0E, 0x00,
  0x1C, 0x00, 0x00, 0x00, 0x00, 0x00, 0x60, 0x01, 0xC0, 0x03, 0x00, 0x04,
  0x00, 0x18, 0x0C, 0x06, 0x07, 0x07, 0xFF, 0xFC, 0xE0, 0x70, 0x38, 0x1C,
  0x0E, 0x07, 0x03, 0x81, 0xC0, 0xE0, 0x70, 0x3C, 0x0F, 0xC3, 0xE0, 0x00,
  0x00, 0x30, 0x18, 0x08, 0x0C, 0x00, 0x0F, 0xE1, 0xFF, 0xE7, 0x03, 0x80,
  0x07, 0x00, 0x1C, 0x00, 0x70, 0x01, 0xC0, 0x0E, 0x00, 0xF0, 0x1F, 0x80,
  0xFF, 0x02, 0x1E, 0x00, 0x3C, 0x00, 0x70, 0x01, 0xC0, 0x07, 0x00, 0x1C,
  0x00, 0xF0, 0x07, 0x80, 0x3C, 0x03, 0xE0, 0x3F, 0x0F, 0xF0, 0x3E, 0x00,
  0xC0, 0x00, 0x1F, 0x87, 0xFE, 0x60, 0xF0, 0x07, 0x00, 0x70, 0x07, 0x00,
  0xE0, 0x1E, 0x07, 0x81, 0xFC, 0x10, 0xE0, 0x07, 0x00, 0x70, 0x07, 0x00,
  0x70, 0x0F, 0x00, 0xE0, 0x3C, 0x0F, 0x8F, 0xE0, 0xF8, 0x08, 0x00, 0x18,
  0x30, 0x1D, 0xC0, 0x1B, 0x00, 0x1C, 0x00, 0x38, 0x00, 0x00, 0x38, 0x03,
  0xF0, 0x07, 0xE0, 0x0F, 0xC0, 0x1F, 0x80, 0x3F, 0x00, 0x7E, 0x00, 0xFC,
  0x01, 0xF8, 0x03, 0xFF, 0xFF, 0xFF, 0xFF, 0xC0, 0x1F, 0x80, 0x3F, 0x00,
  0x7E, 0x00, 0xFC, 0x01, 0xF8, 0x03, 0xF0, 0x07, 0xE0, 0x0F, 0xC0, 0x1C,
  0xC1, 0x80, 0x77, 0x00, 0x3E, 0x00, 0x1C, 0x00, 0x00, 0x00, 0x00, 0x00,
  0x1C, 0x00, 0x1C, 0x00, 0x1C, 0x00, 0x1C, 0x00, 0x1C, 0x00, 0x1C, 0x00,
  0x1C, 0xF8, 0x1D, 0xFE, 0x1F, 0x0E, 0x1E, 0x07, 0x1C, 0x07, 0x1C, 0x07,
  0x1C, 0x07, 0x1C, 0x07, 0x1C, 0x07, 0x1C, 0x07, 0x1C, 0x07, 0x1C, 0x07,
  0x1C, 0x07, 0x1C, 0x07, 0x1C, 0x07, 0xC3, 0xE1, 0xDF, 0xF3, 0xE0, 0xF7,
  0x80, 0xEF, 0x00, 0xFC, 0x01, 0xF8, 0x03, 0xF0, 0x07, 0xE0, 0x0F, 0xC0,
  0x1F, 0x80, 0x3F, 0x00, 0x7E, 0x00, 0xFC, 0x01, 0xF8, 0x03, 0xF0, 0x07,
  0xE0, 0x0F, 0xC0, 0x1F, 0x80, 0x3F, 0x00, 0x70, 0x00, 0xE0, 0x01, 0xC0,
  0x03, 0x80, 0x07, 0x00, 0x0E, 0x00, 0x1C, 0x00, 0x38, 0x00, 0x38, 0x00,
  0x00, 0xE0, 0x00, 0x03, 0x80, 0x00, 0x0E, 0x00, 0x00, 0x38, 0x00, 0x00,
  0xE0, 0x01, 0xF3, 0x80, 0x0F, 0xEE, 0x00, 0x78, 0xF8, 0x01, 0xC1, 0xE0,
  0x0E, 0x03, 0x80, 0x38, 0x0E, 0x00, 0xE0, 0x38, 0x03, 0x80, 0xE0, 0x0E,
  0x03, 0x8F, 0xB8, 0x0E, 0x7F, 0xE0, 0x3B, 0x1D, 0xC1, 0xF8, 0x77, 0x8F,
  0xE3, 0xCF, 0xF3, 0xFE, 0x1F, 0x8F, 0xF0, 0x00, 0x30, 0x00, 0x00, 0xC0,
  0x00, 0x07, 0x00, 0x70, 0x1C, 0xE0, 0x39, 0xC0, 0x73, 0x80, 0xE7, 0x01,
  0xC7, 0x07, 0x0F, 0x1E, 0x07, 0xF0, 0x1F, 0xF0, 0x70, 0x71, 0xC0, 0x77,
  0x00, 0x7E, 0x00, 0xFC, 0x01, 0xF8, 0x03, 0xF0, 0x07, 0x70, 0x1C, 0xF0,
  0x78, 0xFF, 0xE0, 0x7F, 0x00, 0x70, 0x39, 0xC0, 0xE7, 0x03, 0x9C, 0x0E,
  0x70, 0x39, 0xC0, 0xE3, 0x87, 0x07, 0xF8, 0x1F, 0xE0, 0xE1, 0xC7, 0x03,
  0xB8, 0x07, 0xE0, 0x1F, 0x80, 0x7E, 0x01, 0xF8, 0x07, 0xE0, 0x1D, 0xC0,
  0xE7, 0x87, 0x8F, 0xFC, 0x0F, 0xC0, 0x7F, 0xFD, 0xFF, 0xF0, 0x01, 0xC0,
  0x0E, 0x00, 0x70, 0x01, 0xC0, 0x0E, 0x00, 0x70, 0x01, 0xC0, 0x0E, 0x00,
  0x30, 0x01, 0xC0, 0x0E, 0x00, 0x38, 0x01, 0xC0, 0x0E, 0x00, 0x38, 0x01,
  0xC0, 0x0F, 0xFF, 0xFF, 0xFF, 0x00, 0x0C, 0x00, 0x30, 0x00, 0xC0, 0x1F,
  0x00, 0x78, 0x7F, 0xEF, 0xFC, 0x03, 0x80, 0xE0, 0x18, 0x07, 0x01, 0xC0,
  0x30, 0x0C, 0x03, 0x80, 0xE0, 0x18, 0x07, 0x01, 0xFF, 0xFF, 0xF8, 0x03,
  0x00, 0x60, 0x0C, 0x0F, 0x81, 0xE0, 0x01, 0xC0, 0x00, 0xE0, 0x00, 0x70,
  0x00, 0x00, 0x00, 0x00, 0x00, 0x0E, 0x00, 0x07, 0x00, 0x07, 0xC0, 0x03,
  0x60, 0x01, 0xB0, 0x01, 0xDC, 0x00, 0xC6, 0x00, 0xE3, 0x80, 0x71, 0xC0,
  0x30, 0x60, 0x38, 0x38, 0x1C, 0x0C, 0x0F, 0xFE, 0x0F, 0xFF, 0x86, 0x00,
  0xC7, 0x00, 0x73, 0x80, 0x39, 0x80, 0x0D, 0xC0, 0x07, 0xC0, 0x01, 0x80,
  0x07, 0x00, 0x70, 0x07, 0x00, 0x00, 0x00, 0x00, 0x00, 0x0F, 0xC3, 0xFE,
  0x10, 0xF0, 0x07, 0x00, 0x70, 0x07, 0x1F, 0xF7, 0xFF, 0xF0, 0x7E, 0x07,
  0xE0, 0x7E, 0x0F, 0xF1, 0xF7, 0xF7, 0x3E, 0x30, 0xFF, 0xFF, 0xFF, 0x80,
  0x70, 0x0E, 0x01, 0xC0, 0x38, 0x07, 0x00, 0xE0, 0x1F, 0xFF, 0xFF, 0xF0,
  0x0E, 0x01, 0xC0, 0x38, 0x07, 0x00, 0xE0, 0x1C, 0x03, 0xFF, 0xFF, 0xF0,
  0x40, 0x18, 0x01, 0xC0, 0x18, 0x03, 0x03, 0xE0, 0x78, 0x00, 0x0F, 0x81,
  0xFF, 0x1E, 0x3C, 0xE0, 0xEF, 0x03, 0xF0, 0x1F, 0x80, 0xFF, 0xFF, 0xFF,
  0xFF, 0x00, 0x38, 0x00, 0xE0, 0x07, 0x81, 0x1F, 0xF8, 0x3F, 0x80, 0x60,
  0x03, 0x00, 0x0E, 0x00, 0x30, 0x01, 0x80, 0x7C, 0x03, 0x80, 0x07, 0xF8,
  0x01, 0xFE, 0x00, 0x00, 0x00, 0x00, 0x00, 0x07, 0x38, 0x01, 0xCE, 0x00,
  0x00, 0x00, 0x00, 0x00, 0x03, 0xF0, 0x03, 0xFF, 0x03, 0xE0, 0xF0, 0xE0,
  0x1C, 0x70, 0x03, 0x9C, 0x00, 0xEE, 0x00, 0x1F, 0x80, 0x07, 0xE0, 0x01,
  0xF8, 0x00, 0x7E, 0x00, 0x1F, 0x80, 0x07, 0xE0, 0x01, 0xF8, 0x00, 0x77,
  0x00, 0x39, 0xC0, 0x0E, 0x38, 0x07, 0x0F, 0x03, 0xC0, 0xFF, 0xC0, 0x0F,
  0xC0, 0x1F, 0xE0, 0x7F, 0x80, 0x00, 0x07, 0x38, 0x1C, 0xE0, 0x00, 0x00,
  0x00, 0x00, 0x00, 0x0F, 0xC0, 0xFF, 0xC7, 0x87, 0x9C, 0x0E, 0xE0, 0x1F,
  0x80, 0x7E, 0x01, 0xF8, 0x07, 0xE0, 0x1F, 0x80, 0x7E, 0x01, 0xDC, 0x0E,
  0x78, 0x78, 0xFF, 0xC0, 0xFC, 0x00, 0x07, 0xF8, 0x01, 0xFE, 0x00, 0x00,
  0x00, 0x0E, 0x20, 0x07, 0xF8, 0x01, 0x1C, 0x00, 0x00, 0x00, 0x00, 0x00,
  0x03, 0xF0, 0x03, 0xFF, 0x03, 0xE0, 0xF0, 0xE0, 0x1C, 0x70, 0x03, 0x9C,
  0x00, 0xEE, 0x00, 0x1F, 0x80, 0x07, 0xE0, 0x01, 0xF8, 0x00, 0x7E, 0x00,
  0x1F, 0x80, 0x07, 0xE0, 0x01, 0xF8, 0x00, 0x77, 0x00, 0x39, 0xC0, 0x0E,
  0x38, 0x07, 0x0F, 0x03, 0xC0, 0xFF, 0xC0, 0x0F, 0xC0, 0x1F, 0xE0, 0x7F,
  0x80, 0x00, 0x03, 0x88, 0x1F, 0xE0, 0x47, 0x00, 0x00, 0x00, 0x00, 0x0F,
  0xC0, 0xFF, 0xC7, 0x87, 0x9C, 0x0E, 0xE0, 0x1F, 0x80, 0x7E, 0x01, 0xF8,
  0x07, 0xE0, 0x1F, 0x80, 0x7E, 0x01, 0xDC, 0x0E, 0x78, 0x78, 0xFF, 0xC0,
  0xFC, 0x00, 0x00, 0xE0, 0x00, 0x38, 0x00, 0x0E, 0x00, 0x00, 0x00, 0x00,
  0x00, 0x00, 0xFC, 0x00, 0xFF, 0xC0, 0xF8, 0x3C, 0x38, 0x07, 0x1C, 0x00,
  0xE7, 0x00, 0x3B, 0x80, 0x07, 0xE0, 0x01, 0xF8, 0x00, 0x7E, 0x00, 0x1F,
  0x80, 0x07, 0xE0, 0x01, 0xF8, 0x00, 0x7E, 0x00, 0x1D, 0xC0, 0x0E, 0x70,
  0x03, 0x8E, 0x01, 0xC3, 0xC0, 0xF0, 0x3F, 0xF0, 0x03, 0xF0, 0x00, 0x07,
  0x00, 0x1C, 0x00, 0x70, 0x00, 0x00, 0x00, 0x00, 0x00, 0x00, 0xFC, 0x0F,
  0xFC, 0x78, 0x79, 0xC0, 0xEE, 0x01, 0xF8, 0x07, 0xE0, 0x1F, 0x80, 0x7E,
  0x01, 0xF8, 0x07, 0xE0, 0x1D, 0xC0, 0xE7, 0x87, 0x8F, 0xFC, 0x0F, 0xC0,
  0x07, 0xF8, 0x01, 0xFE, 0x00, 0x00, 0x00, 0x00, 0x00, 0x00, 0xE0, 0x00,
  0x38, 0x00, 0x0E, 0x00, 0x00, 0x00, 0x03, 0xF0, 0x03, 0xFF, 0x03, 0xE0,
  0xF0, 0xE0, 0x1C, 0x70, 0x03, 0x9C, 0x00, 0xEE, 0x00, 0x1F, 0x80, 0x07,
  0xE0, 0x01, 0xF8, 0x00, 0x7E, 0x00, 0x1F, 0x80, 0x07, 0xE0, 0x01, 0xF8,
  0x00, 0x77, 0x00, 0x39, 0xC0, 0x0E, 0x38, 0x07, 0x0F, 0x03, 0xC0, 0xFF,
  0xC0, 0x0F, 0xC0, 0x1F, 0xE0, 0x7F, 0x80, 0x00, 0x01, 0xC0, 0x07, 0x00,
  0x1C, 0x00, 0x00, 0x00, 0x00, 0x0F, 0xC0, 0xFF, 0xC7, 0x87, 0x9C, 0x0E,
  0xE0, 0x1F, 0x80, 0x7E, 0x01, 0xF8, 0x07, 0xE0, 0x1F, 0x80, 0x7E, 0x01,
  0xDC, 0x0E, 0x78, 0x78, 0xFF, 0xC0, 0xFC, 0x00, 0x0F, 0xF0, 0x0F, 0xF0,
  0x00, 0x00, 0x00, 0x00, 0x60, 0x06, 0x70, 0x0E, 0x30, 0x0E, 0x38, 0x1C,
  0x18, 0x1C, 0x1C, 0x38, 0x0C, 0x38, 0x0E, 0x70, 0x06, 0x70, 0x07, 0xE0,
  0x03, 0xE0, 0x01, 0xC0, 0x01, 0xC0, 0x01, 0xC0, 0x01, 0xC0, 0x01, 0xC0,
  0x01, 0xC0, 0x01, 0xC0, 0x01, 0xC0, 0x01, 0xC0, 0x1F, 0xE0, 0x7F, 0x80,
  0x00, 0x38, 0x07, 0x60, 0x19, 0xC0, 0xE3, 0x03, 0x8C, 0x0C, 0x38, 0x70,
  0x61, 0xC1, 0x86, 0x07, 0x38, 0x0C, 0xE0, 0x33, 0x00, 0x6C, 0x01, 0xE0,
  0x07, 0x80, 0x0E, 0x00, 0x30, 0x00, 0xC0, 0x07, 0x00, 0x18, 0x00, 0xE0,
  0x3F, 0x00, 0xF8, 0x00, 0x38, 0x0E, 0x03, 0x80, 0xE0, 0x38, 0x0E, 0x03,
  0x80, 0xE0, 0x38, 0x0E, 0x03, 0x80, 0xE0, 0x38, 0x0E, 0x03, 0xF8, 0xFF,
  0x38, 0xDE, 0x37, 0xCF, 0xFE, 0xCF, 0x00, 0x00, 0xE7, 0xE0, 0x3B, 0xFC,
  0x0F, 0x87, 0x83, 0xC0, 0xE0, 0xE0, 0x38, 0x38, 0x0E, 0x0E, 0x03, 0x83,
  0x80, 0xE0, 0xE0, 0x3F, 0xB8, 0x0F, 0xEE, 0x03, 0x8F, 0x81, 0xE3, 0xE0,
  0x7C, 0xF8, 0x3F, 0xEE, 0x0C, 0xF0, 0x00, 0x00, 0x18, 0x06, 0x01, 0x80,
  0xE0, 0x7F, 0xBF, 0xE3, 0x80, 0xE0, 0x38, 0x0E, 0x03, 0x80, 0xE0, 0x3F,
  0x8F, 0xE3, 0x8D, 0xE3, 0x7C, 0xFF, 0xEC, 0xF0, 0x00, 0x0E, 0x1C, 0x38,
  0x70, 0xE1, 0xC3, 0x87, 0x0E, 0x1C, 0x38, 0x70, 0xE1, 0xC3, 0x87, 0x0E,
  0x1C, 0x38, 0xFF, 0xDF, 0x00, 0x00, 0x38, 0x00, 0x00, 0x70, 0x00, 0x00,
  0xE0, 0x00, 0x01, 0xC0, 0x00, 0x03, 0x80, 0x00, 0x07, 0x00, 0x07, 0xCE,
  0x7C, 0x1F, 0xDD, 0xFC, 0x78, 0xFE, 0x3C, 0xE0, 0xF8, 0x3B, 0x80, 0xE0,
  0x3F, 0x01, 0xC0, 0x7E, 0x03, 0x80, 0xFC, 0x07, 0x01, 0xF8, 0x0E, 0x03,
  0xF0, 0x1C, 0x07, 0xE0, 0x38, 0x0E, 0xE0, 0xF8, 0x39, 0xE3, 0xB8, 0xF1,
  0xFE, 0x3F, 0xC0, 0xF8, 0x3E, 0x00, 0x0F, 0x83, 0xF0, 0x3F, 0xC7, 0xFC,
  0x78, 0xEE, 0x1E, 0x70, 0x7C, 0x0E, 0xE0, 0x38, 0x07, 0xE0, 0x38, 0x07,
  0xE0, 0x38, 0x07, 0xE0, 0x38, 0x07, 0xE0, 0x38, 0x07, 0xE0, 0x38, 0x07,
  0xE0, 0x38, 0x07, 0x70, 0x7C, 0x0E, 0x78, 0xFE, 0x1E, 0x3F, 0xBB, 0xFC,
  0x1F, 0x39, 0xF0, 0x00, 0x38, 0x00, 0x00, 0x38, 0x00, 0x00, 0x38, 0x00,
  0x00, 0x38, 0x00, 0x00, 0x38, 0x00, 0x00, 0x38, 0x00, 0x00, 0x38, 0x00,
  0x00, 0x0C, 0x00, 0x76, 0x00, 0x1D, 0x80, 0x07, 0xC0, 0x03, 0xF0, 0x00,
  0xDC, 0x00, 0x33, 0x00, 0x1D, 0xC0, 0x06, 0x78, 0x03, 0x96, 0x00, 0xED,
  0xC0, 0x33, 0x70, 0x1C, 0x8C, 0x07, 0xFF, 0x83, 0xFF, 0xE0, 0xEC, 0x18,
  0x33, 0x07, 0x1C, 0xC0, 0xC6, 0x60, 0x39, 0x98, 0x0E, 0xE6, 0x01, 0x83,
  0x00, 0x00, 0xC0, 0x00, 0x00, 0x08, 0x07, 0xF0, 0x3F, 0xF8, 0xF0, 0xE3,
  0x83, 0x0E, 0x06, 0x1C, 0x08, 0x78, 0x30, 0xE0, 0x61, 0xC0, 0x83, 0x83,
  0x07, 0x06, 0x0E, 0x08, 0x1C, 0x30, 0x38, 0x60, 0x38, 0x80, 0x73, 0x00,
  0x76, 0x00, 0xF8, 0x10, 0x7F, 0xE0, 0x7F, 0x80, 0x80, 0x03, 0x00, 0x00,
  0x00, 0x20, 0x06, 0x00, 0x60, 0x04, 0x00, 0xC0, 0x0C, 0x0F, 0xC3, 0xFC,
  0x79, 0xC7, 0x30, 0xE3, 0x0E, 0x30, 0xE6, 0x0E, 0x60, 0xE6, 0x0E, 0xC0,
  0xEC, 0x07, 0xC0, 0x78, 0x23, 0xFE, 0x1F, 0xC3, 0x00, 0x30, 0x07, 0x00,
  0x60, 0x06, 0x00, 0xE0, 0x00, 0x1C, 0x00, 0x70, 0x01, 0xC0, 0x07, 0x00,
  0x1C, 0x00, 0x70, 0x01, 0xC0, 0x07, 0x00, 0x1C, 0x03, 0xFF, 0x0F, 0xFC,
  0x07, 0x00, 0x1C, 0x00, 0x70, 0x01, 0xC0, 0x07, 0x00, 0x1C, 0x00, 0x70,
  0x01, 0xFF, 0xC7, 0xFF, 0x00, 0x0D, 0xFF, 0xFF, 0xFF, 0xF8, 0x1C, 0xC0,
  0x3B, 0x00, 0x76, 0x00, 0xF8, 0x01, 0xF0, 0x03, 0xC0, 0x07, 0x80, 0x0E,
  0x00, 0x1C, 0x00, 0x38, 0x00, 0x70, 0x01, 0xE0, 0x03, 0xC0, 0x07, 0x80,
  0x1F, 0x00, 0x2E, 0x00, 0xDC, 0x01, 0x38, 0x06, 0x00, 0x0C, 0x00, 0x00,
  0x1F, 0x8F, 0xFB, 0xC3, 0x70, 0x0E, 0x01, 0xE0, 0x1F, 0x80, 0xFC, 0x07,
  0xC0, 0x3C, 0x03, 0x80, 0x7C, 0x1F, 0xFF, 0x9F, 0xC0, 0xE0, 0x1C, 0x01,
  0x80, 0x38, 0x07, 0x00, 0x7E, 0x07, 0xC0, 0x7F, 0xE7, 0xFE, 0x00, 0xE0,
  0x1C, 0x01, 0x80, 0x38, 0x07, 0x00, 0x60, 0x0C, 0x01, 0xC0, 0x38, 0x03,
  0x00, 0x70, 0x0F, 0x00, 0xFC, 0x00, 0xC0, 0x0E, 0x00, 0x60, 0x06, 0x00,
  0x70, 0x03, 0xF0, 0x1F, 0x3F, 0x1F, 0xF3, 0x07, 0x00, 0x70, 0x0E, 0x01,
  0xC0, 0x38, 0x0F, 0x01, 0xC0, 0x78, 0x3E, 0x0F, 0x81, 0xC0, 0x38, 0x07,
  0x00, 0xE0, 0x1C, 0x03, 0x80, 0x70, 0x0E, 0x00, 0x3F, 0x1F, 0xFB, 0x07,
  0x00, 0x70, 0x0E, 0x01, 0xC0, 0x38, 0x0F, 0x01, 0xC0, 0x78, 0x3E, 0x0F,
  0x01, 0xC0, 0x38, 0x07, 0x00, 0x3F, 0xF0, 0x3F, 0xFC, 0x38, 0x3C, 0x38,
  0x0E, 0x38, 0x0E, 0x38, 0x0E, 0x38, 0x0E, 0x38, 0x0C, 0x38, 0x1C, 0x3F,
  0xF0, 0x3F, 0xF8, 0x38, 0x1E, 0x38, 0x0F, 0xFF, 0x87, 0xFF, 0x87, 0x38,
  0x07, 0x38, 0x0F, 0x38, 0x1E, 0x3F, 0xFC, 0x3F, 0xF0, 0x38, 0x03, 0x83,
  0x80, 0x38, 0x38, 0x03, 0x83, 0x80, 0x38, 0x38, 0x03, 0x83, 0x80, 0x38,
  0x38, 0x03, 0x83, 0x80, 0x38, 0xFF, 0xFF, 0xFF, 0xFF, 0xFF, 0x38, 0x03,
  0x83, 0x80, 0x38, 0x38, 0x03, 0x83, 0x80, 0x38, 0x38, 0x03, 0x83, 0x80,
  0x38, 0x1C, 0x07, 0x01, 0xE0, 0xE0, 0x0F, 0xFC, 0x00, 0x3F, 0x80, 0x01,
  0xC0, 0x00, 0xE0, 0x00, 0xF0, 0x00, 0x6C, 0x00, 0x36, 0x00, 0x33, 0x00,
  0x18, 0xC0, 0x0C, 0x60, 0x0C, 0x38, 0x06, 0x0C, 0x07, 0x06, 0x03, 0x03,
  0x81, 0x80, 0xC1, 0xC0, 0x60, 0xC0, 0x38, 0x60, 0x0C, 0x70, 0x06, 0x30,
  0x03, 0x98, 0x00, 0xDC, 0x00, 0x60, 0x00, 0xDF, 0xFF, 0xFF, 0xF0, 0xCE,
  0x19, 0xC3, 0x38, 0x47, 0x08, 0xE3, 0x1C, 0x63, 0xFF, 0xFF, 0xFE, 0x61,
  0xCC, 0x39, 0x87, 0x20, 0xEC, 0x1D, 0x83, 0xB0, 0x7F, 0xFF, 0xFE, 0x30,
  0x06, 0x00, 0x00, 0x10, 0x7C, 0xCF, 0xFE, 0xF0, 0xE7, 0x0F, 0x70, 0x7F,
  0x87, 0xFF, 0xFF, 0xFF, 0xFF, 0x30, 0x3B, 0x01, 0xF8, 0x07, 0x80, 0x3C,
  0x09, 0xFF, 0xDD, 0xFC, 0x40, 0x00, 0x07, 0x01, 0xC0, 0x70, 0x1C, 0x07,
  0x01, 0xC0, 0x70, 0x1C, 0x07, 0x07, 0xF1, 0xFC, 0x1C, 0x07, 0x01, 0xC0,
  0x70, 0x1C, 0x07, 0x01, 0xC0, 0x70, 0x1C, 0x07, 0x01, 0xC0, 0xE3, 0xF8,
  0xF8, 0x00, 0x0E, 0x07, 0x03, 0x80, 0x00, 0x00, 0x00, 0x38, 0x1C, 0x0E,
  0x07, 0x03, 0x81, 0xC0, 0xE1, 0xFC, 0xFE, 0x1C, 0x0E, 0x07, 0x03, 0x81,
  0xC0, 0xE0, 0x70, 0x38, 0x1C, 0x0E, 0x0F, 0x3F, 0x1F, 0x00, 0x07, 0xE1,
  0x81, 0xFF, 0xB8, 0x3C, 0x1F, 0x83, 0x80, 0x78, 0x70, 0x07, 0x87, 0x00,
  0x38, 0xE0, 0x03, 0x8E, 0x00, 0x38, 0xE0, 0x03, 0x8E, 0x00, 0x38, 0xE0,
  0x03, 0x8E, 0x00, 0x38, 0xE0, 0x03, 0x8E, 0x00, 0x38, 0x70, 0x03, 0x87,
  0x00, 0x78, 0x38, 0x07, 0x83, 0xC1, 0xF8, 0x1F, 0xFB, 0x80, 0x7E, 0x38,
  0x00, 0x03, 0x80, 0x00, 0x38, 0x00, 0x03, 0x80, 0x00, 0x38, 0x00, 0x03,
  0x80, 0x00, 0x1F, 0x00, 0x00, 0xF0, 0x1F, 0x38, 0x3F, 0xB8, 0x78, 0xF8,
  0x70, 0x78, 0xE0, 0x38, 0xE0, 0x38, 0xE0, 0x38, 0xE0, 0x38, 0xE0, 0x38,
  0xE0, 0x38, 0xE0, 0x38, 0x70, 0x78, 0x78, 0xF8, 0x3F, 0xB8, 0x1F, 0x38,
  0x00, 0x38, 0x00, 0x38, 0x00, 0x38, 0x00, 0x38, 0x00, 0x38, 0x00, 0x1F,
  0x00, 0x0F, 0x1F, 0xF0, 0x0F, 0xFE, 0x07, 0x07, 0x83, 0x81, 0xE1, 0xC0,
  0x70, 0xE0, 0x38, 0x70, 0x1C, 0x38, 0x0E, 0x1C, 0x0E, 0x0E, 0x0F, 0x3F,
  0xFF, 0x1F, 0xFE, 0x01, 0xC3, 0x00, 0xE1, 0xC0, 0x70, 0x70, 0x38, 0x18,
  0x1C, 0x0E, 0x0E, 0x03, 0x87, 0x01, 0xC3, 0x80, 0x70, 0x39, 0xE7, 0x7C,
  0xF8, 0x1E, 0x03, 0xC0, 0x70, 0x3F, 0xC7, 0xF8, 0x38, 0x07, 0x00, 0xE0,
  0x1C, 0x03, 0x80, 0x70, 0x0E, 0x00, 0xE0, 0x0F, 0xC0, 0x1D, 0xC0, 0x73,
  0x80, 0xEF, 0xFF, 0xFF, 0xFF, 0xC7, 0x1C, 0x0E, 0x30, 0x0E, 0xE0, 0x1D,
  0x80, 0x1F, 0x00, 0x1C, 0x00, 0x38, 0x00, 0x70, 0x00, 0xE0, 0x01, 0xC0,
  0x03, 0x80, 0x07, 0x00, 0x0E, 0x00, 0x1C, 0x00, 0xC0, 0x1F, 0x01, 0xD8,
  0x0C, 0xC0, 0x67, 0x07, 0x18, 0x33, 0xFF, 0xFF, 0xFF, 0x18, 0xC0, 0xE6,
  0x03, 0x70, 0x1B, 0x00, 0xD8, 0x03, 0x80, 0x1C, 0x00, 0xE0, 0x06, 0x00,
  0x30, 0x03, 0x80, 0x38, 0x0F, 0x80, 0x78, 0x00
 };

const GFXglyph NotoSans_Regular_LatinExtB_14pt16bGlyphs[] PROGMEM = {
// bmpOff,   w,   h,xAdv, xOff, yOff      range 0 (0x180 - 0x24f)
  {     0,  15,  21,  18,    1,  -20 },   // 0x180 uni0180  (#0)
  {    40,  18,  20,  20,    1,  -19 },   // 0x181 uni0181  (#1)
  {    85,  13,  20,  17,    3,  -19 },   // 0x182 uni0182  (#2)
  {   118,  13,  21,  17,    2,  -20 },   // 0x183 uni0183  (#3)
  {   153,  14,  20,  17,    2,  -19 },   // 0x184 uni0184  (#4)
  {   188,  13,  21,  17,    2,  -20 },   // 0x185 uni0185  (#5)
  {   223,  15,  20,  18,    1,  -19 },   // 0x186 uni0186  (#6)
  {   261,  18,  24,  18,    2,  -23 },   // 0x187 uni0187  (#7)
  {   315,  14,  21,  14,    2,  -20 },   // 0x188 uni0188  (#8)
  {   352,  18,  20,  21,    1,  -19 },   // 0x189 uni0189  (#9)
  {   397,  20,  20,  23,    1,  -19 },   // 0x18A uni018A  (#10)
  {   447,  13,  20,  17,    1,  -19 },   // 0x18B uni018B  (#11)
  {   480,  13,  21,  17,    2,  -20 },   // 0x18C uni018C  (#12)
  {   515,  14,  22,  17,    2,  -14 },   // 0x18D uni018D  (#13)
  {   554,  12,  20,  16,    1,  -19 },   // 0x18E uni018E  (#14)
  {   584,  17,  20,  21,    2,  -19 },   // 0x18F uni018F  (#15)
  {   627,  14,  20,  16,    1,  -19 },   // 0x190 uni0190  (#16)
  {   662,  16,  27,  17,    0,  -19 },   // 0x191 uni0191  (#17)
  {   716,  14,  28,  13,    0,  -20 },   // 0x192 fhook  (#18)
  {   765,  19,  24,  20,    2,  -23 },   // 0x193 uni0193  (#19)
  {   822,  16,  27,  16,    0,  -19 },   // 0x194 uni0194  (#20)
  {   876,  21,  21,  25,    2,  -20 },   // 0x195 uni0195  (#21)
  {   932,   7,  20,  10,    2,  -19 },   // 0x196 uni0196  (#22)
  {   950,   7,  20,   9,    1,  -19 },   // 0x197 uni0197  (#23)
  {   968,  14,  20,  18,    3,  -19 },   // 0x198 uni0198  (#24)
  {  1003,  12,  21,  14,    2,  -20 },   // 0x199 uni0199  (#25)
  {  1035,   6,  21,   8,    1,  -20 },   // 0x19A uni019A  (#26)
  {  1051,  15,  21,  15,    0,  -20 },   // 0x19B uni019B  (#27)
  {  1091,  23,  20,  28,    2,  -19 },   // 0x19C uni019C  (#28)
  {  1149,  18,  27,  21,    0,  -19 },   // 0x19D uni019D  (#29)
  {  1210,  12,  22,  17,    2,  -14 },   // 0x19E uni019E  (#30)
  {  1243,  18,  20,  22,    2,  -19 },   // 0x19F uni019F  (#31)
  {  1288,  20,  21,  22,    2,  -20 },   // 0x1A0 Ohorn  (#32)
  {  1341,  17,  18,  18,    2,  -17 },   // 0x1A1 ohorn  (#33)
  {  1380,  26,  20,  30,    2,  -19 },   // 0x1A2 uni01A2  (#34)
  {  1445,  20,  22,  24,    2,  -14 },   // 0x1A3 uni01A3  (#35)
  {  1500,  17,  20,  19,    1,  -19 },   // 0x1A4 uni01A4  (#36)
  {  1543,  13,  28,  17,    2,  -20 },   // 0x1A5 uni01A5  (#37)
  {  1589,  14,  23,  18,    3,  -19 },   // 0x1A6 uni01A6  (#38)
  {  1630,  13,  20,  15,    1,  -19 },   // 0x1A7 uni01A7  (#39)
  {  1663,  11,  15,  13,    1,  -14 },   // 0x1A8 uni01A8  (#40)
  {  1684,  14,  20,  16,    1,  -19 },   // 0x1A9 uni01A9  (#41)
  {  1719,  12,  28,  10,    0,  -20 },   // 0x1AA uni01AA  (#42)
  {  1761,   9,  25,  11,    1,  -17 },   // 0x1AB uni01AB  (#43)
  {  1790,  15,  20,  17,    1,  -19 },   // 0x1AC uni01AC  (#44)
  {  1828,   9,  21,  11,    1,  -20 },   // 0x1AD uni01AD  (#45)
  {  1852,  15,  27,  17,    1,  -19 },   // 0x1AE uni01AE  (#46)
  {  1903,  20,  21,  21,    2,  -20 },   // 0x1AF Uhorn  (#47)
  {  1956,  17,  18,  18,    2,  -17 },   // 0x1B0 uhorn  (#48)
  {  1995,  19,  20,  21,    1,  -19 },   // 0x1B1 uni01B1  (#49)
  {  2043,  15,  20,  19,    2,  -19 },   // 0x1B2 uni01B2  (#50)
  {  2081,  16,  20,  17,    0,  -19 },   // 0x1B3 uni01B3  (#51)
  {  2121,  15,  22,  16,    1,  -14 },   // 0x1B4 uni01B4  (#52)
  {  2163,  14,  20,  16,    1,  -19 },   // 0x1B5 uni01B5  (#53)
  {  2198,  10,  15,  12,    1,  -14 },   // 0x1B6 uni01B6  (#54)
  {  2217,  14,  20,  16,    0,  -19 },   // 0x1B7 uni01B7  (#55)
  {  2252,  14,  20,  16,    2,  -19 },   // 0x1B8 uni01B8  (#56)
  {  2287,  13,  22,  14,    1,  -14 },   // 0x1B9 uni01B9  (#57)
  {  2323,  12,  22,  14,    1,  -14 },   // 0x1BA uni01BA  (#58)
  {  2356,  13,  21,  16,    1,  -20 },   // 0x1BB uni01BB  (#59)
  {  2391,  14,  20,  17,    1,  -19 },   // 0x1BC uni01BC  (#60)
  {  2426,  12,  15,  13,    0,  -14 },   // 0x1BD uni01BD  (#61)
  {  2449,  11,  19,  13,    1,  -18 },   // 0x1BE uni01BE  (#62)
  {  2476,  13,  22,  16,    2,  -14 },   // 0x1BF uni01BF  (#63)
  {  2512,   2,  21,  10,    4,  -20 },   // 0x1C0 uni01C0  (#64)
  {  2518,   8,  21,  16,    4,  -20 },   // 0x1C1 uni01C1  (#65)
  {  2539,  11,  21,  15,    2,  -20 },   // 0x1C2 uni01C2  (#66)
  {  2568,   3,  20,   7,    2,  -19 },   // 0x1C3 uni01C3  (#67)
  {  2576,  32,  26,  36,    3,  -25 },   // 0x1C4 uni01C4  (#68)
  {  2680,  29,  21,  33,    3,  -20 },   // 0x1C5 uni01C5  (#69)
  {  2757,  27,  21,  30,    2,  -20 },   // 0x1C6 uni01C6  (#70)
  {  2828,  17,  25,  23,    3,  -19 },   // 0x1C7 uni01C7  (#71)
  {  2882,  17,  28,  22,    3,  -20 },   // 0x1C8 uni01C8  (#72)
  {  2942,  10,  28,  14,    2,  -20 },   // 0x1C9 uni01C9  (#73)
  {  2977,  23,  25,  29,    3,  -19 },   // 0x1CA uni01CA  (#74)
  {  3049,  23,  28,  28,    3,  -20 },   // 0x1CB uni01CB  (#75)
  {  3130,  20,  28,  24,    2,  -20 },   // 0x1CC uni01CC  (#76)
  {  3200,  18,  26,  18,    0,  -25 },   // 0x1CD uni01CD  (#77)
  {  3259,  12,  22,  15,    1,  -21 },   // 0x1CE uni01CE  (#78)
  {  3292,   9,  26,   9,    0,  -25 },   // 0x1CF uni01CF  (#79)
  {  3322,   9,  21,   7,   -1,  -20 },   // 0x1D0 uni01D0  (#80)
  {  3346,  18,  26,  22,    2,  -25 },   // 0x1D1 uni01D1  (#81)
  {  3405,  14,  22,  17,    2,  -21 },   // 0x1D2 uni01D2  (#82)
  {  3444,  15,  26,  20,    2,  -25 },   // 0x1D3 uni01D3  (#83)
  {  3493,  13,  22,  17,    2,  -21 },   // 0x1D4 uni01D4  (#84)
  {  3529,  15,  28,  20,    2,  -27 },   // 0x1D5 uni01D5  (#85)
  {  3582,  13,  23,  17,    2,  -22 },   // 0x1D6 uni01D6  (#86)
  {  3620,  15,  29,  20,    2,  -28 },   // 0x1D7 uni01D7  (#87)
  {  3675,  13,  24,  17,    2,  -23 },   // 0x1D8 uni01D8  (#88)
  {  3714,  15,  30,  20,    2,  -29 },   // 0x1D9 uni01D9  (#89)
  {  3771,  13,  25,  17,    2,  -24 },   // 0x1DA uni01DA  (#90)
  {  3812,  15,  29,  20,    2,  -28 },   // 0x1DB uni01DB  (#91)
  {  3867,  13,  24,  17,    2,  -23 },   // 0x1DC uni01DC  (#92)
  {  3906,  13,  15,  16,    1,  -14 },   // 0x1DD uni01DD  (#93)
  {  3931,  18,  28,  18,    0,  -27 },   // 0x1DE uni01DE  (#94)
  {  3994,  12,  23,  15,    1,  -22 },   // 0x1DF uni01DF  (#95)
  {  4029,  18,  28,  18,    0,  -27 },   // 0x1E0 uni01E0  (#96)
  {  4092,  12,  23,  15,    1,  -22 },   // 0x1E1 uni01E1  (#97)
  {  4127,  22,  24,  24,    0,  -23 },   // 0x1E2 uni01E2  (#98)
  {  4193,  21,  19,  23,    1,  -18 },   // 0x1E3 uni01E3  (#99)
  {  4243,  18,  20,  21,    2,  -19 },   // 0x1E4 uni01E4  (#100)
  {  4288,  15,  22,  18,    2,  -14 },   // 0x1E5 uni01E5  (#101)
  {  4330,  17,  26,  21,    2,  -25 },   // 0x1E6 Gcaron  (#102)
  {  4386,  13,  28,  17,    2,  -20 },   // 0x1E7 gcaron  (#103)
  {  4432,  15,  26,  18,    3,  -25 },   // 0x1E8 uni01E8  (#104)
  {  4481,  16,  27,  15,   -1,  -26 },   // 0x1E9 uni01E9  (#105)
  {  4535,  18,  26,  22,    2,  -19 },   // 0x1EA uni01EA  (#106)
  {  4594,  14,  21,  17,    2,  -14 },   // 0x1EB uni01EB  (#107)
  {  4631,  18,  30,  22,    2,  -23 },   // 0x1EC uni01EC  (#108)
  {  4699,  14,  25,  17,    2,  -18 },   // 0x1ED uni01ED  (#109)
  {  4743,  14,  26,  16,    0,  -25 },   // 0x1EE uni01EE  (#110)
  {  4789,  13,  28,  14,    0,  -20 },   // 0x1EF uni01EF  (#111)
  {  4835,  10,  28,   8,   -1,  -20 },   // 0x1F0 uni01F0  (#112)
  {  4870,  32,  20,  36,    3,  -19 },   // 0x1F1 uni01F1  (#113)
  {  4950,  29,  20,  33,    3,  -19 },   // 0x1F2 uni01F2  (#114)
  {  5023,  27,  21,  30,    2,  -20 },   // 0x1F3 uni01F3  (#115)
  {  5094,  17,  26,  21,    2,  -25 },   // 0x1F4 uni01F4  (#116)
  {  5150,  13,  28,  17,    2,  -20 },   // 0x1F5 uni01F5  (#117)
  {  5196,  21,  20,  26,    3,  -19 },   // 0x1F6 uni01F6  (#118)
  {  5249,  14,  27,  19,    3,  -19 },   // 0x1F7 uni01F7  (#119)
  {  5297,  15,  26,  21,    3,  -25 },   // 0x1F8 uni01F8  (#120)
  {  5346,  13,  21,  17,    2,  -20 },   // 0x1F9 uni01F9  (#121)
  {  5381,  18,  27,  18,    0,  -26 },   // 0x1FA Aringacute  (#122)
  {  5442,  12,  27,  15,    1,  -26 },   // 0x1FB aringacute  (#123)
  {  5483,  22,  26,  24,    0,  -25 },   // 0x1FC AEacute  (#124)
  {  5555,  21,  22,  23,    1,  -21 },   // 0x1FD aeacute  (#125)
  {  5613,  18,  27,  22,    2,  -25 },   // 0x1FE Oslashacute  (#126)
  {  5674,  14,  23,  17,    2,  -21 },   // 0x1FF oslashacute  (#127)
  {  5715,  18,  26,  18,    0,  -25 },   // 0x200 uni0200  (#128)
  {  5774,  12,  21,  15,    1,  -20 },   // 0x201 uni0201  (#129)
  {  5806,  18,  25,  18,    0,  -24 },   // 0x202 uni0202  (#130)
  {  5863,  12,  21,  15,    1,  -20 },   // 0x203 uni0203  (#131)
  {  5895,  11,  26,  16,    3,  -25 },   // 0x204 uni0204  (#132)
  {  5931,  13,  21,  16,    2,  -20 },   // 0x205 uni0205  (#133)
  {  5966,  11,  25,  16,    3,  -24 },   // 0x206 uni0206  (#134)
  {  6001,  13,  21,  16,    2,  -20 },   // 0x207 uni0207  (#135)
  {  6036,  10,  26,   9,   -2,  -25 },   // 0x208 uni0208  (#136)
  {  6069,  10,  21,   7,   -3,  -20 },   // 0x209 uni0209  (#137)
  {  6096,   9,  25,  10,    0,  -24 },   // 0x20A uni020A  (#138)
  {  6125,   9,  21,   7,   -1,  -20 },   // 0x20B uni020B  (#139)
  {  6149,  18,  26,  22,    2,  -25 },   // 0x20C uni020C  (#140)
  {  6208,  14,  21,  17,    2,  -20 },   // 0x20D uni020D  (#141)
  {  6245,  18,  26,  22,    2,  -25 },   // 0x20E uni020E  (#142)
  {  6304,  14,  21,  17,    2,  -20 },   // 0x20F uni020F  (#143)
  {  6341,  14,  26,  18,    3,  -25 },   // 0x210 uni0210  (#144)
  {  6387,  11,  21,  12,    0,  -20 },   // 0x211 uni0211  (#145)
  {  6416,  14,  25,  18,    3,  -24 },   // 0x212 uni0212  (#146)
  {  6460,   9,  21,  11,    2,  -20 },   // 0x213 uni0213  (#147)
  {  6484,  15,  26,  20,    2,  -25 },   // 0x214 uni0214  (#148)
  {  6533,  13,  21,  17,    2,  -20 },   // 0x215 uni0215  (#149)
  {  6568,  15,  26,  20,    2,  -25 },   // 0x216 uni0216  (#150)
  {  6617,  13,  21,  17,    2,  -20 },   // 0x217 uni0217  (#151)
  {  6652,  12,  26,  14,    1,  -19 },   // 0x218 uni0218  (#152)
  {  6691,  11,  21,  13,    1,  -14 },   // 0x219 uni0219  (#153)
  {  6720,  15,  26,  17,    1,  -19 },   // 0x21A uni021A  (#154)
  {  6769,   9,  25,  11,    1,  -18 },   // 0x21B uni021B  (#155)
  {  6798,  14,  25,  16,    1,  -19 },   // 0x21C uni021C  (#156)
  {  6842,  12,  22,  13,    0,  -14 },   // 0x21D uni021D  (#157)
  {  6875,  15,  26,  21,    3,  -25 },   // 0x21E uni021E  (#158)
  {  6924,  16,  27,  17,   -1,  -26 },   // 0x21F uni021F  (#159)
  {  6978,  15,  27,  20,    3,  -19 },   // 0x220 uni0220  (#160)
  {  7029,  22,  24,  25,    2,  -20 },   // 0x221 uni0221  (#161)
  {  7095,  15,  20,  19,    2,  -19 },   // 0x222 uni0222  (#162)
  {  7133,  14,  21,  16,    1,  -20 },   // 0x223 uni0223  (#163)
  {  7170,  14,  25,  16,    1,  -19 },   // 0x224 uni0224  (#164)
  {  7214,  11,  20,  13,    1,  -14 },   // 0x225 uni0225  (#165)
  {  7242,  17,  25,  17,    0,  -24 },   // 0x226 uni0226  (#166)
  {  7296,  12,  21,  15,    1,  -20 },   // 0x227 uni0227  (#167)
  {  7328,  11,  27,  16,    3,  -19 },   // 0x228 uni0228  (#168)
  {  7366,  13,  22,  16,    2,  -14 },   // 0x229 uni0229  (#169)
  {  7402,  18,  28,  22,    2,  -27 },   // 0x22A uni022A  (#170)
  {  7465,  14,  23,  17,    2,  -22 },   // 0x22B uni022B  (#171)
  {  7506,  18,  28,  22,    2,  -27 },   // 0x22C uni022C  (#172)
  {  7569,  14,  23,  17,    2,  -22 },   // 0x22D uni022D  (#173)
  {  7610,  18,  25,  22,    2,  -24 },   // 0x22E uni022E  (#174)
  {  7667,  14,  21,  17,    2,  -20 },   // 0x22F uni022F  (#175)
  {  7704,  18,  28,  22,    2,  -27 },   // 0x230 uni0230  (#176)
  {  7767,  14,  23,  17,    2,  -22 },   // 0x231 uni0231  (#177)
  {  7808,  16,  24,  16,    0,  -23 },   // 0x232 uni0232  (#178)
  {  7856,  14,  25,  14,    0,  -17 },   // 0x233 uni0233  (#179)
  {  7900,  10,  22,  11,    0,  -20 },   // 0x234 uni0234  (#180)
  {  7928,  18,  16,  21,    2,  -14 },   // 0x235 uni0235  (#181)
  {  7964,  10,  20,  12,    1,  -18 },   // 0x236 uni0236  (#182)
  {  7989,   7,  22,   8,   -1,  -14 },   // 0x237 uni0237  (#183)
  {  8009,  23,  21,  27,    2,  -20 },   // 0x238 uni0238  (#184)
  {  8070,  24,  22,  28,    2,  -14 },   // 0x239 uni0239  (#185)
  {  8136,  18,  23,  18,    0,  -20 },   // 0x23A uni023A  (#186)
  {  8188,  15,  23,  18,    2,  -20 },   // 0x23B uni023B  (#187)
  {  8232,  12,  27,  14,    2,  -20 },   // 0x23C uni023C  (#188)
  {  8273,  14,  20,  15,    0,  -19 },   // 0x23D uni023D  (#189)
  {  8308,  15,  23,  17,    1,  -20 },   // 0x23E uni023E  (#190)
  {  8352,  11,  22,  13,    1,  -14 },   // 0x23F uni023F  (#191)
  {  8383,  12,  22,  14,    1,  -14 },   // 0x240 uni0240  (#192)
  {  8416,  11,  20,  12,    0,  -19 },   // 0x241 Glottalstopcased  (#193)
  {  8444,  11,  15,  12,    0,  -14 },   // 0x242 glottalstopcased  (#194)
  {  8465,  16,  20,  18,    1,  -19 },   // 0x243 uni0243  (#195)
  {  8505,  20,  20,  21,    1,  -19 },   // 0x244 uni0244  (#196)
  {  8555,  17,  20,  17,    0,  -19 },   // 0x245 uni0245  (#197)
  {  8598,  11,  23,  16,    3,  -20 },   // 0x246 uni0246  (#198)
  {  8630,  13,  17,  16,    2,  -15 },   // 0x247 uni0247  (#199)
  {  8658,  10,  25,   8,   -3,  -19 },   // 0x248 uni0248  (#200)
  {  8690,   9,  28,   9,   -1,  -20 },   // 0x249 uni0249  (#201)
  {  8722,  20,  27,  21,    2,  -19 },   // 0x24A uni024A  (#202)
  {  8790,  16,  22,  17,    2,  -14 },   // 0x24B uni024B  (#203)
  {  8834,  17,  20,  18,    0,  -19 },   // 0x24C uni024C  (#204)
  {  8877,  11,  15,  12,    1,  -14 },   // 0x24D uni024D  (#205)
  {  8898,  15,  20,  17,    1,  -19 },   // 0x24E uni024E  (#206)
  {  8936,  13,  22,  15,    1,  -14 } }; // 0x24F uni024F  (#207)

const GFXfont NotoSans_Regular_LatinExtB_14pt16b PROGMEM = {
  (uint8_t  *)NotoSans_Regular_LatinExtB_14pt16bBitmaps,
  (GFXglyph *)NotoSans_Regular_LatinExtB_14pt16bGlyphs,
  0x180, // first
  0x24F, // last
  44   //height
 };

// Approx. 10435 bytes

// /tmp/fontconvert_pinned -f /home/user/qmk_firmware/keyboards/polykybd/fonts/noto-sans/NotoSans-Regular.ttf -s 14 -H auto -v _Schwa_ -r 44 601 601 
// Visualize your font via https://tchapi.github.io/Adafruit-GFX-Font-Customiser

/* num ranges: 1 */
const uint8_t NotoSans_Regular_Schwa_14pt16bBitmaps[] PROGMEM = {
  /* range 0 (0x259 - 0x259): */  0x3F, 0x83, 0xFF, 0x10, 0x3C, 0x00, 0xE0, 0x03, 0x80, 0x1C, 0x00, 0xFF,
  0xFF, 0xFF, 0xFF, 0x01, 0xF8, 0x0E, 0xE0, 0xE7, 0x0F, 0x1F, 0xF0, 0x3E,
  0x00
 };

const GFXglyph NotoSans_Regular_Schwa_14pt16bGlyphs[] PROGMEM = {
// bmpOff,   w,   h,xAdv, xOff, yOff      range 0 (0x259 - 0x259)
  {     0,  13,  15,  16,    1,  -14 } }; // 0x259 uni0259  (#0)

const GFXfont NotoSans_Regular_Schwa_14pt16b PROGMEM = {
  (uint8_t  *)NotoSans_Regular_Schwa_14pt16bBitmaps,
  (GFXglyph *)NotoSans_Regular_Schwa_14pt16bGlyphs,
  0x259, // first
  0x259, // last
  44   //height
 };

// Approx. 39 bytes

// /tmp/fontconvert_pinned -f /home/user/qmk_firmware/keyboards/polykybd/fonts/noto-sans/NotoSans-Regular.ttf -s 14 -H auto -v _SupAndExtA_ -r 44 161 382 
// Visualize your font via https://tchapi.github.io/Adafruit-GFX-Font-Customiser

/* num ranges: 1 */
const uint8_t NotoSans_Regular_SupAndExtA_14pt16bBitmaps[] PROGMEM = {
  /* range 0 (0xa1 - 0x17e): */  0xFF, 0x81, 0xFF, 0xFF, 0xFF, 0xFF, 0xFF, 0x80, 0x06, 0x00, 0xC0, 0x3F,
  0x1F, 0xE7, 0x84, 0xE0, 0x38, 0x07, 0x00, 0xE0, 0x1C, 0x03, 0x80, 0x70,
  0x0E, 0x00, 0xE0, 0x1E, 0x09, 0xFF, 0x1F, 0xC0, 0xC0, 0x18, 0x03, 0x00,
  0x07, 0xF0, 0x7F, 0xE1, 0xC1, 0x8E, 0x00, 0x38, 0x00, 0xE0, 0x03, 0x80,
  0x0E, 0x00, 0x38, 0x03, 0xFF, 0x8F, 0xFE, 0x0E, 0x00, 0x38, 0x00, 0xE0,
  0x03, 0x80, 0x0E, 0x00, 0x30, 0x01, 0x80, 0x0F, 0xFF, 0xFF, 0xFF, 0x40,
  0x17, 0x7D, 0xDF, 0xFC, 0x71, 0xC7, 0x07, 0x30, 0x19, 0x80, 0xCC, 0x06,
  0x70, 0x71, 0xC7, 0x1F, 0xFD, 0xDF, 0x74, 0x01, 0x00, 0xE0, 0x0E, 0xC0,
  0x19, 0xC0, 0x71, 0x80, 0xC3, 0x83, 0x83, 0x06, 0x07, 0x1C, 0x06, 0x30,
  0x0E, 0xE0, 0x1D, 0x80, 0x1F, 0x01, 0xFF, 0xC3, 0xFF, 0x80, 0x70, 0x00,
  0xE0, 0x1F, 0xFC, 0x3F, 0xF8, 0x07, 0x00, 0x0E, 0x00, 0x1C, 0x00, 0xFF,
  0xFF, 0xF0, 0x00, 0x0F, 0xFF, 0xFF, 0x3F, 0x8F, 0xFF, 0xC1, 0x70, 0x0E,
  0x00, 0xF0, 0x0F, 0xC3, 0xFC, 0xE1, 0xD8, 0x0F, 0x01, 0xF0, 0x37, 0x8C,
  0x7F, 0x81, 0xF0, 0x0F, 0x00, 0xE0, 0x1F, 0x07, 0xFF, 0xE7, 0xF0, 0xE7,
  0xE7, 0x01, 0xF8, 0x00, 0xFF, 0xE0, 0x1E, 0x07, 0x83, 0x80, 0x1C, 0x70,
  0xF8, 0xC6, 0x1F, 0x86, 0x63, 0x08, 0x6C, 0x70, 0x03, 0xC6, 0x00, 0x3C,
  0x60, 0x03, 0xC6, 0x00, 0x3C, 0x60, 0x03, 0xC7, 0x00, 0x36, 0x30, 0x06,
  0x63, 0xF8, 0x67, 0x0F, 0x0C, 0x38, 0x01, 0xC1, 0xE0, 0x78, 0x0F, 0xFE,
  0x00, 0x1F, 0x80, 0x7E, 0x43, 0x03, 0x3F, 0xE3, 0xC3, 0xC3, 0xC7, 0x7B,
  0x08, 0x21, 0xC7, 0x18, 0xE3, 0x1C, 0x73, 0x8E, 0x30, 0xE3, 0x87, 0x18,
  0x38, 0xC1, 0xCE, 0x0C, 0x70, 0xFF, 0xFF, 0xFF, 0xC0, 0x06, 0x00, 0x30,
  0x01, 0x80, 0x0C, 0x00, 0x60, 0xFF, 0xFC, 0x01, 0xF8, 0x00, 0xFF, 0xE0,
  0x1E, 0x07, 0x83, 0x80, 0x1C, 0x73, 0xF0, 0xC6, 0x3F, 0xC6, 0x63, 0x0C,
  0x6C, 0x30, 0xC3, 0xC3, 0x1C, 0x3C, 0x3F, 0x83, 0xC3, 0xF0, 0x3C, 0x33,
  0x83, 0xC3, 0x18, 0x36, 0x31, 0xC6, 0x63, 0x0C, 0x67, 0x30, 0x6C, 0x38,
  0x01, 0xC1, 0xE0, 0x78, 0x0F, 0xFE, 0x00, 0x1F, 0x80, 0xFF, 0xFF, 0xFF,
  0xF0, 0x3E, 0x3F, 0xB8, 0xF8, 0x3C, 0x1E, 0x0F, 0x8E, 0xFE, 0x3E, 0x00,
  0x06, 0x00, 0x30, 0x01, 0x80, 0x0C, 0x00, 0x60, 0x7F, 0xFF, 0xFF, 0xE0,
  0xC0, 0x06, 0x00, 0x30, 0x01, 0x80, 0x0C, 0x00, 0x60, 0x00, 0x03, 0xFF,
  0xFF, 0xFF, 0x7C, 0x46, 0x03, 0x03, 0x03, 0x06, 0x0E, 0x1C, 0x38, 0x30,
  0x60, 0xFF, 0x7E, 0x47, 0x03, 0x03, 0x06, 0x3C, 0x06, 0x03, 0x03, 0x03,
  0x86, 0xFC, 0x1C, 0xE3, 0x18, 0xC0, 0xE0, 0x3F, 0x01, 0xF8, 0x0F, 0xC0,
  0x7E, 0x03, 0xF0, 0x1F, 0x80, 0xFC, 0x07, 0xE0, 0x3F, 0x01, 0xF8, 0x0F,
  0xC0, 0xFF, 0x0F, 0xFF, 0xDF, 0xBC, 0xFC, 0x00, 0xE0, 0x07, 0x00, 0x38,
  0x01, 0xC0, 0x0E, 0x00, 0x70, 0x00, 0x0F, 0xFC, 0xFF, 0xF7, 0xFC, 0xDF,
  0xF3, 0x7F, 0xCD, 0xFF, 0x37, 0xFC, 0xFF, 0xF3, 0x7F, 0xCD, 0xFF, 0x37,
  0xFC, 0xDF, 0xF3, 0x3F, 0xCC, 0x7F, 0x30, 0x0C, 0xC0, 0x33, 0x00, 0xCC,
  0x03, 0x30, 0x0C, 0xC0, 0x33, 0x00, 0xCC, 0x03, 0x30, 0x0C, 0xC0, 0x33,
  0x00, 0xCC, 0xFF, 0x80, 0x10, 0xC3, 0x83, 0x0F, 0xFF, 0x80, 0x1C, 0xFE,
  0xD3, 0x0C, 0x30, 0xC3, 0x0C, 0x30, 0xC0, 0x3E, 0x31, 0xB0, 0x78, 0x3C,
  0x1E, 0x0F, 0x06, 0xC6, 0x3E, 0x00, 0x42, 0x0E, 0x70, 0x63, 0x83, 0x1C,
  0x38, 0xE1, 0xC6, 0x1C, 0xE3, 0x9C, 0x71, 0x8E, 0x30, 0xC7, 0x00, 0x1C,
  0x01, 0x83, 0xC0, 0x30, 0x6C, 0x02, 0x04, 0xC0, 0x60, 0x0C, 0x0C, 0x00,
  0xC0, 0xC0, 0x0C, 0x18, 0x00, 0xC3, 0x00, 0x0C, 0x30, 0xC0, 0xC6, 0x1C,
  0x0C, 0x61, 0xC0, 0xCC, 0x2C, 0x01, 0x86, 0xC0, 0x18, 0x4C, 0x03, 0x0C,
  0xC0, 0x31, 0x8C, 0x06, 0x1F, 0xF0, 0xC1, 0xFF, 0x0C, 0x00, 0xC1, 0x80,
  0x0C, 0x1C, 0x03, 0x03, 0xC0, 0x30, 0x6C, 0x06, 0x04, 0xC0, 0xC0, 0x0C,
  0x0C, 0x00, 0xC1, 0x80, 0x0C, 0x18, 0x00, 0xC3, 0x00, 0x0C, 0x63, 0xC0,
  0xC6, 0x7F, 0x0C, 0xC4, 0x30, 0xDC, 0x03, 0x01, 0x80, 0x30, 0x30, 0x06,
  0x03, 0x00, 0xC0, 0x60, 0x18, 0x0E, 0x03, 0x00, 0xC0, 0x60, 0x18, 0x0F,
  0xF1, 0x80, 0xFF, 0x3C, 0x00, 0xC7, 0xF8, 0x0C, 0x10, 0xC0, 0x60, 0x06,
  0x06, 0x00, 0x70, 0x30, 0x1F, 0x03, 0x00, 0xF8, 0x30, 0x00, 0xE1, 0x80,
  0x03, 0x18, 0x60, 0x18, 0xC7, 0x21, 0xCC, 0x39, 0xFC, 0xC3, 0xC7, 0xC6,
  0x36, 0x00, 0x61, 0x30, 0x02, 0x19, 0x80, 0x31, 0x8C, 0x03, 0x0F, 0xF8,
  0x18, 0x7F, 0xC1, 0x80, 0x18, 0x08, 0x00, 0xC0, 0x07, 0x00, 0xE0, 0x1C,
  0x00, 0x00, 0x00, 0x0C, 0x01, 0x80, 0x30, 0x0E, 0x03, 0x80, 0xE0, 0x3C,
  0x07, 0x01, 0xC0, 0x38, 0x07, 0x00, 0xE0, 0x1E, 0x09, 0xFF, 0x8F, 0xC0,
  0x07, 0x00, 0x00, 0xE0, 0x00, 0x18, 0x00, 0x03, 0x00, 0x00, 0x60, 0x00,
  0x00, 0x00, 0x1C, 0x00, 0x07, 0x00, 0x01, 0xE0, 0x00, 0xF8, 0x00, 0x37,
  0x00, 0x0C, 0xC0, 0x07, 0x30, 0x01, 0x8E, 0x00, 0xE1, 0x80, 0x38, 0x70,
  0x0C, 0x1C, 0x07, 0x03, 0x01, 0xFF, 0xE0, 0xFF, 0xF8, 0x38, 0x06, 0x0C,
  0x01, 0xC7, 0x00, 0x31, 0x80, 0x0E, 0x60, 0x03, 0xB8, 0x00, 0x60, 0x00,
  0x38, 0x00, 0x1C, 0x00, 0x0E, 0x00, 0x03, 0x00, 0x01, 0x80, 0x00, 0x00,
  0x00, 0x1C, 0x00, 0x07, 0x00, 0x01, 0xE0, 0x00, 0xF8, 0x00, 0x37, 0x00,
  0x0C, 0xC0, 0x07, 0x30, 0x01, 0x8E, 0x00, 0xE1, 0x80, 0x38, 0x70, 0x0C,
  0x1C, 0x07, 0x03, 0x01, 0xFF, 0xE0, 0xFF, 0xF8, 0x38, 0x06, 0x0C, 0x01,
  0xC7, 0x00, 0x31, 0x80, 0x0E, 0x60, 0x03, 0xB8, 0x00, 0x60, 0x01, 0xC0,
  0x00, 0xF8, 0x00, 0x37, 0x00, 0x18, 0xE0, 0x0C, 0x08, 0x00, 0x00, 0x00,
  0x1C, 0x00, 0x07, 0x00, 0x01, 0xE0, 0x00, 0xF8, 0x00, 0x37, 0x00, 0x0C,
  0xC0, 0x07, 0x30, 0x01, 0x8E, 0x00, 0xE1, 0x80, 0x38, 0x70, 0x0C, 0x1C,
  0x07, 0x03, 0x01, 0xFF, 0xE0, 0xFF, 0xF8, 0x38, 0x06, 0x0C, 0x01, 0xC7,
  0x00, 0x31, 0x80, 0x0E, 0x60, 0x03, 0xB8, 0x00, 0x60, 0x07, 0x8C, 0x03,
  0xFE, 0x00, 0x87, 0x00, 0x00, 0x00, 0x00, 0x00, 0x00, 0x70, 0x00, 0x1C,
  0x00, 0x07, 0x80, 0x03, 0xE0, 0x00, 0xDC, 0x00, 0x33, 0x00, 0x1C, 0xC0,
  0x06, 0x38, 0x03, 0x86, 0x00, 0xE1, 0xC0, 0x30, 0x70, 0x1C, 0x0C, 0x07,
  0xFF, 0x83, 0xFF, 0xE0, 0xE0, 0x18, 0x30, 0x07, 0x1C, 0x00, 0xC6, 0x00,
  0x39, 0x80, 0x0E, 0xE0, 0x01, 0x80, 0x07, 0x38, 0x01, 0xCE, 0x00, 0x00,
  0x00, 0x00, 0x00, 0x00, 0x00, 0x00, 0x30, 0x00, 0x0C, 0x00, 0x07, 0x80,
  0x01, 0xE0, 0x00, 0xFC, 0x00, 0x33, 0x00, 0x0C, 0xC0, 0x07, 0x18, 0x01,
  0x86, 0x00, 0xE1, 0xC0, 0x30, 0x30, 0x0C, 0x0C, 0x07, 0xFF, 0x81, 0xFF,
  0xE0, 0xE0, 0x1C, 0x30, 0x03, 0x0C, 0x00, 0xE7, 0x00, 0x39, 0x80, 0x06,
  0xE0, 0x01, 0xC0, 0x01, 0xE0, 0x00, 0xFC, 0x00, 0x23, 0x00, 0x08, 0xC0,
  0x03, 0xF0, 0x00, 0x78, 0x00, 0x1E, 0x00, 0x0D, 0x80, 0x03, 0x60, 0x01,
  0xDC, 0x00, 0x73, 0x00, 0x18, 0xE0, 0x0E, 0x18, 0x03, 0x87, 0x00, 0xC1,
  0xC0, 0x70, 0x30, 0x1F, 0xFE, 0x07, 0xFF, 0x83, 0x80, 0x70, 0xE0, 0x1C,
  0x30, 0x03, 0x1C, 0x00, 0xE6, 0x00, 0x1B, 0x80, 0x07, 0x00, 0x7F, 0xFC,
  0x03, 0xFF, 0xF0, 0x0C, 0xE0, 0x00, 0x73, 0x80, 0x01, 0x8E, 0x00, 0x0E,
  0x38, 0x00, 0x30, 0xE0, 0x01, 0xC3, 0x80, 0x07, 0x0E, 0x00, 0x18, 0x3F,
  0xF0, 0xE0, 0xFF, 0xC3, 0x03, 0x80, 0x1F, 0xFE, 0x00, 0x7F, 0xF8, 0x03,
  0x80, 0xE0, 0x0C, 0x03, 0x80, 0x70, 0x0E, 0x01, 0x80, 0x38, 0x0E, 0x00,
  0xFF, 0xF0, 0x03, 0xFF, 0x03, 0xF8, 0x1F, 0xFC, 0x78, 0x31, 0xC0, 0x07,
  0x00, 0x0E, 0x00, 0x3C, 0x00, 0x70, 0x00, 0xE0, 0x01, 0xC0, 0x03, 0x80,
  0x07, 0x00, 0x0E, 0x00, 0x1C, 0x00, 0x1C, 0x00, 0x38, 0x00, 0x38, 0x00,
  0x7C, 0x08, 0x3F, 0xF0, 0x3F, 0xC0, 0x18, 0x00, 0x30, 0x00, 0x38, 0x00,
  0x30, 0x00, 0x60, 0x07, 0xC0, 0x0F, 0x00, 0x1C, 0x03, 0x80, 0x38, 0x03,
  0x00, 0x30, 0x00, 0x3F, 0xFF, 0xFF, 0xE0, 0x1C, 0x03, 0x80, 0x70, 0x0E,
  0x01, 0xC0, 0x38, 0x07, 0xFF, 0xFF, 0xFC, 0x03, 0x80, 0x70, 0x0E, 0x01,
  0xC0, 0x38, 0x07, 0x00, 0xFF, 0xFF, 0xFC, 0x01, 0xC0, 0x70, 0x0C, 0x03,
  0x00, 0x40, 0x00, 0x3F, 0xFF, 0xFF, 0xE0, 0x1C, 0x03, 0x80, 0x70, 0x0E,
  0x01, 0xC0, 0x38, 0x07, 0xFF, 0xFF, 0xFC, 0x03, 0x80, 0x70, 0x0E, 0x01,
  0xC0, 0x38, 0x07, 0x00, 0xFF, 0xFF, 0xFC, 0x06, 0x01, 0xE0, 0x7E, 0x18,
  0xE6, 0x04, 0x00, 0x3F, 0xFF, 0xFF, 0xE0, 0x1C, 0x03, 0x80, 0x70, 0x0E,
  0x01, 0xC0, 0x38, 0x07, 0xFF, 0xFF, 0xFC, 0x03, 0x80, 0x70, 0x0E, 0x01,
  0xC0, 0x38, 0x07, 0x00, 0xFF, 0xFF, 0xFC, 0x39, 0xC7, 0x38, 0x00, 0x00,
  0x00, 0x01, 0xFF, 0xFF, 0xFF, 0x00, 0xE0, 0x1C, 0x03, 0x80, 0x70, 0x0E,
  0x01, 0xC0, 0x3F, 0xFF, 0xFF, 0xE0, 0x1C, 0x03, 0x80, 0x70, 0x0E, 0x01,
  0xC0, 0x38, 0x07, 0xFF, 0xFF, 0xE0, 0xE0, 0xE0, 0xC0, 0xC0, 0xC0, 0x3F,
  0xFF, 0x38, 0x70, 0xE1, 0xC3, 0x87, 0x0E, 0x1C, 0x38, 0x70, 0xE1, 0xC3,
  0x87, 0x0E, 0x1C, 0xFF, 0xFC, 0x06, 0x0E, 0x1C, 0x38, 0x30, 0x00, 0xFE,
  0xFE, 0x38, 0x38, 0x38, 0x38, 0x38, 0x38, 0x38, 0x38, 0x38, 0x38, 0x38,
  0x38, 0x38, 0x38, 0x38, 0x38, 0xFE, 0xFE, 0x1C, 0x1F, 0x1D, 0xDC, 0x7C,
  0x18, 0x01, 0xFC, 0xFE, 0x1C, 0x0E, 0x07, 0x03, 0x81, 0xC0, 0xE0, 0x70,
  0x38, 0x1C, 0x0E, 0x07, 0x03, 0x81, 0xC0, 0xE0, 0x70, 0x38, 0x7F, 0x3F,
  0x80, 0xE7, 0xE7, 0x00, 0x00, 0x00, 0xFE, 0xFE, 0x18, 0x18, 0x18, 0x18,
  0x18, 0x18, 0x18, 0x18, 0x18, 0x18, 0x18, 0x18, 0x18, 0x18, 0x18, 0x18,
  0xFE, 0xFE, 0x3F, 0xF0, 0x0F, 0xFF, 0x03, 0x81, 0xE0, 0xE0, 0x1C, 0x38,
  0x03, 0x8E, 0x00, 0xE3, 0x80, 0x1C, 0xE0, 0x07, 0x38, 0x01, 0xFF, 0xE0,
  0x7F, 0xF8, 0x1C, 0xE0, 0x07, 0x38, 0x01, 0xCE, 0x00, 0xF3, 0x80, 0x38,
  0xE0, 0x1E, 0x38, 0x07, 0x0E, 0x07, 0x83, 0xFF, 0xC0, 0xFF, 0xC0, 0x0F,
  0x10, 0x3F, 0xE0, 0x47, 0x80, 0x00, 0x00, 0x00, 0x1C, 0x00, 0xFC, 0x01,
  0xF8, 0x03, 0xF8, 0x07, 0xB8, 0x0F, 0x70, 0x1E, 0x70, 0x3C, 0x60, 0x78,
  0xE0, 0xF0, 0xE1, 0xE1, 0xC3, 0xC1, 0xC7, 0x81, 0xCF, 0x03, 0x9E, 0x03,
  0xBC, 0x03, 0x78, 0x07, 0xF0, 0x07, 0xE0, 0x0F, 0xC0, 0x0E, 0x03, 0x80,
  0x00, 0x60, 0x00, 0x0C, 0x00, 0x01, 0x80, 0x00, 0x00, 0x00, 0x00, 0x00,
  0x3F, 0x00, 0x3F, 0xF0, 0x3E, 0x0F, 0x0E, 0x01, 0xC7, 0x00, 0x39, 0xC0,
  0x0E, 0xE0, 0x01, 0xF8, 0x00, 0x7E, 0x00, 0x1F, 0x80, 0x07, 0xE0, 0x01,
  0xF8, 0x00, 0x7E, 0x00, 0x1F, 0x80, 0x07, 0x70, 0x03, 0x9C, 0x00, 0xE3,
  0x80, 0x70, 0xF0, 0x3C, 0x0F, 0xFC, 0x00, 0xFC, 0x00, 0x00, 0x38, 0x00,
  0x1C, 0x00, 0x06, 0x00, 0x03, 0x00, 0x00, 0x00, 0x00, 0x00, 0x00, 0x3F,
  0x00, 0x3F, 0xF0, 0x3E, 0x0F, 0x0E, 0x01, 0xC7, 0x00, 0x39, 0xC0, 0x0E,
  0xE0, 0x01, 0xF8, 0x00, 0x7E, 0x00, 0x1F, 0x80, 0x07, 0xE0, 0x01, 0xF8,
  0x00, 0x7E, 0x00, 0x1F, 0x80, 0x07, 0x70, 0x03, 0x9C, 0x00, 0xE3, 0x80,
  0x70, 0xF0, 0x3C, 0x0F, 0xFC, 0x00, 0xFC, 0x00, 0x01, 0xC0, 0x00, 0x78,
  0x00, 0x33, 0x00, 0x18, 0x60, 0x00, 0x00, 0x00, 0x00, 0x00, 0x3F, 0x00,
  0x3F, 0xF0, 0x3E, 0x0F, 0x0E, 0x01, 0xC7, 0x00, 0x39, 0xC0, 0x0E, 0xE0,
  0x01, 0xF8, 0x00, 0x7E, 0x00, 0x1F, 0x80, 0x07, 0xE0, 0x01, 0xF8, 0x00,
  0x7E, 0x00, 0x1F, 0x80, 0x07, 0x70, 0x03, 0x9C, 0x00, 0xE3, 0x80, 0x70,
  0xF0, 0x3C, 0x0F, 0xFC, 0x00, 0xFC, 0x00, 0x03, 0x8C, 0x01, 0xFE, 0x00,
  0xC7, 0x00, 0x00, 0x00, 0x00, 0x00, 0x00, 0xFC, 0x00, 0xFF, 0xC0, 0xF8,
  0x3C, 0x38, 0x07, 0x1C, 0x00, 0xE7, 0x00, 0x3B, 0x80, 0x07, 0xE0, 0x01,
  0xF8, 0x00, 0x7E, 0x00, 0x1F, 0x80, 0x07, 0xE0, 0x01, 0xF8, 0x00, 0x7E,
  0x00, 0x1D, 0xC0, 0x0E, 0x70, 0x03, 0x8E, 0x01, 0xC3, 0xC0, 0xF0, 0x3F,
  0xF0, 0x03, 0xF0, 0x00, 0x07, 0x38, 0x01, 0xCE, 0x00, 0x00, 0x00, 0x00,
  0x00, 0x00, 0x00, 0x00, 0xFC, 0x00, 0xFF, 0xC0, 0xF8, 0x3C, 0x38, 0x07,
  0x1C, 0x00, 0xE7, 0x00, 0x3B, 0x80, 0x07, 0xE0, 0x01, 0xF8, 0x00, 0x7E,
  0x00, 0x1F, 0x80, 0x07, 0xE0, 0x01, 0xF8, 0x00, 0x7E, 0x00, 0x1D, 0xC0,
  0x0E, 0x70, 0x03, 0x8E, 0x01, 0xC3, 0xC0, 0xF0, 0x3F, 0xF0, 0x03, 0xF0,
  0x00, 0x00, 0x2C, 0x07, 0x60, 0xE3, 0x1C, 0x1B, 0x80, 0xF0, 0x0E, 0x01,
  0xF0, 0x39, 0x87, 0x0C, 0xE0, 0x6C, 0x02, 0x00, 0x00, 0x01, 0xFC, 0xE0,
  0xFF, 0xF0, 0xF8, 0x78, 0x38, 0x0F, 0x1C, 0x07, 0xE7, 0x01, 0xBB, 0x80,
  0xC7, 0xE0, 0x71, 0xF8, 0x18, 0x7E, 0x0C, 0x1F, 0x87, 0x07, 0xE1, 0x81,
  0xF8, 0xC0, 0x7E, 0x70, 0x1D, 0xD8, 0x0E, 0x7C, 0x03, 0x8F, 0x01, 0xC1,
  0xC0, 0xE0, 0xFF, 0xF0, 0x73, 0xF0, 0x00, 0x00, 0x00, 0x0E, 0x00, 0x0E,
  0x00, 0x0C, 0x00, 0x0C, 0x00, 0x00, 0x00, 0x00, 0x38, 0x03, 0xF0, 0x07,
  0xE0, 0x0F, 0xC0, 0x1F, 0x80, 0x3F, 0x00, 0x7E, 0x00, 0xFC, 0x01, 0xF8,
  0x03, 0xF0, 0x07, 0xE0, 0x0F, 0xC0, 0x1F, 0x80, 0x3F, 0x00, 0x7E, 0x00,
  0xFC, 0x01, 0xDC, 0x07, 0x3C, 0x1C, 0x3F, 0xF0, 0x1F, 0xC0, 0x00, 0xE0,
  0x01, 0x80, 0x06, 0x00, 0x18, 0x00, 0x00, 0x00, 0x00, 0x38, 0x03, 0xF0,
  0x07, 0xE0, 0x0F, 0xC0, 0x1F, 0x80, 0x3F, 0x00, 0x7E, 0x00, 0xFC, 0x01,
  0xF8, 0x03, 0xF0, 0x07, 0xE0, 0x0F, 0xC0, 0x1F, 0x80, 0x3F, 0x00, 0x7E,
  0x00, 0xFC, 0x01, 0xDC, 0x07, 0x3C, 0x1C, 0x3F, 0xF0, 0x1F, 0xC0, 0x03,
  0x80, 0x0F, 0x80, 0x3B, 0x80, 0x63, 0x00, 0x00, 0x00, 0x00, 0x38, 0x03,
  0xF0, 0x07, 0xE0, 0x0F, 0xC0, 0x1F, 0x80, 0x3F, 0x00, 0x7E, 0x00, 0xFC,
  0x01, 0xF8, 0x03, 0xF0, 0x07, 0xE0, 0x0F, 0xC0, 0x1F, 0x80, 0x3F, 0x00,
  0x7E, 0x00, 0xFC, 0x01, 0xDC, 0x07, 0x3C, 0x1C, 0x3F, 0xF0, 0x1F, 0xC0,
  0x0E, 0x70, 0x1C, 0xE0, 0x00, 0x00, 0x00, 0x00, 0x00, 0x1C, 0x01, 0xF8,
  0x03, 0xF0, 0x07, 0xE0, 0x0F, 0xC0, 0x1F, 0x80, 0x3F, 0x00, 0x7E, 0x00,
  0xFC, 0x01, 0xF8, 0x03, 0xF0, 0x07, 0xE0, 0x0F, 0xC0, 0x1F, 0x80, 0x3F,
  0x00, 0x7E, 0x00, 0xEE, 0x03, 0x9E, 0x0E, 0x1F, 0xF8, 0x0F, 0xE0, 0x00,
  0x38, 0x00, 0x38, 0x00, 0x38, 0x00, 0x38, 0x00, 0x18, 0x00, 0x00, 0x01,
  0x80, 0x0C, 0xE0, 0x0E, 0x38, 0x0E, 0x1C, 0x07, 0x07, 0x07, 0x03, 0x83,
  0x80, 0xE3, 0x80, 0x71, 0xC0, 0x1D, 0xC0, 0x0E, 0xC0, 0x03, 0xE0, 0x00,
  0xE0, 0x00, 0x70, 0x00, 0x38, 0x00, 0x1C, 0x00, 0x0E, 0x00, 0x07, 0x00,
  0x03, 0x80, 0x01, 0xC0, 0x00, 0xE0, 0x00, 0xE0, 0x07, 0x00, 0x38, 0x01,
  0xC0, 0x0F, 0xF8, 0x7F, 0xF3, 0x83, 0xDC, 0x0F, 0xE0, 0x3F, 0x01, 0xF8,
  0x0F, 0xC0, 0x7E, 0x07, 0x70, 0x7B, 0xFF, 0x9F, 0xF0, 0xE0, 0x07, 0x00,
  0x38, 0x01, 0xC0, 0x00, 0x1F, 0x81, 0xFF, 0x87, 0x0F, 0x38, 0x1C, 0xE0,
  0x73, 0x83, 0xCE, 0x1E, 0x38, 0xF0, 0xE7, 0x83, 0x9C, 0x0E, 0x70, 0x38,
  0xF0, 0xE1, 0xE3, 0x83, 0xEE, 0x03, 0xB8, 0x07, 0xE0, 0x1F, 0x80, 0x7E,
  0xC3, 0xFB, 0xFE, 0xE7, 0xF0, 0x1C, 0x00, 0xC0, 0x0E, 0x00, 0x60, 0x03,
  0x00, 0x00, 0x00, 0x00, 0xFC, 0x3F, 0xE1, 0x0F, 0x00, 0x70, 0x07, 0x00,
  0x71, 0xFF, 0x7F, 0xFF, 0x07, 0xE0, 0x7E, 0x07, 0xE0, 0xFF, 0x1F, 0x7F,
  0x73, 0xE3, 0x01, 0xC0, 0x1C, 0x03, 0x80, 0x30, 0x06, 0x00, 0x00, 0x00,
  0x00, 0xFC, 0x3F, 0xE1, 0x0F, 0x00, 0x70, 0x07, 0x00, 0x71, 0xFF, 0x7F,
  0xFF, 0x07, 0xE0, 0x7E, 0x07, 0xE0, 0xFF, 0x1F, 0x7F, 0x73, 0xE3, 0x06,
  0x00, 0x70, 0x0F, 0x81, 0x9C, 0x30, 0xE0, 0x00, 0x00, 0x00, 0xFC, 0x3F,
  0xE1, 0x0F, 0x00, 0x70, 0x07, 0x00, 0x71, 0xFF, 0x7F, 0xFF, 0x07, 0xE0,
  0x7E, 0x07, 0xE0, 0xFF, 0x1F, 0x7F, 0x73, 0xE3, 0x1E, 0x63, 0xFE, 0x31,
  0xC0, 0x00, 0x00, 0x00, 0xFC, 0x3F, 0xE1, 0x0F, 0x00, 0x70, 0x07, 0x00,
  0x71, 0xFF, 0x7F, 0xFF, 0x07, 0xE0, 0x7E, 0x07, 0xE0, 0xFF, 0x1F, 0x7F,
  0x73, 0xE3, 0x18, 0xE1, 0x8E, 0x00, 0x00, 0x00, 0x00, 0x00, 0xFC, 0x3F,
  0xE1, 0x0F, 0x00, 0x70, 0x07, 0x00, 0x71, 0xFF, 0x7F, 0xFF, 0x07, 0xE0,
  0x7E, 0x07, 0xE0, 0xFF, 0x1F, 0x7F, 0x33, 0xE3, 0x07, 0x80, 0xFC, 0x08,
  0xC0, 0x8C, 0x0F, 0xC0, 0x78, 0x00, 0x00, 0x00, 0x0F, 0xC3, 0xFE, 0x10,
  0x70, 0x03, 0x00, 0x30, 0x03, 0x1F, 0xF7, 0xFF, 0x78, 0x3E, 0x03, 0xE0,
  0x3E, 0x07, 0xF0, 0xF7, 0xFB, 0x3F, 0x30, 0x1F, 0x87, 0xC1, 0xFE, 0x7F,
  0x0C, 0x3E, 0x1C, 0x00, 0xF0, 0xF0, 0x07, 0x03, 0x80, 0x38, 0x1C, 0x7F,
  0xFF, 0xEF, 0xFF, 0xFF, 0xF0, 0x70, 0x07, 0x03, 0x80, 0x38, 0x1C, 0x01,
  0xC1, 0xF0, 0x0F, 0x1D, 0xC1, 0x3F, 0xCF, 0xF8, 0xF8, 0x1F, 0x80, 0x0F,
  0xC7, 0xF9, 0xE1, 0x38, 0x0E, 0x01, 0xC0, 0x38, 0x07, 0x00, 0xE0, 0x1C,
  0x03, 0x80, 0x38, 0x07, 0x82, 0x7F, 0xC3, 0xF0, 0x30, 0x06, 0x00, 0x70,
  0x06, 0x00, 0xC0, 0xF8, 0x1E, 0x00, 0x1C, 0x00, 0x60, 0x03, 0x80, 0x0E,
  0x00, 0x30, 0x00, 0x00, 0x00, 0x01, 0xF0, 0x3F, 0xE3, 0xC3, 0x9C, 0x1D,
  0xC0, 0x7E, 0x03, 0xFF, 0xFF, 0xFF, 0xFC, 0x00, 0xE0, 0x07, 0x00, 0x1C,
  0x00, 0xF0, 0x23, 0xFF, 0x07, 0xF0, 0x00, 0xC0, 0x0E, 0x00, 0x60, 0x06,
  0x00, 0x60, 0x00, 0x00, 0x00, 0x01, 0xF0, 0x3F, 0xE3, 0xC3, 0x9C, 0x1D,
  0xC0, 0x7E, 0x03, 0xFF, 0xFF, 0xFF, 0xFC, 0x00, 0xE0, 0x07, 0x00, 0x1C,
  0x00, 0xF0, 0x23, 0xFF, 0x07, 0xF0, 0x07, 0x00, 0x38, 0x03, 0xE0, 0x33,
  0x83, 0x06, 0x00, 0x00, 0x00, 0x01, 0xF0, 0x3F, 0xE3, 0xC3, 0x9C, 0x1D,
  0xC0, 0x7E, 0x03, 0xFF, 0xFF, 0xFF, 0xFC, 0x00, 0xE0, 0x07, 0x00, 0x1C,
  0x00, 0xF0, 0x23, 0xFF, 0x07, 0xF0, 0x39, 0xC1, 0xCE, 0x00, 0x00, 0x00,
  0x00, 0x00, 0x07, 0xC0, 0xFF, 0x8F, 0x0E, 0x70, 0x77, 0x01, 0xF8, 0x0F,
  0xFF, 0xFF, 0xFF, 0xF0, 0x03, 0x80, 0x1C, 0x00, 0x70, 0x03, 0xC0, 0x8F,
  0xFC, 0x1F, 0xC0, 0xE1, 0xC3, 0x06, 0x0C, 0x03, 0x8E, 0x38, 0xE3, 0x8E,
  0x38, 0xE3, 0x8E, 0x38, 0xE3, 0x8E, 0x38, 0x1C, 0xE7, 0x38, 0xC0, 0x0E,
  0x38, 0xE3, 0x8E, 0x38, 0xE3, 0x8E, 0x38, 0xE3, 0x8E, 0x38, 0xE0, 0x1C,
  0x1F, 0x1D, 0xDC, 0x78, 0x08, 0x00, 0x70, 0x38, 0x1C, 0x0E, 0x07, 0x03,
  0x81, 0xC0, 0xE0, 0x70, 0x38, 0x1C, 0x0E, 0x07, 0x03, 0x81, 0xC0, 0xE3,
  0xF1, 0xC0, 0x00, 0x00, 0x00, 0xC0, 0x60, 0x30, 0x18, 0x0C, 0x06, 0x03,
  0x01, 0x80, 0xC0, 0x60, 0x30, 0x18, 0x0C, 0x06, 0x03, 0x00, 0x04, 0x20,
  0x39, 0xC0, 0x7E, 0x01, 0xF0, 0x0E, 0xE0, 0x31, 0xC0, 0x07, 0x00, 0x0E,
  0x0F, 0xB8, 0xFF, 0x67, 0x87, 0xDC, 0x0F, 0xE0, 0x1F, 0x80, 0x7E, 0x01,
  0xF8, 0x07, 0xE0, 0x1D, 0xC0, 0xE7, 0x87, 0x8F, 0xFC, 0x0F, 0xC0, 0x1E,
  0x21, 0xFF, 0x18, 0xF0, 0x00, 0x00, 0x00, 0x73, 0xE3, 0xBF, 0xDF, 0x0E,
  0xF0, 0x3F, 0x01, 0xF8, 0x0F, 0xC0, 0x7E, 0x03, 0xF0, 0x1F, 0x80, 0xFC,
  0x07, 0xE0, 0x3F, 0x01, 0xF8, 0x0F, 0xC0, 0x70, 0x0C, 0x00, 0x38, 0x00,
  0x60, 0x00, 0xC0, 0x01, 0x80, 0x00, 0x00, 0x00, 0x03, 0xF0, 0x3F, 0xF1,
  0xE1, 0xE7, 0x03, 0xB8, 0x07, 0xE0, 0x1F, 0x80, 0x7E, 0x01, 0xF8, 0x07,
  0xE0, 0x1F, 0x80, 0x77, 0x03, 0x9E, 0x1E, 0x3F, 0xF0, 0x3F, 0x00, 0x00,
  0xE0, 0x03, 0x00, 0x1C, 0x00, 0xE0, 0x03, 0x00, 0x00, 0x00, 0x00, 0x03,
  0xF0, 0x3F, 0xF1, 0xE1, 0xE7, 0x03, 0xB8, 0x07, 0xE0, 0x1F, 0x80, 0x7E,
  0x01, 0xF8, 0x07, 0xE0, 0x1F, 0x80, 0x77, 0x03, 0x9E, 0x1E, 0x3F, 0xF0,
  0x3F, 0x00, 0x03, 0x00, 0x1E, 0x00, 0xFC, 0x03, 0x30, 0x18, 0x60, 0x00,
  0x00, 0x00, 0x03, 0xF0, 0x3F, 0xF1, 0xE1, 0xE7, 0x03, 0xB8, 0x07, 0xE0,
  0x1F, 0x80, 0x7E, 0x01, 0xF8, 0x07, 0xE0, 0x1F, 0x80, 0x77, 0x03, 0x9E,
  0x1E, 0x3F, 0xF0, 0x3F, 0x00, 0x1E, 0x30, 0x7F, 0x83, 0x1E, 0x00, 0x00,
  0x00, 0x00, 0x3F, 0x03, 0xFF, 0x1E, 0x1E, 0x70, 0x3B, 0x80, 0x7E, 0x01,
  0xF8, 0x07, 0xE0, 0x1F, 0x80, 0x7E, 0x01, 0xF8, 0x07, 0x70, 0x39, 0xE1,
  0xE3, 0xFF, 0x03, 0xF0, 0x1C, 0xE0, 0x73, 0x80, 0x00, 0x00, 0x00, 0x00,
  0x00, 0x3F, 0x03, 0xFF, 0x1E, 0x1E, 0x70, 0x3B, 0x80, 0x7E, 0x01, 0xF8,
  0x07, 0xE0, 0x1F, 0x80, 0x7E, 0x01, 0xF8, 0x07, 0x70, 0x39, 0xE1, 0xE3,
  0xFF, 0x03, 0xF0, 0x07, 0x00, 0x38, 0x01, 0xC0, 0x00, 0x00, 0x00, 0x00,
  0x03, 0xFF, 0xFF, 0xFF, 0x00, 0x00, 0x00, 0x01, 0xC0, 0x0E, 0x00, 0x70,
  0x00, 0x00, 0x10, 0x3E, 0x63, 0xFF, 0x9E, 0x1C, 0x70, 0x7B, 0x83, 0x6E,
  0x1D, 0xF8, 0x67, 0xE3, 0x1F, 0x98, 0x7E, 0x61, 0xDB, 0x07, 0x78, 0x38,
  0xE1, 0xE3, 0xFF, 0x1B, 0xF0, 0x20, 0x00, 0x1C, 0x00, 0x60, 0x03, 0x80,
  0x0E, 0x00, 0x30, 0x00, 0x00, 0x00, 0x1C, 0x07, 0xE0, 0x3F, 0x01, 0xF8,
  0x0F, 0xC0, 0x7E, 0x03, 0xF0, 0x1F, 0x80, 0xFC, 0x07, 0xE0, 0x3F, 0x01,
  0xF8, 0x1F, 0xE1, 0xF7, 0xFB, 0x8F, 0x9C, 0x00, 0xC0, 0x0E, 0x00, 0x60,
  0x06, 0x00, 0x60, 0x00, 0x00, 0x00, 0x1C, 0x07, 0xE0, 0x3F, 0x01, 0xF8,
  0x0F, 0xC0, 0x7E, 0x03, 0xF0, 0x1F, 0x80, 0xFC, 0x07, 0xE0, 0x3F, 0x01,
  0xF8, 0x1F, 0xE1, 0xF7, 0xFB, 0x8F, 0x9C, 0x07, 0x00, 0x38, 0x03, 0xE0,
  0x3B, 0x83, 0x06, 0x00, 0x00, 0x00, 0x1C, 0x07, 0xE0, 0x3F, 0x01, 0xF8,
  0x0F, 0xC0, 0x7E, 0x03, 0xF0, 0x1F, 0x80, 0xFC, 0x07, 0xE0, 0x3F, 0x01,
  0xF8, 0x1F, 0xE1, 0xF7, 0xFB, 0x8F, 0x9C, 0x19, 0xC0, 0xCE, 0x00, 0x00,
  0x00, 0x00, 0x00, 0x70, 0x1F, 0x80, 0xFC, 0x07, 0xE0, 0x3F, 0x01, 0xF8,
  0x0F, 0xC0, 0x7E, 0x03, 0xF0, 0x1F, 0x80, 0xFC, 0x07, 0xE0, 0x7F, 0x87,
  0xDF, 0xEE, 0x7E, 0x70, 0x00, 0xE0, 0x07, 0x00, 0x18, 0x00, 0xC0, 0x06,
  0x00, 0x00, 0x0E, 0x01, 0xF8, 0x06, 0x60, 0x39, 0xC0, 0xC7, 0x03, 0x0C,
  0x1C, 0x38, 0x60, 0x63, 0x81, 0x8E, 0x07, 0x30, 0x0D, 0xC0, 0x36, 0x00,
  0x78, 0x01, 0xE0, 0x07, 0x00, 0x0C, 0x00, 0x70, 0x01, 0x80, 0x0E, 0x00,
  0x70, 0x0F, 0xC0, 0x3C, 0x00, 0xE0, 0x07, 0x00, 0x38, 0x01, 0xC0, 0x0E,
  0x00, 0x70, 0x03, 0x9F, 0x1D, 0xFC, 0xF8, 0xF7, 0x83, 0xB8, 0x0F, 0xC0,
  0x7E, 0x03, 0xF0, 0x1F, 0x80, 0xFC, 0x07, 0xE0, 0x3F, 0x83, 0xBE, 0x3D,
  0xDF, 0xCE, 0x7C, 0x70, 0x03, 0x80, 0x1C, 0x00, 0xE0, 0x07, 0x00, 0x38,
  0x01, 0xC0, 0x00, 0x1C, 0xE0, 0x73, 0x80, 0x00, 0x00, 0x00, 0x00, 0x03,
  0x80, 0x7E, 0x01, 0xD8, 0x06, 0x70, 0x38, 0xC0, 0xC3, 0x83, 0x0E, 0x1C,
  0x18, 0x60, 0x73, 0x80, 0xCE, 0x03, 0x30, 0x07, 0xC0, 0x1E, 0x00, 0x78,
  0x00, 0xE0, 0x03, 0x00, 0x0C, 0x00, 0x60, 0x01, 0x80, 0x0E, 0x03, 0xF0,
  0x0F, 0x00, 0x00, 0x07, 0xF8, 0x01, 0xFE, 0x00, 0x00, 0x00, 0x00, 0x00,
  0x00, 0xC0, 0x00, 0x78, 0x00, 0x1E, 0x00, 0x07, 0x80, 0x03, 0xB0, 0x00,
  0xCC, 0x00, 0x73, 0x80, 0x1C, 0x60, 0x06, 0x18, 0x03, 0x87, 0x00, 0xE0,
  0xC0, 0x30, 0x38, 0x1F, 0xFE, 0x07, 0xFF, 0x83, 0x80, 0x70, 0xE0, 0x1C,
  0x30, 0x03, 0x1C, 0x00, 0xE6, 0x00, 0x19, 0x80, 0x07, 0x3F, 0xC3, 0xFC,
  0x00, 0x00, 0x00, 0x1F, 0xC7, 0xFE, 0x20, 0xF0, 0x07, 0x00, 0x70, 0x07,
  0x1F, 0xF7, 0xFF, 0xF0, 0x7E, 0x07, 0xE0, 0x7E, 0x0F, 0xF1, 0xF7, 0xF7,
  0x3E, 0x30, 0x06, 0x08, 0x01, 0xFE, 0x00, 0x1F, 0x00, 0x00, 0x00, 0x00,
  0x00, 0x00, 0x38, 0x00, 0x0E, 0x00, 0x07, 0x80, 0x01, 0xF0, 0x00, 0xEC,
  0x00, 0x33, 0x00, 0x0C, 0xE0, 0x07, 0x18, 0x01, 0x87, 0x00, 0x61, 0xC0,
  0x38, 0x30, 0x0C, 0x0E, 0x07, 0xFF, 0x81, 0xFF, 0xF0, 0x60, 0x1C, 0x38,
  0x03, 0x0C, 0x00, 0xE7, 0x00, 0x39, 0xC0, 0x06, 0x60, 0x01, 0xC0, 0x10,
  0x41, 0x8C, 0x1F, 0xC0, 0xF8, 0x00, 0x00, 0x00, 0x0F, 0xC3, 0xFE, 0x10,
  0xF0, 0x07, 0x00, 0x70, 0x07, 0x1F, 0xF7, 0xFF, 0xF0, 0x7E, 0x07, 0xE0,
  0x7E, 0x0F, 0xF1, 0xF7, 0xF7, 0x3E, 0x30, 0x01, 0xC0, 0x00, 0x70, 0x00,
  0x1E, 0x00, 0x0F, 0x80, 0x03, 0x70, 0x00, 0xCC, 0x00, 0x73, 0x00, 0x18,
  0xE0, 0x0E, 0x18, 0x03, 0x87, 0x00, 0xC1, 0xC0, 0x70, 0x30, 0x1F, 0xFE,
  0x07, 0xFF, 0x83, 0x80, 0x60, 0xC0, 0x1C, 0x70, 0x03, 0x1C, 0x00, 0xE6,
  0x00, 0x3B, 0x80, 0x06, 0x00, 0x03, 0x00, 0x00, 0x80, 0x00, 0x60, 0x00,
  0x18, 0x00, 0x07, 0xC0, 0x00, 0xF0, 0x0F, 0xC1, 0xFF, 0x04, 0x3C, 0x00,
  0xE0, 0x07, 0x00, 0x38, 0x7F, 0xCF, 0xFE, 0xF0, 0x77, 0x03, 0xB8, 0x1D,
  0xC1, 0xEF, 0x1F, 0x3F, 0x98, 0xF8, 0xC0, 0x0C, 0x00, 0x40, 0x06, 0x00,
  0x30, 0x01, 0xF0, 0x07, 0x80, 0x00, 0x38, 0x00, 0xE0, 0x03, 0x80, 0x06,
  0x00, 0x00, 0x00, 0x00, 0x00, 0xFE, 0x07, 0xFF, 0x1E, 0x0C, 0x70, 0x01,
  0xC0, 0x03, 0x80, 0x0F, 0x00, 0x1C, 0x00, 0x38, 0x00, 0x70, 0x00, 0xE0,
  0x01, 0xC0, 0x03, 0x80, 0x07, 0x00, 0x07, 0x00, 0x0E, 0x00, 0x0E, 0x00,
  0x1F, 0x02, 0x0F, 0xFC, 0x0F, 0xF0, 0x00, 0xC0, 0x38, 0x06, 0x01, 0x80,
  0x60, 0x00, 0x00, 0x00, 0x7E, 0x3F, 0xCF, 0x09, 0xC0, 0x70, 0x0E, 0x01,
  0xC0, 0x38, 0x07, 0x00, 0xE0, 0x1C, 0x01, 0xC0, 0x3C, 0x13, 0xFE, 0x1F,
  0x80, 0x01, 0xC0, 0x03, 0xC0, 0x0C, 0xC0, 0x30, 0xC0, 0x00, 0x00, 0x00,
  0x00, 0xFE, 0x07, 0xFF, 0x1E, 0x0C, 0x70, 0x01, 0xC0, 0x03, 0x80, 0x0F,
  0x00, 0x1C, 0x00, 0x38, 0x00, 0x70, 0x00, 0xE0, 0x01, 0xC0, 0x03, 0x80,
  0x07, 0x00, 0x07, 0x00, 0x0E, 0x00, 0x0E, 0x00, 0x1F, 0x02, 0x0F, 0xFC,
  0x0F, 0xF0, 0x07, 0x00, 0xE0, 0x36, 0x0C, 0xE3, 0x06, 0x00, 0x00, 0x00,
  0x7E, 0x3F, 0xCF, 0x09, 0xC0, 0x70, 0x0E, 0x01, 0xC0, 0x38, 0x07, 0x00,
  0xE0, 0x1C, 0x01, 0xC0, 0x3C, 0x13, 0xFE, 0x1F, 0x80, 0x01, 0xC0, 0x03,
  0x80, 0x07, 0x00, 0x00, 0x00, 0x00, 0x00, 0x7F, 0x03, 0xFF, 0x8F, 0x06,
  0x38, 0x00, 0xE0, 0x01, 0xC0, 0x07, 0x80, 0x0E, 0x00, 0x1C, 0x00, 0x38,
  0x00, 0x70, 0x00, 0xE0, 0x01, 0xC0, 0x03, 0x80, 0x03, 0x80, 0x07, 0x00,
  0x07, 0x00, 0x0F, 0x81, 0x07, 0xFE, 0x07, 0xF8, 0x07, 0x00, 0xE0, 0x1C,
  0x00, 0x00, 0x00, 0x00, 0x03, 0xF1, 0xFE, 0x78, 0x0E, 0x03, 0x80, 0x70,
  0x0E, 0x01, 0xC0, 0x38, 0x07, 0x00, 0xE0, 0x0E, 0x01, 0xE0, 0x9F, 0xF0,
  0xFC, 0x06, 0x18, 0x06, 0x60, 0x07, 0x80, 0x0E, 0x00, 0x00, 0x00, 0x00,
  0x00, 0xFE, 0x07, 0xFF, 0x1E, 0x0C, 0x70, 0x01, 0xC0, 0x03, 0x80, 0x0F,
  0x00, 0x1C, 0x00, 0x38, 0x00, 0x70, 0x00, 0xE0, 0x01, 0xC0, 0x03, 0x80,
  0x07, 0x00, 0x07, 0x00, 0x0E, 0x00, 0x0E, 0x00, 0x1F, 0x02, 0x0F, 0xFC,
  0x0F, 0xF0, 0x30, 0x63, 0x18, 0x76, 0x07, 0xC0, 0x70, 0x00, 0x00, 0x00,
  0x7E, 0x3F, 0xCF, 0x09, 0xC0, 0x70, 0x0E, 0x01, 0xC0, 0x38, 0x07, 0x00,
  0xE0, 0x1C, 0x01, 0xC0, 0x3C, 0x13, 0xFE, 0x1F, 0x80, 0x18, 0x30, 0x0C,
  0x60, 0x06, 0xC0, 0x03, 0x80, 0x03, 0x80, 0x00, 0x00, 0xFF, 0xC0, 0xFF,
  0xF0, 0xE0, 0x78, 0xE0, 0x1C, 0xE0, 0x0E, 0xE0, 0x0E, 0xE0, 0x07, 0xE0,
  0x07, 0xE0, 0x07, 0xE0, 0x07, 0xE0, 0x07, 0xE0, 0x07, 0xE0, 0x07, 0xE0,
  0x0F, 0xE0, 0x0E, 0xE0, 0x1E, 0xE0, 0x1C, 0xE0, 0x78, 0xFF, 0xF0, 0xFF,
  0x80, 0x00, 0x39, 0x80, 0x1C, 0xC0, 0x0E, 0xC0, 0x07, 0x60, 0x03, 0x80,
  0x01, 0xC0, 0x7C, 0xE0, 0x7F, 0x70, 0x78, 0xF8, 0x38, 0x3C, 0x38, 0x0E,
  0x1C, 0x07, 0x0E, 0x03, 0x87, 0x01, 0xC3, 0x80, 0xE1, 0xC0, 0x70, 0xE0,
  0x38, 0x38, 0x3C, 0x1E, 0x3E, 0x07, 0xF7, 0x01, 0xF3, 0x80, 0x3F, 0xF0,
  0x0F, 0xFF, 0x03, 0x81, 0xE0, 0xE0, 0x1C, 0x38, 0x03, 0x8E, 0x00, 0xE3,
  0x80, 0x1C, 0xE0, 0x07, 0x38, 0x01, 0xFF, 0xE0, 0x7F, 0xF8, 0x1C, 0xE0,
  0x07, 0x38, 0x01, 0xCE, 0x00, 0xF3, 0x80, 0x38, 0xE0, 0x1E, 0x38, 0x07,
  0x0E, 0x07, 0x83, 0xFF, 0xC0, 0xFF, 0xC0, 0x00, 0x38, 0x00, 0x70, 0x1F,
  0xF8, 0x3F, 0xF0, 0x03, 0x80, 0x07, 0x07, 0xCE, 0x1F, 0xDC, 0x78, 0xF8,
  0xE0, 0xF3, 0x80, 0xE7, 0x01, 0xCE, 0x03, 0x9C, 0x07, 0x38, 0x0E, 0x70,
  0x1C, 0xE0, 0x38, 0xE0, 0xF1, 0xE3, 0xE1, 0xFD, 0xC1, 0xF3, 0x80, 0x3F,
  0xC7, 0xF8, 0x00, 0x00, 0x0F, 0xFF, 0xFF, 0xF8, 0x07, 0x00, 0xE0, 0x1C,
  0x03, 0x80, 0x70, 0x0E, 0x01, 0xFF, 0xFF, 0xFF, 0x00, 0xE0, 0x1C, 0x03,
  0x80, 0x70, 0x0E, 0x01, 0xC0, 0x3F, 0xFF, 0xFF, 0x3F, 0xC1, 0xFE, 0x00,
  0x00, 0x00, 0x00, 0xF8, 0x1F, 0xF1, 0xE1, 0xCE, 0x0E, 0xE0, 0x3F, 0x01,
  0xFF, 0xFF, 0xFF, 0xFE, 0x00, 0x70, 0x03, 0x80, 0x0E, 0x00, 0x78, 0x11,
  0xFF, 0x83, 0xF8, 0x30, 0xC7, 0xF0, 0x7C, 0x00, 0x00, 0x01, 0xFF, 0xFF,
  0xFF, 0x00, 0xE0, 0x1C, 0x03, 0x80, 0x70, 0x0E, 0x01, 0xC0, 0x3F, 0xFF,
  0xFF, 0xE0, 0x1C, 0x03, 0x80, 0x70, 0x0E, 0x01, 0xC0, 0x38, 0x07, 0xFF,
  0xFF, 0xE0, 0x30, 0x60, 0xC6, 0x07, 0xF0, 0x1F, 0x00, 0x00, 0x00, 0x00,
  0x3E, 0x07, 0xFC, 0x78, 0x73, 0x83, 0xB8, 0x0F, 0xC0, 0x7F, 0xFF, 0xFF,
  0xFF, 0x80, 0x1C, 0x00, 0xE0, 0x03, 0x80, 0x1E, 0x04, 0x7F, 0xE0, 0xFE,
  0x00, 0x0E, 0x01, 0xC0, 0x38, 0x00, 0x00, 0x01, 0xFF, 0xFF, 0xFF, 0x00,
  0xE0, 0x1C, 0x03, 0x80, 0x70, 0x0E, 0x01, 0xC0, 0x3F, 0xFF, 0xFF, 0xE0,
  0x1C, 0x03, 0x80, 0x70, 0x0E, 0x01, 0xC0, 0x38, 0x07, 0xFF, 0xFF, 0xE0,
  0x07, 0x00, 0x38, 0x01, 0xC0, 0x00, 0x00, 0x00, 0x00, 0x00, 0x3E, 0x07,
  0xFC, 0x78, 0x73, 0x83, 0xB8, 0x0F, 0xC0, 0x7F, 0xFF, 0xFF, 0xFF, 0x80,
  0x1C, 0x00, 0xE0, 0x03, 0x80, 0x1E, 0x04, 0x7F, 0xE0, 0xFE, 0x00, 0xFF,
  0xFF, 0xFF, 0x80, 0x70, 0x0E, 0x01, 0xC0, 0x38, 0x07, 0x00, 0xE0, 0x1F,
  0xFF, 0xFF, 0xF0, 0x0E, 0x01, 0xC0, 0x38, 0x07, 0x00, 0xE0, 0x1C, 0x03,
  0xFF, 0xFF, 0xF0, 0x08, 0x02, 0x00, 0xC0, 0x18, 0x03, 0xE0, 0x3C, 0x0F,
  0x81, 0xFF, 0x1E, 0x1C, 0xE0, 0xEE, 0x03, 0xF0, 0x1F, 0xFF, 0xFF, 0xFF,
  0xE0, 0x07, 0x00, 0x38, 0x00, 0xE0, 0x07, 0x81, 0x1F, 0xF8, 0x3F, 0xC0,
  0x18, 0x00, 0x80, 0x0C, 0x00, 0x60, 0x03, 0xE0, 0x0F, 0x00, 0x70, 0xC7,
  0x30, 0x7E, 0x07, 0x80, 0x60, 0x00, 0x3F, 0xFF, 0xFF, 0xE0, 0x1C, 0x03,
  0x80, 0x70, 0x0E, 0x01, 0xC0, 0x38, 0x07, 0xFF, 0xFF, 0xFC, 0x03, 0x80,
  0x70, 0x0E, 0x01, 0xC0, 0x38, 0x07, 0x00, 0xFF, 0xFF, 0xFC, 0x30, 0x60,
  0xC6, 0x07, 0x70, 0x1F, 0x00, 0x70, 0x00, 0x00, 0x00, 0x01, 0xF0, 0x3F,
  0xE3, 0xC3, 0x9C, 0x1D, 0xC0, 0x7E, 0x03, 0xFF, 0xFF, 0xFF, 0xFC, 0x00,
  0xE0, 0x07, 0x00, 0x1C, 0x00, 0xF0, 0x23, 0xFF, 0x07, 0xF0, 0x00, 0xE0,
  0x00, 0xF8, 0x00, 0xEE, 0x00, 0xE1, 0x80, 0x00, 0x00, 0x00, 0x00, 0x07,
  0xF8, 0x1F, 0xFE, 0x1F, 0x03, 0x1E, 0x00, 0x1E, 0x00, 0x0E, 0x00, 0x0F,
  0x00, 0x07, 0x00, 0x03, 0x80, 0x01, 0xC0, 0x7F, 0xE0, 0x3F, 0xF0, 0x01,
  0xF8, 0x00, 0xFE, 0x00, 0x77, 0x00, 0x3B, 0x80, 0x1C, 0xE0, 0x0E, 0x3C,
  0x07, 0x0F, 0xFF, 0x81, 0xFF, 0x00, 0x07, 0x00, 0x38, 0x03, 0x60, 0x31,
  0x83, 0x06, 0x00, 0x00, 0x7C, 0xE7, 0xF7, 0x78, 0xFB, 0x83, 0xF8, 0x0F,
  0xC0, 0x7E, 0x03, 0xF0, 0x1F, 0x80, 0xFC, 0x07, 0xE0, 0x3B, 0x83, 0xDE,
  0x3E, 0x7F, 0x71, 0xF3, 0x80, 0x1C, 0x00, 0xE0, 0x07, 0x00, 0x7B, 0x07,
  0x9F, 0xF8, 0x3F, 0x80, 0x02, 0x0C, 0x01, 0x06, 0x00, 0xFE, 0x00, 0x3E,
  0x00, 0x00, 0x00, 0x00, 0x00, 0x07, 0xF8, 0x1F, 0xFE, 0x1F, 0x03, 0x1E,
  0x00, 0x1E, 0x00, 0x0E, 0x00, 0x0F, 0x00, 0x07, 0x00, 0x03, 0x80, 0x01,
  0xC0, 0x7F, 0xE0, 0x3F, 0xF0, 0x01, 0xF8, 0x00, 0xFE, 0x00, 0x77, 0x00,
  0x3B, 0x80, 0x1C, 0xE0, 0x0E, 0x3C, 0x07, 0x0F, 0xFF, 0x81, 0xFF, 0x00,
  0x10, 0x40, 0x82, 0x06, 0x30, 0x1F, 0x00, 0x70, 0x00, 0x00, 0x7C, 0xE7,
  0xF7, 0x78, 0xFB, 0x83, 0xF8, 0x0F, 0xC0, 0x7E, 0x03, 0xF0, 0x1F, 0x80,
  0xFC, 0x07, 0xE0, 0x3B, 0x83, 0xDE, 0x3E, 0x7F, 0x71, 0xF3, 0x80, 0x1C,
  0x00, 0xE0, 0x07, 0x00, 0x7B, 0x07, 0x9F, 0xF8, 0x3F, 0x80, 0x00, 0xE0,
  0x00, 0x70, 0x00, 0x38, 0x00, 0x00, 0x00, 0x00, 0x00, 0x0F, 0xF0, 0x3F,
  0xFC, 0x3E, 0x06, 0x3C, 0x00, 0x3C, 0x00, 0x1C, 0x00, 0x1E, 0x00, 0x0E,
  0x00, 0x07, 0x00, 0x03, 0x80, 0xFF, 0xC0, 0x7F, 0xE0, 0x03, 0xF0, 0x01,
  0xFC, 0x00, 0xEE, 0x00, 0x77, 0x00, 0x39, 0xC0, 0x1C, 0x78, 0x0E, 0x1F,
  0xFF, 0x03, 0xFE, 0x00, 0x07, 0x00, 0x38, 0x01, 0xC0, 0x00, 0x00, 0x00,
  0x00, 0x00, 0x7C, 0xE7, 0xF7, 0x78, 0xFB, 0x83, 0xF8, 0x0F, 0xC0, 0x7E,
  0x03, 0xF0, 0x1F, 0x80, 0xFC, 0x07, 0xE0, 0x3B, 0x83, 0xDE, 0x3E, 0x7F,
  0x71, 0xF3, 0x80, 0x1C, 0x00, 0xE0, 0x07, 0x00, 0x7B, 0x07, 0x9F, 0xF8,
  0x3F, 0x80, 0x01, 0xFE, 0x07, 0xFF, 0x87, 0xC0, 0xC7, 0x80, 0x07, 0x80,
  0x03, 0x80, 0x03, 0xC0, 0x01, 0xC0, 0x00, 0xE0, 0x00, 0x70, 0x1F, 0xF8,
  0x0F, 0xFC, 0x00, 0x7E, 0x00, 0x3F, 0x80, 0x1D, 0xC0, 0x0E, 0xE0, 0x07,
  0x38, 0x03, 0x8F, 0x01, 0xC3, 0xFF, 0xE0, 0x7F, 0xC0, 0x00, 0x00, 0x00,
  0x00, 0x01, 0x80, 0x00, 0xC0, 0x00, 0xC0, 0x00, 0x60, 0x00, 0x01, 0x00,
  0x18, 0x00, 0x80, 0x0C, 0x00, 0x00, 0x0F, 0x9C, 0xFE, 0xEF, 0x1F, 0x70,
  0x7F, 0x01, 0xF8, 0x0F, 0xC0, 0x7E, 0x03, 0xF0, 0x1F, 0x80, 0xFC, 0x07,
  0x70, 0x7B, 0xC7, 0xCF, 0xEE, 0x3E, 0x70, 0x03, 0x80, 0x1C, 0x00, 0xE0,
  0x0F, 0x60, 0xF3, 0xFF, 0x07, 0xF0, 0x03, 0x80, 0x0F, 0x80, 0x1B, 0x00,
  0x63, 0x01, 0x83, 0x00, 0x00, 0x38, 0x03, 0xF0, 0x07, 0xE0, 0x0F, 0xC0,
  0x1F, 0x80, 0x3F, 0x00, 0x7E, 0x00, 0xFC, 0x01, 0xF8, 0x03, 0xFF, 0xFF,
  0xFF, 0xFF, 0xC0, 0x1F, 0x80, 0x3F, 0x00, 0x7E, 0x00, 0xFC, 0x01, 0xF8,
  0x03, 0xF0, 0x07, 0xE0, 0x0F, 0xC0, 0x1C, 0x1C, 0x00, 0x3E, 0x00, 0x77,
  0x00, 0xC1, 0x80, 0x00, 0x00, 0x00, 0x00, 0x1C, 0x00, 0x1C, 0x00, 0x1C,
  0x00, 0x1C, 0x00, 0x1C, 0x00, 0x1C, 0x00, 0x1C, 0xF8, 0x1D, 0xFE, 0x1F,
  0x0E, 0x1E, 0x07, 0x1C, 0x07, 0x1C, 0x07, 0x1C, 0x07, 0x1C, 0x07, 0x1C,
  0x07, 0x1C, 0x07, 0x1C, 0x07, 0x1C, 0x07, 0x1C, 0x07, 0x1C, 0x07, 0x1C,
  0x07, 0x38, 0x01, 0xC3, 0x80, 0x1C, 0x38, 0x01, 0xC3, 0x80, 0x1C, 0xFF,
  0xFF, 0xFF, 0xFF, 0xFF, 0x38, 0x01, 0xC3, 0x80, 0x1C, 0x38, 0x01, 0xC3,
  0xFF, 0xFC, 0x3F, 0xFF, 0xC3, 0x80, 0x1C, 0x38, 0x01, 0xC3, 0x80, 0x1C,
  0x38, 0x01, 0xC3, 0x80, 0x1C, 0x38, 0x01, 0xC3, 0x80, 0x1C, 0x38, 0x01,
  0xC3, 0x80, 0x1C, 0x38, 0x00, 0x70, 0x00, 0xE0, 0x07, 0xFE, 0x0F, 0xFC,
  0x07, 0x00, 0x0E, 0x7C, 0x1D, 0xFE, 0x3E, 0x1C, 0x78, 0x1C, 0xE0, 0x39,
  0xC0, 0x73, 0x80, 0xE7, 0x01, 0xCE, 0x03, 0x9C, 0x07, 0x38, 0x0E, 0x70,
  0x1C, 0xE0, 0x39, 0xC0, 0x73, 0x80, 0xE0, 0x78, 0xBF, 0xE8, 0xF0, 0x00,
  0x00, 0x1F, 0xC7, 0xF0, 0x70, 0x1C, 0x07, 0x01, 0xC0, 0x70, 0x1C, 0x07,
  0x01, 0xC0, 0x70, 0x1C, 0x07, 0x01, 0xC0, 0x70, 0x1C, 0x07, 0x01, 0xC1,
  0xFC, 0x7F, 0x00, 0x3C, 0x6F, 0xFB, 0x1E, 0x00, 0x00, 0x00, 0x1C, 0x03,
  0x80, 0x70, 0x0E, 0x01, 0xC0, 0x38, 0x07, 0x00, 0xE0, 0x1C, 0x03, 0x80,
  0x70, 0x0E, 0x01, 0xC0, 0x38, 0x07, 0x00, 0xFF, 0xFF, 0x00, 0x00, 0x7F,
  0x7F, 0x1C, 0x1C, 0x1C, 0x1C, 0x1C, 0x1C, 0x1C, 0x1C, 0x1C, 0x1C, 0x1C,
  0x1C, 0x1C, 0x1C, 0x1C, 0x1C, 0x7F, 0x7F, 0xFF, 0xFF, 0x00, 0x00, 0x1C,
  0x1C, 0x1C, 0x1C, 0x1C, 0x1C, 0x1C, 0x1C, 0x1C, 0x1C, 0x1C, 0x1C, 0x1C,
  0x1C, 0x1C, 0x41, 0xBF, 0x8F, 0x80, 0x00, 0x03, 0xF9, 0xFC, 0x38, 0x1C,
  0x0E, 0x07, 0x03, 0x81, 0xC0, 0xE0, 0x70, 0x38, 0x1C, 0x0E, 0x07, 0x03,
  0x81, 0xC0, 0xE0, 0x70, 0xFE, 0x7F, 0x00, 0xC1, 0xE0, 0xDF, 0xC7, 0xC0,
  0x00, 0x00, 0x70, 0x38, 0x1C, 0x0E, 0x07, 0x03, 0x81, 0xC0, 0xE0, 0x70,
  0x38, 0x1C, 0x0E, 0x07, 0x03, 0x81, 0xC0, 0xFF, 0xFC, 0xE1, 0xC3, 0x87,
  0x0E, 0x1C, 0x38, 0x70, 0xE1, 0xC3, 0x87, 0x0E, 0x1C, 0x38, 0x73, 0xFF,
  0xF0, 0xC3, 0x0C, 0x18, 0x3E, 0x3C, 0x73, 0x9C, 0x00, 0x01, 0xCE, 0x73,
  0x9C, 0xE7, 0x39, 0xCE, 0x73, 0x9C, 0xE7, 0x31, 0x18, 0xC7, 0xDE, 0x38,
  0x70, 0xE0, 0x00, 0x1F, 0xFF, 0x9C, 0x38, 0x70, 0xE1, 0xC3, 0x87, 0x0E,
  0x1C, 0x38, 0x70, 0xE1, 0xC3, 0x87, 0x0E, 0x7F, 0xFE, 0xFF, 0xFF, 0xFF,
  0xFF, 0xFF, 0xF8, 0xFE, 0x3F, 0xF1, 0xCE, 0x0E, 0x70, 0x73, 0x83, 0x9C,
  0x1C, 0xE0, 0xE7, 0x07, 0x38, 0x39, 0xC1, 0xCE, 0x0E, 0x70, 0x73, 0x83,
  0x9C, 0x1C, 0xE0, 0xE7, 0x07, 0x38, 0x39, 0xC1, 0xFF, 0x8F, 0xFC, 0x70,
  0x03, 0x80, 0x1C, 0x01, 0xC0, 0x7E, 0x03, 0xC0, 0xE1, 0xF8, 0x7E, 0x1C,
  0x00, 0x00, 0x00, 0x0E, 0x1F, 0x87, 0xE1, 0xF8, 0x7E, 0x1F, 0x87, 0xE1,
  0xF8, 0x7E, 0x1F, 0x87, 0xE1, 0xF8, 0x7E, 0x1F, 0x87, 0xE1, 0xC0, 0x70,
  0x1C, 0x07, 0x01, 0xC0, 0xF0, 0xF8, 0x3C, 0x07, 0x01, 0xF0, 0x3E, 0x0C,
  0x63, 0x06, 0x00, 0x00, 0x00, 0x38, 0x07, 0x00, 0xE0, 0x1C, 0x03, 0x80,
  0x70, 0x0E, 0x01, 0xC0, 0x38, 0x07, 0x00, 0xE0, 0x1C, 0x03, 0x80, 0x70,
  0x0E, 0x01, 0xC0, 0x38, 0x07, 0x00, 0xE0, 0x1C, 0x03, 0x80, 0x70, 0x1C,
  0x3F, 0x87, 0xC0, 0x0E, 0x07, 0xC3, 0xB9, 0xC7, 0xC0, 0x40, 0x00, 0xE0,
  0x38, 0x0E, 0x03, 0x80, 0xE0, 0x38, 0x0E, 0x03, 0x80, 0xE0, 0x38, 0x0E,
  0x03, 0x80, 0xE0, 0x38, 0x0E, 0x03, 0x80, 0xE0, 0x38, 0x0E, 0x07, 0x8F,
  0xC3, 0xE0, 0xE0, 0x1D, 0xC0, 0x73, 0x81, 0xC7, 0x03, 0x0E, 0x0E, 0x1C,
  0x38, 0x38, 0xE0, 0x73, 0x80, 0xEE, 0x01, 0xFC, 0x03, 0xFC, 0x07, 0x9C,
  0x0E, 0x38, 0x1C, 0x38, 0x38, 0x38, 0x70, 0x38, 0xE0, 0x71, 0xC0, 0x73,
  0x80, 0x77, 0x00, 0x60, 0x00, 0x00, 0x00, 0x00, 0xE0, 0x01, 0x80, 0x03,
  0x00, 0x0C, 0x00, 0xE0, 0x07, 0x00, 0x38, 0x01, 0xC0, 0x0E, 0x00, 0x70,
  0x03, 0x81, 0xDC, 0x1C, 0xE1, 0xC7, 0x1C, 0x39, 0xC1, 0xDC, 0x0E, 0xC0,
  0x7F, 0x03, 0xDC, 0x1C, 0x70, 0xE1, 0x87, 0x0E, 0x38, 0x39, 0xC0, 0xEE,
  0x07, 0x00, 0x00, 0x00, 0x00, 0xC0, 0x06, 0x00, 0x60, 0x03, 0x00, 0xE0,
  0x77, 0x07, 0x38, 0x71, 0xC7, 0x0E, 0x70, 0x73, 0x03, 0xB8, 0x1F, 0xC0,
  0xFF, 0x07, 0x1C, 0x38, 0xE1, 0xC3, 0x8E, 0x0E, 0x70, 0x33, 0x81, 0xC0,
  0x18, 0x07, 0x01, 0xC0, 0x70, 0x0C, 0x00, 0x00, 0x38, 0x07, 0x00, 0xE0,
  0x1C, 0x03, 0x80, 0x70, 0x0E, 0x01, 0xC0, 0x38, 0x07, 0x00, 0xE0, 0x1C,
  0x03, 0x80, 0x70, 0x0E, 0x01, 0xC0, 0x38, 0x07, 0x00, 0xFF, 0xFF, 0xFC,
  0x1C, 0xE7, 0x30, 0x00, 0x0E, 0x38, 0xE3, 0x8E, 0x38, 0xE3, 0x8E, 0x38,
  0xE3, 0x8E, 0x38, 0xE3, 0x8E, 0x38, 0xE3, 0x8E, 0x00, 0xE0, 0x1C, 0x03,
  0x80, 0x70, 0x0E, 0x01, 0xC0, 0x38, 0x07, 0x00, 0xE0, 0x1C, 0x03, 0x80,
  0x70, 0x0E, 0x01, 0xC0, 0x38, 0x07, 0x00, 0xE0, 0x1C, 0x03, 0xFF, 0xFF,
  0xF0, 0x00, 0x00, 0x01, 0x80, 0x30, 0x06, 0x01, 0x80, 0x73, 0x9C, 0xE7,
  0x39, 0xCE, 0x73, 0x9C, 0xE7, 0x39, 0xCE, 0x73, 0x9C, 0xE7, 0x00, 0x06,
  0x73, 0x10, 0xE0, 0x7C, 0x1F, 0x83, 0x70, 0x6E, 0x01, 0xC0, 0x38, 0x07,
  0x00, 0xE0, 0x1C, 0x03, 0x80, 0x70, 0x0E, 0x01, 0xC0, 0x38, 0x07, 0x00,
  0xE0, 0x1C, 0x03, 0xFF, 0xFF, 0xF0, 0xE7, 0xCF, 0x97, 0x6E, 0x1C, 0x38,
  0x70, 0xE1, 0xC3, 0x87, 0x0E, 0x1C, 0x38, 0x70, 0xE1, 0xC3, 0x87, 0x0E,
  0x00, 0xE0, 0x1C, 0x03, 0x80, 0x70, 0x0E, 0x01, 0xC0, 0x38, 0x07, 0x00,
  0xE0, 0x1C, 0x73, 0x8E, 0x71, 0xCE, 0x01, 0xC0, 0x38, 0x07, 0x00, 0xE0,
  0x1C, 0x03, 0xFF, 0xFF, 0xF0, 0xE3, 0x8E, 0x38, 0xE3, 0x8E, 0x38, 0xE3,
  0xFF, 0xFF, 0xE3, 0x8E, 0x38, 0xE3, 0x8E, 0x38, 0xE0, 0x38, 0x01, 0xC0,
  0x0E, 0x00, 0x70, 0x03, 0x80, 0x1C, 0x00, 0xE0, 0x07, 0x10, 0x3B, 0x81,
  0xFC, 0x0F, 0x80, 0xF0, 0x0F, 0x80, 0x7C, 0x00, 0xE0, 0x07, 0x00, 0x38,
  0x01, 0xC0, 0x0F, 0xFE, 0x7F, 0xF0, 0x38, 0x38, 0x38, 0x38, 0x38, 0x38,
  0x38, 0x38, 0x3A, 0x3F, 0x3E, 0x78, 0xF8, 0xB8, 0x38, 0x38, 0x38, 0x38,
  0x38, 0x38, 0x38, 0x00, 0xE0, 0x01, 0xC0, 0x07, 0x00, 0x0C, 0x00, 0x30,
  0x00, 0x00, 0x38, 0x01, 0xF8, 0x03, 0xF0, 0x07, 0xF0, 0x0F, 0x70, 0x1E,
  0xE0, 0x3C, 0xE0, 0x78, 0xC0, 0xF1, 0xC1, 0xE1, 0xC3, 0xC3, 0x87, 0x83,
  0x8F, 0x03, 0x9E, 0x07, 0x3C, 0x07, 0x78, 0x06, 0xF0, 0x0F, 0xE0, 0x0F,
  0xC0, 0x1F, 0x80, 0x1C, 0x01, 0xC0, 0x0C, 0x00, 0xE0, 0x06, 0x00, 0x60,
  0x00, 0x03, 0x9F, 0x1D, 0xFE, 0xF8, 0x77, 0x81, 0xF8, 0x0F, 0xC0, 0x7E,
  0x03, 0xF0, 0x1F, 0x80, 0xFC, 0x07, 0xE0, 0x3F, 0x01, 0xF8, 0x0F, 0xC0,
  0x7E, 0x03, 0x80, 0xE0, 0x07, 0xE0, 0x0F, 0xC0, 0x1F, 0xC0, 0x3D, 0xC0,
  0x7B, 0x80, 0xF3, 0x81, 0xE3, 0x03, 0xC7, 0x07, 0x87, 0x0F, 0x0E, 0x1E,
  0x0E, 0x3C, 0x0E, 0x78, 0x1C, 0xF0, 0x1D, 0xE0, 0x1B, 0xC0, 0x3F, 0x80,
  0x3F, 0x00, 0x7E, 0x00, 0x70, 0x00, 0x00, 0x00, 0x00, 0x60, 0x00, 0xC0,
  0x03, 0x00, 0x04, 0x00, 0xE7, 0xC7, 0x7F, 0xBE, 0x1D, 0xE0, 0x7E, 0x03,
  0xF0, 0x1F, 0x80, 0xFC, 0x07, 0xE0, 0x3F, 0x01, 0xF8, 0x0F, 0xC0, 0x7E,
  0x03, 0xF0, 0x1F, 0x80, 0xE0, 0x00, 0x00, 0x00, 0x18, 0x00, 0xC0, 0x0C,
  0x00, 0x40, 0x00, 0x18, 0x30, 0x18, 0xC0, 0x1B, 0x00, 0x1C, 0x00, 0x38,
  0x00, 0x00, 0x38, 0x01, 0xF8, 0x03, 0xF0, 0x07, 0xF0, 0x0F, 0x70, 0x1E,
  0xE0, 0x3C, 0xE0, 0x78, 0xC0, 0xF1, 0xC1, 0xE1, 0xC3, 0xC3, 0x87, 0x83,
  0x8F, 0x03, 0x9E, 0x07, 0x3C, 0x07, 0x78, 0x06, 0xF0, 0x0F, 0xE0, 0x0F,
  0xC0, 0x1F, 0x80, 0x1C, 0x30, 0xE0, 0xCE, 0x03, 0xE0, 0x0E, 0x00, 0x00,
  0x00, 0x03, 0x9F, 0x1D, 0xFE, 0xF8, 0x77, 0x81, 0xF8, 0x0F, 0xC0, 0x7E,
  0x03, 0xF0, 0x1F, 0x80, 0xFC, 0x07, 0xE0, 0x3F, 0x01, 0xF8, 0x0F, 0xC0,
  0x7E, 0x03, 0x80, 0x70, 0x00, 0x30, 0x00, 0x18, 0x00, 0x1C, 0x00, 0x0C,
  0x00, 0x06, 0x77, 0xE0, 0x3E, 0x1C, 0x1E, 0x06, 0x0E, 0x03, 0x87, 0x01,
  0xC3, 0x80, 0xE1, 0xC0, 0x70, 0xE0, 0x38, 0x70, 0x1C, 0x38, 0x0E, 0x1C,
  0x07, 0x0E, 0x03, 0x87, 0x01, 0xC3, 0x80, 0xE1, 0xC0, 0x70, 0xE0, 0x07,
  0xF0, 0x07, 0xF0, 0x07, 0xF8, 0x07, 0xDC, 0x07, 0xDC, 0x07, 0xCE, 0x07,
  0xC7, 0x07, 0xC7, 0x07, 0xC3, 0x87, 0xC1, 0xC7, 0xC1, 0xC7, 0xC0, 0xE7,
  0xC0, 0x67, 0xC0, 0x77, 0xC0, 0x3F, 0xC0, 0x1F, 0xC0, 0x1F, 0xC0, 0x0F,
  0xC0, 0x07, 0x00, 0x07, 0x00, 0x07, 0x00, 0x0E, 0x00, 0xFE, 0x00, 0xF8,
  0xE7, 0xC7, 0x7F, 0xBE, 0x1D, 0xE0, 0x7E, 0x03, 0xF0, 0x1F, 0x80, 0xFC,
  0x07, 0xE0, 0x3F, 0x01, 0xF8, 0x0F, 0xC0, 0x7E, 0x03, 0xF0, 0x1F, 0x80,
  0xE0, 0x07, 0x00, 0x38, 0x01, 0xC0, 0x0E, 0x00, 0xF0, 0x1F, 0x00, 0xF0,
  0x07, 0xF8, 0x01, 0xFE, 0x00, 0x00, 0x00, 0x00, 0x00, 0x03, 0xF0, 0x03,
  0xFF, 0x03, 0xE0, 0xF0, 0xE0, 0x1C, 0x70, 0x03, 0x9C, 0x00, 0xEE, 0x00,
  0x1F, 0x80, 0x07, 0xE0, 0x01, 0xF8, 0x00, 0x7E, 0x00, 0x1F, 0x80, 0x07,
  0xE0, 0x01, 0xF8, 0x00, 0x77, 0x00, 0x39, 0xC0, 0x0E, 0x38, 0x07, 0x0F,
  0x03, 0xC0, 0xFF, 0xC0, 0x0F, 0xC0, 0x1F, 0xE0, 0x7F, 0x80, 0x00, 0x00,
  0x00, 0x0F, 0xC0, 0xFF, 0xC7, 0x87, 0x9C, 0x0E, 0xE0, 0x1F, 0x80, 0x7E,
  0x01, 0xF8, 0x07, 0xE0, 0x1F, 0x80, 0x7E, 0x01, 0xDC, 0x0E, 0x78, 0x78,
  0xFF, 0xC0, 0xFC, 0x00, 0x04, 0x08, 0x01, 0x86, 0x00, 0x3F, 0x00, 0x07,
  0x80, 0x00, 0x00, 0x00, 0x00, 0x00, 0x3F, 0x00, 0x3F, 0xF0, 0x3E, 0x0F,
  0x0E, 0x01, 0xC7, 0x00, 0x39, 0xC0, 0x0E, 0xE0, 0x01, 0xF8, 0x00, 0x7E,
  0x00, 0x1F, 0x80, 0x07, 0xE0, 0x01, 0xF8, 0x00, 0x7E, 0x00, 0x1F, 0x80,
  0x07, 0x70, 0x03, 0x9C, 0x00, 0xE3, 0x80, 0x70, 0xF0, 0x3C, 0x0F, 0xFC,
  0x00, 0xFC, 0x00, 0x10, 0x60, 0x61, 0x80, 0xFC, 0x01, 0xE0, 0x00, 0x00,
  0x00, 0x00, 0xFC, 0x0F, 0xFC, 0x78, 0x79, 0xC0, 0xEE, 0x01, 0xF8, 0x07,
  0xE0, 0x1F, 0x80, 0x7E, 0x01, 0xF8, 0x07, 0xE0, 0x1D, 0xC0, 0xE7, 0x87,
  0x8F, 0xFC, 0x0F, 0xC0, 0x03, 0x98, 0x00, 0xCE, 0x00, 0x63, 0x00, 0x11,
  0x80, 0x00, 0x00, 0x00, 0x00, 0x00, 0x3F, 0x00, 0x3F, 0xF0, 0x3E, 0x0F,
  0x0E, 0x01, 0xC7, 0x00, 0x39, 0xC0, 0x0E, 0xE0, 0x01, 0xF8, 0x00, 0x7E,
  0x00, 0x1F, 0x80, 0x07, 0xE0, 0x01, 0xF8, 0x00, 0x7E, 0x00, 0x1F, 0x80,
  0x07, 0x70, 0x03, 0x9C, 0x00, 0xE3, 0x80, 0x70, 0xF0, 0x3C, 0x0F, 0xFC,
  0x00, 0xFC, 0x00, 0x0E, 0x70, 0x33, 0x81, 0x8C, 0x0C, 0x60, 0x00, 0x00,
  0x00, 0x00, 0xFC, 0x0F, 0xFC, 0x78, 0x79, 0xC0, 0xEE, 0x01, 0xF8, 0x07,
  0xE0, 0x1F, 0x80, 0x7E, 0x01, 0xF8, 0x07, 0xE0, 0x1D, 0xC0, 0xE7, 0x87,
  0x8F, 0xFC, 0x0F, 0xC0, 0x03, 0xFF, 0xFC, 0x3F, 0xFF, 0xF3, 0xE0, 0xE0,
  0x0E, 0x03, 0x80, 0x70, 0x0E, 0x01, 0xC0, 0x38, 0x0E, 0x00, 0xE0, 0x38,
  0x03, 0x80, 0xE0, 0x0F, 0xFF, 0x80, 0x3F, 0xFE, 0x00, 0xE0, 0x38, 0x03,
  0x80, 0xE0, 0x0E, 0x03, 0x80, 0x38, 0x07, 0x00, 0xE0, 0x1C, 0x03, 0x80,
  0x38, 0x0E, 0x00, 0xF8, 0x38, 0x00, 0xFF, 0xFF, 0xC0, 0xFF, 0xFF, 0x0F,
  0xC1, 0xF0, 0x7F, 0xC7, 0xF1, 0xE1, 0xD8, 0x73, 0x81, 0xF0, 0x7E, 0x01,
  0xC0, 0xFC, 0x03, 0x81, 0xF8, 0x07, 0xFF, 0xF0, 0x0F, 0xFF, 0xE0, 0x1C,
  0x01, 0xC0, 0x38, 0x03, 0x80, 0x70, 0x03, 0x81, 0xF0, 0x07, 0x87, 0x70,
  0x47, 0xFC, 0x7F, 0x83, 0xF0, 0x7E, 0x00, 0x01, 0xC0, 0x0E, 0x00, 0x30,
  0x01, 0x80, 0x04, 0x00, 0x00, 0x0F, 0xF8, 0x3F, 0xF8, 0xE0, 0xF3, 0x81,
  0xEE, 0x03, 0xB8, 0x0E, 0xE0, 0x3B, 0x80, 0xEE, 0x07, 0x38, 0x3C, 0xFF,
  0xE3, 0xFE, 0x0E, 0x18, 0x38, 0x70, 0xE0, 0xE3, 0x81, 0x8E, 0x07, 0x38,
  0x0E, 0xE0, 0x3B, 0x80, 0x70, 0x03, 0x83, 0x81, 0x81, 0x81, 0x80, 0x03,
  0x9F, 0xDF, 0xF8, 0x78, 0x3C, 0x1C, 0x0E, 0x07, 0x03, 0x81, 0xC0, 0xE0,
  0x70, 0x38, 0x1C, 0x0E, 0x00, 0xFF, 0x83, 0xFF, 0x8E, 0x0F, 0x38, 0x1E,
  0xE0, 0x3B, 0x80, 0xEE, 0x03, 0xB8, 0x0E, 0xE0, 0x73, 0x83, 0xCF, 0xFE,
  0x3F, 0xE0, 0xE1, 0x83, 0x87, 0x0E, 0x0E, 0x38, 0x18, 0xE0, 0x73, 0x80,
  0xEE, 0x03, 0xB8, 0x07, 0x00, 0x00, 0x00, 0x00, 0x30, 0x00, 0xC0, 0x06,
  0x00, 0x18, 0x00, 0x73, 0xDD, 0xF7, 0xC1, 0xE0, 0x78, 0x1C, 0x07, 0x01,
  0xC0, 0x70, 0x1C, 0x07, 0x01, 0xC0, 0x70, 0x1C, 0x07, 0x00, 0x00, 0x00,
  0x0C, 0x07, 0x01, 0x80, 0xC0, 0x00, 0x30, 0xC0, 0x67, 0x01, 0xF8, 0x03,
  0xC0, 0x06, 0x00, 0x00, 0x0F, 0xF8, 0x3F, 0xF8, 0xE0, 0xF3, 0x81, 0xEE,
  0x03, 0xB8, 0x0E, 0xE0, 0x3B, 0x80, 0xEE, 0x07, 0x38, 0x3C, 0xFF, 0xE3,
  0xFE, 0x0E, 0x18, 0x38, 0x70, 0xE0, 0xE3, 0x81, 0x8E, 0x07, 0x38, 0x0E,
  0xE0, 0x3B, 0x80, 0x70, 0xC1, 0xB9, 0x8F, 0x83, 0xC0, 0xC0, 0x03, 0x9F,
  0xDF, 0xF8, 0x78, 0x3C, 0x1C, 0x0E, 0x07, 0x03, 0x81, 0xC0, 0xE0, 0x70,
  0x38, 0x1C, 0x0E, 0x00, 0x01, 0xC0, 0x38, 0x03, 0x00, 0x60, 0x00, 0x00,
  0x00, 0x1F, 0xC3, 0xFE, 0x70, 0x6E, 0x00, 0xE0, 0x0E, 0x00, 0xE0, 0x0F,
  0x00, 0x7C, 0x03, 0xF8, 0x0F, 0xC0, 0x3E, 0x00, 0xF0, 0x07, 0x00, 0x70,
  0x07, 0x00, 0x7C, 0x1E, 0xFF, 0xC7, 0xF8, 0x03, 0x80, 0x70, 0x1C, 0x03,
  0x00, 0xC0, 0x00, 0x00, 0x00, 0xFC, 0x7F, 0xDE, 0x1B, 0x80, 0x70, 0x0F,
  0x00, 0xFC, 0x07, 0xE0, 0x3E, 0x01, 0xE0, 0x1C, 0x03, 0xE0, 0xFF, 0xFC,
  0xFE, 0x00, 0x06, 0x00, 0xF0, 0x19, 0x83, 0x0C, 0x00, 0x00, 0x00, 0x1F,
  0xC3, 0xFE, 0x70, 0x6E, 0x00, 0xE0, 0x0E, 0x00, 0xE0, 0x0F, 0x00, 0x7C,
  0x03, 0xF8, 0x0F, 0xC0, 0x3E, 0x00, 0xF0, 0x07, 0x00, 0x70, 0x07, 0x00,
  0x7C, 0x1E, 0xFF, 0xC7, 0xF8, 0x0C, 0x01, 0xC0, 0x7C, 0x19, 0xC6, 0x1C,
  0x00, 0x00, 0x00, 0xFC, 0x7F, 0xDE, 0x1B, 0x80, 0x70, 0x0F, 0x00, 0xFC,
  0x07, 0xE0, 0x3E, 0x01, 0xE0, 0x1C, 0x03, 0xE0, 0xFF, 0xFC, 0xFE, 0x00,
  0x1F, 0xC3, 0xFE, 0x70, 0x6E, 0x00, 0xE0, 0x0E, 0x00, 0xE0, 0x0F, 0x00,
  0x7C, 0x03, 0xF8, 0x0F, 0xC0, 0x3E, 0x00, 0xF0, 0x07, 0x00, 0x70, 0x07,
  0x00, 0x7C, 0x1E, 0xFF, 0xC7, 0xF8, 0x04, 0x00, 0xC0, 0x07, 0x00, 0x30,
  0x03, 0x01, 0xF0, 0x1E, 0x00, 0x1F, 0x8F, 0xFB, 0xC3, 0x70, 0x0E, 0x01,
  0xE0, 0x1F, 0x80, 0xFC, 0x07, 0xC0, 0x3C, 0x03, 0x80, 0x7C, 0x1F, 0xFF,
  0x9F, 0xC0, 0x20, 0x0C, 0x00, 0xE0, 0x0C, 0x01, 0x81, 0xF0, 0x3C, 0x00,
  0x30, 0xC1, 0x98, 0x0F, 0x00, 0x60, 0x00, 0x00, 0x00, 0x1F, 0xC3, 0xFE,
  0x70, 0x6E, 0x00, 0xE0, 0x0E, 0x00, 0xE0, 0x0F, 0x00, 0x7C, 0x03, 0xF8,
  0x0F, 0xC0, 0x3E, 0x00, 0xF0, 0x07, 0x00, 0x70, 0x07, 0x00, 0x7C, 0x1E,
  0xFF, 0xC7, 0xF8, 0x60, 0xCE, 0x30, 0xEE, 0x0F, 0x80, 0xE0, 0x00, 0x00,
  0x00, 0xFC, 0x7F, 0xDE, 0x1B, 0x80, 0x70, 0x0F, 0x00, 0xFC, 0x07, 0xE0,
  0x3E, 0x01, 0xE0, 0x1C, 0x03, 0xE0, 0xFF, 0xFC, 0xFE, 0x00, 0xFF, 0xFF,
  0xFF, 0xFC, 0x0E, 0x00, 0x1C, 0x00, 0x38, 0x00, 0x70, 0x00, 0xE0, 0x01,
  0xC0, 0x03, 0x80, 0x07, 0x00, 0x0E, 0x00, 0x1C, 0x00, 0x38, 0x00, 0x70,
  0x00, 0xE0, 0x01, 0xC0, 0x03, 0x80, 0x07, 0x00, 0x0E, 0x00, 0x1C, 0x00,
  0x30, 0x00, 0x60, 0x00, 0xE0, 0x00, 0x60, 0x00, 0xC0, 0x0F, 0x80, 0x1C,
  0x00, 0x18, 0x0C, 0x0E, 0x0F, 0xFF, 0xF9, 0xC0, 0xE0, 0x70, 0x38, 0x1C,
  0x0E, 0x07, 0x03, 0x81, 0xC0, 0xE0, 0x7F, 0x1F, 0x87, 0x81, 0x01, 0xC0,
  0x70, 0x18, 0x0C, 0x3E, 0x1E, 0x00, 0x18, 0x30, 0x18, 0xC0, 0x3B, 0x00,
  0x3E, 0x00, 0x38, 0x00, 0x00, 0x3F, 0xFF, 0xFF, 0xFF, 0x03, 0x80, 0x07,
  0x00, 0x0E, 0x00, 0x1C, 0x00, 0x38, 0x00, 0x70, 0x00, 0xE0, 0x01, 0xC0,
  0x03, 0x80, 0x07, 0x00, 0x0E, 0x00, 0x1C, 0x00, 0x38, 0x00, 0x70, 0x00,
  0xE0, 0x01, 0xC0, 0x03, 0x80, 0x07, 0x00, 0x00, 0x30, 0x01, 0x80, 0x0C,
  0x30, 0xC1, 0x80, 0x1C, 0x01, 0xFE, 0x1F, 0xF0, 0x38, 0x01, 0xC0, 0x0E,
  0x00, 0x70, 0x03, 0x80, 0x1C, 0x00, 0xE0, 0x07, 0x00, 0x38, 0x01, 0xC0,
  0x0F, 0x00, 0x3F, 0x00, 0xF8, 0x00, 0xFF, 0xFF, 0xFF, 0xFC, 0x0E, 0x00,
  0x1C, 0x00, 0x38, 0x00, 0x70, 0x00, 0xE0, 0x01, 0xC0, 0x03, 0x80, 0x7F,
  0xF0, 0xFF, 0xE0, 0x1C, 0x00, 0x38, 0x00, 0x70, 0x00, 0xE0, 0x01, 0xC0,
  0x03, 0x80, 0x07, 0x00, 0x0E, 0x00, 0x1C, 0x00, 0x18, 0x0C, 0x06, 0x07,
  0x07, 0xFF, 0xFC, 0xE0, 0x70, 0x38, 0x7F, 0xFF, 0xE7, 0x03, 0x81, 0xC0,
  0xE0, 0x70, 0x3C, 0x0F, 0xC3, 0xE0, 0x0F, 0x30, 0x3F, 0xE0, 0x67, 0x80,
  0x00, 0x00, 0x00, 0x1C, 0x01, 0xF8, 0x03, 0xF0, 0x07, 0xE0, 0x0F, 0xC0,
  0x1F, 0x80, 0x3F, 0x00, 0x7E, 0x00, 0xFC, 0x01, 0xF8, 0x03, 0xF0, 0x07,
  0xE0, 0x0F, 0xC0, 0x1F, 0x80, 0x3F, 0x00, 0x7E, 0x00, 0xEE, 0x03, 0x9E,
  0x0E, 0x1F, 0xF8, 0x0F, 0xE0, 0x1E, 0x31, 0xFF, 0x0C, 0x70, 0x00, 0x00,
  0x00, 0x70, 0x1F, 0x80, 0xFC, 0x07, 0xE0, 0x3F, 0x01, 0xF8, 0x0F, 0xC0,
  0x7E, 0x03, 0xF0, 0x1F, 0x80, 0xFC, 0x07, 0xE0, 0x7F, 0x87, 0xDF, 0xEE,
  0x3E, 0x70, 0x0F, 0xF0, 0x1F, 0xE0, 0x00, 0x00, 0x00, 0x0E, 0x00, 0xFC,
  0x01, 0xF8, 0x03, 0xF0, 0x07, 0xE0, 0x0F, 0xC0, 0x1F, 0x80, 0x3F, 0x00,
  0x7E, 0x00, 0xFC, 0x01, 0xF8, 0x03, 0xF0, 0x07, 0xE0, 0x0F, 0xC0, 0x1F,
  0x80, 0x3F, 0x00, 0x77, 0x01, 0xCF, 0x07, 0x0F, 0xFC, 0x07, 0xF0, 0x3F,
  0xC1, 0xFE, 0x00, 0x00, 0x00, 0x0E, 0x03, 0xF0, 0x1F, 0x80, 0xFC, 0x07,
  0xE0, 0x3F, 0x01, 0xF8, 0x0F, 0xC0, 0x7E, 0x03, 0xF0, 0x1F, 0x80, 0xFC,
  0x0F, 0xF0, 0xFB, 0xFD, 0xCF, 0xCE, 0x08, 0x20, 0x10, 0xC0, 0x3F, 0x80,
  0x3C, 0x00, 0x00, 0x00, 0x00, 0x38, 0x03, 0xF0, 0x07, 0xE0, 0x0F, 0xC0,
  0x1F, 0x80, 0x3F, 0x00, 0x7E, 0x00, 0xFC, 0x01, 0xF8, 0x03, 0xF0, 0x07,
  0xE0, 0x0F, 0xC0, 0x1F, 0x80, 0x3F, 0x00, 0x7E, 0x00, 0xFC, 0x01, 0xDC,
  0x07, 0x3C, 0x1C, 0x3F, 0xF0, 0x1F, 0xC0, 0x10, 0x60, 0xC6, 0x07, 0xF0,
  0x1F, 0x00, 0x00, 0x00, 0x03, 0x80, 0xFC, 0x07, 0xE0, 0x3F, 0x01, 0xF8,
  0x0F, 0xC0, 0x7E, 0x03, 0xF0, 0x1F, 0x80, 0xFC, 0x07, 0xE0, 0x3F, 0x03,
  0xFC, 0x3E, 0xFF, 0x71, 0xF3, 0x80, 0x03, 0xC0, 0x0F, 0xC0, 0x11, 0x80,
  0x23, 0x00, 0x7E, 0x00, 0x78, 0x00, 0x00, 0x00, 0x00, 0xE0, 0x0F, 0xC0,
  0x1F, 0x80, 0x3F, 0x00, 0x7E, 0x00, 0xFC, 0x01, 0xF8, 0x03, 0xF0, 0x07,
  0xE0, 0x0F, 0xC0, 0x1F, 0x80, 0x3F, 0x00, 0x7E, 0x00, 0xFC, 0x01, 0xF8,
  0x03, 0xF0, 0x07, 0x70, 0x1C, 0xF0, 0x70, 0xFF, 0xC0, 0x7F, 0x00, 0x07,
  0x80, 0x7E, 0x02, 0x30, 0x11, 0x80, 0xFC, 0x03, 0xC0, 0x00, 0x00, 0x00,
  0xE0, 0x3F, 0x01, 0xF8, 0x0F, 0xC0, 0x7E, 0x03, 0xF0, 0x1F, 0x80, 0xFC,
  0x07, 0xE0, 0x3F, 0x01, 0xF8, 0x0F, 0xC0, 0xFF, 0x0F, 0xBF, 0xDC, 0x7C,
  0xE0, 0x06, 0x70, 0x1C, 0xC0, 0x33, 0x00, 0xC4, 0x00, 0x00, 0x00, 0x00,
  0x38, 0x03, 0xF0, 0x07, 0xE0, 0x0F, 0xC0, 0x1F, 0x80, 0x3F, 0x00, 0x7E,
  0x00, 0xFC, 0x01, 0xF8, 0x03, 0xF0, 0x07, 0xE0, 0x0F, 0xC0, 0x1F, 0x80,
  0x3F, 0x00, 0x7E, 0x00, 0xFC, 0x01, 0xDC, 0x07, 0x3C, 0x1C, 0x3F, 0xF0,
  0x1F, 0xC0, 0x0C, 0xE0, 0xE6, 0x06, 0x60, 0x62, 0x00, 0x00, 0x00, 0x03,
  0x80, 0xFC, 0x07, 0xE0, 0x3F, 0x01, 0xF8, 0x0F, 0xC0, 0x7E, 0x03, 0xF0,
  0x1F, 0x80, 0xFC, 0x07, 0xE0, 0x3F, 0x03, 0xFC, 0x3E, 0xFF, 0x71, 0xF3,
  0x80, 0xE0, 0x0F, 0xC0, 0x1F, 0x80, 0x3F, 0x00, 0x7E, 0x00, 0xFC, 0x01,
  0xF8, 0x03, 0xF0, 0x07, 0xE0, 0x0F, 0xC0, 0x1F, 0x80, 0x3F, 0x00, 0x7E,
  0x00, 0xFC, 0x01, 0xF8, 0x03, 0xF0, 0x07, 0x70, 0x1C, 0xF0, 0x70, 0xFF,
  0xC0, 0x7F, 0x00, 0x06, 0x00, 0x18, 0x00, 0x30, 0x00, 0x60, 0x00, 0xF0,
  0x00, 0xE0, 0xE0, 0x3F, 0x01, 0xF8, 0x0F, 0xC0, 0x7E, 0x03, 0xF0, 0x1F,
  0x80, 0xFC, 0x07, 0xE0, 0x3F, 0x01, 0xF8, 0x0F, 0xC0, 0xFF, 0x0F, 0xBF,
  0xDC, 0xFC, 0xE0, 0x0E, 0x00, 0x60, 0x06, 0x00, 0x30, 0x01, 0xF0, 0x07,
  0x80, 0x00, 0x1C, 0x00, 0x00, 0x1F, 0x00, 0x00, 0x0D, 0xC0, 0x00, 0x0C,
  0x70, 0x00, 0x0C, 0x08, 0x00, 0x00, 0x00, 0x03, 0x80, 0x70, 0x0E, 0xC0,
  0x38, 0x07, 0x70, 0x1E, 0x03, 0xB8, 0x1F, 0x01, 0x9C, 0x0D, 0x81, 0xC6,
  0x06, 0xE0, 0xE3, 0x87, 0x70, 0x61, 0xC3, 0x98, 0x30, 0x61, 0x8C, 0x38,
  0x30, 0xC7, 0x1C, 0x1C, 0xE1, 0x8C, 0x0E, 0x60, 0xC6, 0x03, 0x30, 0x77,
  0x01, 0x98, 0x1B, 0x80, 0xDC, 0x0D, 0x80, 0x7C, 0x06, 0xC0, 0x1E, 0x03,
  0xE0, 0x0F, 0x00, 0xF0, 0x07, 0x00, 0x70, 0x03, 0x80, 0x38, 0x00, 0x00,
  0x70, 0x00, 0x07, 0xC0, 0x00, 0x37, 0x00, 0x03, 0x1C, 0x00, 0x30, 0x20,
  0x00, 0x00, 0x03, 0x81, 0xC0, 0x6C, 0x0F, 0x07, 0x60, 0x78, 0x3B, 0x87,
  0xC1, 0x8C, 0x36, 0x0C, 0x61, 0xB8, 0xE3, 0x1C, 0xC6, 0x1C, 0xC6, 0x30,
  0x66, 0x39, 0x83, 0x30, 0xDC, 0x1B, 0x06, 0xC0, 0xF8, 0x36, 0x03, 0xC0,
  0xF0, 0x1E, 0x07, 0x80, 0xE0, 0x38, 0x00, 0x01, 0xC0, 0x01, 0xF0, 0x01,
  0xDC, 0x01, 0xC7, 0x00, 0x80, 0x80, 0x00, 0x01, 0x80, 0x0C, 0xE0, 0x0E,
  0x38, 0x0E, 0x1C, 0x07, 0x07, 0x07, 0x03, 0x83, 0x80, 0xE3, 0x80, 0x71,
  0xC0, 0x1D, 0xC0, 0x0E, 0xC0, 0x03, 0xE0, 0x00, 0xE0, 0x00, 0x70, 0x00,
  0x38, 0x00, 0x1C, 0x00, 0x0E, 0x00, 0x07, 0x00, 0x03, 0x80, 0x01, 0xC0,
  0x00, 0xE0, 0x00, 0x07, 0x00, 0x1E, 0x00, 0xDC, 0x06, 0x38, 0x30, 0x20,
  0x00, 0x0E, 0x01, 0xF8, 0x06, 0x60, 0x39, 0xC0, 0xC7, 0x03, 0x0C, 0x1C,
  0x38, 0x60, 0x63, 0x81, 0x8E, 0x07, 0x30, 0x0D, 0xC0, 0x36, 0x00, 0x78,
  0x01, 0xE0, 0x07, 0x00, 0x0C, 0x00, 0x70, 0x01, 0x80, 0x0E, 0x00, 0x70,
  0x0F, 0xC0, 0x3C, 0x00, 0x0E, 0x38, 0x07, 0x1C, 0x00, 0x00, 0x00, 0x00,
  0x00, 0x00, 0x07, 0x00, 0x1D, 0xC0, 0x1C, 0xE0, 0x0C, 0x38, 0x0E, 0x0C,
  0x06, 0x07, 0x06, 0x01, 0xC7, 0x00, 0xE3, 0x00, 0x3B, 0x00, 0x1D, 0x80,
  0x07, 0x80, 0x01, 0x80, 0x00, 0xC0, 0x00, 0x60, 0x00, 0x30, 0x00, 0x18,
  0x00, 0x0C, 0x00, 0x06, 0x00, 0x03, 0x00, 0x01, 0x80, 0x00, 0x01, 0xE0,
  0x07, 0x00, 0x38, 0x00, 0xC0, 0x06, 0x00, 0x00, 0x0F, 0xFF, 0xBF, 0xFE,
  0x00, 0x38, 0x01, 0xC0, 0x0E, 0x00, 0x38, 0x01, 0xC0, 0x06, 0x00, 0x38,
  0x01, 0xC0, 0x06, 0x00, 0x38, 0x00, 0xC0, 0x07, 0x00, 0x38, 0x00, 0xC0,
  0x07, 0x00, 0x38, 0x00, 0xFF, 0xFF, 0xFF, 0xF0, 0x01, 0xC0, 0x70, 0x0C,
  0x03, 0x00, 0xC0, 0x00, 0x1F, 0xFB, 0xFF, 0x00, 0xE0, 0x38, 0x0E, 0x01,
  0xC0, 0x70, 0x1C, 0x03, 0x00, 0xE0, 0x38, 0x0E, 0x01, 0xC0, 0x7F, 0xFF,
  0xFE, 0x07, 0x00, 0x1C, 0x00, 0x70, 0x00, 0x00, 0x00, 0x03, 0xFF, 0xEF,
  0xFF, 0x80, 0x0E, 0x00, 0x70, 0x03, 0x80, 0x0E, 0x00, 0x70, 0x01, 0x80,
  0x0E, 0x00, 0x70, 0x01, 0x80, 0x0E, 0x00, 0x30, 0x01, 0x80, 0x0E, 0x00,
  0x30, 0x01, 0xC0, 0x0E, 0x00, 0x3F, 0xFF, 0xFF, 0xFC, 0x0E, 0x01, 0xC0,
  0x38, 0x00, 0x00, 0x00, 0x00, 0x1F, 0xFB, 0xFF, 0x00, 0xE0, 0x38, 0x0E,
  0x01, 0x80, 0x70, 0x1C, 0x07, 0x00, 0xE0, 0x38, 0x0E, 0x01, 0x80, 0x7F,
  0xFF, 0xFE, 0x30, 0x60, 0x63, 0x00, 0xD8, 0x01, 0xC0, 0x07, 0x00, 0x00,
  0x0F, 0xFF, 0xBF, 0xFE, 0x00, 0x38, 0x01, 0xC0, 0x0E, 0x00, 0x38, 0x01,
  0xC0, 0x06, 0x00, 0x38, 0x01, 0xC0, 0x06, 0x00, 0x38, 0x00, 0xC0, 0x07,
  0x00, 0x38, 0x00, 0xC0, 0x07, 0x00, 0x38, 0x00, 0xFF, 0xFF, 0xFF, 0xF0,
  0x70, 0xC7, 0x30, 0x7C, 0x07, 0x80, 0x60, 0x00, 0x1F, 0xFB, 0xFF, 0x00,
  0xE0, 0x38, 0x0E, 0x01, 0xC0, 0x70, 0x1C, 0x03, 0x00, 0xE0, 0x38, 0x0E,
  0x01, 0xC0, 0x7F, 0xFF, 0xFE
 };

const GFXglyph NotoSans_Regular_SupAndExtA_14pt16bGlyphs[] PROGMEM = {
// bmpOff,   w,   h,xAdv, xOff, yOff      range 0 (0xa1 - 0x17e)
  {     0,   3,  19,   7,    2,  -14 },   // 0xA1 exclamdown  (#0)
  {     8,  11,  20,  15,    2,  -19 },   // 0xA2 cent  (#1)
  {    36,  14,  20,  16,    1,  -19 },   // 0xA3 sterling  (#2)
  {    71,  13,  13,  15,    1,  -15 },   // 0xA4 currency  (#3)
  {    93,  15,  20,  16,    0,  -19 },   // 0xA5 yen  (#4)
  {   131,   2,  28,  16,    7,  -20 },   // 0xA6 brokenbar  (#5)
  {   138,  11,  21,  15,    2,  -20 },   // 0xA7 section  (#6)
  {   167,   8,   2,  16,    4,  -18 },   // 0xA8 dieresis  (#7)
  {   169,  20,  20,  22,    1,  -19 },   // 0xA9 copyright  (#8)
  {   219,   8,   9,  10,    1,  -19 },   // 0xAA ordfeminine  (#9)
  {   228,  12,  11,  14,    1,  -12 },   // 0xAB guillemotleft  (#10)
  {   245,  13,   7,  15,    1,  -10 },   // 0xAC logicalnot  (#11)
  {   257,   7,   2,   9,    1,   -7 },   // 0xAD uni00AD  (#12)
  {   259,  20,  20,  22,    1,  -19 },   // 0xAE registered  (#13)
  {   309,  14,   2,  14,    0,  -22 },   // 0xAF overscore  (#14)
  {   313,   9,   9,  13,    2,  -19 },   // 0xB0 degree  (#15)
  {   324,  13,  16,  15,    1,  -15 },   // 0xB1 plusminus  (#16)
  {   350,   8,  12,  10,    1,  -23 },   // 0xB2 uni00B2  (#17)
  {   362,   8,  12,  10,    1,  -22 },   // 0xB3 uni00B3  (#18)
  {   374,   6,   5,   8,    1,  -21 },   // 0xB4 acute  (#19)
  {   378,  13,  22,  17,    2,  -14 },   // 0xB5 uni00B5  (#20)
  {   414,  14,  25,  18,    1,  -20 },   // 0xB6 paragraph  (#21)
  {   458,   3,   3,   7,    2,  -10 },   // 0xB7 periodcentered  (#22)
  {   460,   6,   7,   7,    0,    1 },   // 0xB8 cedilla  (#23)
  {   466,   6,  11,  10,    1,  -21 },   // 0xB9 uni00B9  (#24)
  {   475,   9,   9,  11,    1,  -19 },   // 0xBA ordmasculine  (#25)
  {   486,  12,  11,  14,    1,  -12 },   // 0xBB guillemotright  (#26)
  {   503,  20,  20,  22,    1,  -19 },   // 0xBC onequarter  (#27)
  {   553,  20,  20,  21,    0,  -19 },   // 0xBD onehalf  (#28)
  {   603,  21,  20,  23,    1,  -19 },   // 0xBE threequarters  (#29)
  {   656,  11,  20,  12,    1,  -14 },   // 0xBF questiondown  (#30)
  {   684,  18,  26,  18,    0,  -25 },   // 0xC0 Agrave  (#31)
  {   743,  18,  26,  18,    0,  -25 },   // 0xC1 Aacute  (#32)
  {   802,  18,  26,  18,    0,  -25 },   // 0xC2 Acircumflex  (#33)
  {   861,  18,  25,  18,    0,  -24 },   // 0xC3 Atilde  (#34)
  {   918,  18,  25,  18,    0,  -24 },   // 0xC4 Adieresis  (#35)
  {   975,  18,  24,  18,    0,  -23 },   // 0xC5 Aring  (#36)
  {  1029,  22,  20,  24,    0,  -19 },   // 0xC6 AE  (#37)
  {  1084,  15,  27,  18,    2,  -19 },   // 0xC7 Ccedilla  (#38)
  {  1135,  11,  26,  16,    3,  -25 },   // 0xC8 Egrave  (#39)
  {  1171,  11,  26,  16,    3,  -25 },   // 0xC9 Eacute  (#40)
  {  1207,  11,  26,  16,    3,  -25 },   // 0xCA Ecircumflex  (#41)
  {  1243,  11,  25,  16,    3,  -24 },   // 0xCB Edieresis  (#42)
  {  1278,   7,  26,   9,    1,  -25 },   // 0xCC Igrave  (#43)
  {  1301,   8,  26,   9,    1,  -25 },   // 0xCD Iacute  (#44)
  {  1327,   9,  26,   9,    0,  -25 },   // 0xCE Icircumflex  (#45)
  {  1357,   8,  25,  10,    1,  -24 },   // 0xCF Idieresis  (#46)
  {  1382,  18,  20,  21,    1,  -19 },   // 0xD0 Eth  (#47)
  {  1427,  15,  25,  21,    3,  -24 },   // 0xD1 Ntilde  (#48)
  {  1474,  18,  26,  22,    2,  -25 },   // 0xD2 Ograve  (#49)
  {  1533,  18,  26,  22,    2,  -25 },   // 0xD3 Oacute  (#50)
  {  1592,  18,  26,  22,    2,  -25 },   // 0xD4 Ocircumflex  (#51)
  {  1651,  18,  25,  22,    2,  -24 },   // 0xD5 Otilde  (#52)
  {  1708,  18,  25,  22,    2,  -24 },   // 0xD6 Odieresis  (#53)
  {  1765,  12,  12,  16,    2,  -15 },   // 0xD7 multiply  (#54)
  {  1783,  18,  22,  22,    2,  -20 },   // 0xD8 Oslash  (#55)
  {  1833,  15,  26,  20,    2,  -25 },   // 0xD9 Ugrave  (#56)
  {  1882,  15,  26,  20,    2,  -25 },   // 0xDA Uacute  (#57)
  {  1931,  15,  26,  20,    2,  -25 },   // 0xDB Ucircumflex  (#58)
  {  1980,  15,  25,  20,    2,  -24 },   // 0xDC Udieresis  (#59)
  {  2027,  17,  26,  17,    0,  -25 },   // 0xDD Yacute  (#60)
  {  2083,  13,  20,  17,    3,  -19 },   // 0xDE Thorn  (#61)
  {  2116,  14,  21,  17,    2,  -20 },   // 0xDF germandbls  (#62)
  {  2153,  12,  22,  15,    1,  -21 },   // 0xE0 agrave  (#63)
  {  2186,  12,  22,  15,    1,  -21 },   // 0xE1 aacute  (#64)
  {  2219,  12,  22,  15,    1,  -21 },   // 0xE2 acircumflex  (#65)
  {  2252,  12,  20,  15,    1,  -19 },   // 0xE3 atilde  (#66)
  {  2282,  12,  20,  15,    1,  -19 },   // 0xE4 adieresis  (#67)
  {  2312,  12,  23,  15,    1,  -22 },   // 0xE5 aring  (#68)
  {  2347,  21,  15,  23,    1,  -14 },   // 0xE6 ae  (#69)
  {  2387,  11,  22,  14,    2,  -14 },   // 0xE7 ccedilla  (#70)
  {  2418,  13,  22,  16,    2,  -21 },   // 0xE8 egrave  (#71)
  {  2454,  13,  22,  16,    2,  -21 },   // 0xE9 eacute  (#72)
  {  2490,  13,  22,  16,    2,  -21 },   // 0xEA ecircumflex  (#73)
  {  2526,  13,  20,  16,    2,  -19 },   // 0xEB edieresis  (#74)
  {  2559,   6,  21,   7,    0,  -20 },   // 0xEC igrave  (#75)
  {  2575,   6,  21,   7,    2,  -20 },   // 0xED iacute  (#76)
  {  2591,   9,  21,   7,   -1,  -20 },   // 0xEE icircumflex  (#77)
  {  2615,   9,  20,   9,    0,  -19 },   // 0xEF idieresis  (#78)
  {  2638,  14,  21,  17,    2,  -20 },   // 0xF0 eth  (#79)
  {  2675,  13,  20,  17,    2,  -19 },   // 0xF1 ntilde  (#80)
  {  2708,  14,  22,  17,    2,  -21 },   // 0xF2 ograve  (#81)
  {  2747,  14,  22,  17,    2,  -21 },   // 0xF3 oacute  (#82)
  {  2786,  14,  22,  17,    2,  -21 },   // 0xF4 ocircumflex  (#83)
  {  2825,  14,  20,  17,    2,  -19 },   // 0xF5 otilde  (#84)
  {  2860,  14,  20,  17,    2,  -19 },   // 0xF6 odieresis  (#85)
  {  2895,  13,  13,  15,    1,  -15 },   // 0xF7 divide  (#86)
  {  2917,  14,  17,  17,    2,  -15 },   // 0xF8 oslash  (#87)
  {  2947,  13,  22,  17,    2,  -21 },   // 0xF9 ugrave  (#88)
  {  2983,  13,  22,  17,    2,  -21 },   // 0xFA uacute  (#89)
  {  3019,  13,  22,  17,    2,  -21 },   // 0xFB ucircumflex  (#90)
  {  3055,  13,  20,  17,    2,  -19 },   // 0xFC udieresis  (#91)
  {  3088,  14,  28,  14,    0,  -20 },   // 0xFD yacute  (#92)
  {  3137,  13,  28,  17,    2,  -20 },   // 0xFE thorn  (#93)
  {  3183,  14,  27,  15,    1,  -19 },   // 0xFF ydieresis  (#94)
  {  3231,  18,  24,  18,    0,  -23 },   // 0x100 Amacron  (#95)
  {  3285,  12,  19,  15,    1,  -18 },   // 0x101 amacron  (#96)
  {  3314,  18,  25,  18,    0,  -24 },   // 0x102 Abreve  (#97)
  {  3371,  12,  21,  15,    1,  -20 },   // 0x103 abreve  (#98)
  {  3403,  18,  26,  18,    0,  -19 },   // 0x104 Aogonek  (#99)
  {  3462,  13,  21,  15,    1,  -14 },   // 0x105 aogonek  (#100)
  {  3497,  15,  26,  18,    2,  -25 },   // 0x106 Cacute  (#101)
  {  3546,  11,  22,  14,    2,  -21 },   // 0x107 cacute  (#102)
  {  3577,  15,  26,  18,    2,  -25 },   // 0x108 Ccircumflex  (#103)
  {  3626,  11,  22,  14,    2,  -21 },   // 0x109 ccircumflex  (#104)
  {  3657,  15,  25,  18,    2,  -24 },   // 0x10A Cdotaccent  (#105)
  {  3704,  11,  21,  14,    2,  -20 },   // 0x10B cdotaccent  (#106)
  {  3733,  15,  26,  18,    2,  -25 },   // 0x10C Ccaron  (#107)
  {  3782,  11,  22,  14,    2,  -21 },   // 0x10D ccaron  (#108)
  {  3813,  16,  26,  21,    3,  -25 },   // 0x10E Dcaron  (#109)
  {  3865,  17,  21,  17,    2,  -20 },   // 0x10F dcaron  (#110)
  {  3910,  18,  20,  21,    1,  -19 },   // 0x110 Dcroat  (#111)
  {  3955,  15,  21,  18,    2,  -20 },   // 0x111 dcroat  (#112)
  {  3995,  11,  24,  16,    3,  -23 },   // 0x112 Emacron  (#113)
  {  4028,  13,  19,  16,    2,  -18 },   // 0x113 emacron  (#114)
  {  4059,  11,  25,  16,    3,  -24 },   // 0x114 Ebreve  (#115)
  {  4094,  13,  21,  16,    2,  -20 },   // 0x115 ebreve  (#116)
  {  4129,  11,  25,  16,    3,  -24 },   // 0x116 Edotaccent  (#117)
  {  4164,  13,  21,  16,    2,  -20 },   // 0x117 edotaccent  (#118)
  {  4199,  11,  26,  16,    3,  -19 },   // 0x118 Eogonek  (#119)
  {  4235,  13,  21,  16,    2,  -14 },   // 0x119 eogonek  (#120)
  {  4270,  11,  26,  16,    3,  -25 },   // 0x11A Ecaron  (#121)
  {  4306,  13,  22,  16,    2,  -21 },   // 0x11B ecaron  (#122)
  {  4342,  17,  26,  21,    2,  -25 },   // 0x11C Gcircumflex  (#123)
  {  4398,  13,  28,  17,    2,  -20 },   // 0x11D gcircumflex  (#124)
  {  4444,  17,  26,  21,    2,  -25 },   // 0x11E Gbreve  (#125)
  {  4500,  13,  28,  17,    2,  -20 },   // 0x11F gbreve  (#126)
  {  4546,  17,  25,  21,    2,  -24 },   // 0x120 Gdotaccent  (#127)
  {  4600,  13,  28,  17,    2,  -20 },   // 0x121 gdotaccent  (#128)
  {  4646,  17,  26,  21,    2,  -19 },   // 0x122 uni0122  (#129)
  {  4702,  13,  27,  17,    2,  -19 },   // 0x123 uni0123  (#130)
  {  4746,  15,  26,  21,    3,  -25 },   // 0x124 Hcircumflex  (#131)
  {  4795,  16,  27,  17,   -1,  -26 },   // 0x125 hcircumflex  (#132)
  {  4849,  20,  20,  21,    0,  -19 },   // 0x126 Hbar  (#133)
  {  4899,  15,  21,  18,    1,  -20 },   // 0x127 hbar  (#134)
  {  4939,  10,  25,   9,    0,  -24 },   // 0x128 Itilde  (#135)
  {  4971,  11,  20,   7,   -2,  -19 },   // 0x129 itilde  (#136)
  {  4999,   8,  24,  10,    1,  -23 },   // 0x12A Imacron  (#137)
  {  5023,   8,  19,   8,    0,  -18 },   // 0x12B imacron  (#138)
  {  5042,   9,  25,   9,    0,  -24 },   // 0x12C Ibreve  (#139)
  {  5071,   9,  21,   7,   -1,  -20 },   // 0x12D ibreve  (#140)
  {  5095,   7,  26,   9,    1,  -19 },   // 0x12E Iogonek  (#141)
  {  5118,   5,  27,   7,    1,  -20 },   // 0x12F iogonek  (#142)
  {  5135,   7,  25,   9,    1,  -24 },   // 0x130 Idotaccent  (#143)
  {  5157,   3,  15,   7,    2,  -14 },   // 0x131 dotlessi  (#144)
  {  5163,  13,  25,  17,    1,  -19 },   // 0x132 IJ  (#145)
  {  5204,  10,  28,  14,    2,  -20 },   // 0x133 ij  (#146)
  {  5239,  11,  32,   8,   -3,  -26 },   // 0x134 Jcircumflex  (#147)
  {  5283,  10,  28,   8,   -1,  -20 },   // 0x135 jcircumflex  (#148)
  {  5318,  15,  26,  18,    3,  -19 },   // 0x136 uni0136  (#149)
  {  5367,  13,  27,  15,    2,  -20 },   // 0x137 uni0137  (#150)
  {  5411,  13,  15,  15,    2,  -14 },   // 0x138 kgreenlandic  (#151)
  {  5436,  11,  26,  15,    3,  -25 },   // 0x139 Lacute  (#152)
  {  5472,   6,  27,   7,    2,  -26 },   // 0x13A lacute  (#153)
  {  5493,  11,  26,  15,    3,  -19 },   // 0x13B uni013B  (#154)
  {  5529,   5,  27,   7,    1,  -20 },   // 0x13C uni013C  (#155)
  {  5546,  11,  20,  15,    3,  -19 },   // 0x13D Lcaron  (#156)
  {  5574,   7,  21,   7,    2,  -20 },   // 0x13E lcaron  (#157)
  {  5593,  11,  20,  15,    3,  -19 },   // 0x13F Ldot  (#158)
  {  5621,   6,  21,   7,    2,  -20 },   // 0x140 ldot  (#159)
  {  5637,  13,  20,  15,    1,  -19 },   // 0x141 Lslash  (#160)
  {  5670,   8,  21,   8,    0,  -20 },   // 0x142 lslash  (#161)
  {  5691,  15,  26,  21,    3,  -25 },   // 0x143 Nacute  (#162)
  {  5740,  13,  21,  17,    2,  -20 },   // 0x144 nacute  (#163)
  {  5775,  15,  26,  21,    3,  -19 },   // 0x145 uni0145  (#164)
  {  5824,  13,  21,  17,    2,  -14 },   // 0x146 uni0146  (#165)
  {  5859,  15,  26,  21,    3,  -25 },   // 0x147 Ncaron  (#166)
  {  5908,  13,  21,  17,    2,  -20 },   // 0x148 ncaron  (#167)
  {  5943,  17,  20,  19,    0,  -19 },   // 0x149 napostrophe  (#168)
  {  5986,  16,  25,  22,    3,  -19 },   // 0x14A Eng  (#169)
  {  6036,  13,  22,  17,    2,  -14 },   // 0x14B eng  (#170)
  {  6072,  18,  24,  22,    2,  -23 },   // 0x14C Omacron  (#171)
  {  6126,  14,  19,  17,    2,  -18 },   // 0x14D omacron  (#172)
  {  6160,  18,  26,  22,    2,  -25 },   // 0x14E Obreve  (#173)
  {  6219,  14,  21,  17,    2,  -20 },   // 0x14F obreve  (#174)
  {  6256,  18,  26,  22,    2,  -25 },   // 0x150 Ohungarumlaut  (#175)
  {  6315,  14,  21,  17,    2,  -20 },   // 0x151 ohungarumlaut  (#176)
  {  6352,  22,  20,  26,    2,  -19 },   // 0x152 OE  (#177)
  {  6407,  23,  15,  25,    1,  -14 },   // 0x153 oe  (#178)
  {  6451,  14,  26,  18,    3,  -25 },   // 0x154 Racute  (#179)
  {  6497,   9,  21,  12,    2,  -20 },   // 0x155 racute  (#180)
  {  6521,  14,  26,  18,    3,  -19 },   // 0x156 uni0156  (#181)
  {  6567,  10,  21,  12,    1,  -14 },   // 0x157 uni0157  (#182)
  {  6594,  14,  26,  18,    3,  -25 },   // 0x158 Rcaron  (#183)
  {  6640,   9,  21,  12,    2,  -20 },   // 0x159 rcaron  (#184)
  {  6664,  12,  26,  14,    1,  -25 },   // 0x15A Sacute  (#185)
  {  6703,  11,  22,  13,    1,  -21 },   // 0x15B sacute  (#186)
  {  6734,  12,  26,  14,    1,  -25 },   // 0x15C Scircumflex  (#187)
  {  6773,  11,  22,  13,    1,  -21 },   // 0x15D scircumflex  (#188)
  {  6804,  12,  27,  14,    1,  -19 },   // 0x15E Scedilla  (#189)
  {  6845,  11,  22,  13,    1,  -14 },   // 0x15F scedilla  (#190)
  {  6876,  12,  26,  14,    1,  -25 },   // 0x160 Scaron  (#191)
  {  6915,  11,  22,  13,    1,  -21 },   // 0x161 scaron  (#192)
  {  6946,  15,  27,  17,    1,  -19 },   // 0x162 uni0162  (#193)
  {  6997,   9,  25,  11,    1,  -17 },   // 0x163 uni0163  (#194)
  {  7026,  15,  26,  17,    1,  -25 },   // 0x164 Tcaron  (#195)
  {  7075,  13,  21,  11,    1,  -20 },   // 0x165 tcaron  (#196)
  {  7110,  15,  20,  17,    1,  -19 },   // 0x166 Tbar  (#197)
  {  7148,   9,  19,  11,    1,  -18 },   // 0x167 tbar  (#198)
  {  7170,  15,  25,  20,    2,  -24 },   // 0x168 Utilde  (#199)
  {  7217,  13,  20,  17,    2,  -19 },   // 0x169 utilde  (#200)
  {  7250,  15,  24,  20,    2,  -23 },   // 0x16A Umacron  (#201)
  {  7295,  13,  19,  17,    2,  -18 },   // 0x16B umacron  (#202)
  {  7326,  15,  26,  20,    2,  -25 },   // 0x16C Ubreve  (#203)
  {  7375,  13,  21,  17,    2,  -20 },   // 0x16D ubreve  (#204)
  {  7410,  15,  28,  20,    2,  -27 },   // 0x16E Uring  (#205)
  {  7463,  13,  23,  17,    2,  -22 },   // 0x16F uring  (#206)
  {  7501,  15,  26,  20,    2,  -25 },   // 0x170 Uhungarumlaut  (#207)
  {  7550,  13,  21,  17,    2,  -20 },   // 0x171 uhungarumlaut  (#208)
  {  7585,  15,  26,  20,    2,  -19 },   // 0x172 Uogonek  (#209)
  {  7634,  13,  21,  17,    2,  -14 },   // 0x173 uogonek  (#210)
  {  7669,  25,  26,  26,    0,  -25 },   // 0x174 Wcircumflex  (#211)
  {  7751,  21,  21,  22,    0,  -20 },   // 0x175 wcircumflex  (#212)
  {  7807,  17,  26,  17,    0,  -25 },   // 0x176 Ycircumflex  (#213)
  {  7863,  14,  28,  14,    0,  -20 },   // 0x177 ycircumflex  (#214)
  {  7912,  17,  25,  17,    0,  -24 },   // 0x178 Ydieresis  (#215)
  {  7966,  14,  26,  16,    1,  -25 },   // 0x179 Zacute  (#216)
  {  8012,  11,  21,  13,    1,  -20 },   // 0x17A zacute  (#217)
  {  8041,  14,  25,  16,    1,  -24 },   // 0x17B Zdotaccent  (#218)
  {  8085,  11,  21,  13,    1,  -20 },   // 0x17C zdotaccent  (#219)
  {  8114,  14,  26,  16,    1,  -25 },   // 0x17D Zcaron  (#220)
  {  8160,  11,  21,  13,    1,  -20 } }; // 0x17E zcaron  (#221)

const GFXfont NotoSans_Regular_SupAndExtA_14pt16b PROGMEM = {
  (uint8_t  *)NotoSans_Regular_SupAndExtA_14pt16bBitmaps,
  (GFXglyph *)NotoSans_Regular_SupAndExtA_14pt16bGlyphs,
  0xA1, // first
  0x17E, // last
  44   //height
 };

// Approx. 9750 bytes

// /tmp/fontconvert_pinned -f /home/user/qmk_firmware/keyboards/polykybd/fonts/noto-sans/NotoSans-Regular.ttf -s 14 -H auto -v _CurrencySigns_ 8362 8364 8369 8369 8372 8372 8380 8381 8470 8470 
// Visualize your font via https://tchapi.github.io/Adafruit-GFX-Font-Customiser

/* num ranges: 5 */
const uint8_t NotoSans_Regular_CurrencySigns_14pt16bBitmaps[] PROGMEM = {
  /* range 0 (0x20aa - 0x20ac): */  0xFF, 0x81, 0xFF, 0xE0, 0xF0, 0x38, 0x78, 0x0E, 0x3C, 0x03, 0x1E, 0x31,
  0x8F, 0x18, 0xC7, 0x8C, 0x63, 0xC6, 0x31, 0xE3, 0x18, 0xF1, 0x8C, 0x78,
  0xC6, 0x3C, 0x63, 0x1E, 0x31, 0x8F, 0x18, 0xC7, 0x8C, 0x03, 0xC6, 0x03,
  0xE3, 0x03, 0xB1, 0xFF, 0x98, 0xFF, 0x80, 0x00, 0x38, 0x00, 0x70, 0x1F,
  0xF8, 0x3F, 0xF0, 0x03, 0x80, 0x07, 0x07, 0xCE, 0x1F, 0xDC, 0x78, 0xF8,
  0xE0, 0xF3, 0x80, 0xE7, 0x01, 0xCE, 0x03, 0x9C, 0x07, 0x38, 0x0E, 0x70,
  0x1C, 0xE0, 0x38, 0xE0, 0xF1, 0xE3, 0xE1, 0xFD, 0xC1, 0xF3, 0x80, 0x00,
  0x00, 0x00, 0x1F, 0xFE, 0x3F, 0xFC, 0x01, 0xF8, 0x0F, 0xF8, 0x3C, 0x30,
  0xF0, 0x01, 0xC0, 0x03, 0x80, 0x0E, 0x00, 0x7F, 0xF0, 0xFF, 0xE0, 0x70,
  0x00, 0xE0, 0x07, 0xFE, 0x0F, 0xFC, 0x07, 0x00, 0x07, 0x00, 0x0E, 0x00,
  0x1E, 0x00, 0x1E, 0x08, 0x1F, 0xF0, 0x0F, 0xC0
  /* range 1 (0x20b1 - 0x20b1): */  , 0x3F, 0xC0, 0x7F, 0xE0,
  0xE1, 0xE1, 0xC1, 0xCF, 0xFF, 0xFF, 0xFF, 0xCE, 0x07, 0x1C, 0x0E, 0xFF,
  0xFF, 0xFF, 0xFC, 0xE0, 0xE1, 0xC3, 0xC3, 0xFF, 0x07, 0xF8, 0x0E, 0x00,
  0x1C, 0x00, 0x38, 0x00, 0x70, 0x00, 0xE0, 0x01, 0xC0, 0x00
  /* range 2 (0x20b4 - 0x20b4): */  , 0x0F, 0xE0,
  0x7F, 0xF0, 0x40, 0xF0, 0x00, 0xE0, 0x01, 0xC0, 0x03, 0xBF, 0xFF, 0xFF,
  0xFF, 0x01, 0xF0, 0x0F, 0x80, 0x78, 0x07, 0xFF, 0xFF, 0xFF, 0xEE, 0x00,
  0x1C, 0x00, 0x38, 0x00, 0x70, 0x00, 0x78, 0x18, 0x7F, 0xF0, 0x7F, 0x80
  /* range 3 (0x20bc - 0x20bd): */  ,
  0x00, 0xE0, 0x00, 0x1C, 0x00, 0x03, 0x80, 0x00, 0x70, 0x00, 0x0E, 0x00,
  0x01, 0xC0, 0x01, 0xFF, 0x00, 0xFF, 0xF8, 0x3C, 0xE7, 0x8E, 0x1C, 0x79,
  0xC3, 0x87, 0x70, 0x70, 0xFE, 0x0E, 0x0F, 0xC1, 0xC1, 0xF8, 0x38, 0x3F,
  0x00, 0x07, 0xE0, 0x00, 0xFC, 0x00, 0x1F, 0x80, 0x03, 0xF0, 0x00, 0x70,
  0x1F, 0xF0, 0x3F, 0xF0, 0x70, 0xF0, 0xE0, 0xF1, 0xC0, 0xE3, 0x81, 0xC7,
  0x03, 0x8E, 0x07, 0x1C, 0x1E, 0x38, 0x7B, 0xFF, 0xE7, 0xFF, 0x01, 0xC0,
  0x03, 0x80, 0x3F, 0xF0, 0x7F, 0xE0, 0x1C, 0x00, 0x38, 0x00, 0x70, 0x00,
  0xE0, 0x00
  /* range 4 (0x2116 - 0x2116): */  , 0xE0, 0x0C, 0x00, 0xF0, 0x0C, 0x00, 0xF0, 0x0C, 0x00, 0xF8,
  0x0C, 0x00, 0xD8, 0x0C, 0x00, 0xDC, 0x0C, 0x00, 0xCE, 0x0C, 0x18, 0xCE,
  0x0C, 0x7E, 0xC7, 0x0C, 0xE7, 0xC3, 0x0C, 0xC3, 0xC3, 0x8C, 0xC3, 0xC1,
  0xCC, 0xC3, 0xC1, 0xCC, 0xC3, 0xC0, 0xEC, 0x66, 0xC0, 0x6C, 0x7E, 0xC0,
  0x7C, 0x00, 0xC0, 0x3C, 0x00, 0xC0, 0x3C, 0x7E, 0xC0, 0x1C, 0x7E
 };

const GFXglyph NotoSans_Regular_CurrencySigns_14pt16bGlyphs[] PROGMEM = {
// bmpOff,   w,   h,xAdv, xOff, yOff      range 0 (0x20aa - 0x20ac)
  {     0,  17,  20,  21,    2,  -19 },   // 0x20AA uni20AA  (#0)
  {    43,  15,  25,  18,    2,  -20 },   // 0x20AB dong  (#1)
  {    90,  15,  20,  16,    1,  -19 },   // 0x20AC Euro  (#2)
  {     0,   0,   0,   0,    0,    0 },   // 0x20AD (skip)
  {     0,   0,   0,   0,    0,    0 },   // 0x20AE (skip)
  {     0,   0,   0,   0,    0,    0 },   // 0x20AF (skip)
  {     0,   0,   0,   0,    0,    0 },   // 0x20B0 (skip)
// bmpOff,   w,   h,xAdv, xOff, yOff      range 1 (0x20b1 - 0x20b1)
  {   128,  15,  20,  17,    1,  -19 },   // 0x20B1 uni20B1  (#3)
  {     0,   0,   0,   0,    0,    0 },   // 0x20B2 (skip)
  {     0,   0,   0,   0,    0,    0 },   // 0x20B3 (skip)
// bmpOff,   w,   h,xAdv, xOff, yOff      range 2 (0x20b4 - 0x20b4)
  {   166,  15,  20,  17,    1,  -19 },   // 0x20B4 uni20B4  (#4)
  {     0,   0,   0,   0,    0,    0 },   // 0x20B5 (skip)
  {     0,   0,   0,   0,    0,    0 },   // 0x20B6 (skip)
  {     0,   0,   0,   0,    0,    0 },   // 0x20B7 (skip)
  {     0,   0,   0,   0,    0,    0 },   // 0x20B8 (skip)
  {     0,   0,   0,   0,    0,    0 },   // 0x20B9 (skip)
  {     0,   0,   0,   0,    0,    0 },   // 0x20BA (skip)
  {     0,   0,   0,   0,    0,    0 },   // 0x20BB (skip)
// bmpOff,   w,   h,xAdv, xOff, yOff      range 3 (0x20bc - 0x20bd)
  {   204,  19,  20,  23,    2,  -19 },   // 0x20BC uni20BC  (#5)
  {   252,  15,  20,  16,    0,  -19 },   // 0x20BD uni20BD  (#6)
  {     0,   0,   0,   0,    0,    0 },   // 0x20BE (skip)
  {     0,   0,   0,   0,    0,    0 },   // 0x20BF (skip)
  {     0,   0,   0,   0,    0,    0 },   // 0x20C0 (skip)
  {     0,   0,   0,   0,    0,    0 },   // 0x20C1 (skip)
  {     0,   0,   0,   0,    0,    0 },   // 0x20C2 (skip)
  {     0,   0,   0,   0,    0,    0 },   // 0x20C3 (skip)
  {     0,   0,   0,   0,    0,    0 },   // 0x20C4 (skip)
  {     0,   0,   0,   0,    0,    0 },   // 0x20C5 (skip)
  {     0,   0,   0,   0,    0,    0 },   // 0x20C6 (skip)
  {     0,   0,   0,   0,    0,    0 },   // 0x20C7 (skip)
  {     0,   0,   0,   0,    0,    0 },   // 0x20C8 (skip)
  {     0,   0,   0,   0,    0,    0 },   // 0x20C9 (skip)
  {     0,   0,   0,   0,    0,    0 },   // 0x20CA (skip)
  {     0,   0,   0,   0,    0,    0 },   // 0x20CB (skip)
  {     0,   0,   0,   0,    0,    0 },   // 0x20CC (skip)
  {     0,   0,   0,   0,    0,    0 },   // 0x20CD (skip)
  {     0,   0,   0,   0,    0,    0 },   // 0x20CE (skip)
  {     0,   0,   0,   0,    0,    0 },   // 0x20CF (skip)
  {     0,   0,   0,   0,    0,    0 },   // 0x20D0 (skip)
  {     0,   0,   0,   0,    0,    0 },   // 0x20D1 (skip)
  {     0,   0,   0,   0,    0,    0 },   // 0x20D2 (skip)
  {     0,   0,   0,   0,    0,    0 },   // 0x20D3 (skip)
  {     0,   0,   0,   0,    0,    0 },   // 0x20D4 (skip)
  {     0,   0,   0,   0,    0,    0 },   // 0x20D5 (skip)
  {     0,   0,   0,   0,    0,    0 },   // 0x20D6 (skip)
  {     0,   0,   0,   0,    0,    0 },   // 0x20D7 (skip)
  {     0,   0,   0,   0,    0,    0 },   // 0x20D8 (skip)
  {     0,   0,   0,   0,    0,    0 },   // 0x20D9 (skip)
  {     0,   0,   0,   0,    0,    0 },   // 0x20DA (skip)
  {     0,   0,   0,   0,    0,    0 },   // 0x20DB (skip)
  {     0,   0,   0,   0,    0,    0 },   // 0x20DC (skip)
  {     0,   0,   0,   0,    0,    0 },   // 0x20DD (skip)
  {     0,   0,   0,   0,    0,    0 },   // 0x20DE (skip)
  {     0,   0,   0,   0,    0,    0 },   // 0x20DF (skip)
  {     0,   0,   0,   0,    0,    0 },   // 0x20E0 (skip)
  {     0,   0,   0,   0,    0,    0 },   // 0x20E1 (skip)
  {     0,   0,   0,   0,    0,    0 },   // 0x20E2 (skip)
  {     0,   0,   0,   0,    0,    0 },   // 0x20E3 (skip)
  {     0,   0,   0,   0,    0,    0 },   // 0x20E4 (skip)
  {     0,   0,   0,   0,    0,    0 },   // 0x20E5 (skip)
  {     0,   0,   0,   0,    0,    0 },   // 0x20E6 (skip)
  {     0,   0,   0,   0,    0,    0 },   // 0x20E7 (skip)
  {     0,   0,   0,   0,    0,    0 },   // 0x20E8 (skip)
  {     0,   0,   0,   0,    0,    0 },   // 0x20E9 (skip)
  {     0,   0,   0,   0,    0,    0 },   // 0x20EA (skip)
  {     0,   0,   0,   0,    0,    0 },   // 0x20EB (skip)
  {     0,   0,   0,   0,    0,    0 },   // 0x20EC (skip)
  {     0,   0,   0,   0,    0,    0 },   // 0x20ED (skip)
  {     0,   0,   0,   0,    0,    0 },   // 0x20EE (skip)
  {     0,   0,   0,   0,    0,    0 },   // 0x20EF (skip)
  {     0,   0,   0,   0,    0,    0 },   // 0x20F0 (skip)
  {     0,   0,   0,   0,    0,    0 },   // 0x20F1 (skip)
  {     0,   0,   0,   0,    0,    0 },   // 0x20F2 (skip)
  {     0,   0,   0,   0,    0,    0 },   // 0x20F3 (skip)
  {     0,   0,   0,   0,    0,    0 },   // 0x20F4 (skip)
  {     0,   0,   0,   0,    0,    0 },   // 0x20F5 (skip)
  {     0,   0,   0,   0,    0,    0 },   // 0x20F6 (skip)
  {     0,   0,   0,   0,    0,    0 },   // 0x20F7 (skip)
  {     0,   0,   0,   0,    0,    0 },   // 0x20F8 (skip)
  {     0,   0,   0,   0,    0,    0 },   // 0x20F9 (skip)
  {     0,   0,   0,   0,    0,    0 },   // 0x20FA (skip)
  {     0,   0,   0,   0,    0,    0 },   // 0x20FB (skip)
  {     0,   0,   0,   0,    0,    0 },   // 0x20FC (skip)
  {     0,   0,   0,   0,    0,    0 },   // 0x20FD (skip)
  {     0,   0,   0,   0,    0,    0 },   // 0x20FE (skip)
  {     0,   0,   0,   0,    0,    0 },   // 0x20FF (skip)
  {     0,   0,   0,   0,    0,    0 },   // 0x2100 (skip)
  {     0,   0,   0,   0,    0,    0 },   // 0x2101 (skip)
  {     0,   0,   0,   0,    0,    0 },   // 0x2102 (skip)
  {     0,   0,   0,   0,    0,    0 },   // 0x2103 (skip)
  {     0,   0,   0,   0,    0,    0 },   // 0x2104 (skip)
  {     0,   0,   0,   0,    0,    0 },   // 0x2105 (skip)
  {     0,   0,   0,   0,    0,    0 },   // 0x2106 (skip)
  {     0,   0,   0,   0,    0,    0 },   // 0x2107 (skip)
  {     0,   0,   0,   0,    0,    0 },   // 0x2108 (skip)
  {     0,   0,   0,   0,    0,    0 },   // 0x2109 (skip)
  {     0,   0,   0,   0,    0,    0 },   // 0x210A (skip)
  {     0,   0,   0,   0,    0,    0 },   // 0x210B (skip)
  {     0,   0,   0,   0,    0,    0 },   // 0x210C (skip)
  {     0,   0,   0,   0,    0,    0 },   // 0x210D (skip)
  {     0,   0,   0,   0,    0,    0 },   // 0x210E (skip)
  {     0,   0,   0,   0,    0,    0 },   // 0x210F (skip)
  {     0,   0,   0,   0,    0,    0 },   // 0x2110 (skip)
  {     0,   0,   0,   0,    0,    0 },   // 0x2111 (skip)
  {     0,   0,   0,   0,    0,    0 },   // 0x2112 (skip)
  {     0,   0,   0,   0,    0,    0 },   // 0x2113 (skip)
  {     0,   0,   0,   0,    0,    0 },   // 0x2114 (skip)
  {     0,   0,   0,   0,    0,    0 },   // 0x2115 (skip)
// bmpOff,   w,   h,xAdv, xOff, yOff      range 4 (0x2116 - 0x2116)
  {   290,  24,  19,  28,    3,  -18 } }; // 0x2116 uni2116  (#7)

const GFXfont NotoSans_Regular_CurrencySigns_14pt16b PROGMEM = {
  (uint8_t  *)NotoSans_Regular_CurrencySigns_14pt16bBitmaps,
  (GFXglyph *)NotoSans_Regular_CurrencySigns_14pt16bGlyphs,
  0x20AA, // first
  0x2116, // last
  37   //height
 };

// Approx. 1117 bytes

// /tmp/fontconvert_pinned -f /home/user/qmk_firmware/keyboards/polykybd/fonts/noto-sans/NotoSans-Regular.ttf -s 14 -H auto -v _Okina_ -r 44 699 699 
// Visualize your font via https://tchapi.github.io/Adafruit-GFX-Font-Customiser

/* num ranges: 1 */
const uint8_t NotoSans_Regular_Okina_14pt16bBitmaps[] PROGMEM = {
  /* range 0 (0x2bb - 0x2bb): */  0x33, 0x37, 0x6E
 };

const GFXglyph NotoSans_Regular_Okina_14pt16bGlyphs[] PROGMEM = {
// bmpOff,   w,   h,xAdv, xOff, yOff      range 0 (0x2bb - 0x2bb)
  {     0,   4,   6,   5,    0,  -18 } }; // 0x2BB uni02BB  (#0)

const GFXfont NotoSans_Regular_Okina_14pt16b PROGMEM = {
  (uint8_t  *)NotoSans_Regular_Okina_14pt16bBitmaps,
  (GFXglyph *)NotoSans_Regular_Okina_14pt16bGlyphs,
  0x2BB, // first
  0x2BB, // last
  44   //height
 };

// Approx. 17 bytes

// /tmp/fontconvert_pinned -f /home/user/qmk_firmware/keyboards/polykybd/fonts/noto-sans/NotoSans-Regular.ttf -s 14 -H auto -v _LatinExtAdd_ -r 44 7778 7779 7864 7865 7869 7869 7884 7885 7929 7929 
// Visualize your font via https://tchapi.github.io/Adafruit-GFX-Font-Customiser

/* num ranges: 5 */
const uint8_t NotoSans_Regular_LatinExtAdd_14pt16bBitmaps[] PROGMEM = {
  /* range 0 (0x1e62 - 0x1e63): */  0x1F, 0xC3, 0xFE, 0x70, 0x6E, 0x00, 0xE0, 0x0E, 0x00, 0xE0, 0x0F, 0x00,
  0x7C, 0x03, 0xF8, 0x0F, 0xC0, 0x3E, 0x00, 0xF0, 0x07, 0x00, 0x70, 0x07,
  0x00, 0x7C, 0x1E, 0xFF, 0xC7, 0xF8, 0x00, 0x00, 0x00, 0x0E, 0x00, 0xE0,
  0x0E, 0x00, 0x1F, 0x8F, 0xFB, 0xC3, 0x70, 0x0E, 0x01, 0xE0, 0x1F, 0x80,
  0xFC, 0x07, 0xC0, 0x3C, 0x03, 0x80, 0x7C, 0x1F, 0xFF, 0x9F, 0xC0, 0x00,
  0x00, 0x01, 0xC0, 0x38, 0x07, 0x00
  /* range 1 (0x1eb8 - 0x1eb9): */  , 0xFF, 0xFF, 0xFF, 0x80, 0x70, 0x0E,
  0x01, 0xC0, 0x38, 0x07, 0x00, 0xE0, 0x1F, 0xFF, 0xFF, 0xF0, 0x0E, 0x01,
  0xC0, 0x38, 0x07, 0x00, 0xE0, 0x1C, 0x03, 0xFF, 0xFF, 0xF0, 0x00, 0x00,
  0x03, 0x80, 0x70, 0x0E, 0x00, 0x0F, 0x81, 0xFF, 0x1E, 0x1C, 0xE0, 0xEE,
  0x03, 0xF0, 0x1F, 0xFF, 0xFF, 0xFF, 0xE0, 0x07, 0x00, 0x38, 0x00, 0xE0,
  0x07, 0x81, 0x1F, 0xF8, 0x3F, 0x80, 0x00, 0x00, 0x00, 0x38, 0x01, 0xC0,
  0x0E, 0x00
  /* range 2 (0x1ebd - 0x1ebd): */  , 0x1E, 0x21, 0xFF, 0x08, 0xF0, 0x00, 0x00, 0x00, 0x07, 0xC0,
  0xFF, 0x8F, 0x0E, 0x70, 0x77, 0x01, 0xF8, 0x0F, 0xFF, 0xFF, 0xFF, 0xF0,
  0x03, 0x80, 0x1C, 0x00, 0x70, 0x03, 0xC0, 0x8F, 0xFC, 0x1F, 0xC0
  /* range 3 (0x1ecc - 0x1ecd): */  , 0x03,
  0xF0, 0x03, 0xFF, 0x03, 0xE0, 0xF0, 0xE0, 0x1C, 0x70, 0x03, 0x9C, 0x00,
  0xEE, 0x00, 0x1F, 0x80, 0x07, 0xE0, 0x01, 0xF8, 0x00, 0x7E, 0x00, 0x1F,
  0x80, 0x07, 0xE0, 0x01, 0xF8, 0x00, 0x77, 0x00, 0x39, 0xC0, 0x0E, 0x38,
  0x07, 0x0F, 0x03, 0xC0, 0xFF, 0xC0, 0x0F, 0xC0, 0x00, 0x00, 0x00, 0x00,
  0x00, 0x0E, 0x00, 0x03, 0x80, 0x00, 0xE0, 0x00, 0x0F, 0xC0, 0xFF, 0xC7,
  0x87, 0x9C, 0x0E, 0xE0, 0x1F, 0x80, 0x7E, 0x01, 0xF8, 0x07, 0xE0, 0x1F,
  0x80, 0x7E, 0x01, 0xDC, 0x0E, 0x78, 0x78, 0xFF, 0xC0, 0xFC, 0x00, 0x00,
  0x00, 0x00, 0x1C, 0x00, 0x70, 0x01, 0xC0
  /* range 4 (0x1ef9 - 0x1ef9): */  , 0x1C, 0x30, 0xFC, 0x83, 0x3E,
  0x08, 0x70, 0x00, 0x03, 0x80, 0x7E, 0x01, 0x98, 0x0E, 0x70, 0x31, 0xC0,
  0xC3, 0x07, 0x0E, 0x18, 0x18, 0xE0, 0x63, 0x81, 0xCC, 0x03, 0x70, 0x0D,
  0x80, 0x1E, 0x00, 0x78, 0x01, 0xC0, 0x03, 0x00, 0x1C, 0x00, 0x60, 0x03,
  0x80, 0x1C, 0x03, 0xF0, 0x0F, 0x00, 0x00
 };

const GFXglyph NotoSans_Regular_LatinExtAdd_14pt16bGlyphs[] PROGMEM = {
// bmpOff,   w,   h,xAdv, xOff, yOff      range 0 (0x1e62 - 0x1e63)
  {     0,  12,  25,  14,    1,  -19 },   // 0x1E62 uni1E62  (#0)
  {    38,  11,  20,  13,    1,  -14 },   // 0x1E63 uni1E63  (#1)
  {     0,   0,   0,   0,    0,    0 },   // 0x1E64 (skip)
  {     0,   0,   0,   0,    0,    0 },   // 0x1E65 (skip)
  {     0,   0,   0,   0,    0,    0 },   // 0x1E66 (skip)
  {     0,   0,   0,   0,    0,    0 },   // 0x1E67 (skip)
  {     0,   0,   0,   0,    0,    0 },   // 0x1E68 (skip)
  {     0,   0,   0,   0,    0,    0 },   // 0x1E69 (skip)
  {     0,   0,   0,   0,    0,    0 },   // 0x1E6A (skip)
  {     0,   0,   0,   0,    0,    0 },   // 0x1E6B (skip)
  {     0,   0,   0,   0,    0,    0 },   // 0x1E6C (skip)
  {     0,   0,   0,   0,    0,    0 },   // 0x1E6D (skip)
  {     0,   0,   0,   0,    0,    0 },   // 0x1E6E (skip)
  {     0,   0,   0,   0,    0,    0 },   // 0x1E6F (skip)
  {     0,   0,   0,   0,    0,    0 },   // 0x1E70 (skip)
  {     0,   0,   0,   0,    0,    0 },   // 0x1E71 (skip)
  {     0,   0,   0,   0,    0,    0 },   // 0x1E72 (skip)
  {     0,   0,   0,   0,    0,    0 },   // 0x1E73 (skip)
  {     0,   0,   0,   0,    0,    0 },   // 0x1E74 (skip)
  {     0,   0,   0,   0,    0,    0 },   // 0x1E75 (skip)
  {     0,   0,   0,   0,    0,    0 },   // 0x1E76 (skip)
  {     0,   0,   0,   0,    0,    0 },   // 0x1E77 (skip)
  {     0,   0,   0,   0,    0,    0 },   // 0x1E78 (skip)
  {     0,   0,   0,   0,    0,    0 },   // 0x1E79 (skip)
  {     0,   0,   0,   0,    0,    0 },   // 0x1E7A (skip)
  {     0,   0,   0,   0,    0,    0 },   // 0x1E7B (skip)
  {     0,   0,   0,   0,    0,    0 },   // 0x1E7C (skip)
  {     0,   0,   0,   0,    0,    0 },   // 0x1E7D (skip)
  {     0,   0,   0,   0,    0,    0 },   // 0x1E7E (skip)
  {     0,   0,   0,   0,    0,    0 },   // 0x1E7F (skip)
  {     0,   0,   0,   0,    0,    0 },   // 0x1E80 (skip)
  {     0,   0,   0,   0,    0,    0 },   // 0x1E81 (skip)
  {     0,   0,   0,   0,    0,    0 },   // 0x1E82 (skip)
  {     0,   0,   0,   0,    0,    0 },   // 0x1E83 (skip)
  {     0,   0,   0,   0,    0,    0 },   // 0x1E84 (skip)
  {     0,   0,   0,   0,    0,    0 },   // 0x1E85 (skip)
  {     0,   0,   0,   0,    0,    0 },   // 0x1E86 (skip)
  {     0,   0,   0,   0,    0,    0 },   // 0x1E87 (skip)
  {     0,   0,   0,   0,    0,    0 },   // 0x1E88 (skip)
  {     0,   0,   0,   0,    0,    0 },   // 0x1E89 (skip)
  {     0,   0,   0,   0,    0,    0 },   // 0x1E8A (skip)
  {     0,   0,   0,   0,    0,    0 },   // 0x1E8B (skip)
  {     0,   0,   0,   0,    0,    0 },   // 0x1E8C (skip)
  {     0,   0,   0,   0,    0,    0 },   // 0x1E8D (skip)
  {     0,   0,   0,   0,    0,    0 },   // 0x1E8E (skip)
  {     0,   0,   0,   0,    0,    0 },   // 0x1E8F (skip)
  {     0,   0,   0,   0,    0,    0 },   // 0x1E90 (skip)
  {     0,   0,   0,   0,    0,    0 },   // 0x1E91 (skip)
  {     0,   0,   0,   0,    0,    0 },   // 0x1E92 (skip)
  {     0,   0,   0,   0,    0,    0 },   // 0x1E93 (skip)
  {     0,   0,   0,   0,    0,    0 },   // 0x1E94 (skip)
  {     0,   0,   0,   0,    0,    0 },   // 0x1E95 (skip)
  {     0,   0,   0,   0,    0,    0 },   // 0x1E96 (skip)
  {     0,   0,   0,   0,    0,    0 },   // 0x1E97 (skip)
  {     0,   0,   0,   0,    0,    0 },   // 0x1E98 (skip)
  {     0,   0,   0,   0,    0,    0 },   // 0x1E99 (skip)
  {     0,   0,   0,   0,    0,    0 },   // 0x1E9A (skip)
  {     0,   0,   0,   0,    0,    0 },   // 0x1E9B (skip)
  {     0,   0,   0,   0,    0,    0 },   // 0x1E9C (skip)
  {     0,   0,   0,   0,    0,    0 },   // 0x1E9D (skip)
  {     0,   0,   0,   0,    0,    0 },   // 0x1E9E (skip)
  {     0,   0,   0,   0,    0,    0 },   // 0x1E9F (skip)
  {     0,   0,   0,   0,    0,    0 },   // 0x1EA0 (skip)
  {     0,   0,   0,   0,    0,    0 },   // 0x1EA1 (skip)
  {     0,   0,   0,   0,    0,    0 },   // 0x1EA2 (skip)
  {     0,   0,   0,   0,    0,    0 },   // 0x1EA3 (skip)
  {     0,   0,   0,   0,    0,    0 },   // 0x1EA4 (skip)
  {     0,   0,   0,   0,    0,    0 },   // 0x1EA5 (skip)
  {     0,   0,   0,   0,    0,    0 },   // 0x1EA6 (skip)
  {     0,   0,   0,   0,    0,    0 },   // 0x1EA7 (skip)
  {     0,   0,   0,   0,    0,    0 },   // 0x1EA8 (skip)
  {     0,   0,   0,   0,    0,    0 },   // 0x1EA9 (skip)
  {     0,   0,   0,   0,    0,    0 },   // 0x1EAA (skip)
  {     0,   0,   0,   0,    0,    0 },   // 0x1EAB (skip)
  {     0,   0,   0,   0,    0,    0 },   // 0x1EAC (skip)
  {     0,   0,   0,   0,    0,    0 },   // 0x1EAD (skip)
  {     0,   0,   0,   0,    0,    0 },   // 0x1EAE (skip)
  {     0,   0,   0,   0,    0,    0 },   // 0x1EAF (skip)
  {     0,   0,   0,   0,    0,    0 },   // 0x1EB0 (skip)
  {     0,   0,   0,   0,    0,    0 },   // 0x1EB1 (skip)
  {     0,   0,   0,   0,    0,    0 },   // 0x1EB2 (skip)
  {     0,   0,   0,   0,    0,    0 },   // 0x1EB3 (skip)
  {     0,   0,   0,   0,    0,    0 },   // 0x1EB4 (skip)
  {     0,   0,   0,   0,    0,    0 },   // 0x1EB5 (skip)
  {     0,   0,   0,   0,    0,    0 },   // 0x1EB6 (skip)
  {     0,   0,   0,   0,    0,    0 },   // 0x1EB7 (skip)
// bmpOff,   w,   h,xAdv, xOff, yOff      range 1 (0x1eb8 - 0x1eb9)
  {    66,  11,  25,  16,    3,  -19 },   // 0x1EB8 uni1EB8  (#2)
  {   101,  13,  20,  16,    2,  -14 },   // 0x1EB9 uni1EB9  (#3)
  {     0,   0,   0,   0,    0,    0 },   // 0x1EBA (skip)
  {     0,   0,   0,   0,    0,    0 },   // 0x1EBB (skip)
  {     0,   0,   0,   0,    0,    0 },   // 0x1EBC (skip)
// bmpOff,   w,   h,xAdv, xOff, yOff      range 2 (0x1ebd - 0x1ebd)
  {   134,  13,  20,  16,    2,  -19 },   // 0x1EBD uni1EBD  (#4)
  {     0,   0,   0,   0,    0,    0 },   // 0x1EBE (skip)
  {     0,   0,   0,   0,    0,    0 },   // 0x1EBF (skip)
  {     0,   0,   0,   0,    0,    0 },   // 0x1EC0 (skip)
  {     0,   0,   0,   0,    0,    0 },   // 0x1EC1 (skip)
  {     0,   0,   0,   0,    0,    0 },   // 0x1EC2 (skip)
  {     0,   0,   0,   0,    0,    0 },   // 0x1EC3 (skip)
  {     0,   0,   0,   0,    0,    0 },   // 0x1EC4 (skip)
  {     0,   0,   0,   0,    0,    0 },   // 0x1EC5 (skip)
  {     0,   0,   0,   0,    0,    0 },   // 0x1EC6 (skip)
  {     0,   0,   0,   0,    0,    0 },   // 0x1EC7 (skip)
  {     0,   0,   0,   0,    0,    0 },   // 0x1EC8 (skip)
  {     0,   0,   0,   0,    0,    0 },   // 0x1EC9 (skip)
  {     0,   0,   0,   0,    0,    0 },   // 0x1ECA (skip)
  {     0,   0,   0,   0,    0,    0 },   // 0x1ECB (skip)
// bmpOff,   w,   h,xAdv, xOff, yOff      range 3 (0x1ecc - 0x1ecd)
  {   167,  18,  25,  22,    2,  -19 },   // 0x1ECC uni1ECC  (#5)
  {   224,  14,  20,  17,    2,  -14 },   // 0x1ECD uni1ECD  (#6)
  {     0,   0,   0,   0,    0,    0 },   // 0x1ECE (skip)
  {     0,   0,   0,   0,    0,    0 },   // 0x1ECF (skip)
  {     0,   0,   0,   0,    0,    0 },   // 0x1ED0 (skip)
  {     0,   0,   0,   0,    0,    0 },   // 0x1ED1 (skip)
  {     0,   0,   0,   0,    0,    0 },   // 0x1ED2 (skip)
  {     0,   0,   0,   0,    0,    0 },   // 0x1ED3 (skip)
  {     0,   0,   0,   0,    0,    0 },   // 0x1ED4 (skip)
  {     0,   0,   0,   0,    0,    0 },   // 0x1ED5 (skip)
  {     0,   0,   0,   0,    0,    0 },   // 0x1ED6 (skip)
  {     0,   0,   0,   0,    0,    0 },   // 0x1ED7 (skip)
  {     0,   0,   0,   0,    0,    0 },   // 0x1ED8 (skip)
  {     0,   0,   0,   0,    0,    0 },   // 0x1ED9 (skip)
  {     0,   0,   0,   0,    0,    0 },   // 0x1EDA (skip)
  {     0,   0,   0,   0,    0,    0 },   // 0x1EDB (skip)
  {     0,   0,   0,   0,    0,    0 },   // 0x1EDC (skip)
  {     0,   0,   0,   0,    0,    0 },   // 0x1EDD (skip)
  {     0,   0,   0,   0,    0,    0 },   // 0x1EDE (skip)
  {     0,   0,   0,   0,    0,    0 },   // 0x1EDF (skip)
  {     0,   0,   0,   0,    0,    0 },   // 0x1EE0 (skip)
  {     0,   0,   0,   0,    0,    0 },   // 0x1EE1 (skip)
  {     0,   0,   0,   0,    0,    0 },   // 0x1EE2 (skip)
  {     0,   0,   0,   0,    0,    0 },   // 0x1EE3 (skip)
  {     0,   0,   0,   0,    0,    0 },   // 0x1EE4 (skip)
  {     0,   0,   0,   0,    0,    0 },   // 0x1EE5 (skip)
  {     0,   0,   0,   0,    0,    0 },   // 0x1EE6 (skip)
  {     0,   0,   0,   0,    0,    0 },   // 0x1EE7 (skip)
  {     0,   0,   0,   0,    0,    0 },   // 0x1EE8 (skip)
  {     0,   0,   0,   0,    0,    0 },   // 0x1EE9 (skip)
  {     0,   0,   0,   0,    0,    0 },   // 0x1EEA (skip)
  {     0,   0,   0,   0,    0,    0 },   // 0x1EEB (skip)
  {     0,   0,   0,   0,    0,    0 },   // 0x1EEC (skip)
  {     0,   0,   0,   0,    0,    0 },   // 0x1EED (skip)
  {     0,   0,   0,   0,    0,    0 },   // 0x1EEE (skip)
  {     0,   0,   0,   0,    0,    0 },   // 0x1EEF (skip)
  {     0,   0,   0,   0,    0,    0 },   // 0x1EF0 (skip)
  {     0,   0,   0,   0,    0,    0 },   // 0x1EF1 (skip)
  {     0,   0,   0,   0,    0,    0 },   // 0x1EF2 (skip)
  {     0,   0,   0,   0,    0,    0 },   // 0x1EF3 (skip)
  {     0,   0,   0,   0,    0,    0 },   // 0x1EF4 (skip)
  {     0,   0,   0,   0,    0,    0 },   // 0x1EF5 (skip)
  {     0,   0,   0,   0,    0,    0 },   // 0x1EF6 (skip)
  {     0,   0,   0,   0,    0,    0 },   // 0x1EF7 (skip)
  {     0,   0,   0,   0,    0,    0 },   // 0x1EF8 (skip)
// bmpOff,   w,   h,xAdv, xOff, yOff      range 4 (0x1ef9 - 0x1ef9)
  {   259,  14,  27,  14,    0,  -19 } }; // 0x1EF9 uni1EF9  (#7)

const GFXfont NotoSans_Regular_LatinExtAdd_14pt16b PROGMEM = {
  (uint8_t  *)NotoSans_Regular_LatinExtAdd_14pt16bBitmaps,
  (GFXglyph *)NotoSans_Regular_LatinExtAdd_14pt16bGlyphs,
  0x1E62, // first
  0x1EF9, // last
  44   //height
 };

// Approx. 1378 bytes

// /tmp/fontconvert_pinned -f /home/user/qmk_firmware/keyboards/polykybd/fonts/noto-sans/NotoSans-Regular.ttf -s 14 -H auto -v _Naira_ 8358 8358 
// Visualize your font via https://tchapi.github.io/Adafruit-GFX-Font-Customiser

/* num ranges: 1 */
const uint8_t NotoSans_Regular_Naira_14pt16bBitmaps[] PROGMEM = {
  /* range 0 (0x20a6 - 0x20a6): */  0x38, 0x18, 0x70, 0x30, 0xF0, 0x61, 0xE0, 0xC3, 0xE1, 0x86, 0xC3, 0x0D,
  0x86, 0x7F, 0xFF, 0xFF, 0xFE, 0x66, 0x30, 0xC6, 0x67, 0xFF, 0xFF, 0xFF,
  0xE6, 0x1B, 0x0C, 0x36, 0x18, 0x7C, 0x30, 0x78, 0x60, 0xF0, 0xC0, 0xE1,
  0x81, 0xC0
 };

const GFXglyph NotoSans_Regular_Naira_14pt16bGlyphs[] PROGMEM = {
// bmpOff,   w,   h,xAdv, xOff, yOff      range 0 (0x20a6 - 0x20a6)
  {     0,  15,  20,  17,    1,  -19 } }; // 0x20A6 uni20A6  (#0)

const GFXfont NotoSans_Regular_Naira_14pt16b PROGMEM = {
  (uint8_t  *)NotoSans_Regular_Naira_14pt16bBitmaps,
  (GFXglyph *)NotoSans_Regular_Naira_14pt16bGlyphs,
  0x20A6, // first
  0x20A6, // last
  37   //height
 };

// Approx. 52 bytes

// /tmp/fontconvert_pinned -f /home/user/qmk_firmware/keyboards/polykybd/fonts/noto-sans/NotoSans-Regular.ttf -s 16 -H auto -v _Cyrillic_ 1025 1131 1168 1211 1240 1257 
// Visualize your font via https://tchapi.github.io/Adafruit-GFX-Font-Customiser

/* num ranges: 3 */
const uint8_t NotoSans_Regular_Cyrillic_16pt16bBitmaps[] PROGMEM = {
  /* range 0 (0x401 - 0x46b): */  0x38, 0xE1, 0xC7, 0x0E, 0x38, 0x00, 0x00, 0x00, 0x00, 0x03, 0xFF, 0xFF,
  0xFF, 0xE0, 0x07, 0x00, 0x38, 0x01, 0xC0, 0x0E, 0x00, 0x70, 0x03, 0x80,
  0x1F, 0xFE, 0xFF, 0xF7, 0x00, 0x38, 0x01, 0xC0, 0x0E, 0x00, 0x70, 0x03,
  0x80, 0x1C, 0x00, 0xE0, 0x07, 0x00, 0x3F, 0xFF, 0xFF, 0xF0, 0xFF, 0xFF,
  0x07, 0xFF, 0xF8, 0x01, 0xC0, 0x00, 0x0E, 0x00, 0x00, 0x70, 0x00, 0x03,
  0x80, 0x00, 0x1C, 0x00, 0x00, 0xE0, 0x00, 0x07, 0x7F, 0x80, 0x3F, 0xFF,
  0x01, 0xE0, 0x7C, 0x0E, 0x00, 0xE0, 0x70, 0x07, 0x83, 0x80, 0x1C, 0x1C,
  0x00, 0xE0, 0xE0, 0x07, 0x07, 0x00, 0x38, 0x38, 0x01, 0xC1, 0xC0, 0x1C,
  0x0E, 0x01, 0xE0, 0x71, 0xFE, 0x03, 0x8F, 0xC0, 0x00, 0xE0, 0x1C, 0x03,
  0x80, 0x30, 0x06, 0x00, 0xC0, 0x00, 0x00, 0x00, 0xFF, 0xFF, 0xFF, 0xE0,
  0x0E, 0x00, 0xE0, 0x0E, 0x00, 0xE0, 0x0E, 0x00, 0xE0, 0x0E, 0x00, 0xE0,
  0x0E, 0x00, 0xE0, 0x0E, 0x00, 0xE0, 0x0E, 0x00, 0xE0, 0x0E, 0x00, 0xE0,
  0x0E, 0x00, 0xE0, 0x0E, 0x00, 0x01, 0xFE, 0x03, 0xFF, 0xC7, 0xC0, 0xC7,
  0x80, 0x03, 0x80, 0x03, 0x80, 0x01, 0xC0, 0x01, 0xC0, 0x00, 0xE0, 0x00,
  0x7F, 0xFE, 0x3F, 0xFF, 0x1C, 0x00, 0x0E, 0x00, 0x07, 0x00, 0x03, 0xC0,
  0x00, 0xE0, 0x00, 0x70, 0x00, 0x3C, 0x00, 0x0F, 0x00, 0x03, 0xE0, 0x70,
  0xFF, 0xF8, 0x0F, 0xF0, 0x07, 0xF8, 0x3F, 0xF8, 0xF0, 0x33, 0x80, 0x07,
  0x00, 0x0E, 0x00, 0x1C, 0x00, 0x3C, 0x00, 0x3C, 0x00, 0x7F, 0x00, 0x3F,
  0x80, 0x3F, 0xC0, 0x0F, 0xC0, 0x07, 0xC0, 0x07, 0x80, 0x07, 0x00, 0x0E,
  0x00, 0x1C, 0x00, 0x77, 0x01, 0xEF, 0xFF, 0x87, 0xF8, 0x00, 0xFF, 0xFF,
  0xFF, 0xFF, 0xFF, 0xFF, 0xFF, 0xFF, 0xC0, 0xEF, 0xDF, 0xB8, 0x00, 0x00,
  0x0E, 0x1C, 0x38, 0x70, 0xE1, 0xC3, 0x87, 0x0E, 0x1C, 0x38, 0x70, 0xE1,
  0xC3, 0x87, 0x0E, 0x1C, 0x38, 0x70, 0xE1, 0xC0, 0x03, 0x81, 0xC0, 0xE0,
  0x70, 0x38, 0x1C, 0x0E, 0x07, 0x03, 0x81, 0xC0, 0xE0, 0x70, 0x38, 0x1C,
  0x0E, 0x07, 0x03, 0x81, 0xC0, 0xE0, 0x70, 0x38, 0x1C, 0x0E, 0x07, 0x03,
  0x83, 0xBF, 0x9F, 0x80, 0x07, 0xFF, 0xE0, 0x00, 0x1F, 0xFF, 0x80, 0x00,
  0x70, 0x0E, 0x00, 0x01, 0xC0, 0x38, 0x00, 0x07, 0x00, 0xE0, 0x00, 0x1C,
  0x03, 0x80, 0x00, 0x70, 0x0E, 0x00, 0x01, 0xC0, 0x38, 0x00, 0x07, 0x00,
  0xFF, 0xC0, 0x1C, 0x03, 0xFF, 0xC0, 0x70, 0x0E, 0x07, 0x81, 0xC0, 0x38,
  0x0E, 0x07, 0x00, 0xE0, 0x1C, 0x1C, 0x03, 0x80, 0x70, 0x70, 0x0E, 0x01,
  0xC1, 0xC0, 0x38, 0x07, 0x06, 0x00, 0xE0, 0x1C, 0x18, 0x03, 0x80, 0x70,
  0xE0, 0x0E, 0x03, 0x87, 0x80, 0x38, 0x1E, 0xFC, 0x00, 0xFF, 0xE3, 0xE0,
  0x03, 0xFF, 0x00, 0xE0, 0x07, 0x00, 0x0E, 0x00, 0x70, 0x00, 0xE0, 0x07,
  0x00, 0x0E, 0x00, 0x70, 0x00, 0xE0, 0x07, 0x00, 0x0E, 0x00, 0x70, 0x00,
  0xE0, 0x07, 0x00, 0x0E, 0x00, 0x70, 0x00, 0xE0, 0x07, 0x00, 0x0F, 0xFF,
  0xFF, 0xE0, 0xFF, 0xFF, 0xFF, 0xCE, 0x00, 0x70, 0x3E, 0xE0, 0x07, 0x00,
  0xEE, 0x00, 0x70, 0x07, 0xE0, 0x07, 0x00, 0x7E, 0x00, 0x70, 0x07, 0xE0,
  0x07, 0x00, 0x7E, 0x00, 0x70, 0x07, 0xE0, 0x07, 0x00, 0xEE, 0x00, 0x70,
  0x3E, 0xE0, 0x07, 0xFF, 0x8E, 0x00, 0x7F, 0xE0, 0xFF, 0xFF, 0x0F, 0xFF,
  0xF0, 0x07, 0x00, 0x00, 0x70, 0x00, 0x07, 0x00, 0x00, 0x70, 0x00, 0x07,
  0x00, 0x00, 0x70, 0x00, 0x07, 0x00, 0x00, 0x7F, 0xF0, 0x07, 0xFF, 0xC0,
  0x78, 0x1E, 0x07, 0x00, 0xE0, 0x70, 0x07, 0x07, 0x00, 0x70, 0x70, 0x07,
  0x07, 0x00, 0x70, 0x70, 0x07, 0x07, 0x00, 0x70, 0x70, 0x07, 0x07, 0x00,
  0x70, 0x70, 0x07, 0x00, 0xF0, 0x00, 0xE0, 0x01, 0xC0, 0x03, 0x80, 0x07,
  0x00, 0x06, 0x00, 0x00, 0x00, 0x00, 0x00, 0xE0, 0x0E, 0xE0, 0x1E, 0xE0,
  0x1C, 0xE0, 0x38, 0xE0, 0x70, 0xE0, 0xE0, 0xE0, 0xE0, 0xE1, 0xC0, 0xE3,
  0x80, 0xFF, 0x00, 0xFF, 0x80, 0xE3, 0x80, 0xE1, 0xC0, 0xE1, 0xE0, 0xE0,
  0xE0, 0xE0, 0x70, 0xE0, 0x78, 0xE0, 0x38, 0xE0, 0x1C, 0xE0, 0x1E, 0xE0,
  0x0E, 0xE0, 0x07, 0x07, 0x00, 0x00, 0xE0, 0x00, 0x1C, 0x00, 0x03, 0x00,
  0x00, 0x60, 0x00, 0x08, 0x00, 0x00, 0x00, 0x00, 0x00, 0xE0, 0x03, 0xF8,
  0x00, 0xFE, 0x00, 0x7F, 0x80, 0x3F, 0xE0, 0x0D, 0xF8, 0x07, 0x7E, 0x01,
  0x9F, 0x80, 0xC7, 0xE0, 0x71, 0xF8, 0x18, 0x7E, 0x0E, 0x1F, 0x87, 0x07,
  0xE1, 0x81, 0xF8, 0xE0, 0x7E, 0x30, 0x1F, 0x98, 0x07, 0xEE, 0x01, 0xFB,
  0x00, 0x7F, 0x80, 0x1F, 0xE0, 0x07, 0xF0, 0x01, 0xFC, 0x00, 0x70, 0x06,
  0x0C, 0x00, 0xC1, 0x80, 0x1C, 0x70, 0x01, 0xFC, 0x00, 0x1F, 0x00, 0x00,
  0x00, 0x00, 0x00, 0x07, 0x00, 0x0E, 0xE0, 0x01, 0xCE, 0x00, 0x71, 0xC0,
  0x0E, 0x1C, 0x01, 0xC3, 0x80, 0x70, 0x38, 0x0E, 0x07, 0x03, 0x80, 0x70,
  0x70, 0x0E, 0x1C, 0x00, 0xE3, 0x80, 0x1C, 0x60, 0x01, 0xDC, 0x00, 0x3B,
  0x00, 0x03, 0xE0, 0x00, 0x7C, 0x00, 0x07, 0x00, 0x00, 0xE0, 0x00, 0x38,
  0x00, 0x0E, 0x00, 0x1F, 0x80, 0x03, 0xE0, 0x00, 0xE0, 0x03, 0xF0, 0x01,
  0xF8, 0x00, 0xFC, 0x00, 0x7E, 0x00, 0x3F, 0x00, 0x1F, 0x80, 0x0F, 0xC0,
  0x07, 0xE0, 0x03, 0xF0, 0x01, 0xF8, 0x00, 0xFC, 0x00, 0x7E, 0x00, 0x3F,
  0x00, 0x1F, 0x80, 0x0F, 0xC0, 0x07, 0xE0, 0x03, 0xF0, 0x01, 0xF8, 0x00,
  0xFC, 0x00, 0x7F, 0xFF, 0xFF, 0xFF, 0xFC, 0x07, 0x00, 0x03, 0x80, 0x01,
  0xC0, 0x00, 0xE0, 0x00, 0x70, 0x00, 0x00, 0x60, 0x00, 0x0F, 0x00, 0x00,
  0xF0, 0x00, 0x1F, 0x80, 0x01, 0xF8, 0x00, 0x19, 0x80, 0x03, 0x9C, 0x00,
  0x39, 0xC0, 0x07, 0x0E, 0x00, 0x70, 0xE0, 0x06, 0x06, 0x00, 0xE0, 0x70,
  0x0E, 0x07, 0x01, 0xFF, 0xF8, 0x1F, 0xFF, 0x81, 0x80, 0x18, 0x38, 0x01,
  0xC3, 0x80, 0x1C, 0x70, 0x00, 0xE7, 0x00, 0x0E, 0x60, 0x00, 0xEE, 0x00,
  0x07, 0xFF, 0xFD, 0xFF, 0xFB, 0x80, 0x07, 0x00, 0x0E, 0x00, 0x1C, 0x00,
  0x38, 0x00, 0x70, 0x00, 0xE0, 0x01, 0xFF, 0xC3, 0xFF, 0xE7, 0x01, 0xEE,
  0x01, 0xDC, 0x01, 0xF8, 0x03, 0xF0, 0x07, 0xE0, 0x0F, 0xC0, 0x1F, 0x80,
  0x77, 0x03, 0xEF, 0xFF, 0x1F, 0xF8, 0x00, 0xFF, 0xE0, 0xFF, 0xF8, 0xE0,
  0x3C, 0xE0, 0x1E, 0xE0, 0x0E, 0xE0, 0x0E, 0xE0, 0x0E, 0xE0, 0x1C, 0xE0,
  0x3C, 0xFF, 0xF0, 0xFF, 0xF8, 0xE0, 0x1C, 0xE0, 0x0E, 0xE0, 0x07, 0xE0,
  0x07, 0xE0, 0x07, 0xE0, 0x07, 0xE0, 0x07, 0xE0, 0x0E, 0xE0, 0x1E, 0xFF,
  0xFC, 0xFF, 0xF0, 0xFF, 0xFF, 0xFF, 0xE0, 0x0E, 0x00, 0xE0, 0x0E, 0x00,
  0xE0, 0x0E, 0x00, 0xE0, 0x0E, 0x00, 0xE0, 0x0E, 0x00, 0xE0, 0x0E, 0x00,
  0xE0, 0x0E, 0x00, 0xE0, 0x0E, 0x00, 0xE0, 0x0E, 0x00, 0xE0, 0x0E, 0x00,
  0x07, 0xFF, 0xE0, 0x1F, 0xFF, 0x80, 0x70, 0x0E, 0x01, 0xC0, 0x38, 0x07,
  0x00, 0xE0, 0x1C, 0x03, 0x80, 0x70, 0x0E, 0x01, 0xC0, 0x38, 0x07, 0x00,
  0xE0, 0x1C, 0x03, 0x80, 0x70, 0x0E, 0x01, 0xC0, 0x38, 0x07, 0x00, 0xE0,
  0x18, 0x03, 0x80, 0xE0, 0x0E, 0x03, 0x80, 0x38, 0x0E, 0x00, 0xE0, 0x30,
  0x03, 0x81, 0xC0, 0x0E, 0x06, 0x00, 0x38, 0xFF, 0xFF, 0xFF, 0xFF, 0xFF,
  0xFE, 0x00, 0x01, 0xF8, 0x00, 0x07, 0xE0, 0x00, 0x1F, 0x80, 0x00, 0x7E,
  0x00, 0x01, 0xC0, 0xFF, 0xFF, 0xFF, 0xF8, 0x01, 0xC0, 0x0E, 0x00, 0x70,
  0x03, 0x80, 0x1C, 0x00, 0xE0, 0x07, 0xFF, 0xBF, 0xFD, 0xC0, 0x0E, 0x00,
  0x70, 0x03, 0x80, 0x1C, 0x00, 0xE0, 0x07, 0x00, 0x38, 0x01, 0xC0, 0x0F,
  0xFF, 0xFF, 0xFC, 0x70, 0x07, 0x00, 0x71, 0xC0, 0x38, 0x07, 0x0E, 0x01,
  0xC0, 0x70, 0x38, 0x0E, 0x07, 0x80, 0xE0, 0x70, 0x38, 0x03, 0x03, 0x83,
  0x80, 0x1C, 0x1C, 0x38, 0x00, 0x70, 0xE1, 0xC0, 0x01, 0x87, 0x1C, 0x00,
  0x0F, 0xFF, 0xC0, 0x00, 0x7F, 0xFE, 0x00, 0x03, 0x0E, 0x38, 0x00, 0x38,
  0x71, 0xE0, 0x03, 0x83, 0x87, 0x00, 0x1C, 0x1C, 0x1C, 0x01, 0xC0, 0xE0,
  0xF0, 0x0C, 0x07, 0x03, 0x80, 0xE0, 0x38, 0x0E, 0x0E, 0x01, 0xC0, 0x70,
  0x70, 0x0E, 0x01, 0xC7, 0x00, 0x70, 0x0F, 0x78, 0x03, 0x80, 0x38, 0x1F,
  0xE0, 0x7F, 0xF8, 0x70, 0x3C, 0x00, 0x1E, 0x00, 0x0E, 0x00, 0x0E, 0x00,
  0x0E, 0x00, 0x1C, 0x00, 0x38, 0x1F, 0xF0, 0x1F, 0xF0, 0x00, 0x3C, 0x00,
  0x0E, 0x00, 0x07, 0x00, 0x07, 0x00, 0x07, 0x00, 0x07, 0x00, 0x07, 0x00,
  0x0E, 0xE0, 0x3C, 0xFF, 0xF8, 0x3F, 0xE0, 0xE0, 0x03, 0xF8, 0x00, 0xFE,
  0x00, 0x7F, 0x80, 0x3F, 0xE0, 0x0D, 0xF8, 0x07, 0x7E, 0x01, 0x9F, 0x80,
  0xC7, 0xE0, 0x71, 0xF8, 0x18, 0x7E, 0x0E, 0x1F, 0x87, 0x07, 0xE1, 0x81,
  0xF8, 0xE0, 0x7E, 0x30, 0x1F, 0x98, 0x07, 0xEE, 0x01, 0xFB, 0x00, 0x7F,
  0x80, 0x1F, 0xE0, 0x07, 0xF0, 0x01, 0xFC, 0x00, 0x70, 0x0E, 0x1C, 0x01,
  0x86, 0x00, 0x7F, 0x80, 0x07, 0xC0, 0x00, 0x00, 0x00, 0x00, 0x0E, 0x00,
  0x3F, 0x80, 0x0F, 0xE0, 0x07, 0xF8, 0x03, 0xFE, 0x00, 0xDF, 0x80, 0x77,
  0xE0, 0x19, 0xF8, 0x0C, 0x7E, 0x07, 0x1F, 0x81, 0x87, 0xE0, 0xE1, 0xF8,
  0x70, 0x7E, 0x18, 0x1F, 0x8E, 0x07, 0xE3, 0x01, 0xF9, 0x80, 0x7E, 0xE0,
  0x1F, 0xB0, 0x07, 0xF8, 0x01, 0xFE, 0x00, 0x7F, 0x00, 0x1F, 0xC0, 0x07,
  0xE0, 0x0E, 0xE0, 0x1C, 0xE0, 0x38, 0xE0, 0x38, 0xE0, 0x70, 0xE0, 0xE0,
  0xE1, 0xE0, 0xE1, 0xC0, 0xE3, 0x80, 0xFF, 0x00, 0xFF, 0x00, 0xE3, 0x80,
  0xE3, 0xC0, 0xE1, 0xC0, 0xE0, 0xE0, 0xE0, 0xF0, 0xE0, 0x70, 0xE0, 0x38,
  0xE0, 0x3C, 0xE0, 0x1C, 0xE0, 0x0E, 0xE0, 0x0F, 0x07, 0xFF, 0xE0, 0xFF,
  0xFC, 0x1C, 0x03, 0x83, 0x80, 0x70, 0x70, 0x0E, 0x0E, 0x01, 0xC1, 0xC0,
  0x38, 0x38, 0x07, 0x07, 0x00, 0xE0, 0xE0, 0x1C, 0x1C, 0x03, 0x83, 0x80,
  0x70, 0x70, 0x0E, 0x0E, 0x01, 0xC1, 0xC0, 0x38, 0x38, 0x07, 0x06, 0x00,
  0xE0, 0xC0, 0x1C, 0x38, 0x03, 0x8F, 0x00, 0x7F, 0xC0, 0x0F, 0xF0, 0x01,
  0xC0, 0xF8, 0x00, 0x7F, 0xE0, 0x01, 0xFF, 0x80, 0x07, 0xFF, 0x00, 0x3F,
  0xEC, 0x00, 0xDF, 0xB8, 0x03, 0x7E, 0xE0, 0x1D, 0xF9, 0x80, 0x67, 0xE7,
  0x01, 0x9F, 0x9C, 0x0E, 0x7E, 0x30, 0x31, 0xF8, 0xE1, 0xC7, 0xE1, 0x86,
  0x1F, 0x86, 0x18, 0x7E, 0x1C, 0xE1, 0xF8, 0x33, 0x07, 0xE0, 0xCC, 0x1F,
  0x83, 0xF0, 0x7E, 0x07, 0x81, 0xF8, 0x1E, 0x07, 0xE0, 0x78, 0x1F, 0x80,
  0xC0, 0x70, 0xE0, 0x03, 0xF0, 0x01, 0xF8, 0x00, 0xFC, 0x00, 0x7E, 0x00,
  0x3F, 0x00, 0x1F, 0x80, 0x0F, 0xC0, 0x07, 0xE0, 0x03, 0xFF, 0xFF, 0xFF,
  0xFF, 0xFC, 0x00, 0x7E, 0x00, 0x3F, 0x00, 0x1F, 0x80, 0x0F, 0xC0, 0x07,
  0xE0, 0x03, 0xF0, 0x01, 0xF8, 0x00, 0xFC, 0x00, 0x7E, 0x00, 0x3F, 0x00,
  0x1C, 0x03, 0xFC, 0x00, 0xFF, 0xF0, 0x1E, 0x07, 0x83, 0xC0, 0x3C, 0x38,
  0x01, 0xE7, 0x00, 0x0E, 0x70, 0x00, 0xEE, 0x00, 0x07, 0xE0, 0x00, 0x7E,
  0x00, 0x07, 0xE0, 0x00, 0x7E, 0x00, 0x07, 0xE0, 0x00, 0x7E, 0x00, 0x07,
  0xE0, 0x00, 0x77, 0x00, 0x0E, 0x70, 0x00, 0xE3, 0x80, 0x1C, 0x3C, 0x03,
  0xC1, 0xE0, 0x78, 0x0F, 0xFF, 0x00, 0x3F, 0x80, 0xFF, 0xFF, 0xFF, 0xFF,
  0xF8, 0x00, 0xFC, 0x00, 0x7E, 0x00, 0x3F, 0x00, 0x1F, 0x80, 0x0F, 0xC0,
  0x07, 0xE0, 0x03, 0xF0, 0x01, 0xF8, 0x00, 0xFC, 0x00, 0x7E, 0x00, 0x3F,
  0x00, 0x1F, 0x80, 0x0F, 0xC0, 0x07, 0xE0, 0x03, 0xF0, 0x01, 0xF8, 0x00,
  0xFC, 0x00, 0x7E, 0x00, 0x3F, 0x00, 0x1C, 0xFF, 0xC3, 0xFF, 0xCE, 0x07,
  0xB8, 0x0E, 0xE0, 0x1F, 0x80, 0x7E, 0x01, 0xF8, 0x07, 0xE0, 0x1F, 0x80,
  0xEE, 0x0F, 0xBF, 0xFC, 0xFF, 0x83, 0x80, 0x0E, 0x00, 0x38, 0x00, 0xE0,
  0x03, 0x80, 0x0E, 0x00, 0x38, 0x00, 0xE0, 0x03, 0x80, 0x00, 0x01, 0xFE,
  0x03, 0xFF, 0xC7, 0xC0, 0xC7, 0x80, 0x03, 0x80, 0x03, 0x80, 0x01, 0xC0,
  0x01, 0xC0, 0x00, 0xE0, 0x00, 0x70, 0x00, 0x38, 0x00, 0x1C, 0x00, 0x0E,
  0x00, 0x07, 0x00, 0x03, 0x80, 0x00, 0xE0, 0x00, 0x70, 0x00, 0x3C, 0x00,
  0x0F, 0x00, 0x03, 0xE0, 0x30, 0xFF, 0xF8, 0x0F, 0xF0, 0xFF, 0xFF, 0xFF,
  0xFF, 0xC0, 0x70, 0x00, 0x38, 0x00, 0x1C, 0x00, 0x0E, 0x00, 0x07, 0x00,
  0x03, 0x80, 0x01, 0xC0, 0x00, 0xE0, 0x00, 0x70, 0x00, 0x38, 0x00, 0x1C,
  0x00, 0x0E, 0x00, 0x07, 0x00, 0x03, 0x80, 0x01, 0xC0, 0x00, 0xE0, 0x00,
  0x70, 0x00, 0x38, 0x00, 0x1C, 0x00, 0x0E, 0x00, 0xE0, 0x01, 0xDC, 0x00,
  0x39, 0xC0, 0x0E, 0x38, 0x01, 0xC3, 0x80, 0x38, 0x70, 0x0E, 0x07, 0x01,
  0xC0, 0xE0, 0x70, 0x0E, 0x0E, 0x01, 0xC3, 0x80, 0x1C, 0x70, 0x03, 0x8C,
  0x00, 0x3B, 0x80, 0x07, 0x60, 0x00, 0x7C, 0x00, 0x0F, 0x80, 0x00, 0xE0,
  0x00, 0x1C, 0x00, 0x07, 0x00, 0x01, 0xC0, 0x03, 0xF0, 0x00, 0x7C, 0x00,
  0x00, 0x00, 0x38, 0x00, 0x00, 0x70, 0x00, 0x0F, 0xFE, 0x00, 0x7F, 0xFF,
  0x03, 0xE3, 0x8F, 0x8F, 0x07, 0x07, 0x9C, 0x0E, 0x07, 0x70, 0x1C, 0x07,
  0xE0, 0x38, 0x0F, 0xC0, 0x70, 0x1F, 0x80, 0xE0, 0x3F, 0x01, 0xC0, 0x7E,
  0x03, 0x80, 0xFE, 0x07, 0x03, 0xDC, 0x0E, 0x07, 0x3C, 0x1C, 0x1E, 0x3E,
  0x38, 0xF8, 0x1F, 0xFF, 0xC0, 0x0F, 0xFE, 0x00, 0x01, 0xC0, 0x00, 0x03,
  0x80, 0x00, 0x07, 0x00, 0x00, 0x70, 0x03, 0x9C, 0x00, 0xE3, 0x80, 0x70,
  0x70, 0x38, 0x1C, 0x0E, 0x03, 0x87, 0x00, 0x73, 0x80, 0x1C, 0xE0, 0x03,
  0xF0, 0x00, 0x78, 0x00, 0x1E, 0x00, 0x07, 0x80, 0x03, 0xF0, 0x01, 0xCE,
  0x00, 0x73, 0x80, 0x38, 0x70, 0x1C, 0x1E, 0x07, 0x03, 0x83, 0x80, 0x71,
  0xC0, 0x1E, 0x70, 0x03, 0xB8, 0x00, 0x70, 0xE0, 0x03, 0x8E, 0x00, 0x38,
  0xE0, 0x03, 0x8E, 0x00, 0x38, 0xE0, 0x03, 0x8E, 0x00, 0x38, 0xE0, 0x03,
  0x8E, 0x00, 0x38, 0xE0, 0x03, 0x8E, 0x00, 0x38, 0xE0, 0x03, 0x8E, 0x00,
  0x38, 0xE0, 0x03, 0x8E, 0x00, 0x38, 0xE0, 0x03, 0x8E, 0x00, 0x38, 0xE0,
  0x03, 0x8E, 0x00, 0x38, 0xE0, 0x03, 0x8E, 0x00, 0x38, 0xFF, 0xFF, 0xFF,
  0xFF, 0xFF, 0x00, 0x00, 0x70, 0x00, 0x07, 0x00, 0x00, 0x70, 0x00, 0x07,
  0x00, 0x00, 0x70, 0xE0, 0x07, 0xE0, 0x07, 0xE0, 0x07, 0xE0, 0x07, 0xE0,
  0x07, 0xE0, 0x07, 0xE0, 0x07, 0xE0, 0x07, 0xE0, 0x07, 0xF0, 0x07, 0x78,
  0x1F, 0x3F, 0xFF, 0x0F, 0xF7, 0x00, 0x07, 0x00, 0x07, 0x00, 0x07, 0x00,
  0x07, 0x00, 0x07, 0x00, 0x07, 0x00, 0x07, 0x00, 0x07, 0x00, 0x07, 0xE0,
  0x0E, 0x00, 0xFC, 0x01, 0xC0, 0x1F, 0x80, 0x38, 0x03, 0xF0, 0x07, 0x00,
  0x7E, 0x00, 0xE0, 0x0F, 0xC0, 0x1C, 0x01, 0xF8, 0x03, 0x80, 0x3F, 0x00,
  0x70, 0x07, 0xE0, 0x0E, 0x00, 0xFC, 0x01, 0xC0, 0x1F, 0x80, 0x38, 0x03,
  0xF0, 0x07, 0x00, 0x7E, 0x00, 0xE0, 0x0F, 0xC0, 0x1C, 0x01, 0xF8, 0x03,
  0x80, 0x3F, 0x00, 0x70, 0x07, 0xE0, 0x0E, 0x00, 0xFC, 0x01, 0xC0, 0x1F,
  0x80, 0x38, 0x03, 0xF0, 0x07, 0x00, 0x7F, 0xFF, 0xFF, 0xFF, 0xFF, 0xFF,
  0xFF, 0xC0, 0xE0, 0x1C, 0x01, 0xC7, 0x00, 0xE0, 0x0E, 0x38, 0x07, 0x00,
  0x71, 0xC0, 0x38, 0x03, 0x8E, 0x01, 0xC0, 0x1C, 0x70, 0x0E, 0x00, 0xE3,
  0x80, 0x70, 0x07, 0x1C, 0x03, 0x80, 0x38, 0xE0, 0x1C, 0x01, 0xC7, 0x00,
  0xE0, 0x0E, 0x38, 0x07, 0x00, 0x71, 0xC0, 0x38, 0x03, 0x8E, 0x01, 0xC0,
  0x1C, 0x70, 0x0E, 0x00, 0xE3, 0x80, 0x70, 0x07, 0x1C, 0x03, 0x80, 0x38,
  0xE0, 0x1C, 0x01, 0xC7, 0x00, 0xE0, 0x0E, 0x38, 0x07, 0x00, 0x71, 0xC0,
  0x38, 0x03, 0x8F, 0xFF, 0xFF, 0xFF, 0xFF, 0xFF, 0xFF, 0xFC, 0x00, 0x00,
  0x00, 0xE0, 0x00, 0x00, 0x07, 0x00, 0x00, 0x00, 0x38, 0x00, 0x00, 0x01,
  0xC0, 0x00, 0x00, 0x0E, 0xFF, 0x00, 0x1F, 0xE0, 0x00, 0x1C, 0x00, 0x03,
  0x80, 0x00, 0x70, 0x00, 0x0E, 0x00, 0x01, 0xC0, 0x00, 0x38, 0x00, 0x07,
  0x00, 0x00, 0xFF, 0xC0, 0x1F, 0xFE, 0x03, 0x81, 0xE0, 0x70, 0x1C, 0x0E,
  0x01, 0xC1, 0xC0, 0x38, 0x38, 0x07, 0x07, 0x00, 0xE0, 0xE0, 0x1C, 0x1C,
  0x07, 0x03, 0x81, 0xE0, 0x7F, 0xF8, 0x0F, 0xFC, 0x00, 0xE0, 0x00, 0x3F,
  0x00, 0x01, 0xF8, 0x00, 0x0F, 0xC0, 0x00, 0x7E, 0x00, 0x03, 0xF0, 0x00,
  0x1F, 0x80, 0x00, 0xFC, 0x00, 0x07, 0xE0, 0x00, 0x3F, 0xFE, 0x01, 0xFF,
  0xFC, 0x0F, 0xC0, 0xF0, 0x7E, 0x03, 0x83, 0xF0, 0x0E, 0x1F, 0x80, 0x70,
  0xFC, 0x03, 0x87, 0xE0, 0x1C, 0x3F, 0x00, 0xE1, 0xF8, 0x0E, 0x0F, 0xC0,
  0xF0, 0x7F, 0xFF, 0x03, 0xFF, 0xE0, 0x1C, 0xE0, 0x03, 0x80, 0x0E, 0x00,
  0x38, 0x00, 0xE0, 0x03, 0x80, 0x0E, 0x00, 0x38, 0x00, 0xE0, 0x03, 0xFF,
  0x0F, 0xFF, 0x38, 0x1E, 0xE0, 0x3B, 0x80, 0x7E, 0x01, 0xF8, 0x07, 0xE0,
  0x1F, 0x80, 0x7E, 0x03, 0xB8, 0x1E, 0xFF, 0xF3, 0xFF, 0x00, 0x3F, 0xC0,
  0x7F, 0xF8, 0x38, 0x1F, 0x00, 0x03, 0xC0, 0x00, 0xE0, 0x00, 0x38, 0x00,
  0x1C, 0x00, 0x07, 0x00, 0x03, 0x8F, 0xFF, 0xC7, 0xFF, 0xE0, 0x00, 0x70,
  0x00, 0x38, 0x00, 0x1C, 0x00, 0x0E, 0x00, 0x0E, 0x00, 0x07, 0x00, 0x07,
  0x00, 0x07, 0x98, 0x0F, 0x8F, 0xFF, 0x03, 0xFE, 0x00, 0xE0, 0x07, 0xF0,
  0x38, 0x07, 0xFF, 0x0E, 0x03, 0xC1, 0xE3, 0x81, 0xC0, 0x1C, 0xE0, 0xE0,
  0x07, 0xB8, 0x38, 0x00, 0xEE, 0x1E, 0x00, 0x3B, 0x87, 0x00, 0x07, 0xE1,
  0xC0, 0x01, 0xFF, 0xF0, 0x00, 0x7F, 0xFC, 0x00, 0x1F, 0x87, 0x00, 0x07,
  0xE1, 0xC0, 0x01, 0xF8, 0x70, 0x00, 0x7E, 0x1C, 0x00, 0x1F, 0x83, 0x80,
  0x0E, 0xE0, 0xE0, 0x03, 0xB8, 0x3C, 0x01, 0xEE, 0x07, 0x00, 0x73, 0x80,
  0xF0, 0x78, 0xE0, 0x1F, 0xFC, 0x38, 0x01, 0xFC, 0x00, 0x07, 0xFF, 0x1F,
  0xFF, 0x3C, 0x07, 0x38, 0x07, 0x70, 0x07, 0x70, 0x07, 0x70, 0x07, 0x70,
  0x07, 0x70, 0x07, 0x38, 0x07, 0x3E, 0x07, 0x0F, 0xFF, 0x03, 0xFF, 0x07,
  0x87, 0x07, 0x07, 0x0E, 0x07, 0x1E, 0x07, 0x1C, 0x07, 0x38, 0x07, 0x78,
  0x07, 0x70, 0x07, 0xE0, 0x07, 0x1F, 0xE1, 0xFF, 0xC3, 0x07, 0x80, 0x0F,
  0x00, 0x1C, 0x00, 0x70, 0x01, 0xC3, 0xFF, 0x3F, 0xFD, 0xE0, 0x7F, 0x01,
  0xF8, 0x07, 0xE0, 0x1F, 0x80, 0xFF, 0x07, 0xDF, 0xF7, 0x1F, 0x0C, 0x00,
  0x06, 0x01, 0xFE, 0x07, 0xFE, 0x1F, 0x80, 0x3C, 0x00, 0x38, 0x00, 0x70,
  0x00, 0x60, 0x00, 0x63, 0xF0, 0xEF, 0xF8, 0xFC, 0x3C, 0xF0, 0x0E, 0xF0,
  0x0E, 0xE0, 0x07, 0xE0, 0x07, 0xE0, 0x07, 0xE0, 0x07, 0xE0, 0x07, 0xE0,
  0x07, 0x60, 0x07, 0x70, 0x0E, 0x78, 0x1E, 0x3C, 0x3C, 0x1F, 0xF8, 0x07,
  0xE0, 0xFF, 0xC3, 0xFF, 0xCE, 0x07, 0xB8, 0x0E, 0xE0, 0x3B, 0x80, 0xEE,
  0x07, 0x3F, 0xF8, 0xFF, 0xF3, 0x81, 0xEE, 0x01, 0xF8, 0x07, 0xE0, 0x1F,
  0x80, 0x7E, 0x03, 0xBF, 0xFC, 0xFF, 0xE0, 0xFF, 0xFF, 0xFF, 0x80, 0x70,
  0x0E, 0x01, 0xC0, 0x38, 0x07, 0x00, 0xE0, 0x1C, 0x03, 0x80, 0x70, 0x0E,
  0x01, 0xC0, 0x38, 0x07, 0x00, 0xE0, 0x00, 0x0F, 0xFF, 0x01, 0xFF, 0xE0,
  0x38, 0x1C, 0x07, 0x03, 0x80, 0xE0, 0x70, 0x1C, 0x0E, 0x03, 0x81, 0xC0,
  0x70, 0x38, 0x0E, 0x07, 0x01, 0xC0, 0xE0, 0x30, 0x1C, 0x0E, 0x03, 0x81,
  0xC0, 0x70, 0x30, 0x0E, 0x0E, 0x01, 0xC7, 0xFF, 0xFF, 0xFF, 0xFF, 0xFC,
  0x00, 0x1F, 0x80, 0x03, 0xF0, 0x00, 0x7E, 0x00, 0x0E, 0x0F, 0xC0, 0x7F,
  0xC3, 0x87, 0x9C, 0x0E, 0x70, 0x1F, 0x80, 0x7E, 0x01, 0xFF, 0xFF, 0xFF,
  0xFF, 0x80, 0x0E, 0x00, 0x38, 0x00, 0x70, 0x01, 0xC0, 0x03, 0xC1, 0x87,
  0xFE, 0x07, 0xF0, 0xE0, 0x38, 0x1C, 0xE0, 0x70, 0x38, 0xE0, 0xE0, 0xE1,
  0xC1, 0xC3, 0x81, 0xC3, 0x86, 0x01, 0xC7, 0x1C, 0x01, 0x8E, 0x70, 0x03,
  0xFF, 0xC0, 0x07, 0xFF, 0xC0, 0x1C, 0x73, 0x80, 0x38, 0xE3, 0x80, 0xE1,
  0xC7, 0x03, 0xC3, 0x87, 0x07, 0x07, 0x07, 0x1C, 0x0E, 0x0E, 0x78, 0x1C,
  0x0E, 0xE0, 0x38, 0x0E, 0x3F, 0xC3, 0xFF, 0x98, 0x1E, 0x00, 0x70, 0x03,
  0x80, 0x1C, 0x01, 0xC3, 0xFC, 0x1F, 0xE0, 0x07, 0x80, 0x0E, 0x00, 0x70,
  0x03, 0x80, 0x1F, 0x01, 0xDF, 0xFC, 0x3F, 0xC0, 0xE0, 0x3F, 0x80, 0xFE,
  0x07, 0xF8, 0x3F, 0xE0, 0xDF, 0x87, 0x7E, 0x19, 0xF8, 0xE7, 0xE3, 0x1F,
  0x9C, 0x7E, 0x61, 0xFB, 0x87, 0xEC, 0x1F, 0xF0, 0x7F, 0x81, 0xFE, 0x07,
  0xF0, 0x1C, 0x18, 0x60, 0x73, 0x81, 0xFE, 0x01, 0xE0, 0x00, 0x00, 0x00,
  0x0E, 0x03, 0xF8, 0x0F, 0xE0, 0x7F, 0x83, 0xFE, 0x0D, 0xF8, 0x77, 0xE1,
  0x9F, 0x8E, 0x7E, 0x31, 0xF9, 0xC7, 0xE6, 0x1F, 0xB8, 0x7E, 0xC1, 0xFF,
  0x07, 0xF8, 0x1F, 0xE0, 0x7F, 0x01, 0xC0, 0xE0, 0x3B, 0x81, 0xCE, 0x06,
  0x38, 0x38, 0xE1, 0xC3, 0x86, 0x0E, 0x38, 0x3F, 0xC0, 0xFF, 0x03, 0x8E,
  0x0E, 0x38, 0x38, 0x70, 0xE0, 0xE3, 0x83, 0x8E, 0x07, 0x38, 0x0E, 0xE0,
  0x38, 0x0F, 0xFF, 0x0F, 0xFF, 0x0E, 0x07, 0x0E, 0x07, 0x0E, 0x07, 0x0E,
  0x07, 0x0E, 0x07, 0x0E, 0x07, 0x0E, 0x07, 0x0E, 0x07, 0x0E, 0x07, 0x0E,
  0x07, 0x0E, 0x07, 0x1C, 0x07, 0x1C, 0x07, 0xFC, 0x07, 0xF0, 0x07, 0xF0,
  0x01, 0xFF, 0x00, 0x7F, 0xE0, 0x0F, 0xFE, 0x01, 0xFF, 0xC0, 0x7F, 0xD8,
  0x0D, 0xFB, 0x83, 0xBF, 0x30, 0x67, 0xE6, 0x0C, 0xFC, 0xE3, 0x9F, 0x8C,
  0x63, 0xF1, 0xDC, 0x7E, 0x1B, 0x0F, 0xC3, 0x61, 0xF8, 0x7C, 0x3F, 0x07,
  0x07, 0xE0, 0xE0, 0xE0, 0xE0, 0x1F, 0x80, 0x7E, 0x01, 0xF8, 0x07, 0xE0,
  0x1F, 0x80, 0x7E, 0x01, 0xFF, 0xFF, 0xFF, 0xFF, 0x80, 0x7E, 0x01, 0xF8,
  0x07, 0xE0, 0x1F, 0x80, 0x7E, 0x01, 0xF8, 0x07, 0xE0, 0x1C, 0x07, 0xE0,
  0x1F, 0xF8, 0x3C, 0x3C, 0x70, 0x0E, 0x70, 0x0E, 0xE0, 0x07, 0xE0, 0x07,
  0xE0, 0x07, 0xE0, 0x07, 0xE0, 0x07, 0xE0, 0x07, 0xE0, 0x07, 0x70, 0x0E,
  0x70, 0x0E, 0x3C, 0x3C, 0x1F, 0xF8, 0x07, 0xE0, 0xFF, 0xFF, 0xFF, 0xFE,
  0x01, 0xF8, 0x07, 0xE0, 0x1F, 0x80, 0x7E, 0x01, 0xF8, 0x07, 0xE0, 0x1F,
  0x80, 0x7E, 0x01, 0xF8, 0x07, 0xE0, 0x1F, 0x80, 0x7E, 0x01, 0xF8, 0x07,
  0xE0, 0x1C, 0xE7, 0xE1, 0xDF, 0xF3, 0xE0, 0xE7, 0x80, 0xEE, 0x01, 0xDC,
  0x01, 0xF8, 0x03, 0xF0, 0x07, 0xE0, 0x0F, 0xC0, 0x1F, 0x80, 0x3F, 0x00,
  0x7F, 0x01, 0xDE, 0x03, 0xBE, 0x0E, 0x77, 0xFC, 0xE7, 0xE1, 0xC0, 0x03,
  0x80, 0x07, 0x00, 0x0E, 0x00, 0x1C, 0x00, 0x38, 0x00, 0x70, 0x00, 0x07,
  0xF0, 0xFF, 0xCF, 0x04, 0xF0, 0x07, 0x00, 0x70, 0x03, 0x80, 0x1C, 0x00,
  0xE0, 0x07, 0x00, 0x38, 0x01, 0xC0, 0x07, 0x00, 0x38, 0x00, 0xF0, 0x23,
  0xFF, 0x07, 0xF0, 0xFF, 0xFF, 0xFF, 0xF0, 0x70, 0x01, 0xC0, 0x07, 0x00,
  0x1C, 0x00, 0x70, 0x01, 0xC0, 0x07, 0x00, 0x1C, 0x00, 0x70, 0x01, 0xC0,
  0x07, 0x00, 0x1C, 0x00, 0x70, 0x01, 0xC0, 0x07, 0x00, 0xE0, 0x07, 0xE0,
  0x0E, 0x70, 0x0E, 0x70, 0x1C, 0x70, 0x1C, 0x38, 0x1C, 0x38, 0x38, 0x18,
  0x38, 0x1C, 0x30, 0x1C, 0x70, 0x0E, 0x70, 0x0E, 0x60, 0x06, 0xE0, 0x07,
  0xC0, 0x07, 0xC0, 0x03, 0xC0, 0x03, 0x80, 0x03, 0x80, 0x03, 0x80, 0x03,
  0x00, 0x07, 0x00, 0x0E, 0x00, 0xFC, 0x00, 0xF8, 0x00, 0x00, 0x70, 0x00,
  0x07, 0x00, 0x00, 0x70, 0x00, 0x07, 0x00, 0x00, 0x70, 0x00, 0x07, 0x00,
  0x00, 0x70, 0x00, 0x3F, 0xC0, 0x0F, 0xFF, 0x03, 0xC7, 0x7C, 0x78, 0x71,
  0xE7, 0x07, 0x0E, 0xE0, 0x70, 0xFE, 0x07, 0x07, 0xE0, 0x70, 0x7E, 0x07,
  0x07, 0xE0, 0x70, 0x7E, 0x07, 0x07, 0xE0, 0x70, 0xF7, 0x07, 0x0E, 0x78,
  0x71, 0xE3, 0xE7, 0x7C, 0x0F, 0xFF, 0x80, 0x3F, 0xC0, 0x00, 0x70, 0x00,
  0x07, 0x00, 0x00, 0x70, 0x00, 0x07, 0x00, 0x00, 0x70, 0x00, 0x07, 0x00,
  0x00, 0x70, 0x00, 0x70, 0x0E, 0x38, 0x1C, 0x38, 0x1C, 0x1C, 0x38, 0x0E,
  0x70, 0x0E, 0x70, 0x07, 0xE0, 0x03, 0xC0, 0x03, 0xC0, 0x07, 0xE0, 0x07,
  0xE0, 0x0E, 0x70, 0x1C, 0x38, 0x1C, 0x38, 0x38, 0x1C, 0x70, 0x0E, 0x70,
  0x0F, 0xE0, 0x1C, 0xE0, 0x1C, 0xE0, 0x1C, 0xE0, 0x1C, 0xE0, 0x1C, 0xE0,
  0x1C, 0xE0, 0x1C, 0xE0, 0x1C, 0xE0, 0x1C, 0xE0, 0x1C, 0xE0, 0x1C, 0xE0,
  0x1C, 0xE0, 0x1C, 0xE0, 0x1C, 0xE0, 0x1C, 0xFF, 0xFF, 0xFF, 0xFF, 0x00,
  0x07, 0x00, 0x07, 0x00, 0x07, 0x00, 0x07, 0xE0, 0x1F, 0x80, 0x7E, 0x01,
  0xF8, 0x07, 0xE0, 0x1F, 0x80, 0x7E, 0x01, 0xF8, 0x07, 0x70, 0x3D, 0xFF,
  0xF1, 0xFD, 0xC0, 0x07, 0x00, 0x1C, 0x00, 0x70, 0x01, 0xC0, 0x07, 0x00,
  0x1C, 0xE0, 0x38, 0x0F, 0xC0, 0x70, 0x1F, 0x80, 0xE0, 0x3F, 0x01, 0xC0,
  0x7E, 0x03, 0x80, 0xFC, 0x07, 0x01, 0xF8, 0x0E, 0x03, 0xF0, 0x1C, 0x07,
  0xE0, 0x38, 0x0F, 0xC0, 0x70, 0x1F, 0x80, 0xE0, 0x3F, 0x01, 0xC0, 0x7E,
  0x03, 0x80, 0xFC, 0x07, 0x01, 0xF8, 0x0E, 0x03, 0xFF, 0xFF, 0xFF, 0xFF,
  0xFF, 0xFE, 0xE0, 0x38, 0x0E, 0x70, 0x1C, 0x07, 0x38, 0x0E, 0x03, 0x9C,
  0x07, 0x01, 0xCE, 0x03, 0x80, 0xE7, 0x01, 0xC0, 0x73, 0x80, 0xE0, 0x39,
  0xC0, 0x70, 0x1C, 0xE0, 0x38, 0x0E, 0x70, 0x1C, 0x07, 0x38, 0x0E, 0x03,
  0x9C, 0x07, 0x01, 0xCE, 0x03, 0x80, 0xE7, 0x01, 0xC0, 0x73, 0x80, 0xE0,
  0x39, 0xFF, 0xFF, 0xFF, 0xFF, 0xFF, 0xFF, 0x80, 0x00, 0x01, 0xC0, 0x00,
  0x00, 0xE0, 0x00, 0x00, 0x70, 0x00, 0x00, 0x38, 0xFF, 0x00, 0x3F, 0xC0,
  0x00, 0x70, 0x00, 0x1C, 0x00, 0x07, 0x00, 0x01, 0xC0, 0x00, 0x70, 0x00,
  0x1F, 0xF8, 0x07, 0xFF, 0x81, 0xC0, 0xE0, 0x70, 0x1C, 0x1C, 0x07, 0x07,
  0x01, 0xC1, 0xC0, 0x70, 0x70, 0x38, 0x1F, 0xFC, 0x07, 0xFE, 0x00, 0xE0,
  0x00, 0xFC, 0x00, 0x1F, 0x80, 0x03, 0xF0, 0x00, 0x7E, 0x00, 0x0F, 0xC0,
  0x01, 0xF8, 0x00, 0x3F, 0xFE, 0x07, 0xFF, 0xF0, 0xFC, 0x0E, 0x1F, 0x80,
  0xE3, 0xF0, 0x1C, 0x7E, 0x03, 0x8F, 0xC0, 0x71, 0xF8, 0x1C, 0x3F, 0xFF,
  0x07, 0xFF, 0x80, 0xE0, 0xE0, 0x07, 0x00, 0x38, 0x01, 0xC0, 0x0E, 0x00,
  0x70, 0x03, 0x80, 0x1F, 0xF8, 0xFF, 0xF7, 0x03, 0xB8, 0x0F, 0xC0, 0x7E,
  0x03, 0xF0, 0x1F, 0x81, 0xDF, 0xFC, 0xFF, 0xC0, 0x7F, 0x07, 0xFE, 0x10,
  0x78, 0x01, 0xE0, 0x07, 0x00, 0x1C, 0x00, 0xE7, 0xFF, 0x3F, 0xF8, 0x01,
  0xC0, 0x0E, 0x00, 0x70, 0x07, 0x00, 0x7A, 0x07, 0x9F, 0xF8, 0x7F, 0x00,
  0xE0, 0x3F, 0x07, 0x03, 0xFE, 0x38, 0x38, 0x39, 0xC3, 0x80, 0xEE, 0x1C,
  0x07, 0x71, 0xC0, 0x1F, 0x8E, 0x00, 0xFF, 0xF0, 0x07, 0xFF, 0x80, 0x3F,
  0x1C, 0x01, 0xF8, 0xE0, 0x0F, 0xC7, 0x00, 0x7E, 0x1C, 0x07, 0x70, 0xE0,
  0x3B, 0x83, 0x83, 0x9C, 0x0F, 0xF8, 0xE0, 0x1F, 0x00, 0x0F, 0xFE, 0x7F,
  0xFC, 0xE0, 0x3B, 0x80, 0x77, 0x00, 0xEE, 0x01, 0xDC, 0x03, 0x9C, 0x07,
  0x1F, 0xFE, 0x1F, 0xFC, 0x1C, 0x38, 0x70, 0x71, 0xC0, 0xE3, 0x81, 0xCE,
  0x03, 0xB8, 0x07, 0x70, 0x0E, 0x0E, 0x00, 0x18, 0x00, 0x70, 0x00, 0xE0,
  0x01, 0x80, 0x00, 0x00, 0x00, 0x03, 0xF0, 0x1F, 0xF0, 0xE1, 0xE7, 0x03,
  0x9C, 0x07, 0xE0, 0x1F, 0x80, 0x7F, 0xFF, 0xFF, 0xFF, 0xE0, 0x03, 0x80,
  0x0E, 0x00, 0x1C, 0x00, 0x70, 0x00, 0xF0, 0x61, 0xFF, 0x81, 0xFC, 0x1C,
  0x70, 0x71, 0xC1, 0xC7, 0x00, 0x00, 0x00, 0x00, 0x3F, 0x01, 0xFF, 0x0E,
  0x1E, 0x70, 0x39, 0xC0, 0x7E, 0x01, 0xF8, 0x07, 0xFF, 0xFF, 0xFF, 0xFE,
  0x00, 0x38, 0x00, 0xE0, 0x01, 0xC0, 0x07, 0x00, 0x0F, 0x06, 0x1F, 0xF8,
  0x1F, 0xC0, 0x38, 0x00, 0x1C, 0x00, 0x3F, 0xF8, 0x1F, 0xFC, 0x03, 0x80,
  0x01, 0xC0, 0x00, 0xE7, 0xF0, 0x77, 0xFC, 0x3E, 0x0F, 0x1E, 0x03, 0xCF,
  0x00, 0xE7, 0x00, 0x73, 0x80, 0x39, 0xC0, 0x1C, 0xE0, 0x0E, 0x70, 0x07,
  0x38, 0x03, 0x9C, 0x01, 0xCE, 0x00, 0xE7, 0x00, 0x73, 0x80, 0x39, 0xC0,
  0x1C, 0xE0, 0x0E, 0x00, 0x07, 0x00, 0x03, 0x80, 0x01, 0xC0, 0x00, 0xE0,
  0x00, 0xE0, 0x07, 0xF0, 0x03, 0xE0, 0x03, 0xC0, 0x70, 0x1C, 0x07, 0x00,
  0xC0, 0x00, 0x00, 0x07, 0xFF, 0xFF, 0xFC, 0x03, 0x80, 0x70, 0x0E, 0x01,
  0xC0, 0x38, 0x07, 0x00, 0xE0, 0x1C, 0x03, 0x80, 0x70, 0x0E, 0x01, 0xC0,
  0x38, 0x07, 0x00, 0x07, 0xF0, 0xFF, 0xCF, 0x04, 0xF0, 0x07, 0x00, 0x70,
  0x03, 0x80, 0x1F, 0xFC, 0xFF, 0xE7, 0x00, 0x38, 0x01, 0xC0, 0x07, 0x00,
  0x38, 0x00, 0xF0, 0x23, 0xFF, 0x07, 0xF0, 0x1F, 0xC7, 0xFE, 0xF0, 0x6E,
  0x00, 0xE0, 0x0F, 0x00, 0xFC, 0x07, 0xF0, 0x1F, 0xC0, 0x7E, 0x01, 0xF0,
  0x07, 0x00, 0x70, 0x07, 0xC0, 0xEF, 0xFE, 0x7F, 0x80, 0xFF, 0x81, 0xFF,
  0xFF, 0xFF, 0xFF, 0xFF, 0xFF, 0xC0, 0xEF, 0xDF, 0xB8, 0x00, 0x07, 0x0E,
  0x1C, 0x38, 0x70, 0xE1, 0xC3, 0x87, 0x0E, 0x1C, 0x38, 0x70, 0xE1, 0xC3,
  0x87, 0x00, 0x07, 0x07, 0x07, 0x00, 0x00, 0x07, 0x07, 0x07, 0x07, 0x07,
  0x07, 0x07, 0x07, 0x07, 0x07, 0x07, 0x07, 0x07, 0x07, 0x07, 0x07, 0x07,
  0x07, 0x07, 0x07, 0x07, 0x0F, 0xFE, 0xFC, 0x0F, 0xFE, 0x00, 0x07, 0xFF,
  0x00, 0x03, 0x83, 0x80, 0x01, 0xC1, 0xC0, 0x00, 0xE0, 0xE0, 0x00, 0x70,
  0x70, 0x00, 0x38, 0x3F, 0xF0, 0x1C, 0x1F, 0xFC, 0x0E, 0x0E, 0x07, 0x07,
  0x07, 0x01, 0xC3, 0x83, 0x80, 0xE1, 0xC1, 0xC0, 0x70, 0xE0, 0xE0, 0x38,
  0xE0, 0x70, 0x3C, 0x70, 0x38, 0x3D, 0xF0, 0x1F, 0xFC, 0xF0, 0x0F, 0xFC,
  0x00, 0xE0, 0x1C, 0x00, 0xE0, 0x1C, 0x00, 0xE0, 0x1C, 0x00, 0xE0, 0x1C,
  0x00, 0xE0, 0x1C, 0x00, 0xE0, 0x1C, 0x00, 0xE0, 0x1C, 0x00, 0xFF, 0xFF,
  0xF8, 0xFF, 0xFF, 0xFE, 0xE0, 0x1C, 0x0E, 0xE0, 0x1C, 0x07, 0xE0, 0x1C,
  0x07, 0xE0, 0x1C, 0x07, 0xE0, 0x1C, 0x07, 0xE0, 0x1C, 0x0E, 0xE0, 0x1F,
  0xFC, 0xE0, 0x1F, 0xF8, 0x38, 0x00, 0x1C, 0x00, 0x3F, 0xFC, 0x1F, 0xFE,
  0x03, 0x80, 0x01, 0xC0, 0x00, 0xE3, 0xF0, 0x77, 0xFC, 0x3F, 0x0F, 0x1E,
  0x03, 0xCF, 0x00, 0xE7, 0x00, 0x73, 0x80, 0x39, 0xC0, 0x1C, 0xE0, 0x0E,
  0x70, 0x07, 0x38, 0x03, 0x9C, 0x01, 0xCE, 0x00, 0xE7, 0x00, 0x73, 0x80,
  0x39, 0xC0, 0x1C, 0xE0, 0x0E, 0x00, 0xE0, 0x07, 0x00, 0x38, 0x00, 0xC0,
  0x06, 0x00, 0x00, 0x00, 0x00, 0x38, 0x0E, 0xE0, 0x73, 0x81, 0xCE, 0x0E,
  0x38, 0x70, 0xE3, 0x83, 0x8E, 0x0F, 0xF0, 0x3F, 0xC0, 0xE3, 0x83, 0x8E,
  0x0E, 0x1C, 0x38, 0x38, 0xE0, 0xE3, 0x81, 0xCE, 0x03, 0xB8, 0x0E, 0x1E,
  0x00, 0x38, 0x00, 0x70, 0x00, 0xC0, 0x01, 0x80, 0x00, 0x00, 0x00, 0x38,
  0x0F, 0xE0, 0x3F, 0x81, 0xFE, 0x0F, 0xF8, 0x37, 0xE1, 0xDF, 0x86, 0x7E,
  0x39, 0xF8, 0xC7, 0xE7, 0x1F, 0x98, 0x7E, 0xE1, 0xFB, 0x07, 0xFC, 0x1F,
  0xE0, 0x7F, 0x81, 0xFC, 0x07, 0x18, 0x38, 0x1C, 0x38, 0x0C, 0x70, 0x0F,
  0xF0, 0x07, 0xC0, 0x00, 0x00, 0x00, 0x00, 0xE0, 0x07, 0xE0, 0x0E, 0x70,
  0x0E, 0x70, 0x1C, 0x70, 0x1C, 0x38, 0x1C, 0x38, 0x38, 0x18, 0x38, 0x1C,
  0x30, 0x1C, 0x70, 0x0E, 0x70, 0x0E, 0x60, 0x06, 0xE0, 0x07, 0xC0, 0x07,
  0xC0, 0x03, 0xC0, 0x03, 0x80, 0x03, 0x80, 0x03, 0x80, 0x03, 0x00, 0x07,
  0x00, 0x0E, 0x00, 0xFC, 0x00, 0xF8, 0x00, 0xE0, 0x1F, 0x80, 0x7E, 0x01,
  0xF8, 0x07, 0xE0, 0x1F, 0x80, 0x7E, 0x01, 0xF8, 0x07, 0xE0, 0x1F, 0x80,
  0x7E, 0x01, 0xF8, 0x07, 0xE0, 0x1F, 0x80, 0x7E, 0x01, 0xFF, 0xFF, 0xFF,
  0xFC, 0x1C, 0x00, 0x70, 0x01, 0xC0, 0x07, 0x00, 0x1C, 0x00, 0xE0, 0x0E,
  0x00, 0xFC, 0x01, 0xC0, 0x1F, 0x80, 0x38, 0x03, 0xF0, 0x07, 0x00, 0x7E,
  0x00, 0xE0, 0x0F, 0xE0, 0x0E, 0x01, 0xDC, 0x01, 0xC0, 0x3B, 0x80, 0x78,
  0x0E, 0x70, 0x0F, 0x01, 0xCE, 0x03, 0xE0, 0x38, 0xE0, 0x7E, 0x07, 0x1C,
  0x0D, 0xC0, 0xE3, 0x83, 0xB8, 0x38, 0x38, 0x73, 0x87, 0x07, 0x0C, 0x70,
  0xE0, 0xF3, 0x86, 0x38, 0x0E, 0x70, 0xE7, 0x01, 0xCC, 0x1C, 0xC0, 0x1F,
  0x81, 0xF8, 0x03, 0xE0, 0x3F, 0x00, 0x3C, 0x03, 0xC0, 0x07, 0x80, 0x70,
  0x00, 0xE0, 0x38, 0x0F, 0xC0, 0x70, 0x1F, 0x80, 0xE0, 0x3F, 0x01, 0xC0,
  0x7E, 0x03, 0x80, 0xEE, 0x03, 0x83, 0x9C, 0x07, 0x07, 0x38, 0x1E, 0x0E,
  0x70, 0x3C, 0x1C, 0x70, 0xF8, 0x70, 0xE1, 0xB8, 0xE0, 0xC7, 0x31, 0x81,
  0xCC, 0x67, 0x01, 0xB8, 0xEC, 0x03, 0xE0, 0xF8, 0x03, 0xC1, 0xE0, 0x07,
  0x01, 0xC0, 0x07, 0x00, 0x00, 0xE0, 0x00, 0x1C, 0x00, 0x7F, 0xFE, 0x0F,
  0xFF, 0xC0, 0x0E, 0x00, 0x01, 0xC0, 0x00, 0x38, 0x00, 0x07, 0x00, 0x00,
  0xFF, 0xC0, 0x1F, 0xFE, 0x03, 0x81, 0xE0, 0x70, 0x1C, 0x0E, 0x01, 0xC1,
  0xC0, 0x38, 0x38, 0x07, 0x07, 0x00, 0xE0, 0xE0, 0x1C, 0x1C, 0x07, 0x03,
  0x81, 0xE0, 0x7F, 0xF8, 0x0F, 0xFC, 0x00, 0x0E, 0x00, 0x03, 0x80, 0x00,
  0xE0, 0x03, 0xFF, 0xC0, 0xFF, 0xF0, 0x03, 0x80, 0x00, 0xE0, 0x00, 0x38,
  0x00, 0x0E, 0x00, 0x03, 0x80, 0x00, 0xFF, 0xE0, 0x3F, 0xFE, 0x0E, 0x03,
  0xC3, 0x80, 0x70, 0xE0, 0x1C, 0x38, 0x07, 0x0E, 0x01, 0xC3, 0x80, 0xE0,
  0xFF, 0xF8, 0x3F, 0xF8, 0xE0, 0x01, 0xFE, 0x70, 0x03, 0xFF, 0xF8, 0x07,
  0xC0, 0xDC, 0x07, 0x80, 0x0E, 0x07, 0x80, 0x07, 0x03, 0x80, 0x03, 0x81,
  0xC0, 0x01, 0xC1, 0xC0, 0x00, 0xE0, 0xE0, 0x00, 0x7F, 0xFF, 0xFE, 0x3F,
  0xFF, 0xFF, 0x1C, 0x1C, 0x00, 0x0E, 0x0E, 0x00, 0x07, 0x07, 0x00, 0x03,
  0x83, 0x80, 0x01, 0xC0, 0xE0, 0x00, 0xE0, 0x70, 0x00, 0x70, 0x3C, 0x00,
  0x38, 0x0F, 0x00, 0x1C, 0x03, 0xE0, 0x6E, 0x00, 0xFF, 0xF7, 0x00, 0x1F,
  0xF8, 0xE0, 0x0F, 0xEE, 0x03, 0xFE, 0xE0, 0x78, 0x2E, 0x0E, 0x00, 0xE0,
  0xE0, 0x0E, 0x1C, 0x00, 0xE1, 0xC0, 0x0F, 0xFF, 0xFC, 0xFF, 0xFF, 0xCE,
  0x1C, 0x00, 0xE1, 0xC0, 0x0E, 0x1C, 0x00, 0xE0, 0xE0, 0x0E, 0x0E, 0x00,
  0xE0, 0x78, 0x3E, 0x03, 0xFF, 0xE0, 0x0F, 0xE0, 0x00, 0x70, 0x00, 0x07,
  0xC0, 0x00, 0x3E, 0x00, 0x03, 0xB8, 0x00, 0x1D, 0xC0, 0x00, 0xEE, 0x00,
  0x0E, 0x38, 0x00, 0x71, 0xC0, 0x07, 0x07, 0x00, 0x38, 0x38, 0x03, 0xFF,
  0xE0, 0x1F, 0xFF, 0x00, 0xE7, 0x38, 0x0E, 0x38, 0xE0, 0x71, 0xC7, 0x07,
  0x0E, 0x1C, 0x38, 0x70, 0xE3, 0x83, 0x83, 0x9C, 0x1C, 0x1C, 0xE0, 0xE0,
  0xEE, 0x07, 0x03, 0xF0, 0x38, 0x1C, 0x01, 0xF0, 0x00, 0x3E, 0x00, 0x0E,
  0xC0, 0x01, 0xDC, 0x00, 0x3B, 0x80, 0x0E, 0x38, 0x01, 0xC7, 0x00, 0x70,
  0x70, 0x0F, 0xFE, 0x01, 0xFF, 0xC0, 0x73, 0x9C, 0x0E, 0x73, 0x83, 0x8E,
  0x38, 0x71, 0xC7, 0x1C, 0x38, 0x73, 0x87, 0x0E, 0x60, 0xE0, 0xC0, 0xE0,
  0x03, 0x80, 0x38, 0x01, 0xF0, 0x0E, 0x00, 0x6C, 0x03, 0x80, 0x3B, 0x80,
  0xE0, 0x0E, 0xE0, 0x38, 0x03, 0x18, 0x0E, 0x01, 0xC7, 0x03, 0x80, 0x61,
  0xC0, 0xE0, 0x38, 0x38, 0x3F, 0xFF, 0xFE, 0x0F, 0xFF, 0xFF, 0xC3, 0x81,
  0xCE, 0x70, 0xE0, 0xE3, 0x8C, 0x38, 0x38, 0xE3, 0x8E, 0x0E, 0x38, 0xE3,
  0x87, 0x0E, 0x1C, 0xE1, 0xC3, 0x87, 0x38, 0x60, 0xE0, 0xEE, 0x38, 0x38,
  0x3B, 0x8E, 0x0E, 0x0E, 0xE7, 0x03, 0x81, 0xF9, 0xC0, 0xE0, 0x70, 0xE0,
  0x3E, 0x03, 0x80, 0xF8, 0x0E, 0x03, 0x70, 0x38, 0x1D, 0xC0, 0xE0, 0x63,
  0x03, 0x83, 0x8E, 0x0E, 0x0E, 0x18, 0x3F, 0xFF, 0xF0, 0xFF, 0xFF, 0xC3,
  0x86, 0x73, 0x0E, 0x39, 0xCE, 0x38, 0xE7, 0x18, 0xE3, 0x1C, 0x73, 0x9C,
  0x71, 0xCE, 0x71, 0xC3, 0xB9, 0x87, 0x0E, 0xEE, 0x1C, 0x18, 0x3F, 0xFF,
  0xF0, 0xFF, 0xFF, 0xC1, 0xC0, 0x0E, 0x07, 0x00, 0x70, 0x0E, 0x03, 0x80,
  0x1C, 0x1C, 0x00, 0x38, 0xF0, 0x00, 0x77, 0x80, 0x01, 0xDC, 0x00, 0x1F,
  0xFC, 0x00, 0xFF, 0xFC, 0x07, 0x1C, 0x70, 0x1C, 0x70, 0xE0, 0xE1, 0xC3,
  0x83, 0x87, 0x07, 0x0E, 0x1C, 0x1C, 0x70, 0x70, 0x71, 0xC1, 0xC0, 0xE7,
  0x07, 0x03, 0x9C, 0x1C, 0x0E, 0xE0, 0x70, 0x1F, 0x81, 0xC0, 0x70, 0x3F,
  0xFF, 0xC3, 0xFF, 0xFC, 0x1C, 0x03, 0x80, 0xE0, 0x70, 0x06, 0x0E, 0x00,
  0x71, 0xC0, 0x03, 0xB8, 0x00, 0x7F, 0xE0, 0x1F, 0xFF, 0x01, 0xCE, 0x38,
  0x38, 0xE3, 0x83, 0x8E, 0x1C, 0x30, 0xE1, 0xC7, 0x0E, 0x0E, 0x70, 0xE0,
  0xE6, 0x0E, 0x06, 0xE0, 0xE0, 0x70
  /* range 1 (0x490 - 0x4bb): */  , 0x00, 0x38, 0x01, 0xC0, 0x0E, 0x00,
  0x70, 0x03, 0xFF, 0xFF, 0xFF, 0xFC, 0x00, 0xE0, 0x07, 0x00, 0x38, 0x01,
  0xC0, 0x0E, 0x00, 0x70, 0x03, 0x80, 0x1C, 0x00, 0xE0, 0x07, 0x00, 0x38,
  0x01, 0xC0, 0x0E, 0x00, 0x70, 0x03, 0x80, 0x1C, 0x00, 0xE0, 0x07, 0x00,
  0x38, 0x00, 0x01, 0xC0, 0x70, 0x1C, 0x07, 0x01, 0xFF, 0xFF, 0xFF, 0x80,
  0xE0, 0x38, 0x0E, 0x03, 0x80, 0xE0, 0x38, 0x0E, 0x03, 0x80, 0xE0, 0x38,
  0x0E, 0x03, 0x80, 0xE0, 0x38, 0x00, 0x3F, 0xFE, 0x7F, 0xFC, 0xE0, 0x01,
  0xC0, 0x03, 0x80, 0x07, 0x00, 0x0E, 0x00, 0x1C, 0x00, 0x38, 0x00, 0x70,
  0x03, 0xFF, 0xC7, 0xFF, 0x83, 0x80, 0x07, 0x00, 0x0E, 0x00, 0x1C, 0x00,
  0x38, 0x00, 0x70, 0x00, 0xE0, 0x01, 0xC0, 0x03, 0x80, 0x07, 0x00, 0x00,
  0x3F, 0xF9, 0xFF, 0xCE, 0x00, 0x70, 0x03, 0x80, 0x1C, 0x00, 0xE0, 0x07,
  0x00, 0xFF, 0xC7, 0xFE, 0x0E, 0x00, 0x70, 0x03, 0x80, 0x1C, 0x00, 0xE0,
  0x07, 0x00, 0x38, 0x00, 0xFF, 0xF8, 0xFF, 0xF8, 0xE0, 0x00, 0xE0, 0x00,
  0xE0, 0x00, 0xE0, 0x00, 0xE0, 0x00, 0xE0, 0x00, 0xE0, 0x00, 0xFF, 0xC0,
  0xFF, 0xF0, 0xE0, 0x78, 0xE0, 0x1C, 0xE0, 0x0E, 0xE0, 0x0E, 0xE0, 0x07,
  0xE0, 0x07, 0xE0, 0x07, 0xE0, 0x07, 0xE0, 0x07, 0xE0, 0x07, 0xE0, 0x07,
  0x00, 0x07, 0x00, 0x0E, 0x00, 0x0E, 0x00, 0x1C, 0x00, 0x3C, 0x0F, 0xF8,
  0x0F, 0xE0, 0xFF, 0xC7, 0xFE, 0x38, 0x01, 0xC0, 0x0E, 0x00, 0x70, 0x03,
  0x80, 0x1F, 0xE0, 0xFF, 0xC7, 0x0F, 0x38, 0x1D, 0xC0, 0xEE, 0x03, 0xF0,
  0x1F, 0x80, 0xFC, 0x07, 0xE0, 0x38, 0x01, 0xC0, 0x0E, 0x00, 0xE0, 0x07,
  0x08, 0x70, 0x7F, 0x83, 0xF0, 0x70, 0x0E, 0x01, 0xC7, 0x80, 0xE0, 0x38,
  0x38, 0x0E, 0x07, 0x81, 0xC0, 0xE0, 0x70, 0x0E, 0x0E, 0x0E, 0x00, 0x70,
  0xE1, 0xC0, 0x07, 0x8E, 0x38, 0x00, 0x38, 0xE3, 0x80, 0x01, 0xCE, 0x70,
  0x00, 0x0E, 0xEE, 0x00, 0x00, 0x7F, 0xC0, 0x00, 0x07, 0xFC, 0x00, 0x00,
  0xEE, 0xE0, 0x00, 0x1C, 0xE7, 0x00, 0x03, 0x8E, 0x38, 0x00, 0x70, 0xE3,
  0x80, 0x0F, 0x0E, 0x1C, 0x00, 0xE0, 0xE0, 0xE0, 0x1C, 0x0E, 0x07, 0x03,
  0x80, 0xE0, 0x30, 0x70, 0x0E, 0x03, 0xFF, 0x00, 0xE0, 0x1F, 0x00, 0x00,
  0x00, 0x70, 0x00, 0x00, 0x07, 0x00, 0x00, 0x00, 0x70, 0x00, 0x00, 0x07,
  0x00, 0x00, 0x00, 0x70, 0x00, 0x00, 0x07, 0x70, 0x38, 0x1C, 0x70, 0x38,
  0x38, 0x38, 0x38, 0x70, 0x1C, 0x38, 0x60, 0x0E, 0x38, 0xE0, 0x07, 0x39,
  0xC0, 0x03, 0x3B, 0x80, 0x03, 0xBB, 0x00, 0x01, 0xFF, 0x00, 0x03, 0xBB,
  0x00, 0x07, 0x39, 0x80, 0x0E, 0x39, 0xC0, 0x0E, 0x38, 0xE0, 0x1C, 0x38,
  0x60, 0x38, 0x38, 0x30, 0x70, 0x38, 0x3F, 0xE0, 0x38, 0x1F, 0x00, 0x00,
  0x07, 0x00, 0x00, 0x07, 0x00, 0x00, 0x07, 0x00, 0x00, 0x07, 0x00, 0x00,
  0x07, 0x00, 0x00, 0x07, 0x1F, 0xE0, 0x7F, 0xF8, 0x60, 0x3C, 0x00, 0x1E,
  0x00, 0x0E, 0x00, 0x0E, 0x00, 0x0E, 0x00, 0x1C, 0x00, 0x3C, 0x1F, 0xF0,
  0x1F, 0xF8, 0x00, 0x3C, 0x00, 0x0E, 0x00, 0x07, 0x00, 0x07, 0x00, 0x07,
  0x00, 0x07, 0x00, 0x07, 0x00, 0x0E, 0xE0, 0x3C, 0xFF, 0xF8, 0x3F, 0xE0,
  0x01, 0x80, 0x01, 0xC0, 0x00, 0xE0, 0x00, 0xE0, 0x00, 0xE0, 0x07, 0xE0,
  0x07, 0xC0, 0x3F, 0xC3, 0xFF, 0x98, 0x1E, 0x00, 0x70, 0x03, 0x80, 0x1C,
  0x01, 0xC3, 0xFC, 0x1F, 0xE0, 0x07, 0x80, 0x0E, 0x00, 0x70, 0x03, 0x80,
  0x1F, 0x01, 0xDF, 0xFC, 0x3F, 0xC0, 0x18, 0x00, 0xE0, 0x03, 0x80, 0x1C,
  0x00, 0xE0, 0x3F, 0x01, 0xF0, 0xE0, 0x0F, 0x38, 0x03, 0x8E, 0x01, 0xC3,
  0x80, 0xE0, 0xE0, 0x70, 0x38, 0x38, 0x0E, 0x1C, 0x03, 0x8E, 0x00, 0xE7,
  0x80, 0x3B, 0xC0, 0x0F, 0xE0, 0x03, 0xF8, 0x00, 0xEF, 0x00, 0x39, 0xE0,
  0x0E, 0x38, 0x03, 0x87, 0x00, 0xE0, 0xE0, 0x38, 0x1C, 0x0E, 0x03, 0x83,
  0x80, 0x70, 0xE0, 0x0F, 0xF8, 0x01, 0xF0, 0x00, 0x1C, 0x00, 0x07, 0x00,
  0x01, 0xC0, 0x00, 0x70, 0x00, 0x1C, 0x00, 0x07, 0xE0, 0x73, 0x83, 0x8E,
  0x0C, 0x38, 0x70, 0xE3, 0x83, 0x9C, 0x0E, 0xE0, 0x3B, 0x00, 0xFC, 0x03,
  0xB8, 0x0E, 0x60, 0x39, 0xC0, 0xE3, 0x83, 0x87, 0x0E, 0x0C, 0x38, 0x1F,
  0xE0, 0x7C, 0x00, 0x70, 0x01, 0xC0, 0x07, 0x00, 0x1C, 0x00, 0x70, 0x01,
  0xC0, 0xE0, 0x07, 0x70, 0x07, 0x38, 0x07, 0x1C, 0xC7, 0x0E, 0x67, 0x07,
  0x37, 0x03, 0x9F, 0x01, 0xCF, 0x00, 0xE7, 0x00, 0x77, 0x00, 0x3F, 0x80,
  0x1D, 0xE0, 0x0E, 0x78, 0x07, 0x3C, 0x03, 0x9F, 0x01, 0xCD, 0xC0, 0xE6,
  0xF0, 0x70, 0x3C, 0x38, 0x0F, 0x1C, 0x03, 0xCE, 0x00, 0xE7, 0x00, 0x38,
  0xE0, 0x3B, 0x81, 0xCE, 0x6E, 0x39, 0xF8, 0xE7, 0xC3, 0x9E, 0x0E, 0x70,
  0x3B, 0x80, 0xFE, 0x03, 0xB8, 0x0E, 0x70, 0x39, 0xE0, 0xE7, 0xC3, 0x9F,
  0x8E, 0x6F, 0x39, 0x9E, 0xE0, 0x3C, 0x1C, 0x01, 0xC3, 0x80, 0x70, 0x70,
  0x1C, 0x7F, 0x83, 0x8F, 0xF0, 0xE0, 0x38, 0x38, 0x07, 0x0F, 0x00, 0xE1,
  0xC0, 0x1C, 0x70, 0x03, 0xFC, 0x00, 0x7F, 0x80, 0x0E, 0x38, 0x01, 0xC7,
  0x80, 0x38, 0x70, 0x07, 0x07, 0x00, 0xE0, 0xF0, 0x1C, 0x0E, 0x03, 0x80,
  0xE0, 0x70, 0x1E, 0x0E, 0x01, 0xC1, 0xC0, 0x1C, 0x38, 0x03, 0xC0, 0x38,
  0x00, 0x38, 0x00, 0xFF, 0xE0, 0xFF, 0xE0, 0x38, 0x00, 0x38, 0x00, 0x38,
  0x0E, 0x38, 0x1C, 0x38, 0x38, 0x38, 0x70, 0x38, 0xE0, 0x39, 0xE0, 0x39,
  0xC0, 0x3B, 0x80, 0x3F, 0x00, 0x3B, 0x80, 0x39, 0xC0, 0x38, 0xE0, 0x38,
  0x70, 0x38, 0x38, 0x38, 0x1C, 0x38, 0x1E, 0x38, 0x0F, 0xFF, 0x00, 0x7B,
  0xFC, 0x03, 0xC0, 0x70, 0x1E, 0x01, 0xC0, 0x70, 0x07, 0x03, 0x80, 0x1C,
  0x1C, 0x00, 0x70, 0xE0, 0x01, 0xC7, 0x00, 0x07, 0x38, 0x00, 0x1D, 0xC0,
  0x00, 0x7E, 0x00, 0x01, 0xDC, 0x00, 0x07, 0x38, 0x00, 0x1C, 0x70, 0x00,
  0x71, 0xE0, 0x01, 0xC3, 0xC0, 0x07, 0x07, 0x80, 0x1C, 0x0F, 0x00, 0x70,
  0x1C, 0x01, 0xC0, 0x38, 0x07, 0x00, 0x70, 0x1C, 0x00, 0xE0, 0xFF, 0x80,
  0xEF, 0xF8, 0x1C, 0x03, 0x83, 0x80, 0x38, 0x70, 0x03, 0x8E, 0x00, 0x39,
  0xC0, 0x03, 0xB8, 0x00, 0x3B, 0x80, 0x03, 0xF0, 0x00, 0x3B, 0x80, 0x03,
  0x9C, 0x00, 0x38, 0xE0, 0x03, 0x87, 0x00, 0x38, 0x38, 0x03, 0x83, 0xC0,
  0x38, 0x1C, 0x03, 0x80, 0xE0, 0xE0, 0x03, 0x8E, 0x00, 0x38, 0xE0, 0x03,
  0x8E, 0x00, 0x38, 0xE0, 0x03, 0x8E, 0x00, 0x38, 0xE0, 0x03, 0x8E, 0x00,
  0x38, 0xE0, 0x03, 0x8F, 0xFF, 0xF8, 0xFF, 0xFF, 0x8E, 0x00, 0x38, 0xE0,
  0x03, 0x8E, 0x00, 0x38, 0xE0, 0x03, 0x8E, 0x00, 0x38, 0xE0, 0x03, 0x8E,
  0x00, 0x38, 0xE0, 0x03, 0x8E, 0x00, 0x38, 0xE0, 0x03, 0xFE, 0x00, 0x3F,
  0x00, 0x00, 0x70, 0x00, 0x07, 0x00, 0x00, 0x70, 0x00, 0x07, 0x00, 0x00,
  0x70, 0x00, 0x07, 0xE0, 0x0E, 0x70, 0x07, 0x38, 0x03, 0x9C, 0x01, 0xCE,
  0x00, 0xE7, 0x00, 0x73, 0x80, 0x39, 0xFF, 0xFC, 0xFF, 0xFE, 0x70, 0x07,
  0x38, 0x03, 0x9C, 0x01, 0xCE, 0x00, 0xE7, 0x00, 0x73, 0x80, 0x39, 0xC0,
  0x1F, 0xE0, 0x0F, 0x80, 0x01, 0xC0, 0x00, 0xE0, 0x00, 0x70, 0x00, 0x38,
  0x00, 0x1C, 0x00, 0x0E, 0xE0, 0x03, 0xFF, 0xC0, 0x07, 0xFF, 0x80, 0x0E,
  0x07, 0x00, 0x1C, 0x0E, 0x00, 0x38, 0x1C, 0x00, 0x70, 0x38, 0x00, 0xE0,
  0x70, 0x01, 0xC0, 0xE0, 0x03, 0x81, 0xFF, 0xFF, 0x03, 0xFF, 0xFE, 0x07,
  0x00, 0x1C, 0x0E, 0x00, 0x38, 0x1C, 0x00, 0x70, 0x38, 0x00, 0xE0, 0x70,
  0x01, 0xC0, 0xE0, 0x03, 0x81, 0xC0, 0x07, 0x03, 0x80, 0x0E, 0x07, 0x00,
  0x1C, 0x0E, 0x00, 0x38, 0x1C, 0x00, 0x70, 0x00, 0xE0, 0x0F, 0xFE, 0x00,
  0xFF, 0xE0, 0x0E, 0x0E, 0x00, 0xE0, 0xE0, 0x0E, 0x0E, 0x00, 0xE0, 0xE0,
  0x0E, 0x0F, 0xFF, 0xE0, 0xFF, 0xFE, 0x0E, 0x00, 0xE0, 0xE0, 0x0E, 0x0E,
  0x00, 0xE0, 0xE0, 0x0E, 0x0E, 0x00, 0xE0, 0xE0, 0x0E, 0x0E, 0x00, 0xE0,
  0xE0, 0x0E, 0x00, 0xFF, 0xFF, 0x00, 0x07, 0xFF, 0xF8, 0x00, 0x38, 0x01,
  0xC0, 0x01, 0xC0, 0x0E, 0x00, 0x0E, 0x00, 0x70, 0x00, 0x70, 0x03, 0x80,
  0x03, 0x80, 0x1C, 0x00, 0x1C, 0x00, 0xE0, 0x00, 0xE0, 0x07, 0x00, 0x07,
  0x00, 0x3F, 0xF0, 0x38, 0x01, 0xFF, 0xE1, 0xC0, 0x0E, 0x07, 0x8E, 0x00,
  0x70, 0x0E, 0x70, 0x03, 0x80, 0x7B, 0x80, 0x1C, 0x01, 0xDC, 0x00, 0xE0,
  0x0F, 0xE0, 0x07, 0x00, 0x3F, 0x00, 0x38, 0x01, 0xF8, 0x01, 0xC0, 0x0F,
  0xC0, 0x0E, 0x00, 0x7E, 0x00, 0x70, 0x03, 0xF0, 0x03, 0x80, 0x1C, 0x00,
  0x00, 0x00, 0xE0, 0x00, 0x00, 0x0E, 0x00, 0x00, 0x00, 0x70, 0x00, 0x00,
  0x07, 0x00, 0x00, 0x20, 0x78, 0x00, 0x01, 0xFF, 0x80, 0x00, 0x07, 0xF0,
  0x00, 0xFF, 0xFC, 0x00, 0xFF, 0xFC, 0x00, 0xE0, 0x1C, 0x00, 0xE0, 0x1C,
  0x00, 0xE0, 0x1C, 0x00, 0xE0, 0x1C, 0x00, 0xE0, 0x1C, 0x00, 0xE0, 0x1F,
  0xE0, 0xE0, 0x1F, 0xF8, 0xE0, 0x1C, 0x3C, 0xE0, 0x1C, 0x0E, 0xE0, 0x1C,
  0x0E, 0xE0, 0x1C, 0x07, 0xE0, 0x1C, 0x07, 0xE0, 0x1C, 0x07, 0xE0, 0x1C,
  0x07, 0xE0, 0x1C, 0x07, 0x00, 0x00, 0x07, 0x00, 0x00, 0x07, 0x00, 0x00,
  0x0E, 0x00, 0x00, 0x0E, 0x00, 0x02, 0x1E, 0x00, 0x03, 0xFC, 0x00, 0x01,
  0xF0, 0x03, 0xF8, 0x00, 0x7F, 0xC0, 0x07, 0x80, 0x00, 0x70, 0x00, 0x07,
  0x80, 0xF8, 0x38, 0x0F, 0xF1, 0xC0, 0xF3, 0xDC, 0x07, 0x0E, 0xE0, 0x70,
  0x3F, 0x03, 0x81, 0xF8, 0x1C, 0x0F, 0xC0, 0xE0, 0x7E, 0x07, 0x03, 0xF0,
  0x38, 0x1F, 0x81, 0xC0, 0xEE, 0x0F, 0x0E, 0x70, 0x38, 0x71, 0xC1, 0xE7,
  0x8F, 0x07, 0x78, 0x3C, 0x3F, 0x80, 0xFF, 0xF8, 0x00, 0xFF, 0xFC, 0x00,
  0x03, 0xE0, 0x0F, 0xC0, 0x0F, 0xE0, 0x0E, 0x00, 0x0E, 0x00, 0x07, 0x03,
  0xE7, 0x07, 0xFB, 0x83, 0x9D, 0xC3, 0x87, 0xE1, 0xC3, 0xF0, 0xE1, 0xF8,
  0x70, 0xFC, 0x38, 0x77, 0x0E, 0x73, 0x87, 0x70, 0xE1, 0xF0, 0x3F, 0xFF,
  0x07, 0xCF, 0x80, 0x01, 0xFE, 0x03, 0xFF, 0xC7, 0xC0, 0xC7, 0x80, 0x03,
  0x80, 0x03, 0x80, 0x01, 0xC0, 0x01, 0xC0, 0x00, 0xE0, 0x00, 0x70, 0x00,
  0x38, 0x00, 0x1C, 0x00, 0x0E, 0x00, 0x07, 0x00, 0x03, 0x80, 0x00, 0xE0,
  0x00, 0x70, 0x00, 0x3C, 0x00, 0x0F, 0x00, 0x03, 0xE0, 0x20, 0xFF, 0xF0,
  0x1F, 0xF0, 0x01, 0x80, 0x00, 0xC0, 0x00, 0x30, 0x00, 0x18, 0x00, 0x0C,
  0x00, 0x3E, 0x00, 0x1E, 0x00, 0x07, 0xF1, 0xFF, 0x38, 0x27, 0x00, 0x70,
  0x0E, 0x00, 0xE0, 0x0E, 0x00, 0xE0, 0x0E, 0x00, 0xE0, 0x0E, 0x00, 0x70,
  0x07, 0x00, 0x3C, 0x11, 0xFF, 0x07, 0xE0, 0x60, 0x03, 0x00, 0x38, 0x03,
  0x80, 0x38, 0x0F, 0x80, 0xF0, 0xFF, 0xFF, 0xFF, 0xFF, 0xC0, 0x70, 0x00,
  0x38, 0x00, 0x1C, 0x00, 0x0E, 0x00, 0x07, 0x00, 0x03, 0x80, 0x01, 0xC0,
  0x00, 0xE0, 0x00, 0x70, 0x00, 0x38, 0x00, 0x1C, 0x00, 0x0E, 0x00, 0x07,
  0x00, 0x03, 0x80, 0x01, 0xC0, 0x00, 0xE0, 0x00, 0x70, 0x00, 0x38, 0x00,
  0x1F, 0x80, 0x0F, 0xC0, 0x00, 0xE0, 0x00, 0x70, 0x00, 0x38, 0x00, 0x1C,
  0x00, 0x0E, 0x00, 0x07, 0x00, 0xFF, 0xFF, 0xFF, 0xF0, 0x70, 0x01, 0xC0,
  0x07, 0x00, 0x1C, 0x00, 0x70, 0x01, 0xC0, 0x07, 0x00, 0x1C, 0x00, 0x70,
  0x01, 0xC0, 0x07, 0x00, 0x1C, 0x00, 0x70, 0x01, 0xF8, 0x07, 0xE0, 0x03,
  0x80, 0x0E, 0x00, 0x38, 0x00, 0xE0, 0x03, 0x80, 0x0E, 0x00, 0xE0, 0x03,
  0xF0, 0x01, 0xDC, 0x01, 0xCF, 0x01, 0xE3, 0x80, 0xE0, 0xE0, 0xE0, 0x70,
  0x70, 0x1C, 0x70, 0x0E, 0x38, 0x03, 0xB8, 0x01, 0xDC, 0x00, 0x7C, 0x00,
  0x3E, 0x00, 0x0E, 0x00, 0x07, 0x00, 0x03, 0x80, 0x01, 0xC0, 0x00, 0xE0,
  0x00, 0x70, 0x00, 0x38, 0x00, 0x1C, 0x00, 0x0E, 0x00, 0x70, 0x07, 0x38,
  0x03, 0x9C, 0x01, 0xC7, 0x01, 0xC3, 0x80, 0xE0, 0xC0, 0x60, 0x70, 0x70,
  0x38, 0x38, 0x0E, 0x38, 0x07, 0x1C, 0x01, 0x8C, 0x00, 0xEE, 0x00, 0x77,
  0x00, 0x1B, 0x00, 0x0F, 0x80, 0x03, 0x80, 0x01, 0xC0, 0x00, 0xE0, 0x00,
  0x70, 0x00, 0x38, 0x00, 0x1C, 0x00, 0x0E, 0x00, 0x07, 0x00, 0x03, 0x80,
  0xF0, 0x01, 0xDC, 0x00, 0xE3, 0x80, 0x38, 0xE0, 0x1C, 0x1C, 0x07, 0x07,
  0x83, 0x80, 0xE0, 0xC0, 0x1C, 0x70, 0x07, 0x18, 0x00, 0xEE, 0x00, 0x3B,
  0x00, 0x07, 0xC0, 0x00, 0xE0, 0x00, 0x38, 0x01, 0xFF, 0xE0, 0x7F, 0xF8,
  0x00, 0xE0, 0x00, 0x38, 0x00, 0x0E, 0x00, 0x03, 0x80, 0x00, 0xE0, 0x00,
  0x38, 0x00, 0xE0, 0x0F, 0xC0, 0x1D, 0x80, 0x33, 0x80, 0xE7, 0x01, 0xC7,
  0x07, 0x0E, 0x0E, 0x1C, 0x1C, 0x1C, 0x70, 0x38, 0xE0, 0x31, 0x80, 0x77,
  0x00, 0xEE, 0x00, 0xD8, 0x01, 0xF0, 0x03, 0xE0, 0x03, 0x80, 0x7F, 0xF0,
  0xFF, 0xE0, 0x1C, 0x00, 0x38, 0x00, 0x70, 0x00, 0xE0, 0x01, 0xC0, 0xE0,
  0x03, 0x8E, 0x00, 0xE0, 0xE0, 0x1C, 0x1C, 0x07, 0x01, 0xC1, 0xC0, 0x1C,
  0x38, 0x03, 0x8E, 0x00, 0x3B, 0x80, 0x07, 0x70, 0x00, 0x7C, 0x00, 0x07,
  0x00, 0x01, 0xF0, 0x00, 0x3E, 0x00, 0x0E, 0xE0, 0x03, 0x8E, 0x00, 0x71,
  0xC0, 0x1C, 0x1C, 0x07, 0x01, 0x80, 0xE0, 0x38, 0x38, 0x03, 0x8E, 0x00,
  0x7F, 0xC0, 0x07, 0xC0, 0x00, 0x38, 0x00, 0x07, 0x00, 0x00, 0xE0, 0x00,
  0x1C, 0x00, 0x03, 0x80, 0x00, 0x70, 0x70, 0x0E, 0x1C, 0x0F, 0x0F, 0x07,
  0x03, 0x87, 0x00, 0xE3, 0x80, 0x73, 0x80, 0x1F, 0x80, 0x07, 0x80, 0x01,
  0xC0, 0x01, 0xE0, 0x01, 0xF8, 0x01, 0xCE, 0x00, 0xE3, 0x80, 0xE1, 0xC0,
  0xE0, 0x70, 0xF0, 0x1F, 0x70, 0x0F, 0x80, 0x01, 0xC0, 0x00, 0xE0, 0x00,
  0x70, 0x00, 0x38, 0x00, 0x1C, 0x00, 0x0E, 0xFF, 0xFF, 0x0E, 0x3F, 0xFF,
  0xC3, 0x80, 0x38, 0x00, 0xE0, 0x0E, 0x00, 0x38, 0x03, 0x80, 0x0E, 0x00,
  0xE0, 0x03, 0x80, 0x38, 0x00, 0xE0, 0x0E, 0x00, 0x38, 0x03, 0x80, 0x0E,
  0x00, 0xE0, 0x03, 0x80, 0x38, 0x00, 0xE0, 0x0E, 0x00, 0x38, 0x03, 0x80,
  0x0E, 0x00, 0xE0, 0x03, 0x80, 0x38, 0x00, 0xE0, 0x0E, 0x00, 0x38, 0x03,
  0x80, 0x0E, 0x00, 0xE0, 0x03, 0x80, 0x38, 0x00, 0xE0, 0x0E, 0x00, 0x38,
  0x03, 0xFF, 0xFF, 0xC0, 0xFF, 0xFF, 0xF0, 0x00, 0x00, 0x1C, 0x00, 0x00,
  0x07, 0x00, 0x00, 0x01, 0xC0, 0x00, 0x00, 0x70, 0x00, 0x00, 0x1C, 0x00,
  0x00, 0x07, 0xFF, 0xF8, 0xE3, 0xFF, 0xE3, 0x80, 0x70, 0x0E, 0x01, 0xC0,
  0x38, 0x07, 0x00, 0xE0, 0x1C, 0x03, 0x80, 0x70, 0x0E, 0x01, 0xC0, 0x38,
  0x07, 0x00, 0xE0, 0x1C, 0x03, 0x80, 0x70, 0x0E, 0x01, 0xC0, 0x38, 0x07,
  0x00, 0xE0, 0x1C, 0x03, 0x80, 0x70, 0x0E, 0x01, 0xFF, 0xFF, 0x07, 0xFF,
  0xFC, 0x00, 0x00, 0x70, 0x00, 0x01, 0xC0, 0x00, 0x07, 0x00, 0x00, 0x1C,
  0x00, 0x00, 0x70, 0x00, 0x01, 0xC0, 0xE0, 0x07, 0x1C, 0x00, 0xE3, 0x80,
  0x1C, 0x70, 0x03, 0x8E, 0x00, 0x71, 0xC0, 0x0E, 0x38, 0x01, 0xC7, 0x00,
  0x38, 0xE0, 0x07, 0x1C, 0x00, 0xE3, 0x80, 0x1C, 0x38, 0x1F, 0x83, 0xFF,
  0xF0, 0x3F, 0x8E, 0x00, 0x01, 0xC0, 0x00, 0x38, 0x00, 0x07, 0x00, 0x00,
  0xE0, 0x00, 0x1C, 0x00, 0x03, 0x80, 0x00, 0x7E, 0x00, 0x0F, 0xC0, 0x00,
  0x38, 0x00, 0x07, 0x00, 0x00, 0xE0, 0x00, 0x1C, 0x00, 0x03, 0x80, 0x00,
  0x70, 0xE0, 0x1C, 0x70, 0x0E, 0x38, 0x07, 0x1C, 0x03, 0x8E, 0x01, 0xC7,
  0x00, 0xE3, 0x80, 0x71, 0xC0, 0x38, 0xF0, 0x7C, 0x3F, 0xFE, 0x07, 0xE7,
  0x00, 0x03, 0x80, 0x01, 0xC0, 0x00, 0xE0, 0x00, 0x70, 0x00, 0x3F, 0x00,
  0x1F, 0x80, 0x01, 0xC0, 0x00, 0xE0, 0x00, 0x70, 0x00, 0x38, 0x00, 0x1C,
  0x00, 0x0E, 0xE0, 0x07, 0xE0, 0x07, 0xE0, 0x07, 0xE0, 0x07, 0xE0, 0x07,
  0xE0, 0x07, 0xE0, 0x07, 0xE1, 0x87, 0xE1, 0x87, 0xE1, 0x87, 0xE1, 0x87,
  0x79, 0x9F, 0x3F, 0xFF, 0x1F, 0xE7, 0x01, 0x87, 0x01, 0x87, 0x01, 0x87,
  0x01, 0x87, 0x01, 0x87, 0x00, 0x07, 0x00, 0x07, 0x00, 0x07, 0xE0, 0x1F,
  0x80, 0x7E, 0x01, 0xF8, 0x07, 0xE0, 0x1F, 0x8C, 0x7E, 0x31, 0xF8, 0xC7,
  0xF3, 0x7D, 0xFF, 0xF1, 0xF9, 0xC0, 0xC7, 0x03, 0x1C, 0x0C, 0x70, 0x31,
  0xC0, 0x07, 0x00, 0x1C, 0xE0, 0x00, 0xE0, 0x00, 0xE0, 0x00, 0xE0, 0x00,
  0xE0, 0x00, 0xE0, 0x00, 0xE0, 0x00, 0xE0, 0x00, 0xE7, 0xF8, 0xFF, 0xFC,
  0xFC, 0x0E, 0xE0, 0x07, 0xE0, 0x07, 0xE0, 0x07, 0xE0, 0x07, 0xE0, 0x07,
  0xE0, 0x07, 0xE0, 0x07, 0xE0, 0x07, 0xE0, 0x07, 0xE0, 0x07, 0xE0, 0x07,
  0xE0, 0x03, 0x80, 0x0E, 0x00, 0x38, 0x00, 0xE0, 0x03, 0x80, 0x0E, 0x7E,
  0x3B, 0xFE, 0xF8, 0x3B, 0xC0, 0xFF, 0x01, 0xF8, 0x07, 0xE0, 0x1F, 0x80,
  0x7E, 0x01, 0xF8, 0x07, 0xE0, 0x1F, 0x80, 0x7E, 0x01, 0xF8, 0x07, 0xE0,
  0x1F, 0x80, 0x7E, 0x01, 0xC0
  /* range 2 (0x4d8 - 0x4e9): */  , 0x1F, 0xF0, 0x0F, 0xFF, 0xC1, 0xC0, 0x3C,
  0x00, 0x03, 0xC0, 0x00, 0x38, 0x00, 0x03, 0x80, 0x00, 0x70, 0x00, 0x07,
  0x00, 0x00, 0xE0, 0x00, 0x1F, 0xFF, 0xFF, 0xFF, 0xFF, 0xFE, 0x00, 0x0F,
  0xC0, 0x01, 0xF8, 0x00, 0x3F, 0x00, 0x0E, 0x70, 0x01, 0xCE, 0x00, 0x78,
  0xE0, 0x1E, 0x1E, 0x07, 0x80, 0xFF, 0xE0, 0x07, 0xF0, 0x00, 0x3F, 0x81,
  0xFF, 0x86, 0x0F, 0x00, 0x0E, 0x00, 0x38, 0x00, 0x70, 0x01, 0xC0, 0x07,
  0xFF, 0xFF, 0xFF, 0xFE, 0x01, 0xF8, 0x07, 0xE0, 0x39, 0xC0, 0xE7, 0x87,
  0x0F, 0xF8, 0x0F, 0x80, 0x07, 0x1C, 0x00, 0xE3, 0x80, 0x1C, 0x70, 0x00,
  0x00, 0x00, 0x00, 0x00, 0x00, 0x00, 0x00, 0x00, 0x00, 0xFF, 0x80, 0x7F,
  0xFE, 0x0E, 0x01, 0xE0, 0x00, 0x1E, 0x00, 0x01, 0xC0, 0x00, 0x1C, 0x00,
  0x03, 0x80, 0x00, 0x38, 0x00, 0x07, 0x00, 0x00, 0xFF, 0xFF, 0xFF, 0xFF,
  0xFF, 0xF0, 0x00, 0x7E, 0x00, 0x0F, 0xC0, 0x01, 0xF8, 0x00, 0x73, 0x80,
  0x0E, 0x70, 0x03, 0xC7, 0x00, 0xF0, 0xF0, 0x3C, 0x07, 0xFF, 0x00, 0x3F,
  0x80, 0x1C, 0xE0, 0x73, 0x81, 0xCE, 0x00, 0x00, 0x00, 0x00, 0xFE, 0x07,
  0xFE, 0x18, 0x3C, 0x00, 0x38, 0x00, 0xE0, 0x01, 0xC0, 0x07, 0x00, 0x1F,
  0xFF, 0xFF, 0xFF, 0xF8, 0x07, 0xE0, 0x1F, 0x80, 0xE7, 0x03, 0x9E, 0x1C,
  0x3F, 0xE0, 0x3E, 0x00, 0x00, 0x38, 0xE0, 0x00, 0x01, 0xC7, 0x00, 0x00,
  0x0E, 0x38, 0x00, 0x00, 0x00, 0x00, 0x00, 0x00, 0x00, 0x00, 0x00, 0x00,
  0x00, 0x01, 0xC0, 0x1C, 0x01, 0xC7, 0x00, 0xE0, 0x1C, 0x38, 0x07, 0x01,
  0xC0, 0xE0, 0x38, 0x1E, 0x03, 0x81, 0xC0, 0xE0, 0x0C, 0x0E, 0x0E, 0x00,
  0x70, 0x70, 0xE0, 0x01, 0xC3, 0x87, 0x00, 0x06, 0x1C, 0x70, 0x00, 0x3F,
  0xFF, 0x00, 0x01, 0xFF, 0xF8, 0x00, 0x0C, 0x38, 0xE0, 0x00, 0xE1, 0xC7,
  0x80, 0x0E, 0x0E, 0x1C, 0x00, 0x70, 0x70, 0x70, 0x07, 0x03, 0x83, 0xC0,
  0x30, 0x1C, 0x0E, 0x03, 0x80, 0xE0, 0x38, 0x38, 0x07, 0x01, 0xC1, 0xC0,
  0x38, 0x07, 0x1C, 0x01, 0xC0, 0x3D, 0xE0, 0x0E, 0x00, 0xE0, 0x01, 0xC7,
  0x00, 0x03, 0x8E, 0x00, 0x07, 0x1C, 0x00, 0x00, 0x00, 0x00, 0x00, 0x00,
  0x1C, 0x07, 0x03, 0x9C, 0x0E, 0x07, 0x1C, 0x1C, 0x1C, 0x38, 0x38, 0x70,
  0x38, 0x70, 0xC0, 0x38, 0xE3, 0x80, 0x31, 0xC6, 0x00, 0x7F, 0xF8, 0x00,
  0xFF, 0xF8, 0x03, 0x8E, 0x70, 0x07, 0x1C, 0x70, 0x1C, 0x38, 0x60, 0x78,
  0x70, 0xE0, 0xE0, 0xE0, 0xE3, 0x81, 0xC1, 0xCF, 0x03, 0x81, 0xDC, 0x07,
  0x01, 0xC0, 0x1C, 0x70, 0x1C, 0x70, 0x1C, 0x70, 0x00, 0x00, 0x00, 0x00,
  0x00, 0x00, 0x00, 0x00, 0x1F, 0xE0, 0x7F, 0xF8, 0x70, 0x3C, 0x00, 0x1E,
  0x00, 0x0E, 0x00, 0x0E, 0x00, 0x0E, 0x00, 0x1C, 0x00, 0x3C, 0x1F, 0xF0,
  0x1F, 0xF8, 0x00, 0x3C, 0x00, 0x0E, 0x00, 0x07, 0x00, 0x07, 0x00, 0x07,
  0x00, 0x07, 0x00, 0x07, 0x00, 0x0E, 0xE0, 0x3C, 0xFF, 0xF8, 0x3F, 0xE0,
  0x38, 0xE1, 0xC7, 0x0E, 0x38, 0x00, 0x00, 0x00, 0x1F, 0xC3, 0xFF, 0x88,
  0x1E, 0x00, 0x70, 0x03, 0x80, 0x1C, 0x01, 0xC1, 0xFC, 0x0F, 0xE0, 0x03,
  0xC0, 0x07, 0x00, 0x38, 0x01, 0xC0, 0x0F, 0x81, 0xEF, 0xFE, 0x3F, 0xC0,
  0x7F, 0xFE, 0x7F, 0xFE, 0x00, 0x1C, 0x00, 0x38, 0x00, 0x70, 0x00, 0xE0,
  0x01, 0xC0, 0x03, 0x80, 0x0F, 0x00, 0x0F, 0xE0, 0x0F, 0xFC, 0x00, 0x3E,
  0x00, 0x0E, 0x00, 0x07, 0x00, 0x07, 0x00, 0x07, 0x00, 0x07, 0x00, 0x07,
  0x80, 0x0E, 0xE0, 0x3C, 0xFF, 0xF8, 0x3F, 0xE0, 0x7F, 0xFC, 0xFF, 0xF8,
  0x00, 0xE0, 0x03, 0xC0, 0x07, 0x00, 0x1C, 0x00, 0x70, 0x01, 0xC0, 0x07,
  0x00, 0x1C, 0x00, 0x3F, 0x00, 0x7F, 0x80, 0x07, 0x80, 0x03, 0x80, 0x07,
  0x80, 0x07, 0x00, 0x0E, 0x00, 0x1C, 0x00, 0x38, 0x00, 0xE0, 0x01, 0xDC,
  0x0F, 0x3F, 0xFC, 0x1F, 0xE0, 0x0F, 0xF8, 0x03, 0xFE, 0x00, 0x00, 0x00,
  0x00, 0x00, 0x00, 0x00, 0x38, 0x00, 0xFE, 0x00, 0x3F, 0x80, 0x1F, 0xE0,
  0x0F, 0xF8, 0x03, 0x7E, 0x01, 0xDF, 0x80, 0xE7, 0xE0, 0x31, 0xF8, 0x1C,
  0x7E, 0x06, 0x1F, 0x83, 0x07, 0xE1, 0xC1, 0xF8, 0x60, 0x7E, 0x38, 0x1F,
  0x9C, 0x07, 0xE6, 0x01, 0xFB, 0x80, 0x7E, 0xC0, 0x1F, 0xE0, 0x07, 0xF8,
  0x01, 0xFC, 0x00, 0x7F, 0x00, 0x1C, 0x1F, 0xF0, 0x7F, 0xC0, 0x00, 0x00,
  0x00, 0xE0, 0x3F, 0x80, 0xFE, 0x07, 0xF8, 0x3F, 0xE0, 0xDF, 0x87, 0x7E,
  0x19, 0xF8, 0xE7, 0xE3, 0x1F, 0x9C, 0x7E, 0x61, 0xFB, 0x87, 0xEC, 0x1F,
  0xF0, 0x7F, 0x81, 0xFE, 0x07, 0xF0, 0x1C, 0x0E, 0x38, 0x03, 0x8E, 0x00,
  0xE3, 0x80, 0x00, 0x00, 0x00, 0x00, 0x00, 0x00, 0x0E, 0x00, 0x3F, 0x80,
  0x0F, 0xE0, 0x07, 0xF8, 0x03, 0xFE, 0x00, 0xDF, 0x80, 0x77, 0xE0, 0x19,
  0xF8, 0x0C, 0x7E, 0x07, 0x1F, 0x81, 0x87, 0xE0, 0xC1, 0xF8, 0x70, 0x7E,
  0x18, 0x1F, 0x8E, 0x07, 0xE7, 0x01, 0xF9, 0x80, 0x7E, 0xE0, 0x1F, 0xB0,
  0x07, 0xF8, 0x01, 0xFE, 0x00, 0x7F, 0x00, 0x1F, 0xC0, 0x07, 0x1C, 0x70,
  0x71, 0xC1, 0xC7, 0x00, 0x00, 0x00, 0x03, 0x80, 0xFE, 0x03, 0xF8, 0x1F,
  0xE0, 0x7F, 0x83, 0x7E, 0x0D, 0xF8, 0x67, 0xE3, 0x9F, 0x8C, 0x7E, 0x71,
  0xF9, 0x87, 0xEE, 0x1F, 0xB0, 0x7F, 0xC1, 0xFE, 0x07, 0xF8, 0x1F, 0xC0,
  0x70, 0x03, 0x8E, 0x00, 0x1C, 0x70, 0x00, 0xE3, 0x80, 0x00, 0x00, 0x00,
  0x00, 0x00, 0x00, 0x00, 0x00, 0x00, 0x00, 0x00, 0x3F, 0x80, 0x0F, 0xFF,
  0x80, 0xF0, 0x1E, 0x0F, 0x00, 0x78, 0xF0, 0x01, 0xC7, 0x00, 0x07, 0x38,
  0x00, 0x3B, 0x80, 0x00, 0xFC, 0x00, 0x07, 0xE0, 0x00, 0x3F, 0x00, 0x01,
  0xF8, 0x00, 0x0F, 0xC0, 0x00, 0x7E, 0x00, 0x03, 0xF0, 0x00, 0x1D, 0xC0,
  0x01, 0xCE, 0x00, 0x0E, 0x78, 0x00, 0xE1, 0xE0, 0x0F, 0x07, 0xC0, 0xF0,
  0x1F, 0xFE, 0x00, 0x1F, 0xC0, 0x00, 0x1C, 0x70, 0x1C, 0x70, 0x1C, 0x70,
  0x00, 0x00, 0x00, 0x00, 0x07, 0xE0, 0x1F, 0xF8, 0x3C, 0x3C, 0x70, 0x0E,
  0x70, 0x0E, 0xE0, 0x07, 0xE0, 0x07, 0xE0, 0x07, 0xE0, 0x07, 0xE0, 0x07,
  0xE0, 0x07, 0xE0, 0x07, 0x70, 0x0E, 0x70, 0x0E, 0x3C, 0x3C, 0x1F, 0xF8,
  0x07, 0xE0, 0x01, 0xFC, 0x00, 0x7F, 0xFC, 0x07, 0x80, 0xF0, 0x78, 0x01,
  0xC7, 0x80, 0x0E, 0x38, 0x00, 0x39, 0x80, 0x01, 0xDC, 0x00, 0x07, 0xE0,
  0x00, 0x3F, 0xFF, 0xFF, 0xFF, 0xFF, 0xFF, 0xC0, 0x00, 0x7E, 0x00, 0x03,
  0xF0, 0x00, 0x1F, 0x80, 0x00, 0xEE, 0x00, 0x0E, 0x70, 0x00, 0x73, 0xC0,
  0x07, 0x0F, 0x00, 0x78, 0x3E, 0x0F, 0x80, 0xFF, 0xF0, 0x00, 0xFE, 0x00,
  0x07, 0xE0, 0x1F, 0xF8, 0x38, 0x3C, 0x70, 0x0E, 0x70, 0x0E, 0xE0, 0x07,
  0xE0, 0x07, 0xFF, 0xFF, 0xFF, 0xFF, 0xE0, 0x07, 0xE0, 0x07, 0xE0, 0x07,
  0x70, 0x0E, 0x70, 0x0E, 0x3C, 0x3C, 0x1F, 0xF8, 0x07, 0xE0
 };

const GFXglyph NotoSans_Regular_Cyrillic_16pt16bGlyphs[] PROGMEM = {
// bmpOff,   w,   h,xAdv, xOff, yOff      range 0 (0x401 - 0x46b)
  {     0,  13,  28,  17,    3,  -27 },   // 0x401 uni0401  (#0)
  {    46,  21,  22,  24,    1,  -21 },   // 0x402 uni0402  (#1)
  {   104,  12,  30,  16,    3,  -29 },   // 0x403 uni0403  (#2)
  {   149,  17,  22,  20,    2,  -21 },   // 0x404 uni0404  (#3)
  {   196,  15,  22,  17,    1,  -21 },   // 0x405 uni0405  (#4)
  {   238,   3,  22,   9,    3,  -21 },   // 0x406 uni0406  (#5)
  {   247,   7,  28,   9,    1,  -27 },   // 0x407 uni0407  (#6)
  {   272,   9,  28,   9,   -3,  -21 },   // 0x408 uni0408  (#7)
  {   304,  30,  22,  33,    1,  -21 },   // 0x409 uni0409  (#8)
  {   387,  28,  22,  33,    3,  -21 },   // 0x40A uni040A  (#9)
  {   464,  20,  22,  23,    1,  -21 },   // 0x40B uni040B  (#10)
  {   519,  16,  30,  20,    3,  -29 },   // 0x40C uni040C  (#11)
  {   579,  18,  30,  24,    3,  -29 },   // 0x40D uni040D  (#12)
  {   647,  19,  29,  20,    1,  -28 },   // 0x40E uni040E  (#13)
  {   716,  17,  27,  23,    3,  -21 },   // 0x40F uni040F  (#14)
  {   774,  20,  22,  20,    0,  -21 },   // 0x410 uni0410  (#15)
  {   829,  15,  22,  20,    3,  -21 },   // 0x411 uni0411  (#16)
  {   871,  16,  22,  21,    3,  -21 },   // 0x412 uni0412  (#17)
  {   915,  12,  22,  16,    3,  -21 },   // 0x413 uni0413  (#18)
  {   948,  22,  27,  24,    1,  -21 },   // 0x414 uni0414  (#19)
  {  1023,  13,  22,  17,    3,  -21 },   // 0x415 uni0415  (#20)
  {  1059,  29,  22,  29,    0,  -21 },   // 0x416 uni0416  (#21)
  {  1139,  16,  22,  19,    1,  -21 },   // 0x417 uni0417  (#22)
  {  1183,  18,  22,  24,    3,  -21 },   // 0x418 uni0418  (#23)
  {  1233,  18,  28,  24,    3,  -27 },   // 0x419 uni0419  (#24)
  {  1296,  16,  22,  19,    3,  -21 },   // 0x41A uni041A  (#25)
  {  1340,  19,  22,  23,    1,  -21 },   // 0x41B uni041B  (#26)
  {  1393,  22,  22,  28,    3,  -21 },   // 0x41C uni041C  (#27)
  {  1454,  17,  22,  23,    3,  -21 },   // 0x41D uni041D  (#28)
  {  1501,  20,  22,  24,    2,  -21 },   // 0x41E uni041E  (#29)
  {  1556,  17,  22,  23,    3,  -21 },   // 0x41F uni041F  (#30)
  {  1603,  14,  22,  19,    3,  -21 },   // 0x420 uni0420  (#31)
  {  1642,  17,  22,  20,    2,  -21 },   // 0x421 uni0421  (#32)
  {  1689,  17,  22,  19,    1,  -21 },   // 0x422 uni0422  (#33)
  {  1736,  19,  22,  20,    1,  -21 },   // 0x423 uni0423  (#34)
  {  1789,  23,  22,  27,    2,  -21 },   // 0x424 uni0424  (#35)
  {  1853,  18,  22,  18,    0,  -21 },   // 0x425 uni0425  (#36)
  {  1903,  20,  27,  24,    3,  -21 },   // 0x426 uni0426  (#37)
  {  1971,  16,  22,  21,    2,  -21 },   // 0x427 uni0427  (#38)
  {  2015,  27,  22,  33,    3,  -21 },   // 0x428 uni0428  (#39)
  {  2090,  29,  27,  33,    3,  -21 },   // 0x429 uni0429  (#40)
  {  2188,  19,  22,  22,    1,  -21 },   // 0x42A uni042A  (#41)
  {  2241,  21,  22,  27,    3,  -21 },   // 0x42B uni042B  (#42)
  {  2299,  14,  22,  19,    3,  -21 },   // 0x42C uni042C  (#43)
  {  2338,  17,  22,  21,    2,  -21 },   // 0x42D uni042D  (#44)
  {  2385,  26,  22,  31,    3,  -21 },   // 0x42E uni042E  (#45)
  {  2457,  16,  22,  20,    1,  -21 },   // 0x42F uni042F  (#46)
  {  2501,  14,  17,  18,    1,  -16 },   // 0x430 uni0430  (#47)
  {  2531,  16,  25,  20,    2,  -24 },   // 0x431 uni0431  (#48)
  {  2581,  14,  17,  18,    3,  -16 },   // 0x432 uni0432  (#49)
  {  2611,  11,  17,  14,    3,  -16 },   // 0x433 uni0433  (#50)
  {  2635,  19,  21,  21,    1,  -16 },   // 0x434 uni0434  (#51)
  {  2685,  14,  17,  16,    1,  -16 },   // 0x435 uni0435  (#52)
  {  2715,  23,  17,  24,    1,  -16 },   // 0x436 uni0436  (#53)
  {  2764,  13,  17,  15,    1,  -16 },   // 0x437 uni0437  (#54)
  {  2792,  14,  17,  20,    3,  -16 },   // 0x438 uni0438  (#55)
  {  2822,  14,  23,  20,    3,  -22 },   // 0x439 uni0439  (#56)
  {  2863,  14,  17,  17,    3,  -16 },   // 0x43A uni043A  (#57)
  {  2893,  16,  17,  19,    0,  -16 },   // 0x43B uni043B  (#58)
  {  2927,  19,  17,  25,    3,  -16 },   // 0x43C uni043C  (#59)
  {  2968,  14,  17,  20,    3,  -16 },   // 0x43D uni043D  (#60)
  {  2998,  16,  17,  19,    1,  -16 },   // 0x43E uni043E  (#61)
  {  3032,  14,  17,  20,    3,  -16 },   // 0x43F uni043F  (#62)
  {  3062,  15,  24,  20,    3,  -16 },   // 0x440 uni0440  (#63)
  {  3107,  13,  17,  15,    1,  -16 },   // 0x441 uni0441  (#64)
  {  3135,  14,  17,  16,    1,  -16 },   // 0x442 uni0442  (#65)
  {  3165,  16,  24,  17,    1,  -16 },   // 0x443 uni0443  (#66)
  {  3213,  20,  31,  23,    1,  -23 },   // 0x444 uni0444  (#67)
  {  3291,  16,  17,  16,    0,  -16 },   // 0x445 uni0445  (#68)
  {  3325,  16,  21,  20,    3,  -16 },   // 0x446 uni0446  (#69)
  {  3367,  14,  17,  19,    2,  -16 },   // 0x447 uni0447  (#70)
  {  3397,  23,  17,  29,    3,  -16 },   // 0x448 uni0448  (#71)
  {  3446,  25,  21,  29,    3,  -16 },   // 0x449 uni0449  (#72)
  {  3512,  18,  17,  19,    0,  -16 },   // 0x44A uni044A  (#73)
  {  3551,  19,  17,  25,    3,  -16 },   // 0x44B uni044B  (#74)
  {  3592,  13,  17,  17,    3,  -16 },   // 0x44C uni044C  (#75)
  {  3620,  13,  17,  16,    1,  -16 },   // 0x44D uni044D  (#76)
  {  3648,  21,  17,  26,    3,  -16 },   // 0x44E uni044E  (#77)
  {  3693,  15,  17,  19,    1,  -16 },   // 0x44F uni044F  (#78)
  {  3725,  14,  24,  16,    1,  -23 },   // 0x450 uni0450  (#79)
  {  3767,  14,  22,  16,    1,  -21 },   // 0x451 uni0451  (#80)
  {  3806,  17,  30,  21,    1,  -22 },   // 0x452 uni0452  (#81)
  {  3870,  11,  24,  14,    3,  -23 },   // 0x453 uni0453  (#82)
  {  3903,  13,  17,  15,    1,  -16 },   // 0x454 uni0454  (#83)
  {  3931,  12,  17,  14,    1,  -16 },   // 0x455 uni0455  (#84)
  {  3957,   3,  22,   8,    3,  -21 },   // 0x456 uni0456  (#85)
  {  3966,   7,  22,   9,    1,  -21 },   // 0x457 uni0457  (#86)
  {  3986,   8,  29,   8,   -2,  -21 },   // 0x458 uni0458  (#87)
  {  4015,  25,  17,  26,    0,  -16 },   // 0x459 uni0459  (#88)
  {  4069,  24,  17,  28,    3,  -16 },   // 0x45A uni045A  (#89)
  {  4120,  17,  23,  21,    1,  -22 },   // 0x45B uni045B  (#90)
  {  4169,  14,  24,  17,    3,  -23 },   // 0x45C uni045C  (#91)
  {  4211,  14,  24,  20,    3,  -23 },   // 0x45D uni045D  (#92)
  {  4253,  16,  31,  17,    1,  -23 },   // 0x45E uni045E  (#93)
  {  4315,  14,  22,  20,    3,  -16 },   // 0x45F uni045F  (#94)
  {  4354,  27,  22,  29,    1,  -21 },   // 0x460 uni0460  (#95)
  {  4429,  23,  17,  25,    1,  -16 },   // 0x461 uni0461  (#96)
  {  4478,  19,  22,  22,    1,  -21 },   // 0x462 uni0462  (#97)
  {  4531,  18,  20,  21,    1,  -19 },   // 0x463 uni0463  (#98)
  {  4576,  25,  22,  29,    3,  -21 },   // 0x464 uni0464  (#99)
  {  4645,  20,  17,  24,    3,  -16 },   // 0x465 uni0465  (#100)
  {  4688,  21,  22,  21,    0,  -21 },   // 0x466 uni0466  (#101)
  {  4746,  19,  17,  19,    0,  -16 },   // 0x467 uni0467  (#102)
  {  4787,  26,  22,  29,    3,  -21 },   // 0x468 uni0468  (#103)
  {  4859,  22,  17,  25,    3,  -16 },   // 0x469 uni0469  (#104)
  {  4906,  22,  22,  22,    0,  -21 },   // 0x46A uni046A  (#105)
  {  4967,  20,  17,  20,    0,  -16 },   // 0x46B uni046B  (#106)
  {     0,   0,   0,   0,    0,    0 },   // 0x46C (skip)
  {     0,   0,   0,   0,    0,    0 },   // 0x46D (skip)
  {     0,   0,   0,   0,    0,    0 },   // 0x46E (skip)
  {     0,   0,   0,   0,    0,    0 },   // 0x46F (skip)
  {     0,   0,   0,   0,    0,    0 },   // 0x470 (skip)
  {     0,   0,   0,   0,    0,    0 },   // 0x471 (skip)
  {     0,   0,   0,   0,    0,    0 },   // 0x472 (skip)
  {     0,   0,   0,   0,    0,    0 },   // 0x473 (skip)
  {     0,   0,   0,   0,    0,    0 },   // 0x474 (skip)
  {     0,   0,   0,   0,    0,    0 },   // 0x475 (skip)
  {     0,   0,   0,   0,    0,    0 },   // 0x476 (skip)
  {     0,   0,   0,   0,    0,    0 },   // 0x477 (skip)
  {     0,   0,   0,   0,    0,    0 },   // 0x478 (skip)
  {     0,   0,   0,   0,    0,    0 },   // 0x479 (skip)
  {     0,   0,   0,   0,    0,    0 },   // 0x47A (skip)
  {     0,   0,   0,   0,    0,    0 },   // 0x47B (skip)
  {     0,   0,   0,   0,    0,    0 },   // 0x47C (skip)
  {     0,   0,   0,   0,    0,    0 },   // 0x47D (skip)
  {     0,   0,   0,   0,    0,    0 },   // 0x47E (skip)
  {     0,   0,   0,   0,    0,    0 },   // 0x47F (skip)
  {     0,   0,   0,   0,    0,    0 },   // 0x480 (skip)
  {     0,   0,   0,   0,    0,    0 },   // 0x481 (skip)
  {     0,   0,   0,   0,    0,    0 },   // 0x482 (skip)
  {     0,   0,   0,   0,    0,    0 },   // 0x483 (skip)
  {     0,   0,   0,   0,    0,    0 },   // 0x484 (skip)
  {     0,   0,   0,   0,    0,    0 },   // 0x485 (skip)
  {     0,   0,   0,   0,    0,    0 },   // 0x486 (skip)
  {     0,   0,   0,   0,    0,    0 },   // 0x487 (skip)
  {     0,   0,   0,   0,    0,    0 },   // 0x488 (skip)
  {     0,   0,   0,   0,    0,    0 },   // 0x489 (skip)
  {     0,   0,   0,   0,    0,    0 },   // 0x48A (skip)
  {     0,   0,   0,   0,    0,    0 },   // 0x48B (skip)
  {     0,   0,   0,   0,    0,    0 },   // 0x48C (skip)
  {     0,   0,   0,   0,    0,    0 },   // 0x48D (skip)
  {     0,   0,   0,   0,    0,    0 },   // 0x48E (skip)
  {     0,   0,   0,   0,    0,    0 },   // 0x48F (skip)
// bmpOff,   w,   h,xAdv, xOff, yOff      range 1 (0x490 - 0x4bb)
  {  5010,  13,  27,  17,    3,  -26 },   // 0x490 uni0490  (#107)
  {  5054,  10,  22,  14,    3,  -21 },   // 0x491 uni0491  (#108)
  {  5082,  15,  22,  17,    1,  -21 },   // 0x492 uni0492  (#109)
  {  5124,  13,  17,  14,    1,  -16 },   // 0x493 uni0493  (#110)
  {  5152,  16,  29,  20,    3,  -21 },   // 0x494 uni0494  (#111)
  {  5210,  13,  24,  17,    3,  -16 },   // 0x495 uni0495  (#112)
  {  5249,  28,  28,  29,    0,  -21 },   // 0x496 uni0496  (#113)
  {  5347,  24,  23,  25,    0,  -16 },   // 0x497 uni0497  (#114)
  {  5416,  16,  29,  19,    1,  -21 },   // 0x498 uni0498  (#115)
  {  5474,  13,  24,  15,    1,  -16 },   // 0x499 uni0499  (#116)
  {  5513,  18,  28,  22,    3,  -21 },   // 0x49A uni049A  (#117)
  {  5576,  14,  23,  18,    3,  -16 },   // 0x49B uni049B  (#118)
  {  5617,  17,  22,  20,    3,  -21 },   // 0x49C uni049C  (#119)
  {  5664,  14,  17,  17,    3,  -16 },   // 0x49D uni049D  (#120)
  {  5694,  19,  22,  19,    0,  -21 },   // 0x49E uni049E  (#121)
  {  5747,  16,  23,  18,    1,  -22 },   // 0x49F uni049F  (#122)
  {  5793,  22,  22,  23,    1,  -21 },   // 0x4A0 uni04A0  (#123)
  {  5854,  20,  17,  20,    0,  -16 },   // 0x4A1 uni04A1  (#124)
  {  5897,  20,  28,  24,    3,  -21 },   // 0x4A2 uni04A2  (#125)
  {  5967,  17,  23,  21,    3,  -16 },   // 0x4A3 uni04A3  (#126)
  {  6016,  23,  22,  26,    3,  -21 },   // 0x4A4 uni04A4  (#127)
  {  6080,  20,  17,  24,    3,  -16 },   // 0x4A5 uni04A5  (#128)
  {  6123,  29,  29,  33,    3,  -21 },   // 0x4A6 uni04A6  (#129)
  {  6229,  24,  24,  28,    3,  -16 },   // 0x4A7 uni04A7  (#130)
  {  6301,  21,  23,  24,    2,  -21 },   // 0x4A8 uni04A8  (#131)
  {  6362,  17,  17,  20,    2,  -16 },   // 0x4A9 uni04A9  (#132)
  {  6399,  17,  29,  20,    2,  -21 },   // 0x4AA uni04AA  (#133)
  {  6461,  12,  24,  15,    2,  -16 },   // 0x4AB uni04AB  (#134)
  {  6497,  17,  28,  19,    1,  -21 },   // 0x4AC uni04AC  (#135)
  {  6557,  14,  23,  16,    1,  -16 },   // 0x4AD uni04AD  (#136)
  {  6598,  17,  22,  17,    0,  -21 },   // 0x4AE uni04AE  (#137)
  {  6645,  17,  24,  17,    0,  -16 },   // 0x4AF uni04AF  (#138)
  {  6696,  18,  22,  18,    0,  -21 },   // 0x4B0 uni04B0  (#139)
  {  6746,  15,  24,  15,    0,  -16 },   // 0x4B1 uni04B1  (#140)
  {  6791,  19,  28,  21,    1,  -21 },   // 0x4B2 uni04B2  (#141)
  {  6858,  17,  23,  18,    0,  -16 },   // 0x4B3 uni04B3  (#142)
  {  6907,  26,  28,  28,    1,  -21 },   // 0x4B4 uni04B4  (#143)
  {  6998,  22,  23,  24,    1,  -16 },   // 0x4B5 uni04B5  (#144)
  {  7062,  19,  28,  22,    2,  -21 },   // 0x4B6 uni04B6  (#145)
  {  7129,  17,  23,  20,    2,  -16 },   // 0x4B7 uni04B7  (#146)
  {  7178,  16,  22,  21,    2,  -21 },   // 0x4B8 uni04B8  (#147)
  {  7222,  14,  17,  19,    2,  -16 },   // 0x4B9 uni04B9  (#148)
  {  7252,  16,  22,  22,    3,  -21 },   // 0x4BA uni04BA  (#149)
  {  7296,  14,  23,  20,    3,  -22 },   // 0x4BB uni04BB  (#150)
  {     0,   0,   0,   0,    0,    0 },   // 0x4BC (skip)
  {     0,   0,   0,   0,    0,    0 },   // 0x4BD (skip)
  {     0,   0,   0,   0,    0,    0 },   // 0x4BE (skip)
  {     0,   0,   0,   0,    0,    0 },   // 0x4BF (skip)
  {     0,   0,   0,   0,    0,    0 },   // 0x4C0 (skip)
  {     0,   0,   0,   0,    0,    0 },   // 0x4C1 (skip)
  {     0,   0,   0,   0,    0,    0 },   // 0x4C2 (skip)
  {     0,   0,   0,   0,    0,    0 },   // 0x4C3 (skip)
  {     0,   0,   0,   0,    0,    0 },   // 0x4C4 (skip)
  {     0,   0,   0,   0,    0,    0 },   // 0x4C5 (skip)
  {     0,   0,   0,   0,    0,    0 },   // 0x4C6 (skip)
  {     0,   0,   0,   0,    0,    0 },   // 0x4C7 (skip)
  {     0,   0,   0,   0,    0,    0 },   // 0x4C8 (skip)
  {     0,   0,   0,   0,    0,    0 },   // 0x4C9 (skip)
  {     0,   0,   0,   0,    0,    0 },   // 0x4CA (skip)
  {     0,   0,   0,   0,    0,    0 },   // 0x4CB (skip)
  {     0,   0,   0,   0,    0,    0 },   // 0x4CC (skip)
  {     0,   0,   0,   0,    0,    0 },   // 0x4CD (skip)
  {     0,   0,   0,   0,    0,    0 },   // 0x4CE (skip)
  {     0,   0,   0,   0,    0,    0 },   // 0x4CF (skip)
  {     0,   0,   0,   0,    0,    0 },   // 0x4D0 (skip)
  {     0,   0,   0,   0,    0,    0 },   // 0x4D1 (skip)
  {     0,   0,   0,   0,    0,    0 },   // 0x4D2 (skip)
  {     0,   0,   0,   0,    0,    0 },   // 0x4D3 (skip)
  {     0,   0,   0,   0,    0,    0 },   // 0x4D4 (skip)
  {     0,   0,   0,   0,    0,    0 },   // 0x4D5 (skip)
  {     0,   0,   0,   0,    0,    0 },   // 0x4D6 (skip)
  {     0,   0,   0,   0,    0,    0 },   // 0x4D7 (skip)
// bmpOff,   w,   h,xAdv, xOff, yOff      range 2 (0x4d8 - 0x4e9)
  {  7337,  19,  22,  23,    2,  -21 },   // 0x4D8 uni04D8  (#151)
  {  7390,  14,  17,  18,    2,  -16 },   // 0x4D9 uni04D9  (#152)
  {  7420,  19,  29,  23,    2,  -28 },   // 0x4DA uni04DA  (#153)
  {  7489,  14,  22,  18,    2,  -21 },   // 0x4DB uni04DB  (#154)
  {  7528,  29,  28,  29,    0,  -27 },   // 0x4DC uni04DC  (#155)
  {  7630,  23,  22,  24,    1,  -21 },   // 0x4DD uni04DD  (#156)
  {  7694,  16,  29,  19,    1,  -28 },   // 0x4DE uni04DE  (#157)
  {  7752,  13,  22,  15,    1,  -21 },   // 0x4DF uni04DF  (#158)
  {  7788,  16,  22,  19,    1,  -21 },   // 0x4E0 uni04E0  (#159)
  {  7832,  15,  24,  16,    0,  -16 },   // 0x4E1 uni04E1  (#160)
  {  7877,  18,  27,  24,    3,  -26 },   // 0x4E2 uni04E2  (#161)
  {  7938,  14,  21,  20,    3,  -20 },   // 0x4E3 uni04E3  (#162)
  {  7975,  18,  28,  24,    3,  -27 },   // 0x4E4 uni04E4  (#163)
  {  8038,  14,  22,  20,    3,  -21 },   // 0x4E5 uni04E5  (#164)
  {  8077,  21,  29,  25,    2,  -28 },   // 0x4E6 uni04E6  (#165)
  {  8154,  16,  22,  20,    2,  -21 },   // 0x4E7 uni04E7  (#166)
  {  8198,  21,  22,  25,    2,  -21 },   // 0x4E8 uni04E8  (#167)
  {  8256,  16,  17,  20,    2,  -16 } }; // 0x4E9 uni04E9  (#168)

const GFXfont NotoSans_Regular_Cyrillic_16pt16b PROGMEM = {
  (uint8_t  *)NotoSans_Regular_Cyrillic_16pt16bBitmaps,
  (GFXglyph *)NotoSans_Regular_Cyrillic_16pt16bGlyphs,
  0x401, // first
  0x4E9, // last
  43   //height
 };

// Approx. 9928 bytes

// /tmp/fontconvert_pinned -f /home/user/qmk_firmware/keyboards/polykybd/fonts/noto-sans/NotoSans-Regular.ttf -s 14 -H auto -v _Greek_ 900 901 913 929 931 969 
// Visualize your font via https://tchapi.github.io/Adafruit-GFX-Font-Customiser

/* num ranges: 3 */
const uint8_t NotoSans_Regular_Greek_14pt16bBitmaps[] PROGMEM = {
  /* range 0 (0x384 - 0x385): */  0x76, 0xEC, 0x0E, 0x3B, 0x7E, 0xDC, 0x60
  /* range 1 (0x391 - 0x3a1): */  , 0x01, 0xC0, 0x00, 0x70, 0x00,
  0x1E, 0x00, 0x0F, 0x80, 0x03, 0x70, 0x00, 0xCC, 0x00, 0x73, 0x00, 0x18,
  0xE0, 0x0E, 0x18, 0x03, 0x87, 0x00, 0xC1, 0xC0, 0x70, 0x30, 0x1F, 0xFE,
  0x0F, 0xFF, 0x83, 0x80, 0x60, 0xC0, 0x1C, 0x70, 0x03, 0x18, 0x00, 0xE6,
  0x00, 0x3B, 0x80, 0x06, 0xFF, 0xC3, 0xFF, 0xCE, 0x0F, 0x38, 0x0E, 0xE0,
  0x3B, 0x80, 0xEE, 0x03, 0xB8, 0x0C, 0xE0, 0x73, 0xFF, 0x0F, 0xFE, 0x38,
  0x1E, 0xE0, 0x3F, 0x80, 0x7E, 0x01, 0xF8, 0x07, 0xE0, 0x3F, 0x81, 0xEF,
  0xFF, 0x3F, 0xF0, 0xFF, 0xFF, 0xFF, 0x80, 0x70, 0x0E, 0x01, 0xC0, 0x38,
  0x07, 0x00, 0xE0, 0x1C, 0x03, 0x80, 0x70, 0x0E, 0x01, 0xC0, 0x38, 0x07,
  0x00, 0xE0, 0x1C, 0x03, 0x80, 0x70, 0x00, 0x01, 0xC0, 0x00, 0xE0, 0x00,
  0xF8, 0x00, 0x6C, 0x00, 0x36, 0x00, 0x3B, 0x80, 0x18, 0xC0, 0x1C, 0x70,
  0x0C, 0x18, 0x06, 0x0C, 0x07, 0x07, 0x03, 0x01, 0x83, 0x80, 0xE1, 0xC0,
  0x70, 0xC0, 0x18, 0xE0, 0x0E, 0x60, 0x03, 0x70, 0x01, 0xFF, 0xFF, 0xFF,
  0xFF, 0xF0, 0xFF, 0xFF, 0xFF, 0x80, 0x70, 0x0E, 0x01, 0xC0, 0x38, 0x07,
  0x00, 0xE0, 0x1F, 0xFF, 0xFF, 0xF0, 0x0E, 0x01, 0xC0, 0x38, 0x07, 0x00,
  0xE0, 0x1C, 0x03, 0xFF, 0xFF, 0xF0, 0xFF, 0xFB, 0xFF, 0xE0, 0x03, 0x80,
  0x1C, 0x00, 0xE0, 0x03, 0x80, 0x1C, 0x00, 0x60, 0x03, 0x80, 0x1C, 0x00,
  0x60, 0x03, 0x80, 0x0C, 0x00, 0x70, 0x03, 0x80, 0x0C, 0x00, 0x70, 0x03,
  0x80, 0x0F, 0xFF, 0xFF, 0xFF, 0xE0, 0x0F, 0xC0, 0x1F, 0x80, 0x3F, 0x00,
  0x7E, 0x00, 0xFC, 0x01, 0xF8, 0x03, 0xF0, 0x07, 0xE0, 0x0F, 0xFF, 0xFF,
  0xFF, 0xFF, 0x00, 0x7E, 0x00, 0xFC, 0x01, 0xF8, 0x03, 0xF0, 0x07, 0xE0,
  0x0F, 0xC0, 0x1F, 0x80, 0x3F, 0x00, 0x70, 0x03, 0xF0, 0x03, 0xFF, 0x03,
  0xE0, 0xF0, 0xE0, 0x1C, 0x70, 0x03, 0x9C, 0x00, 0xEE, 0x00, 0x1F, 0x80,
  0x07, 0xE0, 0x01, 0xF9, 0xFE, 0x7E, 0x7F, 0x9F, 0x80, 0x07, 0xE0, 0x01,
  0xF8, 0x00, 0x77, 0x00, 0x39, 0xC0, 0x0E, 0x38, 0x07, 0x0F, 0x03, 0xC0,
  0xFF, 0xC0, 0x0F, 0xC0, 0xFF, 0xFC, 0xE1, 0xC3, 0x87, 0x0E, 0x1C, 0x38,
  0x70, 0xE1, 0xC3, 0x87, 0x0E, 0x1C, 0x38, 0x73, 0xFF, 0xF0, 0xE0, 0x1D,
  0xC0, 0x73, 0x81, 0xC7, 0x03, 0x0E, 0x0E, 0x1C, 0x38, 0x38, 0xE0, 0x73,
  0x80, 0xEE, 0x01, 0xFC, 0x03, 0xFC, 0x07, 0x9C, 0x0E, 0x38, 0x1C, 0x38,
  0x38, 0x38, 0x70, 0x38, 0xE0, 0x71, 0xC0, 0x73, 0x80, 0x77, 0x00, 0x60,
  0x01, 0xC0, 0x00, 0xE0, 0x00, 0xF0, 0x00, 0x6C, 0x00, 0x36, 0x00, 0x33,
  0x00, 0x18, 0xC0, 0x0C, 0x60, 0x0C, 0x38, 0x06, 0x0C, 0x07, 0x06, 0x03,
  0x03, 0x81, 0x80, 0xC1, 0xC0, 0x60, 0xC0, 0x38, 0x60, 0x0C, 0x70, 0x06,
  0x30, 0x03, 0x98, 0x00, 0xDC, 0x00, 0x60, 0xF0, 0x00, 0xFF, 0x00, 0x1F,
  0xF0, 0x01, 0xFF, 0x80, 0x3F, 0xD8, 0x03, 0x7D, 0x80, 0x37, 0xDC, 0x06,
  0x7C, 0xC0, 0x67, 0xCE, 0x06, 0x7C, 0x60, 0xC7, 0xC6, 0x0C, 0x7C, 0x71,
  0xC7, 0xC3, 0x18, 0x7C, 0x31, 0x87, 0xC3, 0xB8, 0x7C, 0x1B, 0x07, 0xC1,
  0xF0, 0x7C, 0x0E, 0x07, 0xC0, 0xE0, 0x7C, 0x0E, 0x07, 0xE0, 0x07, 0xE0,
  0x0F, 0xC0, 0x1F, 0xC0, 0x3D, 0xC0, 0x7B, 0x80, 0xF3, 0x81, 0xE3, 0x03,
  0xC7, 0x07, 0x87, 0x0F, 0x0E, 0x1E, 0x0E, 0x3C, 0x0E, 0x78, 0x1C, 0xF0,
  0x1D, 0xE0, 0x1B, 0xC0, 0x3F, 0x80, 0x3F, 0x00, 0x7E, 0x00, 0x70, 0xFF,
  0xFB, 0xFF, 0xE0, 0x00, 0x00, 0x00, 0x00, 0x00, 0x00, 0x00, 0x00, 0x00,
  0x00, 0x00, 0x01, 0xFF, 0xC7, 0xFF, 0x00, 0x00, 0x00, 0x00, 0x00, 0x00,
  0x00, 0x00, 0x00, 0x00, 0x00, 0x00, 0x0F, 0xFF, 0xFF, 0xFF, 0x03, 0xF0,
  0x03, 0xFF, 0x03, 0xE0, 0xF0, 0xE0, 0x1C, 0x70, 0x03, 0x9C, 0x00, 0xEE,
  0x00, 0x1F, 0x80, 0x07, 0xE0, 0x01, 0xF8, 0x00, 0x7E, 0x00, 0x1F, 0x80,
  0x07, 0xE0, 0x01, 0xF8, 0x00, 0x77, 0x00, 0x39, 0xC0, 0x0E, 0x38, 0x07,
  0x0F, 0x03, 0xC0, 0xFF, 0xC0, 0x0F, 0xC0, 0xFF, 0xFF, 0xFF, 0xFF, 0x80,
  0x3F, 0x00, 0x7E, 0x00, 0xFC, 0x01, 0xF8, 0x03, 0xF0, 0x07, 0xE0, 0x0F,
  0xC0, 0x1F, 0x80, 0x3F, 0x00, 0x7E, 0x00, 0xFC, 0x01, 0xF8, 0x03, 0xF0,
  0x07, 0xE0, 0x0F, 0xC0, 0x1F, 0x80, 0x3F, 0x00, 0x70, 0xFF, 0x87, 0xFF,
  0x38, 0x3D, 0xC0, 0xFE, 0x03, 0xF0, 0x1F, 0x80, 0xFC, 0x07, 0xE0, 0x77,
  0x07, 0xBF, 0xF9, 0xFF, 0x0E, 0x00, 0x70, 0x03, 0x80, 0x1C, 0x00, 0xE0,
  0x07, 0x00, 0x38, 0x01, 0xC0, 0x00
  /* range 2 (0x3a3 - 0x3c9): */  , 0xFF, 0xFB, 0xFF, 0xEF, 0x00, 0x1C,
  0x00, 0x38, 0x00, 0x70, 0x00, 0xE0, 0x03, 0xC0, 0x07, 0x00, 0x0E, 0x00,
  0x30, 0x01, 0x80, 0x0E, 0x00, 0x70, 0x01, 0x80, 0x0C, 0x00, 0x70, 0x03,
  0x80, 0x0F, 0xFF, 0xFF, 0xFF, 0xFF, 0xFF, 0xFF, 0xFC, 0x0E, 0x00, 0x1C,
  0x00, 0x38, 0x00, 0x70, 0x00, 0xE0, 0x01, 0xC0, 0x03, 0x80, 0x07, 0x00,
  0x0E, 0x00, 0x1C, 0x00, 0x38, 0x00, 0x70, 0x00, 0xE0, 0x01, 0xC0, 0x03,
  0x80, 0x07, 0x00, 0x0E, 0x00, 0x1C, 0x00, 0x60, 0x03, 0x38, 0x03, 0x8E,
  0x03, 0x87, 0x01, 0xC1, 0xC1, 0xC0, 0xE0, 0xE0, 0x38, 0xE0, 0x1C, 0x70,
  0x07, 0x70, 0x03, 0xB0, 0x00, 0xF8, 0x00, 0x38, 0x00, 0x1C, 0x00, 0x0E,
  0x00, 0x07, 0x00, 0x03, 0x80, 0x01, 0xC0, 0x00, 0xE0, 0x00, 0x70, 0x00,
  0x38, 0x00, 0x00, 0x70, 0x00, 0x03, 0x80, 0x01, 0xFF, 0xC0, 0x3F, 0xFF,
  0x83, 0xC7, 0x1E, 0x38, 0x38, 0x3B, 0xC1, 0xC1, 0xFC, 0x0E, 0x07, 0xE0,
  0x70, 0x3F, 0x03, 0x81, 0xF8, 0x1C, 0x0F, 0xC0, 0xE0, 0x77, 0x07, 0x07,
  0x38, 0x38, 0x38, 0xF1, 0xC7, 0x83, 0xFF, 0xF8, 0x07, 0xFF, 0x00, 0x03,
  0x80, 0x00, 0x1C, 0x00, 0x00, 0xE0, 0x00, 0x70, 0x06, 0x70, 0x0E, 0x38,
  0x1C, 0x18, 0x18, 0x1C, 0x38, 0x0E, 0x70, 0x06, 0x60, 0x07, 0xE0, 0x03,
  0xC0, 0x01, 0x80, 0x03, 0xC0, 0x07, 0xE0, 0x06, 0x60, 0x0E, 0x70, 0x0C,
  0x38, 0x18, 0x38, 0x38, 0x1C, 0x30, 0x0C, 0x70, 0x0E, 0xE0, 0x07, 0xE1,
  0xC3, 0xF0, 0xE1, 0xF8, 0x70, 0xFC, 0x38, 0x7E, 0x1C, 0x3F, 0x0E, 0x1F,
  0x87, 0x0F, 0xC3, 0x87, 0xE1, 0xC3, 0xF0, 0xE1, 0xDC, 0x71, 0xCE, 0x38,
  0xE7, 0x9C, 0xE1, 0xFF, 0xF0, 0x3F, 0xE0, 0x03, 0x80, 0x01, 0xC0, 0x00,
  0xE0, 0x00, 0x70, 0x00, 0x38, 0x00, 0x03, 0xF0, 0x03, 0xFF, 0x01, 0xC0,
  0xF0, 0xE0, 0x1C, 0x70, 0x03, 0x9C, 0x00, 0xEE, 0x00, 0x1F, 0x80, 0x07,
  0xE0, 0x01, 0xF8, 0x00, 0x7E, 0x00, 0x1F, 0x80, 0x07, 0xE0, 0x01, 0xDC,
  0x00, 0xE7, 0x00, 0x38, 0xE0, 0x1C, 0x18, 0x06, 0x03, 0x03, 0x0F, 0xE1,
  0xFF, 0xF8, 0x7F, 0xE7, 0xE7, 0x00, 0x00, 0x00, 0xFE, 0xFE, 0x18, 0x18,
  0x18, 0x18, 0x18, 0x18, 0x18, 0x18, 0x18, 0x18, 0x18, 0x18, 0x18, 0x18,
  0x18, 0x18, 0xFE, 0xFE, 0x0E, 0x38, 0x07, 0x1C, 0x00, 0x00, 0x00, 0x00,
  0x00, 0x00, 0x07, 0x00, 0x1D, 0xC0, 0x1C, 0xE0, 0x0C, 0x38, 0x0E, 0x0C,
  0x06, 0x07, 0x06, 0x01, 0xC7, 0x00, 0xE3, 0x00, 0x3B, 0x00, 0x1D, 0x80,
  0x07, 0x80, 0x01, 0x80, 0x00, 0xC0, 0x00, 0x60, 0x00, 0x30, 0x00, 0x18,
  0x00, 0x0C, 0x00, 0x06, 0x00, 0x03, 0x00, 0x01, 0x80, 0x00, 0x01, 0x80,
  0x03, 0x00, 0x0C, 0x00, 0x18, 0x00, 0x00, 0x00, 0x00, 0x07, 0xCE, 0x1F,
  0xDC, 0x78, 0xF8, 0xE0, 0xF3, 0x80, 0xE7, 0x01, 0xCE, 0x03, 0x9C, 0x07,
  0x38, 0x0E, 0x70, 0x1C, 0xE0, 0x38, 0xE0, 0xF1, 0xE3, 0xE1, 0xFD, 0xF1,
  0xF1, 0xE0, 0x01, 0x80, 0x70, 0x0C, 0x01, 0x00, 0x00, 0x00, 0x0F, 0xE3,
  0xFF, 0xF0, 0x5C, 0x03, 0x80, 0x38, 0x03, 0xF0, 0x7E, 0x1C, 0x07, 0x00,
  0xE0, 0x1C, 0x03, 0xC0, 0xBF, 0xF1, 0xFC, 0x06, 0x00, 0x60, 0x04, 0x00,
  0xC0, 0x00, 0x00, 0x00, 0xE7, 0xCE, 0xFE, 0xF8, 0xFF, 0x07, 0xE0, 0x7E,
  0x07, 0xE0, 0x7E, 0x07, 0xE0, 0x7E, 0x07, 0xE0, 0x7E, 0x07, 0xE0, 0x7E,
  0x07, 0xE0, 0x70, 0x07, 0x00, 0x70, 0x07, 0x00, 0x70, 0x07, 0x00, 0x70,
  0x07, 0x38, 0x60, 0xC3, 0x00, 0x00, 0x38, 0x70, 0xE1, 0xC3, 0x87, 0x0E,
  0x1C, 0x38, 0x70, 0xE1, 0xC3, 0xC3, 0xF3, 0xE0, 0x03, 0x81, 0xDB, 0x8E,
  0xDC, 0x0C, 0x00, 0x00, 0x00, 0x03, 0x81, 0xDC, 0x06, 0xE0, 0x3F, 0x01,
  0xF8, 0x0F, 0xC0, 0x7E, 0x03, 0xF0, 0x1F, 0x80, 0xFC, 0x07, 0xE0, 0x77,
  0x03, 0x9C, 0x3C, 0xFF, 0xC1, 0xF8, 0x00, 0x1F, 0x38, 0x7F, 0x71, 0xE3,
  0xE3, 0x83, 0xCE, 0x03, 0x9C, 0x07, 0x38, 0x0E, 0x70, 0x1C, 0xE0, 0x39,
  0xC0, 0x73, 0x80, 0xE3, 0x83, 0xC7, 0x8F, 0x87, 0xF7, 0xC7, 0xC7, 0x80,
  0x1F, 0x81, 0xFF, 0x1C, 0x39, 0xE0, 0xEE, 0x07, 0x70, 0x3B, 0x81, 0xDC,
  0x0C, 0xE0, 0xE7, 0x3C, 0x39, 0xF1, 0xC1, 0xEE, 0x07, 0x70, 0x1F, 0x80,
  0xFC, 0x07, 0xE0, 0x3F, 0x03, 0xFC, 0x3D, 0xFF, 0xCE, 0xFC, 0x70, 0x03,
  0x80, 0x1C, 0x00, 0xE0, 0x07, 0x00, 0x38, 0x01, 0xC0, 0x00, 0xC0, 0x3F,
  0x01, 0xD8, 0x0E, 0xC0, 0x77, 0x03, 0x98, 0x1C, 0xE1, 0xC7, 0x0E, 0x18,
  0x70, 0xE3, 0x07, 0x38, 0x19, 0x80, 0xFC, 0x07, 0xC0, 0x1C, 0x00, 0xE0,
  0x07, 0x00, 0x38, 0x01, 0xC0, 0x0E, 0x00, 0x70, 0x00, 0x07, 0xE0, 0x7F,
  0xE3, 0xC3, 0x8E, 0x00, 0x38, 0x00, 0xF0, 0x01, 0xE0, 0x03, 0xE0, 0x0F,
  0xE0, 0xF3, 0xC7, 0x07, 0x9C, 0x0E, 0xE0, 0x1F, 0x80, 0x7E, 0x01, 0xF8,
  0x07, 0xE0, 0x1D, 0xC0, 0xE7, 0x87, 0x8F, 0xFC, 0x0F, 0xC0, 0x3F, 0x8F,
  0xFF, 0xC1, 0x70, 0x0E, 0x00, 0xE0, 0x0F, 0xC1, 0xF8, 0x70, 0x1C, 0x03,
  0x80, 0x70, 0x0F, 0x02, 0xFF, 0xC7, 0xF0, 0x7F, 0xEF, 0xFC, 0x07, 0x00,
  0xE0, 0x38, 0x0E, 0x03, 0xC0, 0x70, 0x1C, 0x07, 0x00, 0xE0, 0x38, 0x07,
  0x01, 0xC0, 0x38, 0x07, 0x00, 0xE0, 0x1E, 0x01, 0xE0, 0x1F, 0x81, 0xFC,
  0x07, 0xC0, 0x38, 0x07, 0x00, 0xE0, 0x38, 0x06, 0x00, 0xE7, 0xCE, 0xFE,
  0xF8, 0xFF, 0x07, 0xE0, 0x7E, 0x07, 0xE0, 0x7E, 0x07, 0xE0, 0x7E, 0x07,
  0xE0, 0x7E, 0x07, 0xE0, 0x7E, 0x07, 0xE0, 0x70, 0x07, 0x00, 0x70, 0x07,
  0x00, 0x70, 0x07, 0x00, 0x70, 0x07, 0x0F, 0xC0, 0x7F, 0x83, 0x87, 0x1C,
  0x0E, 0x70, 0x39, 0x80, 0x6E, 0x01, 0xF8, 0x07, 0xE0, 0x1F, 0xFF, 0xFF,
  0xFF, 0xF8, 0x07, 0xE0, 0x1F, 0x80, 0x7E, 0x01, 0xD8, 0x06, 0x70, 0x39,
  0xC0, 0xE3, 0x87, 0x07, 0xF8, 0x0F, 0xC0, 0xE1, 0xC3, 0x87, 0x0E, 0x1C,
  0x38, 0x70, 0xE1, 0xC3, 0x87, 0x0F, 0x0F, 0xCF, 0x80, 0xE0, 0x77, 0x07,
  0x38, 0x71, 0xC7, 0x0E, 0x70, 0x73, 0x03, 0xB8, 0x1F, 0xC0, 0xFF, 0x07,
  0x1C, 0x38, 0xE1, 0xC3, 0x8E, 0x0E, 0x70, 0x33, 0x81, 0xC0, 0xF0, 0x03,
  0xF0, 0x01, 0xC0, 0x03, 0x80, 0x06, 0x00, 0x1C, 0x00, 0x30, 0x01, 0xE0,
  0x07, 0x80, 0x36, 0x00, 0xDC, 0x03, 0x30, 0x1C, 0xC0, 0x63, 0x81, 0x86,
  0x0E, 0x1C, 0x30, 0x70, 0xC0, 0xC7, 0x03, 0x98, 0x07, 0xE0, 0x1C, 0xE0,
  0x3B, 0x80, 0xEE, 0x03, 0xB8, 0x0E, 0xE0, 0x3B, 0x80, 0xEE, 0x03, 0xB8,
  0x0E, 0xE0, 0x3B, 0x80, 0xEE, 0x03, 0xB8, 0x1E, 0xF0, 0xFB, 0xFE, 0xFE,
  0xF1, 0xF8, 0x00, 0xE0, 0x03, 0x80, 0x0E, 0x00, 0x38, 0x00, 0xE0, 0x03,
  0x80, 0x00, 0xE0, 0x1D, 0x80, 0x76, 0x01, 0xDC, 0x07, 0x30, 0x1C, 0xC0,
  0x63, 0x83, 0x86, 0x0E, 0x18, 0x30, 0x71, 0xC0, 0xC7, 0x03, 0x38, 0x0F,
  0xC0, 0x1E, 0x00, 0x70, 0x00, 0x7F, 0xEF, 0xFC, 0x78, 0x1C, 0x07, 0x00,
  0xE0, 0x1C, 0x03, 0x80, 0x38, 0x03, 0xFC, 0x3F, 0x9C, 0x07, 0x01, 0xC0,
  0x38, 0x07, 0x00, 0xE0, 0x1E, 0x01, 0xE0, 0x1F, 0x81, 0xFC, 0x03, 0xC0,
  0x38, 0x07, 0x00, 0xE0, 0x38, 0x06, 0x00, 0x0F, 0xC0, 0xFF, 0xC7, 0x87,
  0x9C, 0x0E, 0xE0, 0x1F, 0x80, 0x7E, 0x01, 0xF8, 0x07, 0xE0, 0x1F, 0x80,
  0x7E, 0x01, 0xDC, 0x0E, 0x78, 0x78, 0xFF, 0xC0, 0xFC, 0x00, 0xFF, 0xFF,
  0xFF, 0xFF, 0xC7, 0x07, 0x03, 0x83, 0x81, 0xC1, 0xC0, 0xE0, 0xE0, 0x70,
  0x70, 0x38, 0x38, 0x1C, 0x1C, 0x0E, 0x0E, 0x07, 0x07, 0x03, 0x83, 0x81,
  0xC1, 0xC0, 0xE0, 0xFC, 0x70, 0x3E, 0x0F, 0x81, 0xFF, 0x1E, 0x3C, 0xE0,
  0xEE, 0x03, 0xF0, 0x1F, 0x80, 0xFC, 0x07, 0xE0, 0x3F, 0x01, 0xF8, 0x0F,
  0xC0, 0xEF, 0x0F, 0x7F, 0xF3, 0xBE, 0x1C, 0x00, 0xE0, 0x07, 0x00, 0x38,
  0x01, 0xC0, 0x0E, 0x00, 0x70, 0x00, 0x0F, 0xC7, 0xF9, 0xE1, 0x38, 0x0E,
  0x01, 0xC0, 0x38, 0x07, 0x00, 0xE0, 0x1C, 0x03, 0xC0, 0x38, 0x07, 0x80,
  0x7E, 0x03, 0xF0, 0x0F, 0x00, 0xE0, 0x1C, 0x03, 0x80, 0xE0, 0x1C, 0x0F,
  0xFE, 0x7F, 0xFD, 0xF1, 0xC3, 0x81, 0xCF, 0x03, 0x9C, 0x03, 0xB8, 0x07,
  0x70, 0x0E, 0xE0, 0x1D, 0xC0, 0x3B, 0x80, 0x73, 0x81, 0xC7, 0x87, 0x07,
  0xFE, 0x03, 0xF0, 0x00, 0xFF, 0xFF, 0xFF, 0x0E, 0x00, 0xE0, 0x0E, 0x00,
  0xE0, 0x0E, 0x00, 0xE0, 0x0E, 0x00, 0xE0, 0x0E, 0x00, 0xE0, 0x0F, 0x00,
  0x7E, 0x03, 0xE0, 0xE0, 0x77, 0x01, 0xB8, 0x0F, 0xC0, 0x7E, 0x03, 0xF0,
  0x1F, 0x80, 0xFC, 0x07, 0xE0, 0x3F, 0x01, 0xF8, 0x1D, 0xC0, 0xE7, 0x0F,
  0x3F, 0xF0, 0x7E, 0x00, 0x01, 0xC0, 0x00, 0xE0, 0x00, 0x70, 0x00, 0x38,
  0x00, 0x1C, 0x00, 0x0E, 0x00, 0x1F, 0xC0, 0x3F, 0xF8, 0x39, 0xDE, 0x38,
  0xE3, 0x98, 0x71, 0xDC, 0x38, 0x7E, 0x1C, 0x3F, 0x0E, 0x1F, 0x87, 0x0F,
  0xC3, 0x87, 0xE1, 0xC3, 0xB8, 0xE3, 0x9E, 0x73, 0xC7, 0xFF, 0xC0, 0xFF,
  0xC0, 0x0E, 0x00, 0x07, 0x00, 0x03, 0x80, 0x01, 0xC0, 0x00, 0xE0, 0x00,
  0x70, 0x00, 0x38, 0x00, 0xE0, 0x06, 0xF0, 0x0E, 0x38, 0x0C, 0x38, 0x18,
  0x1C, 0x38, 0x1C, 0x30, 0x0E, 0x70, 0x0E, 0x60, 0x06, 0xE0, 0x07, 0xC0,
  0x03, 0x80, 0x03, 0x80, 0x03, 0x80, 0x07, 0xC0, 0x0E, 0xC0, 0x0C, 0xE0,
  0x1C, 0x60, 0x18, 0x70, 0x30, 0x30, 0x70, 0x38, 0x60, 0x1F, 0xE0, 0x0F,
  0x01, 0xC0, 0x00, 0xE0, 0x00, 0x70, 0x00, 0x38, 0x00, 0x1C, 0x00, 0x0E,
  0x03, 0x87, 0x1D, 0xC3, 0x86, 0xE1, 0xC3, 0xF0, 0xE1, 0xF8, 0x70, 0xFC,
  0x38, 0x7E, 0x1C, 0x3F, 0x0E, 0x1F, 0x87, 0x0F, 0xC3, 0x87, 0xE1, 0xC7,
  0xB8, 0xE3, 0x9E, 0x73, 0xC7, 0xFF, 0xC0, 0xFF, 0x80, 0x0E, 0x00, 0x07,
  0x00, 0x03, 0x80, 0x01, 0xC0, 0x00, 0xE0, 0x00, 0x70, 0x00, 0x38, 0x00,
  0x18, 0x03, 0x06, 0x00, 0x31, 0xC0, 0x07, 0x30, 0x00, 0xEE, 0x00, 0x0F,
  0xC1, 0xC1, 0xF8, 0x38, 0x3F, 0x07, 0x07, 0xE0, 0xE0, 0xFC, 0x1C, 0x1F,
  0x83, 0x83, 0xB8, 0x70, 0xE7, 0x1B, 0x1C, 0x7F, 0x7F, 0x07, 0xC7, 0xC0
 };

const GFXglyph NotoSans_Regular_Greek_14pt16bGlyphs[] PROGMEM = {
// bmpOff,   w,   h,xAdv, xOff, yOff      range 0 (0x384 - 0x385)
  {     0,   4,   4,   6,    1,  -20 },   // 0x384 tonos  (#0)
  {     2,  10,   4,  18,    4,  -20 },   // 0x385 dieresistonos  (#1)
  {     0,   0,   0,   0,    0,    0 },   // 0x386 (skip)
  {     0,   0,   0,   0,    0,    0 },   // 0x387 (skip)
  {     0,   0,   0,   0,    0,    0 },   // 0x388 (skip)
  {     0,   0,   0,   0,    0,    0 },   // 0x389 (skip)
  {     0,   0,   0,   0,    0,    0 },   // 0x38A (skip)
  {     0,   0,   0,   0,    0,    0 },   // 0x38B (skip)
  {     0,   0,   0,   0,    0,    0 },   // 0x38C (skip)
  {     0,   0,   0,   0,    0,    0 },   // 0x38D (skip)
  {     0,   0,   0,   0,    0,    0 },   // 0x38E (skip)
  {     0,   0,   0,   0,    0,    0 },   // 0x38F (skip)
  {     0,   0,   0,   0,    0,    0 },   // 0x390 (skip)
// bmpOff,   w,   h,xAdv, xOff, yOff      range 1 (0x391 - 0x3a1)
  {     7,  18,  20,  18,    0,  -19 },   // 0x391 Alpha  (#2)
  {    52,  14,  20,  18,    3,  -19 },   // 0x392 Beta  (#3)
  {    87,  11,  20,  14,    3,  -19 },   // 0x393 Gamma  (#4)
  {   115,  17,  20,  19,    1,  -19 },   // 0x394 uni0394  (#5)
  {   158,  11,  20,  16,    3,  -19 },   // 0x395 Epsilon  (#6)
  {   186,  14,  20,  16,    1,  -19 },   // 0x396 Zeta  (#7)
  {   221,  15,  20,  21,    3,  -19 },   // 0x397 Eta  (#8)
  {   259,  18,  20,  22,    2,  -19 },   // 0x398 Theta  (#9)
  {   304,   7,  20,   9,    1,  -19 },   // 0x399 Iota  (#10)
  {   322,  15,  20,  18,    3,  -19 },   // 0x39A Kappa  (#11)
  {   360,  17,  20,  17,    0,  -19 },   // 0x39B Lambda  (#12)
  {   403,  20,  20,  26,    3,  -19 },   // 0x39C Mu  (#13)
  {   453,  15,  20,  21,    3,  -19 },   // 0x39D Nu  (#14)
  {   491,  14,  20,  18,    2,  -19 },   // 0x39E Xi  (#15)
  {   526,  18,  20,  22,    2,  -19 },   // 0x39F Omicron  (#16)
  {   571,  15,  20,  21,    3,  -19 },   // 0x3A0 Pi  (#17)
  {   609,  13,  20,  17,    3,  -19 },   // 0x3A1 Rho  (#18)
  {     0,   0,   0,   0,    0,    0 },   // 0x3A2 (skip)
// bmpOff,   w,   h,xAdv, xOff, yOff      range 2 (0x3a3 - 0x3c9)
  {   642,  14,  20,  16,    1,  -19 },   // 0x3A3 Sigma  (#19)
  {   677,  15,  20,  17,    1,  -19 },   // 0x3A4 Tau  (#20)
  {   715,  17,  20,  17,    0,  -19 },   // 0x3A5 Upsilon  (#21)
  {   758,  21,  20,  23,    1,  -19 },   // 0x3A6 Phi  (#22)
  {   811,  16,  20,  16,    0,  -19 },   // 0x3A7 Chi  (#23)
  {   851,  17,  20,  22,    2,  -19 },   // 0x3A8 Psi  (#24)
  {   894,  18,  20,  20,    1,  -19 },   // 0x3A9 uni03A9  (#25)
  {   939,   8,  25,  10,    1,  -24 },   // 0x3AA Iotadieresis  (#26)
  {   964,  17,  25,  17,    0,  -24 },   // 0x3AB Upsilondieresis  (#27)
  {  1018,  15,  21,  18,    2,  -20 },   // 0x3AC alphatonos  (#28)
  {  1058,  11,  21,  13,    1,  -20 },   // 0x3AD epsilontonos  (#29)
  {  1087,  12,  28,  16,    2,  -20 },   // 0x3AE etatonos  (#30)
  {  1129,   7,  21,   9,    2,  -20 },   // 0x3AF iotatonos  (#31)
  {  1148,  13,  21,  17,    2,  -20 },   // 0x3B0 upsilondieresistonos  (#32)
  {  1183,  15,  15,  18,    2,  -14 },   // 0x3B1 alpha  (#33)
  {  1212,  13,  28,  17,    2,  -20 },   // 0x3B2 beta  (#34)
  {  1258,  13,  21,  14,    0,  -14 },   // 0x3B3 gamma  (#35)
  {  1293,  14,  21,  16,    1,  -20 },   // 0x3B4 delta  (#36)
  {  1330,  11,  15,  13,    1,  -14 },   // 0x3B5 epsilon  (#37)
  {  1351,  11,  27,  14,    2,  -20 },   // 0x3B6 zeta  (#38)
  {  1389,  12,  22,  16,    2,  -14 },   // 0x3B7 eta  (#39)
  {  1422,  14,  21,  17,    2,  -20 },   // 0x3B8 theta  (#40)
  {  1459,   7,  15,   9,    2,  -14 },   // 0x3B9 iota  (#41)
  {  1473,  13,  15,  15,    2,  -14 },   // 0x3BA kappa  (#42)
  {  1498,  14,  21,  14,    0,  -20 },   // 0x3BB lambda  (#43)
  {  1535,  14,  22,  17,    2,  -14 },   // 0x3BC uni03BC  (#44)
  {  1574,  14,  15,  15,    0,  -14 },   // 0x3BD nu  (#45)
  {  1601,  11,  27,  14,    2,  -20 },   // 0x3BE xi  (#46)
  {  1639,  14,  15,  17,    2,  -14 },   // 0x3BF omicron  (#47)
  {  1666,  17,  15,  19,    1,  -14 },   // 0x3C0 pi  (#48)
  {  1698,  13,  22,  17,    2,  -14 },   // 0x3C1 rho  (#49)
  {  1734,  11,  21,  14,    2,  -14 },   // 0x3C2 uni03C2  (#50)
  {  1763,  15,  15,  17,    2,  -14 },   // 0x3C3 sigma  (#51)
  {  1792,  12,  15,  14,    1,  -14 },   // 0x3C4 tau  (#52)
  {  1815,  13,  15,  17,    2,  -14 },   // 0x3C5 upsilon  (#53)
  {  1840,  17,  28,  20,    2,  -20 },   // 0x3C6 phi  (#54)
  {  1900,  16,  22,  17,    1,  -14 },   // 0x3C7 chi  (#55)
  {  1944,  17,  28,  21,    2,  -20 },   // 0x3C8 psi  (#56)
  {  2004,  19,  15,  23,    2,  -14 } }; // 0x3C9 omega  (#57)

const GFXfont NotoSans_Regular_Greek_14pt16b PROGMEM = {
  (uint8_t  *)NotoSans_Regular_Greek_14pt16bBitmaps,
  (GFXglyph *)NotoSans_Regular_Greek_14pt16bGlyphs,
  0x384, // first
  0x3C9, // last
  37   //height
 };

// Approx. 2537 bytes

// /tmp/fontconvert_pinned -f /home/user/qmk_firmware/keyboards/polykybd/fonts/noto-sans/NotoSans-Regular.ttf -s 14 -H auto -v _LetterMod_ 710 733 
// Visualize your font via https://tchapi.github.io/Adafruit-GFX-Font-Customiser

/* num ranges: 1 */
const uint8_t NotoSans_Regular_LetterMod_14pt16bBitmaps[] PROGMEM = {
  /* range 0 (0x2c6 - 0x2dd): */  0x1C, 0x0F, 0x0F, 0x8E, 0x6C, 0x18, 0xC0, 0xB1, 0xCD, 0xC7, 0xC1, 0xC0,
  0xFF, 0xFC, 0xFF, 0xFF, 0x1C, 0xE3, 0x18, 0xC0, 0xE1, 0xC7, 0x0E, 0x1C,
  0xFF, 0xFC, 0xFF, 0xFF, 0xE1, 0xC7, 0x0E, 0x1C, 0x1C, 0xE3, 0x18, 0xC0,
  0xFB, 0x88, 0x40, 0x00, 0x00, 0x00, 0x08, 0x47, 0x7C, 0xFB, 0x88, 0x40,
  0xDC, 0x9F, 0x80, 0x7E, 0x4E, 0xC0, 0x30, 0xC3, 0x3F, 0xFC, 0xFF, 0xF3,
  0x0C, 0x30, 0x33, 0xFF, 0xCC, 0x30, 0xFF, 0xF0, 0x81, 0xC3, 0x7F, 0x3C,
  0xFF, 0x80, 0x7B, 0xF8, 0xE3, 0xFD, 0xE0, 0x33, 0x31, 0x8C, 0x7D, 0xE0,
  0x38, 0x5F, 0x3C, 0xFB, 0x0E, 0x39, 0xCC, 0xE6, 0x33, 0x18
 };

const GFXglyph NotoSans_Regular_LetterMod_14pt16bGlyphs[] PROGMEM = {
// bmpOff,   w,   h,xAdv, xOff, yOff      range 0 (0x2c6 - 0x2dd)
  {     0,   9,   5,  11,    1,  -21 },   // 0x2C6 circumflex  (#0)
  {     6,   9,   5,  11,    1,  -21 },   // 0x2C7 caron  (#1)
  {    12,   2,   7,   4,    1,  -20 },   // 0x2C8 uni02C8  (#2)
  {    14,   8,   2,  10,    1,  -18 },   // 0x2C9 macronmod  (#3)
  {    16,   6,   5,   8,    1,  -21 },   // 0x2CA acutemod  (#4)
  {    20,   6,   5,   8,    1,  -21 },   // 0x2CB gravemod  (#5)
  {    24,   2,   7,   4,    1,    0 },   // 0x2CC uni02CC  (#6)
  {    26,   8,   2,  10,    1,    3 },   // 0x2CD uni02CD  (#7)
  {    28,   6,   5,   8,    1,    2 },   // 0x2CE uni02CE  (#8)
  {    32,   6,   5,   8,    1,    2 },   // 0x2CF uni02CF  (#9)
  {    36,   5,  14,   9,    2,  -13 },   // 0x2D0 uni02D0  (#10)
  {    45,   5,   4,   9,    2,  -14 },   // 0x2D1 uni02D1  (#11)
  {    48,   3,   6,   5,    1,  -10 },   // 0x2D2 uni02D2  (#12)
  {    51,   3,   6,   5,    1,  -10 },   // 0x2D3 uni02D3  (#13)
  {    54,   6,   5,   8,    1,  -10 },   // 0x2D4 uni02D4  (#14)
  {    58,   6,   5,   8,    1,  -10 },   // 0x2D5 uni02D5  (#15)
  {    62,   6,   5,   8,    1,  -10 },   // 0x2D6 uni02D6  (#16)
  {    66,   6,   2,   8,    1,   -8 },   // 0x2D7 uni02D7  (#17)
  {    68,   8,   4,  11,    1,  -20 },   // 0x2D8 breve  (#18)
  {    72,   3,   3,   5,    1,  -19 },   // 0x2D9 dotaccent  (#19)
  {    74,   6,   6,   8,    1,  -22 },   // 0x2DA ring  (#20)
  {    79,   5,   7,   7,    1,    0 },   // 0x2DB ogonek  (#21)
  {    84,  10,   4,  12,    1,  -20 },   // 0x2DC tilde  (#22)
  {    89,  10,   4,  12,    1,  -20 } }; // 0x2DD hungarumlaut  (#23)

const GFXfont NotoSans_Regular_LetterMod_14pt16b PROGMEM = {
  (uint8_t  *)NotoSans_Regular_LetterMod_14pt16bBitmaps,
  (GFXglyph *)NotoSans_Regular_LetterMod_14pt16bGlyphs,
  0x2C6, // first
  0x2DD, // last
  37   //height
 };

// Approx. 269 bytes

// /tmp/fontconvert_pinned -f /home/user/qmk_firmware/keyboards/polykybd/fonts/noto-sans/NotoSans-Regular.ttf -s 14 -H auto -v _SZ_ -r 44 7838 7838 
// Visualize your font via https://tchapi.github.io/Adafruit-GFX-Font-Customiser

/* num ranges: 1 */
const uint8_t NotoSans_Regular_SZ_14pt16bBitmaps[] PROGMEM = {
  /* range 0 (0x1e9e - 0x1e9e): */  0x0F, 0xC0, 0x3F, 0xF0, 0x78, 0x38, 0x70, 0x18, 0xE0, 0x18, 0xE0, 0x30,
  0xE0, 0x60, 0xE0, 0xC0, 0xE1, 0xF8, 0xE1, 0xFC, 0xE0, 0x1E, 0xE0, 0x0F,
  0xE0, 0x07, 0xE0, 0x07, 0xE0, 0x07, 0xE0, 0x07, 0xE0, 0x0F, 0xEC, 0x1E,
  0xEF, 0xFC, 0xE7, 0xF8
 };

const GFXglyph NotoSans_Regular_SZ_14pt16bGlyphs[] PROGMEM = {
// bmpOff,   w,   h,xAdv, xOff, yOff      range 0 (0x1e9e - 0x1e9e)
  {     0,  16,  20,  19,    2,  -19 } }; // 0x1E9E uni1E9E  (#0)

const GFXfont NotoSans_Regular_SZ_14pt16b PROGMEM = {
  (uint8_t  *)NotoSans_Regular_SZ_14pt16bBitmaps,
  (GFXglyph *)NotoSans_Regular_SZ_14pt16bGlyphs,
  0x1E9E, // first
  0x1E9E, // last
  44   //height
 };

// Approx. 54 bytes
