#pragma once

// /tmp/fontconvert_pinned -f /home/user/qmk_firmware/keyboards/polykybd/fonts/Noto_Sans_Symbols_2/NotoSansSymbols2-Regular.ttf -s 20 -v _SymBmp1_ -r 50 9644 9644 9728 9799 
// Visualize your font via https://tchapi.github.io/Adafruit-GFX-Font-Customiser

/* num ranges: 2 */
const uint8_t NotoSansSymbols2_Regular_SymBmp1_20pt16bBitmaps[] PROGMEM = {
  /* range 0 (0x25ac - 0x25ac): */  0xFF, 0xFF, 0xFF, 0xFF, 0xFF, 0xFF, 0xFF, 0xFF, 0xFF, 0xFF, 0xFF, 0xFF,
  0xFF, 0xFF, 0xFF, 0xFF, 0xFF, 0xFF, 0xFF, 0xFF, 0xFF, 0xFF, 0xFF, 0xFF,
  0xFF, 0xFF, 0xFF, 0xFF, 0xFF, 0xFF, 0xFF, 0xFF, 0xFF, 0xFF, 0xFF, 0xFF,
  0xFF, 0xFF, 0xFF, 0xFF, 0xFF, 0xFF, 0xFF, 0xFF, 0xFF, 0xFF, 0xFF, 0xFF,
  0xFF, 0xFF, 0xFF, 0xFF, 0xFF, 0xFF, 0xFF, 0xFF, 0xFF, 0xFF, 0xF0
  /* range 1 (0x2600 - 0x2647): */  , 0x00,
  0x01, 0x80, 0x00, 0x00, 0x01, 0x80, 0x00, 0x00, 0x01, 0x80, 0x00, 0x00,
  0x01, 0x80, 0x00, 0x00, 0x01, 0x80, 0x00, 0x02, 0x01, 0x80, 0x40, 0x06,
  0x01, 0x80, 0x60, 0x03, 0x01, 0x80, 0xC0, 0x01, 0x80, 0x01, 0x80, 0x00,
  0xC1, 0x87, 0x00, 0x00, 0x4F, 0xF2, 0x00, 0x00, 0x1F, 0xF8, 0x00, 0x00,
  0x3F, 0xFC, 0x00, 0x00, 0x3F, 0xFC, 0x00, 0x00, 0x7F, 0xFC, 0x00, 0xFE,
  0x7F, 0xFE, 0xFF, 0xFE, 0x7F, 0xFE, 0xFF, 0x00, 0x7F, 0xFE, 0x00, 0x00,
  0x7F, 0xFC, 0x00, 0x00, 0x3F, 0xFC, 0x00, 0x00, 0x3F, 0xF8, 0x00, 0x00,
  0x1F, 0xF0, 0x00, 0x00, 0xC7, 0xE6, 0x00, 0x00, 0xC0, 0x03, 0x00, 0x01,
  0x80, 0x01, 0x80, 0x03, 0x01, 0x80, 0xC0, 0x06, 0x01, 0x80, 0x60, 0x00,
  0x01, 0x80, 0x00, 0x00, 0x01, 0x80, 0x00, 0x00, 0x01, 0x80, 0x00, 0x00,
  0x01, 0x80, 0x00, 0x00, 0x01, 0x80, 0x00, 0x00, 0x01, 0x80, 0x00, 0x00,
  0x1F, 0x00, 0x00, 0x00, 0x01, 0xFE, 0x00, 0x00, 0x00, 0x1F, 0xF8, 0x00,
  0x00, 0x01, 0xFF, 0xC0, 0x00, 0x00, 0x0F, 0xFF, 0x20, 0x00, 0x00, 0xFF,
  0xFB, 0xC0, 0x00, 0x07, 0xFF, 0xFF, 0x00, 0x03, 0xFF, 0xFF, 0xFB, 0xF0,
  0x7F, 0xFF, 0xFF, 0xFF, 0xC3, 0xFF, 0xFF, 0xFF, 0xFF, 0x3F, 0xFF, 0xFF,
  0xFF, 0xFD, 0xFF, 0xFF, 0xFF, 0xFF, 0xEF, 0xFF, 0xFF, 0xFF, 0xFF, 0x7F,
  0xFF, 0xFF, 0xFF, 0xFF, 0xFF, 0xFF, 0xFF, 0xFF, 0xFF, 0xFF, 0xFF, 0xFF,
  0xFE, 0x7F, 0xFF, 0xFF, 0xFF, 0xF1, 0xFF, 0xFF, 0xFF, 0xFF, 0x87, 0xFF,
  0xFF, 0xFF, 0xFC, 0x0F, 0xFF, 0xFF, 0xFF, 0xC0, 0x00, 0x04, 0x00, 0x00,
  0x00, 0x80, 0x00, 0x00, 0x10, 0x00, 0x00, 0x3F, 0xF0, 0x00, 0x1F, 0xFF,
  0x80, 0x0F, 0xFF, 0xF8, 0x03, 0xFF, 0xFF, 0x80, 0xFF, 0xFF, 0xF8, 0x3F,
  0xFF, 0xFF, 0x87, 0xFF, 0xFF, 0xF9, 0xFF, 0xFF, 0xFF, 0x61, 0xE2, 0x3C,
  0x38, 0x08, 0x43, 0x02, 0x00, 0x08, 0x00, 0x00, 0x01, 0x00, 0x00, 0x00,
  0x20, 0x00, 0x00, 0x04, 0x00, 0x00, 0x00, 0x80, 0x00, 0x00, 0x10, 0x00,
  0x00, 0x02, 0x00, 0x00, 0x00, 0x40, 0x00, 0x00, 0x08, 0x00, 0x00, 0x11,
  0x00, 0x00, 0x03, 0x20, 0x00, 0x00, 0x38, 0x00, 0x00, 0x30, 0x0C, 0x30,
  0x08, 0x31, 0x88, 0x31, 0x8C, 0x01, 0x00, 0x01, 0x80, 0x00, 0x0F, 0xF0,
  0x00, 0x04, 0x3F, 0xFC, 0x60, 0x04, 0x70, 0x0E, 0x60, 0x20, 0xC0, 0x07,
  0x04, 0x61, 0xC0, 0x03, 0x0C, 0x01, 0x88, 0x21, 0x80, 0x0D, 0x8C, 0x31,
  0xA0, 0x0D, 0x8C, 0x31, 0xB0, 0x11, 0x81, 0x83, 0x08, 0x10, 0xC1, 0x83,
  0x08, 0x50, 0x61, 0x86, 0x0A, 0x30, 0xF1, 0x8F, 0x0C, 0xF9, 0x81, 0x03,
  0x9F, 0x0F, 0x00, 0x01, 0xE0, 0x07, 0x00, 0x00, 0xC0, 0x06, 0x00, 0x00,
  0x60, 0x06, 0x00, 0x00, 0x60, 0x06, 0x00, 0x00, 0x60, 0x06, 0x00, 0x00,
  0x60, 0x06, 0x00, 0x00, 0x60, 0x06, 0x00, 0x00, 0xE0, 0x07, 0x00, 0x00,
  0xC0, 0x03, 0x80, 0x01, 0xC0, 0x01, 0xE0, 0x07, 0x80, 0x00, 0xFF, 0xFE,
  0x00, 0x00, 0x1F, 0xF8, 0x00, 0x00, 0x00, 0x00, 0x10, 0x00, 0x00, 0x00,
  0x80, 0x00, 0x00, 0x04, 0x00, 0x00, 0x00, 0x20, 0x00, 0x00, 0x01, 0x00,
  0x00, 0x00, 0x84, 0x10, 0x00, 0x04, 0x20, 0x80, 0x00, 0x21, 0x04, 0x00,
  0x01, 0x0C, 0x10, 0x00, 0x08, 0x60, 0x80, 0x00, 0xC3, 0x04, 0x00, 0x06,
  0x18, 0x60, 0x00, 0x30, 0xC3, 0x00, 0x00, 0x81, 0x18, 0x00, 0x02, 0x10,
  0xC0, 0x00, 0x10, 0x83, 0x00, 0x00, 0x8C, 0x00, 0x00, 0x06, 0x50, 0x00,
  0x00, 0x72, 0x81, 0x00, 0x01, 0x7A, 0x0C, 0x00, 0x1D, 0xD8, 0x60, 0x00,
  0xE0, 0x73, 0x80, 0x07, 0x00, 0xF6, 0x00, 0x18, 0x01, 0x10, 0x00, 0xC0,
  0x00, 0xC0, 0x03, 0x00, 0x06, 0x00, 0x0C, 0x00, 0x38, 0x00, 0x30, 0x00,
  0xC0, 0x00, 0xC0, 0x03, 0x00, 0x03, 0x00, 0x0C, 0x00, 0x06, 0x00, 0x60,
  0x00, 0x1C, 0x03, 0x80, 0x00, 0x38, 0x1C, 0x00, 0x00, 0x7F, 0xE0, 0x00,
  0x00, 0x7E, 0x00, 0x00, 0x00, 0x00, 0x00, 0x80, 0x00, 0x00, 0x00, 0x40,
  0x00, 0x00, 0x00, 0x30, 0x00, 0x00, 0x00, 0x38, 0x00, 0x00, 0x00, 0x1C,
  0x00, 0x00, 0x00, 0x0F, 0x00, 0x00, 0x00, 0x0F, 0x80, 0x00, 0x00, 0x07,
  0xC0, 0x00, 0x00, 0x03, 0xF0, 0x00, 0x00, 0x03, 0xF8, 0x00, 0x00, 0x01,
  0xFC, 0x00, 0x00, 0x00, 0xFF, 0x00, 0x00, 0x00, 0xFF, 0x80, 0x07, 0xFF,
  0xFF, 0xFF, 0xFC, 0xFF, 0xFF, 0xFF, 0xF8, 0x1F, 0xFF, 0xFF, 0xF8, 0x07,
  0xFF, 0xFF, 0xF0, 0x00, 0xFF, 0xFF, 0xF0, 0x00, 0x3F, 0xFF, 0xE0, 0x00,
  0x07, 0xFF, 0xE0, 0x00, 0x03, 0xFF, 0xF0, 0x00, 0x03, 0xFF, 0xF8, 0x00,
  0x01, 0xFF, 0xFC, 0x00, 0x00, 0xFF, 0xFF, 0x00, 0x00, 0xFF, 0x7F, 0x80,
  0x00, 0x7F, 0x1F, 0xC0, 0x00, 0x3F, 0x03, 0xF0, 0x00, 0x3E, 0x00, 0xF8,
  0x00, 0x1E, 0x00, 0x1C, 0x00, 0x0E, 0x00, 0x07, 0x00, 0x0C, 0x00, 0x01,
  0x80, 0x04, 0x00, 0x00, 0x20, 0x00, 0x00, 0x20, 0x00, 0x00, 0x00, 0x06,
  0x00, 0x00, 0x00, 0x00, 0x60, 0x00, 0x00, 0x00, 0x06, 0x00, 0x00, 0x00,
  0x00, 0xF0, 0x00, 0x00, 0x00, 0x0F, 0x00, 0x00, 0x00, 0x00, 0xF0, 0x00,
  0x00, 0x00, 0x1F, 0x80, 0x00, 0x00, 0x01, 0xD8, 0x00, 0x00, 0x00, 0x19,
  0x80, 0x00, 0x00, 0x03, 0x9C, 0x00, 0x00, 0x00, 0x38, 0xC0, 0x00, 0x00,
  0x03, 0x0E, 0x00, 0x00, 0x00, 0x70, 0xE0, 0x00, 0xFF, 0xFF, 0x07, 0xFF,
  0xF3, 0xFF, 0xE0, 0x7F, 0xFC, 0x0F, 0x00, 0x00, 0x07, 0x80, 0x78, 0x00,
  0x01, 0xE0, 0x01, 0xE0, 0x00, 0x3C, 0x00, 0x0F, 0x00, 0x0F, 0x00, 0x00,
  0x3C, 0x01, 0xE0, 0x00, 0x01, 0x80, 0x18, 0x00, 0x00, 0x38, 0x01, 0xC0,
  0x00, 0x03, 0x82, 0x0C, 0x00, 0x00, 0x30, 0xF0, 0xC0, 0x00, 0x07, 0x1F,
  0x8E, 0x00, 0x00, 0x73, 0xDC, 0x60, 0x00, 0x06, 0x70, 0xF6, 0x00, 0x00,
  0xFE, 0x07, 0xB0, 0x00, 0x0F, 0xC0, 0x1F, 0x00, 0x00, 0xF0, 0x00, 0xF0,
  0x00, 0x1E, 0x00, 0x07, 0x80, 0x01, 0xC0, 0x00, 0x18, 0x00, 0x10, 0x00,
  0x00, 0x80, 0x02, 0x00, 0x00, 0x04, 0x00, 0x00, 0x60, 0x00, 0xC0, 0x03,
  0x00, 0x0E, 0x00, 0x38, 0x00, 0x60, 0x01, 0xC0, 0x07, 0x00, 0x0C, 0x00,
  0x30, 0x00, 0xE0, 0x03, 0x80, 0x06, 0x00, 0x1C, 0x00, 0x1C, 0x00, 0x1C,
  0x00, 0x1C, 0x10, 0x1C, 0x30, 0x1C, 0x60, 0x1C, 0xC0, 0x1D, 0x80, 0x1F,
  0x00, 0x1F, 0x00, 0x1E, 0x01, 0xFC, 0x07, 0xFC, 0x08, 0x00, 0xFF, 0xFF,
  0xFC, 0x7F, 0xFF, 0xFE, 0x30, 0x00, 0x06, 0x18, 0x00, 0x07, 0x0C, 0x00,
  0x07, 0x06, 0x00, 0x03, 0x03, 0x00, 0x03, 0x01, 0x80, 0x03, 0x80, 0xC0,
  0x03, 0x80, 0x60, 0x01, 0x80, 0x30, 0x01, 0xC0, 0x18, 0x01, 0xC0, 0x0C,
  0x00, 0xC0, 0x06, 0x00, 0xE0, 0x03, 0x00, 0x38, 0x01, 0x80, 0x0E, 0x00,
  0xC0, 0x03, 0x82, 0x60, 0x00, 0xE1, 0xB0, 0x00, 0x38, 0xD8, 0x00, 0x0E,
  0x6C, 0x00, 0x03, 0xB6, 0x00, 0x00, 0xFB, 0x00, 0x00, 0x3D, 0x80, 0x00,
  0x1F, 0xC0, 0x00, 0x3F, 0xE0, 0x00, 0x7F, 0xC0, 0x00, 0x0F, 0xE0, 0x00,
  0x01, 0xFF, 0xE0, 0x00, 0x1E, 0x03, 0xE0, 0x01, 0xE0, 0x01, 0xC0, 0x0E,
  0x00, 0x01, 0xC0, 0x70, 0x00, 0x03, 0x01, 0x80, 0x00, 0x06, 0x0C, 0x00,
  0x00, 0x0C, 0x70, 0x00, 0x00, 0x31, 0x80, 0x00, 0x00, 0x66, 0x00, 0x00,
  0x01, 0xB0, 0x00, 0x00, 0x03, 0xC0, 0x07, 0x80, 0x0F, 0x00, 0x3F, 0x00,
  0x3C, 0x00, 0xFC, 0x00, 0xF0, 0x03, 0xF0, 0x03, 0xC0, 0x0F, 0xC0, 0x0F,
  0x00, 0x1E, 0x00, 0x3C, 0x00, 0x00, 0x00, 0xD8, 0x00, 0x00, 0x06, 0x60,
  0x00, 0x00, 0x19, 0xC0, 0x00, 0x00, 0xC3, 0x00, 0x00, 0x03, 0x06, 0x00,
  0x00, 0x18, 0x1C, 0x00, 0x00, 0xE0, 0x38, 0x00, 0x07, 0x00, 0x78, 0x00,
  0x78, 0x00, 0x78, 0x07, 0x80, 0x00, 0xFF, 0xF8, 0x00, 0x00, 0x7F, 0x80,
  0x00, 0x00, 0xFF, 0xFE, 0x00, 0x0F, 0xFF, 0xFF, 0x80, 0x7F, 0xFF, 0xFF,
  0x81, 0xFF, 0xFF, 0xFF, 0x87, 0xFF, 0xFF, 0xFF, 0x8F, 0xFF, 0x07, 0xFF,
  0xBF, 0xFE, 0x0E, 0xFF, 0x7F, 0xBF, 0xFD, 0xFF, 0xFF, 0xFF, 0xFB, 0xFF,
  0xF8, 0xFF, 0xFD, 0xFF, 0xFD, 0xE0, 0xF7, 0xFB, 0xF7, 0x80, 0xF7, 0xE0,
  0x1E, 0x00, 0xF0, 0x00, 0x7C, 0x01, 0xF0, 0x01, 0xF0, 0x03, 0xF0, 0x07,
  0xE0, 0x07, 0xF0, 0x1F, 0xE0, 0x0F, 0xE0, 0x3F, 0xC0, 0x1F, 0xE0, 0x7F,
  0xC0, 0x7F, 0xC0, 0xFF, 0xC1, 0xFF, 0x81, 0xFF, 0xFF, 0xFF, 0x03, 0xFF,
  0xFF, 0xFE, 0x07, 0xFF, 0xFF, 0xFC, 0x07, 0x00, 0x00, 0xF0, 0x00, 0xFF,
  0xFE, 0x00, 0x0E, 0x00, 0x03, 0x80, 0x60, 0x00, 0x01, 0x81, 0x80, 0x00,
  0x00, 0xC6, 0x07, 0xFF, 0xC0, 0x88, 0x19, 0x05, 0x40, 0xA0, 0x33, 0xF2,
  0x81, 0x40, 0xA0, 0x05, 0x01, 0x81, 0x40, 0x0A, 0x03, 0xFE, 0x8F, 0x8F,
  0xFE, 0x0D, 0x20, 0x94, 0x0B, 0xF4, 0x80, 0x97, 0xE0, 0x12, 0x00, 0x90,
  0x00, 0x44, 0x01, 0x10, 0x01, 0x10, 0x02, 0x10, 0x04, 0x20, 0x04, 0x10,
  0x10, 0x20, 0x08, 0x20, 0x20, 0x40, 0x10, 0x20, 0x40, 0x40, 0x40, 0x40,
  0x80, 0x41, 0x00, 0x81, 0x00, 0x7C, 0x01, 0x02, 0x00, 0x00, 0x02, 0x07,
  0xFF, 0xFF, 0xFC, 0x07, 0x00, 0x00, 0xF0, 0xFF, 0xFF, 0xFF, 0xFF, 0xFF,
  0xFF, 0xFF, 0xC0, 0x00, 0x00, 0x3C, 0x00, 0x00, 0x03, 0xC0, 0x00, 0x00,
  0x3C, 0x00, 0x00, 0x03, 0xC0, 0x00, 0x00, 0x3C, 0x00, 0x00, 0x03, 0xC0,
  0x00, 0x00, 0x3C, 0x00, 0x00, 0x03, 0xC0, 0x00, 0x00, 0x3C, 0x00, 0x00,
  0x03, 0xC0, 0x00, 0x00, 0x3C, 0x00, 0x00, 0x03, 0xC0, 0x00, 0x00, 0x3C,
  0x00, 0x00, 0x03, 0xC0, 0x00, 0x00, 0x3C, 0x00, 0x00, 0x03, 0xC0, 0x00,
  0x00, 0x3C, 0x00, 0x00, 0x03, 0xC0, 0x00, 0x00, 0x3C, 0x00, 0x00, 0x03,
  0xC0, 0x00, 0x00, 0x3C, 0x00, 0x00, 0x03, 0xC0, 0x00, 0x00, 0x3C, 0x00,
  0x00, 0x03, 0xFF, 0xFF, 0xFF, 0xFF, 0xFF, 0xFF, 0xFF, 0xFF, 0xFF, 0xFF,
  0xFF, 0xFF, 0xFF, 0xFF, 0xC0, 0x00, 0x00, 0x3C, 0x00, 0x00, 0x03, 0xC0,
  0x00, 0x01, 0xBC, 0x00, 0x00, 0x33, 0xC0, 0x00, 0x06, 0x3C, 0x00, 0x00,
  0xC3, 0xC0, 0x00, 0x18, 0x3C, 0x00, 0x03, 0x83, 0xC0, 0x00, 0x70, 0x3C,
  0x00, 0x06, 0x03, 0xC2, 0x00, 0xE0, 0x3C, 0xF0, 0x1C, 0x03, 0xCF, 0x83,
  0x80, 0x3C, 0x7C, 0x38, 0x03, 0xC3, 0xC7, 0x00, 0x3C, 0x1E, 0x70, 0x03,
  0xC1, 0xEE, 0x00, 0x3C, 0x0F, 0xE0, 0x03, 0xC0, 0x7C, 0x00, 0x3C, 0x03,
  0xC0, 0x03, 0xC0, 0x38, 0x00, 0x3C, 0x00, 0x00, 0x03, 0xC0, 0x00, 0x00,
  0x3C, 0x00, 0x00, 0x03, 0xFF, 0xFF, 0xFF, 0xFF, 0xFF, 0xFF, 0xFF, 0xFF,
  0xFF, 0xFF, 0xFF, 0xFF, 0xFF, 0xFF, 0xC0, 0x00, 0x00, 0x3C, 0x00, 0x00,
  0x03, 0xC0, 0x00, 0x00, 0x3C, 0x00, 0x00, 0x03, 0xC3, 0x00, 0x0C, 0x3C,
  0x38, 0x01, 0xC3, 0xC1, 0xC0, 0x38, 0x3C, 0x0E, 0x07, 0x03, 0xC0, 0x70,
  0xE0, 0x3C, 0x03, 0x9C, 0x03, 0xC0, 0x1F, 0x80, 0x3C, 0x00, 0xF0, 0x03,
  0xC0, 0x0F, 0x00, 0x3C, 0x01, 0xF8, 0x03, 0xC0, 0x39, 0xC0, 0x3C, 0x07,
  0x0E, 0x03, 0xC0, 0xE0, 0x70, 0x3C, 0x1C, 0x03, 0x83, 0xC3, 0x80, 0x1C,
  0x3C, 0x30, 0x00, 0xC3, 0xC1, 0x00, 0x08, 0x3C, 0x00, 0x00, 0x03, 0xC0,
  0x00, 0x00, 0x3C, 0x00, 0x00, 0x03, 0xFF, 0xFF, 0xFF, 0xFF, 0xFF, 0xFF,
  0xFF, 0x10, 0x01, 0x00, 0x10, 0x10, 0x41, 0x04, 0x10, 0x58, 0x41, 0x04,
  0x10, 0x40, 0xC0, 0x0C, 0x00, 0xC0, 0xE0, 0x0E, 0x00, 0xE0, 0x61, 0x06,
  0x10, 0x60, 0x01, 0x80, 0x18, 0x00, 0x01, 0x80, 0x18, 0x01, 0x21, 0x82,
  0x18, 0x41, 0xE1, 0x86, 0x58, 0x60, 0xA0, 0x02, 0x20, 0x20, 0x00, 0x80,
  0x10, 0x00, 0x80, 0xC0, 0xFF, 0x80, 0x80, 0xC1, 0xFF, 0xF8, 0xC0, 0x03,
  0xFF, 0xFE, 0x00, 0x03, 0xFF, 0xFF, 0x80, 0x03, 0xFF, 0xFF, 0xE0, 0x03,
  0xFF, 0xFF, 0xF8, 0x03, 0xFF, 0xFF, 0xFE, 0x01, 0xFF, 0xFF, 0xFF, 0x01,
  0x87, 0x88, 0xF0, 0xC0, 0x80, 0x84, 0x20, 0x20, 0x00, 0x02, 0x00, 0x00,
  0x00, 0x01, 0x00, 0x00, 0x00, 0x00, 0x80, 0x00, 0x00, 0x00, 0x40, 0x00,
  0x00, 0x00, 0x20, 0x00, 0x00, 0x00, 0x10, 0x00, 0x00, 0x00, 0x08, 0x00,
  0x00, 0x00, 0x04, 0x00, 0x00, 0x00, 0x02, 0x00, 0x00, 0x00, 0x11, 0x00,
  0x00, 0x00, 0x09, 0x80, 0x00, 0x00, 0x03, 0x80, 0x00, 0x00, 0x00, 0x30,
  0x00, 0x00, 0x11, 0x08, 0x00, 0x00, 0x88, 0x40, 0x00, 0x08, 0xC2, 0x00,
  0x00, 0x63, 0x30, 0x00, 0x01, 0x98, 0xC0, 0x00, 0x04, 0x63, 0x00, 0x00,
  0x31, 0x08, 0x00, 0x00, 0x88, 0x40, 0x00, 0x04, 0x42, 0x00, 0x00, 0x44,
  0x20, 0x00, 0x00, 0x00, 0x00, 0x00, 0x3F, 0xF8, 0x00, 0x1E, 0x00, 0x7C,
  0x03, 0x9F, 0xFE, 0x30, 0x13, 0xFF, 0xFE, 0xC0, 0xEF, 0xFF, 0xEF, 0xF4,
  0xFF, 0xFF, 0xBF, 0xE0, 0x00, 0x07, 0x8F, 0x00, 0x00, 0xFC, 0x3C, 0x00,
  0x07, 0x61, 0xE0, 0x00, 0x3A, 0x0F, 0x00, 0x01, 0xD0, 0xE8, 0x00, 0x0E,
  0x9E, 0x40, 0x00, 0x7F, 0xE3, 0x00, 0x03, 0x7C, 0x08, 0x00, 0x3E, 0x00,
  0x60, 0x03, 0xA0, 0x01, 0x80, 0x73, 0x00, 0x07, 0x08, 0xF0, 0x00, 0x0F,
  0xFC, 0x00, 0x00, 0x00, 0x20, 0x00, 0x07, 0xC0, 0x00, 0xF7, 0x00, 0x1E,
  0x1E, 0x01, 0xC0, 0x3C, 0x1C, 0x00, 0x70, 0x80, 0x01, 0x8C, 0x00, 0x0C,
  0x60, 0x00, 0x63, 0x00, 0x03, 0x18, 0x00, 0x18, 0xC0, 0x00, 0x46, 0x00,
  0x03, 0x30, 0x00, 0x19, 0x80, 0x00, 0xC8, 0x00, 0x06, 0xC0, 0x00, 0x36,
  0x00, 0x01, 0xB0, 0x00, 0x0D, 0xFF, 0xFF, 0xEF, 0xFF, 0xFF, 0x80, 0x00,
  0x20, 0x00, 0x07, 0xC0, 0x00, 0xFF, 0x00, 0x1F, 0xFE, 0x01, 0xFF, 0xFC,
  0x1F, 0xFF, 0xF0, 0xFF, 0xFF, 0x8F, 0xFF, 0xFC, 0x7F, 0xFF, 0xE3, 0xFF,
  0xFF, 0x1F, 0xFF, 0xF8, 0xFF, 0xFF, 0xC7, 0xFF, 0xFF, 0x3F, 0xFF, 0xF9,
  0xFF, 0xFF, 0xCF, 0xFF, 0xFE, 0xFF, 0xFF, 0xF7, 0xFF, 0xFF, 0xBF, 0xFF,
  0xFD, 0xFF, 0xFF, 0xEF, 0xFF, 0xFF, 0x80, 0x00, 0x3C, 0x3C, 0x00, 0x00,
  0xFC, 0xFC, 0x00, 0x03, 0xFB, 0xF8, 0x00, 0x07, 0xFF, 0xF0, 0x00, 0x0F,
  0xFF, 0xE0, 0x00, 0x1F, 0xFF, 0xC0, 0x00, 0x1F, 0xFF, 0x00, 0x00, 0x3F,
  0xFE, 0x00, 0x3C, 0x3F, 0xF8, 0x78, 0xFE, 0x1F, 0xE3, 0xFF, 0xFE, 0x1F,
  0x87, 0xFF, 0xFC, 0x3E, 0x1F, 0xFF, 0xFE, 0x38, 0x7F, 0xFF, 0xFE, 0x73,
  0xFF, 0xDF, 0xFF, 0x5F, 0xFF, 0x0F, 0xFF, 0xFF, 0xF8, 0x7F, 0xFD, 0x3F,
  0xFD, 0xFF, 0xE2, 0x3F, 0xFF, 0xFF, 0x04, 0x1F, 0xFF, 0xFC, 0x08, 0x1F,
  0xFF, 0xF8, 0x10, 0x1F, 0xEF, 0xE0, 0x20, 0x1F, 0x8F, 0x00, 0xC0, 0x1E,
  0x00, 0x01, 0x00, 0x00, 0x00, 0x06, 0x00, 0x00, 0x00, 0x18, 0x00, 0x00,
  0x00, 0x70, 0x00, 0x00, 0x01, 0xC0, 0x00, 0x00, 0x0F, 0x00, 0x00, 0x00,
  0x00, 0x00, 0x00, 0xF0, 0x00, 0x00, 0x00, 0xFC, 0x00, 0x00, 0x01, 0xCC,
  0x00, 0x3F, 0x80, 0x86, 0x00, 0xFF, 0xE0, 0xC6, 0x03, 0xFF, 0xF0, 0x06,
  0x07, 0xFF, 0xF8, 0x06, 0x0F, 0xFF, 0xF8, 0x0C, 0x1F, 0xFF, 0xF8, 0x1C,
  0x3F, 0xFF, 0xF8, 0x38, 0x3F, 0xFF, 0xF8, 0x38, 0x7F, 0xFF, 0xF8, 0x70,
  0x7F, 0xFF, 0xF0, 0xFE, 0xFF, 0xFF, 0xC0, 0xC3, 0xFF, 0xFF, 0xB1, 0xC3,
  0xE7, 0xFF, 0xEF, 0x83, 0xC3, 0xFF, 0xE3, 0xFF, 0x81, 0xFF, 0xF3, 0x7C,
  0xC0, 0xFF, 0xF3, 0x00, 0xC4, 0xFF, 0xF2, 0x00, 0x7E, 0x7F, 0xF2, 0x00,
  0x3E, 0x3F, 0xF3, 0x00, 0x1C, 0x1F, 0xE3, 0x18, 0x00, 0x0F, 0xC1, 0xFC,
  0x00, 0x00, 0x01, 0xFC, 0x00, 0x00, 0x00, 0xFC, 0x00, 0x00, 0x00, 0x38,
  0x00, 0x00, 0x03, 0xC0, 0x00, 0x00, 0x00, 0x03, 0xFF, 0x00, 0x00, 0x00,
  0x00, 0xFF, 0xFC, 0x07, 0x80, 0x00, 0x7F, 0xFF, 0xE0, 0xBC, 0x1F, 0xFF,
  0xFF, 0xFF, 0x81, 0xE7, 0xFF, 0xFF, 0xFF, 0xFF, 0x9E, 0xFF, 0xFF, 0xFF,
  0xFF, 0xFC, 0xEF, 0xFF, 0xFF, 0xFF, 0xFF, 0xCE, 0x7F, 0xFF, 0xFF, 0xFF,
  0xFC, 0xE0, 0x00, 0xFF, 0xFF, 0xFF, 0xCF, 0x00, 0x1F, 0xFF, 0xFF, 0xFC,
  0xF0, 0x01, 0xFF, 0xFF, 0xFF, 0xCF, 0x00, 0x1F, 0xFF, 0xFF, 0xFC, 0xF0,
  0x00, 0xFF, 0xFF, 0xFF, 0xCF, 0x00, 0x07, 0xFF, 0xFF, 0xFC, 0xE0, 0x00,
  0x7F, 0xFF, 0xFF, 0xCE, 0x00, 0x07, 0xFF, 0xFF, 0xFC, 0xE0, 0x00, 0x7F,
  0xFF, 0xFF, 0x9E, 0x00, 0x03, 0xFF, 0xFF, 0xF9, 0xE0, 0x00, 0x1F, 0xFF,
  0xF8, 0x3C, 0x00, 0x01, 0xFF, 0xFE, 0x07, 0x80, 0x00, 0x0F, 0xFF, 0x80,
  0x00, 0x00, 0x00, 0x3F, 0x80, 0x00, 0x00, 0x00, 0x00, 0x7C, 0x00, 0x00,
  0x00, 0x00, 0x1F, 0xFC, 0x00, 0x00, 0x3E, 0x07, 0xFF, 0xFC, 0x00, 0x07,
  0x80, 0xFF, 0xFF, 0xFF, 0x80, 0x79, 0xFF, 0xFF, 0xFF, 0xFF, 0xE7, 0x3F,
  0xFF, 0xFF, 0xFF, 0xFE, 0xF3, 0xFF, 0xFF, 0xFF, 0xFF, 0xFF, 0x3F, 0xFF,
  0xFF, 0xFF, 0xFE, 0xF7, 0xFF, 0xFF, 0xFE, 0x00, 0x0F, 0x7F, 0xFF, 0xFF,
  0xF0, 0x00, 0xF7, 0xFF, 0xFF, 0xFF, 0x00, 0x0F, 0x7F, 0xFF, 0xFF, 0xF0,
  0x00, 0xF7, 0xFF, 0xFF, 0xFF, 0x00, 0x0F, 0x7F, 0xFF, 0xFF, 0xE0, 0x00,
  0xF7, 0xFF, 0xFF, 0xFC, 0x00, 0x0F, 0x7F, 0xFF, 0xFF, 0xE0, 0x00, 0xF3,
  0xFF, 0xFF, 0xFE, 0x00, 0x07, 0x3F, 0xFF, 0xFF, 0xC0, 0x00, 0x79, 0xFF,
  0xFF, 0xF8, 0x00, 0x07, 0x81, 0xFF, 0xFF, 0x00, 0x00, 0x3E, 0x0F, 0xFF,
  0xF0, 0x00, 0x00, 0x00, 0x1F, 0xFF, 0x00, 0x00, 0x00, 0x00, 0x1F, 0xC0,
  0x00, 0x00, 0x00, 0x00, 0x0F, 0xF8, 0x00, 0x00, 0x00, 0x07, 0xE0, 0xF0,
  0x00, 0x00, 0x0F, 0xF8, 0x00, 0xC0, 0xF8, 0x3F, 0xFC, 0x00, 0x03, 0x81,
  0xE7, 0xE0, 0x60, 0x00, 0x07, 0xE7, 0x30, 0x01, 0x03, 0x80, 0x01, 0x3B,
  0x00, 0x0F, 0xF0, 0x00, 0x0D, 0xE8, 0x00, 0x00, 0xF8, 0x00, 0x6F, 0x7F,
  0xFF, 0x87, 0x60, 0x01, 0x78, 0x00, 0x67, 0xC1, 0x00, 0x0B, 0xC0, 0x02,
  0x20, 0x18, 0x00, 0x4E, 0x00, 0x10, 0x01, 0xB0, 0x02, 0x70, 0x00, 0x80,
  0x30, 0xF8, 0x13, 0x80, 0x07, 0x0F, 0x0C, 0x40, 0xBC, 0x00, 0x0F, 0xC0,
  0xE0, 0x05, 0xE0, 0x00, 0x40, 0x1C, 0x00, 0x6F, 0x00, 0x06, 0x03, 0xC0,
  0x03, 0x78, 0x00, 0x10, 0xF3, 0x00, 0x13, 0x80, 0x00, 0xFC, 0x10, 0x0F,
  0xBC, 0x00, 0x01, 0x03, 0x01, 0xC1, 0xE0, 0x00, 0x08, 0x70, 0x3C, 0x3E,
  0x00, 0x00, 0x7E, 0x0F, 0x00, 0x00, 0x00, 0x00, 0xFF, 0xC0, 0x00, 0x00,
  0x00, 0x01, 0xC0, 0x00, 0x06, 0xC0, 0x00, 0x08, 0x80, 0x00, 0x11, 0x80,
  0x00, 0x23, 0x00, 0x00, 0x46, 0x00, 0x00, 0x8C, 0x00, 0x01, 0x08, 0x00,
  0x02, 0x10, 0x00, 0x04, 0x20, 0x00, 0x08, 0x40, 0x00, 0x10, 0x80, 0x07,
  0xE1, 0x80, 0xFC, 0xCF, 0x03, 0x30, 0xB6, 0x04, 0x41, 0xC4, 0x78, 0x87,
  0x8C, 0x91, 0x1B, 0x1B, 0x23, 0x36, 0x16, 0x66, 0x24, 0x3C, 0xC4, 0x48,
  0x3C, 0x88, 0xF0, 0x69, 0x98, 0xF0, 0xD9, 0x11, 0xA1, 0x92, 0x31, 0x03,
  0x16, 0x26, 0x06, 0x3E, 0x78, 0x0E, 0x05, 0x80, 0x1C, 0x0E, 0x00, 0x68,
  0x0C, 0x00, 0x98, 0x18, 0x03, 0x30, 0x30, 0x0C, 0x20, 0x60, 0x10, 0x60,
  0x00, 0x60, 0x60, 0x00, 0x80, 0x40, 0x01, 0x00, 0x80, 0x02, 0x01, 0x00,
  0x04, 0x0B, 0xC0, 0x7A, 0x11, 0xFF, 0xC4, 0x38, 0x00, 0x38, 0x7F, 0xFF,
  0xF0, 0xFF, 0xFF, 0xC0, 0xFF, 0xFF, 0x00, 0x3F, 0xF8, 0x00, 0x00, 0x00,
  0x7F, 0xC0, 0x00, 0x00, 0x00, 0x0E, 0x0F, 0xC0, 0x00, 0x07, 0x81, 0xC0,
  0x07, 0xC0, 0x00, 0x7A, 0x18, 0x00, 0x07, 0xFF, 0x03, 0x9F, 0x80, 0x00,
  0x10, 0x3F, 0x3D, 0x80, 0x01, 0xC1, 0x80, 0x0D, 0xEC, 0x00, 0x07, 0xF8,
  0x00, 0x2E, 0x40, 0x03, 0xE0, 0x00, 0x03, 0x72, 0x00, 0x1F, 0x87, 0xFF,
  0xF3, 0xB0, 0x01, 0x87, 0xE4, 0x00, 0x3D, 0x80, 0x04, 0x02, 0x30, 0x01,
  0xEC, 0x00, 0xF0, 0x00, 0x80, 0x0F, 0x60, 0xFC, 0x60, 0x0C, 0x00, 0x7B,
  0x04, 0x60, 0xE0, 0xC0, 0x01, 0xD8, 0x01, 0xC1, 0xFC, 0x00, 0x0E, 0x40,
  0x07, 0x00, 0x20, 0x00, 0x72, 0x00, 0x1F, 0x01, 0x00, 0x03, 0xD8, 0x00,
  0x9E, 0x18, 0x00, 0x1E, 0x7C, 0x06, 0x1F, 0x80, 0x00, 0x78, 0x30, 0x1C,
  0x08, 0x00, 0x01, 0xE0, 0xE0, 0x30, 0xC0, 0x00, 0x00, 0x01, 0xF0, 0x7C,
  0x00, 0x00, 0x00, 0x01, 0xFF, 0xC0, 0x00, 0x00, 0x00, 0x7C, 0x00, 0x1F,
  0xFF, 0x80, 0x7F, 0xFF, 0xC1, 0xFF, 0xFF, 0x83, 0xE0, 0x0F, 0x86, 0x00,
  0x03, 0x08, 0xFF, 0xC2, 0x17, 0x81, 0xF4, 0x08, 0x00, 0x60, 0x10, 0x00,
  0x40, 0x20, 0x00, 0x80, 0xC0, 0x01, 0x03, 0x00, 0x03, 0x04, 0x0C, 0x03,
  0x18, 0x18, 0x06, 0x20, 0x30, 0x06, 0x40, 0x60, 0x07, 0x81, 0xC0, 0x0F,
  0x02, 0x40, 0x0C, 0x38, 0xF0, 0x18, 0xF1, 0xB0, 0x33, 0x46, 0x60, 0x6C,
  0x88, 0xD0, 0xD2, 0x31, 0xE1, 0xE4, 0x47, 0x83, 0x98, 0x8D, 0x0F, 0x23,
  0x12, 0x16, 0x46, 0x6C, 0x24, 0x88, 0xD8, 0xCF, 0x10, 0xF1, 0x02, 0x20,
  0xA2, 0x03, 0xE1, 0x3C, 0x00, 0x66, 0x18, 0x00, 0x7C, 0x20, 0x00, 0x08,
  0x40, 0x00, 0x10, 0x80, 0x00, 0x21, 0x00, 0x00, 0x42, 0x00, 0x00, 0x8C,
  0x00, 0x01, 0x18, 0x00, 0x02, 0x30, 0x00, 0x04, 0x60, 0x00, 0x08, 0x80,
  0x00, 0x1B, 0x00, 0x00, 0x1C, 0x00, 0x0C, 0x00, 0x00, 0x70, 0x16, 0x07,
  0xE0, 0x50, 0x64, 0x18, 0x1C, 0x4E, 0x86, 0x20, 0x06, 0x41, 0x92, 0x40,
  0x03, 0x91, 0xE9, 0x80, 0x01, 0x1E, 0x04, 0xC0, 0x01, 0xA0, 0x03, 0x40,
  0x02, 0xC0, 0x03, 0x4C, 0x1E, 0x80, 0x01, 0x5B, 0xE1, 0x80, 0x01, 0xBE,
  0x1D, 0x80, 0x01, 0xFD, 0xFF, 0x80, 0x01, 0x7E, 0x7E, 0x80, 0x01, 0x7E,
  0x3E, 0x80, 0x01, 0x7E, 0x3E, 0x80, 0x01, 0x5C, 0xAE, 0x80, 0x01, 0x39,
  0x9C, 0xC0, 0x01, 0x01, 0xC0, 0x80, 0x00, 0xC3, 0xC1, 0x00, 0x00, 0x70,
  0x06, 0x00, 0x00, 0x43, 0xE2, 0x00, 0x00, 0x4F, 0x52, 0x00, 0x00, 0xD7,
  0xAB, 0x00, 0x00, 0xDF, 0x52, 0x80, 0x01, 0x4F, 0xCA, 0x98, 0x1A, 0x63,
  0xF6, 0x6C, 0x24, 0xD0, 0x0D, 0x24, 0x20, 0x88, 0x10, 0x84, 0x19, 0x07,
  0xE0, 0x98, 0x04, 0x80, 0x00, 0xA0, 0x03, 0x00, 0x00, 0xC0, 0xFF, 0xFF,
  0xE3, 0xFF, 0xFF, 0xC0, 0x00, 0x07, 0x80, 0x00, 0x0E, 0x00, 0x00, 0x30,
  0x00, 0x01, 0xC0, 0x00, 0x0E, 0x00, 0x00, 0x38, 0x00, 0x01, 0xC0, 0x00,
  0x0E, 0x00, 0x00, 0x70, 0x00, 0x03, 0x80, 0x00, 0x1C, 0x00, 0x00, 0xE0,
  0x00, 0x07, 0x80, 0x00, 0x3C, 0x00, 0x00, 0xE0, 0x00, 0x07, 0x00, 0x00,
  0x38, 0x00, 0x01, 0xC0, 0x00, 0x0E, 0x00, 0x00, 0x70, 0x00, 0x01, 0xC0,
  0x00, 0x0E, 0x00, 0x00, 0x38, 0x00, 0x00, 0xF0, 0x00, 0x01, 0xFF, 0xFF,
  0xC3, 0xFF, 0xFF, 0x00, 0x0F, 0xC0, 0x00, 0x01, 0xFF, 0xE0, 0x00, 0x1E,
  0x03, 0xE0, 0x00, 0xE0, 0x01, 0xC0, 0x0E, 0x00, 0x03, 0x80, 0x32, 0x00,
  0x33, 0x01, 0xBC, 0x00, 0xE6, 0x0C, 0xF0, 0x07, 0xD8, 0x37, 0xE0, 0x1F,
  0xB1, 0xBF, 0x80, 0xFE, 0x46, 0xFF, 0x07, 0xFD, 0xB7, 0xF9, 0xEF, 0xF6,
  0xDF, 0xEF, 0xDF, 0xCB, 0x7F, 0x7F, 0x7F, 0xAD, 0xFD, 0xFE, 0xFE, 0xF0,
  0x07, 0xF8, 0x03, 0xC0, 0x1F, 0xC0, 0x0B, 0x00, 0x3F, 0x00, 0x2C, 0x00,
  0x78, 0x01, 0x98, 0x02, 0x10, 0x06, 0x60, 0x0F, 0xC0, 0x19, 0x80, 0x7F,
  0x00, 0xC3, 0x01, 0xFE, 0x03, 0x06, 0x0F, 0xFC, 0x18, 0x1C, 0x7F, 0xF0,
  0xC0, 0x39, 0xFF, 0xE6, 0x00, 0x71, 0xFC, 0x70, 0x00, 0x70, 0x07, 0x80,
  0x00, 0xFF, 0xF8, 0x00, 0x00, 0x7F, 0x80, 0x00, 0x00, 0x18, 0x30, 0x00,
  0x00, 0x40, 0x10, 0x00, 0x01, 0x00, 0x10, 0x00, 0x06, 0x00, 0x30, 0x00,
  0x08, 0x00, 0x20, 0x00, 0x30, 0x00, 0x60, 0x00, 0x60, 0x00, 0xC0, 0x00,
  0xC0, 0x01, 0x80, 0x01, 0x80, 0x03, 0x00, 0x03, 0x8F, 0xCE, 0x00, 0x03,
  0x31, 0x98, 0x00, 0x07, 0x00, 0x70, 0x00, 0x7F, 0xC7, 0xFC, 0x03, 0xFF,
  0xDF, 0xFE, 0x0E, 0x0F, 0x1E, 0x0E, 0x30, 0x0C, 0x18, 0x06, 0x40, 0xC8,
  0x26, 0x05, 0x80, 0x80, 0x0C, 0x06, 0x01, 0x1F, 0x10, 0x0C, 0x03, 0x1C,
  0x60, 0x18, 0x03, 0x3B, 0x80, 0x30, 0x03, 0x72, 0x00, 0x40, 0x00, 0xF0,
  0x00, 0x00, 0x03, 0xE0, 0x00, 0x00, 0x06, 0xE0, 0x00, 0x20, 0x18, 0xE0,
  0x20, 0x60, 0xE0, 0xE0, 0xC0, 0x3F, 0x80, 0xFE, 0x00, 0xFF, 0xFF, 0xFF,
  0xFF, 0xFF, 0xFF, 0xFF, 0xFF, 0xFF, 0xFF, 0xFF, 0xFF, 0xFF, 0xFF, 0xF0,
  0x00, 0x00, 0x00, 0x00, 0x00, 0x00, 0x00, 0x00, 0x00, 0x00, 0x00, 0x00,
  0x00, 0x00, 0x00, 0x00, 0x00, 0x07, 0xFF, 0xFF, 0xFF, 0xFF, 0xFF, 0xFF,
  0xFF, 0xFF, 0xFF, 0xFF, 0xFF, 0xFF, 0xFF, 0xFF, 0x80, 0x00, 0x00, 0x00,
  0x00, 0x00, 0x00, 0x00, 0x00, 0x00, 0x00, 0x00, 0x00, 0x00, 0x00, 0x00,
  0x00, 0x00, 0x3F, 0xFF, 0xFF, 0xFF, 0xFF, 0xFF, 0xFF, 0xFF, 0xFF, 0xFF,
  0xFF, 0xFF, 0xFF, 0xFF, 0xFC, 0xFF, 0xE0, 0x7F, 0xFF, 0xFF, 0x03, 0xFF,
  0xFF, 0xF8, 0x1F, 0xFF, 0xFF, 0xC0, 0xFF, 0xF0, 0x00, 0x00, 0x00, 0x00,
  0x00, 0x00, 0x00, 0x00, 0x00, 0x00, 0x00, 0x00, 0x00, 0x00, 0x00, 0x00,
  0x00, 0x07, 0xFF, 0xFF, 0xFF, 0xFF, 0xFF, 0xFF, 0xFF, 0xFF, 0xFF, 0xFF,
  0xFF, 0xFF, 0xFF, 0xFF, 0x80, 0x00, 0x00, 0x00, 0x00, 0x00, 0x00, 0x00,
  0x00, 0x00, 0x00, 0x00, 0x00, 0x00, 0x00, 0x00, 0x00, 0x00, 0x3F, 0xFF,
  0xFF, 0xFF, 0xFF, 0xFF, 0xFF, 0xFF, 0xFF, 0xFF, 0xFF, 0xFF, 0xFF, 0xFF,
  0xFC, 0xFF, 0xFF, 0xFF, 0xFF, 0xFF, 0xFF, 0xFF, 0xFF, 0xFF, 0xFF, 0xFF,
  0xFF, 0xFF, 0xFF, 0xF0, 0x00, 0x00, 0x00, 0x00, 0x00, 0x00, 0x00, 0x00,
  0x00, 0x00, 0x00, 0x00, 0x00, 0x00, 0x00, 0x00, 0x00, 0x07, 0xFF, 0x03,
  0xFF, 0xFF, 0xF8, 0x1F, 0xFF, 0xFF, 0xC0, 0xFF, 0xFF, 0xFE, 0x07, 0xFF,
  0x80, 0x00, 0x00, 0x00, 0x00, 0x00, 0x00, 0x00, 0x00, 0x00, 0x00, 0x00,
  0x00, 0x00, 0x00, 0x00, 0x00, 0x00, 0x3F, 0xFF, 0xFF, 0xFF, 0xFF, 0xFF,
  0xFF, 0xFF, 0xFF, 0xFF, 0xFF, 0xFF, 0xFF, 0xFF, 0xFC, 0xFF, 0xE0, 0x7F,
  0xFF, 0xFF, 0x03, 0xFF, 0xFF, 0xF8, 0x1F, 0xFF, 0xFF, 0xC0, 0xFF, 0xF0,
  0x00, 0x00, 0x00, 0x00, 0x00, 0x00, 0x00, 0x00, 0x00, 0x00, 0x00, 0x00,
  0x00, 0x00, 0x00, 0x00, 0x00, 0x07, 0xFF, 0x03, 0xFF, 0xFF, 0xF8, 0x1F,
  0xFF, 0xFF, 0xC0, 0xFF, 0xFF, 0xFE, 0x07, 0xFF, 0x80, 0x00, 0x00, 0x00,
  0x00, 0x00, 0x00, 0x00, 0x00, 0x00, 0x00, 0x00, 0x00, 0x00, 0x00, 0x00,
  0x00, 0x00, 0x3F, 0xFF, 0xFF, 0xFF, 0xFF, 0xFF, 0xFF, 0xFF, 0xFF, 0xFF,
  0xFF, 0xFF, 0xFF, 0xFF, 0xFC, 0xFF, 0xFF, 0xFF, 0xFF, 0xFF, 0xFF, 0xFF,
  0xFF, 0xFF, 0xFF, 0xFF, 0xFF, 0xFF, 0xFF, 0xF0, 0x00, 0x00, 0x00, 0x00,
  0x00, 0x00, 0x00, 0x00, 0x00, 0x00, 0x00, 0x00, 0x00, 0x00, 0x00, 0x00,
  0x00, 0x07, 0xFF, 0xFF, 0xFF, 0xFF, 0xFF, 0xFF, 0xFF, 0xFF, 0xFF, 0xFF,
  0xFF, 0xFF, 0xFF, 0xFF, 0x80, 0x00, 0x00, 0x00, 0x00, 0x00, 0x00, 0x00,
  0x00, 0x00, 0x00, 0x00, 0x00, 0x00, 0x00, 0x00, 0x00, 0x00, 0x3F, 0xF8,
  0x1F, 0xFF, 0xFF, 0xC0, 0xFF, 0xFF, 0xFE, 0x07, 0xFF, 0xFF, 0xF0, 0x3F,
  0xFC, 0xFF, 0xE0, 0x7F, 0xFF, 0xFF, 0x03, 0xFF, 0xFF, 0xF8, 0x1F, 0xFF,
  0xFF, 0xC0, 0xFF, 0xF0, 0x00, 0x00, 0x00, 0x00, 0x00, 0x00, 0x00, 0x00,
  0x00, 0x00, 0x00, 0x00, 0x00, 0x00, 0x00, 0x00, 0x00, 0x07, 0xFF, 0xFF,
  0xFF, 0xFF, 0xFF, 0xFF, 0xFF, 0xFF, 0xFF, 0xFF, 0xFF, 0xFF, 0xFF, 0xFF,
  0x80, 0x00, 0x00, 0x00, 0x00, 0x00, 0x00, 0x00, 0x00, 0x00, 0x00, 0x00,
  0x00, 0x00, 0x00, 0x00, 0x00, 0x00, 0x3F, 0xF8, 0x1F, 0xFF, 0xFF, 0xC0,
  0xFF, 0xFF, 0xFE, 0x07, 0xFF, 0xFF, 0xF0, 0x3F, 0xFC, 0xFF, 0xFF, 0xFF,
  0xFF, 0xFF, 0xFF, 0xFF, 0xFF, 0xFF, 0xFF, 0xFF, 0xFF, 0xFF, 0xFF, 0xF0,
  0x00, 0x00, 0x00, 0x00, 0x00, 0x00, 0x00, 0x00, 0x00, 0x00, 0x00, 0x00,
  0x00, 0x00, 0x00, 0x00, 0x00, 0x07, 0xFF, 0x03, 0xFF, 0xFF, 0xF8, 0x1F,
  0xFF, 0xFF, 0xC0, 0xFF, 0xFF, 0xFE, 0x07, 0xFF, 0x80, 0x00, 0x00, 0x00,
  0x00, 0x00, 0x00, 0x00, 0x00, 0x00, 0x00, 0x00, 0x00, 0x00, 0x00, 0x00,
  0x00, 0x00, 0x3F, 0xF8, 0x1F, 0xFF, 0xFF, 0xC0, 0xFF, 0xFF, 0xFE, 0x07,
  0xFF, 0xFF, 0xF0, 0x3F, 0xFC, 0xFF, 0xE0, 0x7F, 0xFF, 0xFF, 0x03, 0xFF,
  0xFF, 0xF8, 0x1F, 0xFF, 0xFF, 0xC0, 0xFF, 0xF0, 0x00, 0x00, 0x00, 0x00,
  0x00, 0x00, 0x00, 0x00, 0x00, 0x00, 0x00, 0x00, 0x00, 0x00, 0x00, 0x00,
  0x00, 0x07, 0xFF, 0x03, 0xFF, 0xFF, 0xF8, 0x1F, 0xFF, 0xFF, 0xC0, 0xFF,
  0xFF, 0xFE, 0x07, 0xFF, 0x80, 0x00, 0x00, 0x00, 0x00, 0x00, 0x00, 0x00,
  0x00, 0x00, 0x00, 0x00, 0x00, 0x00, 0x00, 0x00, 0x00, 0x00, 0x3F, 0xF8,
  0x1F, 0xFF, 0xFF, 0xC0, 0xFF, 0xFF, 0xFE, 0x07, 0xFF, 0xFF, 0xF0, 0x3F,
  0xFC, 0x00, 0x00, 0x40, 0x00, 0x00, 0x00, 0x0C, 0x00, 0x00, 0x00, 0x03,
  0x80, 0x00, 0x00, 0x00, 0x70, 0x00, 0x00, 0x00, 0x0F, 0x00, 0x00, 0x08,
  0x03, 0xE0, 0x18, 0x01, 0xE0, 0x3C, 0x0F, 0x00, 0x1F, 0x00, 0x03, 0xC0,
  0x03, 0xF0, 0x00, 0xF8, 0x00, 0x3C, 0x7F, 0x8F, 0x00, 0x07, 0x3F, 0xF8,
  0xC0, 0x00, 0x4F, 0x07, 0x88, 0x00, 0x03, 0x80, 0x38, 0x00, 0x00, 0x60,
  0x03, 0x80, 0x00, 0x1C, 0x00, 0x30, 0x00, 0x33, 0x00, 0x07, 0x30, 0x3E,
  0x60, 0x00, 0x67, 0x9F, 0xCC, 0x00, 0x0C, 0xFC, 0xF9, 0x80, 0x01, 0x9F,
  0x07, 0x30, 0x00, 0x73, 0x00, 0x06, 0x00, 0x0E, 0x00, 0x00, 0xE0, 0x01,
  0x80, 0x00, 0x0E, 0x00, 0x70, 0x00, 0x01, 0xE0, 0x1C, 0x00, 0x00, 0x9F,
  0x1F, 0x30, 0x00, 0x38, 0xFF, 0xCE, 0x00, 0x07, 0x87, 0xE3, 0xE0, 0x01,
  0xF8, 0x00, 0x7C, 0x00, 0x3C, 0x0F, 0x03, 0xC0, 0x0C, 0x03, 0xE0, 0x18,
  0x00, 0x00, 0x3C, 0x00, 0x00, 0x00, 0x07, 0x00, 0x00, 0x00, 0x00, 0xE0,
  0x00, 0x00, 0x00, 0x0C, 0x00, 0x00, 0x00, 0x01, 0x00, 0x00, 0x00
 };

const GFXglyph NotoSansSymbols2_Regular_SymBmp1_20pt16bGlyphs[] PROGMEM = {
// bmpOff,   w,   h,xAdv, xOff, yOff      range 0 (0x25ac - 0x25ac)
  {     0,  39,  12,  39,    0,  -13 },   // 0x25AC filledrect  (#0)
  {     0,   0,   0,   0,    0,    0 },   // 0x25AD (skip)
  {     0,   0,   0,   0,    0,    0 },   // 0x25AE (skip)
  {     0,   0,   0,   0,    0,    0 },   // 0x25AF (skip)
  {     0,   0,   0,   0,    0,    0 },   // 0x25B0 (skip)
  {     0,   0,   0,   0,    0,    0 },   // 0x25B1 (skip)
  {     0,   0,   0,   0,    0,    0 },   // 0x25B2 (skip)
  {     0,   0,   0,   0,    0,    0 },   // 0x25B3 (skip)
  {     0,   0,   0,   0,    0,    0 },   // 0x25B4 (skip)
  {     0,   0,   0,   0,    0,    0 },   // 0x25B5 (skip)
  {     0,   0,   0,   0,    0,    0 },   // 0x25B6 (skip)
  {     0,   0,   0,   0,    0,    0 },   // 0x25B7 (skip)
  {     0,   0,   0,   0,    0,    0 },   // 0x25B8 (skip)
  {     0,   0,   0,   0,    0,    0 },   // 0x25B9 (skip)
  {     0,   0,   0,   0,    0,    0 },   // 0x25BA (skip)
  {     0,   0,   0,   0,    0,    0 },   // 0x25BB (skip)
  {     0,   0,   0,   0,    0,    0 },   // 0x25BC (skip)
  {     0,   0,   0,   0,    0,    0 },   // 0x25BD (skip)
  {     0,   0,   0,   0,    0,    0 },   // 0x25BE (skip)
  {     0,   0,   0,   0,    0,    0 },   // 0x25BF (skip)
  {     0,   0,   0,   0,    0,    0 },   // 0x25C0 (skip)
  {     0,   0,   0,   0,    0,    0 },   // 0x25C1 (skip)
  {     0,   0,   0,   0,    0,    0 },   // 0x25C2 (skip)
  {     0,   0,   0,   0,    0,    0 },   // 0x25C3 (skip)
  {     0,   0,   0,   0,    0,    0 },   // 0x25C4 (skip)
  {     0,   0,   0,   0,    0,    0 },   // 0x25C5 (skip)
  {     0,   0,   0,   0,    0,    0 },   // 0x25C6 (skip)
  {     0,   0,   0,   0,    0,    0 },   // 0x25C7 (skip)
  {     0,   0,   0,   0,    0,    0 },   // 0x25C8 (skip)
  {     0,   0,   0,   0,    0,    0 },   // 0x25C9 (skip)
  {     0,   0,   0,   0,    0,    0 },   // 0x25CA (skip)
  {     0,   0,   0,   0,    0,    0 },   // 0x25CB (skip)
  {     0,   0,   0,   0,    0,    0 },   // 0x25CC (skip)
  {     0,   0,   0,   0,    0,    0 },   // 0x25CD (skip)
  {     0,   0,   0,   0,    0,    0 },   // 0x25CE (skip)
  {     0,   0,   0,   0,    0,    0 },   // 0x25CF (skip)
  {     0,   0,   0,   0,    0,    0 },   // 0x25D0 (skip)
  {     0,   0,   0,   0,    0,    0 },   // 0x25D1 (skip)
  {     0,   0,   0,   0,    0,    0 },   // 0x25D2 (skip)
  {     0,   0,   0,   0,    0,    0 },   // 0x25D3 (skip)
  {     0,   0,   0,   0,    0,    0 },   // 0x25D4 (skip)
  {     0,   0,   0,   0,    0,    0 },   // 0x25D5 (skip)
  {     0,   0,   0,   0,    0,    0 },   // 0x25D6 (skip)
  {     0,   0,   0,   0,    0,    0 },   // 0x25D7 (skip)
  {     0,   0,   0,   0,    0,    0 },   // 0x25D8 (skip)
  {     0,   0,   0,   0,    0,    0 },   // 0x25D9 (skip)
  {     0,   0,   0,   0,    0,    0 },   // 0x25DA (skip)
  {     0,   0,   0,   0,    0,    0 },   // 0x25DB (skip)
  {     0,   0,   0,   0,    0,    0 },   // 0x25DC (skip)
  {     0,   0,   0,   0,    0,    0 },   // 0x25DD (skip)
  {     0,   0,   0,   0,    0,    0 },   // 0x25DE (skip)
  {     0,   0,   0,   0,    0,    0 },   // 0x25DF (skip)
  {     0,   0,   0,   0,    0,    0 },   // 0x25E0 (skip)
  {     0,   0,   0,   0,    0,    0 },   // 0x25E1 (skip)
  {     0,   0,   0,   0,    0,    0 },   // 0x25E2 (skip)
  {     0,   0,   0,   0,    0,    0 },   // 0x25E3 (skip)
  {     0,   0,   0,   0,    0,    0 },   // 0x25E4 (skip)
  {     0,   0,   0,   0,    0,    0 },   // 0x25E5 (skip)
  {     0,   0,   0,   0,    0,    0 },   // 0x25E6 (skip)
  {     0,   0,   0,   0,    0,    0 },   // 0x25E7 (skip)
  {     0,   0,   0,   0,    0,    0 },   // 0x25E8 (skip)
  {     0,   0,   0,   0,    0,    0 },   // 0x25E9 (skip)
  {     0,   0,   0,   0,    0,    0 },   // 0x25EA (skip)
  {     0,   0,   0,   0,    0,    0 },   // 0x25EB (skip)
  {     0,   0,   0,   0,    0,    0 },   // 0x25EC (skip)
  {     0,   0,   0,   0,    0,    0 },   // 0x25ED (skip)
  {     0,   0,   0,   0,    0,    0 },   // 0x25EE (skip)
  {     0,   0,   0,   0,    0,    0 },   // 0x25EF (skip)
  {     0,   0,   0,   0,    0,    0 },   // 0x25F0 (skip)
  {     0,   0,   0,   0,    0,    0 },   // 0x25F1 (skip)
  {     0,   0,   0,   0,    0,    0 },   // 0x25F2 (skip)
  {     0,   0,   0,   0,    0,    0 },   // 0x25F3 (skip)
  {     0,   0,   0,   0,    0,    0 },   // 0x25F4 (skip)
  {     0,   0,   0,   0,    0,    0 },   // 0x25F5 (skip)
  {     0,   0,   0,   0,    0,    0 },   // 0x25F6 (skip)
  {     0,   0,   0,   0,    0,    0 },   // 0x25F7 (skip)
  {     0,   0,   0,   0,    0,    0 },   // 0x25F8 (skip)
  {     0,   0,   0,   0,    0,    0 },   // 0x25F9 (skip)
  {     0,   0,   0,   0,    0,    0 },   // 0x25FA (skip)
  {     0,   0,   0,   0,    0,    0 },   // 0x25FB (skip)
  {     0,   0,   0,   0,    0,    0 },   // 0x25FC (skip)
  {     0,   0,   0,   0,    0,    0 },   // 0x25FD (skip)
  {     0,   0,   0,   0,    0,    0 },   // 0x25FE (skip)
  {     0,   0,   0,   0,    0,    0 },   // 0x25FF (skip)
// bmpOff,   w,   h,xAdv, xOff, yOff      range 1 (0x2600 - 0x2647)
  {    59,  32,  33,  36,    2,  -26 },   // 0x2600 uni2600  (#1)
  {   191,  37,  20,  41,    2,  -24 },   // 0x2601 uni2601  (#2)
  {   284,  27,  25,  31,    2,  -24 },   // 0x2602 uni2602  (#3)
  {   369,  32,  29,  36,    2,  -27 },   // 0x2603 uni2603  (#4)
  {   485,  30,  35,  34,    2,  -34 },   // 0x2604 uni2604  (#5)
  {   617,  33,  32,  37,    2,  -30 },   // 0x2605 uni2605  (#6)
  {   749,  36,  35,  40,    2,  -32 },   // 0x2606 uni2606  (#7)
  {   907,  15,  27,  19,    2,  -26 },   // 0x2607 uni2607  (#8)
  {   958,  25,  26,  29,    2,  -26 },   // 0x2608 uni2608  (#9)
  {  1040,  30,  30,  34,    2,  -28 },   // 0x2609 uni2609  (#10)
  {     0,   0,   0,   0,    0,    0 },   // 0x260A   (#11)
  {     0,   0,   0,   0,    0,    0 },   // 0x260B   (#12)
  {     0,   0,   0,   0,    0,    0 },   // 0x260C   (#13)
  {     0,   0,   0,   0,    0,    0 },   // 0x260D   (#14)
  {  1153,  31,  24,  35,    2,  -23 },   // 0x260E uni260E  (#15)
  {  1246,  31,  24,  35,    2,  -23 },   // 0x260F uni260F  (#16)
  {  1339,  28,  28,  32,    2,  -27 },   // 0x2610 uni2610  (#17)
  {  1437,  28,  28,  32,    2,  -27 },   // 0x2611 uni2611  (#18)
  {  1535,  28,  28,  32,    2,  -27 },   // 0x2612 uni2612  (#19)
  {     0,   0,   0,   0,    0,    0 },   // 0x2613   (#20)
  {  1633,  33,  34,  37,    2,  -33 },   // 0x2614 uni2614  (#21)
  {  1774,  29,  31,  33,    2,  -30 },   // 0x2615 uni2615  (#22)
  {  1887,  21,  21,  24,    2,  -20 },   // 0x2616 uni2616  (#23)
  {  1943,  21,  21,  24,    2,  -20 },   // 0x2617 uni2617  (#24)
  {  1999,  31,  29,  35,    2,  -28 },   // 0x2618 uni2618  (#25)
  {  2112,  32,  27,  36,    2,  -23 },   // 0x2619 uni2619  (#26)
  {  2220,  44,  23,  48,    2,  -22 },   // 0x261A uni261A  (#27)
  {  2347,  44,  23,  48,    2,  -22 },   // 0x261B uni261B  (#28)
  {  2474,  45,  23,  48,    1,  -21 },   // 0x261C uni261C  (#29)
  {  2604,  23,  45,  31,    4,  -38 },   // 0x261D uni261D  (#30)
  {  2734,  45,  23,  48,    1,  -21 },   // 0x261E uni261E  (#31)
  {  2864,  23,  45,  31,    4,  -39 },   // 0x261F uni261F  (#32)
  {  2994,  32,  31,  36,    2,  -28 },   // 0x2620 uni2620  (#33)
  {  3118,  22,  28,  26,    2,  -27 },   // 0x2621 uni2621  (#34)
  {  3195,  30,  30,  34,    2,  -29 },   // 0x2622 uni2622  (#35)
  {  3308,  31,  28,  35,    2,  -27 },   // 0x2623 uni2623  (#36)
  {     0,   0,   0,   0,    0,    0 },   // 0x2624   (#37)
  {     0,   0,   0,   0,    0,    0 },   // 0x2625   (#38)
  {     0,   0,   0,   0,    0,    0 },   // 0x2626   (#39)
  {     0,   0,   0,   0,    0,    0 },   // 0x2627   (#40)
  {     0,   0,   0,   0,    0,    0 },   // 0x2628   (#41)
  {     0,   0,   0,   0,    0,    0 },   // 0x2629   (#42)
  {     0,   0,   0,   0,    0,    0 },   // 0x262A   (#43)
  {     0,   0,   0,   0,    0,    0 },   // 0x262B   (#44)
  {     0,   0,   0,   0,    0,    0 },   // 0x262C   (#45)
  {     0,   0,   0,   0,    0,    0 },   // 0x262D   (#46)
  {     0,   0,   0,   0,    0,    0 },   // 0x262E   (#47)
  {     0,   0,   0,   0,    0,    0 },   // 0x262F   (#48)
  {  3417,  29,  22,  37,    4,  -24 },   // 0x2630 uni2630  (#49)
  {  3497,  29,  22,  37,    4,  -24 },   // 0x2631 uni2631  (#50)
  {  3577,  29,  22,  37,    4,  -24 },   // 0x2632 uni2632  (#51)
  {  3657,  29,  22,  37,    4,  -24 },   // 0x2633 uni2633  (#52)
  {  3737,  29,  22,  37,    4,  -24 },   // 0x2634 uni2634  (#53)
  {  3817,  29,  22,  37,    4,  -24 },   // 0x2635 uni2635  (#54)
  {  3897,  29,  22,  37,    4,  -24 },   // 0x2636 uni2636  (#55)
  {  3977,  29,  22,  37,    4,  -24 },   // 0x2637 uni2637  (#56)
  {     0,   0,   0,   0,    0,    0 },   // 0x2638   (#57)
  {     0,   0,   0,   0,    0,    0 },   // 0x2639   (#58)
  {     0,   0,   0,   0,    0,    0 },   // 0x263A   (#59)
  {     0,   0,   0,   0,    0,    0 },   // 0x263B   (#60)
  {  4057,  35,  35,  50,    7,  -31 },   // 0x263C sun  (#61)
  {     0,   0,   0,   0,    0,    0 },   // 0x263D   (#62)
  {     0,   0,   0,   0,    0,    0 },   // 0x263E   (#63)
  {     0,   0,   0,   0,    0,    0 },   // 0x263F   (#64)
  {     0,   0,   0,   0,    0,    0 },   // 0x2640   (#65)
  {     0,   0,   0,   0,    0,    0 },   // 0x2641   (#66)
  {     0,   0,   0,   0,    0,    0 },   // 0x2642   (#67)
  {     0,   0,   0,   0,    0,    0 },   // 0x2643   (#68)
  {     0,   0,   0,   0,    0,    0 },   // 0x2644   (#69)
  {     0,   0,   0,   0,    0,    0 },   // 0x2645   (#70)
  {     0,   0,   0,   0,    0,    0 },   // 0x2646   (#71)
  {     0,   0,   0,   0,    0,    0 } }; // 0x2647   (#72)

const GFXfont NotoSansSymbols2_Regular_SymBmp1_20pt16b PROGMEM = {
  (uint8_t  *)NotoSansSymbols2_Regular_SymBmp1_20pt16bBitmaps,
  (GFXglyph *)NotoSansSymbols2_Regular_SymBmp1_20pt16bGlyphs,
  0x25AC, // first
  0x2647, // last
  50   //height
 };

// Approx. 5310 bytes

// /tmp/fontconvert_pinned -f /home/user/qmk_firmware/keyboards/polykybd/fonts/Noto_Sans_Symbols_2/NotoSansSymbols2-Regular.ttf -s 20 -v _SymBmp2_ -r 50 9812 9873 
// Visualize your font via https://tchapi.github.io/Adafruit-GFX-Font-Customiser

/* num ranges: 1 */
const uint8_t NotoSansSymbols2_Regular_SymBmp2_20pt16bBitmaps[] PROGMEM = {
  /* range 0 (0x2654 - 0x2691): */  0x00, 0x10, 0x00, 0x00, 0xF8, 0x00, 0x00, 0x40, 0x00, 0x00, 0x80, 0x00,
  0x03, 0x80, 0x00, 0x0D, 0x80, 0x07, 0x11, 0x1C, 0x1F, 0xA2, 0xFC, 0x61,
  0xC7, 0x0D, 0x81, 0x8C, 0x0F, 0x01, 0xB0, 0x1E, 0x03, 0x60, 0x3C, 0x03,
  0x80, 0x78, 0x07, 0x00, 0xF0, 0x0E, 0x01, 0xB0, 0x18, 0x06, 0x60, 0x10,
  0x0C, 0x60, 0x20, 0x30, 0x60, 0x40, 0xC0, 0xDF, 0xFD, 0x00, 0xF0, 0x1E,
  0x01, 0x80, 0x0C, 0x03, 0xFF, 0xF8, 0x07, 0x80, 0x70, 0x0C, 0x00, 0x60,
  0x1F, 0xFF, 0xC0, 0x38, 0x03, 0x80, 0x40, 0x01, 0x00, 0xC0, 0x06, 0x00,
  0x7F, 0xF0, 0x00, 0x00, 0x07, 0x00, 0x00, 0x1E, 0x44, 0xF0, 0x00, 0x92,
  0x24, 0x80, 0x0C, 0xDB, 0x66, 0x07, 0x64, 0x71, 0x37, 0x6D, 0xE1, 0x0F,
  0x6E, 0x22, 0x08, 0x22, 0x31, 0x10, 0x41, 0x11, 0xD8, 0xC6, 0x18, 0xDB,
  0x86, 0x28, 0xC3, 0x86, 0x31, 0x46, 0x30, 0x11, 0xCA, 0x71, 0x00, 0xCA,
  0x52, 0x98, 0x07, 0x32, 0x99, 0xC0, 0x19, 0xD5, 0xCC, 0x00, 0xAB, 0xBA,
  0xA0, 0x07, 0xDD, 0xDF, 0x00, 0x16, 0xC6, 0xD0, 0x00, 0x92, 0x24, 0x80,
  0x06, 0xFF, 0xEC, 0x00, 0x1E, 0x03, 0xC0, 0x00, 0xC0, 0x06, 0x00, 0x06,
  0xFF, 0xB0, 0x00, 0x30, 0x03, 0x80, 0x01, 0xBF, 0xEC, 0x00, 0x0E, 0x00,
  0xE0, 0x00, 0x7F, 0xFF, 0x00, 0x03, 0x80, 0x38, 0x00, 0x10, 0x00, 0x40,
  0x00, 0xC0, 0x0E, 0x00, 0x01, 0xFF, 0xC0, 0x00, 0x3E, 0x7F, 0x3E, 0x19,
  0xE0, 0xF3, 0x0C, 0x00, 0x01, 0x86, 0x00, 0x00, 0xC3, 0xFF, 0xFF, 0xE0,
  0x60, 0x00, 0xC0, 0x1F, 0xFF, 0xC0, 0x0C, 0x00, 0x60, 0x06, 0x00, 0x30,
  0x03, 0x00, 0x18, 0x01, 0x80, 0x0C, 0x00, 0xC0, 0x06, 0x00, 0x60, 0x03,
  0x00, 0x30, 0x01, 0x80, 0x18, 0x00, 0xC0, 0x0C, 0x00, 0x60, 0x06, 0x00,
  0x30, 0x03, 0x00, 0x18, 0x01, 0x80, 0x0C, 0x00, 0xFF, 0xFE, 0x00, 0x40,
  0x01, 0x00, 0x60, 0x00, 0xC0, 0xFF, 0xFF, 0xF8, 0x60, 0x00, 0x0C, 0xFF,
  0xFF, 0xFF, 0xE0, 0x00, 0x00, 0xF0, 0x00, 0x00, 0x7F, 0xFF, 0xFF, 0xF0,
  0x00, 0x0E, 0x00, 0x00, 0x03, 0x60, 0x00, 0x00, 0x44, 0x00, 0x00, 0x07,
  0x00, 0x00, 0x00, 0xE0, 0x00, 0x00, 0x63, 0x00, 0x00, 0x19, 0x30, 0x00,
  0x06, 0x23, 0x00, 0x01, 0x84, 0x30, 0x00, 0x27, 0xF2, 0x00, 0x0C, 0x10,
  0x60, 0x01, 0x82, 0x0C, 0x00, 0x20, 0x41, 0x80, 0x04, 0x08, 0x10, 0x00,
  0xC1, 0x06, 0x00, 0x18, 0x20, 0xC0, 0x03, 0x04, 0x18, 0x00, 0x30, 0x86,
  0x00, 0x03, 0x83, 0x80, 0x00, 0x3F, 0xE0, 0x00, 0x0C, 0x06, 0x00, 0x01,
  0xFF, 0xC0, 0x00, 0x70, 0x1C, 0x00, 0x0C, 0x01, 0x80, 0x00, 0xFF, 0xE0,
  0x00, 0x01, 0xC0, 0x01, 0xFF, 0xD7, 0xFF, 0x60, 0x02, 0x00, 0x3B, 0xFF,
  0xBF, 0xFB, 0x80, 0x00, 0x00, 0xE0, 0x00, 0x00, 0x08, 0x00, 0x18, 0x00,
  0x00, 0x33, 0x80, 0x00, 0x07, 0x58, 0x00, 0x00, 0xEB, 0x00, 0x00, 0x1F,
  0x60, 0x00, 0x02, 0xCF, 0x00, 0x00, 0xC0, 0x38, 0x00, 0x30, 0x03, 0x80,
  0x04, 0x00, 0x98, 0x01, 0xB8, 0x0B, 0x80, 0x24, 0x00, 0xB8, 0x04, 0x00,
  0x0B, 0x01, 0x80, 0x01, 0x70, 0x60, 0x00, 0x16, 0x0C, 0x00, 0x02, 0xE3,
  0x00, 0x30, 0x6C, 0x64, 0x0E, 0x05, 0x8B, 0x0F, 0x40, 0xBB, 0x47, 0x98,
  0x1B, 0x30, 0x83, 0x03, 0x66, 0x20, 0xC0, 0x6C, 0x78, 0x30, 0x0D, 0x82,
  0x0C, 0x01, 0xB0, 0x03, 0x00, 0x36, 0x00, 0xE0, 0x06, 0xE0, 0x18, 0x00,
  0xDC, 0x02, 0x00, 0x1B, 0x80, 0xC0, 0x00, 0x70, 0x1F, 0xFF, 0xFE, 0x03,
  0xFF, 0xFF, 0xC0, 0x00, 0x3E, 0x00, 0x00, 0x31, 0x80, 0x00, 0x10, 0x40,
  0x00, 0x08, 0x20, 0x00, 0x06, 0x30, 0x00, 0x01, 0xB0, 0x00, 0x03, 0x8E,
  0x00, 0x03, 0x01, 0x80, 0x03, 0x00, 0x60, 0x01, 0x80, 0x30, 0x01, 0x80,
  0x1C, 0x00, 0xE0, 0x0E, 0x00, 0x30, 0x06, 0x00, 0x1C, 0x07, 0x00, 0x07,
  0x07, 0x00, 0x01, 0xC7, 0x00, 0x03, 0xC1, 0xE0, 0x07, 0x80, 0x3C, 0x07,
  0x00, 0x07, 0x03, 0x00, 0x01, 0x83, 0x80, 0x00, 0xE3, 0x80, 0x00, 0x39,
  0x80, 0x00, 0x1C, 0xC0, 0x00, 0x06, 0x60, 0x00, 0x03, 0x70, 0x00, 0x01,
  0xF8, 0x00, 0x00, 0xFF, 0xFF, 0xFF, 0xFF, 0xFF, 0xFF, 0xF8, 0x00, 0x10,
  0x00, 0x00, 0x20, 0x00, 0x01, 0xF0, 0x00, 0x00, 0x80, 0x00, 0x01, 0x00,
  0x00, 0x0F, 0x80, 0x00, 0x1B, 0x00, 0x0E, 0x2A, 0x38, 0x7F, 0x55, 0xFC,
  0xC3, 0xAE, 0x1B, 0x33, 0x59, 0x9E, 0xFB, 0xEF, 0xBD, 0xF6, 0xDF, 0x7B,
  0xF7, 0x7E, 0xF7, 0xEE, 0xFD, 0xAF, 0xDD, 0xFA, 0x6F, 0xD7, 0xEC, 0x6F,
  0xAF, 0xB0, 0xD8, 0x42, 0x60, 0xC7, 0xF1, 0x80, 0xFF, 0xFE, 0x01, 0xFF,
  0xFC, 0x03, 0x80, 0x38, 0x06, 0xFF, 0xB0, 0x0F, 0xFF, 0xE0, 0x1C, 0x01,
  0xC0, 0x37, 0xFD, 0x80, 0x7F, 0xFF, 0x00, 0xFF, 0xFE, 0x01, 0xFF, 0xFC,
  0x00, 0xFF, 0xE0, 0x00, 0x00, 0x07, 0x00, 0x00, 0x1E, 0x5C, 0xF0, 0x01,
  0xB2, 0x65, 0xC0, 0x09, 0xDF, 0x4E, 0x07, 0x7C, 0x71, 0xF7, 0x5D, 0xE1,
  0x0F, 0x5E, 0x62, 0x08, 0x22, 0x73, 0x10, 0x41, 0x17, 0xF8, 0xC2, 0x18,
  0xFB, 0x86, 0x38, 0xC3, 0x86, 0x31, 0xC6, 0x30, 0x10, 0xCE, 0x71, 0x00,
  0xC6, 0x73, 0x18, 0x06, 0x33, 0x98, 0xC0, 0x19, 0xDD, 0xCC, 0x00, 0xEE,
  0xEE, 0xE0, 0x07, 0x77, 0x77, 0x00, 0x1F, 0xFF, 0xF0, 0x00, 0xFF, 0xFF,
  0x80, 0x07, 0xFF, 0xFC, 0x00, 0x1F, 0xFF, 0xC0, 0x00, 0xF8, 0x1E, 0x00,
  0x05, 0xFF, 0xD0, 0x00, 0x3F, 0xFF, 0x80, 0x01, 0x0F, 0x84, 0x00, 0x0F,
  0xFF, 0xE0, 0x00, 0x60, 0x03, 0x00, 0x03, 0xFF, 0xF8, 0x00, 0x1F, 0xFF,
  0xC0, 0x00, 0xFF, 0xFE, 0x00, 0x01, 0xFF, 0xC0, 0x00, 0x3E, 0x7F, 0x3E,
  0x1F, 0xFF, 0xFF, 0x0F, 0xFF, 0xFF, 0x84, 0x00, 0x00, 0x43, 0xFF, 0xFF,
  0xE0, 0x40, 0x00, 0x40, 0x1F, 0xFF, 0xC0, 0x0F, 0xFF, 0xE0, 0x07, 0xFF,
  0xF0, 0x03, 0xFF, 0xF8, 0x01, 0xFF, 0xFC, 0x00, 0xFF, 0xFE, 0x00, 0x7F,
  0xFF, 0x00, 0x3F, 0xFF, 0x80, 0x1F, 0xFF, 0xC0, 0x0F, 0xFF, 0xE0, 0x07,
  0xFF, 0xF0, 0x03, 0xFF, 0xF8, 0x01, 0xFF, 0xFC, 0x00, 0xFF, 0xFE, 0x00,
  0x7F, 0xFF, 0x00, 0x7F, 0xFF, 0xC0, 0xFF, 0xFF, 0xF8, 0x40, 0x00, 0x04,
  0x3F, 0xFF, 0xFE, 0x7F, 0xFF, 0xFF, 0xE0, 0x00, 0x00, 0x3F, 0xFF, 0xFF,
  0xF0, 0x00, 0x0E, 0x00, 0x00, 0x03, 0xE0, 0x00, 0x00, 0x7C, 0x00, 0x00,
  0x07, 0x00, 0x00, 0x01, 0xF0, 0x00, 0x00, 0x7F, 0x00, 0x00, 0x1E, 0xF0,
  0x00, 0x07, 0xDF, 0x00, 0x01, 0xFB, 0xF0, 0x00, 0x38, 0x0E, 0x00, 0x0F,
  0xEF, 0xE0, 0x01, 0xFD, 0xFC, 0x00, 0x3F, 0xBF, 0x80, 0x07, 0xF7, 0xF0,
  0x00, 0xFE, 0xFE, 0x00, 0x1F, 0xDF, 0xC0, 0x01, 0xFB, 0xF0, 0x00, 0x3F,
  0xFE, 0x00, 0x03, 0xFF, 0x80, 0x00, 0x7F, 0xF0, 0x00, 0x0C, 0x06, 0x00,
  0x01, 0xFF, 0xC0, 0x00, 0x70, 0x1C, 0x00, 0x0F, 0x8F, 0x80, 0x00, 0x3F,
  0xC0, 0x00, 0x03, 0xE0, 0x01, 0xFF, 0xFF, 0xFF, 0x7F, 0xFF, 0xFF, 0xFF,
  0xFF, 0xBF, 0xFF, 0x80, 0x00, 0x00, 0xC0, 0x00, 0x18, 0x00, 0x00, 0x33,
  0x80, 0x00, 0x07, 0x78, 0x00, 0x00, 0xEF, 0x00, 0x00, 0x1F, 0xE0, 0x00,
  0x03, 0xFF, 0x00, 0x00, 0xFF, 0xF8, 0x00, 0x3F, 0xFF, 0x80, 0x07, 0xFF,
  0xB8, 0x01, 0xC7, 0xFB, 0x80, 0x3B, 0xFF, 0xB8, 0x07, 0xFF, 0xFB, 0x01,
  0xFF, 0xFF, 0x70, 0x7F, 0xFF, 0xF6, 0x0F, 0xFF, 0xFE, 0xE3, 0xFF, 0xFF,
  0xCC, 0x7B, 0xFF, 0xF9, 0x8C, 0xFF, 0x7F, 0xBB, 0xBF, 0x9F, 0xF7, 0x3F,
  0x83, 0xFE, 0xE7, 0xE0, 0xFF, 0xCC, 0x78, 0x3F, 0xF9, 0x82, 0x0F, 0xFF,
  0x30, 0x03, 0xFF, 0xE6, 0x00, 0xFF, 0xFC, 0xE0, 0x1F, 0xFF, 0x9C, 0x03,
  0xFF, 0xF3, 0x80, 0xFF, 0xFF, 0xF0, 0x1F, 0xFF, 0xFE, 0x03, 0xFF, 0xFF,
  0xC0, 0x00, 0x3E, 0x00, 0x00, 0x3F, 0x80, 0x00, 0x2F, 0xC0, 0x00, 0x0F,
  0xE0, 0x00, 0x07, 0xF0, 0x00, 0x01, 0xF0, 0x00, 0x03, 0xFE, 0x00, 0x03,
  0xFF, 0x80, 0x03, 0xFF, 0xE0, 0x01, 0x7F, 0xF0, 0x01, 0xBF, 0xFC, 0x00,
  0xDF, 0xFE, 0x00, 0x2F, 0xFE, 0x00, 0x1F, 0xFF, 0x00, 0x07, 0xFF, 0x00,
  0x01, 0xFF, 0x00, 0x03, 0xFF, 0xE0, 0x03, 0xFF, 0xF8, 0x03, 0xFF, 0xFE,
  0x03, 0x7F, 0xFF, 0x83, 0x7F, 0xFF, 0xE1, 0xBF, 0xFF, 0xF1, 0xBF, 0xFF,
  0xFC, 0xDF, 0xFF, 0xFE, 0x4F, 0xFF, 0xFF, 0x67, 0xFF, 0xFF, 0xF3, 0xFF,
  0xFF, 0xF9, 0xFF, 0xFF, 0xFF, 0xFF, 0xFF, 0xFF, 0xFF, 0xFF, 0xFC, 0x00,
  0x18, 0x00, 0x00, 0x1C, 0x00, 0x00, 0x3C, 0x00, 0x00, 0x7E, 0x00, 0x00,
  0x7F, 0x00, 0x00, 0xFF, 0x80, 0x01, 0xFF, 0x80, 0x03, 0xFF, 0xC0, 0x07,
  0xFF, 0xE0, 0x0F, 0xFF, 0xF0, 0x1F, 0xFF, 0xF8, 0x3F, 0xFF, 0xFE, 0x7F,
  0xFF, 0xFE, 0x7F, 0xFF, 0xFF, 0xFF, 0xFF, 0xFF, 0xFF, 0xFF, 0xFF, 0xFF,
  0xFF, 0xFF, 0xFF, 0xFF, 0xFF, 0xFF, 0xFF, 0xFF, 0x7F, 0xFF, 0xFE, 0x3F,
  0xFD, 0xFE, 0x1F, 0x3C, 0xF8, 0x00, 0x3E, 0x00, 0x00, 0x7E, 0x00, 0x00,
  0xFF, 0x00, 0x03, 0xFF, 0xC0, 0x1F, 0xFF, 0xF8, 0x1F, 0xFF, 0xF8, 0x1F,
  0xFF, 0xF8, 0x1F, 0x81, 0xF8, 0x1F, 0xF1, 0xFF, 0x1C, 0x3D, 0xE3, 0xCC,
  0x07, 0xC0, 0x6C, 0x03, 0xE0, 0x3E, 0x00, 0xE0, 0x0F, 0x00, 0x70, 0x07,
  0x80, 0x00, 0x03, 0xE0, 0x00, 0x03, 0xB0, 0x00, 0x01, 0x98, 0x00, 0x01,
  0xCE, 0x00, 0x00, 0xC3, 0x80, 0x00, 0xE0, 0xC0, 0x00, 0x60, 0x70, 0x00,
  0x70, 0x1C, 0x00, 0x70, 0x06, 0x00, 0x30, 0x03, 0x80, 0x38, 0x00, 0xE0,
  0x38, 0x00, 0x38, 0x38, 0x00, 0x1C, 0x18, 0x00, 0x07, 0x1C, 0x00, 0x01,
  0x9C, 0x00, 0x00, 0xEE, 0x00, 0x00, 0x3E, 0x00, 0x00, 0x1E, 0x00, 0x00,
  0x07, 0x00, 0x00, 0x03, 0x80, 0x00, 0x00, 0x40, 0x00, 0x06, 0x00, 0x00,
  0xF0, 0x00, 0x1F, 0x00, 0x03, 0xB8, 0x00, 0x31, 0xC0, 0x07, 0x0E, 0x00,
  0xE0, 0xE0, 0x0C, 0x07, 0x01, 0xC0, 0x38, 0x38, 0x01, 0x83, 0x00, 0x1C,
  0x70, 0x00, 0xEE, 0x00, 0x06, 0xE0, 0x00, 0x77, 0x00, 0x0E, 0x30, 0x01,
  0xC3, 0x80, 0x18, 0x1C, 0x03, 0x80, 0xC0, 0x70, 0x0E, 0x06, 0x00, 0x70,
  0xE0, 0x03, 0x1C, 0x00, 0x39, 0x80, 0x01, 0xF8, 0x00, 0x0F, 0x00, 0x00,
  0xE0, 0x00, 0x06, 0x00, 0x00, 0x40, 0x00, 0x00, 0x0F, 0xC0, 0x00, 0x00,
  0xFF, 0xC0, 0x00, 0x07, 0xFF, 0x80, 0x00, 0x1F, 0xFF, 0x00, 0x00, 0xFF,
  0xFC, 0x00, 0x03, 0xFF, 0xF0, 0x00, 0x0F, 0xFF, 0xC0, 0x00, 0x3F, 0xFF,
  0x00, 0x00, 0x7F, 0xFC, 0x00, 0x3F, 0xFF, 0xFF, 0x03, 0xFF, 0xFF, 0xFF,
  0x1F, 0xFF, 0xFF, 0xFE, 0x7F, 0xFF, 0xFF, 0xFB, 0xFF, 0xFF, 0xFF, 0xFF,
  0xFF, 0xFF, 0xFF, 0xFF, 0xFF, 0xFF, 0xFF, 0xFF, 0xFF, 0xFF, 0xFF, 0xFF,
  0xFF, 0xFF, 0xFF, 0xFF, 0xFF, 0xFF, 0xDF, 0xFF, 0xFF, 0xFE, 0x7F, 0xFF,
  0xFF, 0xF8, 0x7F, 0xDE, 0xFF, 0xC0, 0xFC, 0x78, 0xFC, 0x00, 0x03, 0xF0,
  0x00, 0x00, 0x0F, 0xE0, 0x00, 0x00, 0xFF, 0xE0, 0x00, 0x3F, 0xFF, 0xF0,
  0x00, 0xFF, 0xFF, 0xC0, 0x03, 0xFF, 0xFF, 0x00, 0x00, 0x18, 0x00, 0x00,
  0x1C, 0x00, 0x00, 0x3C, 0x00, 0x00, 0x7E, 0x00, 0x00, 0x67, 0x00, 0x00,
  0xE3, 0x80, 0x01, 0xC1, 0xC0, 0x03, 0x81, 0xC0, 0x07, 0x00, 0xE0, 0x0E,
  0x00, 0x70, 0x1C, 0x00, 0x3C, 0x38, 0x00, 0x0E, 0x70, 0x00, 0x06, 0xE0,
  0x00, 0x07, 0xC0, 0x00, 0x03, 0xC0, 0x00, 0x03, 0xC0, 0x00, 0x03, 0xE0,
  0x34, 0x03, 0x70, 0xF7, 0x07, 0x7F, 0xE7, 0xFE, 0x1F, 0xA6, 0xF8, 0x00,
  0x66, 0x00, 0x00, 0x62, 0x00, 0x00, 0xC3, 0x00, 0x03, 0xC1, 0xC0, 0x1F,
  0x80, 0xF8, 0x1C, 0x00, 0x38, 0x1F, 0xFF, 0xF8, 0x1F, 0xFF, 0xF8, 0x0F,
  0x80, 0xF8, 0x1F, 0xE1, 0xFF, 0x1F, 0xF9, 0xFF, 0xCF, 0xFE, 0xFF, 0xEF,
  0xFF, 0xFF, 0xFF, 0xFF, 0xFF, 0xFF, 0xFF, 0xFF, 0xFF, 0xFF, 0xFF, 0xFF,
  0xFF, 0xFF, 0xFF, 0xFF, 0xFF, 0xFF, 0x9F, 0xFF, 0xFF, 0xCF, 0xFF, 0xFF,
  0xE3, 0xFF, 0xFF, 0xE1, 0xFF, 0xFF, 0xE0, 0x7F, 0xFF, 0xF0, 0x1F, 0xFF,
  0xF0, 0x0F, 0xFF, 0xF0, 0x03, 0xFF, 0xF8, 0x00, 0xFF, 0xF8, 0x00, 0x3F,
  0xF8, 0x00, 0x1F, 0xF8, 0x00, 0x07, 0xFC, 0x00, 0x01, 0xFC, 0x00, 0x00,
  0xFE, 0x00, 0x00, 0x3E, 0x00, 0x00, 0x1E, 0x00, 0x00, 0x07, 0x00, 0x00,
  0x03, 0x80, 0x00, 0x00, 0x40, 0x00, 0x06, 0x00, 0x00, 0xF0, 0x00, 0x1F,
  0x00, 0x03, 0xF8, 0x00, 0x3F, 0xC0, 0x07, 0xFE, 0x00, 0xFF, 0xE0, 0x0F,
  0xFF, 0x01, 0xFF, 0xF8, 0x3F, 0xFF, 0x83, 0xFF, 0xFC, 0x7F, 0xFF, 0xEF,
  0xFF, 0xFE, 0xFF, 0xFF, 0xF7, 0xFF, 0xFE, 0x3F, 0xFF, 0xC3, 0xFF, 0xF8,
  0x1F, 0xFF, 0x80, 0xFF, 0xF0, 0x0F, 0xFE, 0x00, 0x7F, 0xE0, 0x03, 0xFC,
  0x00, 0x3F, 0x80, 0x01, 0xF8, 0x00, 0x0F, 0x00, 0x00, 0xE0, 0x00, 0x06,
  0x00, 0x00, 0x40, 0x00, 0x00, 0x0F, 0xE0, 0x00, 0x00, 0xFF, 0xC0, 0x00,
  0x07, 0x83, 0x80, 0x00, 0x18, 0x07, 0x00, 0x00, 0xE0, 0x0C, 0x00, 0x03,
  0x00, 0x30, 0x00, 0x0C, 0x00, 0xC0, 0x00, 0x30, 0x03, 0x00, 0x00, 0xC0,
  0x0C, 0x00, 0x3F, 0x80, 0x7F, 0x03, 0xFE, 0x01, 0xFF, 0x1C, 0x0C, 0x06,
  0x0E, 0x60, 0x00, 0x00, 0x1B, 0x80, 0x00, 0x00, 0x3C, 0x00, 0x00, 0x00,
  0xF0, 0x00, 0x00, 0x03, 0xC0, 0x00, 0x00, 0x0F, 0x00, 0x00, 0x00, 0x3E,
  0x00, 0x4C, 0x01, 0xDC, 0x03, 0x38, 0x0E, 0x38, 0x3C, 0xF8, 0x70, 0x7F,
  0xB3, 0x7F, 0xC0, 0xFC, 0xCC, 0xFC, 0x00, 0x06, 0x18, 0x00, 0x00, 0x38,
  0x70, 0x00, 0x0F, 0xC0, 0xFC, 0x00, 0x38, 0x00, 0x70, 0x00, 0xFF, 0xFF,
  0xC0, 0x03, 0xFF, 0xFF, 0x00, 0x00, 0x01, 0x00, 0x00, 0x00, 0x10, 0x00,
  0x00, 0x11, 0x82, 0x00, 0x00, 0x88, 0x20, 0x00, 0x08, 0xC2, 0x00, 0x00,
  0x44, 0x10, 0x00, 0x06, 0x61, 0x80, 0x00, 0x23, 0x08, 0x00, 0x03, 0x18,
  0xC0, 0x00, 0x18, 0xC6, 0x00, 0x00, 0xC7, 0x30, 0x00, 0x07, 0x19, 0xC0,
  0x00, 0x18, 0xC6, 0x00, 0x00, 0xC3, 0x30, 0x00, 0x03, 0x18, 0xC0, 0x00,
  0x18, 0xC6, 0x00, 0x01, 0xC2, 0x38, 0x00, 0xF6, 0x10, 0xBE, 0x0C, 0x10,
  0x84, 0x38, 0xC0, 0x84, 0x20, 0xEE, 0x0C, 0x63, 0x03, 0x70, 0x42, 0x10,
  0x1B, 0x82, 0x10, 0x80, 0xFE, 0x21, 0x08, 0x0E, 0x7C, 0x00, 0x01, 0xF3,
  0xFE, 0x01, 0xFF, 0x0F, 0xFF, 0xFF, 0xF0, 0x1F, 0xFF, 0xFE, 0x00, 0x0F,
  0xFF, 0x00, 0x00, 0x03, 0x80, 0x00, 0x03, 0xE0, 0x00, 0x03, 0xF0, 0x00,
  0x01, 0xFC, 0x00, 0x00, 0xFC, 0x00, 0x00, 0x3C, 0x00, 0x00, 0x1C, 0x00,
  0x00, 0x0E, 0x00, 0x00, 0x07, 0x00, 0x00, 0x03, 0x80, 0x00, 0x01, 0xC0,
  0x00, 0x00, 0xFF, 0x80, 0x00, 0x7F, 0xC0, 0x00, 0x1F, 0xE0, 0x00, 0x4E,
  0x00, 0x00, 0x77, 0x00, 0x00, 0x3B, 0xFF, 0xC0, 0x3D, 0xFF, 0xF0, 0x1C,
  0xFF, 0xF8, 0x1C, 0x00, 0x1C, 0x0E, 0x00, 0x07, 0x07, 0x00, 0x03, 0x83,
  0x80, 0x01, 0xE1, 0xC0, 0x02, 0x72, 0xF0, 0x01, 0xBF, 0x38, 0x00, 0xCF,
  0xDE, 0x00, 0xE7, 0x87, 0xC1, 0xF2, 0x01, 0xFF, 0xF0, 0x00, 0x7F, 0xF0,
  0x00, 0x0F, 0xC0, 0x00, 0xFF, 0xFF, 0xFF, 0xFF, 0xFF, 0xFF, 0xFC, 0x00,
  0x00, 0x0F, 0x00, 0x00, 0x03, 0xC0, 0x00, 0x00, 0xF0, 0x00, 0x00, 0x3C,
  0x00, 0x00, 0x0F, 0x00, 0x00, 0x03, 0xC0, 0x00, 0x00, 0xF0, 0x00, 0x00,
  0x3C, 0x00, 0xC0, 0x0F, 0x00, 0x78, 0x03, 0xC0, 0x1F, 0x00, 0xF0, 0x07,
  0x80, 0x3C, 0x00, 0xE0, 0x0F, 0x00, 0x00, 0x03, 0xC0, 0x00, 0x00, 0xF0,
  0x00, 0x00, 0x3C, 0x00, 0x00, 0x0F, 0x00, 0x00, 0x03, 0xC0, 0x00, 0x00,
  0xF0, 0x00, 0x00, 0x3C, 0x00, 0x00, 0x0F, 0x00, 0x00, 0x03, 0xFF, 0xFF,
  0xFF, 0xFF, 0xFF, 0xFF, 0xF0, 0xFF, 0xFF, 0xFF, 0xFF, 0xFF, 0xFF, 0xFC,
  0x00, 0x00, 0x0F, 0x00, 0x00, 0x03, 0xC7, 0x00, 0x00, 0xF3, 0xE0, 0x00,
  0x3C, 0xF8, 0x00, 0x0F, 0x3C, 0x00, 0x03, 0xC6, 0x00, 0x00, 0xF0, 0x00,
  0x00, 0x3C, 0x00, 0x00, 0x0F, 0x00, 0x00, 0x03, 0xC0, 0x00, 0x00, 0xF0,
  0x00, 0x00, 0x3C, 0x00, 0x00, 0x0F, 0x00, 0x00, 0x03, 0xC0, 0x00, 0x00,
  0xF0, 0x00, 0x06, 0x3C, 0x00, 0x03, 0xCF, 0x00, 0x00, 0xF3, 0xC0, 0x00,
  0x3C, 0xF0, 0x00, 0x06, 0x3C, 0x00, 0x00, 0x0F, 0x00, 0x00, 0x03, 0xFF,
  0xFF, 0xFF, 0xFF, 0xFF, 0xFF, 0xF0, 0xFF, 0xFF, 0xFF, 0xFF, 0xFF, 0xFF,
  0xFC, 0x00, 0x00, 0x0F, 0x00, 0x00, 0x03, 0xC7, 0x00, 0x00, 0xF3, 0xE0,
  0x00, 0x3C, 0xF8, 0x00, 0x0F, 0x3C, 0x00, 0x03, 0xC6, 0x00, 0x00, 0xF0,
  0x00, 0x00, 0x3C, 0x00, 0xC0, 0x0F, 0x00, 0x78, 0x03, 0xC0, 0x1F, 0x00,
  0xF0, 0x07, 0x80, 0x3C, 0x00, 0xE0, 0x0F, 0x00, 0x00, 0x03, 0xC0, 0x00,
  0x00, 0xF0, 0x00, 0x06, 0x3C, 0x00, 0x03, 0xCF, 0x00, 0x00, 0xF3, 0xC0,
  0x00, 0x3C, 0xF0, 0x00, 0x06, 0x3C, 0x00, 0x00, 0x0F, 0x00, 0x00, 0x03,
  0xFF, 0xFF, 0xFF, 0xFF, 0xFF, 0xFF, 0xF0, 0xFF, 0xFF, 0xFF, 0xFF, 0xFF,
  0xFF, 0xFC, 0x00, 0x00, 0x0F, 0x00, 0x00, 0x03, 0xC7, 0x00, 0x18, 0xF3,
  0xE0, 0x0F, 0x3C, 0xF8, 0x03, 0xCF, 0x3C, 0x00, 0xF3, 0xC6, 0x00, 0x18,
  0xF0, 0x00, 0x00, 0x3C, 0x00, 0x00, 0x0F, 0x00, 0x00, 0x03, 0xC0, 0x00,
  0x00, 0xF0, 0x00, 0x00, 0x3C, 0x00, 0x00, 0x0F, 0x00, 0x00, 0x03, 0xC0,
  0x00, 0x00, 0xF1, 0xC0, 0x06, 0x3C, 0xF8, 0x03, 0xCF, 0x3E, 0x00, 0xF3,
  0xCF, 0x00, 0x3C, 0xF1, 0x80, 0x06, 0x3C, 0x00, 0x00, 0x0F, 0x00, 0x00,
  0x03, 0xFF, 0xFF, 0xFF, 0xFF, 0xFF, 0xFF, 0xF0, 0xFF, 0xFF, 0xFF, 0xFF,
  0xFF, 0xFF, 0xFC, 0x00, 0x00, 0x0F, 0x00, 0x00, 0x03, 0xC7, 0x00, 0x18,
  0xF3, 0xE0, 0x0F, 0x3C, 0xF8, 0x03, 0xCF, 0x3C, 0x00, 0xF3, 0xC6, 0x00,
  0x18, 0xF0, 0x00, 0x00, 0x3C, 0x00, 0xC0, 0x0F, 0x00, 0x78, 0x03, 0xC0,
  0x1F, 0x00, 0xF0, 0x07, 0x80, 0x3C, 0x00, 0xE0, 0x0F, 0x00, 0x00, 0x03,
  0xC0, 0x00, 0x00, 0xF1, 0xC0, 0x06, 0x3C, 0xF8, 0x03, 0xCF, 0x3E, 0x00,
  0xF3, 0xCF, 0x00, 0x3C, 0xF1, 0x80, 0x06, 0x3C, 0x00, 0x00, 0x0F, 0x00,
  0x00, 0x03, 0xFF, 0xFF, 0xFF, 0xFF, 0xFF, 0xFF, 0xF0, 0xFF, 0xFF, 0xFF,
  0xFF, 0xFF, 0xFF, 0xFC, 0x00, 0x00, 0x0F, 0x00, 0x00, 0x03, 0xC7, 0x00,
  0x18, 0xF3, 0xE0, 0x0F, 0x3C, 0xF8, 0x03, 0xCF, 0x3C, 0x00, 0xF3, 0xC6,
  0x00, 0x18, 0xF0, 0x00, 0x00, 0x3C, 0x60, 0x01, 0x8F, 0x3C, 0x00, 0xF3,
  0xCF, 0x80, 0x3C, 0xF3, 0xE0, 0x0F, 0x3C, 0x70, 0x01, 0x8F, 0x00, 0x00,
  0x03, 0xC0, 0x00, 0x00, 0xF1, 0xC0, 0x06, 0x3C, 0xF8, 0x03, 0xCF, 0x3E,
  0x00, 0xF3, 0xCF, 0x00, 0x3C, 0xF1, 0x80, 0x06, 0x3C, 0x00, 0x00, 0x0F,
  0x00, 0x00, 0x03, 0xFF, 0xFF, 0xFF, 0xFF, 0xFF, 0xFF, 0xF0, 0x00, 0x3F,
  0x80, 0x00, 0x3F, 0xFE, 0x00, 0x0F, 0xFF, 0xE0, 0x07, 0xE0, 0x3F, 0x01,
  0xF0, 0x01, 0xF0, 0x38, 0x00, 0x0E, 0x0E, 0x00, 0x00, 0xE3, 0xC0, 0x00,
  0x1E, 0x70, 0x00, 0x01, 0xCE, 0x00, 0x00, 0x3B, 0x80, 0x01, 0xC3, 0xF0,
  0x00, 0x7C, 0x7E, 0x00, 0x0F, 0xCF, 0xC0, 0x01, 0xF9, 0xF8, 0x00, 0x3E,
  0x3F, 0x00, 0x03, 0x87, 0xE0, 0x00, 0x00, 0xEE, 0x00, 0x00, 0x39, 0xC0,
  0x00, 0x07, 0x3C, 0x00, 0x01, 0xE3, 0x80, 0x00, 0x38, 0x38, 0x00, 0x0E,
  0x07, 0xC0, 0x07, 0xC0, 0x7E, 0x03, 0xF0, 0x03, 0xFF, 0xF8, 0x00, 0x3F,
  0xFE, 0x00, 0x00, 0xFE, 0x00, 0x00, 0x00, 0x3F, 0x80, 0x00, 0x3F, 0xFE,
  0x00, 0x0F, 0xFF, 0xE0, 0x07, 0xE0, 0x3F, 0x01, 0xF0, 0x01, 0xF0, 0x38,
  0x00, 0x0E, 0x0E, 0x00, 0x00, 0xE3, 0xC0, 0x00, 0x1E, 0x70, 0x00, 0x01,
  0xCE, 0x00, 0x00, 0x3B, 0x87, 0x01, 0xC3, 0xF1, 0xF0, 0x7C, 0x7E, 0x7E,
  0x0F, 0xCF, 0xCF, 0xC1, 0xF9, 0xF8, 0xF8, 0x3E, 0x3F, 0x0E, 0x03, 0x87,
  0xE0, 0x00, 0x00, 0xEE, 0x00, 0x00, 0x39, 0xC0, 0x00, 0x07, 0x3C, 0x00,
  0x01, 0xE3, 0x80, 0x00, 0x38, 0x38, 0x00, 0x0E, 0x07, 0xC0, 0x07, 0xC0,
  0x7E, 0x03, 0xF0, 0x03, 0xFF, 0xF8, 0x00, 0x3F, 0xFE, 0x00, 0x00, 0xFE,
  0x00, 0x00, 0x00, 0x3F, 0x80, 0x00, 0x3F, 0xFE, 0x00, 0x0F, 0xFF, 0xE0,
  0x07, 0xFF, 0xFF, 0x01, 0xFF, 0xFF, 0xF0, 0x3F, 0xFF, 0xFE, 0x0F, 0xFF,
  0xFF, 0xE3, 0xFF, 0xFF, 0xFE, 0x7F, 0xFF, 0xFF, 0xCF, 0xFF, 0xFF, 0xFB,
  0xFF, 0xFF, 0xFF, 0xFF, 0xFF, 0x83, 0xFF, 0xFF, 0xF0, 0x7F, 0xFF, 0xFE,
  0x07, 0xFF, 0xFF, 0xC1, 0xFF, 0xFF, 0xF8, 0x3F, 0xFF, 0xFF, 0xFF, 0xEF,
  0xFF, 0xFF, 0xF9, 0xFF, 0xFF, 0xFF, 0x3F, 0xFF, 0xFF, 0xE3, 0xFF, 0xFF,
  0xF8, 0x3F, 0xFF, 0xFF, 0x07, 0xFF, 0xFF, 0xC0, 0x7F, 0xFF, 0xF0, 0x03,
  0xFF, 0xF8, 0x00, 0x3F, 0xFE, 0x00, 0x00, 0xFE, 0x00, 0x00, 0x00, 0x3F,
  0x80, 0x00, 0x3F, 0xFE, 0x00, 0x0F, 0xFF, 0xE0, 0x07, 0xFF, 0xFF, 0x01,
  0xFF, 0xFF, 0xF0, 0x3F, 0xFF, 0xFE, 0x0F, 0xFF, 0xFF, 0xE3, 0xFF, 0xFF,
  0xFE, 0x7F, 0xFF, 0xFF, 0xCF, 0xFF, 0xFF, 0xFB, 0xFF, 0xFF, 0xFF, 0xFE,
  0x0F, 0x83, 0xFF, 0xC1, 0xF0, 0x7F, 0xF0, 0x3E, 0x07, 0xFF, 0x07, 0xC1,
  0xFF, 0xE0, 0xF8, 0x3F, 0xFF, 0xFF, 0xFF, 0xEF, 0xFF, 0xFF, 0xF9, 0xFF,
  0xFF, 0xFF, 0x3F, 0xFF, 0xFF, 0xE3, 0xFF, 0xFF, 0xF8, 0x3F, 0xFF, 0xFF,
  0x07, 0xFF, 0xFF, 0xC0, 0x7F, 0xFF, 0xF0, 0x03, 0xFF, 0xF8, 0x00, 0x3F,
  0xFE, 0x00, 0x00, 0xFE, 0x00, 0x00, 0xFF, 0xFF, 0xFF, 0xFF, 0xFF, 0xFF,
  0xFF, 0xFF, 0xFF, 0xFF, 0xFF, 0xFF, 0xFF, 0xFF, 0xF0, 0xFF, 0xE0, 0x7F,
  0xFF, 0xFF, 0x03, 0xFF, 0xFF, 0xF8, 0x1F, 0xFF, 0xFF, 0xC0, 0xFF, 0xF0,
  0xFF, 0xFF, 0xFF, 0xFF, 0xFF, 0xFF, 0xFF, 0xFF, 0xFF, 0xFF, 0xFF, 0xFF,
  0xFF, 0xFF, 0xF0, 0x00, 0x00, 0x00, 0x00, 0x00, 0x00, 0x00, 0x00, 0x00,
  0x00, 0x00, 0x00, 0x00, 0x00, 0x00, 0x00, 0x00, 0x07, 0xFF, 0xFF, 0xFF,
  0xFF, 0xFF, 0xFF, 0xFF, 0xFF, 0xFF, 0xFF, 0xFF, 0xFF, 0xFF, 0xFF, 0x80,
  0xFF, 0xE0, 0x7F, 0xFF, 0xFF, 0x03, 0xFF, 0xFF, 0xF8, 0x1F, 0xFF, 0xFF,
  0xC0, 0xFF, 0xF0, 0x00, 0x00, 0x00, 0x00, 0x00, 0x00, 0x00, 0x00, 0x00,
  0x00, 0x00, 0x00, 0x00, 0x00, 0x00, 0x00, 0x00, 0x07, 0xFF, 0xFF, 0xFF,
  0xFF, 0xFF, 0xFF, 0xFF, 0xFF, 0xFF, 0xFF, 0xFF, 0xFF, 0xFF, 0xFF, 0x80,
  0xFF, 0xFF, 0xFF, 0xFF, 0xFF, 0xFF, 0xFF, 0xFF, 0xFF, 0xFF, 0xFF, 0xFF,
  0xFF, 0xFF, 0xF0, 0x00, 0x00, 0x00, 0x00, 0x00, 0x00, 0x00, 0x00, 0x00,
  0x00, 0x00, 0x00, 0x00, 0x00, 0x00, 0x00, 0x00, 0x07, 0xFF, 0x03, 0xFF,
  0xFF, 0xF8, 0x1F, 0xFF, 0xFF, 0xC0, 0xFF, 0xFF, 0xFE, 0x07, 0xFF, 0x80,
  0xFF, 0xE0, 0x7F, 0xFF, 0xFF, 0x03, 0xFF, 0xFF, 0xF8, 0x1F, 0xFF, 0xFF,
  0xC0, 0xFF, 0xF0, 0x00, 0x00, 0x00, 0x00, 0x00, 0x00, 0x00, 0x00, 0x00,
  0x00, 0x00, 0x00, 0x00, 0x00, 0x00, 0x00, 0x00, 0x07, 0xFF, 0x03, 0xFF,
  0xFF, 0xF8, 0x1F, 0xFF, 0xFF, 0xC0, 0xFF, 0xFF, 0xFE, 0x07, 0xFF, 0x80
 };

const GFXglyph NotoSansSymbols2_Regular_SymBmp2_20pt16bGlyphs[] PROGMEM = {
// bmpOff,   w,   h,xAdv, xOff, yOff      range 0 (0x2654 - 0x2691)
  {     0,  23,  30,  39,    8,  -28 },   // 0x2654 uni2654  (#0)
  {    87,  29,  31,  39,    5,  -29 },   // 0x2655 uni2655  (#1)
  {   200,  25,  28,  39,    7,  -27 },   // 0x2656 uni2656  (#2)
  {   288,  27,  31,  39,    6,  -28 },   // 0x2657 uni2657  (#3)
  {   393,  27,  30,  39,    6,  -29 },   // 0x2658 uni2658  (#4)
  {   495,  25,  29,  39,    7,  -28 },   // 0x2659 uni2659  (#5)
  {   586,  23,  31,  39,    8,  -29 },   // 0x265A uni265A  (#6)
  {   676,  29,  31,  39,    5,  -29 },   // 0x265B uni265B  (#7)
  {   789,  25,  28,  39,    7,  -27 },   // 0x265C uni265C  (#8)
  {   877,  27,  30,  39,    6,  -28 },   // 0x265D uni265D  (#9)
  {   979,  27,  30,  39,    6,  -29 },   // 0x265E uni265E  (#10)
  {  1081,  25,  30,  39,    7,  -29 },   // 0x265F uni265F  (#11)
  {  1175,  24,  29,  28,    2,  -28 },   // 0x2660 spade  (#12)
  {  1262,  25,  28,  29,    2,  -27 },   // 0x2661 uni2661  (#13)
  {  1350,  20,  29,  24,    2,  -27 },   // 0x2662 uni2662  (#14)
  {  1423,  30,  29,  34,    2,  -28 },   // 0x2663 club  (#15)
  {  1532,  24,  29,  28,    2,  -28 },   // 0x2664 uni2664  (#16)
  {  1619,  25,  28,  29,    2,  -27 },   // 0x2665 heart  (#17)
  {  1707,  20,  29,  24,    2,  -27 },   // 0x2666 diamond  (#18)
  {  1780,  30,  29,  34,    2,  -28 },   // 0x2667 uni2667  (#19)
  {  1889,  29,  29,  33,    2,  -27 },   // 0x2668 uni2668  (#20)
  {     0,   0,   0,   0,    0,    0 },   // 0x2669   (#21)
  {     0,   0,   0,   0,    0,    0 },   // 0x266A   (#22)
  {     0,   0,   0,   0,    0,    0 },   // 0x266B   (#23)
  {     0,   0,   0,   0,    0,    0 },   // 0x266C   (#24)
  {     0,   0,   0,   0,    0,    0 },   // 0x266D   (#25)
  {     0,   0,   0,   0,    0,    0 },   // 0x266E   (#26)
  {     0,   0,   0,   0,    0,    0 },   // 0x266F   (#27)
  {     0,   0,   0,   0,    0,    0 },   // 0x2670   (#28)
  {     0,   0,   0,   0,    0,    0 },   // 0x2671   (#29)
  {     0,   0,   0,   0,    0,    0 },   // 0x2672   (#30)
  {     0,   0,   0,   0,    0,    0 },   // 0x2673   (#31)
  {     0,   0,   0,   0,    0,    0 },   // 0x2674   (#32)
  {     0,   0,   0,   0,    0,    0 },   // 0x2675   (#33)
  {     0,   0,   0,   0,    0,    0 },   // 0x2676   (#34)
  {     0,   0,   0,   0,    0,    0 },   // 0x2677   (#35)
  {     0,   0,   0,   0,    0,    0 },   // 0x2678   (#36)
  {     0,   0,   0,   0,    0,    0 },   // 0x2679   (#37)
  {     0,   0,   0,   0,    0,    0 },   // 0x267A   (#38)
  {     0,   0,   0,   0,    0,    0 },   // 0x267B   (#39)
  {     0,   0,   0,   0,    0,    0 },   // 0x267C   (#40)
  {     0,   0,   0,   0,    0,    0 },   // 0x267D   (#41)
  {     0,   0,   0,   0,    0,    0 },   // 0x267E   (#42)
  {  1995,  25,  31,  29,    2,  -29 },   // 0x267F uni267F  (#43)
  {  2092,  26,  26,  30,    2,  -25 },   // 0x2680 uni2680  (#44)
  {  2177,  26,  26,  30,    2,  -25 },   // 0x2681 uni2681  (#45)
  {  2262,  26,  26,  30,    2,  -25 },   // 0x2682 uni2682  (#46)
  {  2347,  26,  26,  30,    2,  -25 },   // 0x2683 uni2683  (#47)
  {  2432,  26,  26,  30,    2,  -25 },   // 0x2684 uni2684  (#48)
  {  2517,  26,  26,  30,    2,  -25 },   // 0x2685 uni2685  (#49)
  {  2602,  27,  27,  31,    2,  -26 },   // 0x2686 uni2686  (#50)
  {  2694,  27,  27,  31,    2,  -26 },   // 0x2687 uni2687  (#51)
  {  2786,  27,  27,  31,    2,  -26 },   // 0x2688 uni2688  (#52)
  {  2878,  27,  27,  31,    2,  -26 },   // 0x2689 uni2689  (#53)
  {  2970,  29,   4,  37,    4,  -15 },   // 0x268A uni268A  (#54)
  {  2985,  29,   4,  37,    4,  -15 },   // 0x268B uni268B  (#55)
  {  3000,  29,  13,  37,    4,  -19 },   // 0x268C uni268C  (#56)
  {  3048,  29,  13,  37,    4,  -19 },   // 0x268D uni268D  (#57)
  {  3096,  29,  13,  37,    4,  -19 },   // 0x268E uni268E  (#58)
  {  3144,  29,  13,  37,    4,  -19 },   // 0x268F uni268F  (#59)
  {     0,   0,   0,   0,    0,    0 },   // 0x2690   (#60)
  {     0,   0,   0,   0,    0,    0 } }; // 0x2691   (#61)

const GFXfont NotoSansSymbols2_Regular_SymBmp2_20pt16b PROGMEM = {
  (uint8_t  *)NotoSansSymbols2_Regular_SymBmp2_20pt16bBitmaps,
  (GFXglyph *)NotoSansSymbols2_Regular_SymBmp2_20pt16bGlyphs,
  0x2654, // first
  0x2691, // last
  50   //height
 };

// Approx. 3633 bytes

// /tmp/fontconvert_pinned -f /home/user/qmk_firmware/keyboards/polykybd/fonts/Noto_Sans_Symbols_2/NotoSansSymbols2-Regular.ttf -s 20 -v _SymBmp3_ -r 50 9974 9991 
// Visualize your font via https://tchapi.github.io/Adafruit-GFX-Font-Customiser

/* num ranges: 1 */
const uint8_t NotoSansSymbols2_Regular_SymBmp3_20pt16bBitmaps[] PROGMEM = {
  /* range 0 (0x26f6 - 0x2707): */  0x1F, 0xC0, 0x00, 0x00, 0x01, 0xFF, 0x00, 0x00, 0x00, 0x1E, 0x1C, 0x00,
  0x00, 0x00, 0xE0, 0x70, 0x00, 0x00, 0x06, 0x01, 0x80, 0x00, 0x38, 0x30,
  0x0C, 0x00, 0x0F, 0xF9, 0x80, 0x60, 0x01, 0xFF, 0xEE, 0x07, 0x00, 0x3F,
  0xFE, 0x70, 0x38, 0x03, 0xFF, 0xE1, 0xE3, 0xFC, 0x7F, 0xFC, 0x07, 0xFF,
  0xFF, 0xFF, 0xC0, 0x07, 0xFF, 0xFF, 0xF8, 0x00, 0x07, 0xFD, 0xFF, 0x00,
  0x00, 0x0F, 0xD7, 0xE0, 0x00, 0x00, 0x7E, 0xFE, 0x00, 0x00, 0x0F, 0xF1,
  0xFC, 0x00, 0x07, 0xFF, 0xFF, 0xF0, 0x00, 0xFF, 0xFF, 0xFF, 0xE0, 0x0F,
  0xFF, 0xFF, 0xFF, 0x80, 0xF1, 0xFF, 0x3F, 0xFF, 0x0E, 0x03, 0x80, 0x7F,
  0xFC, 0x70, 0x1C, 0x00, 0xFF, 0xFB, 0x80, 0xE0, 0x03, 0xFF, 0xDC, 0x06,
  0x00, 0x07, 0xFE, 0xE0, 0x30, 0x00, 0x0F, 0xE3, 0x83, 0x80, 0x00, 0x00,
  0x1F, 0xF8, 0x00, 0x00, 0x00, 0x7F, 0x80, 0x00, 0x00, 0x00, 0xF8, 0x00,
  0x00, 0x00, 0x00, 0x1F, 0x00, 0x00, 0x00, 0x00, 0xCE, 0x00, 0x00, 0x00,
  0x02, 0x08, 0x00, 0x00, 0x00, 0x18, 0x30, 0x00, 0x00, 0x00, 0x20, 0x40,
  0x00, 0x00, 0x00, 0xC1, 0x00, 0x00, 0x00, 0x01, 0x88, 0x00, 0x00, 0x00,
  0x01, 0xE0, 0x00, 0x00, 0x00, 0x00, 0xE0, 0x00, 0x00, 0x00, 0x00, 0xF0,
  0x00, 0x00, 0x00, 0x00, 0xE0, 0x00, 0x00, 0x00, 0x01, 0xE0, 0x00, 0x00,
  0x00, 0x03, 0xFF, 0xFF, 0xC0, 0x00, 0x07, 0xFF, 0xFF, 0xE0, 0x00, 0x3F,
  0xFF, 0xFF, 0x4F, 0xFF, 0xFF, 0xF8, 0x00, 0x61, 0xFF, 0xFC, 0x00, 0x03,
  0x01, 0x81, 0xF0, 0x00, 0x08, 0x02, 0x03, 0xE0, 0x00, 0x30, 0x08, 0x07,
  0xC0, 0x00, 0xC0, 0x20, 0x0F, 0x80, 0x01, 0x83, 0x00, 0x3F, 0x00, 0x03,
  0xF8, 0x00, 0x00, 0x00, 0x00, 0x3E, 0x00, 0x00, 0x00, 0x03, 0x18, 0x00,
  0x00, 0x00, 0x30, 0x60, 0x00, 0x00, 0x01, 0x81, 0x00, 0x00, 0x01, 0x8C,
  0x0C, 0x00, 0x00, 0xFF, 0xF0, 0x40, 0x00, 0x3F, 0xFD, 0xFF, 0x00, 0x07,
  0xFF, 0x03, 0xFF, 0x81, 0xFF, 0xC0, 0x00, 0x7F, 0x7F, 0xF0, 0x00, 0x00,
  0x7F, 0xFC, 0x00, 0x00, 0x01, 0xFF, 0x80, 0x00, 0x00, 0x0F, 0xFC, 0x00,
  0x00, 0x01, 0xFF, 0xFC, 0x00, 0x0F, 0xFF, 0xBF, 0xF8, 0x01, 0xFF, 0xF0,
  0x3F, 0xF8, 0x0C, 0x0C, 0x00, 0x7F, 0xF0, 0xC0, 0x20, 0x00, 0xFF, 0xF6,
  0x01, 0x00, 0x00, 0xFF, 0xF0, 0x08, 0x00, 0x01, 0xFD, 0x80, 0xC0, 0x00,
  0x00, 0x06, 0x1C, 0x00, 0x00, 0x00, 0x1F, 0xC0, 0x00, 0x00, 0x00, 0x1F,
  0x80, 0x00, 0x00, 0x01, 0x83, 0x00, 0x3F, 0x00, 0x0C, 0x02, 0x00, 0xF8,
  0x00, 0x30, 0x08, 0x07, 0xC0, 0x00, 0x80, 0x20, 0x3E, 0x00, 0x03, 0x00,
  0x81, 0xF8, 0x00, 0x06, 0x0F, 0xF7, 0xC0, 0x00, 0x0F, 0xFF, 0xFF, 0xE0,
  0x00, 0x00, 0x07, 0xFF, 0xFF, 0xC0, 0x00, 0x07, 0xFF, 0xFF, 0xF0, 0x00,
  0x3F, 0xFF, 0xFC, 0x00, 0x01, 0xE0, 0x00, 0x00, 0x00, 0x0F, 0x00, 0x00,
  0x00, 0x00, 0xF0, 0x00, 0x00, 0x00, 0x07, 0x00, 0x00, 0x00, 0x01, 0xE0,
  0x00, 0x00, 0x00, 0x19, 0x80, 0x00, 0x00, 0x00, 0xC3, 0x00, 0x00, 0x00,
  0x02, 0x04, 0x00, 0x00, 0x00, 0x18, 0x30, 0x00, 0x00, 0x00, 0x20, 0xC0,
  0x00, 0x00, 0x00, 0xC6, 0x00, 0x00, 0x00, 0x01, 0xF0, 0x00, 0x00, 0x00,
  0x00, 0x1F, 0x00, 0x00, 0x00, 0x41, 0x00, 0x00, 0x01, 0x3D, 0x00, 0x00,
  0x02, 0x8E, 0x00, 0x00, 0x0D, 0x0A, 0x00, 0x1F, 0x12, 0x14, 0x00, 0xE1,
  0x94, 0x48, 0x03, 0x01, 0xA7, 0x90, 0x18, 0x0C, 0x30, 0x3C, 0xC0, 0x60,
  0x1C, 0x07, 0x01, 0x00, 0x06, 0x3C, 0x0C, 0x00, 0x03, 0xD4, 0x60, 0x00,
  0x06, 0x29, 0x80, 0x00, 0x70, 0x6D, 0x80, 0x0F, 0x80, 0x60, 0xC0, 0x30,
  0x11, 0xC0, 0xC0, 0x4E, 0x3C, 0xC0, 0x61, 0x22, 0xC0, 0x60, 0x62, 0x87,
  0x00, 0x70, 0x35, 0x06, 0x00, 0x38, 0x79, 0x14, 0x00, 0x1F, 0x89, 0xD8,
  0x00, 0x00, 0x18, 0x60, 0x00, 0x00, 0x0F, 0x80, 0x00, 0x00, 0x00, 0x07,
  0xFC, 0x00, 0x00, 0x0F, 0x87, 0xE0, 0x00, 0x0E, 0x00, 0x1C, 0x00, 0x06,
  0x00, 0x01, 0xC0, 0x07, 0x00, 0x7E, 0x18, 0x03, 0x80, 0x3F, 0xC3, 0x00,
  0xC0, 0x1F, 0xF8, 0x60, 0x60, 0x0F, 0xEE, 0x08, 0x30, 0x03, 0xFB, 0x83,
  0x08, 0x01, 0xFF, 0xC0, 0x66, 0x00, 0xFF, 0xF0, 0x19, 0x00, 0x3E, 0x08,
  0x02, 0x40, 0x1F, 0x80, 0x00, 0xF0, 0x07, 0xC0, 0x00, 0x3C, 0x03, 0xE0,
  0x00, 0x07, 0x00, 0xF8, 0x00, 0x01, 0x80, 0x3E, 0x00, 0x00, 0x60, 0x1F,
  0x00, 0x00, 0x1C, 0x07, 0xC0, 0x00, 0x07, 0x01, 0xE0, 0x00, 0x01, 0xC0,
  0xFC, 0x00, 0x00, 0xD0, 0x3F, 0x00, 0x00, 0x36, 0x0F, 0xD0, 0x00, 0x09,
  0x83, 0xF6, 0x00, 0x06, 0x30, 0xFB, 0x80, 0x01, 0x8C, 0x1C, 0xE0, 0x00,
  0xC1, 0x8A, 0x70, 0x00, 0x60, 0x32, 0x78, 0x00, 0x38, 0x01, 0x84, 0x00,
  0x1C, 0x00, 0x20, 0x00, 0x0E, 0x00, 0x0C, 0x00, 0x06, 0x00, 0x01, 0xC0,
  0x0F, 0x00, 0x00, 0x3F, 0xFF, 0x00, 0x00, 0x01, 0xFE, 0x00, 0x00, 0x00,
  0x1F, 0xE0, 0x00, 0x03, 0xC0, 0xE0, 0x00, 0x38, 0x78, 0x60, 0x01, 0x81,
  0xE0, 0xE0, 0x0C, 0x0F, 0x80, 0xC0, 0x60, 0x3E, 0x01, 0x03, 0x00, 0xF8,
  0x02, 0x08, 0x03, 0xF0, 0x0C, 0x60, 0x0F, 0xC0, 0x11, 0x00, 0x21, 0x00,
  0x64, 0x00, 0x78, 0x00, 0xA0, 0x03, 0xF0, 0x02, 0x80, 0x1F, 0xE0, 0x0A,
  0x00, 0x7F, 0x80, 0x38, 0x09, 0xFE, 0x80, 0xE0, 0x77, 0xFB, 0x03, 0x83,
  0xDF, 0xCF, 0x0A, 0x3F, 0xBE, 0x7E, 0x2D, 0xFF, 0x03, 0xFC, 0x93, 0xFC,
  0x1F, 0xF6, 0x6F, 0x80, 0x0F, 0x90, 0x98, 0x00, 0x06, 0xC3, 0x00, 0x00,
  0x02, 0x06, 0x00, 0x00, 0x18, 0x0C, 0x00, 0x00, 0xC0, 0x18, 0x00, 0x06,
  0x00, 0x38, 0x00, 0x60, 0x00, 0x38, 0x07, 0x00, 0x00, 0x3F, 0xE0, 0x00
 };

const GFXglyph NotoSansSymbols2_Regular_SymBmp3_20pt16bGlyphs[] PROGMEM = {
// bmpOff,   w,   h,xAdv, xOff, yOff      range 0 (0x26f6 - 0x2707)
  {     0,   0,   0,   0,    0,    0 },   // 0x26F6   (#0)
  {     0,   0,   0,   0,    0,    0 },   // 0x26F7   (#1)
  {     0,   0,   0,   0,    0,    0 },   // 0x26F8   (#2)
  {     0,   0,   0,   0,    0,    0 },   // 0x26F9   (#3)
  {     0,   0,   0,   0,    0,    0 },   // 0x26FA   (#4)
  {     0,   0,   0,   0,    0,    0 },   // 0x26FB   (#5)
  {     0,   0,   0,   0,    0,    0 },   // 0x26FC   (#6)
  {     0,   0,   0,   0,    0,    0 },   // 0x26FD   (#7)
  {     0,   0,   0,   0,    0,    0 },   // 0x26FE   (#8)
  {     0,   0,   0,   0,    0,    0 },   // 0x26FF   (#9)
  {     0,  37,  29,  41,    2,  -25 },   // 0x2700 uni2700  (#10)
  {   135,  38,  23,  42,    2,  -21 },   // 0x2701 uni2701  (#11)
  {   245,  37,  22,  41,    2,  -21 },   // 0x2702 uni2702  (#12)
  {   347,  38,  23,  42,    2,  -21 },   // 0x2703 uni2703  (#13)
  {   457,  31,  24,  35,    2,  -21 },   // 0x2704 uni2704  (#14)
  {     0,   0,   0,   0,    0,    0 },   // 0x2705   (#15)
  {   550,  34,  34,  38,    2,  -30 },   // 0x2706 uni2706  (#16)
  {   695,  30,  29,  34,    2,  -26 } }; // 0x2707 uni2707  (#17)

const GFXfont NotoSansSymbols2_Regular_SymBmp3_20pt16b PROGMEM = {
  (uint8_t  *)NotoSansSymbols2_Regular_SymBmp3_20pt16bBitmaps,
  (GFXglyph *)NotoSansSymbols2_Regular_SymBmp3_20pt16bGlyphs,
  0x26F6, // first
  0x2707, // last
  50   //height
 };

// Approx. 937 bytes

// /tmp/fontconvert_pinned -f /home/user/qmk_firmware/keyboards/polykybd/fonts/Noto_Sans_Symbols_2/NotoSansSymbols2-Regular.ttf -s 20 -v _SymBmp4_ -r 50 9998 10175 
// Visualize your font via https://tchapi.github.io/Adafruit-GFX-Font-Customiser

/* num ranges: 1 */
const uint8_t NotoSansSymbols2_Regular_SymBmp4_20pt16bBitmaps[] PROGMEM = {
  /* range 0 (0x270e - 0x27bf): */  0x01, 0xC0, 0x00, 0x00, 0x01, 0xFE, 0x00, 0x00, 0x00, 0x71, 0xF0, 0x00,
  0x00, 0x18, 0x13, 0x00, 0x00, 0x02, 0x32, 0x38, 0x00, 0x00, 0xCE, 0x61,
  0x80, 0x00, 0x13, 0xCC, 0x0C, 0x00, 0x06, 0x71, 0xE0, 0xE0, 0x00, 0x8E,
  0x66, 0x06, 0x00, 0x18, 0x88, 0x70, 0x30, 0x01, 0x03, 0x01, 0x83, 0x80,
  0x20, 0xC0, 0x1C, 0x18, 0x06, 0xFE, 0x00, 0xE3, 0x80, 0xF0, 0x70, 0x07,
  0x70, 0x0E, 0x03, 0x00, 0x3D, 0x00, 0x70, 0x38, 0x03, 0xB0, 0x03, 0x81,
  0xC0, 0x32, 0x00, 0x1C, 0x0E, 0x05, 0x60, 0x00, 0xE0, 0x61, 0xC4, 0x00,
  0x07, 0x07, 0x64, 0x40, 0x00, 0x38, 0x38, 0x0C, 0x00, 0x01, 0xC7, 0x80,
  0x80, 0x00, 0x0F, 0x80, 0x38, 0x00, 0x00, 0xFF, 0xFF, 0x00, 0x00, 0x01,
  0x00, 0x00, 0x0F, 0xFF, 0xFF, 0x80, 0x01, 0x60, 0x00, 0x0E, 0x00, 0x32,
  0x00, 0x00, 0xB8, 0x06, 0x10, 0x00, 0x0D, 0xC0, 0xC0, 0xC0, 0x00, 0x46,
  0x0C, 0xC7, 0xFF, 0xFF, 0x38, 0xDC, 0x40, 0x00, 0x61, 0xCD, 0xCC, 0x00,
  0x03, 0x0E, 0x9E, 0xC0, 0x00, 0x3C, 0x79, 0xCC, 0x00, 0x02, 0x07, 0xCC,
  0xC0, 0x00, 0x60, 0xC8, 0x0F, 0xFF, 0xFF, 0x18, 0xC0, 0x80, 0x00, 0x47,
  0x06, 0x18, 0x00, 0x04, 0xC0, 0x33, 0x00, 0x00, 0x98, 0x01, 0xE0, 0x00,
  0x0E, 0x00, 0x0F, 0xFF, 0xFF, 0xC0, 0x00, 0x00, 0x00, 0x03, 0xFF, 0xE0,
  0x00, 0x03, 0xFC, 0x1C, 0x00, 0x01, 0x99, 0x03, 0x00, 0x00, 0xC1, 0xC4,
  0x60, 0x00, 0x30, 0x7F, 0x08, 0x00, 0x18, 0x38, 0xC3, 0x00, 0x0E, 0x0C,
  0x10, 0xC0, 0x07, 0x06, 0x01, 0xD0, 0x03, 0x81, 0x80, 0x36, 0x00, 0xC0,
  0xC0, 0x1C, 0x80, 0x60, 0x20, 0x0E, 0xB0, 0x3C, 0x38, 0x03, 0x0C, 0x05,
  0xFC, 0x01, 0x83, 0x80, 0x81, 0x00, 0xE0, 0xE0, 0x10, 0x30, 0x30, 0x70,
  0x06, 0x63, 0x1C, 0x18, 0x00, 0xCE, 0x6E, 0x0E, 0x00, 0x19, 0xE7, 0x07,
  0x00, 0x01, 0x3C, 0xC1, 0xC0, 0x00, 0x33, 0x90, 0x60, 0x00, 0x03, 0x02,
  0x38, 0x00, 0x00, 0x60, 0x4C, 0x00, 0x00, 0x07, 0x0F, 0x00, 0x00, 0x00,
  0x3F, 0x80, 0x00, 0x00, 0x00, 0xE0, 0x00, 0x00, 0x00, 0x00, 0x00, 0x0F,
  0xC0, 0x00, 0x00, 0x01, 0xFF, 0x00, 0x0F, 0xE0, 0x38, 0x38, 0x03, 0xFE,
  0x03, 0x01, 0xC0, 0x60, 0x30, 0xE0, 0x06, 0x04, 0x01, 0xFC, 0x00, 0x78,
  0xC0, 0x06, 0x07, 0x87, 0xCC, 0x00, 0x00, 0xFC, 0x7E, 0x80, 0x00, 0x0F,
  0xFF, 0xFC, 0x00, 0x00, 0xFC, 0x7E, 0xC0, 0x00, 0x0F, 0x87, 0xCC, 0x00,
  0xF8, 0x78, 0x78, 0x60, 0x39, 0xE0, 0x07, 0x03, 0x87, 0x06, 0x00, 0xE0,
  0x1F, 0xE0, 0x30, 0x18, 0x00, 0x00, 0x01, 0x87, 0x00, 0x00, 0x00, 0x0F,
  0xE0, 0x00, 0x00, 0x00, 0x0F, 0x00, 0x00, 0x00, 0x01, 0xFC, 0x00, 0x0F,
  0xC0, 0x3F, 0xE0, 0x03, 0xFE, 0x07, 0xFF, 0x00, 0x7F, 0xFF, 0xFF, 0xF8,
  0x0F, 0xFF, 0xFF, 0xFF, 0xC0, 0xFF, 0xFF, 0xFF, 0xFE, 0x0F, 0xFF, 0xF8,
  0x07, 0xF8, 0xFF, 0xFF, 0x80, 0x00, 0x7F, 0xFF, 0xF8, 0x07, 0xF8, 0xFF,
  0xFF, 0xFF, 0xFE, 0x07, 0xFF, 0xFF, 0xFF, 0xC0, 0x7F, 0xF0, 0xFF, 0xF8,
  0x03, 0xFE, 0x03, 0xFF, 0x00, 0x00, 0x00, 0x3F, 0xE0, 0x00, 0x00, 0x01,
  0xFC, 0x00, 0x00, 0x00, 0x0F, 0x00, 0x00, 0x00, 0x00, 0x00, 0x10, 0x00,
  0x00, 0x1F, 0x00, 0x00, 0x03, 0xE0, 0x00, 0x00, 0x7E, 0x00, 0x00, 0x0F,
  0xC0, 0x00, 0x01, 0xF8, 0x00, 0x00, 0x3F, 0x00, 0x00, 0x07, 0xE0, 0x00,
  0x00, 0xFC, 0x00, 0x00, 0x0F, 0x80, 0x00, 0x01, 0xF8, 0x00, 0x00, 0x3F,
  0x00, 0x00, 0x07, 0xE0, 0x00, 0x00, 0x7C, 0x00, 0x00, 0x0F, 0xC0, 0x00,
  0x00, 0xF8, 0x00, 0x00, 0x3F, 0x00, 0x03, 0x83, 0xE0, 0x00, 0x78, 0x3E,
  0x00, 0x0F, 0xC7, 0xC0, 0x00, 0xFC, 0x78, 0x00, 0x0F, 0xCF, 0x80, 0x00,
  0x7F, 0xF0, 0x00, 0x07, 0xFF, 0x00, 0x00, 0x7F, 0xE0, 0x00, 0x03, 0xFC,
  0x00, 0x00, 0x3F, 0xC0, 0x00, 0x03, 0xF8, 0x00, 0x00, 0x1F, 0x00, 0x00,
  0x01, 0xF0, 0x00, 0x00, 0x00, 0x00, 0x00, 0x03, 0x00, 0x00, 0x00, 0x0F,
  0x00, 0x00, 0x00, 0x1F, 0x00, 0x00, 0x00, 0x3F, 0x00, 0x00, 0x00, 0x7F,
  0x00, 0x00, 0x00, 0xFF, 0x00, 0x00, 0x01, 0xFE, 0x00, 0x00, 0x03, 0xFC,
  0x00, 0x00, 0x07, 0xFC, 0x02, 0x00, 0x0F, 0xF8, 0x0E, 0x00, 0x1F, 0xF0,
  0x3E, 0x00, 0x3F, 0xE0, 0xFF, 0x00, 0x7F, 0xC0, 0xFF, 0x00, 0xFF, 0x80,
  0xFF, 0x01, 0xFF, 0x00, 0xFF, 0x03, 0xFE, 0x00, 0xFF, 0x0F, 0xFC, 0x00,
  0xFF, 0x9F, 0xF8, 0x00, 0xFF, 0xBF, 0xF0, 0x00, 0xFF, 0xFF, 0xE0, 0x00,
  0xFF, 0xFF, 0xC0, 0x00, 0x7F, 0xFF, 0x80, 0x00, 0x7F, 0xFF, 0x00, 0x00,
  0x7F, 0xFE, 0x00, 0x00, 0x7F, 0xFC, 0x00, 0x00, 0x7F, 0xF8, 0x00, 0x00,
  0x7F, 0xF0, 0x00, 0x00, 0x3F, 0xE0, 0x00, 0x00, 0x1F, 0xC0, 0x00, 0x00,
  0x0F, 0x00, 0x00, 0x00, 0x20, 0x00, 0x00, 0x11, 0xC0, 0x00, 0x00, 0xEF,
  0x80, 0x00, 0x07, 0xDF, 0x00, 0x00, 0x3C, 0x3E, 0x00, 0x01, 0xE0, 0x7C,
  0x00, 0x0F, 0x00, 0xF8, 0x00, 0x78, 0x01, 0xF0, 0x03, 0xC0, 0x03, 0xE0,
  0x1E, 0x00, 0x07, 0xC0, 0xF0, 0x00, 0x0F, 0x87, 0x80, 0x00, 0x1F, 0x3C,
  0x00, 0x00, 0x3F, 0xE0, 0x00, 0x00, 0x7F, 0x00, 0x00, 0x00, 0xF8, 0x00,
  0x00, 0x03, 0xE0, 0x00, 0x00, 0x1F, 0xC0, 0x00, 0x00, 0xFF, 0x80, 0x00,
  0x07, 0xCF, 0x00, 0x00, 0x3E, 0x1E, 0x00, 0x01, 0xF0, 0x3C, 0x00, 0x0F,
  0x80, 0x78, 0x00, 0x7C, 0x00, 0xF0, 0x03, 0xE0, 0x01, 0xE0, 0x1F, 0x00,
  0x03, 0xC0, 0xF8, 0x00, 0x07, 0x87, 0xC0, 0x00, 0x0F, 0x3E, 0x00, 0x00,
  0x1F, 0x70, 0x00, 0x00, 0x38, 0x80, 0x00, 0x00, 0x40, 0x04, 0x00, 0x01,
  0x00, 0x30, 0x00, 0x18, 0x03, 0xC0, 0x01, 0xE0, 0x3F, 0x00, 0x1F, 0x83,
  0xFC, 0x01, 0xFE, 0x3F, 0xF0, 0x1F, 0xFB, 0xFF, 0xC1, 0xFF, 0xEF, 0xFF,
  0x1F, 0xFE, 0x3F, 0xFD, 0xFF, 0xE0, 0xFF, 0xFF, 0xFE, 0x03, 0xFF, 0xFF,
  0xE0, 0x0F, 0xFF, 0xFE, 0x00, 0x3F, 0xFF, 0xE0, 0x00, 0xFF, 0xFE, 0x00,
  0x03, 0xFF, 0xE0, 0x00, 0x1F, 0xFF, 0x00, 0x01, 0xFF, 0xFC, 0x00, 0x1F,
  0xFF, 0xF0, 0x01, 0xFF, 0xFF, 0xC0, 0x1F, 0xFF, 0xFF, 0x01, 0xFF, 0xFF,
  0xFC, 0x1F, 0xFE, 0xFF, 0xF1, 0xFF, 0xE3, 0xFF, 0xDF, 0xFE, 0x0F, 0xFF,
  0x7F, 0xE0, 0x3F, 0xF1, 0xFE, 0x00, 0xFF, 0x07, 0xE0, 0x03, 0xF0, 0x1E,
  0x00, 0x0F, 0x00, 0x60, 0x00, 0x30, 0x00, 0x00, 0x00, 0x14, 0x02, 0x00,
  0xF0, 0x3C, 0x07, 0xC0, 0xF0, 0x3E, 0x03, 0xE1, 0xF0, 0x0F, 0x8F, 0x80,
  0x1F, 0x7E, 0x00, 0x7D, 0xF0, 0x00, 0xFF, 0x80, 0x03, 0xFC, 0x00, 0x0F,
  0xF0, 0x00, 0x1F, 0x80, 0x00, 0xFE, 0x00, 0x03, 0xF8, 0x00, 0x1F, 0xF0,
  0x00, 0xFF, 0xC0, 0x07, 0xFF, 0x80, 0x1F, 0x3E, 0x00, 0xFC, 0x7C, 0x07,
  0xE1, 0xF0, 0x3F, 0x03, 0xE0, 0xFC, 0x0F, 0x87, 0xE0, 0x1C, 0x1F, 0x00,
  0x20, 0xFC, 0x00, 0x01, 0xE0, 0x00, 0x0F, 0x80, 0x00, 0x1C, 0x00, 0x00,
  0x40, 0x00, 0x00, 0x00, 0x00, 0x02, 0x00, 0x00, 0x01, 0xC0, 0x60, 0x00,
  0xF4, 0x7C, 0x00, 0x7F, 0x3F, 0x80, 0x3F, 0xCF, 0xE0, 0x1F, 0xF1, 0xFC,
  0x0F, 0xF8, 0x7F, 0x07, 0xF8, 0x0F, 0xE3, 0xFC, 0x03, 0xFD, 0xFE, 0x00,
  0xFF, 0xFF, 0x00, 0x1F, 0xFF, 0x80, 0x07, 0xFF, 0xE0, 0x00, 0xFF, 0xF0,
  0x00, 0x3F, 0xF8, 0x00, 0x07, 0xFC, 0x00, 0x01, 0xFF, 0x80, 0x00, 0xFF,
  0xE0, 0x00, 0x7F, 0xFC, 0x00, 0x3F, 0xFF, 0x80, 0x1F, 0xFF, 0xF0, 0x0F,
  0xFF, 0xFE, 0x03, 0xFD, 0xFF, 0x81, 0xFF, 0x7F, 0xF0, 0xFF, 0x8F, 0xFC,
  0x3F, 0xC1, 0xFE, 0x0F, 0xE0, 0x3F, 0x01, 0xF0, 0x0F, 0xC0, 0x7C, 0x01,
  0x80, 0x0E, 0x00, 0x00, 0x01, 0x80, 0x00, 0x00, 0x00, 0x3F, 0xE0, 0x00,
  0x01, 0x01, 0x00, 0x00, 0x08, 0x08, 0x00, 0x00, 0x4E, 0x40, 0x00, 0x02,
  0x72, 0x00, 0x00, 0x13, 0x90, 0x00, 0x00, 0x9C, 0x80, 0x00, 0x04, 0xE4,
  0x00, 0x00, 0x27, 0x20, 0x07, 0xFF, 0x39, 0xFF, 0xE0, 0x01, 0xC0, 0x07,
  0x00, 0x0E, 0x00, 0x39, 0xFF, 0xFF, 0xFD, 0xCF, 0xFF, 0xFF, 0xEE, 0x7F,
  0xFF, 0xFF, 0x73, 0xFF, 0xFF, 0xFB, 0x80, 0x07, 0x00, 0x1F, 0xFF, 0x39,
  0xFF, 0xC0, 0x09, 0xC8, 0x00, 0x00, 0x4E, 0x40, 0x00, 0x02, 0x72, 0x00,
  0x00, 0x13, 0x90, 0x00, 0x00, 0x9C, 0x80, 0x00, 0x04, 0xE4, 0x00, 0x00,
  0x27, 0x20, 0x00, 0x01, 0x01, 0x00, 0x00, 0x08, 0x08, 0x00, 0x00, 0x7F,
  0xC0, 0x00, 0x00, 0x3F, 0xE0, 0x00, 0x01, 0xFF, 0x00, 0x00, 0x0F, 0xF8,
  0x00, 0x00, 0x7F, 0xC0, 0x00, 0x03, 0xFE, 0x00, 0x00, 0x1F, 0xF0, 0x00,
  0x00, 0xFF, 0x80, 0x00, 0x07, 0xFC, 0x00, 0x00, 0x3F, 0xE0, 0x00, 0x01,
  0xFF, 0x00, 0x3F, 0xFF, 0xFF, 0xFF, 0xFF, 0xFF, 0xFF, 0xFF, 0xFF, 0xFF,
  0xFF, 0xFF, 0xFF, 0xFF, 0xFF, 0xFF, 0xFF, 0xFF, 0xFF, 0xFF, 0xFF, 0xFF,
  0xFF, 0xFF, 0xFF, 0xFF, 0xFF, 0xFF, 0xFF, 0xFF, 0xFF, 0xFF, 0xFE, 0x00,
  0x7F, 0xC0, 0x00, 0x03, 0xFE, 0x00, 0x00, 0x1F, 0xF0, 0x00, 0x00, 0xFF,
  0x80, 0x00, 0x07, 0xFC, 0x00, 0x00, 0x3F, 0xE0, 0x00, 0x01, 0xFF, 0x00,
  0x00, 0x0F, 0xF8, 0x00, 0x00, 0x7F, 0xC0, 0x00, 0x00, 0x0F, 0x80, 0x00,
  0x00, 0x7C, 0x00, 0x00, 0x03, 0xE0, 0x00, 0x00, 0x1F, 0x00, 0x00, 0x00,
  0xF8, 0x00, 0x00, 0x07, 0xC0, 0x00, 0x00, 0x3E, 0x00, 0x00, 0x01, 0xF0,
  0x00, 0x00, 0x0F, 0x80, 0x00, 0x00, 0x7C, 0x00, 0x00, 0x03, 0xE0, 0x00,
  0x00, 0x1F, 0x00, 0x0F, 0xFF, 0x0F, 0xFF, 0xFF, 0xF8, 0x7F, 0xFF, 0xFF,
  0xC3, 0xFF, 0xFF, 0xFE, 0x1F, 0xFF, 0xFF, 0xF0, 0xFF, 0xF8, 0x00, 0x7C,
  0x00, 0x00, 0x03, 0xE0, 0x00, 0x00, 0x1F, 0x00, 0x00, 0x00, 0xF8, 0x00,
  0x00, 0x07, 0xC0, 0x00, 0x00, 0x3E, 0x00, 0x00, 0x01, 0xF0, 0x00, 0x00,
  0x0F, 0x80, 0x00, 0x00, 0x7C, 0x00, 0x00, 0x03, 0xE0, 0x00, 0x00, 0x1F,
  0x00, 0x00, 0x00, 0xF8, 0x00, 0x00, 0x00, 0x7F, 0xE0, 0x00, 0x03, 0xFF,
  0x00, 0x00, 0x1F, 0xF8, 0x00, 0x00, 0xFF, 0xC0, 0x00, 0x07, 0xFE, 0x00,
  0x00, 0x3F, 0xF0, 0x00, 0x01, 0xFF, 0x80, 0x00, 0x0F, 0xFC, 0x00, 0x00,
  0x7F, 0xE0, 0x00, 0x03, 0xFF, 0x00, 0x3F, 0xF0, 0x07, 0xFF, 0xFF, 0x80,
  0x3F, 0xFF, 0xFC, 0x01, 0xFF, 0xFF, 0xE0, 0x0F, 0xFF, 0xFF, 0x00, 0x7F,
  0xFF, 0xF8, 0x03, 0xFF, 0xFF, 0xC0, 0x1F, 0xFF, 0xFE, 0x00, 0xFF, 0xFF,
  0xF0, 0x07, 0xFF, 0xFF, 0xFF, 0xFF, 0xF0, 0x07, 0xFE, 0x00, 0x00, 0x3F,
  0xF0, 0x00, 0x01, 0xFF, 0x80, 0x00, 0x0F, 0xFC, 0x00, 0x00, 0x7F, 0xE0,
  0x00, 0x03, 0xFF, 0x00, 0x00, 0x1F, 0xF8, 0x00, 0x00, 0xFF, 0xC0, 0x00,
  0x07, 0xFE, 0x00, 0x00, 0x00, 0x07, 0x80, 0x00, 0x00, 0x3F, 0x00, 0x00,
  0x01, 0xFE, 0x00, 0x00, 0x07, 0xF8, 0x00, 0x00, 0x1F, 0xE0, 0x00, 0x00,
  0x3F, 0x80, 0x00, 0x00, 0xFC, 0x00, 0x00, 0x03, 0xF0, 0x00, 0x00, 0x07,
  0x80, 0x00, 0x00, 0x1E, 0x00, 0x00, 0x00, 0x38, 0x00, 0x06, 0x00, 0xC0,
  0x1C, 0x7F, 0x03, 0x03, 0xFB, 0xFF, 0x0C, 0x3F, 0xFF, 0xFF, 0x97, 0xFF,
  0xFF, 0xFF, 0xFF, 0xFF, 0xFF, 0xE3, 0x1F, 0xFD, 0xFC, 0x0C, 0x0F, 0xF3,
  0xC0, 0x30, 0x0F, 0x00, 0x00, 0xC0, 0x00, 0x00, 0x07, 0x80, 0x00, 0x00,
  0x1E, 0x00, 0x00, 0x00, 0xFC, 0x00, 0x00, 0x03, 0xF0, 0x00, 0x00, 0x0F,
  0xE0, 0x00, 0x00, 0x7F, 0x80, 0x00, 0x01, 0xFE, 0x00, 0x00, 0x07, 0xF8,
  0x00, 0x00, 0x0F, 0xE0, 0x00, 0x00, 0x3F, 0x00, 0x00, 0x00, 0x02, 0x00,
  0x00, 0x00, 0x3F, 0x00, 0x00, 0x01, 0xFE, 0x00, 0x00, 0x07, 0xF8, 0x00,
  0x00, 0x1F, 0xE0, 0x00, 0x00, 0x7F, 0x80, 0x00, 0x01, 0xFE, 0x00, 0x00,
  0x03, 0xF0, 0x00, 0x00, 0x07, 0x80, 0x00, 0x00, 0x0C, 0x00, 0x00, 0x00,
  0x30, 0x00, 0x07, 0x00, 0x80, 0x38, 0x7E, 0x01, 0x01, 0xFB, 0xFC, 0x1E,
  0x0F, 0xEF, 0xF8, 0xFC, 0x7F, 0xFF, 0xFF, 0xFF, 0xFF, 0xFF, 0x8F, 0xC7,
  0xFF, 0xFC, 0x1E, 0x0F, 0xF7, 0xE0, 0x10, 0x1F, 0x8F, 0x00, 0x40, 0x3C,
  0x00, 0x03, 0x00, 0x00, 0x00, 0x0C, 0x00, 0x00, 0x00, 0x78, 0x00, 0x00,
  0x03, 0xF0, 0x00, 0x00, 0x1F, 0xE0, 0x00, 0x00, 0x7F, 0x80, 0x00, 0x01,
  0xFE, 0x00, 0x00, 0x07, 0xF8, 0x00, 0x00, 0x1F, 0xE0, 0x00, 0x00, 0x3F,
  0x00, 0x00, 0x00, 0x0F, 0xC0, 0x00, 0x00, 0x7F, 0x80, 0x00, 0x03, 0xFF,
  0x00, 0x00, 0x0F, 0xFC, 0x00, 0x00, 0x3F, 0xF0, 0x00, 0x00, 0xFF, 0xC0,
  0x00, 0x03, 0xFF, 0x00, 0x00, 0x0F, 0xFC, 0x00, 0x00, 0x1F, 0xE0, 0x00,
  0x78, 0x7F, 0x87, 0x03, 0xF8, 0xF8, 0x7F, 0x1F, 0xF1, 0xC3, 0xFE, 0xFF,
  0xE3, 0x1F, 0xFF, 0xFF, 0xCC, 0xFF, 0xFF, 0xFF, 0xFF, 0xFF, 0xFF, 0xFE,
  0xDF, 0xFF, 0xFF, 0xE3, 0x1F, 0xFD, 0xFF, 0x8C, 0x7F, 0xE3, 0xF8, 0x78,
  0x7F, 0x07, 0xC3, 0xF0, 0xF8, 0x00, 0x1F, 0xE0, 0x00, 0x00, 0xFF, 0xC0,
  0x00, 0x03, 0xFF, 0x00, 0x00, 0x0F, 0xFC, 0x00, 0x00, 0x3F, 0xF0, 0x00,
  0x00, 0xFF, 0xC0, 0x00, 0x03, 0xFF, 0x00, 0x00, 0x07, 0xF8, 0x00, 0x00,
  0x0F, 0xC0, 0x00, 0x00, 0x0C, 0x00, 0x00, 0x00, 0x07, 0x80, 0x00, 0x00,
  0x1F, 0x00, 0x00, 0x00, 0xFC, 0x00, 0x00, 0x03, 0xF0, 0x00, 0x00, 0x1F,
  0xE0, 0x00, 0x00, 0xFF, 0xC0, 0x00, 0x03, 0xFF, 0x00, 0x00, 0x0F, 0xFC,
  0x00, 0x00, 0x3F, 0xF0, 0x00, 0x00, 0x2D, 0x00, 0x00, 0x70, 0x30, 0x38,
  0x03, 0xE0, 0xC1, 0xF0, 0x3F, 0xC3, 0x07, 0xFB, 0xFE, 0x0C, 0x1F, 0xFF,
  0xFF, 0xFF, 0xFF, 0xFF, 0xE0, 0xC1, 0xFF, 0xFF, 0xC3, 0x07, 0xFD, 0xFF,
  0x0C, 0x1F, 0xE0, 0xF8, 0x30, 0x7C, 0x01, 0xE0, 0xC0, 0xE0, 0x00, 0x03,
  0x00, 0x00, 0x00, 0x7F, 0xC0, 0x00, 0x03, 0xFF, 0x00, 0x00, 0x0F, 0xFC,
  0x00, 0x00, 0x3F, 0xF0, 0x00, 0x00, 0x7F, 0x80, 0x00, 0x00, 0xFC, 0x00,
  0x00, 0x03, 0xF0, 0x00, 0x00, 0x07, 0xC0, 0x00, 0x00, 0x1E, 0x00, 0x00,
  0x00, 0x03, 0x00, 0x00, 0x00, 0x0C, 0x00, 0x00, 0x00, 0x78, 0x00, 0x00,
  0x01, 0xE0, 0x00, 0x00, 0x0F, 0x80, 0x00, 0x00, 0x3F, 0x00, 0x00, 0x01,
  0xFE, 0x00, 0x00, 0x0F, 0xFC, 0x00, 0x00, 0x3F, 0xF0, 0x00, 0x01, 0xFF,
  0xF0, 0x00, 0x1F, 0xFF, 0xE0, 0x00, 0xFF, 0xFF, 0xC0, 0x0F, 0xFF, 0xFF,
  0xC0, 0xFF, 0xFF, 0xFF, 0xCF, 0xFF, 0xFF, 0xFF, 0xFF, 0xFF, 0xFF, 0xFF,
  0x3F, 0xFF, 0xFF, 0xF0, 0x3F, 0xFF, 0xFF, 0x00, 0x3F, 0xFF, 0xF0, 0x00,
  0x7F, 0xFF, 0x80, 0x00, 0xFF, 0xF8, 0x00, 0x01, 0xFF, 0xC0, 0x00, 0x03,
  0xFF, 0x00, 0x00, 0x07, 0xF8, 0x00, 0x00, 0x0F, 0xC0, 0x00, 0x00, 0x3E,
  0x00, 0x00, 0x00, 0x78, 0x00, 0x00, 0x01, 0xE0, 0x00, 0x00, 0x03, 0x00,
  0x00, 0x00, 0x0C, 0x00, 0x00, 0x00, 0x03, 0x00, 0x00, 0x00, 0x0C, 0x00,
  0x00, 0x00, 0x50, 0x00, 0x00, 0x01, 0x60, 0x00, 0x00, 0x0C, 0x80, 0x00,
  0x00, 0x33, 0x00, 0x00, 0x01, 0xCE, 0x00, 0x00, 0x0E, 0x3C, 0x00, 0x00,
  0x38, 0x70, 0x00, 0x03, 0xE1, 0xE0, 0x00, 0x1F, 0x03, 0xE0, 0x00, 0xFC,
  0x0F, 0xC0, 0x0F, 0xC0, 0x0F, 0xC0, 0xF8, 0x00, 0x0F, 0xCE, 0x00, 0x00,
  0x01, 0xF8, 0x00, 0x00, 0x07, 0x3E, 0x00, 0x03, 0xF0, 0x3F, 0x00, 0x3F,
  0x00, 0x3F, 0x03, 0xF0, 0x00, 0x7C, 0x0F, 0x80, 0x00, 0xF8, 0x7C, 0x00,
  0x01, 0xE1, 0xE0, 0x00, 0x03, 0x8F, 0x00, 0x00, 0x07, 0x38, 0x00, 0x00,
  0x0C, 0xC0, 0x00, 0x00, 0x32, 0x00, 0x00, 0x00, 0x48, 0x00, 0x00, 0x01,
  0x40, 0x00, 0x00, 0x03, 0x00, 0x00, 0x00, 0x0C, 0x00, 0x00, 0x00, 0x00,
  0x40, 0x00, 0x00, 0x00, 0x04, 0x00, 0x00, 0x00, 0x00, 0x60, 0x00, 0x00,
  0x00, 0x06, 0x00, 0x00, 0x00, 0x00, 0xE0, 0x00, 0x00, 0x00, 0x0B, 0x00,
  0x00, 0x00, 0x01, 0x90, 0x00, 0x00, 0x00, 0x19, 0x80, 0x00, 0x00, 0x01,
  0x98, 0x00, 0x00, 0x00, 0x31, 0x80, 0x00, 0x00, 0x03, 0x1C, 0x00, 0x00,
  0x00, 0x30, 0xC0, 0x00, 0x00, 0x07, 0x0C, 0x00, 0x00, 0x00, 0x60, 0xE0,
  0x00, 0xFF, 0xFE, 0x0F, 0xFF, 0xF3, 0xFF, 0xE0, 0x7F, 0xEC, 0x1C, 0x00,
  0x00, 0x03, 0x00, 0x60, 0x00, 0x00, 0xE0, 0x03, 0x80, 0x00, 0x3C, 0x00,
  0x1E, 0x00, 0x07, 0x80, 0x00, 0xF8, 0x01, 0xE0, 0x00, 0x03, 0x80, 0x3C,
  0x00, 0x00, 0x38, 0x01, 0xC0, 0x00, 0x03, 0x00, 0x1C, 0x00, 0x00, 0x70,
  0x60, 0xC0, 0x00, 0x06, 0x0F, 0x0E, 0x00, 0x00, 0x61, 0xF8, 0x60, 0x00,
  0x0C, 0x7B, 0xC6, 0x00, 0x00, 0xCF, 0x0E, 0x30, 0x00, 0x0D, 0xC0, 0x7B,
  0x00, 0x01, 0xB8, 0x01, 0xD0, 0x00, 0x1E, 0x00, 0x0F, 0x00, 0x01, 0xC0,
  0x00, 0x38, 0x00, 0x10, 0x00, 0x01, 0x80, 0x02, 0x00, 0x00, 0x04, 0x00,
  0x00, 0x02, 0x00, 0x00, 0x07, 0xFF, 0x00, 0x01, 0xFF, 0xFC, 0x00, 0x7F,
  0xDF, 0xE0, 0x0F, 0xF9, 0xFF, 0x01, 0xFF, 0x9F, 0xF8, 0x1F, 0xF8, 0xFF,
  0xC3, 0xFF, 0x0F, 0xFE, 0x7F, 0xF0, 0xFF, 0xE7, 0xFF, 0x07, 0xFE, 0x7F,
  0xE0, 0x7F, 0xFF, 0xFE, 0x07, 0xFF, 0xF0, 0x00, 0x00, 0x7F, 0x80, 0x00,
  0x1F, 0xFE, 0x00, 0x03, 0xFF, 0xF0, 0x00, 0xFF, 0xFF, 0x80, 0x1F, 0xFF,
  0xF8, 0x01, 0xFF, 0xFF, 0x80, 0x0F, 0xF7, 0xF0, 0x00, 0xFF, 0x7F, 0x06,
  0x0F, 0xE3, 0xF0, 0xF8, 0x7E, 0x3E, 0x3F, 0xC7, 0xC1, 0xE7, 0xFF, 0x78,
  0x0F, 0xFF, 0xFB, 0x80, 0x7F, 0xFF, 0xF0, 0x03, 0xFF, 0xFC, 0x00, 0x0F,
  0xFF, 0x80, 0x00, 0x3F, 0xC0, 0x00, 0x00, 0x01, 0x00, 0x00, 0x00, 0x01,
  0x00, 0x00, 0x00, 0x01, 0x80, 0x00, 0x00, 0x03, 0x80, 0x00, 0x00, 0x03,
  0x80, 0x00, 0x00, 0x03, 0xC0, 0x00, 0x00, 0x07, 0xC0, 0x00, 0x00, 0x07,
  0xC0, 0x00, 0x00, 0x07, 0xE0, 0x00, 0x00, 0x0F, 0xE0, 0x00, 0x00, 0x0F,
  0xE0, 0x00, 0x00, 0x0F, 0xF0, 0x00, 0xFF, 0xFC, 0x3F, 0xFF, 0x3F, 0xF0,
  0x1F, 0xF8, 0x0F, 0xF0, 0x0F, 0xF0, 0x07, 0xF0, 0x0F, 0xC0, 0x01, 0xE0,
  0x0F, 0x80, 0x00, 0xE0, 0x0E, 0x00, 0x00, 0x70, 0x0C, 0x00, 0x00, 0x70,
  0x1C, 0x00, 0x00, 0x7C, 0x3E, 0x00, 0x00, 0xFF, 0xFE, 0x00, 0x00, 0xFF,
  0xFE, 0x00, 0x00, 0xFE, 0x7F, 0x00, 0x01, 0xF8, 0x3F, 0x00, 0x01, 0xF0,
  0x0F, 0x00, 0x01, 0xE0, 0x07, 0x80, 0x03, 0x80, 0x03, 0x80, 0x03, 0x00,
  0x00, 0x80, 0x02, 0x00, 0x00, 0x40, 0x00, 0x01, 0x00, 0x00, 0x00, 0x02,
  0x00, 0x00, 0x00, 0x04, 0x00, 0x00, 0x00, 0x14, 0x00, 0x00, 0x00, 0x28,
  0x00, 0x00, 0x00, 0x50, 0x00, 0x00, 0x01, 0x10, 0x00, 0x00, 0x02, 0x20,
  0x00, 0x00, 0x04, 0x40, 0x00, 0x00, 0x10, 0xC0, 0x00, 0x00, 0x20, 0x80,
  0x00, 0x00, 0xC1, 0x00, 0x0F, 0xFF, 0x83, 0xFF, 0xE9, 0xFE, 0x73, 0xFC,
  0x8C, 0x03, 0xF8, 0x06, 0x04, 0x07, 0xF0, 0x30, 0x06, 0x1F, 0xE0, 0xC0,
  0x07, 0x3F, 0xC6, 0x00, 0x07, 0xBF, 0xB8, 0x00, 0x06, 0x7F, 0x70, 0x00,
  0x0C, 0x38, 0x60, 0x00, 0x38, 0x20, 0xC0, 0x00, 0x60, 0xE0, 0x80, 0x00,
  0xC3, 0xE1, 0x80, 0x01, 0x0C, 0xE1, 0x00, 0x02, 0x30, 0x62, 0x00, 0x0D,
  0x80, 0x64, 0x00, 0x16, 0x00, 0x34, 0x00, 0x30, 0x00, 0x38, 0x00, 0xC0,
  0x00, 0x10, 0x00, 0x00, 0x01, 0x00, 0x00, 0x00, 0x01, 0x00, 0x00, 0x00,
  0x01, 0x80, 0x00, 0x00, 0x01, 0x80, 0x00, 0x00, 0x01, 0x80, 0x00, 0x00,
  0x02, 0xC0, 0x00, 0x00, 0x03, 0x40, 0x00, 0x00, 0x03, 0x40, 0x00, 0x00,
  0x05, 0xE0, 0x00, 0x00, 0x05, 0xA0, 0x00, 0x00, 0x05, 0xA0, 0x00, 0x00,
  0x0B, 0xB0, 0x00, 0x00, 0x0B, 0xD0, 0x00, 0xFF, 0xFB, 0xDF, 0xFF, 0x30,
  0x07, 0xC0, 0x0C, 0x0D, 0xFF, 0xFF, 0xB0, 0x06, 0x7F, 0xFE, 0x60, 0x01,
  0xBF, 0xF9, 0x80, 0x00, 0xCF, 0xF3, 0x00, 0x00, 0x2F, 0xF4, 0x00, 0x00,
  0x6F, 0xF6, 0x00, 0x00, 0x5E, 0x7A, 0x00, 0x00, 0x5D, 0x3A, 0x00, 0x00,
  0xFB, 0xDB, 0x00, 0x00, 0xA6, 0x65, 0x00, 0x00, 0xDC, 0x33, 0x00, 0x01,
  0x30, 0x0D, 0x80, 0x01, 0x60, 0x06, 0x80, 0x01, 0xC0, 0x03, 0x80, 0x03,
  0x00, 0x00, 0xC0, 0x02, 0x00, 0x00, 0x40, 0x00, 0x01, 0x00, 0x00, 0x00,
  0x02, 0x00, 0x00, 0x00, 0x0E, 0x00, 0x00, 0x00, 0x1C, 0x00, 0x00, 0x00,
  0x38, 0x00, 0x00, 0x00, 0xD8, 0x00, 0x00, 0x01, 0xB0, 0x00, 0x00, 0x07,
  0x30, 0x00, 0x00, 0x0C, 0x60, 0x00, 0x00, 0x3A, 0xE0, 0x00, 0x00, 0x64,
  0xC0, 0x07, 0xFF, 0xC9, 0xFF, 0xF7, 0xFF, 0xBB, 0xFF, 0xC7, 0x00, 0x70,
  0x07, 0x03, 0xBF, 0xFF, 0xBC, 0x03, 0x8F, 0xF8, 0xE0, 0x03, 0x8F, 0xE3,
  0x80, 0x03, 0xCF, 0x9E, 0x00, 0x03, 0xBB, 0x98, 0x00, 0x06, 0x63, 0x30,
  0x00, 0x0C, 0x92, 0x60, 0x00, 0x3A, 0x72, 0xE0, 0x00, 0x71, 0xF0, 0xC0,
  0x00, 0xCF, 0x79, 0x80, 0x01, 0xBC, 0x7B, 0x00, 0x07, 0xE0, 0x3F, 0x00,
  0x0F, 0x80, 0x3E, 0x00, 0x1E, 0x00, 0x1C, 0x00, 0x30, 0x00, 0x18, 0x00,
  0xC0, 0x00, 0x18, 0x01, 0x00, 0x00, 0x10, 0x00, 0x00, 0x01, 0x00, 0x00,
  0x00, 0x02, 0x00, 0x00, 0x00, 0x04, 0x00, 0x00, 0x00, 0x1C, 0x00, 0x00,
  0x00, 0x38, 0x00, 0x00, 0x00, 0xB0, 0x00, 0x00, 0x01, 0x70, 0x00, 0x00,
  0x02, 0xE0, 0x00, 0x00, 0x05, 0xC0, 0x00, 0x00, 0x13, 0xC0, 0x00, 0x00,
  0x27, 0x80, 0x00, 0x00, 0x4F, 0x00, 0x0F, 0xFF, 0x9F, 0xFF, 0xE6, 0xFF,
  0xB8, 0x07, 0x02, 0x1F, 0x60, 0xF8, 0x03, 0x07, 0x9F, 0xE0, 0x01, 0x83,
  0xFF, 0x00, 0x01, 0xBF, 0x7C, 0x00, 0x01, 0xF6, 0x10, 0x00, 0x03, 0xCE,
  0x20, 0x00, 0x0F, 0x9E, 0x40, 0x00, 0x1E, 0x3C, 0x40, 0x00, 0x38, 0xBC,
  0x80, 0x00, 0xE6, 0x3D, 0x00, 0x01, 0x98, 0x3D, 0x00, 0x03, 0xC0, 0x1A,
  0x00, 0x07, 0x00, 0x1C, 0x00, 0x18, 0x00, 0x1C, 0x00, 0x20, 0x00, 0x08,
  0x00, 0x80, 0x00, 0x08, 0x00, 0x00, 0x03, 0x00, 0x00, 0x00, 0x07, 0xC0,
  0x00, 0x00, 0x07, 0xE0, 0x00, 0x00, 0x05, 0xE0, 0x00, 0x00, 0x0D, 0xE0,
  0x00, 0x00, 0x09, 0xF0, 0x00, 0x00, 0x08, 0xF0, 0x00, 0x00, 0x18, 0xF0,
  0x00, 0x00, 0x10, 0xF8, 0x00, 0x00, 0x10, 0xF8, 0x00, 0x00, 0x30, 0x78,
  0x00, 0xFF, 0xE0, 0x7F, 0xFF, 0x30, 0x00, 0x00, 0x7E, 0x0C, 0x00, 0x01,
  0xF8, 0x06, 0x00, 0x07, 0xF0, 0x01, 0x80, 0x0F, 0xE0, 0x00, 0xC0, 0x1F,
  0x80, 0x00, 0x80, 0x1F, 0x00, 0x00, 0x80, 0x1F, 0x00, 0x01, 0x82, 0x0F,
  0x00, 0x01, 0x07, 0x0F, 0x80, 0x01, 0x1F, 0x8F, 0x80, 0x03, 0x3F, 0xE7,
  0x80, 0x02, 0x7E, 0x37, 0xC0, 0x03, 0xFC, 0x1B, 0xC0, 0x07, 0xF8, 0x07,
  0xC0, 0x07, 0xE0, 0x03, 0xE0, 0x01, 0xC0, 0x00, 0x00, 0x00, 0x3F, 0x00,
  0x00, 0x0F, 0xC0, 0x00, 0x03, 0xF0, 0x00, 0x00, 0xFC, 0x00, 0x20, 0x3F,
  0x01, 0x0E, 0x0F, 0xC1, 0xC3, 0xE3, 0xF0, 0xF9, 0xFC, 0xFC, 0xFE, 0xFF,
  0xFF, 0xFF, 0xFF, 0xFF, 0xFF, 0xF3, 0xFF, 0xFF, 0xF0, 0x3F, 0xFF, 0xF0,
  0x03, 0xFF, 0xF8, 0x00, 0x7F, 0xF8, 0x00, 0x3F, 0xFF, 0x80, 0x3F, 0xFF,
  0xF0, 0x3F, 0xFF, 0xFF, 0x1F, 0xFF, 0xFF, 0xFF, 0xFF, 0xFF, 0xFD, 0xFC,
  0xFC, 0xFE, 0x3E, 0x3F, 0x0F, 0x8E, 0x0F, 0xC1, 0xC2, 0x03, 0xF0, 0x10,
  0x00, 0xFC, 0x00, 0x00, 0x3F, 0x00, 0x00, 0x0F, 0xC0, 0x00, 0x03, 0xF0,
  0x00, 0x00, 0x1F, 0x00, 0x00, 0x03, 0xE0, 0x00, 0x00, 0x7C, 0x00, 0x00,
  0x0F, 0x80, 0x00, 0x01, 0xF0, 0x00, 0x00, 0x3E, 0x00, 0x0C, 0x07, 0xC0,
  0x63, 0xC0, 0xF8, 0x1E, 0x7E, 0x1F, 0x0F, 0xDF, 0xF3, 0xE7, 0xFD, 0xFF,
  0x7D, 0xFF, 0x0F, 0xF0, 0x7F, 0x80, 0x7C, 0x0F, 0xC0, 0x07, 0x80, 0xE0,
  0x00, 0x20, 0x08, 0x00, 0x04, 0x03, 0x00, 0x03, 0xC0, 0x78, 0x01, 0xFC,
  0x1F, 0xC0, 0xFF, 0xFF, 0xFC, 0x3F, 0xCF, 0xBF, 0xEF, 0xF1, 0xF1, 0xFE,
  0xF8, 0x3E, 0x0F, 0x8C, 0x07, 0xC0, 0xE1, 0x00, 0xF8, 0x04, 0x00, 0x1F,
  0x00, 0x00, 0x03, 0xE0, 0x00, 0x00, 0x7C, 0x00, 0x00, 0x0F, 0x80, 0x00,
  0x01, 0xF0, 0x00, 0x00, 0x07, 0x00, 0x00, 0x00, 0x38, 0x00, 0x00, 0x01,
  0x80, 0x00, 0x00, 0x0C, 0x00, 0x00, 0x80, 0x60, 0x10, 0x0E, 0x03, 0x01,
  0xC0, 0x38, 0x18, 0x0C, 0x00, 0xE0, 0x40, 0xC0, 0x03, 0x82, 0x0C, 0x00,
  0x06, 0x10, 0xC0, 0x00, 0x18, 0x8C, 0x00, 0x00, 0x64, 0xC0, 0x00, 0x01,
  0xAC, 0x00, 0x00, 0x07, 0xC0, 0x03, 0xFF, 0xFF, 0xFF, 0xFF, 0xFF, 0xFF,
  0xFF, 0x00, 0x0F, 0x80, 0x00, 0x00, 0xD6, 0x00, 0x00, 0x0C, 0x98, 0x00,
  0x00, 0xC4, 0x60, 0x00, 0x0C, 0x21, 0x80, 0x00, 0xC1, 0x06, 0x00, 0x0C,
  0x18, 0x38, 0x01, 0xC0, 0xC0, 0xE0, 0x1C, 0x06, 0x03, 0x80, 0x60, 0x30,
  0x08, 0x00, 0x01, 0x80, 0x00, 0x00, 0x0C, 0x00, 0x00, 0x00, 0x70, 0x00,
  0x00, 0x00, 0x01, 0x00, 0x00, 0x00, 0x04, 0x00, 0x00, 0x00, 0x30, 0x00,
  0x00, 0x00, 0xC0, 0x00, 0x08, 0x03, 0x00, 0x40, 0x10, 0x0C, 0x03, 0x00,
  0x70, 0x30, 0x18, 0x00, 0xE0, 0xC0, 0xC0, 0x01, 0xC3, 0x0E, 0x00, 0x03,
  0x8C, 0x70, 0x00, 0x07, 0x33, 0x80, 0x00, 0x0E, 0xDC, 0x00, 0x00, 0x1F,
  0xF0, 0x00, 0x00, 0x7F, 0x80, 0x0F, 0xFF, 0xFF, 0xFF, 0xFF, 0xFF, 0xFF,
  0xFF, 0x00, 0x0F, 0xE0, 0x00, 0x00, 0x7F, 0x80, 0x00, 0x03, 0xB7, 0x00,
  0x00, 0x1C, 0xCE, 0x00, 0x00, 0xE3, 0x1C, 0x00, 0x07, 0x0C, 0x38, 0x00,
  0x38, 0x30, 0x70, 0x00, 0xC0, 0xC0, 0x60, 0x04, 0x03, 0x00, 0x80, 0x20,
  0x0C, 0x01, 0x00, 0x00, 0x30, 0x00, 0x00, 0x00, 0xC0, 0x00, 0x00, 0x03,
  0x00, 0x00, 0x00, 0x04, 0x00, 0x00, 0x00, 0x01, 0x00, 0x00, 0x00, 0x04,
  0x00, 0x00, 0x00, 0x30, 0x00, 0x00, 0x00, 0xC0, 0x00, 0x00, 0x03, 0x00,
  0x00, 0x30, 0x0E, 0x01, 0x00, 0x60, 0x58, 0x1C, 0x01, 0x61, 0x60, 0xA0,
  0x02, 0xC5, 0x8D, 0x00, 0x05, 0xD6, 0x4C, 0x00, 0x13, 0xDE, 0x60, 0x00,
  0x27, 0x63, 0x00, 0x00, 0x4D, 0x9C, 0x00, 0x01, 0x1E, 0xE0, 0x00, 0x7F,
  0xB7, 0x78, 0x3F, 0xFF, 0xF0, 0x1F, 0xF8, 0x07, 0xFF, 0xFC, 0x1E, 0x7F,
  0xFF, 0x00, 0x07, 0xAC, 0x80, 0x00, 0x1D, 0xB9, 0x00, 0x00, 0xE6, 0x74,
  0x00, 0x07, 0x39, 0xE8, 0x00, 0x1B, 0x69, 0xD0, 0x00, 0xD1, 0xA3, 0xC0,
  0x07, 0x86, 0x83, 0x80, 0x18, 0x0A, 0x07, 0x00, 0x80, 0x28, 0x04, 0x00,
  0x00, 0xC0, 0x00, 0x00, 0x03, 0x00, 0x00, 0x00, 0x0C, 0x00, 0x00, 0x00,
  0x10, 0x00, 0x00, 0x00, 0x04, 0x00, 0x00, 0x00, 0x80, 0x00, 0x00, 0x10,
  0x00, 0x00, 0x02, 0x00, 0x00, 0x00, 0xC0, 0x00, 0x00, 0x1C, 0x00, 0x00,
  0x03, 0x80, 0x00, 0x00, 0x70, 0x00, 0x80, 0x0E, 0x00, 0x2E, 0x01, 0xC0,
  0x38, 0xF8, 0x78, 0x3E, 0x0F, 0xCF, 0xBF, 0x00, 0x7F, 0xFF, 0xC0, 0x07,
  0xFF, 0xF0, 0x00, 0x7F, 0xFC, 0x00, 0x07, 0xFE, 0x00, 0x00, 0xFF, 0xE0,
  0x00, 0x3F, 0xFE, 0x00, 0x0F, 0xFF, 0xE0, 0x03, 0xFF, 0xFE, 0x01, 0xF9,
  0xF3, 0xE0, 0x7C, 0x3C, 0x1F, 0x1C, 0x03, 0x80, 0x74, 0x00, 0x70, 0x01,
  0x00, 0x0E, 0x00, 0x00, 0x01, 0xC0, 0x00, 0x00, 0x38, 0x00, 0x00, 0x06,
  0x00, 0x00, 0x00, 0x40, 0x00, 0x00, 0x08, 0x00, 0x00, 0x01, 0x00, 0x00,
  0x00, 0x80, 0x08, 0x00, 0x03, 0x00, 0x20, 0x00, 0x06, 0x01, 0x80, 0x00,
  0x18, 0x0E, 0x00, 0x00, 0x70, 0x38, 0x00, 0x01, 0xE1, 0xC0, 0x00, 0x07,
  0xCF, 0x00, 0x00, 0x0F, 0x7C, 0x00, 0xC0, 0x3F, 0xF0, 0x0D, 0xF8, 0xFF,
  0xC7, 0xE3, 0xFF, 0xFF, 0xFE, 0x03, 0xFF, 0xFF, 0xF0, 0x07, 0xFF, 0xFF,
  0x80, 0x0F, 0xFF, 0xF8, 0x00, 0x0F, 0xFF, 0xC0, 0x00, 0x7F, 0xFF, 0x00,
  0x03, 0xFF, 0xFF, 0x00, 0x3F, 0xFF, 0xFE, 0x01, 0xFF, 0xFF, 0xFC, 0x0F,
  0xFF, 0xFB, 0xFC, 0xF8, 0x3F, 0xF0, 0xFA, 0x00, 0xFF, 0xC0, 0x10, 0x03,
  0xDF, 0x00, 0x00, 0x1E, 0x3C, 0x00, 0x00, 0x78, 0x70, 0x00, 0x01, 0xC0,
  0xE0, 0x00, 0x06, 0x03, 0x80, 0x00, 0x30, 0x06, 0x00, 0x00, 0xC0, 0x08,
  0x00, 0x02, 0x00, 0x20, 0x00, 0x00, 0x80, 0x08, 0x00, 0x02, 0x00, 0x80,
  0x00, 0x10, 0x04, 0x00, 0x00, 0xC0, 0x60, 0x00, 0x07, 0x07, 0x00, 0x00,
  0x3C, 0x78, 0x00, 0x01, 0xF7, 0xC0, 0x00, 0x0F, 0xBE, 0x00, 0x80, 0x7F,
  0xF0, 0x0B, 0xF3, 0xFF, 0x9F, 0x8F, 0xFF, 0xFF, 0xF8, 0x3F, 0xFF, 0xFF,
  0x80, 0xFF, 0xFF, 0xF8, 0x01, 0xFF, 0xFF, 0x00, 0x07, 0xFF, 0xF0, 0x00,
  0x7F, 0xFF, 0xC0, 0x07, 0xFF, 0xFF, 0x00, 0x7F, 0xFF, 0xFC, 0x07, 0xFF,
  0xFF, 0xF0, 0x7F, 0xFF, 0xFF, 0xCF, 0x87, 0xFF, 0x0F, 0x80, 0x3F, 0xF8,
  0x00, 0x01, 0xF7, 0xC0, 0x00, 0x0F, 0x1E, 0x00, 0x00, 0x70, 0x70, 0x00,
  0x03, 0x83, 0x80, 0x00, 0x18, 0x0C, 0x00, 0x00, 0x80, 0x20, 0x00, 0x08,
  0x00, 0x80, 0x00, 0x00, 0x02, 0x00, 0x00, 0x00, 0x08, 0x00, 0x00, 0x10,
  0x30, 0x20, 0x00, 0x20, 0xC1, 0x00, 0x00, 0xC3, 0x0C, 0x00, 0x03, 0x8C,
  0x70, 0x00, 0x07, 0x7B, 0x80, 0x08, 0x1F, 0xFE, 0x04, 0x1C, 0x7F, 0xF8,
  0xE0, 0x3F, 0xFF, 0xFF, 0x00, 0x7F, 0xFF, 0xF8, 0x00, 0xFF, 0xFF, 0xC0,
  0x01, 0xFF, 0xFE, 0x00, 0x1F, 0xFF, 0xFE, 0x0F, 0xFF, 0xFF, 0xFF, 0xCF,
  0xFF, 0xFF, 0xFC, 0x03, 0xFF, 0xFF, 0x00, 0x07, 0xFF, 0xF8, 0x00, 0x3F,
  0xFF, 0xF0, 0x01, 0xFF, 0xFF, 0xE0, 0x0F, 0xFF, 0xF7, 0xC0, 0x61, 0xFF,
  0xE1, 0x82, 0x07, 0xFF, 0x81, 0x00, 0x1D, 0xEE, 0x00, 0x00, 0xE3, 0x1C,
  0x00, 0x03, 0x0C, 0x30, 0x00, 0x08, 0x30, 0x40, 0x00, 0x40, 0xC0, 0x80,
  0x00, 0x02, 0x00, 0x00, 0x00, 0x08, 0x00, 0x00, 0x00, 0x06, 0x00, 0x00,
  0x0C, 0x63, 0x80, 0x00, 0xC6, 0x30, 0x00, 0x86, 0x63, 0x10, 0x0C, 0x66,
  0x63, 0x81, 0xE7, 0x66, 0x78, 0x07, 0x36, 0xC6, 0x00, 0x3B, 0x6C, 0xC0,
  0x61, 0xDE, 0x98, 0x67, 0x8F, 0xFB, 0x1F, 0x1E, 0x6B, 0x67, 0xC0, 0x3D,
  0xFD, 0xC0, 0x00, 0x7F, 0xE0, 0x0F, 0xFF, 0xFF, 0xFF, 0xFF, 0xFF, 0xFF,
  0xF0, 0x03, 0xFE, 0x00, 0x01, 0xFF, 0xB8, 0x00, 0xFB, 0xBC, 0xF0, 0x7C,
  0x6F, 0xE3, 0xF7, 0x0D, 0xEB, 0x8E, 0x41, 0x96, 0xDC, 0x20, 0x33, 0x6C,
  0xE0, 0x0E, 0x36, 0x67, 0x01, 0xE6, 0x66, 0x38, 0x0C, 0x66, 0x61, 0x00,
  0x0E, 0x63, 0x00, 0x00, 0xC6, 0x38, 0x00, 0x04, 0x62, 0x00, 0x00, 0x1C,
  0x00, 0x00, 0x1F, 0x00, 0x00, 0x0F, 0x80, 0x00, 0x07, 0xC0, 0x00, 0x01,
  0xE0, 0x01, 0x00, 0xE0, 0x11, 0xE0, 0x70, 0x1F, 0xF8, 0x18, 0x1F, 0xFC,
  0x08, 0x1F, 0xFF, 0x04, 0x1F, 0xCF, 0xC0, 0x1F, 0x80, 0x33, 0x9C, 0x00,
  0x03, 0xE0, 0x00, 0x01, 0xF0, 0x00, 0x00, 0xFC, 0x00, 0x00, 0x7C, 0x00,
  0x01, 0x9C, 0xC0, 0x1F, 0x80, 0x3F, 0x1F, 0x82, 0x0F, 0xFF, 0x81, 0x03,
  0xFF, 0xC0, 0xC0, 0xFB, 0xC0, 0xE0, 0x3C, 0x80, 0x70, 0x08, 0x00, 0x3C,
  0x00, 0x00, 0x3E, 0x00, 0x00, 0x1F, 0x00, 0x00, 0x0F, 0x80, 0x00, 0x03,
  0x80, 0x00, 0x00, 0x1C, 0x00, 0x00, 0x1F, 0x00, 0x00, 0x0F, 0x80, 0x00,
  0x07, 0xC0, 0x00, 0x03, 0xE0, 0x01, 0x00, 0xF0, 0x11, 0xE0, 0x70, 0x3D,
  0xF8, 0x38, 0x3F, 0xFE, 0x0C, 0x3F, 0xFF, 0x8E, 0x3F, 0xCF, 0xFF, 0xFF,
  0xC0, 0xFC, 0x7F, 0x00, 0x0C, 0x18, 0x00, 0x06, 0x04, 0x00, 0x03, 0x06,
  0x00, 0x01, 0x83, 0x00, 0x0F, 0xF3, 0xF8, 0x3F, 0xDF, 0x3F, 0xBF, 0xC7,
  0x0F, 0xFF, 0xC3, 0x83, 0xFF, 0xC1, 0xC0, 0xFB, 0xC0, 0xE0, 0x38, 0x00,
  0x78, 0x00, 0x00, 0x7C, 0x00, 0x00, 0x3E, 0x00, 0x00, 0x1F, 0x00, 0x00,
  0x0F, 0x80, 0x00, 0x03, 0x80, 0x00, 0x00, 0x1C, 0x00, 0x00, 0x1F, 0x00,
  0x00, 0x0F, 0x80, 0x00, 0x07, 0xC0, 0x00, 0x03, 0xE0, 0x00, 0x00, 0xF0,
  0x01, 0xC0, 0x70, 0x1D, 0xF0, 0x38, 0x1F, 0xFE, 0x1C, 0x1F, 0xFF, 0x04,
  0x1F, 0x9F, 0xC2, 0x1F, 0x81, 0xF1, 0x1F, 0x00, 0x0E, 0xB8, 0x00, 0x00,
  0xE0, 0x00, 0x00, 0x70, 0x00, 0x01, 0xD7, 0x00, 0x0F, 0x88, 0xF8, 0x1F,
  0x84, 0x3F, 0x3F, 0x82, 0x1F, 0xDF, 0xC3, 0x87, 0xFF, 0x81, 0xC0, 0xFB,
  0x80, 0xE0, 0x38, 0x00, 0xF0, 0x00, 0x00, 0x7C, 0x00, 0x00, 0x3E, 0x00,
  0x00, 0x1F, 0x00, 0x00, 0x0F, 0x80, 0x00, 0x03, 0x80, 0x00, 0x00, 0x04,
  0x00, 0x00, 0x03, 0xE0, 0x00, 0x00, 0xC6, 0x00, 0x00, 0x10, 0x40, 0x00,
  0x02, 0x08, 0x00, 0x00, 0x41, 0x00, 0x0F, 0x08, 0x21, 0xE3, 0xF9, 0x04,
  0xFE, 0xFF, 0x31, 0x3F, 0xFF, 0xF2, 0x27, 0xFF, 0xFF, 0x45, 0xFF, 0xFF,
  0xF5, 0x7F, 0xFF, 0xFE, 0xAF, 0xFC, 0xFF, 0xEB, 0xFF, 0x03, 0xFC, 0xFF,
  0x00, 0x01, 0xDC, 0x00, 0x0F, 0x4E, 0x7E, 0x07, 0x02, 0xA0, 0x71, 0x80,
  0xBA, 0x03, 0x60, 0x27, 0x20, 0x28, 0x0D, 0xF4, 0x07, 0x03, 0x3E, 0x60,
  0x70, 0xCF, 0xE6, 0x11, 0xF1, 0xFC, 0x7C, 0x00, 0x7F, 0xC0, 0x00, 0x0F,
  0xF8, 0x00, 0x01, 0xFF, 0x00, 0x00, 0x1F, 0xC0, 0x00, 0x03, 0xF8, 0x00,
  0x00, 0x1C, 0x00, 0x00, 0x00, 0x0F, 0x00, 0x00, 0x00, 0xFE, 0x00, 0x00,
  0x0F, 0xF8, 0x00, 0x00, 0xFF, 0xC0, 0x00, 0x07, 0xFF, 0x00, 0x00, 0x3F,
  0xF8, 0x00, 0x01, 0xFF, 0x80, 0x03, 0xCF, 0xFC, 0x78, 0x3F, 0xBF, 0xEF,
  0xE3, 0xFC, 0xFE, 0xFF, 0xBF, 0xF7, 0xF7, 0xFD, 0xFF, 0xE0, 0xFF, 0xFF,
  0xFC, 0x03, 0xFF, 0xFF, 0xE0, 0x0F, 0xFF, 0xFF, 0x00, 0x7F, 0xCF, 0xF8,
  0x03, 0xFE, 0x3F, 0xC0, 0x1F, 0xE0, 0x62, 0x00, 0x8C, 0x00, 0xF8, 0x0F,
  0x00, 0x0F, 0xE0, 0xFE, 0x00, 0xFF, 0xFF, 0xF0, 0x07, 0xFE, 0xFF, 0xC0,
  0x7F, 0xF7, 0xFE, 0x03, 0xFF, 0xBF, 0xF0, 0x0F, 0xFD, 0xFF, 0x80, 0x7F,
  0xCF, 0xF8, 0x01, 0xFC, 0x3F, 0xC0, 0x07, 0xC0, 0xF8, 0x00, 0x00, 0x07,
  0xC0, 0x00, 0x00, 0x1F, 0xE0, 0x00, 0x00, 0x7F, 0xC0, 0x00, 0x01, 0xC1,
  0xC0, 0x00, 0x03, 0x01, 0x80, 0x00, 0x06, 0x03, 0x00, 0x00, 0x0C, 0x46,
  0x00, 0x0F, 0x98, 0xCC, 0xF8, 0x3F, 0xD1, 0x17, 0xFC, 0xF1, 0xE2, 0x3C,
  0x3F, 0xC0, 0xE6, 0xE0, 0x3F, 0x00, 0xFF, 0x80, 0x7E, 0x30, 0xFF, 0x18,
  0x7C, 0x7F, 0xFF, 0xF0, 0xF8, 0x0F, 0xFE, 0x03, 0xB8, 0x0F, 0xFC, 0x06,
  0x38, 0x3F, 0xF8, 0x38, 0x1F, 0xFF, 0xFF, 0xC0, 0x03, 0x7F, 0xDC, 0x00,
  0x18, 0x7F, 0x0C, 0x00, 0x21, 0xBB, 0x0C, 0x00, 0xC6, 0x33, 0x0C, 0x03,
  0x1C, 0xE3, 0x18, 0x06, 0x11, 0x46, 0x30, 0x0C, 0x02, 0x80, 0x60, 0x1C,
  0x0D, 0x80, 0xC0, 0x38, 0x39, 0x83, 0x80, 0x3F, 0xE3, 0xFE, 0x00, 0x3F,
  0x83, 0xFC, 0x00, 0x3E, 0x01, 0xE0, 0x00, 0x00, 0x01, 0x00, 0x00, 0x00,
  0x1D, 0x80, 0x00, 0x00, 0x60, 0x80, 0x00, 0x00, 0x9D, 0x80, 0x00, 0x7D,
  0x79, 0xFC, 0x01, 0x06, 0xF3, 0x0C, 0x04, 0x65, 0xEC, 0xC8, 0x09, 0xEB,
  0xD3, 0xD8, 0x13, 0xEB, 0xAF, 0xB0, 0x27, 0xD7, 0xBE, 0x40, 0x27, 0xDD,
  0x79, 0x80, 0xE7, 0xBF, 0xE7, 0x86, 0x73, 0x83, 0x39, 0x98, 0x1E, 0x03,
  0x80, 0xA7, 0xEC, 0x05, 0xF9, 0x4F, 0xF0, 0x0F, 0xF9, 0x9F, 0xE0, 0x1F,
  0xF7, 0x1E, 0x60, 0x23, 0xC9, 0x03, 0x40, 0xB8, 0x31, 0xFB, 0xE3, 0xCF,
  0xC0, 0xCF, 0x7F, 0xE4, 0x01, 0x3F, 0x7B, 0xE4, 0x04, 0xFA, 0xEF, 0xE8,
  0x09, 0xE5, 0xD7, 0xD8, 0x13, 0x97, 0xA7, 0x20, 0x10, 0x6F, 0x20, 0x40,
  0x31, 0xDE, 0x61, 0x00, 0x1C, 0x9C, 0xBC, 0x00, 0x01, 0x02, 0x00, 0x00,
  0x01, 0x0C, 0x00, 0x00, 0x01, 0xF0, 0x00, 0x00, 0x00, 0x3F, 0xC0, 0x00,
  0x0F, 0xFF, 0x00, 0x03, 0xF9, 0xFC, 0x00, 0x7F, 0x9F, 0xE0, 0x0F, 0xF8,
  0xFF, 0x01, 0x9F, 0x0F, 0x98, 0x3C, 0x3F, 0xC1, 0xC3, 0xC7, 0x06, 0x3E,
  0x7C, 0xC0, 0x33, 0xE7, 0xE8, 0x01, 0xFE, 0xFF, 0x00, 0x0F, 0xFF, 0xF0,
  0x00, 0xFF, 0xFA, 0x00, 0x04, 0xFC, 0x20, 0x00, 0x43, 0xC2, 0x00, 0x04,
  0x3F, 0x20, 0x00, 0x4F, 0xFF, 0x00, 0x0B, 0xFF, 0xF0, 0x00, 0xFF, 0x7E,
  0x80, 0x1F, 0xF7, 0xCC, 0x03, 0x3E, 0x7C, 0x70, 0x63, 0xE3, 0xC3, 0xFC,
  0x1C, 0x19, 0xF0, 0xF9, 0xC1, 0xFF, 0x0F, 0xF8, 0x0F, 0xF9, 0xFF, 0x00,
  0x7F, 0x9F, 0xE0, 0x01, 0xFF, 0xF8, 0x00, 0x07, 0xFE, 0x00, 0x00, 0x08,
  0x00, 0x00, 0x1E, 0x00, 0x00, 0x13, 0x80, 0x00, 0x09, 0xE0, 0x00, 0x08,
  0xF0, 0x00, 0x04, 0x78, 0x01, 0xF1, 0x3C, 0xF9, 0xFE, 0x9E, 0x83, 0xBF,
  0x4E, 0x83, 0xC7, 0xD7, 0x83, 0xE0, 0xFB, 0x47, 0xC8, 0x3F, 0xCF, 0xE3,
  0x07, 0xCF, 0xE0, 0xFC, 0xDF, 0xC0, 0x01, 0xF8, 0x00, 0x1F, 0xFF, 0xF0,
  0x3F, 0xB7, 0x06, 0x3F, 0x2B, 0xC0, 0xBF, 0x1D, 0x78, 0x5E, 0x16, 0x5F,
  0x1C, 0x17, 0x2F, 0xEE, 0x13, 0x8B, 0xF8, 0xF1, 0xC4, 0x78, 0x00, 0xE2,
  0x00, 0x00, 0x71, 0x00, 0x00, 0x38, 0x80, 0x00, 0x1C, 0x80, 0x00, 0x07,
  0xC0, 0x00, 0x01, 0x80, 0x00, 0x00, 0x0C, 0x00, 0x00, 0x07, 0x00, 0x00,
  0x01, 0xC0, 0x00, 0x03, 0x37, 0x00, 0x00, 0xEF, 0xC0, 0x03, 0x8F, 0xC7,
  0x00, 0xE1, 0xC1, 0xC3, 0xB0, 0x30, 0x66, 0xF4, 0x0C, 0x1F, 0xDF, 0x83,
  0x07, 0xE0, 0xE0, 0xC3, 0xC1, 0xFE, 0x31, 0xFE, 0xF1, 0xED, 0xE7, 0xF8,
  0x1F, 0xE0, 0x60, 0x01, 0xE0, 0x01, 0x00, 0xFC, 0x02, 0xE0, 0xEF, 0xC3,
  0xFE, 0xF3, 0x3F, 0xE1, 0xF0, 0xC7, 0xE0, 0xF8, 0x30, 0x7C, 0xFC, 0x0C,
  0x1F, 0xBD, 0x03, 0x06, 0xF4, 0xE0, 0xC1, 0x98, 0x38, 0xF8, 0x70, 0x04,
  0xFF, 0x98, 0x00, 0x3B, 0x70, 0x00, 0x0C, 0xCC, 0x00, 0x00, 0x70, 0x00,
  0x00, 0x0C, 0x00, 0x00, 0x00, 0x18, 0x00, 0x00, 0x0C, 0x00, 0x00, 0x06,
  0x00, 0x00, 0x03, 0x00, 0x00, 0x3D, 0x9C, 0x00, 0x13, 0xD3, 0x00, 0x10,
  0xF0, 0x81, 0xC8, 0x38, 0x47, 0x7E, 0x1C, 0x2F, 0x1F, 0x0C, 0x3E, 0x03,
  0xC6, 0x3E, 0x03, 0xF3, 0x3F, 0x86, 0x0E, 0xB8, 0x22, 0x01, 0xF0, 0x19,
  0x00, 0xF8, 0x0C, 0xC1, 0xF7, 0x04, 0x3F, 0xC9, 0xFC, 0x07, 0x84, 0x78,
  0x0F, 0x82, 0x1F, 0x0F, 0x43, 0x85, 0xEE, 0x41, 0xC3, 0x38, 0x21, 0xE1,
  0x80, 0x08, 0xE8, 0x80, 0x07, 0xB3, 0x80, 0x00, 0x18, 0x00, 0x00, 0x0C,
  0x00, 0x00, 0x06, 0x00, 0x00, 0x03, 0x00, 0x00, 0x00, 0x18, 0x00, 0x00,
  0x18, 0x00, 0x00, 0xDB, 0x80, 0x01, 0xFF, 0x80, 0x0D, 0xFF, 0xB0, 0x1E,
  0x3C, 0x78, 0xCC, 0x18, 0x3B, 0xEC, 0x18, 0x37, 0x7C, 0x18, 0x3E, 0x1C,
  0x18, 0x38, 0xFF, 0x08, 0xFF, 0xF1, 0xCB, 0x8F, 0x60, 0x7E, 0x07, 0x00,
  0x18, 0x00, 0x60, 0x7E, 0x07, 0xF1, 0xCB, 0x8F, 0xFF, 0x18, 0xFF, 0x1E,
  0x18, 0x38, 0x3C, 0x18, 0x3E, 0xEC, 0x18, 0x37, 0xCC, 0x18, 0x33, 0x1E,
  0x3C, 0x78, 0x0C, 0xFF, 0xB0, 0x01, 0xFF, 0x80, 0x01, 0xDB, 0x80, 0x00,
  0x18, 0x00, 0x00, 0x18, 0x00, 0x00, 0x04, 0x00, 0x00, 0x01, 0xC0, 0x00,
  0x80, 0x3C, 0x02, 0x18, 0x07, 0x80, 0xC1, 0x80, 0xF0, 0x38, 0x18, 0x1E,
  0x0E, 0x01, 0x83, 0x83, 0x80, 0x18, 0x70, 0x60, 0x01, 0x8E, 0x10, 0x00,
  0x18, 0xC4, 0x00, 0x01, 0x11, 0x00, 0x00, 0x10, 0x40, 0x07, 0xF0, 0xE0,
  0xFF, 0xFF, 0xDF, 0xFF, 0xFF, 0xF3, 0xDF, 0xFB, 0xF0, 0x70, 0x7F, 0x00,
  0x20, 0x80, 0x00, 0x0C, 0x88, 0x00, 0x03, 0x18, 0x80, 0x00, 0xC7, 0x18,
  0x00, 0x30, 0xE1, 0x80, 0x0C, 0x1C, 0x18, 0x03, 0x03, 0xC1, 0xC0, 0xC0,
  0x78, 0x1C, 0x30, 0x0F, 0x01, 0x84, 0x01, 0xE0, 0x10, 0x00, 0x38, 0x00,
  0x00, 0x00, 0x0E, 0x00, 0x00, 0x03, 0xE0, 0x00, 0x80, 0x7C, 0x02, 0x18,
  0x1F, 0xC0, 0xC1, 0x83, 0xF8, 0x38, 0x18, 0x3E, 0x0C, 0x01, 0x87, 0xC3,
  0x00, 0x18, 0x70, 0xC0, 0x01, 0x8E, 0x30, 0x00, 0x18, 0x8C, 0x00, 0x01,
  0x11, 0x00, 0x1E, 0x0F, 0x83, 0xC7, 0xF1, 0xF1, 0xFF, 0xFF, 0xFF, 0xFF,
  0xFF, 0xEF, 0xEF, 0xFB, 0xF8, 0xF8, 0x7E, 0x3C, 0x0E, 0x03, 0x80, 0x08,
  0x88, 0x00, 0x03, 0x19, 0x80, 0x00, 0xC7, 0x18, 0x00, 0x31, 0xF1, 0x80,
  0x0C, 0x3E, 0x1C, 0x03, 0x07, 0xE1, 0xC1, 0xC1, 0xFC, 0x1C, 0x30, 0x3F,
  0x81, 0x80, 0x03, 0xE0, 0x00, 0x00, 0x38, 0x00, 0x00, 0x00, 0x08, 0x00,
  0x00, 0x0F, 0x80, 0x00, 0x03, 0xF0, 0x00, 0x01, 0xFC, 0x00, 0x00, 0x7F,
  0x00, 0x00, 0x0F, 0xC0, 0x03, 0x83, 0xF0, 0xF1, 0xF0, 0x30, 0x7E, 0xFE,
  0x0C, 0x1F, 0xFF, 0x83, 0x07, 0xFF, 0xE0, 0xC1, 0xFD, 0xFC, 0x31, 0xFE,
  0x3D, 0xCC, 0xEF, 0x00, 0x1F, 0xE0, 0x00, 0x01, 0xE0, 0x00, 0x00, 0x78,
  0x00, 0x00, 0x7F, 0x80, 0x0F, 0x73, 0x3B, 0xC7, 0xF0, 0xC7, 0xFB, 0xF8,
  0x30, 0x7F, 0xFE, 0x0C, 0x1F, 0xFF, 0x83, 0x07, 0xF7, 0xC0, 0xC1, 0xF8,
  0xE0, 0xFC, 0x3C, 0x00, 0x3F, 0x00, 0x00, 0x1F, 0xC0, 0x00, 0x07, 0xF0,
  0x00, 0x00, 0xFC, 0x00, 0x00, 0x3E, 0x00, 0x00, 0x00, 0x03, 0x00, 0x00,
  0x00, 0x1E, 0x00, 0x00, 0x00, 0x78, 0x00, 0x00, 0x01, 0xE0, 0x00, 0x06,
  0x07, 0x81, 0x80, 0x3C, 0x0C, 0x0F, 0x00, 0xF0, 0x30, 0x7C, 0x01, 0xE0,
  0xC1, 0xE0, 0x03, 0xC3, 0x0F, 0x00, 0x03, 0x08, 0x30, 0x00, 0x02, 0x21,
  0x80, 0x00, 0x04, 0xC8, 0x00, 0x00, 0x0F, 0xC0, 0x01, 0xC0, 0x3F, 0x00,
  0xEF, 0xE1, 0xFE, 0x1F, 0xFF, 0xF7, 0xFB, 0xFF, 0xF8, 0x1F, 0xE0, 0x78,
  0x00, 0x3F, 0x00, 0x00, 0x01, 0x7A, 0x00, 0x00, 0x08, 0x04, 0x00, 0x00,
  0xC2, 0x0C, 0x00, 0x0F, 0x08, 0x3C, 0x00, 0x78, 0x30, 0x78, 0x03, 0xE0,
  0xC1, 0xF0, 0x0F, 0x03, 0x03, 0xC0, 0x38, 0x0C, 0x07, 0x00, 0x00, 0x78,
  0x00, 0x00, 0x01, 0xE0, 0x00, 0x00, 0x07, 0x80, 0x00, 0x00, 0x0C, 0x00,
  0x00, 0x00, 0x02, 0x00, 0x00, 0x00, 0x1E, 0x00, 0x00, 0x00, 0xF8, 0x00,
  0x00, 0x03, 0xE0, 0x00, 0x06, 0x0F, 0x83, 0x80, 0x3C, 0x1E, 0x1F, 0x01,
  0xF8, 0x78, 0xFC, 0x03, 0xF1, 0xC3, 0xF0, 0x0F, 0xC7, 0x1F, 0x80, 0x1F,
  0x8C, 0x7C, 0x00, 0x1E, 0x33, 0xC0, 0x00, 0x1C, 0x8E, 0x00, 0x00, 0x1F,
  0xE0, 0x01, 0xF0, 0x7F, 0x03, 0xEF, 0xF9, 0xFC, 0xFF, 0xFF, 0xFF, 0xFF,
  0xFF, 0xFF, 0x9F, 0xC7, 0xF9, 0xE0, 0x7F, 0x03, 0xE0, 0x03, 0xFE, 0x00,
  0x00, 0x1C, 0x8E, 0x00, 0x01, 0xE3, 0x3C, 0x00, 0x1F, 0x8C, 0x7C, 0x00,
  0xFC, 0x71, 0xF8, 0x03, 0xF1, 0xC3, 0xF0, 0x1F, 0x87, 0x8F, 0xC0, 0x3C,
  0x1E, 0x1F, 0x00, 0x60, 0xF8, 0x38, 0x00, 0x03, 0xE0, 0x00, 0x00, 0x0F,
  0x80, 0x00, 0x00, 0x1E, 0x00, 0x00, 0x00, 0x0F, 0xF0, 0x00, 0x00, 0x3F,
  0xFF, 0x80, 0x00, 0x78, 0x0F, 0xF0, 0x00, 0x70, 0x00, 0xFC, 0x00, 0xE0,
  0x00, 0x3F, 0x00, 0xE0, 0x00, 0x0F, 0xC0, 0x60, 0x00, 0x03, 0xF0, 0x60,
  0x00, 0x00, 0xFC, 0x30, 0x00, 0x00, 0x3E, 0x30, 0x00, 0x00, 0x1F, 0x98,
  0x00, 0x00, 0x07, 0xD8, 0x00, 0x00, 0x03, 0xEC, 0x00, 0x00, 0x01, 0xFE,
  0x00, 0x00, 0x00, 0xFF, 0x00, 0x00, 0x00, 0x7F, 0x80, 0x00, 0x00, 0x3F,
  0xC0, 0x00, 0x00, 0x1F, 0xE0, 0x00, 0x00, 0x0F, 0xF0, 0x00, 0x00, 0x07,
  0xCC, 0x00, 0x00, 0x03, 0xE6, 0x00, 0x00, 0x03, 0xF3, 0x00, 0x00, 0x01,
  0xF0, 0xC0, 0x00, 0x01, 0xF8, 0x30, 0x00, 0x01, 0xF8, 0x1C, 0x00, 0x00,
  0xF8, 0x07, 0x00, 0x01, 0xFC, 0x01, 0xC0, 0x01, 0xF8, 0x00, 0x38, 0x03,
  0xF8, 0x00, 0x07, 0xFF, 0xF0, 0x00, 0x00, 0xFF, 0xC0, 0x00, 0xFF, 0xFF,
  0xFF, 0x8F, 0xFF, 0xFF, 0xF8, 0xC0, 0x00, 0x01, 0x8C, 0x00, 0x00, 0x18,
  0xC0, 0x00, 0x01, 0xFC, 0x00, 0x00, 0x1F, 0xC0, 0x00, 0x01, 0xFC, 0x00,
  0x00, 0x1F, 0xC0, 0x00, 0x01, 0xFC, 0x00, 0x00, 0x1F, 0xC0, 0x00, 0x01,
  0xFC, 0x00, 0x00, 0x1F, 0xC0, 0x00, 0x01, 0xFC, 0x00, 0x00, 0x1F, 0xC0,
  0x00, 0x01, 0xFC, 0x00, 0x00, 0x1F, 0xC0, 0x00, 0x01, 0xFC, 0x00, 0x00,
  0x1F, 0xC0, 0x00, 0x01, 0xFC, 0x00, 0x00, 0x1F, 0xC0, 0x00, 0x01, 0xFC,
  0x00, 0x00, 0x1F, 0xC0, 0x00, 0x01, 0xFF, 0xFF, 0xFF, 0xFF, 0x0F, 0xFF,
  0xFF, 0xF0, 0xFF, 0xFF, 0xFF, 0x0F, 0xFF, 0xFF, 0xF0, 0xFF, 0xFF, 0xFF,
  0x0F, 0xFF, 0xFF, 0xF0, 0xFF, 0xFF, 0xFF, 0x0F, 0xFF, 0xFF, 0xF0, 0xFF,
  0xFF, 0xFF, 0xFF, 0xFF, 0xFF, 0xFC, 0x00, 0x00, 0x1F, 0xC0, 0x00, 0x01,
  0xFC, 0x00, 0x00, 0x1F, 0xC0, 0x00, 0x01, 0xFC, 0x00, 0x00, 0x1F, 0xC0,
  0x00, 0x01, 0xFC, 0x00, 0x00, 0x1F, 0xC0, 0x00, 0x01, 0xFC, 0x00, 0x00,
  0x1F, 0xC0, 0x00, 0x01, 0xFC, 0x00, 0x00, 0x1F, 0xC0, 0x00, 0x01, 0xFC,
  0x00, 0x00, 0x1F, 0xC0, 0x00, 0x01, 0xFC, 0x00, 0x00, 0x1F, 0xC0, 0x00,
  0x01, 0xFC, 0x00, 0x00, 0x1F, 0xC0, 0x00, 0x01, 0xFC, 0x00, 0x00, 0x1F,
  0xC0, 0x00, 0x01, 0x8C, 0x00, 0x00, 0x18, 0xFF, 0xFF, 0xFF, 0x8F, 0xFF,
  0xFF, 0xF8, 0xFF, 0xFF, 0xFF, 0x88, 0x00, 0x00, 0x18, 0x80, 0x00, 0x01,
  0xC8, 0x00, 0x00, 0x1E, 0x80, 0x00, 0x01, 0xF8, 0x00, 0x00, 0x1F, 0x80,
  0x00, 0x01, 0xF8, 0x00, 0x00, 0x1F, 0x80, 0x00, 0x01, 0xF8, 0x00, 0x00,
  0x1F, 0x80, 0x00, 0x01, 0xF8, 0x00, 0x00, 0x1F, 0x80, 0x00, 0x01, 0xF8,
  0x00, 0x00, 0x1F, 0x80, 0x00, 0x01, 0xF8, 0x00, 0x00, 0x1F, 0x80, 0x00,
  0x01, 0xF8, 0x00, 0x00, 0x1F, 0x80, 0x00, 0x01, 0xF8, 0x00, 0x00, 0x1F,
  0x80, 0x00, 0x01, 0xF8, 0x00, 0x00, 0x1F, 0x80, 0x00, 0x01, 0xFF, 0xFF,
  0xFF, 0xFF, 0x7F, 0xFF, 0xFF, 0xF3, 0xFF, 0xFF, 0xFF, 0x1F, 0xFF, 0xFF,
  0xF0, 0xFF, 0xFF, 0xFF, 0x0F, 0xFF, 0xFF, 0xF1, 0xFF, 0xFF, 0xFF, 0x3F,
  0xFF, 0xFF, 0xF7, 0xFF, 0xFF, 0xFF, 0xFF, 0xFF, 0xFF, 0xF8, 0x00, 0x00,
  0x1F, 0x80, 0x00, 0x01, 0xF8, 0x00, 0x00, 0x1F, 0x80, 0x00, 0x01, 0xF8,
  0x00, 0x00, 0x1F, 0x80, 0x00, 0x01, 0xF8, 0x00, 0x00, 0x1F, 0x80, 0x00,
  0x01, 0xF8, 0x00, 0x00, 0x1F, 0x80, 0x00, 0x01, 0xF8, 0x00, 0x00, 0x1F,
  0x80, 0x00, 0x01, 0xF8, 0x00, 0x00, 0x1F, 0x80, 0x00, 0x01, 0xF8, 0x00,
  0x00, 0x1F, 0x80, 0x00, 0x01, 0xF8, 0x00, 0x00, 0x1F, 0x80, 0x00, 0x01,
  0xF8, 0x00, 0x00, 0x1F, 0x80, 0x00, 0x01, 0xF8, 0x00, 0x00, 0x1E, 0x80,
  0x00, 0x01, 0xCF, 0xFF, 0xFF, 0xF8, 0x03, 0xF8, 0x03, 0xFF, 0xE1, 0xFF,
  0xFE, 0x7F, 0xFF, 0xE7, 0xFF, 0xFC, 0xFF, 0xFF, 0xCF, 0x07, 0xF9, 0x80,
  0x7F, 0x00, 0x0F, 0xE0, 0x03, 0xFC, 0x00, 0xFF, 0x00, 0x3F, 0xE0, 0x0F,
  0xF8, 0x03, 0xFE, 0x00, 0xFF, 0x00, 0x1F, 0xC0, 0x03, 0xF0, 0x00, 0x7C,
  0x00, 0x0F, 0x80, 0x00, 0x00, 0x00, 0x00, 0x00, 0x00, 0x00, 0x00, 0xFC,
  0x00, 0x3F, 0x80, 0x07, 0xF8, 0x00, 0xFF, 0x00, 0x1F, 0xE0, 0x03, 0xF8,
  0x00, 0x3E, 0x00, 0x00, 0x00, 0x10, 0x00, 0x00, 0x00, 0x00, 0x70, 0x00,
  0x00, 0x00, 0x01, 0xF0, 0x00, 0x00, 0x00, 0x07, 0xF0, 0x00, 0x00, 0x00,
  0x1F, 0xF0, 0x00, 0x00, 0x00, 0x7F, 0xF0, 0x00, 0x00, 0x01, 0xFF, 0xF0,
  0x00, 0x00, 0x07, 0xFF, 0xF0, 0x00, 0x00, 0x1F, 0xFF, 0xF0, 0x00, 0x00,
  0x1F, 0xFF, 0xE0, 0x00, 0x00, 0x1F, 0xFF, 0x80, 0x00, 0x04, 0x1F, 0xFE,
  0x10, 0x00, 0x1C, 0x1F, 0xF8, 0x70, 0x00, 0x7C, 0x1F, 0xE1, 0xF0, 0x01,
  0xFC, 0x1F, 0x87, 0xF0, 0x07, 0xFC, 0x1E, 0x1F, 0xF0, 0x1F, 0xFC, 0x18,
  0x7F, 0xF0, 0x7F, 0xFC, 0x21, 0xFF, 0xF1, 0xFF, 0xFC, 0x07, 0xFF, 0xF7,
  0xFF, 0xFC, 0x1F, 0xFF, 0xF7, 0xFF, 0xF8, 0x1F, 0xFF, 0xE7, 0xFF, 0xE0,
  0x1F, 0xFF, 0x87, 0xFF, 0x84, 0x1F, 0xFE, 0x07, 0xFE, 0x1C, 0x1F, 0xF8,
  0x07, 0xF8, 0x7C, 0x1F, 0xE0, 0x07, 0xE1, 0xFC, 0x1F, 0x80, 0x07, 0x87,
  0xFC, 0x1E, 0x00, 0x06, 0x1F, 0xFC, 0x18, 0x00, 0x08, 0x7F, 0xFC, 0x20,
  0x00, 0x01, 0xFF, 0xFC, 0x00, 0x00, 0x07, 0xFF, 0xFC, 0x00, 0x00, 0x07,
  0xFF, 0xF8, 0x00, 0x00, 0x07, 0xFF, 0xE0, 0x00, 0x00, 0x07, 0xFF, 0x80,
  0x00, 0x00, 0x07, 0xFE, 0x00, 0x00, 0x00, 0x07, 0xF8, 0x00, 0x00, 0x00,
  0x07, 0xE0, 0x00, 0x00, 0x00, 0x07, 0x80, 0x00, 0x00, 0x00, 0x06, 0x00,
  0x00, 0x00, 0x00, 0x08, 0x00, 0x00, 0x3E, 0x3F, 0xBF, 0xDF, 0xFF, 0xFF,
  0xFF, 0xFD, 0xFE, 0x7F, 0x3F, 0x9F, 0xCF, 0xC3, 0xE1, 0xF0, 0xF8, 0x78,
  0x1C, 0x0E, 0x06, 0x03, 0x00, 0x01, 0xF1, 0xF8, 0xFE, 0x7F, 0x3F, 0x9F,
  0x87, 0x80, 0xFF, 0xFF, 0xFF, 0xFF, 0xFF, 0xFF, 0xFF, 0xFF, 0xFF, 0xFF,
  0xFF, 0xFF, 0xFF, 0xFF, 0xFF, 0xFF, 0xFF, 0xF0, 0xFF, 0xFF, 0xFF, 0xFF,
  0xFF, 0xFF, 0xFF, 0xFF, 0xFF, 0xFF, 0xFF, 0xFF, 0xFF, 0xFF, 0xFF, 0xFF,
  0xFF, 0xFF, 0xFF, 0xFF, 0xFF, 0xFF, 0xFF, 0xFF, 0xFF, 0xFF, 0xFF, 0xFF,
  0xFF, 0xFF, 0xFF, 0xFF, 0xFF, 0xFF, 0xFF, 0xFF, 0xFF, 0xFF, 0xFF, 0xFF,
  0xFF, 0xFF, 0xFF, 0xFC, 0xFF, 0xFF, 0xFF, 0xFF, 0xFF, 0xFF, 0xFF, 0xFF,
  0xFF, 0xFF, 0xFF, 0xFF, 0xFF, 0xFF, 0xFF, 0xFF, 0xFF, 0xFF, 0xFF, 0xFF,
  0xFF, 0xFF, 0xFF, 0xFF, 0xFF, 0xFF, 0xFF, 0xFF, 0xFF, 0xFF, 0xFF, 0xFF,
  0xFF, 0xFF, 0xFF, 0xFF, 0xFF, 0xFF, 0xFF, 0xFF, 0xFF, 0xFF, 0xFF, 0xFF,
  0xFF, 0xFF, 0xFF, 0xFF, 0xFF, 0xFF, 0xFF, 0xFF, 0xFF, 0xFF, 0xFF, 0xFF,
  0xFF, 0xFF, 0xFF, 0xFF, 0xFF, 0xFF, 0xFF, 0xFF, 0xFF, 0xF8, 0x00, 0xF8,
  0x3C, 0x03, 0x00, 0x30, 0x03, 0x80, 0x38, 0x01, 0xDF, 0x1F, 0xFC, 0xFF,
  0xF7, 0xFF, 0xFF, 0xFF, 0xFF, 0xFF, 0xFF, 0xFF, 0xFD, 0xFF, 0xEF, 0xFF,
  0x3F, 0xF0, 0xFF, 0x00, 0xC0, 0x1F, 0xC1, 0xFF, 0x1F, 0xFD, 0xFF, 0xFF,
  0xFF, 0xFF, 0xFF, 0xFF, 0xFF, 0xFF, 0xFF, 0xFB, 0xFF, 0xCF, 0xFE, 0x3F,
  0xF0, 0x07, 0x00, 0x38, 0x03, 0x80, 0x38, 0x07, 0x07, 0xE0, 0x00, 0x00,
  0x78, 0x07, 0x80, 0xF8, 0x0F, 0x90, 0x70, 0x07, 0x00, 0x70, 0x07, 0x80,
  0x38, 0x03, 0xC0, 0x0E, 0x00, 0xE0, 0x07, 0x7C, 0x77, 0xC1, 0xFF, 0x9F,
  0xFC, 0xFF, 0xFF, 0xFF, 0x3F, 0xFF, 0xFF, 0xEF, 0xFF, 0xFF, 0xFB, 0xFF,
  0xFF, 0xFF, 0xFF, 0xFF, 0xFF, 0xFF, 0xFF, 0xFF, 0xE7, 0xFF, 0xFF, 0xF9,
  0xFF, 0xFF, 0xFE, 0x3F, 0xF3, 0xFF, 0x07, 0xF8, 0x7F, 0x80, 0x78, 0x03,
  0x00, 0x1F, 0xC1, 0xFC, 0x0F, 0xF8, 0xFF, 0x87, 0xFF, 0x7F, 0xF3, 0xFF,
  0xFF, 0xFE, 0xFF, 0xFF, 0xFF, 0xBF, 0xFF, 0xFF, 0xEF, 0xFF, 0xFF, 0xFF,
  0xFF, 0xFF, 0xFF, 0xFF, 0xFF, 0xFF, 0x9F, 0xFF, 0xFF, 0xE3, 0xFF, 0xBF,
  0xF8, 0x7F, 0xE7, 0xEE, 0x00, 0x70, 0x07, 0x00, 0x38, 0x03, 0x80, 0x1C,
  0x01, 0xC0, 0x0E, 0x00, 0xE0, 0x1E, 0x01, 0xF0, 0x3E, 0x03, 0xE0, 0x00,
  0x1F, 0xC1, 0xFF, 0x1F, 0xFD, 0xFF, 0xFF, 0xFF, 0xFF, 0xFF, 0xFF, 0xFF,
  0xFF, 0xFF, 0xFB, 0xFF, 0xCF, 0xFE, 0x3F, 0xF0, 0x07, 0x00, 0x38, 0x03,
  0x80, 0x38, 0x07, 0x07, 0xE0, 0x00, 0x1F, 0xC1, 0xFC, 0x0F, 0xF8, 0xFF,
  0x87, 0xFF, 0x7F, 0xF3, 0xFF, 0xFF, 0xFE, 0xFF, 0xFF, 0xFF, 0xBF, 0xFF,
  0xFF, 0xEF, 0xFF, 0xFF, 0xFF, 0xFF, 0xFF, 0xFF, 0xFF, 0xFF, 0xFF, 0x9F,
  0xFF, 0xFF, 0xE3, 0xFF, 0xBF, 0xF8, 0x7F, 0xE7, 0xEE, 0x00, 0x70, 0x07,
  0x00, 0x38, 0x03, 0x80, 0x1C, 0x01, 0xC0, 0x0E, 0x00, 0xE0, 0x1F, 0x01,
  0xF0, 0x3E, 0x03, 0xE0, 0x00, 0x00, 0x00, 0x60, 0x00, 0x00, 0x30, 0x00,
  0x00, 0x18, 0x00, 0x00, 0x0C, 0x00, 0x0F, 0xFF, 0xF8, 0x3F, 0xFF, 0xFC,
  0x7F, 0xE1, 0x82, 0x7F, 0xF0, 0xC0, 0x7F, 0xF8, 0x60, 0x3F, 0xFC, 0x30,
  0x3F, 0xFE, 0x18, 0x1F, 0xFF, 0x0C, 0x0F, 0xFF, 0x86, 0x07, 0xFF, 0xC3,
  0x03, 0xFF, 0xE1, 0x81, 0xFF, 0xF0, 0xC0, 0x7F, 0xF8, 0x60, 0x3F, 0xFC,
  0x30, 0x0F, 0xFE, 0x18, 0x03, 0xFF, 0x0C, 0x00, 0xFF, 0xFE, 0x00, 0x0F,
  0xFF, 0x00, 0x00, 0x01, 0x80, 0x00, 0x00, 0xC0, 0x00, 0x00, 0x60, 0x00,
  0x00, 0x20, 0x01, 0xF0, 0x10, 0x01, 0xFC, 0x08, 0x01, 0xFE, 0x0C, 0x00,
  0xFF, 0x06, 0x00, 0x7F, 0x83, 0x00, 0x3F, 0x83, 0x00, 0x1E, 0x01, 0x80,
  0x07, 0x01, 0x80, 0x01, 0xC3, 0x80, 0x00, 0x7F, 0x80, 0x00, 0x07, 0xF8,
  0x03, 0xFF, 0xE0, 0xFF, 0xFE, 0x3F, 0xFF, 0xEF, 0xFF, 0xFD, 0xFF, 0xFF,
  0xFF, 0xFF, 0xFF, 0xFF, 0xFF, 0xFF, 0xFF, 0xFF, 0xFF, 0xF9, 0xFF, 0xFF,
  0x1F, 0xFF, 0xC1, 0xFF, 0xF0, 0x1F, 0xF8, 0x00, 0xFE, 0x00, 0x0F, 0x80,
  0x00, 0xE0, 0x00, 0x18, 0x00, 0x01, 0x00, 0x00, 0x70, 0x00, 0x3F, 0x80,
  0x1F, 0xF8, 0x03, 0xFF, 0x80, 0xFF, 0xF0, 0x1F, 0xFF, 0x03, 0xFF, 0xE0,
  0x7F, 0xF8, 0x07, 0xFF, 0x00, 0xFF, 0xC0, 0x0F, 0xF0, 0x00, 0x7C, 0x00,
  0x04, 0x01, 0x01, 0xFC, 0x7F, 0x1F, 0xFF, 0xFD, 0xFF, 0xFF, 0xEF, 0xFF,
  0xFF, 0xFF, 0xFF, 0xFF, 0xFF, 0xFF, 0xFF, 0xFF, 0xFF, 0xFF, 0xFF, 0xF3,
  0xFF, 0xFF, 0x8F, 0xFF, 0xF8, 0x3F, 0xFF, 0x80, 0x7F, 0xF0, 0x00, 0xFC,
  0x00, 0x01, 0x80, 0x00, 0x04, 0x00, 0x00, 0x20, 0x00, 0x01, 0x00, 0x00,
  0x7F, 0x00, 0x0F, 0xFE, 0x00, 0x7F, 0xF0, 0x07, 0xFF, 0xC0, 0x3F, 0xFE,
  0x01, 0xFF, 0xF0, 0x0F, 0xFF, 0x80, 0x3F, 0xF8, 0x00, 0xFF, 0x80, 0x01,
  0xF0, 0x00, 0x00, 0x80, 0x00, 0x40, 0x03, 0xFE, 0x00, 0xFF, 0x01, 0xFF,
  0xC0, 0xFF, 0xF0, 0xFF, 0xF8, 0x7F, 0xFE, 0x7F, 0xFF, 0x3F, 0xFF, 0x9F,
  0xFF, 0xEF, 0xFF, 0xFF, 0xFF, 0xFF, 0xFF, 0xFF, 0xFF, 0xFF, 0xFF, 0xFF,
  0xFF, 0xFF, 0xFF, 0xFF, 0xFF, 0xFF, 0xFF, 0xFF, 0xFF, 0xFF, 0xFF, 0xFF,
  0xFF, 0xFF, 0xFF, 0xFF, 0xFF, 0x7F, 0xFF, 0xFF, 0xFF, 0xDF, 0xFF, 0xFF,
  0xFF, 0xE3, 0xFF, 0xFF, 0xFF, 0xF8, 0xFF, 0xFF, 0xFF, 0xFC, 0x0F, 0xFF,
  0xFF, 0xFE, 0x01, 0xFF, 0xFF, 0xFE, 0x00, 0x0F, 0xFF, 0xFE, 0x00, 0x00,
  0xFF, 0xFE, 0x00, 0x00, 0x0F, 0xFC, 0x00, 0x00, 0x00, 0xFE, 0x00, 0x00,
  0x00, 0x1E, 0x00, 0x00, 0x00, 0x03, 0x80, 0x00, 0x00, 0x00, 0xC0, 0x00,
  0x00, 0x00, 0x10, 0x00, 0x00, 0x01, 0x00, 0x00, 0x1F, 0xE0, 0x00, 0x3F,
  0xF8, 0x00, 0x7F, 0xFC, 0x00, 0x7F, 0xFC, 0x00, 0xFF, 0xFE, 0x00, 0xFF,
  0xFE, 0x00, 0xFF, 0xFF, 0x00, 0xFF, 0xFF, 0x00, 0xFF, 0xFF, 0x80, 0xFF,
  0xFF, 0x80, 0x7F, 0xFF, 0xC0, 0x7F, 0xFF, 0xE0, 0x3F, 0xFF, 0xF0, 0x1F,
  0xFF, 0xFF, 0x07, 0xFF, 0xFF, 0x1F, 0xFF, 0xFF, 0x3F, 0xFF, 0xF1, 0x7F,
  0xFF, 0xE0, 0x7F, 0xFF, 0xC0, 0xFF, 0xFF, 0x80, 0xFF, 0xFF, 0x80, 0xFF,
  0xFF, 0x00, 0xFF, 0xFF, 0x00, 0xFF, 0xFE, 0x00, 0xFF, 0xFE, 0x00, 0x7F,
  0xFC, 0x00, 0x7F, 0xFC, 0x00, 0x3F, 0xF8, 0x00, 0x1F, 0xE0, 0x00, 0x00,
  0x07, 0x00, 0x00, 0x01, 0xF0, 0x00, 0xF8, 0x66, 0x06, 0x33, 0xC8, 0x61,
  0xEC, 0x1F, 0x0C, 0x3F, 0x80, 0xE1, 0x87, 0xF0, 0x0F, 0x20, 0x77, 0x80,
  0xF4, 0x0E, 0x70, 0x07, 0x83, 0x80, 0x00, 0x3F, 0xC0, 0x00, 0x04, 0x00,
  0x01, 0xF1, 0x00, 0x00, 0x7F, 0x27, 0x80, 0x1F, 0xFB, 0xFC, 0x03, 0xFE,
  0xFF, 0x80, 0xFF, 0xDF, 0xF8, 0x1F, 0xFF, 0xFF, 0x03, 0xFF, 0xFF, 0xE0,
  0x7F, 0xFF, 0xFC, 0x0F, 0xFF, 0xFF, 0x01, 0xFF, 0xFF, 0xE0, 0x3F, 0xFF,
  0xF8, 0x07, 0xFF, 0xFE, 0x00, 0x7F, 0xFF, 0x80, 0x0F, 0xFF, 0xC0, 0x00,
  0xFF, 0xF1, 0x00, 0x0F, 0xFC, 0x70, 0x01, 0xFF, 0x0F, 0x00, 0x0F, 0xE1,
  0xC0, 0x00, 0xFC, 0x38, 0x00, 0x0F, 0xC6, 0x00, 0x00, 0x7F, 0x80, 0x1C,
  0x00, 0x00, 0x00, 0x3F, 0x00, 0x00, 0x00, 0x3F, 0x80, 0x00, 0x00, 0x3F,
  0x83, 0xF0, 0x00, 0x18, 0xC7, 0xF8, 0x38, 0x00, 0x4F, 0xFC, 0x7E, 0x00,
  0x4F, 0xFE, 0x7E, 0x00, 0x4F, 0xFF, 0x23, 0x00, 0x4F, 0xFF, 0x01, 0x1C,
  0xCF, 0xFF, 0x81, 0x7F, 0xCF, 0xFF, 0xC1, 0xE1, 0xE7, 0xFF, 0xC3, 0xC1,
  0x9B, 0xFF, 0xFF, 0xC3, 0x84, 0xFF, 0xFF, 0xC3, 0x03, 0xFF, 0xFE, 0x7F,
  0x0F, 0xFF, 0xFE, 0x0E, 0x1F, 0xFF, 0xFC, 0x1C, 0x1F, 0xFF, 0xFC, 0x18,
  0x1F, 0xFF, 0xF8, 0x30, 0x1F, 0xFF, 0xF0, 0x20, 0x1F, 0xFF, 0xE0, 0x60,
  0x0F, 0xFF, 0xC0, 0x62, 0x07, 0xFF, 0x80, 0x61, 0x01, 0xFC, 0x00, 0x33,
  0x80, 0x00, 0x00, 0x3F, 0x80, 0x00, 0x00, 0x0F, 0x00, 0x00, 0x00, 0x00,
  0x04, 0x01, 0xE0, 0x1F, 0x00, 0xF0, 0x07, 0x80, 0x3E, 0x01, 0xF0, 0x0F,
  0x80, 0x3E, 0x01, 0xF8, 0x07, 0xC0, 0x1F, 0x00, 0xFC, 0x03, 0xF0, 0x0F,
  0xC0, 0x3F, 0x00, 0xFC, 0x03, 0xF0, 0x0F, 0xC0, 0x3F, 0x00, 0xFC, 0x03,
  0xF0, 0x07, 0xC0, 0x1F, 0x00, 0x7E, 0x00, 0xF8, 0x03, 0xF0, 0x07, 0xC0,
  0x0F, 0x80, 0x1F, 0x00, 0x3E, 0x00, 0x3C, 0x00, 0x3C, 0x80, 0x01, 0xE0,
  0x01, 0xE0, 0x03, 0xE0, 0x07, 0xC0, 0x0F, 0x80, 0x3F, 0x00, 0x7C, 0x01,
  0xF8, 0x03, 0xE0, 0x0F, 0x80, 0x3F, 0x00, 0xFC, 0x03, 0xF0, 0x07, 0xC0,
  0x1F, 0x00, 0x7C, 0x01, 0xF0, 0x07, 0xC0, 0x1F, 0x00, 0xFC, 0x03, 0xF0,
  0x0F, 0xC0, 0x3E, 0x00, 0xF8, 0x07, 0xC0, 0x1F, 0x00, 0xF8, 0x07, 0xC0,
  0x1E, 0x00, 0xF0, 0x0F, 0x80, 0xF8, 0x00, 0x03, 0xF0, 0x7E, 0x07, 0xC0,
  0xFC, 0x1F, 0xC1, 0xF8, 0x3F, 0x83, 0xF8, 0x7F, 0x07, 0xF0, 0x7F, 0x07,
  0xF0, 0xFF, 0x0F, 0xF0, 0xFF, 0x0F, 0xF0, 0xFE, 0x0F, 0xE0, 0xFF, 0x0F,
  0xF0, 0xFF, 0x0F, 0xF0, 0x7F, 0x07, 0xF0, 0x7F, 0x03, 0xF0, 0x3F, 0x83,
  0xF8, 0x1F, 0x81, 0xFC, 0x0F, 0xC0, 0x7E, 0x07, 0xE0, 0x3F, 0xFC, 0x07,
  0xC0, 0x7E, 0x03, 0xF0, 0x3F, 0x03, 0xF8, 0x1F, 0x81, 0xFC, 0x1F, 0xC1,
  0xFE, 0x0F, 0xE0, 0xFE, 0x0F, 0xE0, 0xFE, 0x0F, 0xF0, 0xFF, 0x0F, 0xF0,
  0xFF, 0x0F, 0xF0, 0xFF, 0x0F, 0xE0, 0xFE, 0x0F, 0xE0, 0xFE, 0x1F, 0xC1,
  0xFC, 0x1F, 0xC1, 0xF8, 0x3F, 0x83, 0xF0, 0x3F, 0x07, 0xE0, 0x7C, 0x0F,
  0x80, 0x07, 0xC1, 0xF0, 0xFC, 0x3E, 0x0F, 0x87, 0xE1, 0xF0, 0x7C, 0x1F,
  0x0F, 0xC3, 0xE0, 0xF8, 0x7E, 0x1F, 0x07, 0xC3, 0xF0, 0xF8, 0x3E, 0x0F,
  0xC1, 0xF0, 0x7C, 0x1F, 0x83, 0xE0, 0xF8, 0x3F, 0x07, 0xC1, 0xF0, 0x7C,
  0x1F, 0x83, 0xE0, 0xF8, 0x3F, 0x07, 0xC1, 0xF0, 0xFC, 0x1F, 0x07, 0xC1,
  0xF0, 0x7E, 0x0F, 0x83, 0xE0, 0xFC, 0x1F, 0x07, 0xC1, 0xF8, 0x7E, 0x0F,
  0x83, 0xE0, 0xFC, 0x1F, 0x07, 0xC1, 0xF0, 0x7C, 0x3F, 0x0F, 0x83, 0xE1,
  0xF8, 0x7E, 0x1F, 0x07, 0xC3, 0xF0, 0xF8, 0x3E, 0x1F, 0x87, 0xC1, 0xF0,
  0xFC, 0x3F, 0x00, 0x00, 0x3F, 0xC0, 0x1F, 0xE0, 0x0F, 0xF0, 0x03, 0xFC,
  0x01, 0xFE, 0x00, 0x7F, 0x00, 0x3F, 0xC0, 0x1F, 0xE0, 0x07, 0xF8, 0x03,
  0xFC, 0x00, 0xFE, 0x00, 0x7F, 0x80, 0x1F, 0xC0, 0x0F, 0xF0, 0x07, 0xF8,
  0x01, 0xFC, 0x00, 0xFF, 0x00, 0x3F, 0xC0, 0x07, 0xF0, 0x01, 0xFE, 0x00,
  0x3F, 0xC0, 0x07, 0xF0, 0x01, 0xFE, 0x00, 0x3F, 0x80, 0x0F, 0xF0, 0x01,
  0xFE, 0x00, 0x7F, 0x80, 0x0F, 0xF0, 0x01, 0xFC, 0x00, 0x7F, 0x80, 0x0F,
  0xF0, 0x03, 0xFC, 0x00, 0x7F, 0x80, 0x0F, 0xF0, 0xFF, 0x00, 0x1F, 0xE0,
  0x07, 0xF8, 0x00, 0xFF, 0x00, 0x1F, 0xC0, 0x07, 0xF8, 0x00, 0xFF, 0x00,
  0x3F, 0xC0, 0x07, 0xF8, 0x00, 0xFE, 0x00, 0x3F, 0xC0, 0x07, 0xF0, 0x01,
  0xFE, 0x00, 0x3F, 0xC0, 0x07, 0xF0, 0x01, 0xFE, 0x00, 0x3F, 0xC0, 0x0F,
  0xE0, 0x07, 0xF8, 0x01, 0xFC, 0x00, 0xFF, 0x00, 0x7F, 0x80, 0x1F, 0xC0,
  0x0F, 0xF0, 0x03, 0xF8, 0x01, 0xFE, 0x00, 0xFF, 0x00, 0x3F, 0xC0, 0x1F,
  0xE0, 0x07, 0xF0, 0x03, 0xFC, 0x01, 0xFE, 0x00, 0x7F, 0x80, 0x3F, 0xC0,
  0x00, 0x07, 0xFE, 0x0F, 0xFC, 0x3F, 0xF8, 0x7F, 0xE0, 0xFF, 0xC3, 0xFF,
  0x87, 0xFE, 0x0F, 0xFC, 0x3F, 0xF8, 0x7F, 0xF0, 0xFF, 0xC1, 0xFF, 0x87,
  0xFF, 0x0F, 0xFE, 0x1F, 0xF8, 0x7F, 0xF0, 0xFF, 0xE1, 0xFF, 0xC3, 0xFF,
  0x83, 0xFF, 0x07, 0xFF, 0x0F, 0xFE, 0x0F, 0xFC, 0x1F, 0xF8, 0x3F, 0xF8,
  0x3F, 0xF0, 0x7F, 0xE0, 0xFF, 0xE1, 0xFF, 0xC1, 0xFF, 0x83, 0xFF, 0x07,
  0xFF, 0x07, 0xFE, 0x0F, 0xFC, 0xFF, 0xC1, 0xFF, 0xC1, 0xFF, 0x83, 0xFF,
  0x07, 0xFF, 0x07, 0xFE, 0x0F, 0xFC, 0x1F, 0xF8, 0x3F, 0xF8, 0x3F, 0xF0,
  0x7F, 0xE0, 0xFF, 0xE1, 0xFF, 0xC1, 0xFF, 0x83, 0xFF, 0x87, 0xFF, 0x07,
  0xFE, 0x1F, 0xFC, 0x3F, 0xF8, 0x7F, 0xF0, 0xFF, 0xC3, 0xFF, 0x87, 0xFF,
  0x0F, 0xFC, 0x1F, 0xF8, 0x7F, 0xF0, 0xFF, 0xC1, 0xFF, 0x87, 0xFF, 0x0F,
  0xFE, 0x1F, 0xF8, 0x3F, 0xF0, 0xFF, 0xE1, 0xFF, 0x80, 0x01, 0x07, 0x1C,
  0x78, 0xE0, 0xE0, 0xE0, 0xE0, 0xE0, 0xE0, 0xE0, 0xE0, 0xE0, 0xE0, 0xE0,
  0xE0, 0xE0, 0xE0, 0xE0, 0xE0, 0xE0, 0xE0, 0xE0, 0xE0, 0xE0, 0xE0, 0xE0,
  0xE0, 0xE0, 0xE0, 0xE0, 0xF0, 0x78, 0x1E, 0x07, 0x01, 0x80, 0xE0, 0x38,
  0x1E, 0x0F, 0x07, 0x07, 0x07, 0x07, 0x07, 0x07, 0x07, 0x07, 0x07, 0x07,
  0x07, 0x07, 0x07, 0x07, 0x07, 0x07, 0x07, 0x07, 0x07, 0x07, 0x07, 0x07,
  0x07, 0x07, 0x07, 0x07, 0x0F, 0x1C, 0x78, 0xE0, 0x80, 0x07, 0xF1, 0xFC,
  0x1F, 0x81, 0xF8, 0x1F, 0x81, 0xF8, 0x1F, 0x81, 0xF8, 0x1F, 0x81, 0xF8,
  0x1F, 0x81, 0xF8, 0x1F, 0x81, 0xF8, 0x1F, 0x83, 0xF8, 0xFF, 0x07, 0xF0,
  0x3F, 0x81, 0xF8, 0x1F, 0x81, 0xF8, 0x1F, 0x81, 0xF8, 0x1F, 0x81, 0xF8,
  0x1F, 0x81, 0xF8, 0x1F, 0x81, 0xF8, 0x1F, 0x81, 0xF8, 0x1F, 0xC0, 0x7F,
  0xFE, 0x03, 0xF8, 0x1F, 0x81, 0xF8, 0x1F, 0x81, 0xF8, 0x1F, 0x81, 0xF8,
  0x1F, 0x81, 0xF8, 0x1F, 0x81, 0xF8, 0x1F, 0x81, 0xF8, 0x1F, 0xC1, 0xFC,
  0x0F, 0xF0, 0xFE, 0x1F, 0xC1, 0xFC, 0x1F, 0x81, 0xF8, 0x1F, 0x81, 0xF8,
  0x1F, 0x81, 0xF8, 0x1F, 0x81, 0xF8, 0x1F, 0x81, 0xF8, 0x1F, 0x81, 0xF8,
  0x3F, 0x8F, 0xE0, 0x00, 0x00, 0xFE, 0x00, 0x00, 0x00, 0x7F, 0x00, 0x00,
  0x00, 0x1F, 0xC0, 0x00, 0x00, 0x07, 0xF0, 0x00, 0x00, 0x01, 0xFC, 0x00,
  0x00, 0x00, 0x7F, 0x00, 0x00, 0x00, 0x1F, 0xC0, 0x00, 0x00, 0x07, 0xF0,
  0x00, 0x00, 0x03, 0xFC, 0x00, 0x00, 0x00, 0xFF, 0x3F, 0xFF, 0xFF, 0xFF,
  0x9F, 0xFF, 0xFF, 0xFF, 0xEF, 0xFF, 0xFF, 0xFF, 0xFF, 0xFF, 0xFF, 0xFF,
  0xFF, 0xFF, 0xFF, 0xFF, 0xFC, 0x00, 0x00, 0x01, 0xFC, 0x00, 0x00, 0x01,
  0xFC, 0x00, 0x00, 0x01, 0xFC, 0x00, 0x00, 0x01, 0xFC, 0x00, 0x00, 0x01,
  0xFC, 0x00, 0x00, 0x01, 0xFC, 0x00, 0x00, 0x01, 0xFC, 0x00, 0x00, 0x01,
  0xFC, 0x00, 0x00, 0x01, 0xFE, 0x00, 0x08, 0x00, 0x00, 0x01, 0xC0, 0x00,
  0x00, 0x1E, 0x00, 0x00, 0x03, 0xF0, 0x00, 0x00, 0x7F, 0x80, 0x00, 0x07,
  0xFC, 0x00, 0x00, 0xFF, 0xE0, 0x00, 0x03, 0xFF, 0x80, 0x00, 0x0F, 0xFC,
  0x08, 0x00, 0x7F, 0xE0, 0xC0, 0x01, 0xFF, 0x1C, 0x00, 0x0F, 0xFB, 0xE0,
  0x00, 0x3F, 0xFE, 0x00, 0x00, 0xFF, 0xF0, 0x00, 0x07, 0xFF, 0x00, 0x00,
  0x1F, 0xF8, 0x00, 0x01, 0xFF, 0x80, 0x00, 0x3F, 0xFC, 0x00, 0x07, 0xFF,
  0xC0, 0x00, 0xFF, 0xFE, 0x00, 0x07, 0xFF, 0xE0, 0x00, 0x00, 0x3F, 0x00,
  0x00, 0x10, 0x00, 0x00, 0x00, 0x03, 0x80, 0x00, 0x00, 0x00, 0x3C, 0x00,
  0x00, 0x00, 0x07, 0xE0, 0x0C, 0x00, 0x00, 0x7F, 0x01, 0xFF, 0x80, 0x0F,
  0xF8, 0x3F, 0xFF, 0xF8, 0xFF, 0xC7, 0xFF, 0xFF, 0xFF, 0xFE, 0xFF, 0xFF,
  0xFF, 0xFF, 0xFF, 0xFF, 0xFF, 0xFF, 0xF3, 0xFF, 0xF8, 0x0F, 0xF8, 0x7F,
  0x00, 0x03, 0xFC, 0x00, 0x00, 0x00, 0x7E, 0x00, 0x00, 0x00, 0x1F, 0x00,
  0x00, 0x00, 0x03, 0x80, 0x00, 0x00, 0x00, 0xE0, 0x00, 0x00, 0x00, 0x10,
  0x00, 0x00, 0x00, 0x00, 0x00, 0x10, 0x00, 0x01, 0xFE, 0x00, 0x0F, 0xFF,
  0xE0, 0x00, 0x7F, 0xFC, 0x00, 0x07, 0xFF, 0xC0, 0x00, 0x3F, 0xFC, 0x00,
  0x01, 0xFF, 0x80, 0x00, 0x1F, 0xF8, 0x00, 0x07, 0xFF, 0x00, 0x01, 0xFF,
  0xF0, 0x00, 0x3F, 0xFE, 0x00, 0x0F, 0xF9, 0xE0, 0x03, 0xFF, 0x1C, 0x00,
  0x7F, 0xC0, 0xC0, 0x1F, 0xF8, 0x08, 0x07, 0xFF, 0x00, 0x00, 0xFF, 0xE0,
  0x00, 0x07, 0xFC, 0x00, 0x00, 0x3F, 0x80, 0x00, 0x03, 0xF0, 0x00, 0x00,
  0x1C, 0x00, 0x00, 0x00, 0x80, 0x00, 0x00, 0x00, 0x20, 0x00, 0x00, 0x00,
  0x03, 0x00, 0x00, 0x00, 0x00, 0x78, 0x00, 0x00, 0x00, 0x07, 0xC0, 0x00,
  0x00, 0x00, 0xFF, 0x00, 0x00, 0x00, 0x0F, 0xFC, 0x00, 0x00, 0x00, 0xFF,
  0xF8, 0x07, 0xFF, 0xFF, 0xFF, 0xF0, 0xFF, 0xFF, 0xFF, 0xFF, 0xE0, 0x00,
  0x7F, 0xFF, 0x00, 0x00, 0x1F, 0xFF, 0x00, 0x00, 0x03, 0xFE, 0x00, 0x00,
  0x00, 0xFE, 0x00, 0x00, 0x00, 0x3E, 0x00, 0x00, 0x00, 0x07, 0x00, 0x00,
  0x00, 0x01, 0x80, 0x00, 0x00, 0x00, 0x00, 0x1C, 0x00, 0x00, 0x00, 0x07,
  0xC0, 0x00, 0x00, 0x01, 0xFC, 0x00, 0x00, 0x00, 0x3F, 0xC0, 0x00, 0x00,
  0x07, 0xFC, 0x00, 0x00, 0x00, 0xFF, 0xC0, 0x00, 0x00, 0x0F, 0xFE, 0x00,
  0x00, 0x00, 0xFF, 0xE0, 0x00, 0x00, 0x0F, 0xFE, 0x00, 0x00, 0x00, 0xFF,
  0xE1, 0xFF, 0xFF, 0xFF, 0xFE, 0x7F, 0xFF, 0xFF, 0xFF, 0xEF, 0xFF, 0xFF,
  0xFF, 0xFF, 0xFF, 0xFF, 0xFF, 0xFF, 0xFF, 0xFF, 0xFF, 0xFF, 0xF3, 0xFF,
  0xFF, 0xFF, 0xFC, 0x3F, 0xFF, 0xFF, 0xFF, 0x00, 0x00, 0x00, 0xFF, 0xC0,
  0x00, 0x00, 0x3F, 0xF0, 0x00, 0x00, 0x0F, 0xFC, 0x00, 0x00, 0x03, 0xFF,
  0x00, 0x00, 0x00, 0xFF, 0xC0, 0x00, 0x00, 0x1F, 0xF0, 0x00, 0x00, 0x03,
  0xFC, 0x00, 0x00, 0x00, 0x7F, 0x00, 0x00, 0x00, 0x07, 0xC0, 0x00, 0x00,
  0x00, 0x00, 0x40, 0x00, 0x00, 0x00, 0x0C, 0x00, 0x00, 0x00, 0x01, 0xC0,
  0x00, 0x00, 0x00, 0x3C, 0x00, 0x00, 0x00, 0x07, 0xC0, 0x00, 0x00, 0x00,
  0xFC, 0x00, 0x00, 0x00, 0x1F, 0xC0, 0x00, 0x00, 0x03, 0xFC, 0xFF, 0xFF,
  0xFF, 0xFF, 0xDF, 0xFF, 0xFF, 0xFF, 0xFC, 0x00, 0x00, 0x01, 0xFF, 0x00,
  0x00, 0x00, 0x3F, 0xC0, 0x00, 0x00, 0x07, 0xF0, 0x00, 0x00, 0x00, 0xFC,
  0x00, 0x00, 0x00, 0x1E, 0x00, 0x00, 0x00, 0x03, 0x80, 0x00, 0x00, 0x00,
  0x60, 0x00, 0x00, 0x00, 0x08, 0x00, 0x00, 0x00, 0x01, 0x00, 0x00, 0x00,
  0x00, 0x00, 0x40, 0x00, 0x00, 0x00, 0x08, 0x00, 0x00, 0x00, 0x01, 0xC0,
  0x00, 0x00, 0x00, 0x3C, 0x00, 0x00, 0x00, 0x07, 0xC0, 0x00, 0x00, 0x00,
  0xFC, 0x00, 0x00, 0x00, 0x1F, 0xC7, 0xFF, 0xFF, 0xFF, 0xFC, 0xFF, 0xFF,
  0xFF, 0xFF, 0xDF, 0xFF, 0xFF, 0xFF, 0xFF, 0xFF, 0xFF, 0xFF, 0xFF, 0x7F,
  0xFF, 0xFF, 0xFF, 0xC0, 0x00, 0x00, 0x07, 0xF0, 0x00, 0x00, 0x00, 0xFC,
  0x00, 0x00, 0x00, 0x1F, 0x00, 0x00, 0x00, 0x03, 0xC0, 0x00, 0x00, 0x00,
  0x70, 0x00, 0x00, 0x00, 0x0C, 0x00, 0x00, 0x00, 0x01, 0x00, 0x00, 0x00,
  0x00, 0x02, 0x00, 0x00, 0x00, 0x03, 0x00, 0x00, 0x00, 0x03, 0x80, 0x00,
  0x00, 0x03, 0xC0, 0x00, 0x00, 0x03, 0xE0, 0x9D, 0xFF, 0xFF, 0xF0, 0x9D,
  0xFF, 0xFF, 0xF8, 0x9D, 0xFF, 0xFF, 0xFC, 0x9D, 0xFF, 0xFF, 0xFE, 0x9D,
  0xFF, 0xFF, 0xFF, 0x9D, 0xFF, 0xFF, 0xFE, 0x9D, 0xFF, 0xFF, 0xF8, 0x9D,
  0xFF, 0xFF, 0xF0, 0x00, 0x00, 0x03, 0xE0, 0x00, 0x00, 0x03, 0xC0, 0x00,
  0x00, 0x03, 0x80, 0x00, 0x00, 0x03, 0x00, 0x00, 0x00, 0x02, 0x00, 0x00,
  0x00, 0x01, 0x00, 0x00, 0x00, 0x00, 0x40, 0x00, 0x00, 0x00, 0x18, 0x00,
  0x00, 0x00, 0x06, 0x00, 0x00, 0x00, 0x01, 0xC0, 0x22, 0x33, 0xBF, 0xF8,
  0x08, 0x8C, 0xEF, 0xFF, 0x02, 0x23, 0x3B, 0xFF, 0xE0, 0x88, 0xCE, 0xFF,
  0xFC, 0x22, 0x33, 0xBF, 0xFF, 0xC8, 0x8C, 0xEF, 0xFF, 0xFA, 0x23, 0x3B,
  0xFF, 0xFF, 0x88, 0xCE, 0xFF, 0xFF, 0x22, 0x33, 0xBF, 0xFF, 0x88, 0x8C,
  0xEF, 0xFF, 0xC2, 0x23, 0x3B, 0xFF, 0xE0, 0x88, 0xCE, 0xFF, 0xF0, 0x00,
  0x00, 0x00, 0x78, 0x00, 0x00, 0x00, 0x1C, 0x00, 0x00, 0x00, 0x06, 0x00,
  0x00, 0x00, 0x01, 0x00, 0x00, 0x00, 0x00, 0x40, 0x00, 0x00, 0x00, 0x02,
  0x00, 0x00, 0x00, 0x03, 0x00, 0x00, 0x00, 0x03, 0x80, 0x00, 0x00, 0x03,
  0x80, 0xFF, 0xFF, 0xFF, 0xC0, 0xFF, 0xFF, 0xFF, 0xE0, 0xFF, 0xFF, 0xFF,
  0xF0, 0xFF, 0xFF, 0xFF, 0xF8, 0xFF, 0xFF, 0xFF, 0xFC, 0xFF, 0xFF, 0xFF,
  0xFE, 0xFF, 0xFF, 0xFF, 0xFF, 0xFF, 0xFF, 0xFF, 0xFE, 0xFF, 0xFF, 0xFF,
  0xFC, 0xFF, 0xFF, 0xFF, 0xF8, 0xFF, 0xFF, 0xFF, 0xF0, 0xFF, 0xFF, 0xFF,
  0xE0, 0x00, 0x00, 0x03, 0xC0, 0x00, 0x00, 0x03, 0x80, 0x00, 0x00, 0x03,
  0x00, 0x00, 0x00, 0x02, 0x00, 0x00, 0x00, 0x02, 0x00, 0x80, 0x00, 0x00,
  0x00, 0x0C, 0x00, 0x00, 0x00, 0x00, 0xF8, 0x00, 0x00, 0x00, 0x0D, 0xE0,
  0x00, 0x00, 0x00, 0xC7, 0x80, 0x00, 0x00, 0x0C, 0x1E, 0x00, 0x00, 0x00,
  0x80, 0x78, 0x00, 0x00, 0x08, 0x01, 0xE0, 0x00, 0x00, 0x80, 0x07, 0x80,
  0x00, 0x18, 0x00, 0x1E, 0x00, 0x01, 0x80, 0x00, 0x78, 0x00, 0x18, 0x00,
  0x01, 0xF0, 0x03, 0xFF, 0xFF, 0xFC, 0x00, 0xFF, 0xFF, 0xFC, 0x00, 0x3F,
  0xFF, 0xFC, 0x00, 0x07, 0xFF, 0xFC, 0x00, 0x01, 0xFF, 0xFC, 0x00, 0x00,
  0x7F, 0xFC, 0x00, 0x00, 0x1F, 0xFC, 0x00, 0x00, 0x07, 0xFC, 0x00, 0x00,
  0x01, 0xFC, 0x00, 0x00, 0x00, 0x78, 0x00, 0x00, 0x00, 0x18, 0x00, 0x00,
  0x00, 0x04, 0x00, 0x00, 0x00, 0x00, 0x80, 0x00, 0x00, 0x00, 0x0C, 0x00,
  0x00, 0x00, 0x00, 0xF8, 0x00, 0x00, 0x00, 0x0F, 0xE0, 0x00, 0x00, 0x00,
  0xFF, 0x80, 0x00, 0x00, 0x0F, 0xFE, 0x00, 0x00, 0x00, 0xFF, 0xF8, 0x00,
  0x00, 0x0F, 0xFF, 0xE0, 0x00, 0x00, 0xFF, 0xFF, 0x80, 0x00, 0x1F, 0xFF,
  0xFE, 0x00, 0x01, 0xFF, 0xFF, 0xF8, 0x00, 0x1F, 0xFF, 0xFF, 0xF0, 0x03,
  0x00, 0x00, 0x3C, 0x00, 0xC0, 0x00, 0x3C, 0x00, 0x30, 0x00, 0x3C, 0x00,
  0x04, 0x00, 0x3C, 0x00, 0x01, 0x00, 0x3C, 0x00, 0x00, 0x40, 0x3C, 0x00,
  0x00, 0x18, 0x3C, 0x00, 0x00, 0x06, 0x3C, 0x00, 0x00, 0x01, 0xBC, 0x00,
  0x00, 0x00, 0x78, 0x00, 0x00, 0x00, 0x18, 0x00, 0x00, 0x00, 0x04, 0x00,
  0x00, 0x00, 0x00, 0x80, 0x00, 0x00, 0x00, 0x0C, 0x00, 0x00, 0x00, 0x01,
  0xE0, 0x00, 0x00, 0x00, 0x1F, 0x80, 0x00, 0x00, 0x01, 0xFC, 0x00, 0x00,
  0x00, 0x1F, 0xF0, 0x00, 0x00, 0x03, 0xFF, 0xC0, 0x00, 0x00, 0x3F, 0xFE,
  0x00, 0x00, 0x03, 0xFF, 0xF8, 0x00, 0x00, 0x7F, 0xFF, 0xC0, 0x00, 0x07,
  0xFF, 0xFF, 0x00, 0x00, 0x7F, 0xFF, 0xF8, 0x00, 0x0F, 0xFF, 0xFF, 0xE0,
  0x00, 0xFF, 0xFF, 0xFF, 0x00, 0x0F, 0xFF, 0xFF, 0xF8, 0x03, 0xFF, 0xFF,
  0xF8, 0x00, 0xFF, 0xFF, 0xFC, 0x00, 0x3F, 0xFF, 0xFC, 0x00, 0x07, 0xFF,
  0xFE, 0x00, 0x01, 0xFF, 0xFE, 0x00, 0x00, 0x7F, 0xFF, 0x00, 0x00, 0x0F,
  0xFF, 0x00, 0x00, 0x03, 0xFF, 0x80, 0x00, 0x00, 0xFF, 0x80, 0x00, 0x00,
  0x1F, 0x80, 0x00, 0x00, 0x07, 0xC0, 0x00, 0x00, 0x01, 0xC0, 0x00, 0x00,
  0x00, 0x60, 0x00, 0x00, 0x00, 0x00, 0xE0, 0x00, 0x00, 0x00, 0x38, 0x00,
  0x00, 0x00, 0x0E, 0x00, 0x00, 0x80, 0x03, 0x80, 0x00, 0x10, 0x00, 0xF0,
  0x00, 0x07, 0x00, 0x3E, 0x00, 0x01, 0xE0, 0x0F, 0xFF, 0xFF, 0xFC, 0x03,
  0xFF, 0xFF, 0xFF, 0xC0, 0xFF, 0xFF, 0xFF, 0xF8, 0x3F, 0xFF, 0xFF, 0xFF,
  0x8F, 0xFF, 0xFF, 0xFF, 0xF3, 0xFF, 0xFF, 0xFF, 0xFE, 0xFF, 0xFF, 0xFF,
  0xFF, 0xFF, 0xFF, 0xFF, 0xFF, 0xC7, 0xFF, 0xFF, 0xFF, 0xE1, 0xFF, 0xFF,
  0xFF, 0xE0, 0x3F, 0xFF, 0xFF, 0xF0, 0x07, 0xFF, 0xFF, 0xF8, 0x00, 0x00,
  0x00, 0x78, 0x00, 0x00, 0x00, 0x1C, 0x00, 0x00, 0x00, 0x04, 0x00, 0x00,
  0x00, 0x02, 0x00, 0x00, 0x00, 0x00, 0x08, 0x00, 0x00, 0x00, 0x01, 0x00,
  0x00, 0x00, 0x00, 0x70, 0x00, 0x00, 0x00, 0x1E, 0x00, 0x1F, 0xFF, 0xFF,
  0xC0, 0x0F, 0xFF, 0xFF, 0xFC, 0x07, 0xFF, 0xFF, 0xFF, 0x81, 0xFF, 0xFF,
  0xFF, 0xF8, 0xFF, 0xFF, 0xFF, 0xFF, 0x3F, 0xFF, 0xFF, 0xFF, 0xEF, 0xFF,
  0xFF, 0xFF, 0xFF, 0xFF, 0xFF, 0xFF, 0xFC, 0xFF, 0xFF, 0xFF, 0xFE, 0x3F,
  0xFF, 0xFF, 0xFE, 0x0F, 0xFF, 0xFF, 0xFF, 0x03, 0xFF, 0xFF, 0xFF, 0x80,
  0xF8, 0x00, 0x07, 0x80, 0x3C, 0x00, 0x01, 0xC0, 0x0E, 0x00, 0x00, 0x40,
  0x03, 0x80, 0x00, 0x20, 0x00, 0xE0, 0x00, 0x00, 0x00, 0x38, 0x00, 0x00,
  0x00, 0x00, 0x04, 0x00, 0x03, 0x00, 0x01, 0x80, 0x00, 0xE0, 0x00, 0x70,
  0x00, 0x3C, 0x03, 0xFF, 0x01, 0xFF, 0x80, 0xFF, 0xE0, 0x7F, 0xF8, 0x3F,
  0xFC, 0x1F, 0xFF, 0x0F, 0xFF, 0x87, 0xFF, 0xE3, 0xFF, 0xF9, 0xFF, 0xFC,
  0xFF, 0xFF, 0x7F, 0xFF, 0xBF, 0xFF, 0xFF, 0xFF, 0xEF, 0xFF, 0xF7, 0xFF,
  0xF3, 0xFF, 0xF1, 0xFF, 0xF8, 0xFF, 0xF8, 0x7F, 0xFC, 0x3F, 0xFC, 0x1F,
  0xFC, 0x0F, 0xFE, 0x07, 0xFE, 0x00, 0x1E, 0x00, 0x0F, 0x00, 0x07, 0x00,
  0x03, 0x80, 0x01, 0x80, 0x00, 0x80, 0x00, 0x40, 0x00, 0x00, 0x00, 0x40,
  0x00, 0x00, 0x00, 0x18, 0x00, 0x00, 0x00, 0x06, 0x00, 0x00, 0x00, 0x01,
  0xC0, 0x00, 0x00, 0x00, 0x78, 0x00, 0x3F, 0xFF, 0xFF, 0x00, 0x0F, 0xFF,
  0xFF, 0xE0, 0x03, 0xFF, 0xFF, 0xFE, 0x00, 0xFF, 0xFF, 0xFF, 0xC0, 0x3F,
  0xFF, 0xFF, 0xFE, 0x0F, 0xFF, 0xFF, 0xFF, 0xE3, 0xFF, 0xFF, 0xFF, 0xFF,
  0xFF, 0xFF, 0xFF, 0xFE, 0x3F, 0xFF, 0xFF, 0xFC, 0x0F, 0xFF, 0xFF, 0xFC,
  0x03, 0xFF, 0xFF, 0xFE, 0x00, 0xFF, 0xFF, 0xFE, 0x00, 0x3F, 0xFF, 0xFF,
  0x00, 0x00, 0x00, 0x07, 0x80, 0x00, 0x00, 0x01, 0xC0, 0x00, 0x00, 0x00,
  0x60, 0x00, 0x00, 0x00, 0x18, 0x00, 0x00, 0x00, 0x04, 0x00, 0x00, 0x00,
  0x01, 0xF8, 0x00, 0x00, 0x01, 0xFC, 0x00, 0x00, 0x01, 0x7C, 0x00, 0x00,
  0x01, 0xBE, 0x00, 0x00, 0x01, 0x9F, 0x00, 0x00, 0x01, 0x8F, 0x80, 0x00,
  0x01, 0x87, 0xC0, 0xFF, 0xFF, 0x83, 0xE0, 0xFF, 0xFF, 0x81, 0xF0, 0xC0,
  0x00, 0x01, 0xF8, 0xC0, 0x00, 0x00, 0xF8, 0xC0, 0x00, 0x00, 0x7C, 0xC0,
  0x00, 0x00, 0x3E, 0xC0, 0x00, 0x00, 0x1F, 0xC0, 0x00, 0x00, 0x3E, 0xC0,
  0x00, 0x00, 0x7C, 0xC0, 0x00, 0x00, 0xF8, 0xC0, 0x00, 0x01, 0xF0, 0xFF,
  0xFF, 0x83, 0xE0, 0xFF, 0xFF, 0x87, 0xE0, 0x00, 0x01, 0x8F, 0xC0, 0x00,
  0x01, 0x8F, 0x80, 0x00, 0x01, 0x9F, 0x00, 0x00, 0x01, 0xBE, 0x00, 0x00,
  0x01, 0x7C, 0x00, 0x00, 0x01, 0xF8, 0x00, 0x00, 0x01, 0xF8, 0x00, 0x00,
  0x01, 0xFC, 0x00, 0x00, 0x01, 0xEC, 0x00, 0x00, 0x01, 0xF6, 0x00, 0x00,
  0x01, 0xF3, 0x00, 0x00, 0x01, 0xF1, 0x80, 0x00, 0x01, 0xF0, 0xC0, 0xFF,
  0xFF, 0xF0, 0x60, 0xFF, 0xFF, 0xF0, 0x30, 0xF8, 0x00, 0x00, 0x38, 0xF8,
  0x00, 0x00, 0x18, 0xF8, 0x00, 0x00, 0x0C, 0xF8, 0x00, 0x00, 0x06, 0xF8,
  0x00, 0x00, 0x03, 0xF8, 0x00, 0x00, 0x06, 0xF8, 0x00, 0x00, 0x0C, 0xF8,
  0x00, 0x00, 0x18, 0xF8, 0x00, 0x00, 0x30, 0xFF, 0xFF, 0xF0, 0x60, 0xFF,
  0xFF, 0xF0, 0xE0, 0x00, 0x01, 0xF1, 0xC0, 0x00, 0x01, 0xF1, 0x80, 0x00,
  0x01, 0xF3, 0x00, 0x00, 0x01, 0xE6, 0x00, 0x00, 0x01, 0xEC, 0x00, 0x00,
  0x01, 0xF8, 0x00, 0x00, 0x00, 0x00, 0x40, 0x00, 0x00, 0x00, 0x70, 0x00,
  0x00, 0x00, 0x24, 0x00, 0x3F, 0xFF, 0xF1, 0x00, 0x30, 0x00, 0x00, 0x40,
  0x30, 0x00, 0x00, 0x18, 0x30, 0x00, 0x00, 0x06, 0x60, 0x00, 0x00, 0x03,
  0x60, 0x00, 0x00, 0x07, 0xE0, 0x00, 0x00, 0x1F, 0xFF, 0xFF, 0xF8, 0x7F,
  0xFF, 0xFF, 0xF1, 0xFF, 0xFF, 0xFF, 0xF3, 0xFF, 0xC7, 0xFF, 0xFF, 0xFF,
  0x83, 0xFF, 0xFF, 0xFE, 0x00, 0x00, 0x07, 0xF8, 0x00, 0x00, 0x03, 0xF0,
  0x00, 0x00, 0x01, 0xC0, 0x00, 0x00, 0x00, 0x80, 0x00, 0x00, 0x00, 0x02,
  0x00, 0x00, 0x00, 0x01, 0xC0, 0x00, 0x00, 0x00, 0xFC, 0x00, 0x00, 0x00,
  0x7F, 0x80, 0x0F, 0xFF, 0xFF, 0xF8, 0x07, 0xFF, 0xFF, 0xFF, 0x83, 0xFF,
  0xFC, 0xFF, 0xF1, 0xFF, 0xFF, 0x1F, 0xFF, 0xFF, 0xFF, 0xE1, 0xFF, 0xE0,
  0x00, 0x00, 0x3F, 0xD8, 0x00, 0x00, 0x03, 0xE6, 0x00, 0x00, 0x00, 0x31,
  0x80, 0x00, 0x00, 0x18, 0x20, 0x00, 0x00, 0x18, 0x0C, 0x00, 0x00, 0x18,
  0x03, 0xFF, 0xFF, 0x18, 0x00, 0x00, 0x00, 0x90, 0x00, 0x00, 0x00, 0x70,
  0x00, 0x00, 0x00, 0x10, 0x00, 0x00, 0x20, 0x00, 0x00, 0x06, 0x00, 0x00,
  0x00, 0xF0, 0x00, 0x00, 0x1F, 0x00, 0x00, 0x03, 0x30, 0x01, 0xFF, 0xE3,
  0x00, 0x20, 0x00, 0x30, 0x04, 0x00, 0x03, 0x00, 0x80, 0x00, 0x38, 0x10,
  0x00, 0x03, 0x82, 0x00, 0x00, 0x18, 0x40, 0x00, 0x01, 0x88, 0x00, 0x00,
  0x39, 0x00, 0x00, 0x0F, 0xE0, 0x00, 0x03, 0xF4, 0x00, 0x01, 0xFC, 0x80,
  0x00, 0x7F, 0x10, 0x00, 0x1F, 0x83, 0xFF, 0xC7, 0xE0, 0x3F, 0xF9, 0xF8,
  0x03, 0xFF, 0x7E, 0x00, 0x3F, 0xFF, 0x80, 0x00, 0x0F, 0xE0, 0x00, 0x01,
  0xF8, 0x00, 0x00, 0x0E, 0x00, 0x00, 0x00, 0x80, 0x00, 0x00, 0x04, 0x00,
  0x00, 0x01, 0xC0, 0x00, 0x00, 0xFC, 0x00, 0x00, 0x1F, 0xC0, 0x01, 0xFF,
  0xFC, 0x00, 0x7F, 0xEF, 0xC0, 0x1F, 0xFC, 0xFC, 0x07, 0xFF, 0x8F, 0xC0,
  0x80, 0x00, 0xFC, 0x10, 0x00, 0x0F, 0xC2, 0x00, 0x00, 0xFE, 0x40, 0x00,
  0x0F, 0xE8, 0x00, 0x00, 0x7F, 0x00, 0x00, 0x07, 0x20, 0x00, 0x00, 0xC4,
  0x00, 0x00, 0x30, 0x80, 0x00, 0x0C, 0x10, 0x00, 0x07, 0x02, 0x00, 0x01,
  0xC0, 0x40, 0x00, 0x60, 0x0F, 0xFF, 0x18, 0x00, 0x00, 0x66, 0x00, 0x00,
  0x0D, 0x80, 0x00, 0x01, 0xE0, 0x00, 0x00, 0x38, 0x00, 0x00, 0x06, 0x00,
  0x00, 0x00, 0x00, 0x08, 0x00, 0x00, 0x00, 0x02, 0x00, 0x00, 0x00, 0x01,
  0x80, 0x00, 0x00, 0x00, 0xA0, 0x00, 0x00, 0x00, 0x48, 0x07, 0xFF, 0xFF,
  0xF3, 0x01, 0x00, 0x00, 0x00, 0xC0, 0xC0, 0x00, 0x00, 0x30, 0x20, 0x00,
  0x00, 0x0C, 0x08, 0x00, 0x00, 0x03, 0x06, 0x00, 0x00, 0x00, 0xC2, 0x00,
  0x00, 0x00, 0x73, 0x00, 0x00, 0x00, 0x71, 0x00, 0x00, 0x00, 0x71, 0x00,
  0x00, 0x00, 0x71, 0xFF, 0xFF, 0xFC, 0xF0, 0xFF, 0xFF, 0xFE, 0xF0, 0x3F,
  0xFF, 0xFE, 0xF0, 0x0F, 0xFF, 0xFF, 0xE0, 0x00, 0x00, 0x00, 0xE0, 0x00,
  0x00, 0x00, 0x60, 0x00, 0x00, 0x00, 0x60, 0x00, 0x00, 0x00, 0x20, 0x00,
  0x00, 0x00, 0x08, 0x00, 0x00, 0x00, 0x04, 0x00, 0x00, 0x00, 0x03, 0x80,
  0x00, 0x00, 0x00, 0xE0, 0x01, 0xFF, 0xFF, 0xF8, 0x01, 0xFF, 0xFF, 0xEE,
  0x01, 0xFF, 0xFF, 0xF3, 0x81, 0xFF, 0xFF, 0xFC, 0xF0, 0x40, 0x00, 0x00,
  0x3C, 0x30, 0x00, 0x00, 0x0F, 0x08, 0x00, 0x00, 0x03, 0xC2, 0x00, 0x00,
  0x00, 0x71, 0x80, 0x00, 0x00, 0x10, 0x80, 0x00, 0x00, 0x10, 0x80, 0x00,
  0x00, 0x30, 0xC0, 0x00, 0x00, 0x30, 0x40, 0x00, 0x00, 0x30, 0x7F, 0xFF,
  0xFF, 0x30, 0x00, 0x00, 0x01, 0x30, 0x00, 0x00, 0x00, 0xA0, 0x00, 0x00,
  0x00, 0x60, 0x00, 0x00, 0x00, 0x20, 0x00, 0x00, 0x00, 0x20, 0x00, 0x00,
  0x7F, 0xC0, 0x00, 0x1F, 0xFF, 0xF0, 0x01, 0xFF, 0xFF, 0xF0, 0x1F, 0xFF,
  0xBF, 0xE0, 0x7F, 0xFE, 0x7F, 0xC3, 0xFF, 0xF8, 0xFF, 0x8F, 0xFF, 0xE1,
  0xFF, 0x00, 0x00, 0x03, 0xFC, 0x00, 0x00, 0x07, 0xF8, 0x00, 0x00, 0x0F,
  0xE0, 0x00, 0x00, 0x1F, 0x80, 0x00, 0x00, 0x3E, 0x00, 0x00, 0x00, 0x7C,
  0x00, 0x00, 0x00, 0xF0, 0x00, 0x00, 0x00, 0xC0, 0x00, 0x00, 0x03, 0x00,
  0x00, 0x00, 0x1C, 0x00, 0x00, 0x00, 0xF0, 0x00, 0x00, 0x07, 0x80, 0x00,
  0x00, 0x3E, 0x00, 0x00, 0x01, 0xF8, 0x00, 0x00, 0x0F, 0xE0, 0x00, 0x00,
  0xFF, 0x3F, 0xFF, 0x87, 0xFC, 0xFF, 0xFE, 0x3F, 0xE3, 0xFF, 0xF9, 0xFF,
  0x07, 0xFF, 0xEF, 0xF8, 0x0F, 0xFF, 0xFF, 0xC0, 0x0F, 0xFF, 0xFC, 0x00,
  0x07, 0xFF, 0x80, 0x00, 0xFF, 0xFC, 0x00, 0x10, 0x02, 0x4C, 0x90, 0x00,
  0xC0, 0x19, 0x36, 0x40, 0x03, 0x00, 0x6C, 0xDA, 0x00, 0x1C, 0x01, 0xB6,
  0x68, 0x00, 0xF0, 0x0E, 0xDB, 0x40, 0x07, 0xC0, 0x37, 0xED, 0x00, 0x3F,
  0x01, 0xDB, 0x74, 0x01, 0xFC, 0x07, 0xFF, 0xFF, 0xFF, 0xF8, 0x36, 0xDD,
  0x00, 0x7F, 0x03, 0x6E, 0xD0, 0x03, 0xF0, 0x37, 0x6D, 0x00, 0x1E, 0x03,
  0xB6, 0xC8, 0x00, 0xE0, 0x13, 0x64, 0x80, 0x06, 0x01, 0x22, 0x48, 0x00,
  0x60, 0x1F, 0xFF, 0x80, 0x02, 0x00, 0x00, 0x80, 0x00, 0x00, 0x06, 0x00,
  0x00, 0x00, 0x38, 0x00, 0x00, 0x01, 0xE0, 0x00, 0x00, 0x0F, 0xC0, 0x00,
  0x00, 0x7F, 0x00, 0x00, 0x03, 0xFE, 0x00, 0x00, 0x1F, 0xF8, 0x00, 0x00,
  0x7F, 0xC0, 0x00, 0x78, 0xFE, 0x00, 0x3F, 0xE3, 0xF0, 0x00, 0xFF, 0xCF,
  0x80, 0x03, 0xFF, 0x1C, 0x00, 0x07, 0xFE, 0x60, 0x00, 0x1F, 0xFD, 0x00,
  0x80, 0x7F, 0xFC, 0x04, 0x00, 0xFF, 0xB8, 0x60, 0x03, 0x80, 0xE3, 0x80,
  0x00, 0x03, 0x9C, 0x00, 0x00, 0x07, 0xE0, 0x00, 0x00, 0x1F, 0x00, 0x00,
  0x01, 0xFC, 0x00, 0x00, 0x1F, 0xE0, 0x00, 0x01, 0xFF, 0x00, 0x00, 0x18,
  0x00, 0xFF, 0xFE, 0x00, 0x40, 0x3F, 0xFF, 0x80, 0x30, 0x0F, 0xFF, 0xE0,
  0x0C, 0x03, 0xFF, 0xF8, 0x07, 0x80, 0xFF, 0xFE, 0x03, 0xE0, 0x00, 0x0F,
  0xFF, 0xF8, 0x00, 0x01, 0xFF, 0xFE, 0x1F, 0xFF, 0xC0, 0x7C, 0x1F, 0xFF,
  0xC0, 0x3C, 0x0F, 0xFF, 0xC0, 0x1C, 0x0F, 0xFF, 0xC0, 0x0C, 0x0F, 0xFF,
  0xE0, 0x0C, 0x0F, 0xFF, 0xE0, 0x04, 0x00, 0x00, 0x00, 0x18, 0x00, 0x00,
  0x00, 0x7F, 0xC0, 0x00, 0x01, 0xFE, 0x00, 0x00, 0x07, 0xF0, 0x00, 0x00,
  0x1F, 0x00, 0x00, 0x01, 0xF8, 0x00, 0x00, 0x39, 0xC0, 0x0F, 0x03, 0x8E,
  0x00, 0xFF, 0xB8, 0x60, 0x1F, 0xFF, 0x01, 0x01, 0xFF, 0xD0, 0x08, 0x1F,
  0xF9, 0x80, 0x03, 0xFF, 0x1C, 0x00, 0x3F, 0xF3, 0xE0, 0x03, 0xFE, 0x3F,
  0x00, 0x01, 0xE3, 0xF8, 0x00, 0x00, 0x7F, 0xC0, 0x00, 0x07, 0xFE, 0x00,
  0x00, 0x3F, 0xE0, 0x00, 0x01, 0xFC, 0x00, 0x00, 0x0F, 0xC0, 0x00, 0x00,
  0x78, 0x00, 0x00, 0x03, 0x80, 0x00, 0x00, 0x18, 0x00, 0x00, 0x01, 0x00,
  0x00, 0x00, 0x00, 0x80, 0x00, 0x00, 0x01, 0xE0, 0x00, 0x00, 0x01, 0xF0,
  0x00, 0x00, 0x01, 0xF8, 0x00, 0x00, 0x01, 0xFE, 0x00, 0x00, 0x01, 0xFF,
  0x00, 0x00, 0x01, 0xFF, 0x80, 0x00, 0x01, 0xFF, 0xC0, 0x00, 0x0F, 0xFF,
  0xE0, 0x00, 0x3F, 0xFF, 0xE0, 0x00, 0x7F, 0xFF, 0xE0, 0x00, 0xFF, 0xFF,
  0xE0, 0x00, 0x7F, 0xFF, 0xE0, 0x00, 0x3F, 0xFF, 0xC0, 0x00, 0x0F, 0xFF,
  0xC0, 0x00, 0x07, 0xFF, 0xE0, 0x08, 0x01, 0xFF, 0xF8, 0x18, 0x00, 0xFE,
  0x3C, 0x18, 0x00, 0x70, 0x0E, 0x3C, 0x00, 0x00, 0x07, 0x3C, 0x00, 0x00,
  0x01, 0xFC, 0x00, 0x00, 0x00, 0xFC, 0x00, 0x00, 0x00, 0xFE, 0x00, 0x00,
  0x01, 0xFE, 0x00, 0x00, 0x03, 0xFE, 0x00, 0x00, 0x07, 0xFF, 0x00, 0x00,
  0x0C, 0x00, 0xFF, 0xF8, 0x00, 0x20, 0x07, 0xFF, 0xE0, 0x00, 0x80, 0x3F,
  0xFF, 0x80, 0x06, 0x01, 0xFF, 0xFE, 0x00, 0x38, 0x07, 0xFF, 0xF0, 0x01,
  0xF0, 0x3F, 0xFF, 0xC0, 0x0F, 0xC0, 0xFF, 0xFF, 0x00, 0x3F, 0x83, 0xFF,
  0xFF, 0xFF, 0xFF, 0x1F, 0xFF, 0xFF, 0xFF, 0xF1, 0xFF, 0xFC, 0x00, 0x7F,
  0x1F, 0xFF, 0xE0, 0x07, 0xE0, 0xFF, 0xFE, 0x00, 0x3E, 0x0F, 0xFF, 0xF0,
  0x01, 0xC0, 0x7F, 0xFF, 0x00, 0x0C, 0x03, 0xFF, 0xF0, 0x00, 0x40, 0x00,
  0x00, 0x00, 0x04, 0x00, 0x00, 0x00, 0x08, 0x00, 0x00, 0x00, 0x07, 0xFF,
  0x00, 0x00, 0x03, 0xFF, 0x00, 0x00, 0x03, 0xFE, 0x00, 0x00, 0x00, 0xFE,
  0x00, 0x00, 0x00, 0x7C, 0x00, 0x00, 0x01, 0xFC, 0x00, 0x00, 0x07, 0xBC,
  0x00, 0x30, 0x0E, 0x3C, 0x00, 0xFE, 0x3C, 0x18, 0x01, 0xFF, 0xF8, 0x18,
  0x07, 0xFF, 0xF0, 0x08, 0x0F, 0xFF, 0xC0, 0x08, 0x1F, 0xFF, 0xC0, 0x00,
  0x7F, 0xFF, 0xE0, 0x00, 0xFF, 0xFF, 0xE0, 0x00, 0x7F, 0xFF, 0xE0, 0x00,
  0x3F, 0xFF, 0xE0, 0x00, 0x0F, 0xFF, 0xE0, 0x00, 0x01, 0xFF, 0xC0, 0x00,
  0x01, 0xFF, 0x80, 0x00, 0x01, 0xFF, 0x00, 0x00, 0x01, 0xFE, 0x00, 0x00,
  0x01, 0xF8, 0x00, 0x00, 0x01, 0xF0, 0x00, 0x00, 0x01, 0xE0, 0x00, 0x00,
  0x00, 0x80, 0x00, 0x00, 0x00, 0x00, 0x1E, 0x00, 0x00, 0x00, 0x7E, 0x00,
  0x00, 0x00, 0xFE, 0x00, 0x00, 0x01, 0xFC, 0x00, 0x00, 0x03, 0xFC, 0x00,
  0x00, 0x07, 0xFC, 0x0F, 0xE0, 0x03, 0xFC, 0x3F, 0xFC, 0x00, 0x3C, 0xFF,
  0xFF, 0xC0, 0x1D, 0xFF, 0xFF, 0xFF, 0xFF, 0xFF, 0xFF, 0x80, 0x73, 0xFF,
  0xF0, 0x03, 0xC7, 0xFE, 0x00, 0xFF, 0x07, 0xC0, 0x03, 0xFC, 0x00, 0x00,
  0x0F, 0xF0, 0x00, 0x00, 0x1F, 0xC0, 0x00, 0x00, 0x3F, 0x80, 0x00, 0x00,
  0x7E, 0x00, 0x00, 0x00, 0x78, 0x00, 0x00, 0x00, 0x01, 0x00, 0x00, 0x00,
  0x01, 0xC0, 0x00, 0xE0, 0x01, 0xE0, 0x01, 0xFC, 0x00, 0xF8, 0x01, 0xFF,
  0x00, 0x7E, 0x00, 0xFF, 0xE0, 0x3F, 0x00, 0xFF, 0xF8, 0x1F, 0xE0, 0x7F,
  0xFE, 0x07, 0xF8, 0x7F, 0xFF, 0xC1, 0xFE, 0x7F, 0xFF, 0xFF, 0xFF, 0xDF,
  0xFF, 0xF0, 0x7F, 0xC7, 0xFF, 0xE0, 0x7F, 0x83, 0xFF, 0xE0, 0x7F, 0x80,
  0xFF, 0xE0, 0x3F, 0x80, 0x7F, 0xC0, 0x1F, 0x80, 0x1F, 0xC0, 0x0F, 0x80,
  0x03, 0x80, 0x07, 0x80, 0x00, 0x00, 0x01, 0xC0, 0x00, 0x00, 0x00, 0x40,
  0x00, 0x3F, 0xE0, 0x00, 0x20, 0x0F, 0xFF, 0xC0, 0x07, 0x80, 0xFF, 0xFE,
  0x00, 0xFC, 0x0F, 0xFF, 0xE0, 0x07, 0xE0, 0x7F, 0xFF, 0x00, 0x7F, 0x07,
  0xFF, 0xFC, 0x07, 0xF8, 0x3F, 0xFF, 0xF0, 0xFF, 0xC3, 0xFF, 0xFF, 0xFF,
  0xFE, 0x1F, 0xFF, 0xFF, 0xFF, 0xF1, 0xFF, 0xFF, 0xFF, 0xFF, 0x1F, 0xFF,
  0xFF, 0xFF, 0xF3, 0xFF, 0xFF, 0xFF, 0xFE, 0x3F, 0xFF, 0xE0, 0x7F, 0xC7,
  0xFF, 0xF8, 0x07, 0xF8, 0x7F, 0xFF, 0x00, 0x7F, 0x0F, 0xFF, 0xE0, 0x07,
  0xE0, 0xFF, 0xFC, 0x00, 0xFC, 0x0F, 0xFF, 0x80, 0x07, 0x80, 0x3F, 0xFC,
  0x00, 0x20, 0x07, 0xFF, 0xF8, 0x03, 0xC0, 0x3F, 0xFF, 0xE0, 0x1F, 0x01,
  0xFF, 0xFF, 0x01, 0xFC, 0x0F, 0xFF, 0xFC, 0x07, 0xF0, 0x3F, 0xFF, 0xF0,
  0x3F, 0xC1, 0xFF, 0xFF, 0xC1, 0xFF, 0x07, 0xFF, 0xFE, 0x0F, 0xF8, 0x3F,
  0xFF, 0xFF, 0xFF, 0xE0, 0xFF, 0xFF, 0xFF, 0xFF, 0x87, 0xFF, 0xFF, 0xFF,
  0xFE, 0x3F, 0xFF, 0xFF, 0xFF, 0xF1, 0xFF, 0xFF, 0xFF, 0xFF, 0x9F, 0xFF,
  0xFF, 0xFF, 0xF8, 0xFF, 0xFF, 0xE1, 0xFF, 0x8F, 0xFF, 0xFE, 0x0F, 0xF8,
  0x7F, 0xFF, 0xE0, 0x7F, 0x83, 0xFF, 0xFE, 0x03, 0xF8, 0x3F, 0xFF, 0xF0,
  0x1F, 0x81, 0xFF, 0xFF, 0x01, 0xF8, 0x0F, 0xFF, 0xF0, 0x07, 0x80, 0x3F,
  0xFF, 0x00, 0x38, 0x00, 0x00, 0x01, 0xC3, 0x80, 0x00, 0x00, 0x1C, 0x38,
  0x00, 0x00, 0x01, 0xC3, 0x80, 0x00, 0x00, 0x0E, 0x38, 0x00, 0x00, 0x00,
  0xE3, 0x80, 0x00, 0x00, 0x0E, 0x38, 0x00, 0x00, 0x00, 0xE3, 0x87, 0xFF,
  0xFF, 0xFE, 0x38, 0xFF, 0xFF, 0xFF, 0xE3, 0x80, 0x00, 0x00, 0x02, 0x38,
  0x00, 0x00, 0x00, 0x03, 0x80, 0x00, 0x00, 0x08, 0xEF, 0xFF, 0xFF, 0xFE,
  0x39, 0xFF, 0xFF, 0xFF, 0x8E, 0x00, 0x00, 0x00, 0xE3, 0x80, 0x00, 0x00,
  0x38, 0xE0, 0x00, 0x00, 0x0E, 0x38, 0x00, 0x00, 0x03, 0x8E, 0x00, 0x00,
  0x01, 0xC3, 0x80, 0x00, 0x00, 0xF1, 0xE0, 0x00
 };

const GFXglyph NotoSansSymbols2_Regular_SymBmp4_20pt16bGlyphs[] PROGMEM = {
// bmpOff,   w,   h,xAdv, xOff, yOff      range 0 (0x270e - 0x27bf)
  {     0,  35,  25,  39,    2,  -24 },   // 0x270E uni270E  (#0)
  {   110,  36,  17,  40,    2,  -21 },   // 0x270F uni270F  (#1)
  {   187,  35,  25,  39,    2,  -24 },   // 0x2710 uni2710  (#2)
  {   297,  36,  17,  40,    2,  -18 },   // 0x2711 uni2711  (#3)
  {   374,  36,  17,  40,    2,  -17 },   // 0x2712 uni2712  (#4)
  {   451,  28,  30,  32,    2,  -27 },   // 0x2713 uni2713  (#5)
  {   556,  32,  30,  36,    2,  -26 },   // 0x2714 uni2714  (#6)
  {   676,  30,  30,  34,    2,  -26 },   // 0x2715 uni2715  (#7)
  {   789,  29,  29,  33,    2,  -24 },   // 0x2716 uni2716  (#8)
  {   895,  22,  29,  26,    2,  -23 },   // 0x2717 uni2717  (#9)
  {   975,  26,  31,  30,    2,  -25 },   // 0x2718 uni2718  (#10)
  {  1076,  29,  28,  33,    2,  -27 },   // 0x2719 uni2719  (#11)
  {  1178,  29,  28,  33,    2,  -27 },   // 0x271A uni271A  (#12)
  {  1280,  29,  29,  33,    2,  -28 },   // 0x271B uni271B  (#13)
  {  1386,  29,  29,  33,    2,  -28 },   // 0x271C uni271C  (#14)
  {     0,   0,   0,   0,    0,    0 },   // 0x271D   (#15)
  {     0,   0,   0,   0,    0,    0 },   // 0x271E   (#16)
  {     0,   0,   0,   0,    0,    0 },   // 0x271F   (#17)
  {     0,   0,   0,   0,    0,    0 },   // 0x2720   (#18)
  {     0,   0,   0,   0,    0,    0 },   // 0x2721   (#19)
  {  1492,  30,  30,  34,    2,  -27 },   // 0x2722 uni2722  (#20)
  {  1605,  30,  30,  34,    2,  -28 },   // 0x2723 uni2723  (#21)
  {  1718,  30,  30,  34,    2,  -27 },   // 0x2724 uni2724  (#22)
  {  1831,  30,  30,  34,    2,  -27 },   // 0x2725 uni2725  (#23)
  {  1944,  30,  30,  34,    2,  -27 },   // 0x2726 uni2726  (#24)
  {  2057,  30,  30,  34,    2,  -27 },   // 0x2727 uni2727  (#25)
  {     0,   0,   0,   0,    0,    0 },   // 0x2728   (#26)
  {  2170,  36,  35,  40,    2,  -32 },   // 0x2729 uni2729  (#27)
  {  2328,  28,  29,  32,    2,  -28 },   // 0x272A uni272A  (#28)
  {  2430,  32,  30,  35,    2,  -30 },   // 0x272B uni272B  (#29)
  {  2550,  31,  30,  35,    2,  -30 },   // 0x272C uni272C  (#30)
  {  2667,  32,  31,  36,    2,  -31 },   // 0x272D uni272D  (#31)
  {  2791,  31,  31,  35,    2,  -30 },   // 0x272E uni272E  (#32)
  {  2912,  31,  30,  35,    2,  -30 },   // 0x272F uni272F  (#33)
  {  3029,  32,  28,  36,    2,  -27 },   // 0x2730 uni2730  (#34)
  {  3141,  26,  27,  30,    2,  -26 },   // 0x2731 uni2731  (#35)
  {  3229,  27,  29,  31,    2,  -27 },   // 0x2732 uni2732  (#36)
  {  3327,  29,  29,  33,    2,  -27 },   // 0x2733 uni2733  (#37)
  {  3433,  30,  30,  34,    2,  -28 },   // 0x2734 uni2734  (#38)
  {  3546,  30,  31,  34,    2,  -29 },   // 0x2735 uni2735  (#39)
  {  3663,  27,  31,  31,    2,  -29 },   // 0x2736 uni2736  (#40)
  {  3768,  30,  30,  34,    2,  -28 },   // 0x2737 uni2737  (#41)
  {  3881,  29,  29,  33,    2,  -28 },   // 0x2738 uni2738  (#42)
  {  3987,  30,  30,  34,    2,  -28 },   // 0x2739 uni2739  (#43)
  {  4100,  28,  28,  32,    2,  -25 },   // 0x273A uni273A  (#44)
  {  4198,  25,  28,  29,    2,  -25 },   // 0x273B uni273B  (#45)
  {  4286,  25,  28,  29,    2,  -25 },   // 0x273C uni273C  (#46)
  {  4374,  25,  28,  29,    2,  -25 },   // 0x273D uni273D  (#47)
  {  4462,  27,  30,  31,    2,  -26 },   // 0x273E uni273E  (#48)
  {  4564,  29,  28,  33,    2,  -26 },   // 0x273F uni273F  (#49)
  {  4666,  31,  30,  35,    2,  -27 },   // 0x2740 uni2740  (#50)
  {  4783,  31,  31,  35,    2,  -27 },   // 0x2741 uni2741  (#51)
  {  4904,  28,  28,  32,    2,  -27 },   // 0x2742 uni2742  (#52)
  {  5002,  25,  29,  29,    2,  -26 },   // 0x2743 uni2743  (#53)
  {  5093,  26,  29,  30,    2,  -26 },   // 0x2744 uni2744  (#54)
  {  5188,  25,  28,  29,    2,  -25 },   // 0x2745 uni2745  (#55)
  {  5276,  24,  27,  28,    2,  -25 },   // 0x2746 uni2746  (#56)
  {  5357,  27,  27,  31,    2,  -25 },   // 0x2747 uni2747  (#57)
  {  5449,  27,  27,  31,    2,  -25 },   // 0x2748 uni2748  (#58)
  {  5541,  26,  29,  30,    2,  -26 },   // 0x2749 uni2749  (#59)
  {  5636,  30,  30,  34,    2,  -26 },   // 0x274A uni274A  (#60)
  {  5749,  30,  30,  33,    2,  -27 },   // 0x274B uni274B  (#61)
  {     0,   0,   0,   0,    0,    0 },   // 0x274C   (#62)
  {  5862,  33,  30,  37,    2,  -27 },   // 0x274D uni274D  (#63)
  {     0,   0,   0,   0,    0,    0 },   // 0x274E   (#64)
  {  5986,  28,  28,  32,    2,  -25 },   // 0x274F uni274F  (#65)
  {  6084,  28,  28,  32,    2,  -25 },   // 0x2750 uni2750  (#66)
  {  6182,  28,  28,  32,    2,  -25 },   // 0x2751 uni2751  (#67)
  {  6280,  28,  28,  32,    2,  -25 },   // 0x2752 uni2752  (#68)
  {  6378,  19,  29,  23,    2,  -28 },   // 0x2753 uni2753  (#69)
  {     0,   0,   0,   0,    0,    0 },   // 0x2754   (#70)
  {     0,   0,   0,   0,    0,    0 },   // 0x2755   (#71)
  {  6447,  39,  40,  43,    2,  -33 },   // 0x2756 uni2756  (#72)
  {  6642,   9,  28,  13,    2,  -27 },   // 0x2757 uni2757  (#73)
  {  6674,   4,  35,   8,    2,  -30 },   // 0x2758 uni2758  (#74)
  {  6692,  10,  35,  14,    2,  -30 },   // 0x2759 uni2759  (#75)
  {  6736,  15,  35,  19,    2,  -30 },   // 0x275A uni275A  (#76)
  {  6802,  13,  19,  17,    2,  -29 },   // 0x275B uni275B  (#77)
  {  6833,  13,  18,  17,    2,  -28 },   // 0x275C uni275C  (#78)
  {  6863,  26,  19,  30,    2,  -29 },   // 0x275D uni275D  (#79)
  {  6925,  26,  18,  30,    2,  -28 },   // 0x275E uni275E  (#80)
  {  6984,  13,  18,  17,    2,  -11 },   // 0x275F uni275F  (#81)
  {  7014,  26,  18,  30,    2,  -11 },   // 0x2760 uni2760  (#82)
  {  7073,  25,  36,  29,    2,  -30 },   // 0x2761 uni2761  (#83)
  {  7186,  19,  31,  23,    2,  -28 },   // 0x2762 uni2762  (#84)
  {  7260,  21,  28,  25,    2,  -26 },   // 0x2763 uni2763  (#85)
  {  7334,  34,  26,  38,    2,  -23 },   // 0x2764 uni2764  (#86)
  {  7445,  24,  30,  28,    2,  -28 },   // 0x2765 uni2765  (#87)
  {  7535,  27,  32,  31,    2,  -26 },   // 0x2766 uni2766  (#88)
  {  7643,  32,  27,  36,    2,  -23 },   // 0x2767 uni2767  (#89)
  {  7751,  14,  33,  18,    2,  -30 },   // 0x2768 uni2768  (#90)
  {  7809,  14,  33,  18,    2,  -30 },   // 0x2769 uni2769  (#91)
  {  7867,  12,  34,  16,    2,  -30 },   // 0x276A uni276A  (#92)
  {  7918,  12,  34,  16,    2,  -30 },   // 0x276B uni276B  (#93)
  {  7969,  10,  34,  14,    2,  -30 },   // 0x276C uni276C  (#94)
  {  8012,  10,  34,  14,    2,  -30 },   // 0x276D uni276D  (#95)
  {  8055,  18,  34,  22,    2,  -30 },   // 0x276E uni276E  (#96)
  {  8132,  18,  34,  22,    2,  -30 },   // 0x276F uni276F  (#97)
  {  8209,  15,  34,  19,    2,  -30 },   // 0x2770 uni2770  (#98)
  {  8273,  15,  34,  19,    2,  -30 },   // 0x2771 uni2771  (#99)
  {  8337,   8,  36,  12,    2,  -31 },   // 0x2772 uni2772  (#100)
  {  8373,   8,  36,  12,    2,  -31 },   // 0x2773 uni2773  (#101)
  {  8409,  12,  34,  16,    2,  -30 },   // 0x2774 uni2774  (#102)
  {  8460,  12,  34,  16,    2,  -30 },   // 0x2775 uni2775  (#103)
  {     0,   0,   0,   0,    0,    0 },   // 0x2776   (#104)
  {     0,   0,   0,   0,    0,    0 },   // 0x2777   (#105)
  {     0,   0,   0,   0,    0,    0 },   // 0x2778   (#106)
  {     0,   0,   0,   0,    0,    0 },   // 0x2779   (#107)
  {     0,   0,   0,   0,    0,    0 },   // 0x277A   (#108)
  {     0,   0,   0,   0,    0,    0 },   // 0x277B   (#109)
  {     0,   0,   0,   0,    0,    0 },   // 0x277C   (#110)
  {     0,   0,   0,   0,    0,    0 },   // 0x277D   (#111)
  {     0,   0,   0,   0,    0,    0 },   // 0x277E   (#112)
  {     0,   0,   0,   0,    0,    0 },   // 0x277F   (#113)
  {     0,   0,   0,   0,    0,    0 },   // 0x2780   (#114)
  {     0,   0,   0,   0,    0,    0 },   // 0x2781   (#115)
  {     0,   0,   0,   0,    0,    0 },   // 0x2782   (#116)
  {     0,   0,   0,   0,    0,    0 },   // 0x2783   (#117)
  {     0,   0,   0,   0,    0,    0 },   // 0x2784   (#118)
  {     0,   0,   0,   0,    0,    0 },   // 0x2785   (#119)
  {     0,   0,   0,   0,    0,    0 },   // 0x2786   (#120)
  {     0,   0,   0,   0,    0,    0 },   // 0x2787   (#121)
  {     0,   0,   0,   0,    0,    0 },   // 0x2788   (#122)
  {     0,   0,   0,   0,    0,    0 },   // 0x2789   (#123)
  {     0,   0,   0,   0,    0,    0 },   // 0x278A   (#124)
  {     0,   0,   0,   0,    0,    0 },   // 0x278B   (#125)
  {     0,   0,   0,   0,    0,    0 },   // 0x278C   (#126)
  {     0,   0,   0,   0,    0,    0 },   // 0x278D   (#127)
  {     0,   0,   0,   0,    0,    0 },   // 0x278E   (#128)
  {     0,   0,   0,   0,    0,    0 },   // 0x278F   (#129)
  {     0,   0,   0,   0,    0,    0 },   // 0x2790   (#130)
  {     0,   0,   0,   0,    0,    0 },   // 0x2791   (#131)
  {     0,   0,   0,   0,    0,    0 },   // 0x2792   (#132)
  {     0,   0,   0,   0,    0,    0 },   // 0x2793   (#133)
  {  8511,  33,  24,  37,    2,  -23 },   // 0x2794 uni2794  (#134)
  {     0,   0,   0,   0,    0,    0 },   // 0x2795   (#135)
  {     0,   0,   0,   0,    0,    0 },   // 0x2796   (#136)
  {     0,   0,   0,   0,    0,    0 },   // 0x2797   (#137)
  {  8610,  28,  22,  32,    2,  -22 },   // 0x2798 uni2798  (#138)
  {  8687,  35,  17,  39,    2,  -19 },   // 0x2799 uni2799  (#139)
  {  8762,  28,  22,  32,    2,  -22 },   // 0x279A uni279A  (#140)
  {  8839,  35,  16,  39,    2,  -19 },   // 0x279B uni279B  (#141)
  {  8909,  35,  26,  39,    2,  -24 },   // 0x279C uni279C  (#142)
  {  9023,  35,  19,  39,    2,  -20 },   // 0x279D uni279D  (#143)
  {  9107,  35,  19,  39,    2,  -20 },   // 0x279E uni279E  (#144)
  {  9191,  32,  18,  36,    2,  -20 },   // 0x279F uni279F  (#145)
  {  9263,  34,  22,  38,    2,  -22 },   // 0x27A0 uni27A0  (#146)
  {  9357,  32,  21,  36,    2,  -21 },   // 0x27A1 uni27A1  (#147)
  {  9441,  35,  24,  39,    2,  -23 },   // 0x27A2 uni27A2  (#148)
  {  9546,  35,  24,  39,    2,  -23 },   // 0x27A3 uni27A3  (#149)
  {  9651,  35,  28,  39,    2,  -25 },   // 0x27A4 uni27A4  (#150)
  {  9774,  34,  22,  38,    2,  -25 },   // 0x27A5 uni27A5  (#151)
  {  9868,  34,  22,  38,    2,  -23 },   // 0x27A6 uni27A6  (#152)
  {  9962,  17,  37,  21,    2,  -29 },   // 0x27A7 uni27A7  (#153)
  { 10041,  34,  23,  38,    2,  -22 },   // 0x27A8 uni27A8  (#154)
  { 10139,  32,  26,  36,    2,  -24 },   // 0x27A9 uni27A9  (#155)
  { 10243,  32,  26,  36,    2,  -24 },   // 0x27AA uni27AA  (#156)
  { 10347,  33,  19,  37,    2,  -18 },   // 0x27AB uni27AB  (#157)
  { 10426,  33,  19,  37,    2,  -18 },   // 0x27AC uni27AC  (#158)
  { 10505,  27,  26,  31,    2,  -22 },   // 0x27AD uni27AD  (#159)
  { 10593,  27,  26,  31,    2,  -23 },   // 0x27AE uni27AE  (#160)
  { 10681,  33,  23,  37,    2,  -22 },   // 0x27AF uni27AF  (#161)
  {     0,   0,   0,   0,    0,    0 },   // 0x27B0   (#162)
  { 10776,  33,  23,  37,    2,  -22 },   // 0x27B1 uni27B1  (#163)
  { 10871,  30,  30,  34,    2,  -26 },   // 0x27B2 uni27B2  (#164)
  { 10984,  37,  16,  41,    2,  -19 },   // 0x27B3 uni27B3  (#165)
  { 11058,  29,  25,  33,    2,  -26 },   // 0x27B4 uni27B4  (#166)
  { 11149,  33,  13,  37,    2,  -17 },   // 0x27B5 uni27B5  (#167)
  { 11203,  29,  25,  33,    2,  -26 },   // 0x27B6 uni27B6  (#168)
  { 11294,  32,  27,  36,    2,  -26 },   // 0x27B7 uni27B7  (#169)
  { 11402,  37,  16,  41,    2,  -19 },   // 0x27B8 uni27B8  (#170)
  { 11476,  32,  27,  36,    2,  -26 },   // 0x27B9 uni27B9  (#171)
  { 11584,  31,  19,  35,    2,  -20 },   // 0x27BA uni27BA  (#172)
  { 11658,  33,  19,  37,    2,  -20 },   // 0x27BB uni27BB  (#173)
  { 11737,  36,  18,  40,    2,  -20 },   // 0x27BC uni27BC  (#174)
  { 11818,  37,  22,  41,    2,  -22 },   // 0x27BD uni27BD  (#175)
  { 11920,  35,  20,  39,    2,  -21 },   // 0x27BE uni27BE  (#176)
  {     0,   0,   0,   0,    0,    0 } }; // 0x27BF   (#177)

const GFXfont NotoSansSymbols2_Regular_SymBmp4_20pt16b PROGMEM = {
  (uint8_t  *)NotoSansSymbols2_Regular_SymBmp4_20pt16bBitmaps,
  (GFXglyph *)NotoSansSymbols2_Regular_SymBmp4_20pt16bGlyphs,
  0x270E, // first
  0x27BF, // last
  50   //height
 };

// Approx. 13261 bytes

// /tmp/fontconvert_pinned -f /home/user/qmk_firmware/keyboards/polykybd/fonts/Noto_Sans_Symbols_2/NotoSansSymbols2-Regular.ttf -s 20 -v _SymBmp5_ -r 50 9993 9993 
// Visualize your font via https://tchapi.github.io/Adafruit-GFX-Font-Customiser

/* num ranges: 1 */
const uint8_t NotoSansSymbols2_Regular_SymBmp5_20pt16bBitmaps[] PROGMEM = {
  /* range 0 (0x2709 - 0x2709): */  0xFF, 0xFF, 0xFF, 0xFF, 0xFE, 0x00, 0x00, 0x00, 0x00, 0x3E, 0x00, 0x00,
  0x00, 0x01, 0xEC, 0x00, 0x00, 0x00, 0x0D, 0x98, 0x00, 0x00, 0x00, 0x46,
  0x10, 0x00, 0x00, 0x06, 0x18, 0x30, 0x00, 0x00, 0x30, 0x60, 0x60, 0x00,
  0x01, 0x81, 0x80, 0xC0, 0x70, 0x08, 0x06, 0x00, 0x83, 0xF0, 0xC0, 0x18,
  0x01, 0x9F, 0xE6, 0x00, 0x60, 0x03, 0xFF, 0xF0, 0x01, 0x80, 0x07, 0xFF,
  0x00, 0x06, 0x00, 0x0F, 0xFC, 0x00, 0x18, 0x00, 0x3F, 0xF0, 0x00, 0x60,
  0x03, 0xFF, 0xE0, 0x01, 0x80, 0x1B, 0xFE, 0x60, 0x06, 0x00, 0xC7, 0xF0,
  0xC0, 0x18, 0x04, 0x07, 0x81, 0x80, 0x60, 0x60, 0x00, 0x01, 0x01, 0x83,
  0x00, 0x00, 0x03, 0x06, 0x18, 0x00, 0x00, 0x06, 0x18, 0x80, 0x00, 0x00,
  0x0C, 0x6C, 0x00, 0x00, 0x00, 0x09, 0xE0, 0x00, 0x00, 0x00, 0x1F, 0x00,
  0x00, 0x00, 0x00, 0x3F, 0xFF, 0xFF, 0xFF, 0xFF, 0xC0
 };

const GFXglyph NotoSansSymbols2_Regular_SymBmp5_20pt16bGlyphs[] PROGMEM = {
// bmpOff,   w,   h,xAdv, xOff, yOff      range 0 (0x2709 - 0x2709)
  {     0,  38,  27,  46,    4,  -25 } }; // 0x2709 uni2709  (#0)

const GFXfont NotoSansSymbols2_Regular_SymBmp5_20pt16b PROGMEM = {
  (uint8_t  *)NotoSansSymbols2_Regular_SymBmp5_20pt16bBitmaps,
  (GFXglyph *)NotoSansSymbols2_Regular_SymBmp5_20pt16bGlyphs,
  0x2709, // first
  0x2709, // last
  50   //height
 };

// Approx. 143 bytes

// /tmp/fontconvert_pinned -f /home/user/qmk_firmware/keyboards/polykybd/fonts/Noto_Sans_Symbols_2/NotoSansSymbols2-Regular.ttf -s 20 -v _SymBmp6_ -r 50 9885 9967 
// Visualize your font via https://tchapi.github.io/Adafruit-GFX-Font-Customiser

/* num ranges: 1 */
const uint8_t NotoSansSymbols2_Regular_SymBmp6_20pt16bBitmaps[] PROGMEM = {
  /* range 0 (0x269d - 0x26ef): */  0x30, 0x00, 0x00, 0x1F, 0x00, 0x00, 0x03, 0xE0, 0x00, 0x00, 0x7E, 0x00,
  0x00, 0x0F, 0xC0, 0x00, 0x00, 0xF8, 0x00, 0x00, 0x1F, 0x80, 0x00, 0x01,
  0xF0, 0x00, 0x00, 0x3E, 0x80, 0x00, 0x07, 0x80, 0x00, 0x00, 0x40, 0x00,
  0x00, 0x00, 0x00, 0x00, 0x07, 0xFF, 0xFF, 0xFB, 0xFF, 0xFF, 0xFC, 0x00,
  0x00, 0x00, 0x00, 0x00, 0x00, 0x00, 0x00, 0x01, 0x80, 0x00, 0x03, 0xE0,
  0x00, 0x07, 0xC0, 0x00, 0x1F, 0x80, 0x00, 0x3E, 0x00, 0x00, 0x7C, 0x00,
  0x01, 0xF8, 0x00, 0x03, 0xE0, 0x00, 0x0F, 0xC0, 0x00, 0x0F, 0x80, 0x00,
  0x02, 0x00, 0x00, 0x00, 0x00, 0x00, 0x0C, 0x00, 0x00, 0x1F, 0x00, 0x00,
  0x7E, 0x00, 0x00, 0xF8, 0x00, 0x01, 0xF0, 0x00, 0x07, 0xE0, 0x00, 0x0F,
  0x80, 0x00, 0x3F, 0x00, 0x00, 0x7E, 0x00, 0x00, 0x78, 0x00, 0x00, 0x10,
  0x00, 0x00, 0x00, 0x00, 0x00, 0x00, 0x00, 0x00, 0x03, 0xFF, 0xFF, 0xFD,
  0xFF, 0xFF, 0xFE, 0x00, 0x00, 0x00, 0x00, 0x00, 0x00, 0x20, 0x00, 0x00,
  0x3C, 0x00, 0x00, 0x0F, 0xC0, 0x00, 0x00, 0xF8, 0x00, 0x00, 0x1F, 0x80,
  0x00, 0x01, 0xF0, 0x00, 0x00, 0x3E, 0x00, 0x00, 0x07, 0xE0, 0x00, 0x00,
  0x7C, 0x00, 0x00, 0x0F, 0x80, 0x00, 0x01, 0x80, 0x00, 0x00, 0x80, 0x00,
  0x00, 0x01, 0x80, 0x00, 0x00, 0x01, 0x80, 0x00, 0x00, 0x03, 0xC0, 0x00,
  0x00, 0x03, 0xC0, 0x00, 0x00, 0x06, 0x60, 0x00, 0x00, 0x06, 0x70, 0x00,
  0x00, 0x0C, 0x30, 0x00, 0x00, 0x1C, 0x18, 0x00, 0x00, 0x19, 0x98, 0x00,
  0x00, 0x31, 0x8C, 0x00, 0x00, 0x31, 0x8C, 0x00, 0x00, 0x61, 0x86, 0x00,
  0x00, 0x61, 0x86, 0x00, 0x00, 0xC1, 0x83, 0x00, 0x00, 0xC1, 0x83, 0x80,
  0x01, 0x81, 0x81, 0x80, 0x03, 0x81, 0x80, 0xC0, 0x03, 0x01, 0x80, 0xC0,
  0x06, 0x01, 0x80, 0x60, 0x06, 0x01, 0x80, 0x60, 0x0C, 0x00, 0x00, 0x30,
  0x0C, 0x00, 0x00, 0x30, 0x18, 0x01, 0x80, 0x18, 0x38, 0x01, 0x80, 0x1C,
  0x30, 0x01, 0x80, 0x0C, 0x70, 0x00, 0x00, 0x06, 0x7F, 0xFF, 0xFF, 0xFE,
  0xFF, 0xFF, 0xFF, 0xFF, 0x00, 0x00, 0x08, 0x00, 0x01, 0x80, 0x00, 0x18,
  0x00, 0x03, 0x80, 0x00, 0x38, 0x00, 0x03, 0x00, 0x00, 0x70, 0x00, 0x07,
  0x00, 0x00, 0xF0, 0x00, 0x0F, 0x00, 0x01, 0xE0, 0x00, 0x1E, 0x00, 0x01,
  0xFF, 0x00, 0x07, 0xFF, 0x80, 0x03, 0xFF, 0x00, 0x00, 0xF8, 0x00, 0x07,
  0x80, 0x00, 0x78, 0x00, 0x0F, 0x00, 0x00, 0xF0, 0x00, 0x0F, 0x00, 0x00,
  0xE0, 0x00, 0x0E, 0x00, 0x00, 0xE0, 0x00, 0x0C, 0x00, 0x00, 0xC0, 0x00,
  0x0C, 0x00, 0x00, 0x80, 0x00, 0x08, 0x00, 0x00, 0x00, 0x00, 0x1F, 0xFC,
  0x00, 0x00, 0x3F, 0xFF, 0x80, 0x00, 0x7E, 0x03, 0xF0, 0x00, 0x78, 0x00,
  0x3C, 0x00, 0x70, 0x00, 0x07, 0x00, 0x70, 0x00, 0x01, 0xC0, 0x70, 0x00,
  0x00, 0x70, 0x70, 0x00, 0x00, 0x1C, 0x30, 0x00, 0x00, 0x0E, 0x38, 0x00,
  0x00, 0x03, 0x98, 0x00, 0x00, 0x00, 0xCC, 0x00, 0x00, 0x00, 0x6E, 0x00,
  0x00, 0x00, 0x3E, 0x00, 0x00, 0x00, 0x0F, 0x00, 0x00, 0x00, 0x07, 0x80,
  0x00, 0x00, 0x03, 0xC0, 0x00, 0x00, 0x01, 0xE0, 0x00, 0x00, 0x00, 0xF0,
  0x00, 0x00, 0x00, 0x7C, 0x00, 0x00, 0x00, 0x7E, 0x00, 0x00, 0x00, 0x3B,
  0x00, 0x00, 0x00, 0x19, 0xC0, 0x00, 0x00, 0x1C, 0xE0, 0x00, 0x00, 0x0E,
  0x38, 0x00, 0x00, 0x0E, 0x0C, 0x00, 0x00, 0x06, 0x07, 0x00, 0x00, 0x07,
  0x01, 0xC0, 0x00, 0x07, 0x00, 0x78, 0x00, 0x0F, 0x00, 0x1F, 0x00, 0x1F,
  0x00, 0x03, 0xF0, 0x7E, 0x00, 0x00, 0xFF, 0xFE, 0x00, 0x00, 0x0F, 0xF8,
  0x00, 0x00, 0x00, 0x0F, 0xF8, 0x00, 0x00, 0x1F, 0xFF, 0x00, 0x00, 0x3F,
  0xFF, 0xE0, 0x00, 0x7F, 0xFF, 0xFC, 0x00, 0x7F, 0xFF, 0xFF, 0x00, 0x7F,
  0xFF, 0xFF, 0xC0, 0x7F, 0xFF, 0xFF, 0xF0, 0x3F, 0xFF, 0xFF, 0xF8, 0x3F,
  0xFF, 0xFF, 0xFE, 0x3F, 0xFF, 0xFF, 0xFF, 0x9F, 0xFF, 0xFF, 0xFF, 0xCF,
  0xFF, 0xFF, 0xFF, 0xEF, 0xFF, 0xFF, 0xFF, 0xFF, 0xFF, 0xFF, 0xFF, 0xFF,
  0xFF, 0xFF, 0xFF, 0xFF, 0xFF, 0xFF, 0xFF, 0xFF, 0xFF, 0xFF, 0xFF, 0xFF,
  0xFF, 0xFF, 0xFF, 0xFF, 0xFF, 0xFF, 0xFF, 0xFF, 0xFF, 0xFF, 0xFF, 0xFF,
  0xFF, 0xFF, 0xFF, 0xFF, 0xFB, 0xFF, 0xFF, 0xFF, 0xF9, 0xFF, 0xFF, 0xFF,
  0xFC, 0xFF, 0xFF, 0xFF, 0xFE, 0x3F, 0xFF, 0xFF, 0xFE, 0x0F, 0xFF, 0xFF,
  0xFE, 0x07, 0xFF, 0xFF, 0xFF, 0x01, 0xFF, 0xFF, 0xFF, 0x00, 0x7F, 0xFF,
  0xFF, 0x00, 0x1F, 0xFF, 0xFF, 0x00, 0x03, 0xFF, 0xFE, 0x00, 0x00, 0xFF,
  0xFE, 0x00, 0x00, 0x0F, 0xF8, 0x00, 0x00, 0x01, 0xC0, 0x07, 0xF8, 0x07,
  0x07, 0x06, 0x01, 0xC6, 0x00, 0x62, 0x00, 0x1B, 0x00, 0x05, 0x80, 0x03,
  0xC0, 0x01, 0xE0, 0x00, 0xF0, 0x00, 0x58, 0x00, 0x66, 0x00, 0x33, 0x80,
  0x30, 0xE0, 0x30, 0x1F, 0xF0, 0x07, 0xE0, 0x00, 0x00, 0x1F, 0xE0, 0x00,
  0x03, 0xBF, 0x70, 0x00, 0x10, 0x78, 0x20, 0x01, 0x83, 0xF0, 0x60, 0x08,
  0x1F, 0xE0, 0x40, 0x40, 0xFF, 0xC0, 0x81, 0x0B, 0xFF, 0x42, 0x0D, 0xF7,
  0xFB, 0xEC, 0x6F, 0xEF, 0xDF, 0xF1, 0xBF, 0xC0, 0xFF, 0x67, 0xFE, 0x03,
  0xFD, 0xB7, 0xF8, 0x07, 0xFA, 0xDF, 0xC0, 0x1F, 0xEE, 0x7F, 0x00, 0x3F,
  0x98, 0xFC, 0x00, 0xFC, 0x63, 0xE0, 0x03, 0xE1, 0x84, 0xE0, 0x18, 0x86,
  0x0F, 0xC0, 0xFC, 0x18, 0x3F, 0x87, 0xF0, 0x51, 0xFF, 0x3F, 0xC2, 0x47,
  0xFF, 0xFF, 0x89, 0x1F, 0xFF, 0xFC, 0x43, 0xBF, 0xFF, 0xF7, 0x07, 0x7F,
  0x7F, 0xB8, 0x1E, 0xFC, 0xFD, 0xC0, 0x3C, 0xC0, 0xDE, 0x00, 0x7C, 0x00,
  0xF0, 0x00, 0x70, 0x03, 0x80, 0x00, 0x60, 0x18, 0x00, 0x00, 0x7F, 0x80,
  0x00, 0x00, 0x1F, 0xE0, 0x00, 0x03, 0xE1, 0xF0, 0x00, 0x38, 0x00, 0xE0,
  0x01, 0xC0, 0x00, 0xC0, 0x0F, 0x80, 0x0F, 0xC0, 0x62, 0x00, 0x13, 0x03,
  0x04, 0x01, 0x06, 0x08, 0x18, 0x06, 0x0C, 0x60, 0x30, 0x30, 0x11, 0x00,
  0x80, 0x40, 0x64, 0x00, 0x00, 0x01, 0xB0, 0x04, 0x18, 0x02, 0xC0, 0x18,
  0x40, 0x0A, 0x00, 0x61, 0x00, 0x38, 0x00, 0x00, 0x00, 0xE0, 0x06, 0x10,
  0x03, 0xC0, 0x18, 0x40, 0x0B, 0x00, 0x41, 0x80, 0x2C, 0x01, 0x04, 0x00,
  0x90, 0x00, 0x00, 0x06, 0x60, 0x30, 0x30, 0x10, 0x81, 0x80, 0x40, 0xC3,
  0x04, 0x01, 0x82, 0x06, 0x20, 0x01, 0x18, 0x0D, 0x80, 0x0E, 0xC0, 0x1C,
  0x00, 0x0E, 0x00, 0x38, 0x00, 0x70, 0x00, 0x3C, 0x0F, 0x00, 0x00, 0x3F,
  0xF0, 0x00, 0xFF, 0xFF, 0xFF, 0xFF, 0xFF, 0xFF, 0xFF, 0xC0, 0x00, 0x00,
  0x3C, 0x01, 0xF8, 0x03, 0xC0, 0x7F, 0xE0, 0x3C, 0x0F, 0x9F, 0x03, 0xC0,
  0xE0, 0x70, 0x3C, 0x0E, 0x07, 0x03, 0xC0, 0xE0, 0x70, 0x3C, 0x0E, 0x07,
  0x03, 0xC0, 0xF9, 0xF0, 0x3C, 0x07, 0xFE, 0x03, 0xC0, 0x1F, 0x80, 0x3C,
  0x00, 0x60, 0x03, 0xC0, 0x06, 0x00, 0x3C, 0x00, 0x60, 0x03, 0xC0, 0x06,
  0x00, 0x3C, 0x00, 0x60, 0x03, 0xC0, 0x06, 0x00, 0x3C, 0x00, 0x60, 0x03,
  0xC0, 0x07, 0xE0, 0x3C, 0x00, 0x7E, 0x03, 0xC0, 0x07, 0xE0, 0x3C, 0x00,
  0x60, 0x03, 0xC0, 0x06, 0x00, 0x3C, 0x00, 0x00, 0x03, 0xFF, 0xFF, 0xFF,
  0xFF, 0xFF, 0xFF, 0xFF, 0x00, 0x3F, 0xFE, 0x00, 0x01, 0xE0, 0x00, 0xF0,
  0x03, 0x07, 0xFF, 0x06, 0x06, 0x3C, 0x00, 0x78, 0xC4, 0x60, 0x3E, 0x03,
  0x14, 0x40, 0x60, 0x80, 0x46, 0x20, 0x10, 0x60, 0x23, 0x10, 0x07, 0xC0,
  0x11, 0x86, 0x00, 0x00, 0x30, 0xE0, 0xF0, 0x01, 0xE0, 0xEC, 0x07, 0xFF,
  0x01, 0xB1, 0x80, 0x00, 0x03, 0x1A, 0x3C, 0x00, 0x1E, 0x2C, 0x81, 0xFF,
  0xF0, 0x36, 0x48, 0x00, 0x02, 0xDB, 0x24, 0xC0, 0x1B, 0x6D, 0x52, 0x60,
  0x0D, 0xB5, 0x19, 0x30, 0x06, 0xD3, 0x03, 0x08, 0x03, 0x46, 0x00, 0x78,
  0x00, 0x38, 0x00, 0x03, 0xFF, 0xE0, 0x00, 0x00, 0x3F, 0xFE, 0x00, 0x01,
  0xE0, 0x00, 0xF0, 0x03, 0x07, 0xFF, 0x06, 0x06, 0x3C, 0x00, 0x78, 0xC4,
  0x60, 0x3E, 0x03, 0x14, 0x40, 0x60, 0xC0, 0x46, 0x20, 0x10, 0x40, 0x23,
  0x10, 0x07, 0xC0, 0x11, 0x86, 0x00, 0x00, 0x30, 0xE0, 0xF0, 0x01, 0xE0,
  0xEC, 0x07, 0xFF, 0x01, 0xB1, 0x80, 0x00, 0x03, 0x1A, 0x3C, 0x00, 0x1E,
  0x2C, 0x81, 0xFF, 0xF0, 0x36, 0x48, 0x00, 0x02, 0xDB, 0x24, 0xC0, 0x1B,
  0x6D, 0xD2, 0x60, 0x0D, 0xB5, 0xD9, 0x30, 0x06, 0xD3, 0x63, 0x08, 0x03,
  0x46, 0x34, 0x78, 0x00, 0x3C, 0x59, 0x03, 0xFF, 0xE0, 0x6C, 0x90, 0x00,
  0x05, 0xB6, 0x49, 0x80, 0x36, 0xDA, 0xA4, 0xC0, 0x1B, 0x6A, 0x32, 0x60,
  0x0D, 0xA6, 0x06, 0x10, 0x06, 0x8C, 0x00, 0xF0, 0x00, 0x70, 0x00, 0x07,
  0xFF, 0xC0, 0x00, 0x00, 0x07, 0xF0, 0x00, 0x00, 0xFF, 0xFF, 0xE0, 0x01,
  0xF8, 0x00, 0xFC, 0x03, 0xC3, 0xFF, 0xC7, 0x87, 0x9F, 0xFF, 0xFC, 0xF7,
  0xBF, 0xDF, 0x7F, 0xBF, 0xDF, 0xFF, 0xFF, 0xDF, 0xEF, 0xF8, 0x3F, 0xEF,
  0xF9, 0xFF, 0xFF, 0xCF, 0xDF, 0x9F, 0xFE, 0x3F, 0xFB, 0xF8, 0x00, 0xFE,
  0xFE, 0x7F, 0xFF, 0xF8, 0xFF, 0xE3, 0xFF, 0xE3, 0xDF, 0x7F, 0x80, 0x1F,
  0xCF, 0xB7, 0xFF, 0xFD, 0x27, 0xDB, 0x3F, 0xE4, 0x93, 0x7D, 0x9F, 0xF2,
  0x4F, 0x1E, 0xCF, 0xF9, 0x2F, 0x03, 0xF7, 0xFC, 0xFE, 0x00, 0x7F, 0xFF,
  0xFC, 0x00, 0x03, 0xFF, 0xE0, 0x00, 0x00, 0x03, 0xF0, 0x00, 0x00, 0xFF,
  0xFF, 0xE0, 0x01, 0xF8, 0xF8, 0xFC, 0x03, 0xDF, 0xFF, 0xF7, 0x87, 0xBF,
  0xC1, 0xFE, 0xF7, 0xBF, 0xDF, 0x7F, 0xBF, 0xDF, 0xFF, 0xFF, 0xDF, 0xE7,
  0xF9, 0x3F, 0xCF, 0xF9, 0xFF, 0xFF, 0xCF, 0xFF, 0x8F, 0xFE, 0x3F, 0xFB,
  0xF8, 0x00, 0xFE, 0xFF, 0x7F, 0xFF, 0xFD, 0xFF, 0xF3, 0xFF, 0xC7, 0xDF,
  0x7F, 0xC0, 0x7F, 0x4F, 0xB6, 0xFF, 0xF9, 0x27, 0xDB, 0x3F, 0xE4, 0x93,
  0xBD, 0x9F, 0xF2, 0x4E, 0xE6, 0xCF, 0xF9, 0x2C, 0xFC, 0xFF, 0xFC, 0xF9,
  0xFF, 0xC7, 0xFF, 0xC7, 0xBE, 0xFE, 0x00, 0x3F, 0x9F, 0x6F, 0xFF, 0xFA,
  0x4F, 0xB6, 0x7F, 0xC9, 0x26, 0xFB, 0x3F, 0xE4, 0x9E, 0x3D, 0x9F, 0xF2,
  0x5E, 0x07, 0xEF, 0xF9, 0xFC, 0x00, 0xFF, 0xFF, 0xF8, 0x00, 0x07, 0xFF,
  0xC0, 0x00, 0x00, 0x0F, 0xF0, 0x00, 0x00, 0x3F, 0xFC, 0x00, 0x00, 0x70,
  0x0E, 0x00, 0x00, 0xC0, 0x07, 0x00, 0x01, 0xC0, 0x03, 0x00, 0x01, 0x88,
  0x21, 0x80, 0x01, 0x8C, 0x31, 0x80, 0x01, 0x8C, 0x31, 0x80, 0x11, 0x81,
  0x83, 0x08, 0x10, 0xC1, 0x83, 0x08, 0x50, 0x61, 0x86, 0x0A, 0x30, 0xF1,
  0x8F, 0x0C, 0xF9, 0x81, 0x03, 0x9F, 0x0F, 0x00, 0x01, 0xE0, 0x07, 0x00,
  0x00, 0xC0, 0x06, 0x00, 0x00, 0x60, 0x06, 0x00, 0x00, 0x60, 0x06, 0x00,
  0x00, 0x60, 0x06, 0x00, 0x00, 0x60, 0x06, 0x00, 0x00, 0x60, 0x06, 0x00,
  0x00, 0xE0, 0x07, 0x00, 0x00, 0xC0, 0x03, 0x80, 0x01, 0xC0, 0x01, 0xE0,
  0x07, 0x80, 0x00, 0xFF, 0xFE, 0x00, 0x00, 0x1F, 0xF8, 0x00, 0x00, 0x00,
  0x00, 0x10, 0x00, 0x00, 0x00, 0x00, 0x40, 0x00, 0x00, 0x00, 0x01, 0x00,
  0x00, 0x00, 0x02, 0x04, 0x10, 0x00, 0x00, 0x04, 0x10, 0xC0, 0x00, 0x00,
  0x08, 0x42, 0x00, 0x00, 0x00, 0x30, 0x10, 0x00, 0x00, 0x00, 0x8E, 0x00,
  0x00, 0x0F, 0x00, 0xFE, 0x00, 0x00, 0xFF, 0x06, 0x1C, 0x30, 0x07, 0x9E,
  0x30, 0x1B, 0x00, 0x38, 0x18, 0x80, 0x60, 0x00, 0xC0, 0x36, 0x00, 0x80,
  0x06, 0x00, 0xDE, 0x02, 0x00, 0x18, 0x03, 0xFC, 0x18, 0x07, 0xE0, 0x0E,
  0x33, 0xE0, 0x7F, 0x80, 0x30, 0x7F, 0xC1, 0x86, 0x00, 0x41, 0x83, 0x8C,
  0x08, 0x01, 0x08, 0x03, 0x30, 0x00, 0x00, 0x00, 0x0C, 0xC0, 0x00, 0x00,
  0x00, 0x33, 0x00, 0x00, 0x00, 0x00, 0x6C, 0x00, 0x00, 0x00, 0x01, 0xB8,
  0x00, 0x00, 0x00, 0x04, 0x70, 0x00, 0x00, 0x00, 0x30, 0xE0, 0x00, 0x00,
  0x00, 0xC1, 0xFF, 0xFF, 0xFF, 0xFF, 0x01, 0xFF, 0xFF, 0xFF, 0xF8, 0x04,
  0x08, 0x10, 0x20, 0x84, 0x08, 0x10, 0x60, 0x86, 0x0C, 0x10, 0x20, 0xC6,
  0x00, 0x38, 0x00, 0xC6, 0x04, 0x18, 0x20, 0xC2, 0x04, 0x08, 0x20, 0x40,
  0x04, 0x00, 0x30, 0x00, 0x0E, 0x18, 0x30, 0x40, 0x06, 0x18, 0x30, 0x40,
  0x82, 0x08, 0x10, 0x20, 0xC0, 0x00, 0x00, 0x00, 0xC4, 0x08, 0x10, 0x60,
  0xCC, 0x18, 0x30, 0x60, 0xC6, 0x08, 0x08, 0x60, 0x40, 0x00, 0x20, 0x00,
  0x02, 0x08, 0x30, 0x60, 0x83, 0x18, 0x30, 0x60, 0xC3, 0x18, 0x08, 0x60,
  0x43, 0x1C, 0x10, 0x60, 0x83, 0x0C, 0x10, 0x20, 0xC1, 0x00, 0x10, 0x00,
  0xC0, 0x00, 0x38, 0x20, 0xC1, 0x00, 0x18, 0x60, 0xC1, 0x02, 0x08, 0x20,
  0x40, 0x81, 0x00, 0x00, 0x00, 0x01, 0x10, 0x20, 0x40, 0x83, 0x18, 0x20,
  0x41, 0x83, 0x98, 0x30, 0x61, 0x81, 0x88, 0x10, 0x00, 0x40, 0x00, 0x20,
  0x40, 0x82, 0x04, 0x20, 0xC1, 0x83, 0x04, 0x20, 0x21, 0x81, 0x06, 0x30,
  0x01, 0x80, 0x06, 0x30, 0x20, 0x81, 0x06, 0x00, 0x60, 0x01, 0x00, 0x00,
  0x60, 0x81, 0x04, 0x00, 0x60, 0x83, 0x86, 0x00, 0x20, 0x81, 0x82, 0x00,
  0x31, 0x0C, 0x31, 0x8C, 0x31, 0x88, 0x31, 0x8C, 0x00, 0x00, 0x00, 0x00,
  0x00, 0x1F, 0xF8, 0x00, 0x04, 0x7F, 0xFE, 0x60, 0x04, 0xFF, 0xFE, 0x60,
  0x20, 0xFF, 0xFF, 0x04, 0x61, 0xFF, 0xFF, 0x0C, 0x01, 0xF3, 0xCF, 0x80,
  0x0D, 0xF3, 0xCF, 0xA0, 0x0D, 0xFF, 0xFF, 0x30, 0x10, 0xFE, 0x7F, 0x08,
  0x50, 0xFE, 0x7F, 0x0A, 0x70, 0x7E, 0x7E, 0x0C, 0x11, 0xFE, 0xFF, 0x18,
  0xEF, 0xFF, 0xFF, 0xB7, 0x07, 0xFF, 0xFF, 0xE0, 0x07, 0xFF, 0xFF, 0xC0,
  0x07, 0xFF, 0xFF, 0xE0, 0x07, 0xFF, 0xFF, 0xE0, 0x07, 0xFF, 0xFF, 0xE0,
  0x07, 0xFF, 0xFF, 0xE0, 0x07, 0xFF, 0xFF, 0xE0, 0x07, 0xFF, 0xFF, 0xC0,
  0x03, 0xFF, 0xFF, 0xC0, 0x03, 0xFF, 0xFF, 0x80, 0x00, 0xFF, 0xFF, 0x00,
  0x00, 0x7F, 0xFC, 0x00, 0x00, 0x0F, 0x00, 0x20, 0x00, 0x01, 0xFE, 0x02,
  0x00, 0x00, 0x1E, 0x78, 0x20, 0x00, 0x01, 0xC0, 0xC2, 0x00, 0x00, 0x0C,
  0x03, 0x30, 0x00, 0x00, 0xC0, 0x1B, 0xC0, 0x00, 0x06, 0x00, 0xFF, 0x00,
  0x03, 0xF0, 0x07, 0x99, 0xF0, 0x7F, 0x80, 0x78, 0x7F, 0xC3, 0x0C, 0x07,
  0x83, 0x07, 0x30, 0x20, 0x7F, 0x20, 0x0D, 0x80, 0x00, 0xFF, 0x00, 0x6C,
  0x00, 0x00, 0xFC, 0x03, 0x60, 0x00, 0x03, 0xC0, 0x0F, 0x00, 0x00, 0x1C,
  0x00, 0x7C, 0x00, 0x01, 0xC0, 0x02, 0x70, 0x00, 0x1C, 0x00, 0x31, 0xC0,
  0x00, 0xC0, 0x01, 0x87, 0xFF, 0xFF, 0xFF, 0xFC, 0x0F, 0xFF, 0xFF, 0xFF,
  0xC0, 0x00, 0x04, 0x00, 0x00, 0x00, 0x00, 0x40, 0x00, 0x10, 0x0C, 0x14,
  0x20, 0x41, 0x00, 0xC1, 0x82, 0x04, 0x18, 0x0C, 0x08, 0x60, 0x61, 0x80,
  0xC0, 0x07, 0x00, 0x18, 0x04, 0x08, 0x30, 0x60, 0x80, 0x00, 0x80, 0x06,
  0x00, 0x00, 0x18, 0x20, 0x60, 0x80, 0x01, 0xC3, 0x06, 0x08, 0x00, 0x0C,
  0x10, 0x20, 0x81, 0x80, 0x00, 0x00, 0x00, 0x18, 0x08, 0x20, 0x20, 0x81,
  0x80, 0x83, 0x06, 0x0C, 0x18, 0x0C, 0x30, 0x20, 0xC0, 0x80, 0xFF, 0xFF,
  0xFF, 0xFF, 0xFF, 0xB0, 0x00, 0x0D, 0x80, 0x00, 0x6C, 0x00, 0x03, 0x20,
  0x00, 0x19, 0x80, 0x00, 0xCC, 0x00, 0x06, 0x60, 0x00, 0x33, 0x00, 0x01,
  0x18, 0x00, 0x18, 0xC0, 0x00, 0xC6, 0x00, 0x06, 0x30, 0x00, 0x30, 0x80,
  0x01, 0x86, 0x00, 0x1C, 0x3C, 0x03, 0xC0, 0x78, 0x38, 0x00, 0xF7, 0x80,
  0x01, 0xF0, 0x00, 0x06, 0x00, 0x00, 0xFF, 0xFF, 0xFF, 0xFF, 0xFF, 0xBF,
  0xFF, 0xFD, 0xFF, 0xFF, 0xEF, 0xFF, 0xFF, 0x3F, 0xFF, 0xF9, 0xFF, 0xFF,
  0xCF, 0xFF, 0xFE, 0x7F, 0xFF, 0xF3, 0xFF, 0xFF, 0x1F, 0xFF, 0xF8, 0xFF,
  0xFF, 0xC7, 0xFF, 0xFE, 0x3F, 0xFF, 0xF0, 0xFF, 0xFF, 0x87, 0xFF, 0xFC,
  0x1F, 0xFF, 0xC0, 0x7F, 0xF8, 0x00, 0xFF, 0x00, 0x01, 0xF0, 0x00, 0x02,
  0x00, 0x00, 0x7F, 0xFF, 0xFE, 0xC0, 0x10, 0x07, 0xC0, 0x18, 0x03, 0x80,
  0x7C, 0x03, 0x80, 0xE6, 0x03, 0x81, 0xC3, 0x03, 0x83, 0x81, 0x83, 0x87,
  0x00, 0xC3, 0x8E, 0x00, 0x63, 0x9C, 0x00, 0x33, 0xB8, 0x00, 0x1B, 0xF0,
  0x00, 0x0F, 0xB0, 0x00, 0x1B, 0x98, 0x00, 0x33, 0x8C, 0x00, 0x63, 0x86,
  0x00, 0xC3, 0x83, 0x01, 0x83, 0x81, 0x83, 0x03, 0x80, 0xC6, 0x03, 0x80,
  0x6C, 0x03, 0xC0, 0x38, 0x03, 0xC0, 0x10, 0x03, 0x7F, 0xFF, 0xFE, 0xC0,
  0x00, 0x1F, 0x00, 0x01, 0xFC, 0x00, 0x1E, 0xF0, 0x01, 0xE3, 0xC0, 0x1E,
  0x0F, 0x01, 0xE0, 0x3C, 0x1E, 0x00, 0xF1, 0xE0, 0x03, 0xCE, 0x00, 0x0F,
  0x60, 0x00, 0x3C, 0x00, 0x00, 0xF0, 0x00, 0x3B, 0xC0, 0x03, 0xCF, 0x00,
  0x3E, 0x3C, 0x03, 0xE0, 0xF0, 0x3E, 0x03, 0xC3, 0xE0, 0x0F, 0x3E, 0x00,
  0x3D, 0xE0, 0x00, 0xFE, 0x00, 0x03, 0x80, 0x0F, 0xE0, 0x00, 0x00, 0x7F,
  0xC0, 0x00, 0x01, 0x83, 0x00, 0x00, 0x0C, 0x06, 0x00, 0x00, 0x30, 0x18,
  0x00, 0x03, 0xFF, 0xF8, 0x00, 0x0F, 0xFF, 0xE0, 0x00, 0x3F, 0xFF, 0x80,
  0x00, 0xFF, 0xFE, 0x00, 0x03, 0xFF, 0xF8, 0x00, 0x06, 0x00, 0xC0, 0x00,
  0x18, 0x03, 0x00, 0x00, 0x60, 0x0C, 0x00, 0x00, 0x00, 0x02, 0x00, 0x00,
  0x00, 0x1C, 0x00, 0x00, 0x00, 0x70, 0x00, 0x00, 0x03, 0xE0, 0x00, 0x00,
  0x1F, 0xC0, 0x00, 0x00, 0xF7, 0x80, 0x00, 0x07, 0xCF, 0x00, 0x00, 0x1E,
  0x3C, 0x00, 0x00, 0xF0, 0x78, 0x00, 0x07, 0x80, 0xF0, 0x00, 0x3C, 0x01,
  0xE0, 0x01, 0xE0, 0x03, 0xC0, 0x07, 0x80, 0x0F, 0x00, 0x3C, 0x00, 0x1E,
  0x01, 0xFF, 0xFF, 0xFC, 0x0F, 0xFF, 0xFF, 0xF8, 0x7F, 0xFF, 0xFF, 0xF0,
  0x60, 0x00, 0x3F, 0xC1, 0xC0, 0x0F, 0xFF, 0x07, 0x01, 0xFF, 0x00, 0x3C,
  0x3F, 0xE0, 0x00, 0xF7, 0xFC, 0x00, 0x03, 0xFF, 0x80, 0x00, 0x1F, 0xF0,
  0x00, 0x00, 0x7F, 0x00, 0x00, 0x07, 0xF0, 0x00, 0x00, 0x7F, 0xC0, 0x00,
  0x03, 0xFF, 0x00, 0x00, 0x3F, 0x7C, 0x00, 0x01, 0xF1, 0xF0, 0x00, 0x1F,
  0x07, 0xC0, 0x00, 0xF0, 0x1F, 0x00, 0x0F, 0x80, 0x7C, 0x00, 0x78, 0x01,
  0xF0, 0x03, 0xC0, 0x07, 0xC0, 0x3C, 0x00, 0x3E, 0x01, 0xE0, 0x00, 0xF8,
  0x0E, 0x00, 0x03, 0xE0, 0x70, 0x00, 0x0F, 0x83, 0x00, 0x00, 0x3E, 0x18,
  0x00, 0x00, 0xF8, 0xC0, 0x00, 0x03, 0xE0, 0x00, 0x00, 0x0F, 0x80, 0x00,
  0x00, 0x3E, 0x00, 0x00, 0x00, 0xE0, 0x00, 0x00, 0x02, 0x00, 0x00, 0x00,
  0x10, 0x00, 0x00, 0x07, 0x80, 0x00, 0x00, 0xEE, 0x00, 0x00, 0x7C, 0x78,
  0x00, 0x0F, 0x81, 0xC0, 0x01, 0xDE, 0x06, 0x00, 0x1D, 0xF0, 0x60, 0x00,
  0xFF, 0xC6, 0x00, 0x0F, 0xFF, 0x60, 0x01, 0xDF, 0xFE, 0x00, 0x18, 0x7F,
  0xE0, 0x00, 0x03, 0xF3, 0x00, 0x00, 0x0F, 0x20, 0xFF, 0x00, 0x7E, 0x3F,
  0xF0, 0x03, 0xC7, 0xFF, 0x00, 0x70, 0x70, 0x00, 0x06, 0x06, 0x00, 0x3E,
  0x00, 0x60, 0x07, 0xE0, 0x06, 0x00, 0xFE, 0x00, 0x70, 0x0E, 0x00, 0x07,
  0xF8, 0xE0, 0x00, 0x7F, 0x8E, 0x7E, 0x01, 0xF8, 0xE7, 0xF8, 0x00, 0x0E,
  0x7F, 0xC0, 0x00, 0xE0, 0x1C, 0x00, 0x0E, 0x01, 0xCF, 0xFF, 0xC0, 0x1C,
  0xFF, 0xFC, 0x01, 0xCF, 0xFF, 0x00, 0x1C, 0x00, 0x01, 0xC0, 0x00, 0x00,
  0x0F, 0xFC, 0x00, 0x00, 0x0F, 0xFF, 0x80, 0x00, 0x1F, 0xC7, 0xE0, 0x00,
  0x1F, 0xE3, 0xF8, 0x00, 0x0F, 0xF1, 0xFE, 0x00, 0x0F, 0xF8, 0xFF, 0x80,
  0x0F, 0xC0, 0x07, 0xC0, 0x07, 0xE0, 0x03, 0xF0, 0x07, 0xF0, 0x01, 0xF8,
  0x03, 0xFF, 0x8F, 0xFE, 0x01, 0xFF, 0xC7, 0xFF, 0x00, 0xFF, 0xE3, 0xFF,
  0x80, 0xFF, 0xF1, 0xFF, 0xC1, 0xFF, 0xFF, 0xFF, 0xFD, 0xFF, 0xFF, 0xFF,
  0xFF, 0x1C, 0x00, 0x00, 0x38, 0x06, 0x00, 0x00, 0x1C, 0x03, 0x80, 0x00,
  0x0E, 0x01, 0xC0, 0x00, 0x07, 0x00, 0xE0, 0x00, 0x07, 0x00, 0x38, 0x00,
  0x03, 0x80, 0x1C, 0x00, 0x03, 0x80, 0x07, 0x00, 0x01, 0xC0, 0x03, 0xC0,
  0x01, 0xC0, 0x00, 0xF0, 0x01, 0xC0, 0x00, 0x3C, 0x03, 0xC0, 0x00, 0x0F,
  0xFF, 0xC0, 0x00, 0x01, 0xFF, 0xC0, 0x00, 0x00, 0x3F, 0x80, 0x00, 0x00,
  0x3F, 0x80, 0x00, 0x3F, 0xFE, 0x00, 0x0F, 0xFF, 0xE0, 0x07, 0xE0, 0x3F,
  0x01, 0xF0, 0x01, 0xF0, 0x3C, 0x00, 0x1E, 0x0F, 0xC0, 0x07, 0xE3, 0xDC,
  0x01, 0xDE, 0x71, 0xC0, 0x71, 0xCE, 0x1C, 0x1C, 0x3B, 0x81, 0xC7, 0x03,
  0xF0, 0x19, 0xC0, 0x7E, 0x00, 0x70, 0x0F, 0xC0, 0x1C, 0x01, 0xF8, 0x07,
  0x00, 0x3F, 0x01, 0xCC, 0x07, 0xE0, 0x71, 0xC0, 0xEE, 0x1C, 0x1C, 0x39,
  0xC7, 0x01, 0xC7, 0x3D, 0xC0, 0x1D, 0xE3, 0xF0, 0x01, 0xF8, 0x3C, 0x00,
  0x1E, 0x07, 0xC0, 0x07, 0xC0, 0x7E, 0x03, 0xF0, 0x03, 0xFF, 0xF8, 0x00,
  0x3F, 0xFE, 0x00, 0x00, 0xFE, 0x00, 0x00, 0xC1, 0x80, 0x30, 0xC1, 0x80,
  0x30, 0xC1, 0x80, 0xFC, 0xED, 0x81, 0xFE, 0x7F, 0x01, 0xB6, 0x3E, 0x01,
  0x87, 0x0C, 0x03, 0x03, 0x0C, 0x03, 0x03, 0x0C, 0x03, 0x03, 0x3E, 0x03,
  0x03, 0x7F, 0x01, 0x86, 0x6D, 0x81, 0xB6, 0xC1, 0x81, 0xFE, 0xC1, 0x80,
  0xF8, 0xC1, 0x80, 0x30, 0xC1, 0x80, 0x30, 0xC1, 0x80, 0x30, 0xC1, 0x80,
  0xFC, 0xED, 0x81, 0xFE, 0x7F, 0x01, 0xB6, 0x3E, 0x01, 0x87, 0x0C, 0x03,
  0x03, 0x0C, 0x03, 0x03, 0x0C, 0x03, 0x03, 0x3E, 0x03, 0x03, 0x7F, 0x01,
  0x86, 0x6D, 0x81, 0xB6, 0xC1, 0x81, 0xFC, 0xC1, 0x80, 0x78, 0xC1, 0x80,
  0x30, 0x00, 0x3F, 0x80, 0x00, 0x3F, 0xFE, 0x00, 0x0F, 0xFF, 0xE0, 0x07,
  0xFF, 0xFF, 0x01, 0xFF, 0xFF, 0xF0, 0x3F, 0xFF, 0xFE, 0x0F, 0xFF, 0xFF,
  0xE3, 0xFF, 0xFF, 0xFE, 0x7F, 0xFF, 0xFF, 0xCF, 0xFF, 0xFF, 0xFB, 0xFF,
  0xFF, 0xFF, 0xF0, 0x00, 0x00, 0x7E, 0x00, 0x00, 0x0F, 0xC0, 0x00, 0x01,
  0xF8, 0x00, 0x00, 0x3F, 0x00, 0x00, 0x07, 0xFF, 0xFF, 0xFF, 0xEF, 0xFF,
  0xFF, 0xF9, 0xFF, 0xFF, 0xFF, 0x3F, 0xFF, 0xFF, 0xE3, 0xFF, 0xFF, 0xF8,
  0x3F, 0xFF, 0xFF, 0x07, 0xFF, 0xFF, 0xC0, 0x7F, 0xFF, 0xF0, 0x03, 0xFF,
  0xF8, 0x00, 0x3F, 0xFE, 0x00, 0x00, 0xFE, 0x00, 0x00, 0x02, 0x00, 0x00,
  0x00, 0x70, 0x00, 0xF0, 0x0F, 0x80, 0x0F, 0x01, 0xFC, 0x00, 0xF0, 0x3F,
  0xE0, 0x0F, 0x07, 0xFF, 0x00, 0xF0, 0xEF, 0xB8, 0x0F, 0x04, 0xF9, 0x00,
  0xF0, 0x0F, 0x80, 0x0F, 0x00, 0xF8, 0x01, 0xF0, 0x0F, 0x1F, 0xFF, 0x00,
  0xE3, 0xFF, 0xF0, 0x0E, 0x7F, 0xFE, 0x00, 0xC7, 0xFF, 0xC0, 0x0C, 0x78,
  0x00, 0x00, 0xC7, 0x80, 0x00, 0x0C, 0x7C, 0x00, 0x00, 0xE7, 0xFF, 0xE0,
  0x0E, 0x7F, 0xFF, 0x00, 0xF3, 0xFF, 0xF0, 0x0F, 0x8F, 0xFF, 0x00, 0xF8,
  0x01, 0xF0, 0x0F, 0x80, 0x0F, 0x00, 0xF8, 0x08, 0xF3, 0x0F, 0x81, 0xCF,
  0x70, 0xF8, 0x0E, 0xFE, 0x0F, 0x80, 0x7F, 0xC0, 0xF8, 0x03, 0xF8, 0x0F,
  0x80, 0x0F, 0x00, 0xF8, 0x00, 0x60, 0x00, 0x00, 0x04, 0x00, 0x00, 0x03,
  0x00, 0x00, 0x00, 0x1E, 0x00, 0x00, 0x00, 0xFC, 0x00, 0x00, 0x07, 0xF8,
  0x00, 0x00, 0x3F, 0xF8, 0x00, 0x01, 0xFF, 0xF0, 0x00, 0x0F, 0xFF, 0xE0,
  0x00, 0x7B, 0xF3, 0xC0, 0x03, 0xC7, 0xCF, 0x80, 0x1E, 0x0F, 0x3F, 0x00,
  0xF0, 0x1C, 0xFE, 0x07, 0xD1, 0x33, 0xFC, 0x3F, 0xC7, 0xCF, 0xF9, 0xFF,
  0x1F, 0x3F, 0xFF, 0xFC, 0x7C, 0xFF, 0xFF, 0xF1, 0xF3, 0xFF, 0x7F, 0xC7,
  0xCF, 0xFC, 0xFF, 0x1F, 0x3F, 0xE1, 0xFC, 0x60, 0x3F, 0x03, 0xF1, 0xC0,
  0xF8, 0x07, 0xC7, 0x87, 0xC0, 0x0F, 0x1F, 0x3E, 0x00, 0x1F, 0xFF, 0xF0,
  0x00, 0x3F, 0xFF, 0x80, 0x00, 0x7F, 0xF8, 0x00, 0x00, 0xFF, 0xC0, 0x00,
  0x01, 0xFE, 0x00, 0x00, 0x03, 0xF0, 0x00, 0x00, 0x07, 0x80, 0x00, 0x00,
  0x0C, 0x00, 0x00, 0x00, 0x03, 0x00, 0x00, 0x00, 0x1E, 0x00, 0x00, 0x00,
  0xCC, 0x00, 0x00, 0x06, 0x18, 0x00, 0x00, 0x30, 0x38, 0x00, 0x01, 0x80,
  0x70, 0x00, 0x0C, 0x00, 0xE0, 0x00, 0x64, 0x0D, 0xC0, 0x03, 0x38, 0x33,
  0x80, 0x19, 0xF0, 0xC7, 0x00, 0xCF, 0xE3, 0x0E, 0x06, 0x4E, 0x4C, 0x1C,
  0x30, 0x38, 0x30, 0x39, 0x80, 0xE0, 0xC0, 0x7C, 0x03, 0x83, 0x00, 0xF0,
  0x0E, 0x0C, 0x03, 0x60, 0x38, 0x30, 0x1C, 0xC0, 0xE0, 0xC0, 0xE1, 0x83,
  0x9F, 0xE7, 0x03, 0x0E, 0x3F, 0x38, 0x06, 0x38, 0x79, 0xC0, 0x0C, 0xE0,
  0xCE, 0x00, 0x1B, 0x82, 0x70, 0x00, 0x30, 0x03, 0x80, 0x00, 0x60, 0x18,
  0x00, 0x00, 0xC0, 0xC0, 0x00, 0x01, 0x86, 0x00, 0x00, 0x03, 0x30, 0x00,
  0x00, 0x07, 0x80, 0x00, 0x00, 0x0C, 0x00, 0x00, 0x07, 0xFF, 0xFF, 0xE0,
  0xFF, 0xFF, 0xFC, 0x1F, 0xFF, 0xFF, 0x83, 0xFF, 0xFF, 0xF0, 0x7F, 0xFF,
  0xFE, 0x0F, 0xFF, 0xFF, 0xC1, 0xFF, 0xFF, 0xF8, 0x3F, 0xFF, 0xFF, 0x0F,
  0xFF, 0xFF, 0xE3, 0xFF, 0xFF, 0xFC, 0xFF, 0xFF, 0xFF, 0xBF, 0xFF, 0xFF,
  0xF7, 0xFF, 0xFF, 0xFF, 0xFF, 0xFF, 0xFF, 0xFF, 0xFF, 0xFF, 0xFF, 0xFF,
  0xFF, 0xFF, 0xFF, 0xFF, 0xFF, 0xFF, 0xFF, 0xFF, 0xFF, 0xFF, 0xFF, 0xFF,
  0xFF, 0xFF, 0xFF, 0xFF, 0xFF, 0xFF, 0xFF, 0xFF, 0xFF, 0xFF, 0xFF, 0xFF,
  0xFF, 0xFF, 0xFF, 0xFF, 0xFF, 0xFF, 0xFF, 0xFF, 0xFF, 0xFF, 0xFF, 0xFF,
  0xFF, 0xFF, 0xFF, 0xFF, 0xFF, 0xFF, 0xFF, 0xFF, 0xFF, 0xFF, 0xFF, 0xFF,
  0xFF, 0xC0, 0x07, 0x86, 0x00, 0xE0, 0xF0, 0xC0, 0x1C, 0x1E, 0x18, 0x03,
  0x83, 0xC0, 0x00, 0x70, 0x78, 0x00, 0x0E, 0x0F, 0x00, 0x01, 0xC1, 0xE1,
  0x80, 0x38, 0x3C, 0x30, 0x07, 0x0F, 0x06, 0x00, 0xE3, 0xC0, 0x00, 0x1C,
  0xF0, 0x00, 0x03, 0xBC, 0x03, 0x00, 0x7F, 0x00, 0x60, 0x0F, 0xC0, 0x0C,
  0x01, 0xF8, 0x00, 0x00, 0x3F, 0x00, 0x00, 0x07, 0xE0, 0x06, 0x00, 0xFC,
  0x00, 0xC0, 0x1F, 0x80, 0x18, 0x03, 0xF0, 0x00, 0x00, 0x7E, 0x00, 0x00,
  0x0F, 0xC0, 0x00, 0x01, 0xF8, 0x01, 0x80, 0x3F, 0x00, 0x30, 0x07, 0xE0,
  0x06, 0x00, 0xFC, 0x00, 0x00, 0x1F, 0x80, 0x00, 0x03, 0xF0, 0x03, 0x00,
  0x7E, 0x00, 0x60, 0x0F, 0xC0, 0x0C, 0x01, 0xC0, 0xFC, 0x00, 0x00, 0xFF,
  0xF0, 0x00, 0x03, 0xFF, 0xC0, 0x00, 0x0F, 0xFF, 0x00, 0x00, 0x3F, 0xF8,
  0x00, 0x00, 0x7F, 0xC0, 0x00, 0x00, 0xF0, 0x00, 0x00, 0x00, 0x00, 0x00,
  0x00, 0x00, 0x00, 0x00, 0x00, 0x00, 0x00, 0x00, 0x00, 0x00, 0x00, 0x00,
  0x00, 0x00, 0x00, 0x00, 0x00, 0x00, 0x00, 0x00, 0x00, 0x00, 0x00, 0x00,
  0x00, 0x00, 0x00, 0x00, 0x00, 0x00, 0x00, 0x00, 0x00, 0x00, 0x00, 0x00,
  0x00, 0x00, 0x00, 0x00, 0x00, 0x00, 0x00, 0x00, 0x00, 0x00, 0x00, 0x00,
  0x00, 0x00, 0x00, 0x00, 0x00, 0x00, 0x00, 0x00, 0x00, 0x00, 0x00, 0x00,
  0x00, 0x00, 0xF0, 0x00, 0x00, 0x3F, 0xE0, 0x00, 0x01, 0xFF, 0xC0, 0x00,
  0x0F, 0xFF, 0x00, 0x00, 0x3F, 0xFC, 0x00, 0x00, 0xFF, 0xF0, 0x00, 0x03,
  0xF0, 0xFF, 0xFF, 0xFF, 0xFF, 0xFF, 0xFF, 0xFF, 0xFF, 0xFF, 0xFF, 0xFF,
  0xFF, 0xFF, 0xF7, 0xFF, 0xFF, 0xFF, 0xFE, 0x7F, 0xFF, 0xFF, 0xFF, 0xE3,
  0xF0, 0x00, 0x00, 0xFC, 0x1F, 0x00, 0x00, 0x0F, 0x81, 0xF8, 0x00, 0x01,
  0xF8, 0x0F, 0xC0, 0x00, 0x3F, 0x00, 0x7C, 0x00, 0x03, 0xF0, 0x07, 0xE0,
  0x00, 0x7E, 0x00, 0x3E, 0x00, 0x07, 0xC0, 0x03, 0xF0, 0x00, 0xFC, 0x00,
  0x1F, 0x80, 0x1F, 0x80, 0x00, 0xF8, 0x01, 0xF0, 0x00, 0x0F, 0xC0, 0x3F,
  0x00, 0x00, 0x7E, 0x03, 0xE0, 0x00, 0x07, 0xE0, 0x7E, 0x00, 0x00, 0x3F,
  0x0F, 0xC0, 0x00, 0x01, 0xF0, 0xF8, 0x00, 0x00, 0x1F, 0x9F, 0x80, 0x00,
  0x00, 0xFF, 0xF0, 0x00, 0x00, 0x07, 0xFF, 0x00, 0x00, 0x00, 0x7F, 0xE0,
  0x00, 0x00, 0x03, 0xFC, 0x00, 0x00, 0x00, 0x3F, 0xC0, 0x00, 0x00, 0x01,
  0xF8, 0x00, 0x00, 0x00, 0x0F, 0x00, 0x00, 0x00, 0x00, 0xF0, 0x00, 0x00,
  0x00, 0x06, 0x00, 0x00, 0x00, 0x18, 0x00, 0x07, 0x00, 0x18, 0x00, 0x07,
  0x00, 0x18, 0x04, 0x07, 0x00, 0x18, 0x04, 0x07, 0x00, 0x18, 0x04, 0x07,
  0x00, 0x18, 0x04, 0x07, 0x00, 0x38, 0x00, 0x07, 0x00, 0x78, 0x00, 0x07,
  0x00, 0xF0, 0x00, 0x07, 0x01, 0xE0, 0x00, 0x07, 0x03, 0xC0, 0x00, 0x07,
  0x07, 0x80, 0x00, 0x07, 0x0F, 0x00, 0x00, 0x07, 0x1E, 0x00, 0x04, 0x07,
  0x3C, 0x00, 0x04, 0x07, 0x78, 0x00, 0x04, 0x07, 0xF0, 0x00, 0x04, 0x07,
  0xE0, 0x00, 0x00, 0x07, 0xE0, 0x00, 0x00, 0x07, 0xE0, 0x00, 0x00, 0x07,
  0xE0, 0x00, 0x00, 0x07, 0xE0, 0x00, 0x00, 0x07, 0xE0, 0x18, 0x00, 0x07,
  0xE0, 0x18, 0x00, 0x07, 0xE0, 0x18, 0x04, 0x07, 0xE0, 0x18, 0x04, 0x07,
  0xE0, 0x18, 0x04, 0x07, 0xE0, 0x18, 0x04, 0x07, 0xE0, 0x18, 0x00, 0x07,
  0xE0, 0x18, 0x00, 0x07, 0xFF, 0xFF, 0xFF, 0xFF, 0xC0, 0x00, 0x00, 0xFF,
  0x80, 0x00, 0x07, 0xFF, 0x00, 0x00, 0x3F, 0xBE, 0x00, 0x01, 0xEE, 0x7C,
  0x00, 0x0F, 0x38, 0xF8, 0x00, 0x78, 0xE1, 0xF0, 0x03, 0xC3, 0x83, 0xE0,
  0x1E, 0x0E, 0x07, 0xC0, 0xF0, 0x38, 0x0F, 0x87, 0x80, 0xE0, 0x1F, 0x3C,
  0x03, 0x80, 0x3F, 0xE0, 0x0E, 0x00, 0x7F, 0x00, 0x38, 0x00, 0xF8, 0x00,
  0xE0, 0x03, 0xF0, 0x03, 0x80, 0x1F, 0xE0, 0x0E, 0x00, 0xF7, 0xC0, 0x38,
  0x07, 0x8F, 0x80, 0xE0, 0x3C, 0x1F, 0x03, 0x81, 0xE0, 0x3E, 0x0E, 0x0F,
  0x00, 0x7C, 0x38, 0x78, 0x00, 0xF8, 0xE3, 0xC0, 0x01, 0xF3, 0x9E, 0x00,
  0x03, 0xEE, 0xF0, 0x00, 0x07, 0xFF, 0x80, 0x00, 0x0F, 0xFC, 0x00, 0x00,
  0x1F, 0xFF, 0xFF, 0xFF, 0xFC, 0xFF, 0xFF, 0xFF, 0xFF, 0xFF, 0x00, 0x7F,
  0xFF, 0xF0, 0x00, 0x3F, 0xFF, 0x00, 0x00, 0x7F, 0xFC, 0x00, 0x00, 0xFF,
  0xF8, 0x00, 0x01, 0xFE, 0xF0, 0x00, 0x03, 0xF1, 0xE0, 0x00, 0x07, 0xC3,
  0xC0, 0x00, 0x0E, 0x07, 0x80, 0x00, 0x38, 0x0F, 0x00, 0x00, 0xE0, 0x1E,
  0x00, 0x01, 0x80, 0x3C, 0x00, 0x06, 0x00, 0x78, 0x00, 0x18, 0x00, 0xF0,
  0x00, 0x60, 0x01, 0xE0, 0x01, 0x80, 0x03, 0xC0, 0x06, 0x00, 0x07, 0x80,
  0x18, 0x00, 0x0F, 0x00, 0x60, 0x00, 0x1E, 0x01, 0x80, 0x00, 0x3C, 0x0F,
  0x00, 0x00, 0x78, 0x3C, 0x00, 0x00, 0xF1, 0xF8, 0x00, 0x01, 0xE7, 0xF0,
  0x00, 0x03, 0xFF, 0xE0, 0x00, 0x07, 0xFF, 0xC0, 0x00, 0x1F, 0xFF, 0xC0,
  0x00, 0xFF, 0xFF, 0xC0, 0x0F, 0xFF, 0xFF, 0xFF, 0xFF, 0xF0, 0x0F, 0xFF,
  0xFF, 0xFF, 0x80, 0x00, 0x1F, 0xFF, 0xFF, 0xFF, 0xFC, 0x00, 0x0F, 0xFF,
  0xFF, 0xFF, 0xFF, 0x00, 0x03, 0xFF, 0xFF, 0xFF, 0xFF, 0xE0, 0x00, 0xFF,
  0xFF, 0xFF, 0xFF, 0xF8, 0x00, 0x3F, 0xFF, 0xFF, 0xFF, 0xFE, 0x00, 0x0F,
  0xFF, 0xFF, 0xFF, 0xFF, 0xFE, 0x03, 0xFF, 0xFF, 0xFF, 0xFF, 0xFF, 0xC0,
  0xFF, 0xFF, 0xFF, 0xFF, 0xFC, 0x38, 0x3F, 0xFF, 0xFF, 0xFF, 0xFF, 0x06,
  0x0F, 0xFF, 0xFF, 0xFF, 0xFF, 0xC1, 0xC3, 0xFF, 0xFF, 0xFF, 0xFF, 0xF0,
  0x70, 0xFF, 0xFF, 0xFF, 0xFF, 0xFC, 0x1C, 0x3F, 0xFF, 0xFF, 0xFF, 0xFF,
  0xFF, 0xCF, 0xFF, 0xFF, 0xFF, 0xFF, 0xFF, 0xFB, 0xFF, 0xFF, 0xFF, 0xFF,
  0xFF, 0xFF, 0xFF, 0xFF, 0xFF, 0xFF, 0xFF, 0xFF, 0xFF, 0xFF, 0xFF, 0xFF,
  0xFF, 0xFF, 0xF0, 0xFF, 0xFF, 0xFF, 0xFF, 0xFF, 0xFC, 0x3F, 0xFF, 0xFF,
  0xFF, 0xFF, 0xFF, 0x0F, 0xFF, 0xFF, 0xFF, 0xFF, 0xFF, 0xC0, 0x0F, 0xE0,
  0x00, 0x00, 0xFE, 0x00, 0x03, 0xF8, 0x00, 0x00, 0x1F, 0x80, 0x00, 0x7C,
  0x00, 0x00, 0x07, 0xE0, 0x00, 0x0E, 0x00, 0x00, 0x00, 0xF0, 0x00, 0xFF,
  0xFF, 0xFF, 0xFD, 0xFF, 0xFF, 0xFF, 0xF3, 0xFF, 0x80, 0x00, 0xC7, 0xFE,
  0x02, 0x03, 0x0F, 0xF8, 0x08, 0x0C, 0x1F, 0xE0, 0x20, 0x30, 0x3F, 0x00,
  0x00, 0xC0, 0x78, 0x00, 0x03, 0x00, 0xC0, 0x00, 0x0C, 0x00, 0x00, 0x20,
  0x30, 0x00, 0x00, 0x80, 0xC0, 0x00, 0x02, 0x03, 0x00, 0x00, 0x00, 0x0C,
  0x00, 0x00, 0x00, 0x30, 0x00, 0x00, 0x00, 0xC0, 0x00, 0x02, 0x03, 0x00,
  0x00, 0x08, 0x0C, 0x00, 0x00, 0x20, 0x30, 0x00, 0x00, 0x00, 0xC0, 0x00,
  0x00, 0x03, 0x00, 0x00, 0x00, 0x0C, 0x00, 0x00, 0x00, 0x30, 0x00, 0x00,
  0x00, 0xC0, 0x00, 0x00, 0x03, 0x00, 0x00, 0x08, 0x0C, 0x00, 0x00, 0x20,
  0x30, 0x00, 0x00, 0x80, 0xC0, 0x00, 0x00, 0x03, 0x00, 0x00, 0x00, 0x0C,
  0x80, 0x00, 0x00, 0x02, 0x00, 0x00, 0x00, 0x0C, 0x00, 0x00, 0x00, 0x38,
  0x00, 0x00, 0x00, 0xF0, 0x00, 0x00, 0x03, 0xE0, 0x00, 0x00, 0x0F, 0xC0,
  0x00, 0x00, 0x3F, 0x80, 0x00, 0x00, 0xFF, 0x00, 0x00, 0x03, 0xFE, 0x00,
  0x00, 0x0F, 0xF0, 0x00, 0x00, 0x3F, 0x80, 0x00, 0x00, 0xFC, 0x00, 0x00,
  0x03, 0xE0, 0x00, 0x00, 0x0F, 0x00, 0x00, 0x00, 0x38, 0x00, 0x00, 0x00,
  0xC0, 0x00, 0x00, 0x03, 0x00, 0x06, 0x00, 0x0C, 0x00, 0x0C, 0x00, 0x30,
  0x00, 0x18, 0x00, 0xC0, 0x08, 0x30, 0x03, 0x00, 0x60, 0x60, 0x0C, 0x03,
  0x80, 0xC0, 0x30, 0x1E, 0x01, 0x80, 0xC0, 0xF8, 0x03, 0x03, 0x07, 0xE0,
  0x06, 0x0C, 0x3F, 0x80, 0x1C, 0x33, 0xFE, 0x00, 0x38, 0xFF, 0xFF, 0xFF,
  0xF3, 0xFF, 0xFF, 0xFF, 0xF0
 };

const GFXglyph NotoSansSymbols2_Regular_SymBmp6_20pt16bGlyphs[] PROGMEM = {
// bmpOff,   w,   h,xAdv, xOff, yOff      range 0 (0x269d - 0x26ef)
  {     0,   0,   0,   0,    0,    0 },   // 0x269D   (#0)
  {     0,  25,  28,  29,    2,  -27 },   // 0x269E uni269E  (#1)
  {    88,  25,  28,  29,    2,  -27 },   // 0x269F uni269F  (#2)
  {   176,  32,  29,  36,    2,  -28 },   // 0x26A0 uni26A0  (#3)
  {   292,  21,  29,  25,    2,  -27 },   // 0x26A1 uni26A1  (#4)
  {     0,   0,   0,   0,    0,    0 },   // 0x26A2   (#5)
  {     0,   0,   0,   0,    0,    0 },   // 0x26A3   (#6)
  {     0,   0,   0,   0,    0,    0 },   // 0x26A4   (#7)
  {     0,   0,   0,   0,    0,    0 },   // 0x26A5   (#8)
  {     0,   0,   0,   0,    0,    0 },   // 0x26A6   (#9)
  {     0,   0,   0,   0,    0,    0 },   // 0x26A7   (#10)
  {     0,   0,   0,   0,    0,    0 },   // 0x26A8   (#11)
  {     0,   0,   0,   0,    0,    0 },   // 0x26A9   (#12)
  {   369,  33,  33,  39,    3,  -30 },   // 0x26AA uni26AA  (#13)
  {   506,  33,  33,  39,    3,  -30 },   // 0x26AB uni26AB  (#14)
  {   643,  17,  17,  21,    2,  -22 },   // 0x26AC uni26AC  (#15)
  {     0,   0,   0,   0,    0,    0 },   // 0x26AD   (#16)
  {     0,   0,   0,   0,    0,    0 },   // 0x26AE   (#17)
  {     0,   0,   0,   0,    0,    0 },   // 0x26AF   (#18)
  {     0,   0,   0,   0,    0,    0 },   // 0x26B0   (#19)
  {     0,   0,   0,   0,    0,    0 },   // 0x26B1   (#20)
  {     0,   0,   0,   0,    0,    0 },   // 0x26B2   (#21)
  {     0,   0,   0,   0,    0,    0 },   // 0x26B3   (#22)
  {     0,   0,   0,   0,    0,    0 },   // 0x26B4   (#23)
  {     0,   0,   0,   0,    0,    0 },   // 0x26B5   (#24)
  {     0,   0,   0,   0,    0,    0 },   // 0x26B6   (#25)
  {     0,   0,   0,   0,    0,    0 },   // 0x26B7   (#26)
  {     0,   0,   0,   0,    0,    0 },   // 0x26B8   (#27)
  {     0,   0,   0,   0,    0,    0 },   // 0x26B9   (#28)
  {     0,   0,   0,   0,    0,    0 },   // 0x26BA   (#29)
  {     0,   0,   0,   0,    0,    0 },   // 0x26BB   (#30)
  {     0,   0,   0,   0,    0,    0 },   // 0x26BC   (#31)
  {   680,  30,  30,  34,    2,  -29 },   // 0x26BD uni26BD  (#32)
  {   793,  30,  29,  34,    2,  -28 },   // 0x26BE uni26BE  (#33)
  {   902,  28,  28,  32,    2,  -27 },   // 0x26BF uni26BF  (#34)
  {  1000,  33,  21,  37,    2,  -20 },   // 0x26C0 uni26C0  (#35)
  {  1087,  33,  28,  37,    2,  -27 },   // 0x26C1 uni26C1  (#36)
  {  1203,  33,  21,  37,    2,  -20 },   // 0x26C2 uni26C2  (#37)
  {  1290,  33,  28,  37,    2,  -27 },   // 0x26C3 uni26C3  (#38)
  {  1406,  32,  26,  36,    2,  -24 },   // 0x26C4 uni26C4  (#39)
  {  1510,  38,  28,  42,    2,  -32 },   // 0x26C5 uni26C5  (#40)
  {  1643,  33,  38,  37,    2,  -27 },   // 0x26C6 uni26C6  (#41)
  {  1800,  32,  28,  36,    2,  -26 },   // 0x26C7 uni26C7  (#42)
  {  1912,  37,  35,  41,    2,  -24 },   // 0x26C8 uni26C8  (#43)
  {  2074,  21,  21,  24,    2,  -20 },   // 0x26C9 uni26C9  (#44)
  {  2130,  21,  21,  24,    2,  -20 },   // 0x26CA uni26CA  (#45)
  {  2186,  24,  23,  28,    2,  -22 },   // 0x26CB uni26CB  (#46)
  {  2255,  21,  21,  25,    2,  -20 },   // 0x26CC uni26CC  (#47)
  {  2311,  30,  30,  34,    2,  -29 },   // 0x26CD uni26CD  (#48)
  {     0,   0,   0,   0,    0,    0 },   // 0x26CE   (#49)
  {  2424,  29,  29,  33,    2,  -28 },   // 0x26CF uni26CF  (#50)
  {  2530,  28,  30,  32,    2,  -29 },   // 0x26D0 uni26D0  (#51)
  {  2635,  33,  30,  36,    2,  -29 },   // 0x26D1 uni26D1  (#52)
  {  2759,  27,  27,  31,    2,  -26 },   // 0x26D2 uni26D2  (#53)
  {  2851,  24,  30,  28,    2,  -29 },   // 0x26D3 uni26D3  (#54)
  {  2941,  27,  27,  31,    2,  -26 },   // 0x26D4 uni26D4  (#55)
  {  3033,  28,  31,  32,    2,  -29 },   // 0x26D5 uni26D5  (#56)
  {  3142,  30,  30,  34,    2,  -28 },   // 0x26D6 uni26D6  (#57)
  {  3255,  30,  30,  34,    2,  -28 },   // 0x26D7 uni26D7  (#58)
  {  3368,  27,  30,  31,    2,  -29 },   // 0x26D8 uni26D8  (#59)
  {  3470,  27,  30,  31,    2,  -29 },   // 0x26D9 uni26D9  (#60)
  {  3572,  30,  30,  34,    2,  -29 },   // 0x26DA uni26DA  (#61)
  {  3685,  36,  30,  40,    2,  -29 },   // 0x26DB uni26DB  (#62)
  {  3820,  32,  30,  36,    2,  -29 },   // 0x26DC uni26DC  (#63)
  {  3940,  30,  29,  34,    2,  -28 },   // 0x26DD uni26DD  (#64)
  {  4049,  30,  30,  34,    2,  -29 },   // 0x26DE uni26DE  (#65)
  {  4162,  50,  25,  54,    2,  -24 },   // 0x26DF uni26DF  (#66)
  {  4319,  30,  29,  34,    2,  -29 },   // 0x26E0 uni26E0  (#67)
  {  4428,  30,  30,  34,    2,  -29 },   // 0x26E1 uni26E1  (#68)
  {     0,   0,   0,   0,    0,    0 },   // 0x26E2   (#69)
  {     0,   0,   0,   0,    0,    0 },   // 0x26E3   (#70)
  {     0,   0,   0,   0,    0,    0 },   // 0x26E4   (#71)
  {     0,   0,   0,   0,    0,    0 },   // 0x26E5   (#72)
  {     0,   0,   0,   0,    0,    0 },   // 0x26E6   (#73)
  {     0,   0,   0,   0,    0,    0 },   // 0x26E7   (#74)
  {     0,   0,   0,   0,    0,    0 },   // 0x26E8   (#75)
  {     0,   0,   0,   0,    0,    0 },   // 0x26E9   (#76)
  {     0,   0,   0,   0,    0,    0 },   // 0x26EA   (#77)
  {     0,   0,   0,   0,    0,    0 },   // 0x26EB   (#78)
  {     0,   0,   0,   0,    0,    0 },   // 0x26EC   (#79)
  {     0,   0,   0,   0,    0,    0 },   // 0x26ED   (#80)
  {     0,   0,   0,   0,    0,    0 },   // 0x26EE   (#81)
  {     0,   0,   0,   0,    0,    0 } }; // 0x26EF   (#82)

const GFXfont NotoSansSymbols2_Regular_SymBmp6_20pt16b PROGMEM = {
  (uint8_t  *)NotoSansSymbols2_Regular_SymBmp6_20pt16bBitmaps,
  (GFXglyph *)NotoSansSymbols2_Regular_SymBmp6_20pt16bGlyphs,
  0x269D, // first
  0x26EF, // last
  50   //height
 };

// Approx. 5129 bytes

// /tmp/fontconvert_pinned -f /home/user/qmk_firmware/keyboards/polykybd/fonts/Noto_Sans_Symbols_2/NotoSansSymbols2-Regular.ttf -s 20 -v _Arrows_ -r 50 11119 11123 11134 11134 11148 11148 11150 11150 11168 11168 
// Visualize your font via https://tchapi.github.io/Adafruit-GFX-Font-Customiser

/* num ranges: 5 */
const uint8_t NotoSansSymbols2_Regular_Arrows_20pt16bBitmaps[] PROGMEM = {
  /* range 0 (0x2b6f - 0x2b73): */  0x00, 0x00, 0x3E, 0x00, 0x00, 0x01, 0xFF, 0x00, 0x00, 0x07, 0xF0, 0x00,
  0x00, 0x3F, 0x00, 0x00, 0x01, 0xF8, 0x0C, 0x00, 0x0F, 0xE0, 0xF0, 0x00,
  0x77, 0x07, 0x00, 0x01, 0x1C, 0x78, 0x00, 0x10, 0xF3, 0x80, 0x00, 0x03,
  0x98, 0x00, 0x00, 0x1D, 0xC0, 0x00, 0x00, 0x7E, 0x00, 0x00, 0x03, 0xF0,
  0x00, 0x00, 0x1F, 0x80, 0x00, 0x00, 0xFC, 0x00, 0x00, 0x07, 0xE0, 0x00,
  0x00, 0x3F, 0x00, 0x00, 0x01, 0xF8, 0x00, 0x00, 0x1C, 0xE0, 0x00, 0x00,
  0xE7, 0x00, 0x00, 0x07, 0x1C, 0x00, 0x00, 0x70, 0xF0, 0x00, 0x07, 0x83,
  0xC0, 0x00, 0x78, 0x0F, 0x00, 0x07, 0x80, 0x3E, 0x00, 0xF8, 0x00, 0xFF,
  0xFF, 0x80, 0x01, 0xFF, 0xF0, 0x00, 0x03, 0xFC, 0x00, 0x00, 0xF0, 0x08,
  0x00, 0x78, 0x18, 0x00, 0x3C, 0x1C, 0x00, 0x1E, 0x3F, 0xFF, 0xFF, 0x7F,
  0xFF, 0xFF, 0xBF, 0xFF, 0xFF, 0xC7, 0xFF, 0xFF, 0xE0, 0xE0, 0x00, 0xF0,
  0x30, 0x00, 0x78, 0x04, 0x00, 0x00, 0xFF, 0xFF, 0xFF, 0xFF, 0xFF, 0x00,
  0x02, 0x00, 0xC0, 0x70, 0x1E, 0x0F, 0xC7, 0xF1, 0xFE, 0xFF, 0xC7, 0x81,
  0xE0, 0x78, 0x1E, 0x07, 0x81, 0xE0, 0x78, 0x1E, 0x07, 0x81, 0xE0, 0x78,
  0x1E, 0x00, 0x00, 0x04, 0x03, 0x80, 0x03, 0x01, 0xC0, 0x01, 0xE0, 0xFF,
  0xFF, 0xF8, 0x7F, 0xFF, 0xFF, 0xBF, 0xFF, 0xFF, 0x9F, 0xFF, 0xFF, 0x0E,
  0x00, 0x0F, 0x07, 0x00, 0x06, 0x03, 0x80, 0x02, 0x01, 0xC0, 0x1E, 0x07,
  0x81, 0xE0, 0x78, 0x1E, 0x07, 0x81, 0xE0, 0x78, 0x1E, 0x07, 0x81, 0xE0,
  0x78, 0x1E, 0x3F, 0xF7, 0xF9, 0xFC, 0x3F, 0x0F, 0x81, 0xE0, 0x30, 0x08,
  0x00, 0x0F, 0xFF, 0xFF, 0xFF, 0xFF, 0xF0
  /* range 1 (0x2b7e - 0x2b7e): */  , 0xF0, 0x08, 0x00, 0x78, 0x18,
  0x00, 0x3C, 0x1C, 0x00, 0x1E, 0x3F, 0xFF, 0xFF, 0x7F, 0xFF, 0xFF, 0x9F,
  0xFF, 0xFF, 0xC7, 0xFF, 0xFF, 0xE0, 0xE0, 0x00, 0xF0, 0x30, 0x00, 0x78,
  0x04, 0x00, 0x00, 0x00, 0x00, 0x00, 0x00, 0x80, 0x70, 0x00, 0x60, 0x38,
  0x00, 0x3C, 0x1F, 0xFF, 0xFF, 0x0F, 0xFF, 0xFF, 0xE7, 0xFF, 0xFF, 0xFB,
  0xFF, 0xFF, 0xE1, 0xC0, 0x01, 0xE0, 0xE0, 0x00, 0xC0, 0x70, 0x00, 0x40,
  0x38
  /* range 2 (0x2b8c - 0x2b8c): */  , 0x01, 0x00, 0x00, 0x00, 0x60, 0x00, 0x00, 0x1C, 0x00, 0x00, 0x07,
  0x80, 0x00, 0x03, 0xF0, 0x00, 0x00, 0xFF, 0xFF, 0xC0, 0x3F, 0xFF, 0xFF,
  0x03, 0xFF, 0xFF, 0xF0, 0x1F, 0x00, 0x0F, 0x81, 0xE0, 0x00, 0x70, 0x1C,
  0x00, 0x07, 0x00, 0x80, 0x00, 0xE0, 0x08, 0x00, 0x0E, 0x00, 0x00, 0x01,
  0xC0, 0x00, 0x00, 0x38, 0x00, 0x00, 0x07, 0x00, 0x00, 0x00, 0xE0, 0x00,
  0x00, 0x1C, 0x00, 0x00, 0x03, 0x80, 0x00, 0x00, 0x70, 0x00, 0x00, 0x1E,
  0x00, 0x00, 0x03, 0x80, 0x00, 0x00, 0xE0, 0x00, 0x00, 0x7C, 0x00, 0xFF,
  0xFE, 0x00, 0x1F, 0xFF, 0x80, 0x03, 0xFF, 0x80, 0x00
  /* range 3 (0x2b8e - 0x2b8e): */  , 0x00, 0xFF, 0xE0,
  0x00, 0xFF, 0xFC, 0x00, 0x3F, 0xFF, 0x80, 0x0F, 0x00, 0x00, 0x03, 0xC0,
  0x00, 0x00, 0xF0, 0x00, 0x00, 0x1C, 0x00, 0x00, 0x07, 0x00, 0x00, 0x00,
  0xE0, 0x00, 0x00, 0x1C, 0x00, 0x00, 0x03, 0x80, 0x00, 0x00, 0x70, 0x00,
  0x00, 0x0E, 0x00, 0x00, 0x01, 0xC0, 0x00, 0x00, 0x38, 0x00, 0x00, 0x03,
  0x80, 0x00, 0x80, 0x78, 0x00, 0x1C, 0x07, 0x80, 0x03, 0xC0, 0x7C, 0x00,
  0x7C, 0x07, 0xFF, 0xFF, 0xE0, 0x7F, 0xFF, 0xFE, 0x01, 0xFF, 0xFF, 0x80,
  0x00, 0x07, 0xE0, 0x00, 0x00, 0xF8, 0x00, 0x00, 0x1C, 0x00, 0x00, 0x03,
  0x00, 0x00, 0x00, 0x40, 0x00
  /* range 4 (0x2ba0 - 0x2ba0): */  , 0x00, 0x00, 0x07, 0x80, 0x00, 0x03, 0xC0,
  0x00, 0x01, 0xE0, 0x00, 0x00, 0xF0, 0x00, 0x00, 0x78, 0x00, 0x00, 0x3C,
  0x00, 0x00, 0x1E, 0x00, 0x00, 0x0F, 0x00, 0x00, 0x07, 0x80, 0x00, 0x03,
  0xC0, 0x00, 0x01, 0xE0, 0x20, 0x00, 0xF0, 0x70, 0x00, 0x78, 0x78, 0x00,
  0x3C, 0xFF, 0xFF, 0xFF, 0xFF, 0xFF, 0xFF, 0x7F, 0xFF, 0xFF, 0x9F, 0xFF,
  0xFF, 0xC3, 0xC0, 0x00, 0x00, 0xE0, 0x00, 0x00, 0x30, 0x00, 0x00
 };

const GFXglyph NotoSansSymbols2_Regular_Arrows_20pt16bGlyphs[] PROGMEM = {
// bmpOff,   w,   h,xAdv, xOff, yOff      range 0 (0x2b6f - 0x2b73)
  {     0,  29,  29,  33,    2,  -25 },   // 0x2B6F uni2B6F  (#0)
  {   106,  25,  10,  29,    2,  -18 },   // 0x2B70 uni2B70  (#1)
  {   138,  10,  25,  14,    2,  -25 },   // 0x2B71 uni2B71  (#2)
  {   170,  25,  10,  29,    2,  -18 },   // 0x2B72 uni2B72  (#3)
  {   202,  10,  26,  14,    2,  -25 },   // 0x2B73 uni2B73  (#4)
  {     0,   0,   0,   0,    0,    0 },   // 0x2B74 (skip)
  {     0,   0,   0,   0,    0,    0 },   // 0x2B75 (skip)
  {     0,   0,   0,   0,    0,    0 },   // 0x2B76 (skip)
  {     0,   0,   0,   0,    0,    0 },   // 0x2B77 (skip)
  {     0,   0,   0,   0,    0,    0 },   // 0x2B78 (skip)
  {     0,   0,   0,   0,    0,    0 },   // 0x2B79 (skip)
  {     0,   0,   0,   0,    0,    0 },   // 0x2B7A (skip)
  {     0,   0,   0,   0,    0,    0 },   // 0x2B7B (skip)
  {     0,   0,   0,   0,    0,    0 },   // 0x2B7C (skip)
  {     0,   0,   0,   0,    0,    0 },   // 0x2B7D (skip)
// bmpOff,   w,   h,xAdv, xOff, yOff      range 1 (0x2b7e - 0x2b7e)
  {   235,  25,  21,  29,    2,  -24 },   // 0x2B7E uni2B7E  (#5)
  {     0,   0,   0,   0,    0,    0 },   // 0x2B7F (skip)
  {     0,   0,   0,   0,    0,    0 },   // 0x2B80 (skip)
  {     0,   0,   0,   0,    0,    0 },   // 0x2B81 (skip)
  {     0,   0,   0,   0,    0,    0 },   // 0x2B82 (skip)
  {     0,   0,   0,   0,    0,    0 },   // 0x2B83 (skip)
  {     0,   0,   0,   0,    0,    0 },   // 0x2B84 (skip)
  {     0,   0,   0,   0,    0,    0 },   // 0x2B85 (skip)
  {     0,   0,   0,   0,    0,    0 },   // 0x2B86 (skip)
  {     0,   0,   0,   0,    0,    0 },   // 0x2B87 (skip)
  {     0,   0,   0,   0,    0,    0 },   // 0x2B88 (skip)
  {     0,   0,   0,   0,    0,    0 },   // 0x2B89 (skip)
  {     0,   0,   0,   0,    0,    0 },   // 0x2B8A (skip)
  {     0,   0,   0,   0,    0,    0 },   // 0x2B8B (skip)
// bmpOff,   w,   h,xAdv, xOff, yOff      range 2 (0x2b8c - 0x2b8c)
  {   301,  27,  27,  31,    2,  -26 },   // 0x2B8C uni2B8C  (#6)
  {     0,   0,   0,   0,    0,    0 },   // 0x2B8D (skip)
// bmpOff,   w,   h,xAdv, xOff, yOff      range 3 (0x2b8e - 0x2b8e)
  {   393,  27,  27,  31,    2,  -21 },   // 0x2B8E uni2B8E  (#7)
  {     0,   0,   0,   0,    0,    0 },   // 0x2B8F (skip)
  {     0,   0,   0,   0,    0,    0 },   // 0x2B90 (skip)
  {     0,   0,   0,   0,    0,    0 },   // 0x2B91 (skip)
  {     0,   0,   0,   0,    0,    0 },   // 0x2B92 (skip)
  {     0,   0,   0,   0,    0,    0 },   // 0x2B93 (skip)
  {     0,   0,   0,   0,    0,    0 },   // 0x2B94 (skip)
  {     0,   0,   0,   0,    0,    0 },   // 0x2B95 (skip)
  {     0,   0,   0,   0,    0,    0 },   // 0x2B96 (skip)
  {     0,   0,   0,   0,    0,    0 },   // 0x2B97 (skip)
  {     0,   0,   0,   0,    0,    0 },   // 0x2B98 (skip)
  {     0,   0,   0,   0,    0,    0 },   // 0x2B99 (skip)
  {     0,   0,   0,   0,    0,    0 },   // 0x2B9A (skip)
  {     0,   0,   0,   0,    0,    0 },   // 0x2B9B (skip)
  {     0,   0,   0,   0,    0,    0 },   // 0x2B9C (skip)
  {     0,   0,   0,   0,    0,    0 },   // 0x2B9D (skip)
  {     0,   0,   0,   0,    0,    0 },   // 0x2B9E (skip)
  {     0,   0,   0,   0,    0,    0 },   // 0x2B9F (skip)
// bmpOff,   w,   h,xAdv, xOff, yOff      range 4 (0x2ba0 - 0x2ba0)
  {   485,  25,  21,  29,    2,  -23 } }; // 0x2BA0 uni2BA0  (#8)

const GFXfont NotoSansSymbols2_Regular_Arrows_20pt16b PROGMEM = {
  (uint8_t  *)NotoSansSymbols2_Regular_Arrows_20pt16bBitmaps,
  (GFXglyph *)NotoSansSymbols2_Regular_Arrows_20pt16bGlyphs,
  0x2B6F, // first
  0x2BA0, // last
  50   //height
 };

// Approx. 908 bytes

// /tmp/fontconvert_pinned -f /home/user/qmk_firmware/keyboards/polykybd/fonts/Noto_Sans_Symbols_2/NotoSansSymbols2-Regular.ttf -s 20 -v _Technical2_ -r 50 8984 8984 8997 8998 9003 9003 
// Visualize your font via https://tchapi.github.io/Adafruit-GFX-Font-Customiser

/* num ranges: 3 */
const uint8_t NotoSansSymbols2_Regular_Technical2_20pt16bBitmaps[] PROGMEM = {
  /* range 0 (0x2318 - 0x2318): */  0x1F, 0x80, 0x1F, 0x83, 0xFC, 0x07, 0xFC, 0x7F, 0xE0, 0x7F, 0xEF, 0x0E,
  0x0F, 0x0E, 0xE0, 0x70, 0xE0, 0x7E, 0x07, 0x0E, 0x07, 0xE0, 0x70, 0xE0,
  0x7E, 0x07, 0x0E, 0x07, 0xF0, 0x70, 0xE0, 0xE7, 0xFF, 0xFF, 0xFE, 0x3F,
  0xFF, 0xFF, 0xC0, 0xFF, 0xFF, 0xE0, 0x00, 0x70, 0xE0, 0x00, 0x07, 0x0E,
  0x00, 0x00, 0x70, 0xE0, 0x00, 0x07, 0x0E, 0x00, 0x1F, 0xFF, 0xFF, 0x03,
  0xFF, 0xFF, 0xFC, 0x7F, 0xFF, 0xFF, 0xEF, 0x07, 0x0E, 0x0E, 0xE0, 0x70,
  0xE0, 0x7E, 0x07, 0x0E, 0x07, 0xE0, 0x70, 0xE0, 0x7E, 0x07, 0x0E, 0x07,
  0xF0, 0xE0, 0xF0, 0xE7, 0xFE, 0x07, 0xFE, 0x3F, 0xC0, 0x7F, 0xC1, 0xF8,
  0x01, 0xF0
  /* range 1 (0x2325 - 0x2326): */  , 0xFF, 0xC0, 0x07, 0xFF, 0xFF, 0xC0, 0x0F, 0xFF, 0xFF, 0xC0,
  0x1F, 0xF8, 0x03, 0xC0, 0x00, 0x00, 0x03, 0xC0, 0x00, 0x00, 0x03, 0xC0,
  0x00, 0x00, 0x03, 0xC0, 0x00, 0x00, 0x03, 0xC0, 0x00, 0x00, 0x03, 0xC0,
  0x00, 0x00, 0x03, 0xC0, 0x00, 0x00, 0x03, 0xC0, 0x00, 0x00, 0x03, 0x80,
  0x00, 0x00, 0x03, 0x80, 0x00, 0x00, 0x03, 0xFF, 0xC0, 0x00, 0x03, 0xFF,
  0x80, 0x00, 0x03, 0xFF, 0xFF, 0xFF, 0xFF, 0xFE, 0x00, 0x1F, 0xFF, 0xFF,
  0xFF, 0xE0, 0x03, 0xFF, 0xFF, 0xFF, 0xFE, 0x00, 0x70, 0x00, 0x00, 0x01,
  0xE0, 0x0E, 0x00, 0x00, 0x00, 0x1E, 0x01, 0xC0, 0xC0, 0x03, 0x01, 0xE0,
  0x38, 0x3C, 0x00, 0xF0, 0x1E, 0x07, 0x03, 0xC0, 0x3C, 0x01, 0xC0, 0xE0,
  0x3C, 0x0F, 0x00, 0x3C, 0x1C, 0x03, 0xC3, 0xC0, 0x03, 0xC3, 0x80, 0x3C,
  0xF0, 0x00, 0x3C, 0x70, 0x03, 0xFC, 0x00, 0x03, 0xCE, 0x00, 0x3F, 0x00,
  0x00, 0x3D, 0xC0, 0x03, 0xC0, 0x00, 0x03, 0xF8, 0x00, 0xFC, 0x00, 0x00,
  0xF7, 0x00, 0x3F, 0xC0, 0x00, 0x3C, 0xE0, 0x0F, 0x3C, 0x00, 0x0F, 0x1C,
  0x03, 0xC3, 0xC0, 0x03, 0xC3, 0x80, 0xF0, 0x3C, 0x00, 0x70, 0x70, 0x3C,
  0x03, 0xC0, 0x1E, 0x0E, 0x0F, 0x00, 0x3C, 0x07, 0x81, 0xC0, 0xC0, 0x03,
  0x01, 0xE0, 0x38, 0x08, 0x00, 0x40, 0x78, 0x07, 0x00, 0x00, 0x00, 0x1E,
  0x00, 0xFF, 0xFF, 0xFF, 0xFF, 0x80, 0x1F, 0xFF, 0xFF, 0xFF, 0xE0, 0x03,
  0xFF, 0xFF, 0xFF, 0xF8, 0x00, 0x00
  /* range 2 (0x232b - 0x232b): */  , 0x00, 0x1F, 0xFF, 0xFF, 0xFF, 0xE0,
  0x07, 0xFF, 0xFF, 0xFF, 0xFC, 0x00, 0xFF, 0xFF, 0xFF, 0xFF, 0x80, 0x3C,
  0x00, 0x00, 0x00, 0x70, 0x0F, 0x00, 0x00, 0x00, 0x0E, 0x03, 0xC0, 0x60,
  0x01, 0x81, 0xC0, 0xF0, 0x1E, 0x00, 0x78, 0x38, 0x3C, 0x01, 0xE0, 0x1E,
  0x07, 0x0F, 0x00, 0x1E, 0x07, 0x80, 0xE1, 0xC0, 0x01, 0xE1, 0xE0, 0x1C,
  0x78, 0x00, 0x1E, 0x78, 0x03, 0x9E, 0x00, 0x01, 0xFE, 0x00, 0x77, 0x80,
  0x00, 0x1F, 0x80, 0x0F, 0xE0, 0x00, 0x01, 0xE0, 0x01, 0xDE, 0x00, 0x00,
  0x7C, 0x00, 0x39, 0xC0, 0x00, 0x1F, 0xC0, 0x07, 0x3C, 0x00, 0x07, 0xBC,
  0x00, 0xE3, 0xC0, 0x01, 0xE3, 0xC0, 0x1C, 0x3C, 0x00, 0x78, 0x3C, 0x03,
  0x83, 0xC0, 0x1E, 0x03, 0xC0, 0x70, 0x3C, 0x07, 0x80, 0x3E, 0x0E, 0x03,
  0xC0, 0x60, 0x03, 0x81, 0xC0, 0x3C, 0x08, 0x00, 0x20, 0x38, 0x03, 0xC0,
  0x00, 0x00, 0x07, 0x00, 0x3F, 0xFF, 0xFF, 0xFF, 0xE0, 0x07, 0xFF, 0xFF,
  0xFF, 0xFC, 0x00, 0x7F, 0xFF, 0xFF, 0xFF, 0x80
 };

const GFXglyph NotoSansSymbols2_Regular_Technical2_20pt16bGlyphs[] PROGMEM = {
// bmpOff,   w,   h,xAdv, xOff, yOff      range 0 (0x2318 - 0x2318)
  {     0,  28,  28,  32,    2,  -27 },   // 0x2318 uni2318  (#0)
  {     0,   0,   0,   0,    0,    0 },   // 0x2319 (skip)
  {     0,   0,   0,   0,    0,    0 },   // 0x231A (skip)
  {     0,   0,   0,   0,    0,    0 },   // 0x231B (skip)
  {     0,   0,   0,   0,    0,    0 },   // 0x231C (skip)
  {     0,   0,   0,   0,    0,    0 },   // 0x231D (skip)
  {     0,   0,   0,   0,    0,    0 },   // 0x231E (skip)
  {     0,   0,   0,   0,    0,    0 },   // 0x231F (skip)
  {     0,   0,   0,   0,    0,    0 },   // 0x2320 (skip)
  {     0,   0,   0,   0,    0,    0 },   // 0x2321 (skip)
  {     0,   0,   0,   0,    0,    0 },   // 0x2322 (skip)
  {     0,   0,   0,   0,    0,    0 },   // 0x2323 (skip)
  {     0,   0,   0,   0,    0,    0 },   // 0x2324 (skip)
// bmpOff,   w,   h,xAdv, xOff, yOff      range 1 (0x2325 - 0x2326)
  {    98,  31,  16,  35,    2,  -20 },   // 0x2325 uni2325  (#1)
  {   160,  43,  27,  47,    2,  -26 },   // 0x2326 uni2326  (#2)
  {     0,   0,   0,   0,    0,    0 },   // 0x2327 (skip)
  {     0,   0,   0,   0,    0,    0 },   // 0x2328 (skip)
  {     0,   0,   0,   0,    0,    0 },   // 0x2329 (skip)
  {     0,   0,   0,   0,    0,    0 },   // 0x232A (skip)
// bmpOff,   w,   h,xAdv, xOff, yOff      range 2 (0x232b - 0x232b)
  {   306,  43,  27,  47,    2,  -26 } }; // 0x232B uni232B  (#3)

const GFXfont NotoSansSymbols2_Regular_Technical2_20pt16b PROGMEM = {
  (uint8_t  *)NotoSansSymbols2_Regular_Technical2_20pt16bBitmaps,
  (GFXglyph *)NotoSansSymbols2_Regular_Technical2_20pt16bGlyphs,
  0x2318, // first
  0x232B, // last
  50   //height
 };

// Approx. 599 bytes

// /tmp/fontconvert_pinned -f /home/user/qmk_firmware/keyboards/polykybd/fonts/Noto_Sans_Symbols/static/NotoSansSymbols-Regular.ttf -s 20 -v _Technical_ -r 50 9095 9096 9099 9099 9113 9113 
// Visualize your font via https://tchapi.github.io/Adafruit-GFX-Font-Customiser

/* num ranges: 3 */
const uint8_t NotoSansSymbols_Regular_Technical_20pt16bBitmaps[] PROGMEM = {
  /* range 0 (0x2387 - 0x2388): */  0x00, 0x00, 0x00, 0x60, 0x00, 0x00, 0x00, 0x03, 0xC0, 0x00, 0x00, 0x00,
  0x1F, 0x80, 0x00, 0x00, 0x00, 0xDF, 0x00, 0x00, 0x00, 0x06, 0x3C, 0x00,
  0x00, 0x7F, 0xF0, 0x7C, 0x00, 0x03, 0xFF, 0x83, 0xC0, 0x00, 0x3C, 0x0C,
  0x78, 0x00, 0x01, 0xC0, 0x6F, 0x00, 0x00, 0x1E, 0x03, 0xF0, 0x00, 0x00,
  0xE0, 0x1E, 0x00, 0x00, 0x0F, 0x00, 0xC0, 0x00, 0x00, 0x70, 0x00, 0x00,
  0x00, 0x07, 0x80, 0x00, 0x00, 0x00, 0x38, 0x00, 0x00, 0x1F, 0xFF, 0xC3,
  0xFF, 0xFF, 0xFF, 0xFC, 0x1F, 0xFF, 0xFF, 0xFF, 0xE0, 0xFF, 0xFF, 0xC0,
  0x00, 0x01, 0xC0, 0x00, 0x00, 0x00, 0xE0, 0x00, 0x00, 0x00, 0x70, 0x00,
  0x00, 0x00, 0x38, 0x00, 0x00, 0x00, 0x1C, 0x00, 0x00, 0x00, 0x0E, 0x00,
  0x00, 0x00, 0x3F, 0xF0, 0x00, 0x00, 0x7F, 0xFE, 0x00, 0x40, 0xFF, 0xDF,
  0x81, 0x38, 0xF8, 0xE1, 0xE1, 0xFE, 0xF0, 0x70, 0x7B, 0xE7, 0xF0, 0x38,
  0x1F, 0xE1, 0xF8, 0x1C, 0x07, 0xC0, 0x3F, 0x0E, 0x0F, 0xC0, 0x3F, 0xC7,
  0x1F, 0xE0, 0x1C, 0xFB, 0xBF, 0x38, 0x0E, 0x3F, 0xFE, 0x1C, 0x06, 0x07,
  0xFE, 0x0E, 0x03, 0x00, 0xFC, 0x07, 0x01, 0x80, 0xFF, 0x03, 0x80, 0xE1,
  0xFF, 0xE1, 0xC0, 0x73, 0xFE, 0xF8, 0xE0, 0x3F, 0xE7, 0x1F, 0xE0, 0x0F,
  0xC3, 0x87, 0xF0, 0x0F, 0x81, 0xC0, 0xFC, 0x1F, 0xC0, 0xE0, 0x7F, 0x3F,
  0xF0, 0x70, 0x7B, 0xFE, 0x3C, 0x38, 0x78, 0xF4, 0x0F, 0xDC, 0xF8, 0x10,
  0x03, 0xFF, 0xF8, 0x00, 0x00, 0x7F, 0xF0, 0x00, 0x00, 0x07, 0xE0, 0x00,
  0x00, 0x01, 0xC0, 0x00, 0x00, 0x00, 0xE0, 0x00, 0x00, 0x00, 0x70, 0x00,
  0x00, 0x00, 0x38, 0x00, 0x00, 0x00, 0x1C, 0x00, 0x00
  /* range 1 (0x238b - 0x238b): */  , 0x80, 0x00, 0x00,
  0x3E, 0x01, 0xF0, 0x0F, 0xF8, 0x7F, 0x01, 0x0C, 0x07, 0xF0, 0x66, 0x00,
  0x3E, 0x1B, 0x80, 0x03, 0xC7, 0xF0, 0x00, 0x71, 0xDE, 0x00, 0x0E, 0x23,
  0xC0, 0x03, 0x88, 0x78, 0x00, 0x70, 0x0F, 0x00, 0x1C, 0x01, 0xE0, 0x07,
  0x00, 0x3C, 0x01, 0xC0, 0x07, 0x80, 0x3E, 0x00, 0xF0, 0x1F, 0x80, 0x1E,
  0x07, 0xE0, 0x03, 0x81, 0xDC, 0x00, 0x40, 0x77, 0x00, 0x00, 0x39, 0xE0,
  0x00, 0x0E, 0x38, 0x00, 0x07, 0x07, 0x00, 0x03, 0xC0, 0xF0, 0x01, 0xE0,
  0x1F, 0x03, 0xF0, 0x03, 0xFF, 0xF8, 0x00, 0x3F, 0xF8, 0x00, 0x03, 0xF0,
  0x00
  /* range 2 (0x2399 - 0x2399): */  , 0x00, 0x00, 0xFF, 0xFC, 0x00, 0x00, 0x07, 0xFF, 0xF0, 0x00, 0x00,
  0x3F, 0xFF, 0xC0, 0x00, 0x01, 0xF8, 0x07, 0x00, 0x00, 0x0E, 0xE0, 0x1C,
  0x00, 0x00, 0x73, 0x80, 0x70, 0x00, 0x03, 0x8E, 0x01, 0xC0, 0x00, 0x1C,
  0x38, 0x07, 0x00, 0x00, 0xFF, 0xE0, 0x1C, 0x00, 0x03, 0xFF, 0x80, 0x70,
  0x00, 0x0F, 0xFE, 0x01, 0xC0, 0x00, 0x38, 0x00, 0x07, 0x00, 0x00, 0xE0,
  0x00, 0x1C, 0x00, 0x03, 0x80, 0x00, 0x70, 0x00, 0xFE, 0x00, 0x01, 0xF8,
  0x1F, 0xF8, 0x00, 0x07, 0xFC, 0x7F, 0xE0, 0x00, 0x1F, 0xF9, 0xC3, 0x80,
  0x00, 0x70, 0xE7, 0x0E, 0x00, 0x01, 0xC3, 0xB8, 0x38, 0x00, 0x07, 0x0E,
  0xE0, 0xE0, 0x00, 0x1C, 0x3B, 0x83, 0x80, 0x00, 0x70, 0x7E, 0x0E, 0x00,
  0x01, 0xC1, 0xF8, 0x38, 0x00, 0x07, 0x07, 0xE0, 0xFF, 0xFF, 0xFC, 0x1F,
  0x83, 0xFF, 0xFF, 0xF0, 0x7E, 0x0F, 0xFF, 0xFF, 0xC1, 0xF8, 0x00, 0x00,
  0x00, 0x07, 0xE0, 0x00, 0x00, 0x00, 0x1F, 0x80, 0x00, 0x00, 0x00, 0x7E,
  0x00, 0x00, 0x00, 0x01, 0xB8, 0x00, 0x00, 0x00, 0x0E, 0x70, 0x00, 0x00,
  0x00, 0x39, 0xC0, 0x00, 0x00, 0x00, 0xE7, 0xFC, 0x00, 0x01, 0xFF, 0x9F,
  0xFF, 0xFF, 0xFF, 0xFC, 0x1F, 0xFF, 0xFF, 0xFF, 0xC0, 0x00, 0x1F, 0xFC,
  0x00, 0x00
 };

const GFXglyph NotoSansSymbols_Regular_Technical_20pt16bGlyphs[] PROGMEM = {
// bmpOff,   w,   h,xAdv, xOff, yOff      range 0 (0x2387 - 0x2388)
  {     0,  37,  18,  41,    2,  -21 },   // 0x2387 uni2387  (#0)
  {    84,  33,  37,  38,    2,  -31 },   // 0x2388 uni2388  (#1)
  {     0,   0,   0,   0,    0,    0 },   // 0x2389 (skip)
  {     0,   0,   0,   0,    0,    0 },   // 0x238A (skip)
// bmpOff,   w,   h,xAdv, xOff, yOff      range 1 (0x238b - 0x238b)
  {   237,  26,  27,  30,    2,  -26 },   // 0x238B uni238B  (#2)
  {     0,   0,   0,   0,    0,    0 },   // 0x238C (skip)
  {     0,   0,   0,   0,    0,    0 },   // 0x238D (skip)
  {     0,   0,   0,   0,    0,    0 },   // 0x238E (skip)
  {     0,   0,   0,   0,    0,    0 },   // 0x238F (skip)
  {     0,   0,   0,   0,    0,    0 },   // 0x2390 (skip)
  {     0,   0,   0,   0,    0,    0 },   // 0x2391 (skip)
  {     0,   0,   0,   0,    0,    0 },   // 0x2392 (skip)
  {     0,   0,   0,   0,    0,    0 },   // 0x2393 (skip)
  {     0,   0,   0,   0,    0,    0 },   // 0x2394 (skip)
  {     0,   0,   0,   0,    0,    0 },   // 0x2395 (skip)
  {     0,   0,   0,   0,    0,    0 },   // 0x2396 (skip)
  {     0,   0,   0,   0,    0,    0 },   // 0x2397 (skip)
  {     0,   0,   0,   0,    0,    0 },   // 0x2398 (skip)
// bmpOff,   w,   h,xAdv, xOff, yOff      range 2 (0x2399 - 0x2399)
  {   325,  38,  38,  42,    2,  -36 } }; // 0x2399 uni2399  (#3)

const GFXfont NotoSansSymbols_Regular_Technical_20pt16b PROGMEM = {
  (uint8_t  *)NotoSansSymbols_Regular_Technical_20pt16bBitmaps,
  (GFXglyph *)NotoSansSymbols_Regular_Technical_20pt16bGlyphs,
  0x2387, // first
  0x2399, // last
  50   //height
 };

// Approx. 646 bytes

// /tmp/fontconvert_pinned -f /home/user/qmk_firmware/keyboards/polykybd/fonts/Noto_Sans_Symbols_2/NotoSansSymbols2-Regular.ttf -s 20 -v _GuiKey_ -r 50 10070 10070 
// Visualize your font via https://tchapi.github.io/Adafruit-GFX-Font-Customiser

/* num ranges: 1 */
const uint8_t NotoSansSymbols2_Regular_GuiKey_20pt16bBitmaps[] PROGMEM = {
  /* range 0 (0x2756 - 0x2756): */  0x00, 0x00, 0x10, 0x00, 0x00, 0x00, 0x00, 0x70, 0x00, 0x00, 0x00, 0x01,
  0xF0, 0x00, 0x00, 0x00, 0x07, 0xF0, 0x00, 0x00, 0x00, 0x1F, 0xF0, 0x00,
  0x00, 0x00, 0x7F, 0xF0, 0x00, 0x00, 0x01, 0xFF, 0xF0, 0x00, 0x00, 0x07,
  0xFF, 0xF0, 0x00, 0x00, 0x1F, 0xFF, 0xF0, 0x00, 0x00, 0x1F, 0xFF, 0xE0,
  0x00, 0x00, 0x1F, 0xFF, 0x80, 0x00, 0x04, 0x1F, 0xFE, 0x10, 0x00, 0x1C,
  0x1F, 0xF8, 0x70, 0x00, 0x7C, 0x1F, 0xE1, 0xF0, 0x01, 0xFC, 0x1F, 0x87,
  0xF0, 0x07, 0xFC, 0x1E, 0x1F, 0xF0, 0x1F, 0xFC, 0x18, 0x7F, 0xF0, 0x7F,
  0xFC, 0x21, 0xFF, 0xF1, 0xFF, 0xFC, 0x07, 0xFF, 0xF7, 0xFF, 0xFC, 0x1F,
  0xFF, 0xF7, 0xFF, 0xF8, 0x1F, 0xFF, 0xE7, 0xFF, 0xE0, 0x1F, 0xFF, 0x87,
  0xFF, 0x84, 0x1F, 0xFE, 0x07, 0xFE, 0x1C, 0x1F, 0xF8, 0x07, 0xF8, 0x7C,
  0x1F, 0xE0, 0x07, 0xE1, 0xFC, 0x1F, 0x80, 0x07, 0x87, 0xFC, 0x1E, 0x00,
  0x06, 0x1F, 0xFC, 0x18, 0x00, 0x08, 0x7F, 0xFC, 0x20, 0x00, 0x01, 0xFF,
  0xFC, 0x00, 0x00, 0x07, 0xFF, 0xFC, 0x00, 0x00, 0x07, 0xFF, 0xF8, 0x00,
  0x00, 0x07, 0xFF, 0xE0, 0x00, 0x00, 0x07, 0xFF, 0x80, 0x00, 0x00, 0x07,
  0xFE, 0x00, 0x00, 0x00, 0x07, 0xF8, 0x00, 0x00, 0x00, 0x07, 0xE0, 0x00,
  0x00, 0x00, 0x07, 0x80, 0x00, 0x00, 0x00, 0x06, 0x00, 0x00, 0x00, 0x00,
  0x08, 0x00, 0x00
 };

const GFXglyph NotoSansSymbols2_Regular_GuiKey_20pt16bGlyphs[] PROGMEM = {
// bmpOff,   w,   h,xAdv, xOff, yOff      range 0 (0x2756 - 0x2756)
  {     0,  39,  40,  43,    2,  -33 } }; // 0x2756 uni2756  (#0)

const GFXfont NotoSansSymbols2_Regular_GuiKey_20pt16b PROGMEM = {
  (uint8_t  *)NotoSansSymbols2_Regular_GuiKey_20pt16bBitmaps,
  (GFXglyph *)NotoSansSymbols2_Regular_GuiKey_20pt16bGlyphs,
  0x2756, // first
  0x2756, // last
  50   //height
 };

// Approx. 209 bytes

// /tmp/fontconvert_pinned -f /home/user/qmk_firmware/keyboards/polykybd/fonts/Noto_Sans_Symbols_2/NotoSansSymbols2-Regular.ttf -s 20 -v _Util_ -r 50 -b 32 128360 128362 128425 128427 128435 128444 128458 128458 
// Visualize your font via https://tchapi.github.io/Adafruit-GFX-Font-Customiser

/* num ranges: 4 */
const uint8_t NotoSansSymbols2_Regular_Util_20pt16bBitmaps[] PROGMEM = {
  /* range 0 (0x1f568 - 0x1f56a): */  0x40, 0x00, 0x0E, 0x00, 0x00, 0xF0, 0x00, 0x0F, 0x80, 0x00, 0xFE, 0x00,
  0x0F, 0xF0, 0x00, 0xFF, 0x80, 0x0F, 0xFC, 0x00, 0xFF, 0xE0, 0x0F, 0xFF,
  0x80, 0xFF, 0xF8, 0xFF, 0xFF, 0x8F, 0xFF, 0xF8, 0xFF, 0xFF, 0x8F, 0xFF,
  0xF8, 0xFF, 0xFF, 0x8F, 0xFF, 0xF8, 0xFF, 0xFF, 0x8F, 0xFF, 0xF8, 0xFF,
  0xFF, 0x8F, 0xFF, 0xF8, 0xFF, 0xFF, 0x80, 0xFF, 0xE0, 0x0F, 0xFC, 0x00,
  0xFF, 0x80, 0x0F, 0xF0, 0x00, 0xFC, 0x00, 0x0F, 0x80, 0x00, 0xF0, 0x00,
  0x04, 0x00, 0x00, 0x00, 0x08, 0x00, 0x00, 0x00, 0x38, 0x00, 0x00, 0x00,
  0x78, 0x00, 0x00, 0x00, 0xF8, 0x00, 0x02, 0x01, 0xF8, 0x00, 0x06, 0x03,
  0xFC, 0x00, 0x1C, 0x07, 0xFC, 0x00, 0x30, 0x0F, 0xFC, 0x00, 0xE0, 0x1F,
  0xFC, 0x01, 0x80, 0x3F, 0xFC, 0x03, 0x00, 0x7F, 0xFC, 0xF6, 0x00, 0xFF,
  0xF9, 0xFC, 0x01, 0xFF, 0xF3, 0xF8, 0x03, 0xFF, 0xE7, 0xF0, 0x07, 0xFF,
  0xCF, 0xE0, 0x0F, 0xFF, 0x9F, 0xC0, 0x1F, 0xFF, 0x3F, 0x80, 0x3F, 0xFE,
  0x7F, 0x00, 0x7F, 0xFC, 0xFE, 0x00, 0xFF, 0xF9, 0xFC, 0x01, 0xFF, 0xF3,
  0xDC, 0x03, 0xFF, 0xC0, 0x18, 0x07, 0xFF, 0x00, 0x38, 0x0F, 0xFC, 0x00,
  0x30, 0x1F, 0xF0, 0x00, 0x40, 0x3F, 0x80, 0x00, 0x00, 0x7E, 0x00, 0x00,
  0x00, 0xF8, 0x00, 0x00, 0x01, 0xE0, 0x00, 0x00, 0x03, 0x00, 0x00, 0x00,
  0x10, 0x00, 0x40, 0x00, 0x01, 0x80, 0x06, 0x00, 0x00, 0x1C, 0x00, 0x78,
  0x00, 0x03, 0x80, 0x07, 0xC0, 0x00, 0x30, 0x80, 0x7E, 0x00, 0x07, 0x1C,
  0x07, 0xF0, 0x00, 0x61, 0x80, 0x7F, 0x80, 0x06, 0x38, 0x07, 0xFE, 0x00,
  0x63, 0x08, 0x7F, 0xF0, 0x0E, 0x31, 0xC7, 0xFF, 0x80, 0xE3, 0x18, 0x7F,
  0xFC, 0xFC, 0x71, 0x87, 0xFF, 0xCF, 0xC6, 0x38, 0x7F, 0xFC, 0xFC, 0x63,
  0x07, 0xFF, 0xCF, 0xC6, 0x30, 0x7F, 0xFC, 0xFC, 0x63, 0x07, 0xFF, 0xCF,
  0xC6, 0x30, 0x7F, 0xFC, 0xFC, 0x63, 0x87, 0xFF, 0xCF, 0xC7, 0x38, 0x7F,
  0xFC, 0xFC, 0x71, 0x87, 0xFF, 0xCF, 0xE3, 0x1C, 0x7F, 0xFC, 0xF6, 0x30,
  0x87, 0xFF, 0x80, 0x63, 0x80, 0x7F, 0xF0, 0x06, 0x18, 0x07, 0xFC, 0x00,
  0x71, 0xC0, 0x7F, 0x80, 0x03, 0x08, 0x07, 0xF0, 0x00, 0x38, 0x00, 0x7E,
  0x00, 0x03, 0x80, 0x07, 0x80, 0x00, 0x1C, 0x00, 0x70, 0x00, 0x01, 0x00,
  0x06, 0x00, 0x00
  /* range 1 (0x1f5a9 - 0x1f5ab): */  , 0xFF, 0xFF, 0xFF, 0xFF, 0xFF, 0xFF, 0xFF, 0xFF, 0xFF,
  0xFC, 0x00, 0x07, 0x80, 0x00, 0xF0, 0x00, 0x1E, 0x00, 0x03, 0xFF, 0xFF,
  0xFF, 0xFF, 0xFF, 0x11, 0x19, 0xE2, 0x23, 0x3F, 0xFF, 0xFF, 0x88, 0x88,
  0xF1, 0x11, 0x1E, 0x73, 0x33, 0xFF, 0xFF, 0xF8, 0x88, 0x8F, 0x11, 0x11,
  0xFF, 0xFF, 0xFC, 0xE6, 0x67, 0x88, 0x88, 0xF1, 0x11, 0x1F, 0xFF, 0xE3,
  0xC4, 0x44, 0x78, 0x88, 0xBF, 0x11, 0x11, 0xFF, 0xFF, 0xFF, 0xFF, 0xFE,
  0xFF, 0xFF, 0xFF, 0xFC, 0x7F, 0xFF, 0xFF, 0xE3, 0xFF, 0xFF, 0xFF, 0xDF,
  0xFF, 0xFF, 0xF8, 0xFF, 0xFF, 0xFF, 0xFF, 0xFF, 0xFF, 0xFF, 0xFF, 0xFF,
  0xFF, 0xFF, 0xFF, 0xFF, 0xFF, 0xFF, 0xFF, 0xFF, 0xFF, 0xFF, 0xFF, 0xFF,
  0xFF, 0xFF, 0x7F, 0xFF, 0xFF, 0xE0, 0xFF, 0xFF, 0xFE, 0x03, 0xFF, 0xFF,
  0xF0, 0x1F, 0xFF, 0xFF, 0x88, 0x7F, 0xFF, 0xFC, 0x03, 0xFF, 0xFF, 0xE0,
  0x3F, 0xFF, 0xFF, 0x81, 0xFF, 0xFF, 0xFE, 0x3F, 0xFF, 0xFF, 0xFF, 0xFF,
  0xFF, 0xF0, 0x00, 0x1F, 0xFF, 0x80, 0x0C, 0xFF, 0xFC, 0x00, 0x67, 0xFF,
  0xE0, 0x03, 0x3F, 0xFF, 0x00, 0x19, 0xFF, 0xF8, 0x00, 0xCF, 0xFF, 0xC0,
  0x06, 0x7F, 0xFE, 0x00, 0x03, 0xFF, 0xFF, 0xFF, 0xFF, 0x00, 0x7F, 0xFF,
  0xFF, 0xF7, 0xFF, 0xFF, 0xFF, 0xF1, 0x80, 0x00, 0xC3, 0x8C, 0x00, 0x06,
  0x1C, 0x67, 0xFE, 0x30, 0xE3, 0x00, 0x01, 0x87, 0x19, 0xFC, 0x0C, 0x38,
  0xC0, 0x00, 0x61, 0xC6, 0x7F, 0xC3, 0x0E, 0x30, 0x00, 0x18, 0x71, 0x80,
  0x00, 0xC3, 0x8C, 0x00, 0x06, 0x1C, 0x7F, 0xFF, 0xF0, 0xE3, 0xFF, 0xFF,
  0x87, 0x00, 0x00, 0x00, 0x38, 0x00, 0x00, 0x01, 0xC0, 0x00, 0x00, 0x0E,
  0x00, 0x00, 0x00, 0x70, 0x00, 0x00, 0x03, 0x80, 0x00, 0x00, 0x1C, 0x03,
  0xFF, 0xE0, 0xE0, 0x18, 0xFF, 0x07, 0x00, 0xC7, 0xF8, 0x38, 0x06, 0x3F,
  0xC1, 0xC0, 0x31, 0xFE, 0x0B, 0x01, 0x8F, 0xF0, 0x4C, 0x0C, 0x7F, 0x82,
  0x30, 0x63, 0xFC, 0x10, 0xFF, 0xFF, 0xFF, 0x80
  /* range 2 (0x1f5b3 - 0x1f5bc): */  , 0x00, 0x07, 0xFF, 0xFF,
  0xE0, 0x00, 0x00, 0x0F, 0xFF, 0xFF, 0xF0, 0x00, 0x00, 0x0F, 0xFF, 0xFF,
  0xF0, 0x00, 0x7F, 0x8E, 0x00, 0x00, 0x30, 0x00, 0xFF, 0xCE, 0x00, 0x00,
  0x30, 0x00, 0xFF, 0xCE, 0x00, 0x00, 0x30, 0x00, 0xFF, 0xCE, 0x00, 0x00,
  0x30, 0x00, 0xFF, 0xCE, 0x00, 0x00, 0x30, 0x00, 0x80, 0x4E, 0x00, 0x00,
  0x30, 0x00, 0xFF, 0xCE, 0x00, 0x00, 0x30, 0x00, 0xFF, 0xCE, 0x00, 0x00,
  0x30, 0x00, 0xFF, 0xCE, 0x00, 0x00, 0x30, 0x00, 0xFF, 0xCE, 0x00, 0x00,
  0x30, 0x00, 0xFF, 0xCE, 0x00, 0x00, 0x30, 0x00, 0xFF, 0xCE, 0x00, 0x00,
  0x30, 0x00, 0xFF, 0xCE, 0x00, 0x00, 0x30, 0x00, 0xFF, 0xCE, 0x00, 0x00,
  0x30, 0x00, 0xFF, 0xCE, 0x00, 0x00, 0x30, 0x00, 0xFF, 0xCE, 0x00, 0x00,
  0x30, 0x00, 0xFF, 0xCF, 0xFF, 0xFF, 0xF0, 0x00, 0xFF, 0xCF, 0xFF, 0xFF,
  0xF0, 0x00, 0xFF, 0xCF, 0xFF, 0xFF, 0xF0, 0x00, 0xFF, 0xCF, 0xFF, 0xFF,
  0xF0, 0x00, 0xFF, 0xC7, 0xFF, 0xFF, 0xF0, 0x00, 0xFF, 0xC0, 0x7F, 0xFE,
  0x00, 0x00, 0xF3, 0xC0, 0x7F, 0xFE, 0x00, 0x00, 0xF3, 0xC0, 0xFF, 0xFF,
  0x00, 0x00, 0xFF, 0xC1, 0xFF, 0xFF, 0x80, 0x00, 0xFF, 0xC1, 0xFF, 0xFF,
  0x9E, 0x00, 0x7F, 0x80, 0x00, 0x00, 0x01, 0x00, 0x00, 0x00, 0x00, 0x00,
  0x01, 0x00, 0x00, 0x3F, 0xFF, 0xFF, 0xF9, 0x00, 0x00, 0x3F, 0xFF, 0xFF,
  0xF9, 0x00, 0x00, 0x30, 0x00, 0x00, 0x19, 0xF8, 0x00, 0x7F, 0xFF, 0xFF,
  0xF8, 0xFE, 0x00, 0x7F, 0xFF, 0xFF, 0xFC, 0x7F, 0x00, 0x60, 0x00, 0x00,
  0x0C, 0x7F, 0x00, 0x7F, 0xFF, 0xFF, 0xFC, 0x3F, 0x00, 0x7F, 0xFF, 0xFF,
  0xFC, 0x0E, 0x03, 0xFF, 0xFF, 0xFC, 0x00, 0xFF, 0x80, 0xFF, 0x80, 0x1F,
  0x80, 0x03, 0xF8, 0x07, 0xE0, 0x00, 0x1F, 0x00, 0xF8, 0x4F, 0x03, 0xF0,
  0x3F, 0xF3, 0xE0, 0x7E, 0x07, 0xE0, 0x00, 0x0F, 0xE1, 0xFE, 0x00, 0x03,
  0xFC, 0x3F, 0xF0, 0x01, 0xFF, 0xCF, 0xFF, 0xFF, 0xFF, 0xF9, 0xFF, 0xFF,
  0xFF, 0xFF, 0x80, 0x00, 0x00, 0x00, 0x0F, 0xFF, 0xFF, 0xFF, 0xFF, 0xFF,
  0xFF, 0xFF, 0xFF, 0xF0, 0x00, 0x00, 0x00, 0x0E, 0x00, 0x00, 0x00, 0x01,
  0xFF, 0xFF, 0xFF, 0xFF, 0xFF, 0xFF, 0xFF, 0xFF, 0xFF, 0xFF, 0xFF, 0xFF,
  0xF9, 0xFF, 0xFF, 0xFF, 0xFF, 0x3F, 0xFF, 0xFF, 0xFF, 0xFF, 0xFF, 0xFF,
  0xFF, 0xFF, 0xFF, 0xFF, 0xFF, 0xFF, 0xFB, 0xFF, 0xFF, 0xFF, 0xFF, 0x7F,
  0xFF, 0xFF, 0xFF, 0xFB, 0xFF, 0xFF, 0xFF, 0xFF, 0xFF, 0xFF, 0xFF, 0xFF,
  0xFF, 0xF8, 0x00, 0x00, 0x00, 0x07, 0xC0, 0x00, 0x00, 0x00, 0x1F, 0x00,
  0x00, 0x00, 0x00, 0x7C, 0x00, 0x00, 0x00, 0x01, 0xF0, 0x00, 0x00, 0x00,
  0x07, 0xC0, 0x00, 0x00, 0x00, 0x1F, 0x00, 0x00, 0x00, 0x00, 0x7C, 0x00,
  0x00, 0x00, 0x01, 0xF0, 0x00, 0x00, 0x00, 0x07, 0xC0, 0x00, 0x00, 0x00,
  0x1F, 0x00, 0x00, 0x00, 0x00, 0x7C, 0x00, 0x00, 0x00, 0x01, 0xF0, 0x00,
  0x00, 0x00, 0x07, 0xC0, 0x00, 0x00, 0x00, 0x1F, 0x00, 0x00, 0x00, 0x00,
  0x7C, 0x00, 0x00, 0x00, 0x01, 0xF0, 0x00, 0x00, 0x00, 0x07, 0xC0, 0x00,
  0x00, 0x00, 0x1F, 0x00, 0x00, 0x00, 0x00, 0x7E, 0x00, 0x00, 0x00, 0x01,
  0xFF, 0xFF, 0xFF, 0xFF, 0xFF, 0xFF, 0xFF, 0xFF, 0xFF, 0xFF, 0xFF, 0xFF,
  0xFF, 0xFF, 0x7F, 0xFF, 0xFF, 0xFF, 0xFF, 0xDF, 0xFF, 0xFF, 0xFF, 0xFE,
  0x00, 0x00, 0x78, 0x00, 0x00, 0x00, 0x01, 0xE0, 0x00, 0x00, 0x00, 0xFF,
  0xFC, 0x00, 0x00, 0x07, 0xFF, 0xF8, 0x00, 0x00, 0x1F, 0xFF, 0xE0, 0x00,
  0x00, 0xFF, 0xFF, 0x80, 0x00, 0xFF, 0xFF, 0xE0, 0x00, 0x60, 0x00, 0x30,
  0x00, 0x30, 0x00, 0x18, 0x00, 0x18, 0x00, 0x0C, 0x00, 0x0C, 0x00, 0x06,
  0x00, 0x06, 0x00, 0x03, 0x00, 0x03, 0x00, 0x01, 0x80, 0x7F, 0xFF, 0xFF,
  0xFF, 0x7F, 0xFF, 0xFF, 0xFF, 0xFF, 0xFF, 0xFF, 0xFC, 0xFF, 0xFF, 0xFF,
  0xFE, 0x3F, 0xFF, 0xFF, 0xFF, 0x1F, 0xFF, 0xFF, 0xFF, 0xFF, 0xFF, 0xFF,
  0xFF, 0xFF, 0xFF, 0xFF, 0xFF, 0xFF, 0xFF, 0xFF, 0xFF, 0xFF, 0xFF, 0xFF,
  0xFF, 0xFF, 0xFF, 0xFF, 0xFF, 0xFF, 0xFF, 0xF0, 0x00, 0x1F, 0xFF, 0xF8,
  0x00, 0x0F, 0xFF, 0xFC, 0x00, 0x07, 0xFF, 0xFE, 0xFF, 0xFB, 0xFF, 0xFF,
  0x00, 0x01, 0xFE, 0x3F, 0x80, 0x00, 0xFE, 0x00, 0xDF, 0xFF, 0x60, 0x00,
  0x60, 0x00, 0x30, 0x00, 0x37, 0xFF, 0xD8, 0x00, 0x18, 0x00, 0x0C, 0x00,
  0x0C, 0x00, 0x06, 0x00, 0x07, 0xFF, 0xFF, 0x00, 0x03, 0xFF, 0xFF, 0x00,
  0x00, 0x0F, 0xFF, 0xF8, 0x00, 0x0F, 0xFF, 0xFE, 0x00, 0x06, 0x00, 0x03,
  0x00, 0x03, 0x7F, 0xFD, 0x80, 0x01, 0x80, 0x00, 0xC0, 0x00, 0xC0, 0x00,
  0x60, 0x00, 0x6F, 0xFF, 0xB0, 0x3F, 0x30, 0x00, 0x18, 0x5F, 0xBF, 0xFF,
  0xFF, 0x6F, 0xDF, 0xFF, 0xFF, 0xF7, 0xEF, 0xFF, 0xFC, 0xFB, 0xF7, 0xFF,
  0xFE, 0x3D, 0xFB, 0xFF, 0xFF, 0x1E, 0xFD, 0xFF, 0xFF, 0xFF, 0x7E, 0xFF,
  0xFF, 0xFF, 0xBF, 0x7F, 0xFF, 0xFF, 0xDF, 0xBF, 0xFF, 0xFF, 0xEF, 0xDF,
  0xFF, 0xFF, 0xF7, 0xEF, 0xFF, 0xFF, 0xFB, 0xF7, 0xFF, 0xFF, 0xFD, 0xFB,
  0xFF, 0xFF, 0xFE, 0x01, 0xC0, 0x00, 0x7F, 0xFF, 0xE0, 0x00, 0x3E, 0xFF,
  0xF7, 0xFF, 0xDE, 0x00, 0x18, 0x00, 0x0C, 0x00, 0x0D, 0xFF, 0xF6, 0x00,
  0x06, 0x00, 0x03, 0x00, 0x03, 0x00, 0x01, 0x80, 0x01, 0xBF, 0xFE, 0xC0,
  0x00, 0xC0, 0x00, 0x60, 0x00, 0x7F, 0xFF, 0xF0, 0x00, 0x3F, 0xFF, 0xF0,
  0xFF, 0xFF, 0xFF, 0xFF, 0xFF, 0xFF, 0xFF, 0xFF, 0xFF, 0xF8, 0x3F, 0xFF,
  0xFF, 0xC0, 0x03, 0xFF, 0xFF, 0x80, 0x01, 0xFF, 0xFE, 0x00, 0x00, 0x7F,
  0xFC, 0x00, 0x00, 0x3F, 0xF8, 0x00, 0x00, 0x1F, 0xF8, 0x00, 0x00, 0x1F,
  0xF0, 0x00, 0x00, 0x0F, 0xE0, 0x00, 0x00, 0x07, 0xE0, 0x00, 0x00, 0x07,
  0xE0, 0x00, 0x00, 0x07, 0xE0, 0x03, 0xC0, 0x07, 0xC0, 0x07, 0xE0, 0x03,
  0xC0, 0x06, 0x60, 0x03, 0xC0, 0x06, 0x60, 0x03, 0xC0, 0x03, 0xC0, 0x03,
  0xE0, 0x01, 0x80, 0x03, 0xE0, 0x00, 0x00, 0x07, 0xE0, 0x00, 0x00, 0x07,
  0xE0, 0x00, 0x00, 0x07, 0xF0, 0x00, 0x00, 0x0F, 0xF8, 0x00, 0x00, 0x1F,
  0xF8, 0x00, 0x00, 0x1F, 0xFC, 0x00, 0x00, 0x3F, 0xFE, 0x00, 0x00, 0x7F,
  0xFF, 0x80, 0x01, 0xFF, 0xFF, 0xC0, 0x03, 0xFF, 0xFF, 0xFC, 0x3F, 0xFF,
  0xFF, 0xFF, 0xFF, 0xFF, 0xFF, 0xFF, 0xFF, 0xFF, 0xFF, 0xFF, 0xE0, 0x10,
  0x00, 0x07, 0x02, 0x00, 0x00, 0xF8, 0x40, 0x00, 0x1F, 0x88, 0x00, 0x03,
  0xF9, 0x00, 0x00, 0x7F, 0xA3, 0xFE, 0x00, 0x74, 0x7F, 0xC0, 0x03, 0x80,
  0x00, 0x00, 0x30, 0x00, 0x00, 0x06, 0x00, 0x00, 0x00, 0xC7, 0xFF, 0xFF,
  0x98, 0xFF, 0xFF, 0xE3, 0x00, 0x00, 0x00, 0x60, 0x00, 0x00, 0x0C, 0x7F,
  0xFF, 0x81, 0x8F, 0xFF, 0xF0, 0x30, 0x00, 0x00, 0x06, 0x00, 0x00, 0x00,
  0xC7, 0xFF, 0xFF, 0x98, 0xFF, 0xFF, 0xE3, 0x00, 0x00, 0x00, 0x60, 0x00,
  0x00, 0x0C, 0x7F, 0xFF, 0xC1, 0x8F, 0xFF, 0xFC, 0x30, 0x00, 0x00, 0x06,
  0x00, 0x00, 0x00, 0xC0, 0x00, 0x00, 0x18, 0x00, 0x00, 0x03, 0x00, 0x00,
  0x00, 0x60, 0x00, 0x00, 0x0C, 0x00, 0x00, 0x01, 0x80, 0x00, 0x00, 0x3F,
  0xFF, 0xFF, 0xFC, 0xFF, 0xFF, 0xE0, 0x10, 0x00, 0x07, 0x02, 0x00, 0x00,
  0xF8, 0x47, 0xFF, 0xDF, 0x88, 0xFF, 0xFB, 0xF9, 0x1F, 0xCF, 0x7F, 0xA3,
  0x39, 0xE0, 0xF4, 0x43, 0x84, 0x03, 0x88, 0x20, 0x80, 0x31, 0xF0, 0x10,
  0x06, 0x3E, 0x02, 0x00, 0xC7, 0x80, 0x40, 0x18, 0xFF, 0xF8, 0x03, 0x00,
  0x00, 0x00, 0x60, 0x00, 0x00, 0x0C, 0x7F, 0xFF, 0xF9, 0x8F, 0xFF, 0xFE,
  0x30, 0x00, 0x00, 0x06, 0x00, 0x00, 0x00, 0xC7, 0xFF, 0xF8, 0x18, 0xFF,
  0xFE, 0x03, 0x00, 0x00, 0x00, 0x60, 0x00, 0x00, 0x0C, 0x7F, 0xFF, 0xF1,
  0x8F, 0xFF, 0xFF, 0x30, 0x00, 0x00, 0x06, 0x00, 0x00, 0x00, 0xC7, 0xFF,
  0xFC, 0x18, 0xFF, 0xFF, 0xC3, 0x00, 0x00, 0x00, 0x60, 0x00, 0x00, 0x0C,
  0x00, 0x00, 0x01, 0x80, 0x00, 0x00, 0x3F, 0xFF, 0xFF, 0xFC, 0xFF, 0xFF,
  0xE0, 0x10, 0x00, 0x07, 0x02, 0x00, 0x00, 0xF8, 0x40, 0x00, 0x1F, 0x88,
  0x00, 0x03, 0xF9, 0x00, 0x00, 0x7F, 0xA0, 0x00, 0x00, 0xF4, 0x00, 0x00,
  0x03, 0x80, 0x00, 0x00, 0x30, 0x00, 0x00, 0x06, 0x00, 0x00, 0x00, 0xC7,
  0xFF, 0xFF, 0x98, 0xFF, 0xFF, 0xF3, 0x1F, 0xFE, 0xFE, 0x63, 0xFF, 0x8F,
  0xCC, 0x70, 0xF9, 0xF9, 0x8C, 0x0F, 0xE1, 0x31, 0x00, 0xE0, 0x26, 0x20,
  0x10, 0x04, 0xC7, 0xE0, 0x00, 0x98, 0xFF, 0x00, 0x13, 0x1F, 0xC0, 0x02,
  0x63, 0xF8, 0x00, 0x4C, 0x7E, 0x00, 0x09, 0x8F, 0xFF, 0xFF, 0x30, 0x00,
  0x00, 0x06, 0x00, 0x00, 0x00, 0xC0, 0x00, 0x00, 0x18, 0x00, 0x00, 0x03,
  0x00, 0x00, 0x00, 0x60, 0x00, 0x00, 0x0C, 0x00, 0x00, 0x01, 0x80, 0x00,
  0x00, 0x3F, 0xFF, 0xFF, 0xFC, 0x10, 0x02, 0x00, 0x80, 0x11, 0xF8, 0x3E,
  0x1F, 0x87, 0xE7, 0xFF, 0xFF, 0xFF, 0xFF, 0xFF, 0xFF, 0xFF, 0xFF, 0xFF,
  0x7F, 0xFF, 0xFF, 0xFF, 0xFD, 0xE0, 0x00, 0x00, 0x01, 0xE3, 0x80, 0x00,
  0x00, 0x03, 0x8E, 0x00, 0x00, 0x00, 0x0E, 0x38, 0x00, 0x03, 0x80, 0x38,
  0xE0, 0x00, 0x0E, 0x00, 0xE7, 0x81, 0xC0, 0x38, 0x03, 0x9E, 0x1F, 0x80,
  0xE0, 0x0F, 0xF8, 0xFF, 0x00, 0x0F, 0x3F, 0xE7, 0xFE, 0x03, 0xFC, 0xFF,
  0xBF, 0xFC, 0x3F, 0xF3, 0xFE, 0xFF, 0xFB, 0xFF, 0xCF, 0xF8, 0x1F, 0xFF,
  0xFF, 0x3F, 0xE0, 0x0F, 0xFF, 0xFC, 0xF7, 0x80, 0x0F, 0xFF, 0xF3, 0xDE,
  0x00, 0x3F, 0xFF, 0xCE, 0x38, 0x01, 0xFF, 0xFF, 0x38, 0xE0, 0x07, 0xFF,
  0xFC, 0xE3, 0x80, 0x3F, 0xFF, 0xF3, 0x8E, 0x00, 0xFF, 0xFF, 0xCE, 0x78,
  0x00, 0x00, 0x00, 0x79, 0xFF, 0xFF, 0xFF, 0xFF, 0xFF, 0xFF, 0xFF, 0xFF,
  0xFF, 0xDF, 0xFF, 0xFF, 0xFF, 0xFF, 0x7E, 0x0F, 0x87, 0xE1, 0xF8
  /* range 3 (0x1f5ca - 0x1f5ca): */  , 0x00,
  0xFF, 0xFF, 0xFF, 0x00, 0x80, 0x00, 0x01, 0x00, 0x80, 0x00, 0x01, 0x00,
  0x80, 0x00, 0x01, 0x0F, 0xFF, 0xFF, 0xF1, 0x08, 0x00, 0x00, 0x11, 0x08,
  0x00, 0x00, 0x11, 0x08, 0x00, 0x00, 0x11, 0xFF, 0xFF, 0xFF, 0x91, 0x80,
  0x00, 0x01, 0x91, 0x80, 0x00, 0x01, 0x91, 0x80, 0x00, 0x01, 0x91, 0x80,
  0x00, 0x01, 0x91, 0x83, 0xFC, 0x01, 0x91, 0x87, 0xFE, 0x01, 0x91, 0x80,
  0x00, 0x01, 0x91, 0x80, 0x00, 0x01, 0x91, 0x83, 0xFC, 0x01, 0x91, 0x87,
  0xFE, 0x01, 0x91, 0x80, 0x00, 0x01, 0x91, 0x80, 0x00, 0x01, 0x91, 0x83,
  0xFC, 0x01, 0x91, 0x87, 0xFE, 0x01, 0x91, 0x80, 0x00, 0x01, 0x91, 0x80,
  0x00, 0x01, 0x9F, 0x80, 0x00, 0x01, 0x90, 0x87, 0xFE, 0x01, 0x90, 0x83,
  0xFC, 0x01, 0x90, 0x80, 0x00, 0x01, 0xF0, 0x80, 0x00, 0x01, 0x80, 0x80,
  0x00, 0x01, 0x80, 0x80, 0x00, 0x01, 0x80, 0xFF, 0xFF, 0xFF, 0x80
 };

const GFXglyph NotoSansSymbols2_Regular_Util_20pt16bGlyphs[] PROGMEM = {
// bmpOff,   w,   h,xAdv, xOff, yOff      range 0 (0x1f568 - 0x1f56a)
  {     0,  20,  30,  42,   11,  -29 },   // 0x1F568 u1F568  (#0)
  {    75,  31,  30,  42,    6,  -29 },   // 0x1F569 u1F569  (#1)
  {   192,  36,  30,  42,    3,  -29 },   // 0x1F56A u1F56A  (#2)
  {     0,   0,   0,   0,    0,    0 },   // 0x1F56B (skip)
  {     0,   0,   0,   0,    0,    0 },   // 0x1F56C (skip)
  {     0,   0,   0,   0,    0,    0 },   // 0x1F56D (skip)
  {     0,   0,   0,   0,    0,    0 },   // 0x1F56E (skip)
  {     0,   0,   0,   0,    0,    0 },   // 0x1F56F (skip)
  {     0,   0,   0,   0,    0,    0 },   // 0x1F570 (skip)
  {     0,   0,   0,   0,    0,    0 },   // 0x1F571 (skip)
  {     0,   0,   0,   0,    0,    0 },   // 0x1F572 (skip)
  {     0,   0,   0,   0,    0,    0 },   // 0x1F573 (skip)
  {     0,   0,   0,   0,    0,    0 },   // 0x1F574 (skip)
  {     0,   0,   0,   0,    0,    0 },   // 0x1F575 (skip)
  {     0,   0,   0,   0,    0,    0 },   // 0x1F576 (skip)
  {     0,   0,   0,   0,    0,    0 },   // 0x1F577 (skip)
  {     0,   0,   0,   0,    0,    0 },   // 0x1F578 (skip)
  {     0,   0,   0,   0,    0,    0 },   // 0x1F579 (skip)
  {     0,   0,   0,   0,    0,    0 },   // 0x1F57A (skip)
  {     0,   0,   0,   0,    0,    0 },   // 0x1F57B (skip)
  {     0,   0,   0,   0,    0,    0 },   // 0x1F57C (skip)
  {     0,   0,   0,   0,    0,    0 },   // 0x1F57D (skip)
  {     0,   0,   0,   0,    0,    0 },   // 0x1F57E (skip)
  {     0,   0,   0,   0,    0,    0 },   // 0x1F57F (skip)
  {     0,   0,   0,   0,    0,    0 },   // 0x1F580 (skip)
  {     0,   0,   0,   0,    0,    0 },   // 0x1F581 (skip)
  {     0,   0,   0,   0,    0,    0 },   // 0x1F582 (skip)
  {     0,   0,   0,   0,    0,    0 },   // 0x1F583 (skip)
  {     0,   0,   0,   0,    0,    0 },   // 0x1F584 (skip)
  {     0,   0,   0,   0,    0,    0 },   // 0x1F585 (skip)
  {     0,   0,   0,   0,    0,    0 },   // 0x1F586 (skip)
  {     0,   0,   0,   0,    0,    0 },   // 0x1F587 (skip)
  {     0,   0,   0,   0,    0,    0 },   // 0x1F588 (skip)
  {     0,   0,   0,   0,    0,    0 },   // 0x1F589 (skip)
  {     0,   0,   0,   0,    0,    0 },   // 0x1F58A (skip)
  {     0,   0,   0,   0,    0,    0 },   // 0x1F58B (skip)
  {     0,   0,   0,   0,    0,    0 },   // 0x1F58C (skip)
  {     0,   0,   0,   0,    0,    0 },   // 0x1F58D (skip)
  {     0,   0,   0,   0,    0,    0 },   // 0x1F58E (skip)
  {     0,   0,   0,   0,    0,    0 },   // 0x1F58F (skip)
  {     0,   0,   0,   0,    0,    0 },   // 0x1F590 (skip)
  {     0,   0,   0,   0,    0,    0 },   // 0x1F591 (skip)
  {     0,   0,   0,   0,    0,    0 },   // 0x1F592 (skip)
  {     0,   0,   0,   0,    0,    0 },   // 0x1F593 (skip)
  {     0,   0,   0,   0,    0,    0 },   // 0x1F594 (skip)
  {     0,   0,   0,   0,    0,    0 },   // 0x1F595 (skip)
  {     0,   0,   0,   0,    0,    0 },   // 0x1F596 (skip)
  {     0,   0,   0,   0,    0,    0 },   // 0x1F597 (skip)
  {     0,   0,   0,   0,    0,    0 },   // 0x1F598 (skip)
  {     0,   0,   0,   0,    0,    0 },   // 0x1F599 (skip)
  {     0,   0,   0,   0,    0,    0 },   // 0x1F59A (skip)
  {     0,   0,   0,   0,    0,    0 },   // 0x1F59B (skip)
  {     0,   0,   0,   0,    0,    0 },   // 0x1F59C (skip)
  {     0,   0,   0,   0,    0,    0 },   // 0x1F59D (skip)
  {     0,   0,   0,   0,    0,    0 },   // 0x1F59E (skip)
  {     0,   0,   0,   0,    0,    0 },   // 0x1F59F (skip)
  {     0,   0,   0,   0,    0,    0 },   // 0x1F5A0 (skip)
  {     0,   0,   0,   0,    0,    0 },   // 0x1F5A1 (skip)
  {     0,   0,   0,   0,    0,    0 },   // 0x1F5A2 (skip)
  {     0,   0,   0,   0,    0,    0 },   // 0x1F5A3 (skip)
  {     0,   0,   0,   0,    0,    0 },   // 0x1F5A4 (skip)
  {     0,   0,   0,   0,    0,    0 },   // 0x1F5A5 (skip)
  {     0,   0,   0,   0,    0,    0 },   // 0x1F5A6 (skip)
  {     0,   0,   0,   0,    0,    0 },   // 0x1F5A7 (skip)
  {     0,   0,   0,   0,    0,    0 },   // 0x1F5A8 (skip)
// bmpOff,   w,   h,xAdv, xOff, yOff      range 1 (0x1f5a9 - 0x1f5ab)
  {   327,  19,  29,  23,    2,  -28 },   // 0x1F5A9 u1F5A9  (#3)
  {   396,  29,  29,  33,    2,  -27 },   // 0x1F5AA u1F5AA  (#4)
  {   502,  29,  29,  33,    2,  -28 },   // 0x1F5AB u1F5AB  (#5)
  {     0,   0,   0,   0,    0,    0 },   // 0x1F5AC (skip)
  {     0,   0,   0,   0,    0,    0 },   // 0x1F5AD (skip)
  {     0,   0,   0,   0,    0,    0 },   // 0x1F5AE (skip)
  {     0,   0,   0,   0,    0,    0 },   // 0x1F5AF (skip)
  {     0,   0,   0,   0,    0,    0 },   // 0x1F5B0 (skip)
  {     0,   0,   0,   0,    0,    0 },   // 0x1F5B1 (skip)
  {     0,   0,   0,   0,    0,    0 },   // 0x1F5B2 (skip)
// bmpOff,   w,   h,xAdv, xOff, yOff      range 2 (0x1f5b3 - 0x1f5bc)
  {   608,  48,  39,  52,    2,  -33 },   // 0x1F5B3 u1F5B3  (#6)
  {   842,  35,  24,  39,    2,  -23 },   // 0x1F5B4 u1F5B4  (#7)
  {   947,  38,  33,  42,    2,  -31 },   // 0x1F5B5 u1F5B5  (#8)
  {  1104,  33,  32,  37,    2,  -28 },   // 0x1F5B6 u1F5B6  (#9)
  {  1236,  33,  32,  37,    2,  -28 },   // 0x1F5B7 u1F5B7  (#10)
  {  1368,  32,  32,  36,    2,  -29 },   // 0x1F5B8 u1F5B8  (#11)
  {  1496,  27,  34,  31,    2,  -31 },   // 0x1F5B9 u1F5B9  (#12)
  {  1611,  27,  34,  31,    2,  -31 },   // 0x1F5BA u1F5BA  (#13)
  {  1726,  27,  34,  31,    2,  -31 },   // 0x1F5BB u1F5BB  (#14)
  {  1841,  38,  29,  42,    2,  -28 },   // 0x1F5BC u1F5BC  (#15)
  {     0,   0,   0,   0,    0,    0 },   // 0x1F5BD (skip)
  {     0,   0,   0,   0,    0,    0 },   // 0x1F5BE (skip)
  {     0,   0,   0,   0,    0,    0 },   // 0x1F5BF (skip)
  {     0,   0,   0,   0,    0,    0 },   // 0x1F5C0 (skip)
  {     0,   0,   0,   0,    0,    0 },   // 0x1F5C1 (skip)
  {     0,   0,   0,   0,    0,    0 },   // 0x1F5C2 (skip)
  {     0,   0,   0,   0,    0,    0 },   // 0x1F5C3 (skip)
  {     0,   0,   0,   0,    0,    0 },   // 0x1F5C4 (skip)
  {     0,   0,   0,   0,    0,    0 },   // 0x1F5C5 (skip)
  {     0,   0,   0,   0,    0,    0 },   // 0x1F5C6 (skip)
  {     0,   0,   0,   0,    0,    0 },   // 0x1F5C7 (skip)
  {     0,   0,   0,   0,    0,    0 },   // 0x1F5C8 (skip)
  {     0,   0,   0,   0,    0,    0 },   // 0x1F5C9 (skip)
// bmpOff,   w,   h,xAdv, xOff, yOff      range 3 (0x1f5ca - 0x1f5ca)
  {  1979,  32,  33,  36,    2,  -30 } }; // 0x1F5CA u1F5CA  (#16)

const GFXfont NotoSansSymbols2_Regular_Util_20pt16b PROGMEM = {
  (uint8_t  *)NotoSansSymbols2_Regular_Util_20pt16bBitmaps,
  (GFXglyph *)NotoSansSymbols2_Regular_Util_20pt16bGlyphs,
  0x1F568, // first
  0x1F5CA, // last
  50   //height
 };

// Approx. 2811 bytes

// /tmp/fontconvert_pinned -f /home/user/qmk_firmware/keyboards/polykybd/fonts/Noto_Sans_Symbols_2/NotoSansSymbols2-Regular.ttf -s 18 -v _Window_ -r 50 -b 32 128468 128475 
// Visualize your font via https://tchapi.github.io/Adafruit-GFX-Font-Customiser

/* num ranges: 1 */
const uint8_t NotoSansSymbols2_Regular_Window_18pt16bBitmaps[] PROGMEM = {
  /* range 0 (0x1f5d4 - 0x1f5db): */  0xFF, 0xFF, 0xFF, 0xFF, 0xF1, 0x7F, 0xFF, 0xFF, 0x5F, 0xFF, 0xFF, 0xFF,
  0xFE, 0x00, 0x00, 0x00, 0x01, 0x80, 0x00, 0x00, 0x00, 0x60, 0x00, 0x00,
  0x00, 0x18, 0x00, 0x00, 0x00, 0x06, 0x00, 0x00, 0x00, 0x01, 0x80, 0x00,
  0x00, 0x00, 0x60, 0x00, 0x00, 0x00, 0x38, 0x00, 0x00, 0x00, 0x0E, 0x00,
  0x00, 0x00, 0x03, 0x80, 0x00, 0x00, 0x00, 0xE0, 0x00, 0x00, 0x00, 0x38,
  0x00, 0x00, 0x00, 0x0E, 0x00, 0x00, 0x00, 0x03, 0x80, 0x00, 0x00, 0x00,
  0xE0, 0x00, 0x00, 0x00, 0x38, 0x00, 0x00, 0x10, 0x0E, 0x00, 0x00, 0x0B,
  0x03, 0x80, 0x00, 0x02, 0x20, 0xE0, 0x00, 0x00, 0x50, 0x38, 0x00, 0x00,
  0x1A, 0x0E, 0x00, 0x00, 0x01, 0x01, 0x80, 0x00, 0x00, 0x00, 0x60, 0x00,
  0x00, 0x00, 0x18, 0x00, 0x00, 0x00, 0x07, 0xFF, 0xFF, 0xFF, 0xFF, 0xFF,
  0xFF, 0xFF, 0xFF, 0xFF, 0xFF, 0xFF, 0xFF, 0xFF, 0xFF, 0xFF, 0xFF, 0xFF,
  0x80, 0xFF, 0xFF, 0xFF, 0xFF, 0xFF, 0xFF, 0xFF, 0xFF, 0xFF, 0xFF, 0xFF,
  0xFF, 0xFF, 0xFF, 0xFF, 0xFF, 0xFF, 0xFF, 0xFF, 0xFF, 0xFF, 0xFF, 0xFF,
  0xFF, 0xFF, 0xFF, 0xFF, 0xFF, 0xFF, 0xFF, 0xFF, 0xFF, 0xFF, 0x80, 0x00,
  0x03, 0xFC, 0x00, 0x00, 0x1F, 0xE0, 0x00, 0x00, 0xFF, 0x00, 0x00, 0x07,
  0xF8, 0x00, 0x00, 0x3F, 0xC0, 0x00, 0x01, 0xFE, 0x00, 0x00, 0x0F, 0xF0,
  0x00, 0x00, 0x7F, 0x80, 0x00, 0x03, 0xFC, 0x00, 0x00, 0x1F, 0xE0, 0x00,
  0x00, 0xFF, 0x00, 0x00, 0x07, 0xF8, 0x00, 0x00, 0x3F, 0xC0, 0x00, 0x01,
  0xFE, 0x00, 0x00, 0x0F, 0xF0, 0x00, 0x00, 0x7F, 0x80, 0x00, 0x03, 0xFF,
  0xFF, 0xFF, 0xFF, 0xFF, 0xFF, 0xFF, 0xFF, 0xFF, 0xFF, 0xFF, 0xFF, 0xFF,
  0xFF, 0xFC, 0x00, 0x7F, 0xFF, 0xF8, 0x03, 0xFF, 0xFF, 0xC0, 0x1F, 0xFF,
  0xFE, 0x00, 0xFF, 0xFF, 0xF0, 0x07, 0xFF, 0xFF, 0x80, 0x3F, 0xFF, 0xFC,
  0x01, 0xE0, 0x00, 0xE0, 0x0F, 0x00, 0x07, 0x00, 0x78, 0x00, 0x3F, 0xFF,
  0xFF, 0x81, 0xFF, 0xFF, 0xFC, 0x0F, 0xFF, 0xFF, 0xE0, 0x7F, 0xFF, 0xFF,
  0x03, 0xFF, 0xFF, 0xF8, 0x1F, 0xFF, 0xFF, 0xC0, 0xFC, 0x00, 0x1E, 0x07,
  0xE0, 0x00, 0xF0, 0x3F, 0x00, 0x07, 0xFF, 0xF8, 0x00, 0x3F, 0xFF, 0xC0,
  0x01, 0xFF, 0xFE, 0x00, 0x0F, 0x00, 0x70, 0x00, 0x78, 0x03, 0x80, 0x03,
  0xC0, 0x1C, 0x00, 0x1E, 0x00, 0xE0, 0x00, 0xF0, 0x07, 0x00, 0x07, 0x80,
  0x3F, 0xFF, 0xFC, 0x01, 0xFF, 0xFF, 0xE0, 0x0F, 0xFF, 0xFF, 0x00, 0x00,
  0x00, 0x40, 0x00, 0x00, 0x06, 0x00, 0x00, 0x00, 0xE0, 0x00, 0x00, 0x1E,
  0x00, 0x00, 0x07, 0xE0, 0x00, 0x03, 0xFF, 0x00, 0x01, 0xFF, 0xC0, 0x00,
  0x7D, 0xF0, 0x10, 0x1F, 0x3C, 0x07, 0x07, 0x87, 0x00, 0xF0, 0xE0, 0xC0,
  0x0F, 0x3C, 0x10, 0x01, 0xE7, 0x04, 0x00, 0x1F, 0xE0, 0x00, 0x03, 0xF8,
  0x00, 0x00, 0x3F, 0x00, 0x00, 0x07, 0xE0, 0x00, 0x00, 0xFC, 0x00, 0x00,
  0x1F, 0x80, 0x00, 0x03, 0xF0, 0x00, 0x00, 0x7E, 0x00, 0x00, 0x0F, 0xE0,
  0x00, 0x03, 0xDC, 0x00, 0x10, 0x73, 0xC0, 0x04, 0x1E, 0x3C, 0x01, 0x83,
  0x87, 0xC0, 0x70, 0xF0, 0x70, 0x1E, 0x7C, 0x04, 0x07, 0xFF, 0x00, 0x01,
  0xFF, 0xC0, 0x00, 0x3F, 0xE0, 0x00, 0x03, 0xF0, 0x00, 0x00, 0x3E, 0x00,
  0x00, 0x01, 0xC0, 0x00, 0x00, 0x18, 0x00, 0x00, 0x01, 0x00, 0x00, 0x20,
  0x00, 0x08, 0xE0, 0x00, 0x33, 0xE0, 0x00, 0xF7, 0xE0, 0x03, 0xF7, 0xE0,
  0x0F, 0xC7, 0xE0, 0x3F, 0x07, 0xE0, 0xFC, 0x07, 0xC3, 0xF0, 0x07, 0xCF,
  0xC0, 0x07, 0xFF, 0x00, 0x0F, 0xFC, 0x00, 0x0F, 0xF0, 0x00, 0x0F, 0xC0,
  0x00, 0x3F, 0xC0, 0x00, 0xFF, 0xC0, 0x03, 0xFF, 0xC0, 0x0F, 0xCF, 0xC0,
  0x3F, 0x0F, 0xC0, 0xFC, 0x0F, 0xC3, 0xF0, 0x0F, 0xCF, 0xC0, 0x0F, 0xDF,
  0x00, 0x0F, 0xDC, 0x00, 0x0F, 0x10, 0x00, 0x0C, 0x00, 0x00, 0x00, 0x0F,
  0x80, 0x00, 0x00, 0x00, 0x03, 0xF8, 0x00, 0x00, 0x00, 0x00, 0x7F, 0x00,
  0x00, 0x00, 0x00, 0x0F, 0xE0, 0x00, 0x00, 0x00, 0x03, 0xFE, 0x00, 0x00,
  0x00, 0x00, 0x7F, 0xC0, 0x00, 0x00, 0x00, 0x1F, 0x7C, 0x00, 0x0E, 0x00,
  0x03, 0xEF, 0x80, 0x03, 0xC0, 0x00, 0x7D, 0xF0, 0x00, 0x7C, 0x00, 0x1F,
  0x1F, 0x00, 0x0F, 0x80, 0x03, 0xE3, 0xE0, 0x03, 0xF8, 0x00, 0x7C, 0x7C,
  0x00, 0x7F, 0x00, 0x1F, 0x07, 0xC0, 0x0E, 0xE0, 0x03, 0xE0, 0xF8, 0x03,
  0xDE, 0x00, 0xFC, 0x1F, 0x80, 0x7B, 0xC0, 0x1F, 0x01, 0xF0, 0x1E, 0x3C,
  0x03, 0xE0, 0x3E, 0x03, 0xC7, 0x80, 0xFF, 0xFF, 0xE0, 0x70, 0xF0, 0x1F,
  0xFF, 0xFC, 0x1F, 0xFF, 0x03, 0xFF, 0xFF, 0x83, 0xFF, 0xE0, 0xFF, 0xFF,
  0xF8, 0x7F, 0xFC, 0x1F, 0x00, 0x1F, 0x1E, 0x03, 0xC7, 0xE0, 0x03, 0xF3,
  0xC0, 0x78, 0xFC, 0x00, 0x7E, 0xF0, 0x0F, 0x9F, 0x00, 0x07, 0xE0, 0x00,
  0x7E, 0x00, 0x00, 0x00, 0x00, 0x0F, 0xC0, 0x00, 0x00, 0x00, 0x01, 0xFC,
  0x00, 0x00, 0x00, 0x00, 0x7F, 0x80, 0x00, 0x00, 0x00, 0x0F, 0xF0, 0x00,
  0x00, 0x00, 0x01, 0xFF, 0x00, 0x00, 0x00, 0x00, 0x7F, 0xE0, 0x00, 0x00,
  0x00, 0x0F, 0xBE, 0x00, 0x03, 0x80, 0x03, 0xE7, 0xC0, 0x00, 0xF0, 0x00,
  0x7C, 0xF8, 0x00, 0x1F, 0x00, 0x0F, 0x8F, 0x80, 0x07, 0xE0, 0x03, 0xE1,
  0xF0, 0x00, 0xFC, 0x00, 0x7C, 0x3F, 0x00, 0x1F, 0xC0, 0x0F, 0x83, 0xE0,
  0x07, 0xF8, 0x03, 0xE0, 0x7C, 0x00, 0xF7, 0x80, 0x7C, 0x0F, 0xC0, 0x1C,
  0xF0, 0x1F, 0x80, 0xF8, 0x07, 0x8E, 0x03, 0xFF, 0xFF, 0x00, 0xF1, 0xE0,
  0x7F, 0xFF, 0xF0, 0x3C, 0x3C, 0x1F, 0xFF, 0xFE, 0x07, 0xFF, 0x83, 0xFF,
  0xFF, 0xE0, 0xFF, 0xF8, 0xFC, 0x00, 0xFC, 0x3F, 0xFF, 0x1F, 0x80, 0x0F,
  0x87, 0x80, 0xF3, 0xE0, 0x01, 0xF9, 0xF0, 0x1E, 0xFC, 0x00, 0x3F, 0x3C,
  0x03, 0xE0
 };

const GFXglyph NotoSansSymbols2_Regular_Window_18pt16bGlyphs[] PROGMEM = {
// bmpOff,   w,   h,xAdv, xOff, yOff      range 0 (0x1f5d4 - 0x1f5db)
  {     0,  34,  28,  38,    2,  -26 },   // 0x1F5D4 u1F5D4  (#0)
  {   119,  21,   5,  25,    2,   -9 },   // 0x1F5D5 u1F5D5  (#1)
  {   133,  29,  30,  33,    2,  -27 },   // 0x1F5D6 u1F5D6  (#2)
  {   242,  29,  29,  33,    2,  -26 },   // 0x1F5D7 u1F5D7  (#3)
  {   348,  27,  35,  31,    2,  -29 },   // 0x1F5D8 u1F5D8  (#4)
  {   467,  23,  24,  27,    2,  -21 },   // 0x1F5D9 u1F5D9  (#5)
  {   536,  43,  25,  43,    0,  -25 },   // 0x1F5DA u1F5DA  (#6)
  {   671,  43,  25,  43,    0,  -25 } }; // 0x1F5DB u1F5DB  (#7)

const GFXfont NotoSansSymbols2_Regular_Window_18pt16b PROGMEM = {
  (uint8_t  *)NotoSansSymbols2_Regular_Window_18pt16bBitmaps,
  (GFXglyph *)NotoSansSymbols2_Regular_Window_18pt16bGlyphs,
  0x1F5D4, // first
  0x1F5DB, // last
  50   //height
 };

// Approx. 869 bytes

// /tmp/fontconvert_pinned -f /home/user/qmk_firmware/keyboards/polykybd/fonts/Noto_Sans_Symbols_2/NotoSansSymbols2-Regular.ttf -s 18 -v _WinSwitch_ -r 50 -b 32 128445 128445 
// Visualize your font via https://tchapi.github.io/Adafruit-GFX-Font-Customiser

/* num ranges: 1 */
const uint8_t NotoSansSymbols2_Regular_WinSwitch_18pt16bBitmaps[] PROGMEM = {
  /* range 0 (0x1f5bd - 0x1f5bd): */  0x78, 0x0C, 0x0E, 0x07, 0xBF, 0xFF, 0xFF, 0xFF, 0xFF, 0xFF, 0xFF, 0xFF,
  0xFF, 0xFF, 0xFF, 0xFF, 0xFF, 0x70, 0x18, 0x08, 0x03, 0x9C, 0x06, 0x02,
  0x00, 0xE7, 0x01, 0x80, 0x80, 0x39, 0xC0, 0x60, 0x20, 0x0E, 0x70, 0x18,
  0x08, 0x03, 0x9C, 0x06, 0x03, 0xFF, 0xEF, 0x01, 0x80, 0x80, 0x3F, 0xC0,
  0x60, 0x20, 0x0F, 0xF0, 0x18, 0x08, 0x03, 0xFC, 0x06, 0x02, 0x00, 0xFF,
  0xFF, 0xFF, 0x80, 0x3F, 0xC0, 0x00, 0x20, 0x0F, 0x70, 0x00, 0x08, 0x03,
  0x9C, 0x00, 0x02, 0x00, 0xE7, 0x00, 0x00, 0xFF, 0xF9, 0xC0, 0x00, 0x20,
  0x0E, 0x70, 0x00, 0x08, 0x03, 0x9C, 0x00, 0x02, 0x00, 0xEF, 0xC0, 0x00,
  0x80, 0xFF, 0xFF, 0xFF, 0xFF, 0xFF, 0xFF, 0xFF, 0xFF, 0xFF, 0xDE, 0x07,
  0x07, 0x81, 0xE0
 };

const GFXglyph NotoSansSymbols2_Regular_WinSwitch_18pt16bGlyphs[] PROGMEM = {
// bmpOff,   w,   h,xAdv, xOff, yOff      range 0 (0x1f5bd - 0x1f5bd)
  {     0,  34,  26,  38,    2,  -25 } }; // 0x1F5BD u1F5BD  (#0)

const GFXfont NotoSansSymbols2_Regular_WinSwitch_18pt16b PROGMEM = {
  (uint8_t  *)NotoSansSymbols2_Regular_WinSwitch_18pt16bBitmaps,
  (GFXglyph *)NotoSansSymbols2_Regular_WinSwitch_18pt16bGlyphs,
  0x1F5BD, // first
  0x1F5BD, // last
  50   //height
 };

// Approx. 125 bytes

// /tmp/fontconvert_pinned -f /home/user/qmk_firmware/keyboards/polykybd/fonts/Noto_Sans_Math/NotoSansMath-Regular.ttf -s 20 -v _MathHints_ -r 50 8672 8672 8674 8674 8864 8864 9031 9032 
// Visualize your font via https://tchapi.github.io/Adafruit-GFX-Font-Customiser

/* num ranges: 4 */
const uint8_t NotoSansMath_Regular_MathHints_20pt16bBitmaps[] PROGMEM = {
  /* range 0 (0x21e0 - 0x21e0): */  0x00, 0xE0, 0x00, 0x00, 0x00, 0x38, 0x00, 0x00, 0x00, 0x0F, 0x00, 0x00,
  0x00, 0x03, 0xC0, 0x00, 0x00, 0x00, 0xF0, 0x00, 0x00, 0x00, 0x3E, 0x00,
  0x00, 0x00, 0x1F, 0xFE, 0x7E, 0x7C, 0xFF, 0xFF, 0xCF, 0xCF, 0x9F, 0x7F,
  0xF9, 0xF9, 0xF3, 0xE7, 0xE0, 0x00, 0x00, 0x00, 0x3C, 0x00, 0x00, 0x00,
  0x03, 0xC0, 0x00, 0x00, 0x00, 0x3C, 0x00, 0x00, 0x00, 0x03, 0x80, 0x00,
  0x00, 0x00, 0x38, 0x00, 0x00, 0x00
  /* range 1 (0x21e2 - 0x21e2): */  , 0x00, 0x00, 0x00, 0x60, 0x00, 0x00,
  0x00, 0x0E, 0x00, 0x00, 0x00, 0x00, 0xE0, 0x00, 0x00, 0x00, 0x1E, 0x00,
  0x00, 0x00, 0x01, 0xF0, 0x00, 0x00, 0x00, 0x1F, 0x3E, 0x3E, 0x7C, 0xFF,
  0xF7, 0xC7, 0xCF, 0x9F, 0xFF, 0xF8, 0xF9, 0xF3, 0xFF, 0xE0, 0x00, 0x00,
  0x01, 0xF0, 0x00, 0x00, 0x00, 0x7C, 0x00, 0x00, 0x00, 0x0F, 0x00, 0x00,
  0x00, 0x03, 0x80, 0x00, 0x00, 0x00, 0xE0, 0x00, 0x00, 0x00, 0x18, 0x00
  /* range 2 (0x22a0 - 0x22a0): */  ,
  0xFF, 0xFF, 0xFF, 0xFF, 0xFF, 0xFF, 0xFF, 0xFF, 0xFF, 0xFF, 0xE0, 0x00,
  0x3F, 0xFC, 0x00, 0x1F, 0xFF, 0x80, 0x0F, 0x7E, 0xF0, 0x07, 0x9F, 0x9E,
  0x03, 0xC7, 0xE3, 0xC1, 0xE1, 0xF8, 0x78, 0xF0, 0x7E, 0x0F, 0x78, 0x1F,
  0x81, 0xFC, 0x07, 0xE0, 0x3E, 0x01, 0xF8, 0x07, 0x80, 0x7E, 0x03, 0xF0,
  0x1F, 0x81, 0xDE, 0x07, 0xE0, 0xE3, 0xC1, 0xF8, 0x70, 0x78, 0x7E, 0x38,
  0x0F, 0x1F, 0x9C, 0x01, 0xE7, 0xEE, 0x00, 0x3D, 0xFF, 0x00, 0x07, 0xFF,
  0x80, 0x00, 0xFF, 0xFF, 0xFF, 0xFF, 0xFF, 0xFF, 0xFF, 0xFF, 0xFF, 0xFF,
  0xF0
  /* range 3 (0x2347 - 0x2348): */  , 0xFF, 0xFF, 0xFF, 0xFF, 0xFF, 0xFF, 0xFF, 0xFF, 0xF8, 0x00, 0x03,
  0xE0, 0x00, 0x0F, 0x80, 0x00, 0x3E, 0x00, 0x00, 0xF8, 0x00, 0x03, 0xE0,
  0x00, 0x0F, 0x80, 0x00, 0x3E, 0x00, 0x00, 0xF8, 0x00, 0x03, 0xE0, 0x40,
  0x0F, 0x82, 0x00, 0x3E, 0x18, 0x00, 0xF8, 0xE0, 0x03, 0xE7, 0x80, 0x0F,
  0xBF, 0xFF, 0xFF, 0xFF, 0xFF, 0xFB, 0xFF, 0xFF, 0xE7, 0x80, 0x0F, 0x8E,
  0x00, 0x3E, 0x18, 0x00, 0xF8, 0x20, 0x03, 0xE0, 0x40, 0x0F, 0x80, 0x00,
  0x3E, 0x00, 0x00, 0xF8, 0x00, 0x03, 0xE0, 0x00, 0x0F, 0x80, 0x00, 0x3E,
  0x00, 0x00, 0xF8, 0x00, 0x03, 0xE0, 0x00, 0x0F, 0xFF, 0xFF, 0xFF, 0xFF,
  0xFF, 0xFF, 0xFF, 0xFF, 0xFF, 0xFF, 0xFF, 0xFF, 0xFF, 0xFF, 0xFF, 0xFF,
  0xF8, 0x00, 0x03, 0xE0, 0x00, 0x0F, 0x80, 0x00, 0x3E, 0x00, 0x00, 0xF8,
  0x00, 0x03, 0xE0, 0x00, 0x0F, 0x80, 0x00, 0x3E, 0x00, 0x00, 0xF8, 0x00,
  0x03, 0xE0, 0x08, 0x0F, 0x80, 0x10, 0x3E, 0x00, 0x60, 0xF8, 0x01, 0xC3,
  0xE0, 0x07, 0x8F, 0xFF, 0xFF, 0xBF, 0xFF, 0xFF, 0xFF, 0xFF, 0xF3, 0xE0,
  0x07, 0x8F, 0x80, 0x1C, 0x3E, 0x00, 0x60, 0xF8, 0x01, 0x03, 0xE0, 0x08,
  0x0F, 0x80, 0x00, 0x3E, 0x00, 0x00, 0xF8, 0x00, 0x03, 0xE0, 0x00, 0x0F,
  0x80, 0x00, 0x3E, 0x00, 0x00, 0xF8, 0x00, 0x03, 0xE0, 0x00, 0x0F, 0xFF,
  0xFF, 0xFF, 0xFF, 0xFF, 0xFF, 0xFF, 0xFF
 };

const GFXglyph NotoSansMath_Regular_MathHints_20pt16bGlyphs[] PROGMEM = {
// bmpOff,   w,   h,xAdv, xOff, yOff      range 0 (0x21e0 - 0x21e0)
  {     0,  35,  15,  39,    2,  -17 },   // 0x21E0 uni21E0  (#0)
  {     0,   0,   0,   0,    0,    0 },   // 0x21E1 (skip)
// bmpOff,   w,   h,xAdv, xOff, yOff      range 1 (0x21e2 - 0x21e2)
  {    66,  35,  15,  39,    2,  -17 },   // 0x21E2 uni21E2  (#1)
  {     0,   0,   0,   0,    0,    0 },   // 0x21E3 (skip)
  {     0,   0,   0,   0,    0,    0 },   // 0x21E4 (skip)
  {     0,   0,   0,   0,    0,    0 },   // 0x21E5 (skip)
  {     0,   0,   0,   0,    0,    0 },   // 0x21E6 (skip)
  {     0,   0,   0,   0,    0,    0 },   // 0x21E7 (skip)
  {     0,   0,   0,   0,    0,    0 },   // 0x21E8 (skip)
  {     0,   0,   0,   0,    0,    0 },   // 0x21E9 (skip)
  {     0,   0,   0,   0,    0,    0 },   // 0x21EA (skip)
  {     0,   0,   0,   0,    0,    0 },   // 0x21EB (skip)
  {     0,   0,   0,   0,    0,    0 },   // 0x21EC (skip)
  {     0,   0,   0,   0,    0,    0 },   // 0x21ED (skip)
  {     0,   0,   0,   0,    0,    0 },   // 0x21EE (skip)
  {     0,   0,   0,   0,    0,    0 },   // 0x21EF (skip)
  {     0,   0,   0,   0,    0,    0 },   // 0x21F0 (skip)
  {     0,   0,   0,   0,    0,    0 },   // 0x21F1 (skip)
  {     0,   0,   0,   0,    0,    0 },   // 0x21F2 (skip)
  {     0,   0,   0,   0,    0,    0 },   // 0x21F3 (skip)
  {     0,   0,   0,   0,    0,    0 },   // 0x21F4 (skip)
  {     0,   0,   0,   0,    0,    0 },   // 0x21F5 (skip)
  {     0,   0,   0,   0,    0,    0 },   // 0x21F6 (skip)
  {     0,   0,   0,   0,    0,    0 },   // 0x21F7 (skip)
  {     0,   0,   0,   0,    0,    0 },   // 0x21F8 (skip)
  {     0,   0,   0,   0,    0,    0 },   // 0x21F9 (skip)
  {     0,   0,   0,   0,    0,    0 },   // 0x21FA (skip)
  {     0,   0,   0,   0,    0,    0 },   // 0x21FB (skip)
  {     0,   0,   0,   0,    0,    0 },   // 0x21FC (skip)
  {     0,   0,   0,   0,    0,    0 },   // 0x21FD (skip)
  {     0,   0,   0,   0,    0,    0 },   // 0x21FE (skip)
  {     0,   0,   0,   0,    0,    0 },   // 0x21FF (skip)
  {     0,   0,   0,   0,    0,    0 },   // 0x2200 (skip)
  {     0,   0,   0,   0,    0,    0 },   // 0x2201 (skip)
  {     0,   0,   0,   0,    0,    0 },   // 0x2202 (skip)
  {     0,   0,   0,   0,    0,    0 },   // 0x2203 (skip)
  {     0,   0,   0,   0,    0,    0 },   // 0x2204 (skip)
  {     0,   0,   0,   0,    0,    0 },   // 0x2205 (skip)
  {     0,   0,   0,   0,    0,    0 },   // 0x2206 (skip)
  {     0,   0,   0,   0,    0,    0 },   // 0x2207 (skip)
  {     0,   0,   0,   0,    0,    0 },   // 0x2208 (skip)
  {     0,   0,   0,   0,    0,    0 },   // 0x2209 (skip)
  {     0,   0,   0,   0,    0,    0 },   // 0x220A (skip)
  {     0,   0,   0,   0,    0,    0 },   // 0x220B (skip)
  {     0,   0,   0,   0,    0,    0 },   // 0x220C (skip)
  {     0,   0,   0,   0,    0,    0 },   // 0x220D (skip)
  {     0,   0,   0,   0,    0,    0 },   // 0x220E (skip)
  {     0,   0,   0,   0,    0,    0 },   // 0x220F (skip)
  {     0,   0,   0,   0,    0,    0 },   // 0x2210 (skip)
  {     0,   0,   0,   0,    0,    0 },   // 0x2211 (skip)
  {     0,   0,   0,   0,    0,    0 },   // 0x2212 (skip)
  {     0,   0,   0,   0,    0,    0 },   // 0x2213 (skip)
  {     0,   0,   0,   0,    0,    0 },   // 0x2214 (skip)
  {     0,   0,   0,   0,    0,    0 },   // 0x2215 (skip)
  {     0,   0,   0,   0,    0,    0 },   // 0x2216 (skip)
  {     0,   0,   0,   0,    0,    0 },   // 0x2217 (skip)
  {     0,   0,   0,   0,    0,    0 },   // 0x2218 (skip)
  {     0,   0,   0,   0,    0,    0 },   // 0x2219 (skip)
  {     0,   0,   0,   0,    0,    0 },   // 0x221A (skip)
  {     0,   0,   0,   0,    0,    0 },   // 0x221B (skip)
  {     0,   0,   0,   0,    0,    0 },   // 0x221C (skip)
  {     0,   0,   0,   0,    0,    0 },   // 0x221D (skip)
  {     0,   0,   0,   0,    0,    0 },   // 0x221E (skip)
  {     0,   0,   0,   0,    0,    0 },   // 0x221F (skip)
  {     0,   0,   0,   0,    0,    0 },   // 0x2220 (skip)
  {     0,   0,   0,   0,    0,    0 },   // 0x2221 (skip)
  {     0,   0,   0,   0,    0,    0 },   // 0x2222 (skip)
  {     0,   0,   0,   0,    0,    0 },   // 0x2223 (skip)
  {     0,   0,   0,   0,    0,    0 },   // 0x2224 (skip)
  {     0,   0,   0,   0,    0,    0 },   // 0x2225 (skip)
  {     0,   0,   0,   0,    0,    0 },   // 0x2226 (skip)
  {     0,   0,   0,   0,    0,    0 },   // 0x2227 (skip)
  {     0,   0,   0,   0,    0,    0 },   // 0x2228 (skip)
  {     0,   0,   0,   0,    0,    0 },   // 0x2229 (skip)
  {     0,   0,   0,   0,    0,    0 },   // 0x222A (skip)
  {     0,   0,   0,   0,    0,    0 },   // 0x222B (skip)
  {     0,   0,   0,   0,    0,    0 },   // 0x222C (skip)
  {     0,   0,   0,   0,    0,    0 },   // 0x222D (skip)
  {     0,   0,   0,   0,    0,    0 },   // 0x222E (skip)
  {     0,   0,   0,   0,    0,    0 },   // 0x222F (skip)
  {     0,   0,   0,   0,    0,    0 },   // 0x2230 (skip)
  {     0,   0,   0,   0,    0,    0 },   // 0x2231 (skip)
  {     0,   0,   0,   0,    0,    0 },   // 0x2232 (skip)
  {     0,   0,   0,   0,    0,    0 },   // 0x2233 (skip)
  {     0,   0,   0,   0,    0,    0 },   // 0x2234 (skip)
  {     0,   0,   0,   0,    0,    0 },   // 0x2235 (skip)
  {     0,   0,   0,   0,    0,    0 },   // 0x2236 (skip)
  {     0,   0,   0,   0,    0,    0 },   // 0x2237 (skip)
  {     0,   0,   0,   0,    0,    0 },   // 0x2238 (skip)
  {     0,   0,   0,   0,    0,    0 },   // 0x2239 (skip)
  {     0,   0,   0,   0,    0,    0 },   // 0x223A (skip)
  {     0,   0,   0,   0,    0,    0 },   // 0x223B (skip)
  {     0,   0,   0,   0,    0,    0 },   // 0x223C (skip)
  {     0,   0,   0,   0,    0,    0 },   // 0x223D (skip)
  {     0,   0,   0,   0,    0,    0 },   // 0x223E (skip)
  {     0,   0,   0,   0,    0,    0 },   // 0x223F (skip)
  {     0,   0,   0,   0,    0,    0 },   // 0x2240 (skip)
  {     0,   0,   0,   0,    0,    0 },   // 0x2241 (skip)
  {     0,   0,   0,   0,    0,    0 },   // 0x2242 (skip)
  {     0,   0,   0,   0,    0,    0 },   // 0x2243 (skip)
  {     0,   0,   0,   0,    0,    0 },   // 0x2244 (skip)
  {     0,   0,   0,   0,    0,    0 },   // 0x2245 (skip)
  {     0,   0,   0,   0,    0,    0 },   // 0x2246 (skip)
  {     0,   0,   0,   0,    0,    0 },   // 0x2247 (skip)
  {     0,   0,   0,   0,    0,    0 },   // 0x2248 (skip)
  {     0,   0,   0,   0,    0,    0 },   // 0x2249 (skip)
  {     0,   0,   0,   0,    0,    0 },   // 0x224A (skip)
  {     0,   0,   0,   0,    0,    0 },   // 0x224B (skip)
  {     0,   0,   0,   0,    0,    0 },   // 0x224C (skip)
  {     0,   0,   0,   0,    0,    0 },   // 0x224D (skip)
  {     0,   0,   0,   0,    0,    0 },   // 0x224E (skip)
  {     0,   0,   0,   0,    0,    0 },   // 0x224F (skip)
  {     0,   0,   0,   0,    0,    0 },   // 0x2250 (skip)
  {     0,   0,   0,   0,    0,    0 },   // 0x2251 (skip)
  {     0,   0,   0,   0,    0,    0 },   // 0x2252 (skip)
  {     0,   0,   0,   0,    0,    0 },   // 0x2253 (skip)
  {     0,   0,   0,   0,    0,    0 },   // 0x2254 (skip)
  {     0,   0,   0,   0,    0,    0 },   // 0x2255 (skip)
  {     0,   0,   0,   0,    0,    0 },   // 0x2256 (skip)
  {     0,   0,   0,   0,    0,    0 },   // 0x2257 (skip)
  {     0,   0,   0,   0,    0,    0 },   // 0x2258 (skip)
  {     0,   0,   0,   0,    0,    0 },   // 0x2259 (skip)
  {     0,   0,   0,   0,    0,    0 },   // 0x225A (skip)
  {     0,   0,   0,   0,    0,    0 },   // 0x225B (skip)
  {     0,   0,   0,   0,    0,    0 },   // 0x225C (skip)
  {     0,   0,   0,   0,    0,    0 },   // 0x225D (skip)
  {     0,   0,   0,   0,    0,    0 },   // 0x225E (skip)
  {     0,   0,   0,   0,    0,    0 },   // 0x225F (skip)
  {     0,   0,   0,   0,    0,    0 },   // 0x2260 (skip)
  {     0,   0,   0,   0,    0,    0 },   // 0x2261 (skip)
  {     0,   0,   0,   0,    0,    0 },   // 0x2262 (skip)
  {     0,   0,   0,   0,    0,    0 },   // 0x2263 (skip)
  {     0,   0,   0,   0,    0,    0 },   // 0x2264 (skip)
  {     0,   0,   0,   0,    0,    0 },   // 0x2265 (skip)
  {     0,   0,   0,   0,    0,    0 },   // 0x2266 (skip)
  {     0,   0,   0,   0,    0,    0 },   // 0x2267 (skip)
  {     0,   0,   0,   0,    0,    0 },   // 0x2268 (skip)
  {     0,   0,   0,   0,    0,    0 },   // 0x2269 (skip)
  {     0,   0,   0,   0,    0,    0 },   // 0x226A (skip)
  {     0,   0,   0,   0,    0,    0 },   // 0x226B (skip)
  {     0,   0,   0,   0,    0,    0 },   // 0x226C (skip)
  {     0,   0,   0,   0,    0,    0 },   // 0x226D (skip)
  {     0,   0,   0,   0,    0,    0 },   // 0x226E (skip)
  {     0,   0,   0,   0,    0,    0 },   // 0x226F (skip)
  {     0,   0,   0,   0,    0,    0 },   // 0x2270 (skip)
  {     0,   0,   0,   0,    0,    0 },   // 0x2271 (skip)
  {     0,   0,   0,   0,    0,    0 },   // 0x2272 (skip)
  {     0,   0,   0,   0,    0,    0 },   // 0x2273 (skip)
  {     0,   0,   0,   0,    0,    0 },   // 0x2274 (skip)
  {     0,   0,   0,   0,    0,    0 },   // 0x2275 (skip)
  {     0,   0,   0,   0,    0,    0 },   // 0x2276 (skip)
  {     0,   0,   0,   0,    0,    0 },   // 0x2277 (skip)
  {     0,   0,   0,   0,    0,    0 },   // 0x2278 (skip)
  {     0,   0,   0,   0,    0,    0 },   // 0x2279 (skip)
  {     0,   0,   0,   0,    0,    0 },   // 0x227A (skip)
  {     0,   0,   0,   0,    0,    0 },   // 0x227B (skip)
  {     0,   0,   0,   0,    0,    0 },   // 0x227C (skip)
  {     0,   0,   0,   0,    0,    0 },   // 0x227D (skip)
  {     0,   0,   0,   0,    0,    0 },   // 0x227E (skip)
  {     0,   0,   0,   0,    0,    0 },   // 0x227F (skip)
  {     0,   0,   0,   0,    0,    0 },   // 0x2280 (skip)
  {     0,   0,   0,   0,    0,    0 },   // 0x2281 (skip)
  {     0,   0,   0,   0,    0,    0 },   // 0x2282 (skip)
  {     0,   0,   0,   0,    0,    0 },   // 0x2283 (skip)
  {     0,   0,   0,   0,    0,    0 },   // 0x2284 (skip)
  {     0,   0,   0,   0,    0,    0 },   // 0x2285 (skip)
  {     0,   0,   0,   0,    0,    0 },   // 0x2286 (skip)
  {     0,   0,   0,   0,    0,    0 },   // 0x2287 (skip)
  {     0,   0,   0,   0,    0,    0 },   // 0x2288 (skip)
  {     0,   0,   0,   0,    0,    0 },   // 0x2289 (skip)
  {     0,   0,   0,   0,    0,    0 },   // 0x228A (skip)
  {     0,   0,   0,   0,    0,    0 },   // 0x228B (skip)
  {     0,   0,   0,   0,    0,    0 },   // 0x228C (skip)
  {     0,   0,   0,   0,    0,    0 },   // 0x228D (skip)
  {     0,   0,   0,   0,    0,    0 },   // 0x228E (skip)
  {     0,   0,   0,   0,    0,    0 },   // 0x228F (skip)
  {     0,   0,   0,   0,    0,    0 },   // 0x2290 (skip)
  {     0,   0,   0,   0,    0,    0 },   // 0x2291 (skip)
  {     0,   0,   0,   0,    0,    0 },   // 0x2292 (skip)
  {     0,   0,   0,   0,    0,    0 },   // 0x2293 (skip)
  {     0,   0,   0,   0,    0,    0 },   // 0x2294 (skip)
  {     0,   0,   0,   0,    0,    0 },   // 0x2295 (skip)
  {     0,   0,   0,   0,    0,    0 },   // 0x2296 (skip)
  {     0,   0,   0,   0,    0,    0 },   // 0x2297 (skip)
  {     0,   0,   0,   0,    0,    0 },   // 0x2298 (skip)
  {     0,   0,   0,   0,    0,    0 },   // 0x2299 (skip)
  {     0,   0,   0,   0,    0,    0 },   // 0x229A (skip)
  {     0,   0,   0,   0,    0,    0 },   // 0x229B (skip)
  {     0,   0,   0,   0,    0,    0 },   // 0x229C (skip)
  {     0,   0,   0,   0,    0,    0 },   // 0x229D (skip)
  {     0,   0,   0,   0,    0,    0 },   // 0x229E (skip)
  {     0,   0,   0,   0,    0,    0 },   // 0x229F (skip)
// bmpOff,   w,   h,xAdv, xOff, yOff      range 2 (0x22a0 - 0x22a0)
  {   132,  26,  26,  29,    2,  -23 },   // 0x22A0 uni22A0  (#2)
  {     0,   0,   0,   0,    0,    0 },   // 0x22A1 (skip)
  {     0,   0,   0,   0,    0,    0 },   // 0x22A2 (skip)
  {     0,   0,   0,   0,    0,    0 },   // 0x22A3 (skip)
  {     0,   0,   0,   0,    0,    0 },   // 0x22A4 (skip)
  {     0,   0,   0,   0,    0,    0 },   // 0x22A5 (skip)
  {     0,   0,   0,   0,    0,    0 },   // 0x22A6 (skip)
  {     0,   0,   0,   0,    0,    0 },   // 0x22A7 (skip)
  {     0,   0,   0,   0,    0,    0 },   // 0x22A8 (skip)
  {     0,   0,   0,   0,    0,    0 },   // 0x22A9 (skip)
  {     0,   0,   0,   0,    0,    0 },   // 0x22AA (skip)
  {     0,   0,   0,   0,    0,    0 },   // 0x22AB (skip)
  {     0,   0,   0,   0,    0,    0 },   // 0x22AC (skip)
  {     0,   0,   0,   0,    0,    0 },   // 0x22AD (skip)
  {     0,   0,   0,   0,    0,    0 },   // 0x22AE (skip)
  {     0,   0,   0,   0,    0,    0 },   // 0x22AF (skip)
  {     0,   0,   0,   0,    0,    0 },   // 0x22B0 (skip)
  {     0,   0,   0,   0,    0,    0 },   // 0x22B1 (skip)
  {     0,   0,   0,   0,    0,    0 },   // 0x22B2 (skip)
  {     0,   0,   0,   0,    0,    0 },   // 0x22B3 (skip)
  {     0,   0,   0,   0,    0,    0 },   // 0x22B4 (skip)
  {     0,   0,   0,   0,    0,    0 },   // 0x22B5 (skip)
  {     0,   0,   0,   0,    0,    0 },   // 0x22B6 (skip)
  {     0,   0,   0,   0,    0,    0 },   // 0x22B7 (skip)
  {     0,   0,   0,   0,    0,    0 },   // 0x22B8 (skip)
  {     0,   0,   0,   0,    0,    0 },   // 0x22B9 (skip)
  {     0,   0,   0,   0,    0,    0 },   // 0x22BA (skip)
  {     0,   0,   0,   0,    0,    0 },   // 0x22BB (skip)
  {     0,   0,   0,   0,    0,    0 },   // 0x22BC (skip)
  {     0,   0,   0,   0,    0,    0 },   // 0x22BD (skip)
  {     0,   0,   0,   0,    0,    0 },   // 0x22BE (skip)
  {     0,   0,   0,   0,    0,    0 },   // 0x22BF (skip)
  {     0,   0,   0,   0,    0,    0 },   // 0x22C0 (skip)
  {     0,   0,   0,   0,    0,    0 },   // 0x22C1 (skip)
  {     0,   0,   0,   0,    0,    0 },   // 0x22C2 (skip)
  {     0,   0,   0,   0,    0,    0 },   // 0x22C3 (skip)
  {     0,   0,   0,   0,    0,    0 },   // 0x22C4 (skip)
  {     0,   0,   0,   0,    0,    0 },   // 0x22C5 (skip)
  {     0,   0,   0,   0,    0,    0 },   // 0x22C6 (skip)
  {     0,   0,   0,   0,    0,    0 },   // 0x22C7 (skip)
  {     0,   0,   0,   0,    0,    0 },   // 0x22C8 (skip)
  {     0,   0,   0,   0,    0,    0 },   // 0x22C9 (skip)
  {     0,   0,   0,   0,    0,    0 },   // 0x22CA (skip)
  {     0,   0,   0,   0,    0,    0 },   // 0x22CB (skip)
  {     0,   0,   0,   0,    0,    0 },   // 0x22CC (skip)
  {     0,   0,   0,   0,    0,    0 },   // 0x22CD (skip)
  {     0,   0,   0,   0,    0,    0 },   // 0x22CE (skip)
  {     0,   0,   0,   0,    0,    0 },   // 0x22CF (skip)
  {     0,   0,   0,   0,    0,    0 },   // 0x22D0 (skip)
  {     0,   0,   0,   0,    0,    0 },   // 0x22D1 (skip)
  {     0,   0,   0,   0,    0,    0 },   // 0x22D2 (skip)
  {     0,   0,   0,   0,    0,    0 },   // 0x22D3 (skip)
  {     0,   0,   0,   0,    0,    0 },   // 0x22D4 (skip)
  {     0,   0,   0,   0,    0,    0 },   // 0x22D5 (skip)
  {     0,   0,   0,   0,    0,    0 },   // 0x22D6 (skip)
  {     0,   0,   0,   0,    0,    0 },   // 0x22D7 (skip)
  {     0,   0,   0,   0,    0,    0 },   // 0x22D8 (skip)
  {     0,   0,   0,   0,    0,    0 },   // 0x22D9 (skip)
  {     0,   0,   0,   0,    0,    0 },   // 0x22DA (skip)
  {     0,   0,   0,   0,    0,    0 },   // 0x22DB (skip)
  {     0,   0,   0,   0,    0,    0 },   // 0x22DC (skip)
  {     0,   0,   0,   0,    0,    0 },   // 0x22DD (skip)
  {     0,   0,   0,   0,    0,    0 },   // 0x22DE (skip)
  {     0,   0,   0,   0,    0,    0 },   // 0x22DF (skip)
  {     0,   0,   0,   0,    0,    0 },   // 0x22E0 (skip)
  {     0,   0,   0,   0,    0,    0 },   // 0x22E1 (skip)
  {     0,   0,   0,   0,    0,    0 },   // 0x22E2 (skip)
  {     0,   0,   0,   0,    0,    0 },   // 0x22E3 (skip)
  {     0,   0,   0,   0,    0,    0 },   // 0x22E4 (skip)
  {     0,   0,   0,   0,    0,    0 },   // 0x22E5 (skip)
  {     0,   0,   0,   0,    0,    0 },   // 0x22E6 (skip)
  {     0,   0,   0,   0,    0,    0 },   // 0x22E7 (skip)
  {     0,   0,   0,   0,    0,    0 },   // 0x22E8 (skip)
  {     0,   0,   0,   0,    0,    0 },   // 0x22E9 (skip)
  {     0,   0,   0,   0,    0,    0 },   // 0x22EA (skip)
  {     0,   0,   0,   0,    0,    0 },   // 0x22EB (skip)
  {     0,   0,   0,   0,    0,    0 },   // 0x22EC (skip)
  {     0,   0,   0,   0,    0,    0 },   // 0x22ED (skip)
  {     0,   0,   0,   0,    0,    0 },   // 0x22EE (skip)
  {     0,   0,   0,   0,    0,    0 },   // 0x22EF (skip)
  {     0,   0,   0,   0,    0,    0 },   // 0x22F0 (skip)
  {     0,   0,   0,   0,    0,    0 },   // 0x22F1 (skip)
  {     0,   0,   0,   0,    0,    0 },   // 0x22F2 (skip)
  {     0,   0,   0,   0,    0,    0 },   // 0x22F3 (skip)
  {     0,   0,   0,   0,    0,    0 },   // 0x22F4 (skip)
  {     0,   0,   0,   0,    0,    0 },   // 0x22F5 (skip)
  {     0,   0,   0,   0,    0,    0 },   // 0x22F6 (skip)
  {     0,   0,   0,   0,    0,    0 },   // 0x22F7 (skip)
  {     0,   0,   0,   0,    0,    0 },   // 0x22F8 (skip)
  {     0,   0,   0,   0,    0,    0 },   // 0x22F9 (skip)
  {     0,   0,   0,   0,    0,    0 },   // 0x22FA (skip)
  {     0,   0,   0,   0,    0,    0 },   // 0x22FB (skip)
  {     0,   0,   0,   0,    0,    0 },   // 0x22FC (skip)
  {     0,   0,   0,   0,    0,    0 },   // 0x22FD (skip)
  {     0,   0,   0,   0,    0,    0 },   // 0x22FE (skip)
  {     0,   0,   0,   0,    0,    0 },   // 0x22FF (skip)
  {     0,   0,   0,   0,    0,    0 },   // 0x2300 (skip)
  {     0,   0,   0,   0,    0,    0 },   // 0x2301 (skip)
  {     0,   0,   0,   0,    0,    0 },   // 0x2302 (skip)
  {     0,   0,   0,   0,    0,    0 },   // 0x2303 (skip)
  {     0,   0,   0,   0,    0,    0 },   // 0x2304 (skip)
  {     0,   0,   0,   0,    0,    0 },   // 0x2305 (skip)
  {     0,   0,   0,   0,    0,    0 },   // 0x2306 (skip)
  {     0,   0,   0,   0,    0,    0 },   // 0x2307 (skip)
  {     0,   0,   0,   0,    0,    0 },   // 0x2308 (skip)
  {     0,   0,   0,   0,    0,    0 },   // 0x2309 (skip)
  {     0,   0,   0,   0,    0,    0 },   // 0x230A (skip)
  {     0,   0,   0,   0,    0,    0 },   // 0x230B (skip)
  {     0,   0,   0,   0,    0,    0 },   // 0x230C (skip)
  {     0,   0,   0,   0,    0,    0 },   // 0x230D (skip)
  {     0,   0,   0,   0,    0,    0 },   // 0x230E (skip)
  {     0,   0,   0,   0,    0,    0 },   // 0x230F (skip)
  {     0,   0,   0,   0,    0,    0 },   // 0x2310 (skip)
  {     0,   0,   0,   0,    0,    0 },   // 0x2311 (skip)
  {     0,   0,   0,   0,    0,    0 },   // 0x2312 (skip)
  {     0,   0,   0,   0,    0,    0 },   // 0x2313 (skip)
  {     0,   0,   0,   0,    0,    0 },   // 0x2314 (skip)
  {     0,   0,   0,   0,    0,    0 },   // 0x2315 (skip)
  {     0,   0,   0,   0,    0,    0 },   // 0x2316 (skip)
  {     0,   0,   0,   0,    0,    0 },   // 0x2317 (skip)
  {     0,   0,   0,   0,    0,    0 },   // 0x2318 (skip)
  {     0,   0,   0,   0,    0,    0 },   // 0x2319 (skip)
  {     0,   0,   0,   0,    0,    0 },   // 0x231A (skip)
  {     0,   0,   0,   0,    0,    0 },   // 0x231B (skip)
  {     0,   0,   0,   0,    0,    0 },   // 0x231C (skip)
  {     0,   0,   0,   0,    0,    0 },   // 0x231D (skip)
  {     0,   0,   0,   0,    0,    0 },   // 0x231E (skip)
  {     0,   0,   0,   0,    0,    0 },   // 0x231F (skip)
  {     0,   0,   0,   0,    0,    0 },   // 0x2320 (skip)
  {     0,   0,   0,   0,    0,    0 },   // 0x2321 (skip)
  {     0,   0,   0,   0,    0,    0 },   // 0x2322 (skip)
  {     0,   0,   0,   0,    0,    0 },   // 0x2323 (skip)
  {     0,   0,   0,   0,    0,    0 },   // 0x2324 (skip)
  {     0,   0,   0,   0,    0,    0 },   // 0x2325 (skip)
  {     0,   0,   0,   0,    0,    0 },   // 0x2326 (skip)
  {     0,   0,   0,   0,    0,    0 },   // 0x2327 (skip)
  {     0,   0,   0,   0,    0,    0 },   // 0x2328 (skip)
  {     0,   0,   0,   0,    0,    0 },   // 0x2329 (skip)
  {     0,   0,   0,   0,    0,    0 },   // 0x232A (skip)
  {     0,   0,   0,   0,    0,    0 },   // 0x232B (skip)
  {     0,   0,   0,   0,    0,    0 },   // 0x232C (skip)
  {     0,   0,   0,   0,    0,    0 },   // 0x232D (skip)
  {     0,   0,   0,   0,    0,    0 },   // 0x232E (skip)
  {     0,   0,   0,   0,    0,    0 },   // 0x232F (skip)
  {     0,   0,   0,   0,    0,    0 },   // 0x2330 (skip)
  {     0,   0,   0,   0,    0,    0 },   // 0x2331 (skip)
  {     0,   0,   0,   0,    0,    0 },   // 0x2332 (skip)
  {     0,   0,   0,   0,    0,    0 },   // 0x2333 (skip)
  {     0,   0,   0,   0,    0,    0 },   // 0x2334 (skip)
  {     0,   0,   0,   0,    0,    0 },   // 0x2335 (skip)
  {     0,   0,   0,   0,    0,    0 },   // 0x2336 (skip)
  {     0,   0,   0,   0,    0,    0 },   // 0x2337 (skip)
  {     0,   0,   0,   0,    0,    0 },   // 0x2338 (skip)
  {     0,   0,   0,   0,    0,    0 },   // 0x2339 (skip)
  {     0,   0,   0,   0,    0,    0 },   // 0x233A (skip)
  {     0,   0,   0,   0,    0,    0 },   // 0x233B (skip)
  {     0,   0,   0,   0,    0,    0 },   // 0x233C (skip)
  {     0,   0,   0,   0,    0,    0 },   // 0x233D (skip)
  {     0,   0,   0,   0,    0,    0 },   // 0x233E (skip)
  {     0,   0,   0,   0,    0,    0 },   // 0x233F (skip)
  {     0,   0,   0,   0,    0,    0 },   // 0x2340 (skip)
  {     0,   0,   0,   0,    0,    0 },   // 0x2341 (skip)
  {     0,   0,   0,   0,    0,    0 },   // 0x2342 (skip)
  {     0,   0,   0,   0,    0,    0 },   // 0x2343 (skip)
  {     0,   0,   0,   0,    0,    0 },   // 0x2344 (skip)
  {     0,   0,   0,   0,    0,    0 },   // 0x2345 (skip)
  {     0,   0,   0,   0,    0,    0 },   // 0x2346 (skip)
// bmpOff,   w,   h,xAdv, xOff, yOff      range 3 (0x2347 - 0x2348)
  {   217,  22,  36,  28,    3,  -31 },   // 0x2347 uni2347  (#3)
  {   316,  22,  36,  28,    3,  -31 } }; // 0x2348 uni2348  (#4)

const GFXfont NotoSansMath_Regular_MathHints_20pt16b PROGMEM = {
  (uint8_t  *)NotoSansMath_Regular_MathHints_20pt16bBitmaps,
  (GFXglyph *)NotoSansMath_Regular_MathHints_20pt16bGlyphs,
  0x21E0, // first
  0x2348, // last
  50   //height
 };

// Approx. 2949 bytes

// /tmp/fontconvert_pinned -f /home/user/qmk_firmware/keyboards/polykybd/fonts/Noto_Emoji/static/NotoEmoji-Medium.ttf -s 20 -v _Dictation_ -r 50 -b 32 128483 128483 
// Visualize your font via https://tchapi.github.io/Adafruit-GFX-Font-Customiser

/* num ranges: 1 */
const uint8_t NotoEmoji_Medium_Dictation_20pt16bBitmaps[] PROGMEM = {
  /* range 0 (0x1f5e3 - 0x1f5e3): */  0x00, 0x1F, 0xF8, 0x00, 0x00, 0x00, 0xE0, 0x0F, 0x00, 0x00, 0x03, 0x80,
  0x01, 0xC0, 0x00, 0x06, 0x00, 0x00, 0x60, 0x00, 0x0C, 0x00, 0x00, 0x30,
  0x00, 0x18, 0x00, 0x00, 0x18, 0x00, 0x30, 0x00, 0x00, 0x18, 0x00, 0x30,
  0x00, 0x00, 0x0C, 0x00, 0x60, 0x00, 0x00, 0x0C, 0x00, 0x60, 0x00, 0x00,
  0x0C, 0x00, 0x40, 0x00, 0x00, 0x0C, 0x00, 0xC0, 0x00, 0x00, 0x0C, 0x00,
  0xC0, 0x00, 0x00, 0x0C, 0x00, 0xC0, 0x00, 0x00, 0x0C, 0x00, 0xC0, 0x00,
  0x00, 0x0C, 0x00, 0xC0, 0x00, 0x00, 0x0C, 0x00, 0xC0, 0x00, 0x00, 0x06,
  0x00, 0xC0, 0x00, 0x00, 0x03, 0x00, 0xC0, 0x00, 0x00, 0x01, 0x86, 0xC0,
  0x00, 0x00, 0x01, 0x9E, 0x60, 0x00, 0x00, 0x03, 0x38, 0x60, 0x00, 0x00,
  0x03, 0x20, 0x60, 0x00, 0x00, 0x03, 0x00, 0x30, 0x00, 0x00, 0x06, 0x3F,
  0x38, 0x00, 0x00, 0x1C, 0x3F, 0x18, 0x00, 0x00, 0x1F, 0x00, 0x0C, 0x00,
  0x00, 0x03, 0x00, 0x06, 0x00, 0x00, 0x02, 0x70, 0x07, 0x00, 0x00, 0x02,
  0x1E, 0x03, 0x80, 0x00, 0x02, 0x0E, 0x01, 0x80, 0x00, 0x02, 0x06, 0x00,
  0xC0, 0x00, 0x0E, 0x00, 0x00, 0xE0, 0x03, 0xF8, 0x00, 0x00, 0x60, 0x03,
  0x00, 0x00, 0x00, 0x60, 0x03, 0x00, 0x00, 0x00, 0x60, 0x03, 0x00, 0x00,
  0x00, 0x60, 0x03, 0x00, 0x00, 0x00, 0x60, 0x03, 0x00, 0x00, 0x00, 0x7F,
  0xFF, 0x00, 0x00
 };

const GFXglyph NotoEmoji_Medium_Dictation_20pt16bGlyphs[] PROGMEM = {
// bmpOff,   w,   h,xAdv, xOff, yOff      range 0 (0x1f5e3 - 0x1f5e3)
  {     0,  40,  39,  50,    5,  -32 } }; // 0x1F5E3 speakingHead  (#0)

const GFXfont NotoEmoji_Medium_Dictation_20pt16b PROGMEM = {
  (uint8_t  *)NotoEmoji_Medium_Dictation_20pt16bBitmaps,
  (GFXglyph *)NotoEmoji_Medium_Dictation_20pt16bGlyphs,
  0x1F5E3, // first
  0x1F5E3, // last
  50   //height
 };

// Approx. 209 bytes

// /tmp/fontconvert_pinned -f /home/user/qmk_firmware/keyboards/polykybd/fonts/Noto_Sans_Symbols_2/NotoSansSymbols2-Regular.ttf -s 18 -v _Network_ -r 50 -b 32 128423 128423 
// Visualize your font via https://tchapi.github.io/Adafruit-GFX-Font-Customiser

/* num ranges: 1 */
const uint8_t NotoSansSymbols2_Regular_Network_18pt16bBitmaps[] PROGMEM = {
  /* range 0 (0x1f5a7 - 0x1f5a7): */  0x00, 0x0F, 0xFE, 0x00, 0x00, 0x03, 0xFF, 0xE0, 0x00, 0x00, 0x60, 0x0C,
  0x00, 0x00, 0x0C, 0x01, 0x80, 0x00, 0x01, 0x80, 0x30, 0x00, 0x00, 0x30,
  0x06, 0x00, 0x00, 0x06, 0x00, 0xC0, 0x00, 0x00, 0xC0, 0x18, 0x00, 0x00,
  0x18, 0x03, 0x00, 0x00, 0x03, 0xFF, 0xE0, 0x00, 0x00, 0x7F, 0xFC, 0x00,
  0x00, 0x07, 0xFF, 0x80, 0x00, 0x00, 0x3F, 0x80, 0x00, 0x00, 0x4F, 0xF9,
  0x80, 0x00, 0x38, 0x00, 0x38, 0x00, 0x07, 0x00, 0x07, 0x00, 0x02, 0xD0,
  0x00, 0xE8, 0x00, 0x70, 0x00, 0x07, 0x00, 0x0F, 0x00, 0x01, 0xE0, 0x01,
  0x80, 0x00, 0x04, 0x00, 0x00, 0x00, 0x00, 0x01, 0xFF, 0xE0, 0x03, 0xFF,
  0xFF, 0xFC, 0x00, 0x7F, 0xFC, 0x01, 0x80, 0x0C, 0x01, 0x80, 0x30, 0x01,
  0x80, 0x30, 0x06, 0x00, 0x30, 0x06, 0x00, 0xC4, 0x46, 0x00, 0xC0, 0x19,
  0xFC, 0xC0, 0x18, 0x03, 0x11, 0x18, 0x03, 0x80, 0x61, 0x43, 0x00, 0xFF,
  0xFC, 0x00, 0x7F, 0xFF, 0xFF, 0x80, 0x0F, 0xFF, 0xFF, 0xF0, 0x01, 0xFF,
  0xE3, 0xF0, 0x00, 0x07, 0xF1, 0xFF, 0x80, 0x01, 0xFF, 0x00
 };

const GFXglyph NotoSansSymbols2_Regular_Network_18pt16bGlyphs[] PROGMEM = {
// bmpOff,   w,   h,xAdv, xOff, yOff      range 0 (0x1f5a7 - 0x1f5a7)
  {     0,  35,  35,  39,    2,  -31 } }; // 0x1F5A7 u1F5A7  (#0)

const GFXfont NotoSansSymbols2_Regular_Network_18pt16b PROGMEM = {
  (uint8_t  *)NotoSansSymbols2_Regular_Network_18pt16bBitmaps,
  (GFXglyph *)NotoSansSymbols2_Regular_Network_18pt16bGlyphs,
  0x1F5A7, // first
  0x1F5A7, // last
  50   //height
 };

// Approx. 168 bytes
