// fontconvert -ffonts/Noto_Emoji/static/NotoEmoji-Medium.ttf -s20 -r50 -v _Emojis0_ -n0x10000 0x1f600 0x1f64f 
// Visualize your font via https://tchapi.github.io/Adafruit-GFX-Font-Customiser

/* num ranges: 1 */
const uint8_t NotoEmoji_Medium_Emojis0_20pt16bBitmaps[] PROGMEM = {
  /* range 0 (0x1f600 - 0x1f64f): */  0x00, 0x01, 0xFF, 0x80, 0x00, 0x00, 0x0F, 0x00, 0xF0, 0x00, 0x00, 0x38,
  0x00, 0x1C, 0x00, 0x00, 0xE0, 0x00, 0x07, 0x00, 0x01, 0x80, 0x00, 0x01,
  0x80, 0x03, 0x00, 0x00, 0x00, 0xC0, 0x06, 0x00, 0x00, 0x00, 0x60, 0x0C,
  0x00, 0x00, 0x00, 0x30, 0x18, 0x00, 0x00, 0x00, 0x18, 0x18, 0x00, 0x00,
  0x00, 0x18, 0x30, 0x00, 0x00, 0x00, 0x0C, 0x30, 0x00, 0x00, 0x00, 0x0C,
  0x60, 0x0E, 0x00, 0x70, 0x06, 0x60, 0x1F, 0x00, 0xF8, 0x06, 0x60, 0x1F,
  0x00, 0xF8, 0x06, 0xC0, 0x1F, 0x00, 0xF8, 0x03, 0xC0, 0x1F, 0x00, 0xF8,
  0x03, 0xC0, 0x0E, 0x00, 0x70, 0x03, 0xC0, 0x00, 0x00, 0x00, 0x03, 0xC0,
  0x00, 0x00, 0x00, 0x03, 0xC0, 0x00, 0x00, 0x00, 0x03, 0xC0, 0x00, 0x00,
  0x00, 0x03, 0xC0, 0x00, 0x00, 0x00, 0x03, 0xC1, 0xFC, 0x00, 0x3F, 0x83,
  0x61, 0x07, 0xFF, 0xE0, 0x86, 0x61, 0x80, 0x00, 0x01, 0x86, 0x60, 0xF0,
  0x00, 0x0F, 0x06, 0x30, 0xFF, 0xFF, 0xFF, 0x0C, 0x30, 0x7F, 0xFF, 0xFE,
  0x0C, 0x18, 0x3F, 0xFF, 0xFC, 0x18, 0x18, 0x0F, 0x81, 0xF0, 0x18, 0x0C,
  0x07, 0x00, 0xC0, 0x30, 0x06, 0x00, 0xFF, 0x00, 0x60, 0x03, 0x00, 0x00,
  0x00, 0xC0, 0x01, 0x80, 0x00, 0x01, 0x80, 0x00, 0xE0, 0x00, 0x07, 0x00,
  0x00, 0x38, 0x00, 0x1C, 0x00, 0x00, 0x0F, 0x00, 0xF0, 0x00, 0x00, 0x01,
  0xFF, 0x80, 0x00, 0x00, 0x01, 0xFF, 0x80, 0x00, 0x00, 0x0F, 0x00, 0xF0,
  0x00, 0x00, 0x38, 0x00, 0x1C, 0x00, 0x00, 0x60, 0x00, 0x06, 0x00, 0x01,
  0xC0, 0x00, 0x03, 0x80, 0x03, 0x00, 0x00, 0x00, 0xC0, 0x06, 0x00, 0x00,
  0x00, 0x60, 0x0C, 0x00, 0x00, 0x00, 0x30, 0x1C, 0x00, 0x00, 0x00, 0x38,
  0x18, 0x00, 0x00, 0x00, 0x18, 0x30, 0x00, 0x00, 0x00, 0x0C, 0x30, 0x00,
  0x00, 0x00, 0x0C, 0x60, 0x00, 0x00, 0x00, 0x06, 0x60, 0x00, 0x00, 0x00,
  0x06, 0x60, 0x1F, 0x00, 0x78, 0x06, 0xC0, 0x31, 0x80, 0x8C, 0x03, 0xC0,
  0x20, 0x81, 0x84, 0x03, 0xC0, 0x20, 0x80, 0x04, 0x03, 0xC0, 0x00, 0x00,
  0x00, 0x03, 0xC0, 0x00, 0x00, 0x00, 0x03, 0xC0, 0x00, 0x00, 0x00, 0x03,
  0xC0, 0x40, 0x00, 0x02, 0x03, 0xC1, 0xFF, 0x00, 0xFF, 0x83, 0xC1, 0x0F,
  0xFF, 0xF0, 0x83, 0x61, 0x04, 0xFF, 0x20, 0x86, 0x61, 0x04, 0x08, 0x20,
  0x86, 0x61, 0xE4, 0x08, 0x27, 0x86, 0x30, 0xFE, 0x08, 0x7F, 0x0C, 0x30,
  0xE5, 0xFF, 0xE6, 0x0C, 0x18, 0x74, 0x08, 0x2E, 0x18, 0x1C, 0x3C, 0x08,
  0x38, 0x38, 0x0C, 0x0F, 0x08, 0xF0, 0x30, 0x06, 0x03, 0xFF, 0xC0, 0x60,
  0x03, 0x00, 0xFF, 0x00, 0xC0, 0x01, 0x80, 0x00, 0x01, 0x80, 0x00, 0xE0,
  0x00, 0x06, 0x00, 0x00, 0x38, 0x00, 0x1C, 0x00, 0x00, 0x0F, 0x00, 0xF0,
  0x00, 0x00, 0x01, 0xFF, 0x80, 0x00, 0x00, 0x00, 0x1F, 0xF0, 0x00, 0x00,
  0x00, 0x01, 0xC0, 0x1C, 0x00, 0x00, 0x00, 0x1C, 0x00, 0x07, 0x00, 0x00,
  0x00, 0x60, 0x00, 0x03, 0x00, 0x00, 0x03, 0x80, 0x00, 0x03, 0x80, 0x00,
  0x0C, 0x00, 0x00, 0x03, 0x80, 0x00, 0x30, 0x00, 0x00, 0x01, 0x80, 0x00,
  0xC0, 0x00, 0x00, 0x03, 0x80, 0x01, 0x80, 0x00, 0x00, 0x03, 0x00, 0x06,
  0x0E, 0x00, 0x03, 0x83, 0x00, 0x18, 0x70, 0x00, 0x01, 0xC3, 0x00, 0x31,
  0x80, 0x00, 0x00, 0xC6, 0x00, 0xC2, 0x00, 0x00, 0x00, 0x86, 0x01, 0x84,
  0x00, 0x00, 0x01, 0x0C, 0x03, 0x00, 0xF0, 0x01, 0xE0, 0x18, 0x0C, 0x06,
  0x10, 0x04, 0x30, 0x18, 0x18, 0x08, 0x10, 0x10, 0x20, 0x30, 0x30, 0x00,
  0x00, 0x00, 0x00, 0x60, 0x6F, 0x00, 0x00, 0x00, 0x1E, 0xC0, 0xF6, 0x00,
  0x00, 0x00, 0x37, 0x83, 0x0C, 0x00, 0x00, 0x00, 0x61, 0x8C, 0x10, 0x00,
  0x00, 0x00, 0x41, 0xB0, 0x60, 0x00, 0x00, 0x00, 0xC1, 0xC0, 0xCF, 0xC0,
  0x01, 0xF9, 0x81, 0x81, 0x90, 0x7F, 0xFC, 0x13, 0x03, 0x02, 0x30, 0x00,
  0x00, 0x62, 0x06, 0x0C, 0x3C, 0x00, 0x07, 0x86, 0x0B, 0x30, 0x7F, 0xFF,
  0xFF, 0x06, 0x63, 0xE0, 0x7F, 0xFF, 0xFC, 0x0F, 0x80, 0x60, 0x7F, 0xFF,
  0xF0, 0x30, 0x00, 0xC0, 0x7E, 0x0F, 0xC0, 0x40, 0x00, 0xC0, 0x38, 0x0E,
  0x01, 0x80, 0x00, 0xC0, 0x0F, 0xE0, 0x06, 0x00, 0x00, 0xC0, 0x00, 0x00,
  0x18, 0x00, 0x00, 0xC0, 0x00, 0x00, 0x60, 0x00, 0x00, 0x60, 0x00, 0x03,
  0x00, 0x00, 0x00, 0x70, 0x00, 0x1C, 0x00, 0x00, 0x00, 0x3C, 0x01, 0xE0,
  0x00, 0x00, 0x00, 0x07, 0xFC, 0x00, 0x00, 0x00, 0x00, 0x01, 0xFF, 0x80,
  0x00, 0x00, 0x0F, 0x00, 0xF0, 0x00, 0x00, 0x38, 0x00, 0x1C, 0x00, 0x00,
  0xE0, 0x00, 0x07, 0x00, 0x01, 0x80, 0x00, 0x01, 0x80, 0x03, 0x00, 0x00,
  0x00, 0xC0, 0x06, 0x00, 0x00, 0x00, 0x60, 0x0C, 0x00, 0x00, 0x00, 0x30,
  0x18, 0x00, 0x00, 0x00, 0x18, 0x18, 0x00, 0x00, 0x00, 0x18, 0x30, 0x00,
  0x00, 0x00, 0x0C, 0x30, 0x0E, 0x00, 0x70, 0x0C, 0x60, 0x0E, 0x00, 0x70,
  0x06, 0x60, 0x1F, 0x00, 0xF8, 0x06, 0x60, 0x1F, 0x00, 0xF8, 0x06, 0xC0,
  0x1F, 0x00, 0xF8, 0x03, 0xC0, 0x1F, 0x00, 0xF8, 0x03, 0xC0, 0x1F, 0x00,
  0xF8, 0x03, 0xC0, 0x0E, 0x00, 0x70, 0x03, 0xC0, 0x0E, 0x00, 0x70, 0x03,
  0xC0, 0x00, 0x00, 0x00, 0x03, 0xC0, 0x00, 0x00, 0x00, 0x03, 0xC0, 0x00,
  0x00, 0x00, 0x03, 0xC1, 0xF8, 0x00, 0x1F, 0x83, 0x61, 0x07, 0xFF, 0xE0,
  0x86, 0x61, 0x80, 0x00, 0x01, 0x86, 0x60, 0xF0, 0x00, 0x0F, 0x06, 0x30,
  0xFF, 0xFF, 0xFF, 0x0C, 0x30, 0x7F, 0xFF, 0xFE, 0x0C, 0x18, 0x3F, 0xFF,
  0xFC, 0x18, 0x18, 0x0F, 0x81, 0xF0, 0x18, 0x0C, 0x07, 0x00, 0xC0, 0x30,
  0x06, 0x00, 0xFF, 0x00, 0x60, 0x03, 0x00, 0x00, 0x00, 0xC0, 0x01, 0x80,
  0x00, 0x01, 0x80, 0x00, 0xE0, 0x00, 0x07, 0x00, 0x00, 0x38, 0x00, 0x1C,
  0x00, 0x00, 0x0F, 0x00, 0xF0, 0x00, 0x00, 0x01, 0xFF, 0x80, 0x00, 0x00,
  0x01, 0xFF, 0x80, 0x00, 0x00, 0x0F, 0x00, 0xF0, 0x00, 0x00, 0x38, 0x00,
  0x1C, 0x00, 0x00, 0x60, 0x00, 0x06, 0x00, 0x01, 0xC0, 0x00, 0x03, 0x80,
  0x03, 0x00, 0x00, 0x00, 0xC0, 0x06, 0x00, 0x00, 0x00, 0x60, 0x0C, 0x00,
  0x00, 0x00, 0x30, 0x1C, 0x00, 0x00, 0x00, 0x38, 0x18, 0x00, 0x00, 0x00,
  0x18, 0x30, 0x00, 0x00, 0x00, 0x0C, 0x30, 0x00, 0x00, 0x00, 0x0C, 0x60,
  0x00, 0x00, 0x00, 0x06, 0x60, 0x00, 0x00, 0x00, 0x06, 0x60, 0x00, 0x00,
  0x00, 0x06, 0xC0, 0x1F, 0x00, 0xF8, 0x03, 0xC0, 0x31, 0x81, 0x8C, 0x03,
  0xC0, 0x40, 0x81, 0x02, 0x03, 0xC0, 0x00, 0x00, 0x00, 0x03, 0xC0, 0x00,
  0x00, 0x00, 0x03, 0xC0, 0x00, 0x00, 0x00, 0x03, 0xC0, 0x00, 0x00, 0x00,
  0x03, 0xC0, 0x00, 0x00, 0x00, 0x03, 0xC1, 0xF8, 0x00, 0x1F, 0x83, 0x61,
  0x07, 0xFF, 0xE0, 0x86, 0x61, 0x80, 0x00, 0x01, 0x86, 0x60, 0xF0, 0x00,
  0x0F, 0x06, 0x30, 0xFF, 0xFF, 0xFF, 0x0C, 0x30, 0x7F, 0xFF, 0xFE, 0x0C,
  0x18, 0x3F, 0xFF, 0xFC, 0x18, 0x1C, 0x0F, 0x81, 0xF0, 0x38, 0x0C, 0x07,
  0x00, 0xC0, 0x30, 0x06, 0x00, 0xFF, 0x00, 0x60, 0x03, 0x00, 0x00, 0x00,
  0xC0, 0x01, 0x80, 0x00, 0x01, 0x80, 0x00, 0xE0, 0x00, 0x06, 0x00, 0x00,
  0x38, 0x00, 0x1C, 0x00, 0x00, 0x0F, 0x00, 0xF0, 0x00, 0x00, 0x01, 0xFF,
  0x80, 0x00, 0x00, 0x01, 0xFF, 0x80, 0x00, 0x00, 0x03, 0xC0, 0x3C, 0x02,
  0x00, 0x03, 0x80, 0x01, 0xC0, 0xC0, 0x01, 0x80, 0x00, 0x1C, 0x50, 0x01,
  0xC0, 0x00, 0x01, 0x92, 0x00, 0xC0, 0x00, 0x00, 0x38, 0xC0, 0x60, 0x00,
  0x00, 0x06, 0x10, 0x30, 0x00, 0x00, 0x01, 0x02, 0x1C, 0x00, 0x00, 0x00,
  0x40, 0x86, 0x00, 0x00, 0x00, 0x20, 0x13, 0x00, 0x00, 0x00, 0x08, 0x04,
  0xC0, 0x00, 0x00, 0x02, 0x01, 0x60, 0x00, 0x00, 0x00, 0x80, 0x58, 0x00,
  0x00, 0x00, 0x20, 0x16, 0x00, 0x00, 0x00, 0x04, 0x0B, 0x00, 0x7C, 0x03,
  0xF1, 0x86, 0xC0, 0x71, 0x81, 0x86, 0x1F, 0x30, 0x00, 0x20, 0x40, 0x80,
  0xCC, 0x00, 0x00, 0x00, 0x00, 0x33, 0x00, 0x00, 0x00, 0x00, 0x0C, 0xC0,
  0x00, 0x00, 0x00, 0x03, 0x30, 0x00, 0x00, 0x00, 0x00, 0xCC, 0x00, 0x00,
  0x00, 0x00, 0x33, 0x07, 0xF0, 0x00, 0x7E, 0x0C, 0x61, 0x07, 0xFF, 0xE0,
  0x86, 0x18, 0x60, 0x00, 0x00, 0x21, 0x86, 0x0F, 0x00, 0x00, 0xF8, 0x60,
  0xC3, 0xFF, 0xFF, 0xFC, 0x30, 0x30, 0x7F, 0xFF, 0xFE, 0x0C, 0x06, 0x0F,
  0xFF, 0xFF, 0x06, 0x01, 0xC0, 0xF8, 0x1F, 0x81, 0x80, 0x30, 0x1C, 0x03,
  0x80, 0xC0, 0x06, 0x00, 0xFF, 0x00, 0x60, 0x00, 0xC0, 0x00, 0x00, 0x30,
  0x00, 0x18, 0x00, 0x00, 0x18, 0x00, 0x03, 0x80, 0x00, 0x18, 0x00, 0x00,
  0x38, 0x00, 0x1C, 0x00, 0x00, 0x03, 0xC0, 0x3C, 0x00, 0x00, 0x00, 0x1F,
  0xF8, 0x00, 0x00, 0x00, 0x01, 0xFF, 0x80, 0x00, 0x00, 0x0F, 0x00, 0xF0,
  0x00, 0x00, 0x38, 0x00, 0x1C, 0x00, 0x00, 0x60, 0x00, 0x06, 0x00, 0x01,
  0xC0, 0x00, 0x03, 0x80, 0x03, 0x00, 0x00, 0x00, 0xC0, 0x06, 0x00, 0x00,
  0x00, 0x60, 0x0C, 0x00, 0x00, 0x00, 0x30, 0x1C, 0x00, 0x00, 0x00, 0x38,
  0x18, 0x00, 0x00, 0x00, 0x18, 0x30, 0x00, 0x00, 0x00, 0x0C, 0x30, 0x00,
  0x00, 0x00, 0x0C, 0x60, 0xC0, 0x00, 0x03, 0x06, 0x60, 0x70, 0x00, 0x0E,
  0x06, 0x60, 0x1C, 0x00, 0x38, 0x06, 0xC0, 0x07, 0x00, 0xE0, 0x03, 0xC0,
  0x01, 0xC3, 0x80, 0x03, 0xC0, 0x1F, 0x00, 0xF8, 0x03, 0xC0, 0xF8, 0x00,
  0x1F, 0x03, 0xC0, 0x80, 0x00, 0x03, 0x03, 0xC0, 0x00, 0x00, 0x00, 0x03,
  0xC0, 0x00, 0x00, 0x00, 0x03, 0xC0, 0x00, 0x00, 0x00, 0x03, 0xC1, 0xFC,
  0x00, 0x1F, 0x83, 0x61, 0x07, 0xFF, 0xE0, 0x86, 0x61, 0x80, 0x00, 0x01,
  0x86, 0x60, 0xF0, 0x00, 0x0F, 0x06, 0x30, 0xFF, 0xFF, 0xFF, 0x0C, 0x30,
  0x7F, 0xFF, 0xFE, 0x0C, 0x18, 0x3F, 0xFF, 0xFC, 0x18, 0x1C, 0x0F, 0x81,
  0xF0, 0x38, 0x0C, 0x07, 0x00, 0xC0, 0x30, 0x06, 0x00, 0xFF, 0x00, 0x60,
  0x03, 0x00, 0x00, 0x00, 0xC0, 0x01, 0x80, 0x00, 0x01, 0x80, 0x00, 0xE0,
  0x00, 0x06, 0x00, 0x00, 0x38, 0x00, 0x1C, 0x00, 0x00, 0x0F, 0x00, 0xF0,
  0x00, 0x00, 0x01, 0xFF, 0x80, 0x00, 0x00, 0x3F, 0xFF, 0xE0, 0x00, 0x3F,
  0x80, 0x03, 0xF8, 0x07, 0xC0, 0x00, 0x01, 0xF0, 0xF8, 0x07, 0xFC, 0x03,
  0xEF, 0x81, 0xC0, 0x1C, 0x0F, 0xFC, 0x30, 0x00, 0x18, 0x7F, 0xE7, 0x00,
  0x00, 0x73, 0xFF, 0xE0, 0x00, 0x00, 0xFF, 0x3F, 0xE0, 0x00, 0x3F, 0xE0,
  0x7F, 0xFF, 0xFF, 0xFE, 0x06, 0xFF, 0xFF, 0xFF, 0xB0, 0x30, 0x3F, 0xFF,
  0x81, 0x83, 0x00, 0x00, 0x00, 0x06, 0x18, 0x00, 0x00, 0x00, 0x31, 0x80,
  0x00, 0x00, 0x00, 0xCC, 0x00, 0x00, 0x00, 0x06, 0x40, 0x00, 0x00, 0x00,
  0x36, 0x01, 0xE0, 0x0F, 0x00, 0xF0, 0x18, 0xC1, 0x8C, 0x07, 0x80, 0x00,
  0x00, 0x20, 0x3C, 0x00, 0x00, 0x00, 0x01, 0xE0, 0x00, 0x00, 0x00, 0x0F,
  0x00, 0x00, 0x00, 0x00, 0x78, 0x00, 0x00, 0x00, 0x03, 0xC0, 0x00, 0x00,
  0x00, 0x1F, 0x00, 0x00, 0x00, 0x01, 0x98, 0x00, 0x00, 0x00, 0x0C, 0xC0,
  0x30, 0x01, 0x80, 0x63, 0x00, 0xE0, 0x38, 0x06, 0x18, 0x01, 0xFF, 0x00,
  0x30, 0x60, 0x00, 0x00, 0x03, 0x03, 0x00, 0x00, 0x00, 0x18, 0x0C, 0x00,
  0x00, 0x01, 0x80, 0x30, 0x00, 0x00, 0x18, 0x00, 0xC0, 0x00, 0x01, 0x80,
  0x03, 0x80, 0x00, 0x38, 0x00, 0x06, 0x00, 0x03, 0x00, 0x00, 0x0E, 0x00,
  0xE0, 0x00, 0x00, 0x0F, 0xF8, 0x00, 0x00, 0x60, 0x00, 0x00, 0x00, 0x00,
  0xFE, 0x00, 0x0F, 0xF8, 0x00, 0x3F, 0x60, 0x1E, 0x00, 0xF0, 0x0C, 0xE3,
  0x0E, 0x00, 0x03, 0x87, 0x1C, 0x3B, 0x00, 0x00, 0x1F, 0xC3, 0x83, 0xC0,
  0x00, 0x01, 0xE0, 0xF0, 0x00, 0x00, 0x00, 0x00, 0x1B, 0x00, 0x00, 0x00,
  0x00, 0x03, 0x60, 0x00, 0x00, 0x00, 0x00, 0x4C, 0x00, 0x00, 0x00, 0x00,
  0x18, 0xC0, 0x00, 0x00, 0x00, 0x03, 0x18, 0x00, 0x00, 0x00, 0x00, 0xC1,
  0x00, 0x00, 0x00, 0x00, 0x18, 0x30, 0x00, 0x00, 0x00, 0x02, 0x04, 0x00,
  0x00, 0x00, 0x00, 0x61, 0x80, 0x00, 0x00, 0x00, 0x0C, 0x30, 0x00, 0x00,
  0x00, 0x00, 0xC6, 0x03, 0x00, 0x00, 0x20, 0x18, 0x80, 0x78, 0x00, 0x3C,
  0x03, 0x10, 0x03, 0x80, 0x0E, 0x00, 0x62, 0x00, 0x3C, 0x07, 0x80, 0x0C,
  0x40, 0x0F, 0xC1, 0xF8, 0x01, 0x88, 0x01, 0xF0, 0x1F, 0x00, 0x31, 0x80,
  0x3E, 0x03, 0xE0, 0x06, 0x30, 0x03, 0x80, 0x38, 0x00, 0xC6, 0x00, 0x00,
  0x00, 0x00, 0x30, 0x40, 0x00, 0x00, 0x00, 0x06, 0x0C, 0x00, 0x00, 0x00,
  0x00, 0xC1, 0x80, 0x10, 0x01, 0x00, 0x30, 0x18, 0x07, 0x00, 0x70, 0x06,
  0x01, 0x00, 0x38, 0x38, 0x01, 0x80, 0x30, 0x01, 0xFC, 0x00, 0x60, 0x03,
  0x00, 0x00, 0x00, 0x0C, 0x00, 0x30, 0x00, 0x00, 0x03, 0x00, 0x03, 0x00,
  0x00, 0x00, 0xC0, 0x00, 0x30, 0x00, 0x00, 0x70, 0x00, 0x03, 0x00, 0x00,
  0x18, 0x00, 0x00, 0x18, 0x00, 0x0E, 0x00, 0x00, 0x00, 0xE0, 0x0F, 0x00,
  0x00, 0x00, 0x03, 0xFE, 0x00, 0x00, 0x00, 0x01, 0xFF, 0x80, 0x00, 0x00,
  0x0F, 0x00, 0xF0, 0x00, 0x00, 0x38, 0x00, 0x1C, 0x00, 0x00, 0x60, 0x00,
  0x06, 0x00, 0x01, 0xC0, 0x00, 0x03, 0x80, 0x03, 0x00, 0x00, 0x00, 0xC0,
  0x06, 0x00, 0x00, 0x00, 0x60, 0x0C, 0x00, 0x00, 0x00, 0x30, 0x1C, 0x0C,
  0x00, 0x00, 0x38, 0x18, 0x3C, 0x00, 0x00, 0x18, 0x30, 0x70, 0x00, 0x00,
  0x0C, 0x30, 0xC0, 0x00, 0x00, 0x0C, 0x60, 0xC0, 0x00, 0x00, 0x06, 0x60,
  0x00, 0x00, 0x00, 0x06, 0x60, 0x00, 0x00, 0x04, 0x06, 0xC0, 0x0E, 0x00,
  0x1E, 0x03, 0xC0, 0x1F, 0x00, 0x30, 0x03, 0xC0, 0x1F, 0x00, 0xE0, 0x03,
  0xC0, 0x1F, 0x00, 0xF8, 0x03, 0xC0, 0x0E, 0x00, 0x0E, 0x03, 0xC0, 0x00,
  0x00, 0x00, 0x03, 0xC0, 0x00, 0x00, 0x00, 0x03, 0xC0, 0x00, 0x00, 0x00,
  0x03, 0xC0, 0x00, 0x00, 0x00, 0x03, 0x60, 0x00, 0x00, 0x00, 0x06, 0x60,
  0x08, 0x00, 0x10, 0x06, 0x60, 0x1C, 0x00, 0x38, 0x06, 0x30, 0x07, 0x81,
  0xE0, 0x0C, 0x30, 0x00, 0xFF, 0x00, 0x0C, 0x18, 0x00, 0x00, 0x00, 0x18,
  0x1C, 0x00, 0x00, 0x00, 0x38, 0x0C, 0x00, 0x00, 0x00, 0x30, 0x06, 0x00,
  0x00, 0x00, 0x60, 0x03, 0x00, 0x00, 0x00, 0xC0, 0x01, 0x80, 0x00, 0x01,
  0x80, 0x00, 0xE0, 0x00, 0x06, 0x00, 0x00, 0x38, 0x00, 0x1C, 0x00, 0x00,
  0x0F, 0x00, 0xF0, 0x00, 0x00, 0x01, 0xFF, 0x80, 0x00, 0x00, 0x01, 0xFF,
  0x80, 0x00, 0x00, 0x0F, 0x00, 0xF0, 0x00, 0x00, 0x38, 0x00, 0x1C, 0x00,
  0x00, 0x60, 0x00, 0x06, 0x00, 0x01, 0xC0, 0x00, 0x03, 0x80, 0x03, 0x00,
  0x00, 0x00, 0xC0, 0x06, 0x00, 0x00, 0x00, 0x60, 0x0C, 0x00, 0x00, 0x00,
  0x30, 0x1C, 0x00, 0x00, 0x00, 0x38, 0x18, 0x00, 0x00, 0x00, 0x18, 0x30,
  0x00, 0x00, 0x00, 0x0C, 0x30, 0x00, 0x00, 0x00, 0x0C, 0x60, 0x00, 0x00,
  0x00, 0x06, 0x60, 0x00, 0x00, 0x00, 0x06, 0x60, 0x1E, 0x00, 0x78, 0x06,
  0xC0, 0x31, 0x81, 0x8C, 0x03, 0xC0, 0x21, 0x81, 0x84, 0x03, 0xC0, 0x20,
  0x81, 0x04, 0x03, 0xC0, 0x00, 0x00, 0x00, 0x03, 0xC0, 0x00, 0x00, 0x00,
  0x03, 0xC0, 0x00, 0x00, 0x02, 0x03, 0xC0, 0xAC, 0x00, 0x14, 0x83, 0xC1,
  0x28, 0x00, 0x15, 0x03, 0xC1, 0x48, 0x00, 0x2D, 0x03, 0x60, 0x40, 0x00,
  0x00, 0x06, 0x60, 0x00, 0x00, 0x00, 0x06, 0x60, 0x00, 0x00, 0x00, 0x06,
  0x30, 0x04, 0x00, 0x20, 0x0C, 0x30, 0x07, 0x81, 0xE0, 0x0C, 0x18, 0x00,
  0xFF, 0x00, 0x18, 0x1C, 0x00, 0x00, 0x00, 0x38, 0x0C, 0x00, 0x00, 0x00,
  0x30, 0x06, 0x00, 0x00, 0x00, 0x60, 0x03, 0x00, 0x00, 0x00, 0xC0, 0x01,
  0x80, 0x00, 0x01, 0x80, 0x00, 0xE0, 0x00, 0x06, 0x00, 0x00, 0x38, 0x00,
  0x1C, 0x00, 0x00, 0x0F, 0x00, 0xF0, 0x00, 0x00, 0x01, 0xFF, 0x80, 0x00,
  0x00, 0x00, 0xFF, 0x80, 0x00, 0x00, 0x0F, 0x00, 0x70, 0x00, 0x00, 0x38,
  0x00, 0x0C, 0x00, 0x00, 0x60, 0x00, 0x03, 0x00, 0x01, 0xC0, 0x00, 0x01,
  0x80, 0x03, 0x00, 0x00, 0x00, 0xC0, 0x06, 0x00, 0x00, 0x00, 0x20, 0x0C,
  0x00, 0x00, 0x00, 0x30, 0x1C, 0x00, 0x00, 0x00, 0x18, 0x18, 0x00, 0x00,
  0x00, 0x0C, 0x30, 0x00, 0x00, 0x00, 0x04, 0x30, 0x00, 0x00, 0x00, 0x06,
  0x60, 0x00, 0x00, 0x00, 0x02, 0x60, 0x00, 0x00, 0x00, 0x02, 0x60, 0x3E,
  0x00, 0x7C, 0x03, 0xC0, 0x63, 0x80, 0xC6, 0x03, 0xC0, 0x40, 0x80, 0x83,
  0x01, 0xC0, 0x00, 0x00, 0x00, 0x01, 0xC0, 0x00, 0x00, 0x00, 0x01, 0xC0,
  0x00, 0x00, 0x00, 0x01, 0xC0, 0x00, 0x00, 0x00, 0x01, 0xC0, 0x00, 0x00,
  0x00, 0x01, 0xC6, 0x00, 0x00, 0x00, 0x21, 0xC2, 0x00, 0x00, 0x00, 0x63,
  0x63, 0x00, 0x00, 0x00, 0x43, 0x61, 0x80, 0x00, 0x00, 0xE2, 0x60, 0xC0,
  0x00, 0x01, 0xF6, 0x30, 0x60, 0x00, 0x03, 0x3C, 0x30, 0x30, 0x00, 0x0E,
  0x1C, 0x18, 0x1C, 0x00, 0x1C, 0x0C, 0x1C, 0x07, 0x00, 0xE6, 0x06, 0x0C,
  0x00, 0xFF, 0x83, 0x06, 0x06, 0x00, 0x01, 0x00, 0x06, 0x03, 0x00, 0x00,
  0x80, 0x06, 0x01, 0xC0, 0x00, 0x40, 0x06, 0x00, 0xE0, 0x00, 0x20, 0x0C,
  0x00, 0x38, 0x00, 0x10, 0x1C, 0x00, 0x0F, 0x00, 0xFC, 0x38, 0x00, 0x01,
  0xFF, 0x83, 0xE0, 0x00, 0x01, 0xFF, 0x80, 0x00, 0x00, 0x0F, 0x00, 0xF0,
  0x00, 0x00, 0x38, 0x00, 0x1C, 0x00, 0x00, 0x60, 0x00, 0x06, 0x00, 0x01,
  0xC0, 0x00, 0x03, 0x80, 0x03, 0x00, 0x00, 0x00, 0xC0, 0x06, 0x00, 0x00,
  0x00, 0x60, 0x0C, 0x00, 0x00, 0x00, 0x30, 0x1C, 0x00, 0x00, 0x00, 0x38,
  0x18, 0x1C, 0x00, 0x38, 0x18, 0x30, 0x70, 0x00, 0x0E, 0x0C, 0x30, 0xC0,
  0x00, 0x03, 0x0C, 0x61, 0x00, 0x00, 0x01, 0x86, 0x60, 0x00, 0x00, 0x00,
  0x06, 0x60, 0x00, 0x00, 0x00, 0x06, 0xC0, 0x00, 0x00, 0x00, 0x03, 0xC0,
  0x00, 0x00, 0x00, 0x03, 0xC0, 0x00, 0x00, 0x00, 0x03, 0xC0, 0xE3, 0x00,
  0xC7, 0x03, 0xC0, 0x3E, 0x00, 0x7C, 0x03, 0xC0, 0x00, 0x00, 0x00, 0x03,
  0xC0, 0x00, 0x00, 0x00, 0x03, 0xC0, 0x00, 0x00, 0x00, 0x03, 0xC0, 0x00,
  0x00, 0x00, 0x03, 0x60, 0x00, 0x00, 0x00, 0x06, 0x60, 0x00, 0x00, 0x00,
  0x06, 0x60, 0x00, 0x00, 0x00, 0x06, 0x30, 0x00, 0x00, 0x00, 0x0C, 0x30,
  0x02, 0x00, 0x40, 0x0C, 0x18, 0x03, 0x00, 0xC0, 0x18, 0x1C, 0x01, 0xC3,
  0x80, 0x38, 0x0C, 0x00, 0x7E, 0x00, 0x30, 0x06, 0x00, 0x00, 0x00, 0x60,
  0x03, 0x00, 0x00, 0x00, 0xC0, 0x01, 0x80, 0x00, 0x01, 0x80, 0x00, 0xE0,
  0x00, 0x06, 0x00, 0x00, 0x38, 0x00, 0x1C, 0x00, 0x00, 0x0F, 0x00, 0xF0,
  0x00, 0x00, 0x01, 0xFF, 0x80, 0x00, 0x00, 0x01, 0xFF, 0x80, 0x00, 0x00,
  0x0F, 0x00, 0xF0, 0x00, 0x00, 0x38, 0x00, 0x1C, 0x00, 0x00, 0x60, 0x00,
  0x06, 0x00, 0x01, 0xC0, 0x00, 0x03, 0x80, 0x03, 0x00, 0x00, 0x00, 0xC0,
  0x06, 0x00, 0x00, 0x00, 0x60, 0x0C, 0x00, 0x00, 0x00, 0x30, 0x1C, 0x00,
  0x00, 0x00, 0x38, 0x18, 0x07, 0x00, 0x70, 0x18, 0x30, 0x0F, 0x80, 0xF8,
  0x0C, 0x33, 0xFF, 0xC1, 0xFF, 0xEC, 0x67, 0xFF, 0xC1, 0xFF, 0xF6, 0x67,
  0xFF, 0xC1, 0xFF, 0xF6, 0x67, 0xFF, 0xC1, 0xFF, 0xF6, 0xC7, 0xFF, 0xC1,
  0xFF, 0xF3, 0xC7, 0xFF, 0x80, 0xFF, 0xF3, 0xC3, 0xFF, 0x80, 0xFF, 0xE3,
  0xC1, 0xFF, 0x00, 0x7F, 0xC3, 0xC0, 0xFE, 0x00, 0x3F, 0x83, 0xC0, 0x3C,
  0x00, 0x1C, 0x03, 0xC0, 0x00, 0x00, 0x00, 0x03, 0xC0, 0x00, 0x00, 0x00,
  0x03, 0xC0, 0x00, 0x00, 0x00, 0x03, 0x60, 0x00, 0x00, 0x00, 0x06, 0x60,
  0x00, 0xC0, 0x80, 0x06, 0x60, 0x01, 0xFF, 0xC0, 0x06, 0x30, 0x01, 0xFF,
  0xE0, 0x0C, 0x30, 0x01, 0xFF, 0xE0, 0x0C, 0x18, 0x01, 0xFF, 0xC0, 0x18,
  0x1C, 0x00, 0xFF, 0x80, 0x38, 0x0C, 0x00, 0x3E, 0x00, 0x30, 0x06, 0x00,
  0x00, 0x00, 0x60, 0x03, 0x00, 0x00, 0x00, 0xC0, 0x01, 0x80, 0x00, 0x01,
  0x80, 0x00, 0xE0, 0x00, 0x06, 0x00, 0x00, 0x38, 0x00, 0x1C, 0x00, 0x00,
  0x0F, 0x00, 0xF0, 0x00, 0x00, 0x01, 0xFF, 0x80, 0x00, 0x00, 0x00, 0xFF,
  0x80, 0x00, 0x00, 0x03, 0x80, 0x3C, 0x00, 0x00, 0x07, 0x00, 0x03, 0x80,
  0x00, 0x0E, 0x00, 0x00, 0x60, 0x00, 0x0C, 0x00, 0x00, 0x0C, 0x00, 0x0C,
  0x00, 0x00, 0x03, 0x00, 0x0C, 0x00, 0x00, 0x00, 0xC0, 0x0C, 0x00, 0x00,
  0x00, 0x30, 0x0C, 0x00, 0x00, 0x00, 0x08, 0x04, 0x00, 0x00, 0x00, 0x06,
  0x06, 0x00, 0x00, 0x00, 0x01, 0x9F, 0xFF, 0xFF, 0xFF, 0xFF, 0xFF, 0xFF,
  0xFF, 0xFF, 0xFF, 0xFB, 0xF3, 0xFF, 0xFF, 0x3F, 0xFC, 0xF3, 0xFF, 0x8F,
  0x3F, 0xFC, 0xFB, 0xFF, 0xC3, 0x9F, 0xFE, 0x7D, 0xFF, 0xC1, 0xFF, 0xFF,
  0xBF, 0xFF, 0xE0, 0x7F, 0xFF, 0xDF, 0xFF, 0xF0, 0x3F, 0xFF, 0xEF, 0xFF,
  0xF0, 0x1F, 0xFF, 0xF7, 0xFF, 0xF8, 0x07, 0xFF, 0xFB, 0xFF, 0xF8, 0x01,
  0xFF, 0xED, 0xBF, 0xF8, 0x00, 0x7F, 0xE6, 0xC3, 0xF0, 0x00, 0x0F, 0xC2,
  0x20, 0x00, 0x00, 0x00, 0x01, 0x10, 0x00, 0x00, 0x00, 0x01, 0x8C, 0x01,
  0x00, 0x02, 0x00, 0x82, 0x01, 0xC0, 0x07, 0x00, 0xC1, 0x80, 0x3C, 0x0E,
  0x00, 0x40, 0x40, 0x03, 0xFC, 0x00, 0x60, 0x30, 0x00, 0x00, 0x00, 0x20,
  0x0C, 0x00, 0x00, 0x00, 0x30, 0x03, 0x00, 0x00, 0x00, 0x30, 0x00, 0xC0,
  0x00, 0x00, 0x30, 0x00, 0x30, 0x00, 0x00, 0x30, 0x00, 0x0E, 0x00, 0x00,
  0x60, 0x00, 0x01, 0xC0, 0x00, 0xE0, 0x00, 0x00, 0x3C, 0x03, 0xC0, 0x00,
  0x00, 0x03, 0xFF, 0x00, 0x00, 0x00, 0x01, 0xFF, 0x80, 0x00, 0x00, 0x0F,
  0x00, 0xF0, 0x00, 0x00, 0x38, 0x00, 0x1C, 0x00, 0x00, 0x60, 0x00, 0x06,
  0x00, 0x01, 0xC0, 0x00, 0x03, 0x80, 0x03, 0x00, 0x00, 0x00, 0xC0, 0x06,
  0x00, 0x00, 0x00, 0x60, 0x0C, 0x00, 0x00, 0x00, 0x30, 0x1C, 0x00, 0x00,
  0x00, 0x38, 0x18, 0x00, 0x00, 0x00, 0x18, 0x30, 0x00, 0x00, 0x00, 0x0C,
  0x30, 0x30, 0x00, 0x0C, 0x0C, 0x60, 0xF0, 0x00, 0x1F, 0x06, 0x63, 0x80,
  0x00, 0x01, 0xC6, 0x66, 0x00, 0x00, 0x00, 0x66, 0xC0, 0x00, 0x00, 0x00,
  0x03, 0xC0, 0x00, 0x00, 0x00, 0x03, 0xC0, 0x7E, 0x00, 0x7E, 0x03, 0xC0,
  0xDF, 0x00, 0xDF, 0x03, 0xC0, 0x1F, 0x00, 0x1F, 0x03, 0xC0, 0x0E, 0x00,
  0x0E, 0x03, 0xC0, 0x00, 0x00, 0x00, 0x03, 0xC0, 0x00, 0x00, 0x00, 0x03,
  0xC0, 0x00, 0x00, 0x00, 0x03, 0x60, 0x00, 0x00, 0x00, 0x06, 0x60, 0x00,
  0x00, 0x00, 0x06, 0x60, 0x00, 0x00, 0x30, 0x06, 0x30, 0x00, 0x00, 0x30,
  0x0C, 0x30, 0x00, 0x00, 0x20, 0x0C, 0x18, 0x00, 0x00, 0x60, 0x18, 0x1C,
  0x00, 0x00, 0xC0, 0x38, 0x0C, 0x03, 0xFF, 0x00, 0x30, 0x06, 0x00, 0x00,
  0x00, 0x60, 0x03, 0x00, 0x00, 0x00, 0xC0, 0x01, 0x80, 0x00, 0x01, 0x80,
  0x00, 0xE0, 0x00, 0x06, 0x00, 0x00, 0x38, 0x00, 0x1C, 0x00, 0x00, 0x0F,
  0x00, 0xF0, 0x00, 0x00, 0x01, 0xFF, 0x80, 0x00, 0x00, 0x01, 0xFF, 0x80,
  0x00, 0x00, 0x0F, 0x00, 0xF0, 0x00, 0x00, 0x38, 0x00, 0x1C, 0x00, 0x00,
  0x60, 0x00, 0x06, 0x00, 0x01, 0xC0, 0x00, 0x03, 0x80, 0x03, 0x00, 0x00,
  0x00, 0xC0, 0x06, 0x00, 0x00, 0x00, 0x60, 0x0C, 0x00, 0x00, 0x00, 0x30,
  0x1C, 0x00, 0x00, 0x00, 0x38, 0x18, 0x00, 0x00, 0x00, 0x18, 0x30, 0x00,
  0x00, 0x00, 0x0C, 0x30, 0x00, 0x00, 0x00, 0x0C, 0x60, 0x00, 0x00, 0x00,
  0x06, 0x60, 0x00, 0x00, 0x00, 0x06, 0x60, 0x0E, 0x00, 0x70, 0x06, 0xC0,
  0x1F, 0x00, 0xF8, 0x03, 0xC0, 0x1F, 0x00, 0xF8, 0x03, 0xC0, 0x1F, 0x00,
  0xF8, 0x03, 0xC0, 0x1F, 0x00, 0xF8, 0x03, 0xC0, 0x0E, 0x00, 0x70, 0x03,
  0xC0, 0x00, 0x00, 0x00, 0x03, 0xC0, 0x00, 0x00, 0x00, 0x03, 0xC0, 0x00,
  0x00, 0x00, 0x03, 0xC0, 0x00, 0x00, 0x00, 0x03, 0x60, 0x00, 0x00, 0x00,
  0x06, 0x60, 0x00, 0x00, 0x00, 0x06, 0x60, 0x1F, 0xFF, 0xF8, 0x06, 0x30,
  0x00, 0x00, 0x00, 0x0C, 0x30, 0x00, 0x00, 0x00, 0x0C, 0x18, 0x00, 0x00,
  0x00, 0x18, 0x1C, 0x00, 0x00, 0x00, 0x38, 0x0C, 0x00, 0x00, 0x00, 0x30,
  0x06, 0x00, 0x00, 0x00, 0x60, 0x03, 0x00, 0x00, 0x00, 0xC0, 0x01, 0x80,
  0x00, 0x01, 0x80, 0x00, 0xE0, 0x00, 0x06, 0x00, 0x00, 0x38, 0x00, 0x1C,
  0x00, 0x00, 0x0F, 0x00, 0xF0, 0x00, 0x00, 0x01, 0xFF, 0x80, 0x00, 0x00,
  0x01, 0xFF, 0x80, 0x00, 0x00, 0x0F, 0x00, 0xF0, 0x00, 0x00, 0x38, 0x00,
  0x1C, 0x00, 0x00, 0x60, 0x00, 0x06, 0x00, 0x01, 0xC0, 0x00, 0x03, 0x80,
  0x03, 0x00, 0x00, 0x00, 0xC0, 0x06, 0x00, 0x00, 0x00, 0x60, 0x0C, 0x00,
  0x00, 0x00, 0x30, 0x1C, 0x00, 0x00, 0x00, 0x38, 0x18, 0x00, 0x00, 0x00,
  0x18, 0x30, 0x00, 0x00, 0x00, 0x0C, 0x30, 0x00, 0x00, 0x00, 0x0C, 0x60,
  0x00, 0x00, 0x00, 0x06, 0x60, 0x00, 0x00, 0x00, 0x06, 0x60, 0x00, 0x00,
  0x00, 0x06, 0xC0, 0x00, 0x00, 0x00, 0x03, 0xC0, 0x3F, 0x80, 0xFE, 0x03,
  0xC0, 0x00, 0x00, 0x00, 0x03, 0xC0, 0x00, 0x00, 0x00, 0x03, 0xC0, 0x00,
  0x00, 0x00, 0x03, 0xC0, 0x00, 0x00, 0x00, 0x03, 0xC0, 0x00, 0x00, 0x00,
  0x03, 0xC0, 0x00, 0x00, 0x00, 0x03, 0xC0, 0x00, 0x00, 0x00, 0x03, 0x60,
  0x00, 0x00, 0x00, 0x06, 0x60, 0x00, 0x00, 0x00, 0x06, 0x60, 0x1F, 0xFF,
  0xFC, 0x06, 0x30, 0x00, 0x00, 0x00, 0x0C, 0x30, 0x00, 0x00, 0x00, 0x0C,
  0x18, 0x00, 0x00, 0x00, 0x18, 0x1C, 0x00, 0x00, 0x00, 0x38, 0x0C, 0x00,
  0x00, 0x00, 0x30, 0x06, 0x00, 0x00, 0x00, 0x60, 0x03, 0x00, 0x00, 0x00,
  0xC0, 0x01, 0x80, 0x00, 0x01, 0x80, 0x00, 0xE0, 0x00, 0x06, 0x00, 0x00,
  0x38, 0x00, 0x1C, 0x00, 0x00, 0x0F, 0x00, 0xF0, 0x00, 0x00, 0x01, 0xFF,
  0x80, 0x00, 0x00, 0x01, 0xFF, 0x80, 0x00, 0x00, 0x0F, 0x00, 0xF0, 0x00,
  0x00, 0x38, 0x00, 0x1C, 0x00, 0x00, 0x60, 0x00, 0x06, 0x00, 0x01, 0xC0,
  0x00, 0x03, 0x80, 0x03, 0x00, 0x00, 0x00, 0xC0, 0x06, 0x00, 0x00, 0x00,
  0x60, 0x0C, 0x00, 0x00, 0x00, 0x30, 0x1C, 0x00, 0x00, 0x00, 0x38, 0x18,
  0x00, 0x00, 0x00, 0x18, 0x30, 0x00, 0x00, 0x00, 0x0C, 0x30, 0x00, 0x00,
  0x00, 0x0C, 0x60, 0x78, 0x00, 0x1F, 0x06, 0x61, 0x80, 0x00, 0x01, 0xC6,
  0x62, 0x00, 0x00, 0x00, 0x46, 0xC0, 0x00, 0x00, 0x00, 0x03, 0xC0, 0x00,
  0x00, 0x00, 0x03, 0xC0, 0xFE, 0x00, 0x7F, 0x03, 0xC0, 0x9F, 0x00, 0x4F,
  0x83, 0xC0, 0x1F, 0x00, 0x0F, 0x83, 0xC0, 0x1F, 0x00, 0x0F, 0x83, 0xC0,
  0x0E, 0x00, 0x07, 0x03, 0xC0, 0x00, 0x00, 0x00, 0x03, 0xC0, 0x00, 0x00,
  0x00, 0x03, 0x60, 0x00, 0x00, 0x00, 0x06, 0x60, 0x00, 0x00, 0x00, 0x06,
  0x60, 0x00, 0x00, 0x00, 0x06, 0x30, 0x00, 0x00, 0x00, 0x0C, 0x30, 0x00,
  0x7F, 0x00, 0x0C, 0x18, 0x03, 0xC1, 0xC0, 0x18, 0x1C, 0x02, 0x00, 0x40,
  0x38, 0x0C, 0x00, 0x00, 0x00, 0x30, 0x06, 0x00, 0x00, 0x00, 0x60, 0x03,
  0x00, 0x00, 0x00, 0xC0, 0x01, 0x80, 0x00, 0x01, 0x80, 0x00, 0xE0, 0x00,
  0x06, 0x00, 0x00, 0x38, 0x00, 0x1C, 0x00, 0x00, 0x0F, 0x00, 0xF0, 0x00,
  0x00, 0x01, 0xFF, 0x80, 0x00, 0x00, 0x01, 0xFF, 0x80, 0x00, 0x01, 0x8F,
  0x00, 0xF0, 0x00, 0x03, 0xF8, 0x00, 0x1C, 0x00, 0x02, 0xE0, 0x00, 0x06,
  0x00, 0x06, 0x60, 0x00, 0x03, 0x80, 0x04, 0x30, 0x00, 0x00, 0xC0, 0x0C,
  0x30, 0x00, 0x00, 0x60, 0x08, 0x18, 0x00, 0x00, 0x30, 0x18, 0x18, 0x00,
  0x00, 0x38, 0x10, 0x1C, 0x00, 0x00, 0x18, 0x30, 0x0C, 0x00, 0x00, 0x0C,
  0x30, 0x0C, 0x00, 0x00, 0x0C, 0x70, 0x0C, 0x00, 0x00, 0x06, 0x70, 0x0C,
  0x00, 0x00, 0x06, 0x70, 0x0C, 0x00, 0x00, 0x06, 0xD8, 0x18, 0x00, 0x00,
  0x03, 0xCC, 0x30, 0x00, 0x00, 0x03, 0xC3, 0xE0, 0x00, 0x00, 0x03, 0xC0,
  0x00, 0x00, 0x00, 0x03, 0xC0, 0x00, 0x00, 0x00, 0x03, 0xC0, 0x00, 0x00,
  0x00, 0x03, 0xC0, 0x00, 0x00, 0x00, 0x03, 0xC0, 0xFF, 0x81, 0xFF, 0x03,
  0xC0, 0x81, 0x01, 0x01, 0x03, 0x60, 0x00, 0x00, 0x00, 0x06, 0x60, 0x00,
  0x00, 0x00, 0x06, 0x60, 0x00, 0x00, 0x00, 0x06, 0x30, 0x00, 0x00, 0x00,
  0x0C, 0x30, 0x00, 0x00, 0x00, 0x0C, 0x18, 0x00, 0xFE, 0x00, 0x18, 0x18,
  0x03, 0x83, 0xC0, 0x38, 0x0C, 0x02, 0x00, 0xC0, 0x30, 0x06, 0x00, 0x00,
  0x00, 0x60, 0x03, 0x00, 0x00, 0x00, 0xC0, 0x01, 0x80, 0x00, 0x01, 0x80,
  0x00, 0xE0, 0x00, 0x06, 0x00, 0x00, 0x38, 0x00, 0x1C, 0x00, 0x00, 0x0F,
  0x00, 0xF0, 0x00, 0x00, 0x01, 0xFF, 0x80, 0x00, 0x00, 0x01, 0xFF, 0x80,
  0x00, 0x00, 0x0F, 0x00, 0xF0, 0x00, 0x00, 0x38, 0x00, 0x1C, 0x00, 0x00,
  0x60, 0x00, 0x06, 0x00, 0x01, 0xC0, 0x00, 0x03, 0x80, 0x03, 0x00, 0x00,
  0x00, 0xC0, 0x06, 0x00, 0x00, 0x00, 0x60, 0x0C, 0x00, 0x00, 0x00, 0x30,
  0x1C, 0x00, 0x00, 0x00, 0x38, 0x18, 0x00, 0x00, 0x00, 0x18, 0x30, 0x10,
  0x00, 0x08, 0x0C, 0x30, 0x18, 0x00, 0x18, 0x0C, 0x60, 0x70, 0x00, 0x0E,
  0x06, 0x61, 0xE0, 0x00, 0x07, 0x86, 0x63, 0x80, 0x00, 0x01, 0xC6, 0xC0,
  0x00, 0x00, 0x00, 0x03, 0xC0, 0x00, 0x00, 0x00, 0x03, 0xC0, 0x00, 0x00,
  0x00, 0x03, 0xC0, 0x00, 0x00, 0x00, 0x03, 0xC0, 0x00, 0x00, 0x00, 0x03,
  0xC0, 0x01, 0x00, 0x80, 0x03, 0xC0, 0xC3, 0x00, 0xC3, 0x03, 0xC0, 0x3E,
  0x00, 0x7C, 0x03, 0xC0, 0x00, 0x00, 0x00, 0x03, 0x60, 0x00, 0x00, 0x00,
  0x06, 0x60, 0x00, 0x00, 0x00, 0x06, 0x60, 0x00, 0x00, 0x00, 0x06, 0x30,
  0x00, 0x00, 0x00, 0x0C, 0x30, 0x00, 0x00, 0x00, 0x0C, 0x18, 0x00, 0x00,
  0x00, 0x18, 0x1C, 0x01, 0xFF, 0x80, 0x38, 0x0C, 0x00, 0x00, 0x00, 0x30,
  0x06, 0x00, 0x00, 0x00, 0x60, 0x03, 0x00, 0x00, 0x00, 0xC0, 0x01, 0x80,
  0x00, 0x01, 0x80, 0x00, 0xE0, 0x00, 0x06, 0x00, 0x00, 0x38, 0x00, 0x1C,
  0x00, 0x00, 0x0F, 0x00, 0xF0, 0x00, 0x00, 0x01, 0xFF, 0x80, 0x00, 0x00,
  0x01, 0xFF, 0x80, 0x00, 0x00, 0x0F, 0x00, 0xF0, 0x00, 0x00, 0x38, 0x00,
  0x1C, 0x00, 0x00, 0x60, 0x00, 0x06, 0x00, 0x01, 0xC0, 0x00, 0x03, 0x80,
  0x03, 0x00, 0x00, 0x00, 0xC0, 0x06, 0x00, 0x00, 0x00, 0x60, 0x0C, 0x00,
  0x00, 0x00, 0x30, 0x1C, 0x00, 0x00, 0x00, 0x38, 0x18, 0x00, 0x00, 0x00,
  0x18, 0x30, 0x00, 0x00, 0x00, 0x0C, 0x30, 0x00, 0x00, 0x00, 0x0C, 0x60,
  0x00, 0x00, 0x00, 0x06, 0x60, 0x0E, 0x00, 0x70, 0x06, 0x60, 0x1F, 0x00,
  0xF8, 0x06, 0xC0, 0x1F, 0x00, 0xF8, 0x03, 0xC0, 0x1F, 0x00, 0xF8, 0x03,
  0xC0, 0x0E, 0x00, 0x70, 0x03, 0xC0, 0x00, 0x00, 0x00, 0x03, 0xC0, 0x00,
  0x00, 0x00, 0x03, 0xC0, 0x00, 0x00, 0x00, 0x03, 0xC0, 0x00, 0x00, 0x00,
  0x03, 0xC0, 0x00, 0x00, 0x00, 0x03, 0xC0, 0x00, 0x00, 0x00, 0x03, 0x60,
  0x00, 0x3F, 0xE0, 0x06, 0x60, 0x00, 0xE0, 0x38, 0x06, 0x60, 0x03, 0x00,
  0x00, 0x06, 0x30, 0x0E, 0x00, 0x00, 0x0C, 0x30, 0x18, 0x00, 0x00, 0x0C,
  0x18, 0x00, 0x00, 0x00, 0x18, 0x1C, 0x00, 0x00, 0x00, 0x38, 0x0C, 0x00,
  0x00, 0x00, 0x30, 0x06, 0x00, 0x00, 0x00, 0x60, 0x03, 0x00, 0x00, 0x00,
  0xC0, 0x01, 0x80, 0x00, 0x01, 0x80, 0x00, 0xE0, 0x00, 0x06, 0x00, 0x00,
  0x38, 0x00, 0x1C, 0x00, 0x00, 0x0F, 0x00, 0xF0, 0x00, 0x00, 0x01, 0xFF,
  0x80, 0x00, 0x00, 0x01, 0xFF, 0x80, 0x00, 0x00, 0x0F, 0x00, 0xF0, 0x00,
  0x00, 0x38, 0x00, 0x1C, 0x00, 0x00, 0x60, 0x00, 0x06, 0x00, 0x01, 0xC0,
  0x00, 0x03, 0x80, 0x03, 0x00, 0x00, 0x00, 0xC0, 0x06, 0x00, 0x00, 0x00,
  0x60, 0x0C, 0x00, 0x00, 0x00, 0x30, 0x1C, 0x00, 0x00, 0x00, 0x38, 0x18,
  0x00, 0x00, 0x00, 0x18, 0x30, 0x00, 0x00, 0x00, 0x0C, 0x30, 0x00, 0x00,
  0x00, 0x0C, 0x60, 0x00, 0x00, 0x00, 0x06, 0x60, 0x00, 0x00, 0x00, 0x06,
  0x60, 0x00, 0x00, 0x00, 0x06, 0xC0, 0x00, 0x00, 0x00, 0x03, 0xC0, 0x40,
  0x00, 0x02, 0x03, 0xC0, 0xF0, 0x00, 0x0F, 0x03, 0xC0, 0x38, 0x00, 0x1C,
  0x03, 0xC0, 0x0E, 0x00, 0x70, 0x03, 0xC0, 0x03, 0x81, 0xC0, 0x03, 0xC0,
  0x0F, 0xC3, 0xF0, 0x03, 0xC0, 0x7C, 0x00, 0x3E, 0x03, 0xC0, 0xE0, 0x00,
  0x07, 0x03, 0x60, 0x00, 0x00, 0x00, 0x06, 0x60, 0x00, 0x00, 0x00, 0x06,
  0x60, 0x00, 0x00, 0x00, 0x06, 0x30, 0x00, 0x00, 0x00, 0x0C, 0x30, 0x00,
  0xC3, 0x00, 0x0C, 0x18, 0x31, 0xE7, 0x8C, 0x18, 0x1C, 0x1B, 0x3C, 0xD8,
  0x38, 0x0C, 0x0E, 0x18, 0x70, 0x30, 0x06, 0x04, 0x00, 0x20, 0x60, 0x03,
  0x00, 0x00, 0x00, 0xC0, 0x01, 0x80, 0x00, 0x01, 0x80, 0x00, 0xE0, 0x00,
  0x06, 0x00, 0x00, 0x38, 0x00, 0x1C, 0x00, 0x00, 0x0F, 0x00, 0xF0, 0x00,
  0x00, 0x01, 0xFF, 0x80, 0x00, 0x00, 0x01, 0xFF, 0x80, 0x00, 0x00, 0x0F,
  0x00, 0xF0, 0x00, 0x00, 0x38, 0x00, 0x1C, 0x00, 0x00, 0x60, 0x00, 0x06,
  0x00, 0x01, 0xC0, 0x00, 0x03, 0x80, 0x03, 0x00, 0x00, 0x00, 0xC0, 0x06,
  0x00, 0x00, 0x00, 0x60, 0x0C, 0x00, 0x00, 0x00, 0x30, 0x1C, 0x00, 0x00,
  0x00, 0x38, 0x18, 0x00, 0x00, 0x00, 0x18, 0x30, 0x00, 0x00, 0x00, 0x0C,
  0x30, 0x00, 0x00, 0x00, 0x0C, 0x60, 0x00, 0x00, 0x00, 0x06, 0x60, 0x0E,
  0x00, 0x30, 0x06, 0x60, 0x1F, 0x00, 0x78, 0x06, 0xC0, 0x1F, 0x00, 0x78,
  0x03, 0xC0, 0x1F, 0x00, 0x78, 0x03, 0xC0, 0x0E, 0x00, 0x30, 0x03, 0xC0,
  0x00, 0x00, 0x00, 0x03, 0xC0, 0x00, 0x00, 0x00, 0x03, 0xC0, 0x00, 0x00,
  0x00, 0x03, 0xC0, 0x00, 0x00, 0x00, 0x03, 0xC0, 0x00, 0x1C, 0x00, 0x03,
  0xC0, 0x00, 0x03, 0x00, 0x03, 0x60, 0x00, 0x01, 0x00, 0x06, 0x60, 0x00,
  0x03, 0x00, 0x06, 0x60, 0x00, 0x0E, 0x00, 0x06, 0x30, 0x00, 0x03, 0x00,
  0x0C, 0x30, 0x00, 0x01, 0x00, 0x0C, 0x18, 0x00, 0x01, 0x00, 0x18, 0x1C,
  0x00, 0x02, 0x00, 0x38, 0x0C, 0x00, 0x1C, 0x00, 0x30, 0x06, 0x00, 0x00,
  0x00, 0x60, 0x03, 0x00, 0x00, 0x00, 0xC0, 0x01, 0x80, 0x00, 0x01, 0x80,
  0x00, 0xE0, 0x00, 0x06, 0x00, 0x00, 0x38, 0x00, 0x1C, 0x00, 0x00, 0x0F,
  0x00, 0xF0, 0x00, 0x00, 0x01, 0xFF, 0x80, 0x00, 0x00, 0x01, 0xFF, 0x80,
  0x00, 0x00, 0x0F, 0x00, 0xF0, 0x00, 0x00, 0x38, 0x00, 0x1C, 0x00, 0x00,
  0x60, 0x00, 0x07, 0x00, 0x01, 0xC0, 0x00, 0x01, 0x80, 0x03, 0x00, 0x00,
  0x00, 0xC0, 0x06, 0x00, 0x00, 0x00, 0x60, 0x0C, 0x04, 0x00, 0x00, 0x30,
  0x1C, 0x1C, 0x00, 0x00, 0x38, 0x18, 0x70, 0x00, 0x00, 0x18, 0x30, 0xE0,
  0x00, 0x00, 0x0C, 0x30, 0xC0, 0x00, 0x00, 0x0C, 0x60, 0x80, 0x00, 0x04,
  0x06, 0x60, 0x0E, 0x00, 0x1C, 0x06, 0x60, 0x1F, 0x00, 0x30, 0x06, 0xC0,
  0x1F, 0x00, 0xE0, 0x03, 0xC0, 0x1F, 0x00, 0xF8, 0x03, 0xC0, 0x0E, 0x00,
  0x1E, 0x03, 0xC0, 0x00, 0x00, 0x00, 0x03, 0xC0, 0x00, 0x00, 0x00, 0x03,
  0xC0, 0x00, 0x00, 0x00, 0x03, 0xC0, 0x00, 0x00, 0x07, 0xC3, 0xC0, 0x00,
  0x1C, 0x0F, 0xE1, 0xC0, 0x00, 0x03, 0x0F, 0xFC, 0x60, 0x00, 0x01, 0x0F,
  0xFE, 0x60, 0x00, 0x03, 0x0F, 0xFF, 0x60, 0x00, 0x0E, 0x0F, 0xFF, 0x30,
  0x00, 0x03, 0x0F, 0xFF, 0x30, 0x00, 0x01, 0x07, 0xFE, 0x18, 0x00, 0x01,
  0x07, 0xFE, 0x1C, 0x00, 0x02, 0x0F, 0xFC, 0x0C, 0x00, 0x1C, 0x0F, 0xF0,
  0x06, 0x00, 0x00, 0x00, 0x00, 0x03, 0x00, 0x00, 0x00, 0x00, 0x01, 0xC0,
  0x00, 0x01, 0xC0, 0x00, 0xE0, 0x00, 0x07, 0x00, 0x00, 0x38, 0x00, 0x1C,
  0x00, 0x00, 0x0F, 0x00, 0xF0, 0x00, 0x00, 0x01, 0xFF, 0x80, 0x00, 0x00,
  0x01, 0xFF, 0x80, 0x00, 0x00, 0x0F, 0x00, 0xF0, 0x00, 0x00, 0x38, 0x00,
  0x1C, 0x00, 0x00, 0x60, 0x00, 0x06, 0x00, 0x01, 0xC0, 0x00, 0x03, 0x80,
  0x03, 0x00, 0x00, 0x00, 0xC0, 0x06, 0x00, 0x00, 0x00, 0x60, 0x0C, 0x00,
  0x00, 0x00, 0x30, 0x1C, 0x00, 0x00, 0x00, 0x38, 0x18, 0x00, 0x00, 0x00,
  0x18, 0x30, 0x00, 0x00, 0x00, 0x0C, 0x30, 0x00, 0x00, 0x00, 0x0C, 0x60,
  0x00, 0x00, 0x00, 0x06, 0x60, 0x00, 0x00, 0x00, 0x06, 0x60, 0x1E, 0x00,
  0x78, 0x06, 0xC0, 0x33, 0x00, 0xCC, 0x03, 0xC0, 0x21, 0x80, 0x84, 0x03,
  0xC0, 0x61, 0x81, 0x86, 0x03, 0xC0, 0x00, 0x00, 0x00, 0x03, 0xC0, 0x00,
  0x00, 0x00, 0x03, 0xC0, 0x00, 0x00, 0x00, 0x03, 0xC0, 0x00, 0x00, 0x00,
  0x03, 0xC0, 0x00, 0x00, 0x00, 0x03, 0xC0, 0x00, 0x1C, 0x00, 0x03, 0x60,
  0x00, 0x03, 0x00, 0x06, 0x60, 0x00, 0x01, 0x00, 0x06, 0x60, 0x00, 0x03,
  0x00, 0x06, 0x30, 0x00, 0x0E, 0x00, 0x0C, 0x30, 0x00, 0x03, 0x00, 0x0C,
  0x18, 0x00, 0x01, 0x00, 0x18, 0x1C, 0x00, 0x03, 0x00, 0x38, 0x0C, 0x00,
  0x1C, 0x00, 0x30, 0x06, 0x00, 0x00, 0x00, 0x60, 0x03, 0x00, 0x00, 0x00,
  0xC0, 0x01, 0x80, 0x00, 0x01, 0x80, 0x00, 0xE0, 0x00, 0x06, 0x00, 0x00,
  0x38, 0x00, 0x1C, 0x00, 0x00, 0x0F, 0x00, 0xF0, 0x00, 0x00, 0x01, 0xFF,
  0x80, 0x00, 0x00, 0x01, 0xFF, 0x80, 0x00, 0x00, 0x0F, 0x00, 0xF0, 0x00,
  0x00, 0x38, 0x00, 0x1C, 0x00, 0x00, 0x60, 0x00, 0x06, 0x00, 0x01, 0xC0,
  0x00, 0x03, 0x80, 0x03, 0x00, 0x00, 0x00, 0xC0, 0x06, 0x00, 0x00, 0x00,
  0x60, 0x0C, 0x00, 0x00, 0x00, 0x30, 0x1C, 0x3E, 0x00, 0x3C, 0x38, 0x18,
  0xE0, 0x00, 0x07, 0x18, 0x30, 0x80, 0x00, 0x01, 0x0C, 0x30, 0x00, 0x00,
  0x00, 0x0C, 0x60, 0x00, 0x00, 0x00, 0x06, 0x60, 0x00, 0x00, 0x00, 0x06,
  0x60, 0x00, 0x00, 0x00, 0x06, 0xC0, 0x3E, 0x00, 0x7C, 0x03, 0xC0, 0x63,
  0x80, 0xC7, 0x03, 0xC0, 0x40, 0x00, 0x82, 0x03, 0xC0, 0x00, 0x00, 0x00,
  0x03, 0xC0, 0x00, 0x00, 0x00, 0x03, 0xC0, 0x00, 0x00, 0x02, 0x03, 0xC0,
  0xAC, 0x00, 0x14, 0x83, 0xC1, 0x28, 0x00, 0x15, 0x03, 0xC1, 0x48, 0x1C,
  0x2D, 0x03, 0x60, 0x40, 0x03, 0x00, 0x06, 0x60, 0x00, 0x01, 0x00, 0x06,
  0x60, 0x00, 0x03, 0x00, 0x06, 0x30, 0x00, 0x0E, 0x00, 0x0C, 0x30, 0x00,
  0x03, 0x00, 0x0C, 0x18, 0x00, 0x01, 0x00, 0x18, 0x1C, 0x00, 0x03, 0x00,
  0x38, 0x0C, 0x00, 0x1C, 0x00, 0x30, 0x06, 0x00, 0x00, 0x00, 0x60, 0x03,
  0x00, 0x00, 0x00, 0xC0, 0x01, 0x80, 0x00, 0x01, 0x80, 0x00, 0xE0, 0x00,
  0x06, 0x00, 0x00, 0x38, 0x00, 0x1C, 0x00, 0x00, 0x0F, 0x00, 0xF0, 0x00,
  0x00, 0x01, 0xFF, 0x80, 0x00, 0x00, 0x01, 0xFF, 0x80, 0x00, 0x00, 0x0F,
  0x00, 0xF0, 0x00, 0x00, 0x38, 0x00, 0x1C, 0x00, 0x00, 0xE0, 0x00, 0x06,
  0x00, 0x01, 0x80, 0x00, 0x03, 0x80, 0x03, 0x00, 0x00, 0x00, 0xC0, 0x06,
  0x00, 0x00, 0x00, 0x60, 0x0C, 0x00, 0x00, 0x00, 0x30, 0x18, 0x00, 0x00,
  0x00, 0x30, 0x18, 0x00, 0x00, 0x00, 0x18, 0x30, 0x00, 0x00, 0x00, 0x0C,
  0x30, 0x00, 0x00, 0x00, 0x0C, 0x60, 0x00, 0x00, 0x00, 0x06, 0x60, 0x00,
  0x00, 0x00, 0x06, 0x60, 0x00, 0x00, 0x00, 0x06, 0xC0, 0x0E, 0x00, 0x70,
  0x03, 0xC0, 0x1F, 0x00, 0xF8, 0x03, 0xC0, 0x1F, 0x00, 0xF8, 0x03, 0xC0,
  0x1F, 0x00, 0xF8, 0x03, 0xC0, 0x0E, 0x00, 0x70, 0x03, 0xC0, 0x00, 0x00,
  0x00, 0x03, 0xC0, 0x00, 0x00, 0x00, 0x03, 0xC0, 0x00, 0x00, 0x00, 0x03,
  0xC0, 0x00, 0x00, 0x00, 0x03, 0x61, 0xE0, 0x00, 0x07, 0x06, 0x61, 0xFF,
  0xFF, 0xFF, 0x86, 0x21, 0xFC, 0xFF, 0x3F, 0x86, 0x31, 0xFC, 0x08, 0x3F,
  0x8C, 0x10, 0xFC, 0x08, 0x3F, 0x0C, 0x18, 0xFC, 0x08, 0x3F, 0x18, 0x0C,
  0x7C, 0x08, 0x3E, 0x38, 0x06, 0x3C, 0x08, 0x3C, 0x30, 0x07, 0x0C, 0x08,
  0x30, 0x60, 0x03, 0x84, 0x08, 0x20, 0xC0, 0x01, 0xC4, 0x00, 0x23, 0x80,
  0x00, 0x74, 0x00, 0x27, 0x00, 0x00, 0x3E, 0x00, 0x7E, 0x00, 0x00, 0x0E,
  0x00, 0xF8, 0x00, 0x00, 0x01, 0x81, 0xC0, 0x00, 0x00, 0x00, 0x7E, 0x00,
  0x00, 0x00, 0x01, 0xFF, 0x80, 0x00, 0x00, 0x0F, 0x00, 0xF0, 0x00, 0x00,
  0x38, 0x00, 0x1C, 0x00, 0x00, 0xE0, 0x00, 0x06, 0x00, 0x01, 0x80, 0x00,
  0x03, 0x80, 0x03, 0x00, 0x00, 0x00, 0xC0, 0x06, 0x00, 0x00, 0x00, 0x60,
  0x0C, 0x00, 0x00, 0x00, 0x30, 0x18, 0x00, 0x00, 0x00, 0x30, 0x18, 0x00,
  0x00, 0x00, 0x18, 0x30, 0x00, 0x00, 0x00, 0x0C, 0x30, 0x00, 0x00, 0x7C,
  0x0C, 0x60, 0x00, 0x01, 0x86, 0x06, 0x60, 0xC0, 0x03, 0x01, 0x06, 0x60,
  0x30, 0x02, 0x71, 0x86, 0xC0, 0x0C, 0x02, 0x70, 0x83, 0xC0, 0x07, 0x04,
  0x70, 0x83, 0xC0, 0x7F, 0x82, 0x70, 0x83, 0xC1, 0xC0, 0x02, 0x00, 0x83,
  0xC1, 0x00, 0x03, 0x01, 0x03, 0xC0, 0x00, 0x01, 0x86, 0x03, 0xC0, 0x00,
  0x00, 0x7C, 0x03, 0xC0, 0x00, 0x00, 0x00, 0x03, 0xC0, 0x00, 0x00, 0x00,
  0x03, 0x60, 0xE0, 0x00, 0x07, 0x06, 0x61, 0xFF, 0xFF, 0xFF, 0x86, 0x21,
  0xFC, 0xFE, 0x3F, 0x86, 0x30, 0xFC, 0x08, 0x3F, 0x0C, 0x10, 0xFC, 0x08,
  0x3F, 0x0C, 0x18, 0x7C, 0x08, 0x3E, 0x18, 0x0C, 0x3C, 0x08, 0x3C, 0x38,
  0x06, 0x1C, 0x08, 0x38, 0x30, 0x07, 0x0C, 0x08, 0x30, 0x60, 0x03, 0x84,
  0x08, 0x20, 0xC0, 0x01, 0xC6, 0x00, 0x63, 0x80, 0x00, 0x76, 0x00, 0x67,
  0x00, 0x00, 0x3E, 0x00, 0x5E, 0x00, 0x00, 0x0F, 0x00, 0xF8, 0x00, 0x00,
  0x01, 0x81, 0xC0, 0x00, 0x00, 0x00, 0x7E, 0x00, 0x00, 0x00, 0x01, 0xFF,
  0x80, 0x00, 0x00, 0x0F, 0x00, 0xF0, 0x00, 0x00, 0x38, 0x00, 0x1C, 0x00,
  0x00, 0xE0, 0x00, 0x06, 0x00, 0x01, 0x80, 0x00, 0x03, 0x80, 0x03, 0x00,
  0x00, 0x00, 0xC0, 0x06, 0x00, 0x00, 0x00, 0x60, 0x0C, 0x00, 0x00, 0x00,
  0x30, 0x18, 0x00, 0x00, 0x00, 0x30, 0x18, 0x00, 0x00, 0x00, 0x18, 0x30,
  0x00, 0x00, 0x00, 0x0C, 0x30, 0x00, 0x00, 0x00, 0x0C, 0x60, 0x00, 0x00,
  0x00, 0x06, 0x60, 0x40, 0x00, 0x02, 0x06, 0x60, 0x70, 0x00, 0x0E, 0x06,
  0xC0, 0x1C, 0x00, 0x38, 0x03, 0xC0, 0x0F, 0x00, 0x70, 0x03, 0xC0, 0x03,
  0xC1, 0xC0, 0x03, 0xC0, 0x0F, 0x81, 0xF0, 0x03, 0xC0, 0x7C, 0x00, 0x3E,
  0x03, 0xC0, 0xE0, 0x00, 0x07, 0x03, 0xC0, 0x00, 0x00, 0x00, 0x03, 0xC0,
  0x00, 0x00, 0x00, 0x03, 0xC0, 0x00, 0x00, 0x00, 0x03, 0x60, 0xE0, 0x00,
  0x07, 0x06, 0x61, 0xFF, 0xFF, 0xFF, 0x86, 0x21, 0xFC, 0xFE, 0x3F, 0x86,
  0x30, 0xFC, 0x08, 0x3F, 0x0C, 0x10, 0xFC, 0x08, 0x3F, 0x0C, 0x18, 0x7C,
  0x08, 0x3E, 0x18, 0x0C, 0x3C, 0x08, 0x3C, 0x38, 0x06, 0x1C, 0x08, 0x38,
  0x30, 0x07, 0x0C, 0x08, 0x30, 0x60, 0x03, 0x84, 0x08, 0x20, 0xC0, 0x01,
  0xC6, 0x00, 0x61, 0x80, 0x00, 0x76, 0x00, 0x67, 0x00, 0x00, 0x3E, 0x00,
  0x5E, 0x00, 0x00, 0x0F, 0x00, 0xF8, 0x00, 0x00, 0x01, 0x81, 0xC0, 0x00,
  0x00, 0x00, 0x7E, 0x00, 0x00, 0x00, 0x01, 0xFF, 0x80, 0x00, 0x00, 0x0F,
  0x00, 0xF0, 0x00, 0x00, 0x38, 0x00, 0x1C, 0x00, 0x00, 0x60, 0x00, 0x06,
  0x00, 0x01, 0xC0, 0x00, 0x03, 0x80, 0x03, 0x00, 0x00, 0x00, 0xC0, 0x06,
  0x00, 0x00, 0x00, 0x60, 0x0C, 0x00, 0x00, 0x00, 0x30, 0x1C, 0x00, 0x00,
  0x00, 0x38, 0x18, 0x00, 0x00, 0x00, 0x18, 0x30, 0x00, 0x00, 0x00, 0x0C,
  0x30, 0x00, 0x00, 0x00, 0x0C, 0x60, 0x00, 0x00, 0x00, 0x06, 0x60, 0x00,
  0x00, 0x00, 0x06, 0x60, 0x00, 0x00, 0x00, 0x06, 0xC0, 0x00, 0x00, 0x00,
  0x03, 0xC0, 0x00, 0x00, 0x00, 0x03, 0xC0, 0x00, 0x00, 0x00, 0x03, 0xC0,
  0x00, 0x00, 0x00, 0x03, 0xC0, 0x00, 0x00, 0x00, 0x03, 0xC0, 0x00, 0x00,
  0x00, 0x03, 0xC0, 0x00, 0x00, 0x00, 0x03, 0xC0, 0x01, 0x81, 0x80, 0x03,
  0xC0, 0x0F, 0x00, 0xF0, 0x03, 0x60, 0xF8, 0x00, 0x1F, 0x06, 0x60, 0x00,
  0x00, 0x00, 0x06, 0x60, 0x00, 0x00, 0x00, 0x06, 0x30, 0x00, 0x00, 0x00,
  0x0C, 0x30, 0x00, 0x00, 0x00, 0x0C, 0x18, 0x00, 0x7E, 0x00, 0x18, 0x1C,
  0x03, 0x81, 0xC0, 0x38, 0x0C, 0x02, 0x00, 0x40, 0x30, 0x06, 0x00, 0x00,
  0x00, 0x60, 0x03, 0x00, 0x00, 0x00, 0xC0, 0x01, 0x80, 0x00, 0x01, 0x80,
  0x00, 0xE0, 0x00, 0x06, 0x00, 0x00, 0x38, 0x00, 0x1C, 0x00, 0x00, 0x0F,
  0x00, 0xF0, 0x00, 0x00, 0x01, 0xFF, 0x80, 0x00, 0x00, 0x01, 0xFF, 0x80,
  0x00, 0x00, 0x0F, 0x00, 0xF0, 0x00, 0x00, 0x38, 0x00, 0x1C, 0x00, 0x00,
  0x60, 0x00, 0x06, 0x00, 0x01, 0xC0, 0x00, 0x03, 0x80, 0x03, 0x00, 0x00,
  0x00, 0xC0, 0x06, 0x00, 0x00, 0x00, 0x60, 0x0C, 0x08, 0x00, 0x10, 0x30,
  0x1C, 0x08, 0x00, 0x30, 0x38, 0x18, 0x38, 0x00, 0x1C, 0x18, 0x30, 0xE0,
  0x00, 0x07, 0x0C, 0x30, 0x80, 0x00, 0x01, 0x8C, 0x60, 0x00, 0x00, 0x00,
  0x06, 0x60, 0x00, 0x00, 0x00, 0x06, 0x60, 0x00, 0x00, 0x00, 0x06, 0xC0,
  0x00, 0x00, 0x00, 0x03, 0xC0, 0x0E, 0x00, 0x70, 0x03, 0xC0, 0x1F, 0x00,
  0xF8, 0x03, 0xC0, 0x1F, 0x00, 0xF8, 0x03, 0xC0, 0x1F, 0x00, 0xF8, 0x03,
  0xC0, 0x1F, 0x00, 0xF8, 0x03, 0xC0, 0x0E, 0x00, 0x70, 0x03, 0xC0, 0x00,
  0x00, 0x00, 0x03, 0xC0, 0x00, 0x00, 0x00, 0x03, 0x60, 0x00, 0x00, 0x00,
  0x06, 0x60, 0x00, 0x00, 0x00, 0x06, 0x60, 0x00, 0x00, 0x00, 0x06, 0x30,
  0x00, 0x7E, 0x00, 0x0C, 0x30, 0x01, 0xC1, 0x80, 0x0C, 0x18, 0x06, 0x00,
  0x60, 0x18, 0x1C, 0x04, 0x00, 0x20, 0x38, 0x0C, 0x00, 0x00, 0x00, 0x30,
  0x06, 0x00, 0x00, 0x00, 0x60, 0x03, 0x00, 0x00, 0x00, 0xC0, 0x01, 0x80,
  0x00, 0x01, 0x80, 0x00, 0xE0, 0x00, 0x06, 0x00, 0x00, 0x38, 0x00, 0x1C,
  0x00, 0x00, 0x0F, 0x00, 0xF0, 0x00, 0x00, 0x01, 0xFF, 0x80, 0x00, 0x00,
  0x01, 0xFF, 0x80, 0x00, 0x00, 0x0F, 0x00, 0xF0, 0x00, 0x00, 0x38, 0x00,
  0x1C, 0x00, 0x00, 0x60, 0x00, 0x06, 0x00, 0x01, 0xC0, 0x00, 0x03, 0x80,
  0x03, 0x00, 0x00, 0x00, 0xC0, 0x06, 0x00, 0x00, 0x00, 0x60, 0x0C, 0x00,
  0x00, 0x00, 0x30, 0x1C, 0x00, 0x00, 0x00, 0x38, 0x18, 0x00, 0x00, 0x00,
  0x18, 0x30, 0x00, 0x00, 0x00, 0x0C, 0x30, 0x00, 0x00, 0x00, 0x0C, 0x60,
  0x00, 0x00, 0x00, 0x06, 0x60, 0x00, 0x00, 0x00, 0x06, 0x60, 0x00, 0x00,
  0x00, 0x06, 0xC0, 0x00, 0x00, 0x00, 0x03, 0xC0, 0x00, 0x00, 0x00, 0x03,
  0xC0, 0x00, 0x00, 0x00, 0x03, 0xC0, 0x20, 0x00, 0x00, 0x03, 0xC0, 0x38,
  0x00, 0x0E, 0x03, 0xC0, 0x0E, 0x00, 0x38, 0x03, 0xC0, 0x07, 0x80, 0xF0,
  0x03, 0xC0, 0x0F, 0xC1, 0xF8, 0x03, 0xC0, 0x0F, 0x80, 0xF8, 0x03, 0x60,
  0x0F, 0x80, 0xF8, 0x06, 0x60, 0x07, 0x00, 0x70, 0x06, 0x60, 0x00, 0x00,
  0x00, 0x06, 0x30, 0x00, 0x00, 0x00, 0x0C, 0x30, 0x00, 0x00, 0x00, 0x0C,
  0x18, 0x00, 0x7F, 0x00, 0x18, 0x1C, 0x01, 0xC1, 0xC0, 0x38, 0x0C, 0x07,
  0x00, 0x70, 0x30, 0x06, 0x02, 0x00, 0x20, 0x60, 0x03, 0x00, 0x00, 0x00,
  0xC0, 0x01, 0x80, 0x00, 0x01, 0x80, 0x00, 0xE0, 0x00, 0x06, 0x00, 0x00,
  0x38, 0x00, 0x1C, 0x00, 0x00, 0x0F, 0x00, 0xF0, 0x00, 0x00, 0x01, 0xFF,
  0x80, 0x00, 0x00, 0x01, 0xFF, 0x80, 0x00, 0x00, 0x0F, 0x00, 0xF0, 0x00,
  0x00, 0x38, 0x00, 0x1C, 0x00, 0x00, 0x60, 0x00, 0x06, 0x00, 0x01, 0xE3,
  0x00, 0x03, 0x80, 0x03, 0x7E, 0x00, 0x00, 0xC0, 0x07, 0x00, 0xC0, 0x00,
  0x60, 0x0F, 0x00, 0x80, 0x00, 0x30, 0x1D, 0x81, 0x80, 0x00, 0x38, 0x19,
  0x81, 0x80, 0x00, 0x18, 0x31, 0x81, 0x80, 0x00, 0x0C, 0x33, 0x81, 0x80,
  0x00, 0x0C, 0x63, 0x00, 0xC0, 0x00, 0x06, 0x60, 0x7C, 0x00, 0x00, 0x06,
  0x60, 0xC3, 0x00, 0x00, 0x06, 0xC0, 0x00, 0x00, 0x00, 0x03, 0xC0, 0x00,
  0x00, 0x00, 0x03, 0xC0, 0x00, 0x00, 0x00, 0x03, 0xC0, 0x20, 0x00, 0x00,
  0x03, 0xC0, 0x3C, 0x00, 0x1E, 0x03, 0xC0, 0x0E, 0x00, 0x38, 0x03, 0xC0,
  0x07, 0x80, 0xF0, 0x03, 0xC0, 0x0F, 0xC1, 0xF8, 0x03, 0xC0, 0x0F, 0x80,
  0xF8, 0x03, 0x60, 0x0F, 0x80, 0xF8, 0x06, 0x60, 0x07, 0x00, 0x70, 0x06,
  0x60, 0x00, 0x00, 0x00, 0x06, 0x30, 0x00, 0x00, 0x00, 0x0C, 0x30, 0x00,
  0x00, 0x00, 0x0C, 0x18, 0x00, 0x7F, 0x00, 0x18, 0x1C, 0x01, 0xC1, 0xC0,
  0x38, 0x0C, 0x07, 0x00, 0x70, 0x30, 0x06, 0x02, 0x00, 0x20, 0x60, 0x03,
  0x00, 0x00, 0x00, 0xC0, 0x01, 0x80, 0x00, 0x01, 0x80, 0x00, 0xE0, 0x00,
  0x06, 0x00, 0x00, 0x38, 0x00, 0x1C, 0x00, 0x00, 0x0F, 0x00, 0xF0, 0x00,
  0x00, 0x01, 0xFF, 0x80, 0x00, 0x00, 0x01, 0xFF, 0x80, 0x00, 0x00, 0x0F,
  0x00, 0xF0, 0x00, 0x00, 0x38, 0x00, 0x1C, 0x00, 0x00, 0x60, 0x00, 0x06,
  0x00, 0x01, 0xC0, 0x00, 0x03, 0x80, 0x03, 0x00, 0x00, 0x00, 0xC0, 0x06,
  0x00, 0x00, 0x00, 0x60, 0x0C, 0x00, 0x00, 0x00, 0x30, 0x08, 0x08, 0x00,
  0x10, 0x38, 0x18, 0x38, 0x00, 0x1C, 0x18, 0x30, 0x70, 0x00, 0x0E, 0x0C,
  0x30, 0xC0, 0x00, 0x03, 0x0C, 0x61, 0x80, 0x00, 0x01, 0x86, 0x61, 0x00,
  0x00, 0x01, 0x06, 0x60, 0x0E, 0x00, 0x70, 0x06, 0xC0, 0x1F, 0x00, 0xF8,
  0x03, 0xC0, 0x1F, 0x00, 0xF8, 0x03, 0xC0, 0x1F, 0x00, 0xF8, 0x03, 0xC0,
  0x1F, 0x00, 0xF8, 0x03, 0xC0, 0x0E, 0x00, 0x70, 0x03, 0xC0, 0x00, 0x00,
  0x00, 0x03, 0xC0, 0x10, 0x00, 0x00, 0x03, 0xC0, 0x10, 0x00, 0x00, 0x03,
  0xC0, 0x38, 0x00, 0x00, 0x03, 0x60, 0x68, 0x00, 0x00, 0x06, 0x60, 0x6C,
  0x00, 0x00, 0x06, 0x60, 0xC4, 0x00, 0x00, 0x06, 0x30, 0xC6, 0xFF, 0x00,
  0x0C, 0x31, 0x83, 0x81, 0xE0, 0x0C, 0x19, 0x03, 0x00, 0x20, 0x18, 0x1B,
  0x01, 0x00, 0x00, 0x38, 0x0F, 0x01, 0x80, 0x00, 0x30, 0x07, 0x01, 0x80,
  0x00, 0x60, 0x03, 0x01, 0x80, 0x00, 0xC0, 0x03, 0x01, 0x00, 0x01, 0x80,
  0x01, 0x03, 0x00, 0x06, 0x00, 0x01, 0xC6, 0x00, 0x1C, 0x00, 0x00, 0x7F,
  0x00, 0xF0, 0x00, 0x00, 0x01, 0xFF, 0x80, 0x00, 0x00, 0x01, 0xFF, 0x80,
  0x00, 0x00, 0x0F, 0x00, 0xF0, 0x00, 0x00, 0x38, 0x00, 0x1C, 0x00, 0x00,
  0x60, 0x00, 0x06, 0x00, 0x01, 0xC0, 0x00, 0x03, 0x80, 0x03, 0x00, 0x00,
  0x00, 0xC0, 0x06, 0x00, 0x00, 0x00, 0x60, 0x0C, 0x00, 0x00, 0x00, 0x30,
  0x1C, 0x00, 0x00, 0x00, 0x38, 0x18, 0x04, 0x00, 0x20, 0x18, 0x30, 0x0C,
  0x00, 0x30, 0x0C, 0x30, 0x38, 0x00, 0x1C, 0x0C, 0x60, 0xE0, 0x00, 0x07,
  0x06, 0x60, 0x80, 0x00, 0x01, 0x06, 0x60, 0x00, 0x00, 0x00, 0x06, 0xC0,
  0x00, 0x00, 0x00, 0x03, 0xC0, 0x00, 0x00, 0x00, 0x03, 0xC0, 0x38, 0x00,
  0x1C, 0x03, 0xC0, 0x0C, 0x00, 0x30, 0x03, 0xC0, 0x03, 0x00, 0xC0, 0x03,
  0xC0, 0x03, 0x81, 0xC0, 0x03, 0xC0, 0x1F, 0x81, 0xF8, 0x03, 0xC0, 0x70,
  0x00, 0x0E, 0x03, 0xC0, 0xC0, 0x00, 0x03, 0x03, 0x60, 0x00, 0x00, 0x00,
  0x06, 0x60, 0x00, 0x00, 0x00, 0x06, 0x60, 0x00, 0x00, 0x00, 0x06, 0x30,
  0x00, 0x7E, 0x00, 0x0C, 0x30, 0x01, 0xC3, 0x80, 0x0C, 0x18, 0x03, 0x00,
  0xC0, 0x18, 0x1C, 0x00, 0x00, 0x40, 0x38, 0x0C, 0x00, 0x00, 0x00, 0x30,
  0x06, 0x00, 0x00, 0x00, 0x60, 0x03, 0x00, 0x00, 0x00, 0xC0, 0x01, 0x80,
  0x00, 0x01, 0x80, 0x00, 0xE0, 0x00, 0x06, 0x00, 0x00, 0x38, 0x00, 0x1C,
  0x00, 0x00, 0x0F, 0x00, 0xF0, 0x00, 0x00, 0x01, 0xFF, 0x80, 0x00, 0x00,
  0x00, 0x7F, 0xC0, 0x00, 0x00, 0x00, 0xE0, 0x1E, 0x00, 0x00, 0x00, 0xC0,
  0x00, 0xE0, 0x00, 0x00, 0xC0, 0x00, 0x0E, 0x00, 0x00, 0x60, 0x00, 0x00,
  0xC0, 0x00, 0x20, 0x00, 0x00, 0x18, 0x00, 0x10, 0xF0, 0x01, 0xE3, 0x00,
  0x08, 0x0E, 0x00, 0xE0, 0x60, 0x06, 0x00, 0xC0, 0x60, 0x1C, 0x03, 0x00,
  0x18, 0x30, 0x03, 0x00, 0x80, 0x00, 0x00, 0x00, 0x60, 0x60, 0x00, 0x00,
  0x00, 0x18, 0x10, 0x00, 0x00, 0x00, 0x03, 0x04, 0x00, 0x00, 0x00, 0x00,
  0xC3, 0x00, 0x00, 0x00, 0x00, 0x30, 0xC0, 0xC1, 0x83, 0x04, 0x06, 0x20,
  0x1F, 0xE0, 0x7F, 0x01, 0x88, 0x00, 0x00, 0x00, 0x00, 0x62, 0x00, 0x00,
  0x00, 0x00, 0x18, 0x80, 0x00, 0x00, 0x00, 0x06, 0x20, 0x00, 0x00, 0x00,
  0x01, 0x88, 0x00, 0xC0, 0x06, 0x00, 0x62, 0xC1, 0xE0, 0x00, 0xF0, 0x78,
  0xFD, 0xE8, 0x00, 0x2F, 0x7E, 0x73, 0xC6, 0x00, 0x0C, 0xF1, 0x98, 0x01,
  0x0F, 0xE1, 0x00, 0x36, 0x00, 0xCE, 0x0E, 0x60, 0x0D, 0x80, 0x22, 0x01,
  0x88, 0x03, 0x60, 0x18, 0x00, 0x03, 0x01, 0x98, 0x06, 0x00, 0x00, 0xC0,
  0x7C, 0x00, 0xC0, 0x00, 0x60, 0x0F, 0x00, 0x30, 0x00, 0x18, 0x01, 0xC0,
  0x0C, 0x00, 0x06, 0x00, 0x70, 0x83, 0x00, 0x01, 0x84, 0x36, 0x31, 0x80,
  0x00, 0x33, 0x88, 0xFF, 0xC0, 0x00, 0x07, 0xBC, 0x00, 0x1C, 0x00, 0x07,
  0x00, 0x00, 0x01, 0xE0, 0x0F, 0x00, 0x00, 0x00, 0x0F, 0xFC, 0x00, 0x00,
  0x00, 0x00, 0xFF, 0xC0, 0x00, 0x00, 0x03, 0x80, 0x3C, 0x00, 0x00, 0x07,
  0x00, 0x03, 0x80, 0x00, 0x06, 0x00, 0x00, 0x60, 0x00, 0x0C, 0x00, 0x00,
  0x1C, 0x00, 0x0C, 0x00, 0x00, 0x03, 0x00, 0x0C, 0x00, 0x00, 0x00, 0xC0,
  0x0C, 0x00, 0x00, 0x00, 0x30, 0x04, 0x00, 0x00, 0x00, 0x1C, 0x06, 0x02,
  0x00, 0x0C, 0x06, 0x06, 0x03, 0x00, 0x07, 0x01, 0x82, 0x0F, 0x00, 0x00,
  0xE0, 0xC3, 0x1E, 0x00, 0x00, 0x3C, 0x31, 0x80, 0x00, 0x00, 0x00, 0x18,
  0x80, 0x00, 0x00, 0x00, 0x0C, 0xC0, 0x00, 0x00, 0x00, 0x03, 0x60, 0x00,
  0x00, 0x00, 0x01, 0xB0, 0x00, 0x00, 0x00, 0x00, 0xD9, 0x81, 0x80, 0x0E,
  0x00, 0x6D, 0xE1, 0xE0, 0x0F, 0x80, 0x36, 0xF0, 0xF0, 0x07, 0xC0, 0x1B,
  0xCC, 0x78, 0x03, 0xE0, 0x0D, 0xC3, 0x18, 0x00, 0xE0, 0x06, 0xE1, 0x80,
  0x00, 0x00, 0x03, 0x60, 0x60, 0x00, 0x00, 0x03, 0x30, 0x30, 0x00, 0x00,
  0x01, 0xB0, 0x0C, 0x00, 0x00, 0x00, 0xD8, 0x06, 0x00, 0x00, 0x00, 0xCC,
  0x03, 0x00, 0x00, 0x00, 0x66, 0x01, 0x81, 0xF8, 0x00, 0x63, 0x00, 0xC3,
  0x87, 0x00, 0x60, 0xC0, 0xC3, 0x00, 0xC0, 0x30, 0x30, 0xC3, 0x00, 0x20,
  0x30, 0x0F, 0xC0, 0x00, 0x00, 0x30, 0x00, 0x30, 0x00, 0x00, 0x70, 0x00,
  0x0E, 0x00, 0x00, 0x60, 0x00, 0x01, 0xC0, 0x00, 0xE0, 0x00, 0x00, 0x3C,
  0x03, 0xC0, 0x00, 0x00, 0x03, 0xFE, 0x00, 0x00, 0x00, 0x01, 0xFF, 0x80,
  0x00, 0x00, 0x0F, 0x00, 0xF0, 0x00, 0x00, 0x38, 0x00, 0x1C, 0x00, 0x00,
  0x60, 0x00, 0x06, 0x00, 0x01, 0xC0, 0x00, 0x03, 0x80, 0x03, 0x00, 0x00,
  0x00, 0xC0, 0x06, 0x00, 0x00, 0x00, 0x60, 0x0C, 0x00, 0x00, 0x00, 0x30,
  0x1C, 0x00, 0x00, 0x00, 0x38, 0x18, 0x00, 0x00, 0x00, 0x18, 0x30, 0x00,
  0x00, 0x00, 0x0C, 0x30, 0x00, 0x00, 0x00, 0x0C, 0x60, 0x00, 0x00, 0x00,
  0x06, 0x60, 0x00, 0x00, 0x00, 0x06, 0x60, 0x00, 0x00, 0x00, 0x06, 0xC0,
  0x00, 0x00, 0x00, 0x03, 0xC0, 0x0E, 0x00, 0x70, 0x03, 0xC0, 0x1F, 0x00,
  0xF8, 0x03, 0xC0, 0x1F, 0x00, 0xF8, 0x03, 0xC0, 0x1F, 0x00, 0xF8, 0x03,
  0xC0, 0x0E, 0x00, 0x70, 0x03, 0xC0, 0x00, 0x00, 0x00, 0x03, 0xC0, 0x00,
  0x00, 0x00, 0x03, 0xC0, 0x00, 0x00, 0x00, 0x03, 0x60, 0x00, 0x00, 0x00,
  0x06, 0x60, 0x00, 0x00, 0x00, 0x06, 0x60, 0x00, 0x7E, 0x00, 0x06, 0x30,
  0x01, 0xFF, 0x80, 0x0C, 0x30, 0x03, 0xFF, 0xC0, 0x0C, 0x18, 0x07, 0xFF,
  0xE0, 0x18, 0x1C, 0x07, 0xFF, 0xE0, 0x38, 0x0C, 0x03, 0xFF, 0xC0, 0x30,
  0x06, 0x01, 0x81, 0x80, 0x60, 0x03, 0x00, 0x00, 0x00, 0xC0, 0x01, 0x80,
  0x00, 0x01, 0x80, 0x00, 0xE0, 0x00, 0x06, 0x00, 0x00, 0x38, 0x00, 0x1C,
  0x00, 0x00, 0x0F, 0x00, 0xF0, 0x00, 0x00, 0x01, 0xFF, 0x80, 0x00, 0x00,
  0x01, 0xFF, 0x80, 0x00, 0x00, 0x0F, 0x00, 0xF0, 0x00, 0x00, 0x38, 0x00,
  0x1C, 0x00, 0x00, 0x60, 0x00, 0x06, 0x00, 0x01, 0xC0, 0x00, 0x03, 0x80,
  0x03, 0x00, 0x00, 0x00, 0xC0, 0x06, 0x00, 0x00, 0x00, 0x60, 0x0C, 0x3C,
  0x00, 0x3C, 0x30, 0x1C, 0xE0, 0x00, 0x07, 0x38, 0x19, 0x80, 0x00, 0x01,
  0x98, 0x30, 0x00, 0x00, 0x00, 0x0C, 0x30, 0x00, 0x00, 0x00, 0x0C, 0x60,
  0x00, 0x00, 0x00, 0x06, 0x60, 0x00, 0x00, 0x00, 0x06, 0x60, 0x00, 0x00,
  0x00, 0x06, 0xC0, 0x00, 0x00, 0x00, 0x03, 0xC0, 0x0E, 0x00, 0x70, 0x03,
  0xC0, 0x1F, 0x00, 0xF8, 0x03, 0xC0, 0x1F, 0x00, 0xF8, 0x03, 0xC0, 0x1F,
  0x00, 0xF8, 0x03, 0xC0, 0x0E, 0x00, 0x70, 0x03, 0xC0, 0x00, 0x00, 0x00,
  0x03, 0xC0, 0x00, 0x00, 0x00, 0x03, 0xC0, 0x00, 0x00, 0x00, 0x03, 0x60,
  0x00, 0x00, 0x00, 0x06, 0x60, 0x00, 0x00, 0x00, 0x06, 0x60, 0x00, 0x7E,
  0x00, 0x06, 0x30, 0x01, 0xFF, 0x80, 0x0C, 0x30, 0x03, 0xFF, 0xC0, 0x0C,
  0x18, 0x03, 0xFF, 0xC0, 0x18, 0x1C, 0x03, 0xFF, 0xC0, 0x38, 0x0C, 0x03,
  0xFF, 0xC0, 0x30, 0x06, 0x01, 0xC3, 0x80, 0x60, 0x03, 0x00, 0x00, 0x00,
  0xC0, 0x01, 0x80, 0x00, 0x01, 0x80, 0x00, 0xE0, 0x00, 0x06, 0x00, 0x00,
  0x38, 0x00, 0x1C, 0x00, 0x00, 0x0F, 0x00, 0xF0, 0x00, 0x00, 0x01, 0xFF,
  0x80, 0x00, 0x00, 0x00, 0xFF, 0x00, 0x00, 0x00, 0x0F, 0xFF, 0xF0, 0x00,
  0x00, 0x3F, 0x52, 0xFC, 0x00, 0x00, 0x7A, 0x52, 0x5E, 0x00, 0x01, 0xF2,
  0x52, 0x4F, 0x80, 0x03, 0xD2, 0x52, 0x4B, 0xC0, 0x07, 0x52, 0x52, 0x49,
  0xE0, 0x0E, 0x52, 0x52, 0x49, 0x70, 0x0E, 0x7E, 0x52, 0x79, 0x70, 0x1E,
  0x72, 0x52, 0x4F, 0x78, 0x3B, 0xD2, 0x52, 0x4B, 0xDC, 0x32, 0xD2, 0x52,
  0x49, 0x4C, 0x72, 0x52, 0x52, 0x49, 0x4E, 0x72, 0x52, 0x52, 0x49, 0x4E,
  0x60, 0x00, 0x00, 0x00, 0x06, 0xE0, 0x00, 0x00, 0x00, 0x06, 0xC0, 0x00,
  0x00, 0x00, 0x03, 0xC0, 0x0E, 0x00, 0x70, 0x03, 0xC0, 0x1E, 0x00, 0xF8,
  0x03, 0xC0, 0x1F, 0x00, 0xFC, 0x03, 0xC0, 0x1E, 0x00, 0xF8, 0x03, 0xC0,
  0x0E, 0x00, 0x70, 0x03, 0xC0, 0x00, 0x00, 0x00, 0x03, 0xC0, 0x00, 0x00,
  0x00, 0x03, 0xC0, 0x00, 0x00, 0x00, 0x02, 0x60, 0x00, 0x00, 0x00, 0x06,
  0x60, 0x00, 0x00, 0x00, 0x06, 0x60, 0x00, 0x7F, 0x00, 0x06, 0x30, 0x01,
  0xFF, 0xC0, 0x0C, 0x30, 0x03, 0xFF, 0xC0, 0x0C, 0x18, 0x03, 0xFF, 0xE0,
  0x18, 0x0C, 0x03, 0xFF, 0xE0, 0x30, 0x0C, 0x03, 0xFF, 0xE0, 0x30, 0x06,
  0x00, 0x81, 0x80, 0x60, 0x03, 0x00, 0x00, 0x00, 0xC0, 0x01, 0x80, 0x00,
  0x01, 0x80, 0x00, 0x60, 0x00, 0x06, 0x00, 0x00, 0x38, 0x00, 0x1C, 0x00,
  0x00, 0x0F, 0x00, 0xF0, 0x00, 0x00, 0x01, 0xFF, 0x00, 0x00, 0x00, 0x01,
  0xFF, 0x80, 0x00, 0x00, 0x0F, 0x00, 0xF0, 0x00, 0x00, 0x38, 0x00, 0x1C,
  0x00, 0x00, 0x60, 0x00, 0x06, 0x00, 0x01, 0xC0, 0x00, 0x03, 0x80, 0x03,
  0x00, 0x00, 0x00, 0xC0, 0x06, 0x01, 0x81, 0x80, 0x60, 0x0C, 0x03, 0x00,
  0xC0, 0x30, 0x1C, 0x06, 0x00, 0x60, 0x38, 0x18, 0x0C, 0x00, 0x30, 0x18,
  0x30, 0x18, 0x00, 0x18, 0x0C, 0x30, 0x00, 0x00, 0x00, 0x0C, 0x60, 0x00,
  0x00, 0x00, 0x06, 0x60, 0x01, 0x81, 0x80, 0x06, 0x60, 0x01, 0x81, 0x80,
  0x06, 0xC0, 0x01, 0x00, 0x80, 0x03, 0xC0, 0x03, 0x00, 0xC0, 0x03, 0xC0,
  0x7C, 0x00, 0x3E, 0x03, 0xC0, 0x00, 0x00, 0x00, 0x03, 0xC0, 0x00, 0x00,
  0x00, 0x03, 0xC0, 0x00, 0x00, 0x00, 0x03, 0xC0, 0x00, 0x7E, 0x00, 0x03,
  0xC0, 0x03, 0x81, 0xC0, 0x03, 0xC0, 0x06, 0x00, 0x60, 0x03, 0x60, 0x0C,
  0x00, 0x30, 0x06, 0x60, 0x18, 0x00, 0x18, 0x06, 0x60, 0x1F, 0xFF, 0xF8,
  0x06, 0x30, 0x3F, 0xFF, 0xFC, 0x0C, 0x30, 0x3F, 0xFF, 0xFC, 0x0C, 0x18,
  0x3F, 0xFF, 0xFC, 0x18, 0x1C, 0x3F, 0xFF, 0xFC, 0x38, 0x0C, 0x3F, 0x81,
  0xFC, 0x30, 0x06, 0x1C, 0x00, 0x38, 0x60, 0x03, 0x00, 0x00, 0x00, 0xC0,
  0x01, 0x80, 0x00, 0x01, 0x80, 0x00, 0xE0, 0x00, 0x06, 0x00, 0x00, 0x38,
  0x00, 0x1C, 0x00, 0x00, 0x0F, 0x00, 0xF0, 0x00, 0x00, 0x01, 0xFF, 0x80,
  0x00, 0x00, 0x01, 0xFF, 0x80, 0x00, 0x00, 0x07, 0x80, 0x78, 0x00, 0x00,
  0x0E, 0x00, 0x07, 0x00, 0x00, 0x0C, 0x00, 0x00, 0xC0, 0x00, 0x1C, 0x00,
  0x00, 0x38, 0x00, 0x18, 0x00, 0x00, 0x06, 0x00, 0x18, 0x00, 0x00, 0x01,
  0x80, 0x18, 0x00, 0x00, 0x00, 0x60, 0x1C, 0x00, 0x00, 0x00, 0x30, 0x0C,
  0x00, 0x00, 0x00, 0x0C, 0x0C, 0x0C, 0x00, 0x03, 0x03, 0x06, 0x1C, 0x00,
  0x00, 0xE1, 0x86, 0x38, 0x00, 0x00, 0x1C, 0x63, 0x10, 0x00, 0x00, 0x02,
  0x31, 0x88, 0x00, 0x00, 0x00, 0x19, 0x80, 0x00, 0x00, 0x00, 0x0C, 0xC0,
  0x00, 0x00, 0x00, 0x03, 0x60, 0x40, 0x80, 0x40, 0x81, 0xB0, 0x30, 0xC0,
  0x30, 0xC0, 0xD8, 0x07, 0xC0, 0x0F, 0x80, 0x6C, 0x00, 0x00, 0x00, 0x00,
  0x36, 0x00, 0x00, 0x00, 0x00, 0x1B, 0x00, 0x00, 0x00, 0x3F, 0x8D, 0x80,
  0x00, 0x00, 0x70, 0x36, 0x60, 0x00, 0x00, 0xC0, 0x06, 0x30, 0x00, 0x00,
  0xF0, 0x01, 0x98, 0x00, 0x00, 0x0C, 0x00, 0x46, 0x00, 0x07, 0x82, 0x00,
  0x33, 0x00, 0x0F, 0xF0, 0x80, 0x18, 0xC0, 0x0F, 0xFC, 0x60, 0x0C, 0x70,
  0x07, 0xFE, 0x18, 0x06, 0x18, 0x01, 0xFE, 0x06, 0x02, 0x06, 0x00, 0x00,
  0x01, 0x86, 0x01, 0x80, 0x00, 0x00, 0x7E, 0x00, 0x60, 0x00, 0x00, 0x60,
  0x00, 0x1C, 0x00, 0x00, 0xE0, 0x00, 0x03, 0x80, 0x01, 0xC0, 0x00, 0x00,
  0x78, 0x07, 0x80, 0x00, 0x00, 0x07, 0xFC, 0x00, 0x00, 0x00, 0x01, 0xFF,
  0x80, 0x00, 0x00, 0x0F, 0x00, 0xF0, 0x00, 0x00, 0x38, 0x00, 0x1C, 0x00,
  0x00, 0x60, 0x00, 0x06, 0x00, 0x01, 0xC0, 0x00, 0x03, 0x80, 0x03, 0x00,
  0x00, 0x00, 0xC0, 0x06, 0x03, 0x00, 0xC0, 0x60, 0x0C, 0x06, 0x00, 0x60,
  0x30, 0x1C, 0x3C, 0x00, 0x3C, 0x38, 0x18, 0x70, 0x00, 0x0E, 0x18, 0x30,
  0x00, 0x00, 0x00, 0x0C, 0x30, 0x00, 0x00, 0x00, 0x0C, 0x60, 0x00, 0x00,
  0x00, 0x06, 0x60, 0x70, 0x00, 0x0E, 0x06, 0x60, 0x1E, 0x00, 0x78, 0x06,
  0xC0, 0x07, 0x00, 0xC0, 0x03, 0xC0, 0x07, 0x81, 0xE0, 0x03, 0xC0, 0x1C,
  0x00, 0x38, 0x03, 0xC0, 0x30, 0x00, 0x0C, 0x03, 0xC0, 0x20, 0x00, 0x04,
  0x03, 0xC0, 0x00, 0x00, 0x00, 0x03, 0xC0, 0x00, 0x7E, 0x00, 0x03, 0xC0,
  0x03, 0x81, 0xC0, 0x03, 0xC0, 0x06, 0x00, 0x60, 0x03, 0x60, 0x0C, 0x00,
  0x30, 0x06, 0x60, 0x18, 0x00, 0x18, 0x06, 0x60, 0x1F, 0xFF, 0xF8, 0x06,
  0x30, 0x3F, 0xFF, 0xFC, 0x0C, 0x30, 0x3F, 0xFF, 0xFC, 0x0C, 0x18, 0x3F,
  0xFF, 0xFC, 0x18, 0x1C, 0x3F, 0xFF, 0xFC, 0x38, 0x0C, 0x3F, 0x81, 0xFC,
  0x30, 0x06, 0x1C, 0x00, 0x38, 0x60, 0x03, 0x00, 0x00, 0x00, 0xC0, 0x01,
  0x80, 0x00, 0x01, 0x80, 0x00, 0xE0, 0x00, 0x06, 0x00, 0x00, 0x38, 0x00,
  0x1C, 0x00, 0x00, 0x0F, 0x00, 0xF0, 0x00, 0x00, 0x01, 0xFF, 0x80, 0x00,
  0x00, 0x01, 0xFF, 0x80, 0x00, 0x00, 0x0F, 0x00, 0xF0, 0x00, 0x00, 0x38,
  0x00, 0x1C, 0x00, 0x00, 0x60, 0x00, 0x06, 0x00, 0x01, 0xC0, 0x00, 0x03,
  0x80, 0x03, 0x00, 0x00, 0x00, 0xC0, 0x06, 0x00, 0x00, 0x00, 0x60, 0x0C,
  0x00, 0x00, 0x00, 0x30, 0x1C, 0x00, 0x00, 0x00, 0x38, 0x18, 0x00, 0x00,
  0x00, 0x18, 0x30, 0x00, 0x00, 0x00, 0x0C, 0x30, 0x00, 0x00, 0x00, 0x0C,
  0x60, 0x0E, 0x00, 0x70, 0x06, 0x60, 0x1E, 0x00, 0xF8, 0x06, 0x60, 0x1F,
  0x00, 0xF8, 0x06, 0xC0, 0x1F, 0x00, 0xF8, 0x03, 0xC0, 0x1E, 0x00, 0xF8,
  0x03, 0xC0, 0x0E, 0x00, 0x70, 0x03, 0xC0, 0x00, 0x00, 0x00, 0x03, 0xC0,
  0x00, 0x00, 0x00, 0x03, 0xC0, 0x00, 0x00, 0x00, 0x03, 0xC0, 0x00, 0x00,
  0x00, 0x03, 0xC0, 0x7F, 0xFF, 0xFE, 0x03, 0xC0, 0x91, 0x89, 0x0B, 0x03,
  0x61, 0x11, 0x89, 0x09, 0x06, 0x61, 0xFF, 0xFF, 0xFF, 0x86, 0x61, 0xFF,
  0xFF, 0xFF, 0x86, 0x31, 0x11, 0x89, 0x09, 0x0C, 0x31, 0x91, 0x89, 0x0B,
  0x0C, 0x18, 0xFF, 0xFF, 0xFE, 0x18, 0x1C, 0x3F, 0xFF, 0xFC, 0x38, 0x0C,
  0x00, 0x00, 0x00, 0x30, 0x06, 0x00, 0x00, 0x00, 0x60, 0x03, 0x00, 0x00,
  0x00, 0xC0, 0x01, 0x80, 0x00, 0x01, 0x80, 0x00, 0xE0, 0x00, 0x06, 0x00,
  0x00, 0x38, 0x00, 0x1C, 0x00, 0x00, 0x0F, 0x00, 0xF0, 0x00, 0x00, 0x01,
  0xFF, 0x80, 0x00, 0x00, 0x01, 0xFF, 0x80, 0x00, 0x00, 0x0F, 0x00, 0xF0,
  0x00, 0x00, 0x38, 0x00, 0x1C, 0x00, 0x00, 0xE0, 0x00, 0x07, 0x00, 0x01,
  0x80, 0x00, 0x01, 0x80, 0x03, 0x00, 0x00, 0x00, 0xC0, 0x06, 0x00, 0x00,
  0x00, 0x60, 0x0C, 0x00, 0x00, 0x00, 0x30, 0x18, 0x30, 0x00, 0x0C, 0x18,
  0x18, 0xF0, 0x00, 0x07, 0x18, 0x31, 0x80, 0x00, 0x01, 0xCC, 0x33, 0x00,
  0x00, 0x00, 0xEC, 0x62, 0x00, 0x00, 0x00, 0x66, 0x60, 0x3C, 0x00, 0x1E,
  0x06, 0x60, 0xFF, 0x00, 0x7F, 0x06, 0xC1, 0xCF, 0x80, 0xF3, 0x83, 0xC0,
  0x4D, 0x00, 0x33, 0x83, 0xC0, 0x4C, 0x00, 0x33, 0x03, 0xC0, 0x4C, 0x00,
  0x33, 0x03, 0xC0, 0x4C, 0x00, 0x33, 0x03, 0xC0, 0x4C, 0x00, 0x33, 0x03,
  0xC0, 0x4C, 0xFF, 0x33, 0x03, 0xC0, 0x4F, 0xC3, 0xF3, 0x03, 0xE0, 0x4E,
  0x00, 0x73, 0x07, 0x60, 0x4C, 0x00, 0x33, 0x06, 0x60, 0x4C, 0x00, 0x33,
  0x06, 0x70, 0x4F, 0xFF, 0xF3, 0x04, 0x30, 0x4F, 0xFF, 0xF3, 0x0C, 0x18,
  0x4F, 0xFF, 0xF3, 0x0C, 0x18, 0x4F, 0xFF, 0xF3, 0x18, 0x0C, 0x4F, 0x00,
  0xF3, 0x30, 0x06, 0x4C, 0x00, 0x33, 0x20, 0x03, 0x4C, 0x00, 0x33, 0x40,
  0x03, 0xCC, 0x00, 0x33, 0xE0, 0x0E, 0x0E, 0x00, 0x70, 0x30, 0x0C, 0x07,
  0x00, 0xE0, 0x10, 0x06, 0x03, 0xC1, 0xE0, 0x70, 0x03, 0x00, 0xC1, 0x80,
  0x60, 0x03, 0x81, 0xFF, 0xC0, 0xC0, 0x00, 0xFF, 0x00, 0x7F, 0x80, 0x00,
  0x01, 0xFF, 0x80, 0x00, 0x00, 0x0F, 0x00, 0xF0, 0x00, 0x00, 0x38, 0x00,
  0x1C, 0x00, 0x00, 0x60, 0x00, 0x06, 0x00, 0x01, 0xC0, 0x00, 0x03, 0x80,
  0x03, 0x00, 0x00, 0x00, 0xC0, 0x06, 0x00, 0x00, 0x00, 0x60, 0x0C, 0x00,
  0x00, 0x00, 0x30, 0x1C, 0x00, 0x00, 0x00, 0x38, 0x18, 0x00, 0x00, 0x00,
  0x18, 0x30, 0x00, 0x00, 0x00, 0x0C, 0x30, 0x00, 0x00, 0x00, 0x0C, 0x60,
  0x00, 0x00, 0x00, 0x06, 0x60, 0x0E, 0x00, 0x70, 0x06, 0x60, 0x1F, 0x00,
  0xF8, 0x06, 0xC0, 0x1F, 0x00, 0xF8, 0x03, 0xC0, 0x1F, 0x00, 0xF8, 0x03,
  0xC0, 0x0E, 0x00, 0x70, 0x03, 0xC0, 0x00, 0x00, 0x00, 0x03, 0xC0, 0x00,
  0x00, 0x00, 0x03, 0xC0, 0x00, 0x00, 0x00, 0x03, 0xC0, 0x00, 0x00, 0x00,
  0x03, 0xC0, 0x00, 0x00, 0x00, 0x03, 0xC0, 0x00, 0x7E, 0x00, 0x03, 0x60,
  0x00, 0xFF, 0x00, 0x06, 0x60, 0x01, 0xFF, 0x80, 0x06, 0x60, 0x03, 0xFF,
  0xC0, 0x06, 0x30, 0x03, 0xFF, 0xC0, 0x0C, 0x30, 0x03, 0xFF, 0xC0, 0x0C,
  0x18, 0x03, 0xFF, 0xC0, 0x18, 0x1C, 0x01, 0xFF, 0x80, 0x38, 0x0C, 0x00,
  0x7E, 0x00, 0x30, 0x06, 0x00, 0x00, 0x00, 0x60, 0x03, 0x00, 0x00, 0x00,
  0xC0, 0x01, 0x80, 0x00, 0x01, 0x80, 0x00, 0xE0, 0x00, 0x06, 0x00, 0x00,
  0x38, 0x00, 0x1C, 0x00, 0x00, 0x0F, 0x00, 0xF0, 0x00, 0x00, 0x01, 0xFF,
  0x80, 0x00, 0x00, 0x01, 0xFF, 0x80, 0x00, 0x00, 0x0F, 0x00, 0xF0, 0x00,
  0x00, 0x38, 0x00, 0x1C, 0x00, 0x00, 0x60, 0x00, 0x06, 0x00, 0x01, 0xC0,
  0x00, 0x03, 0x80, 0x03, 0x00, 0x00, 0x00, 0xC0, 0x06, 0x00, 0x00, 0x00,
  0x60, 0x0C, 0x3C, 0x00, 0x3C, 0x30, 0x1C, 0xE0, 0x00, 0x07, 0x38, 0x19,
  0x80, 0x00, 0x01, 0x98, 0x30, 0x00, 0x00, 0x00, 0x0C, 0x30, 0x00, 0x00,
  0x00, 0x0C, 0x60, 0x00, 0x00, 0x00, 0x06, 0x60, 0x00, 0x00, 0x00, 0x06,
  0x60, 0x1C, 0x00, 0x38, 0x06, 0xC0, 0x3E, 0x00, 0x7C, 0x03, 0xC0, 0x3E,
  0x00, 0x7C, 0x03, 0xC0, 0x3E, 0x00, 0x7C, 0x03, 0xC0, 0x3E, 0x00, 0x7C,
  0x03, 0xC0, 0x1C, 0x00, 0x38, 0x03, 0xC0, 0x00, 0x00, 0x00, 0x03, 0xC0,
  0x00, 0x00, 0x00, 0x03, 0xC0, 0x00, 0x00, 0x00, 0x03, 0xC0, 0x00, 0x00,
  0x00, 0x03, 0x60, 0x00, 0x00, 0x00, 0x06, 0x60, 0x00, 0x00, 0x00, 0x06,
  0x60, 0x00, 0x3C, 0x00, 0x06, 0x30, 0x00, 0x7E, 0x00, 0x0C, 0x30, 0x00,
  0xFF, 0x00, 0x0C, 0x18, 0x00, 0xFF, 0x00, 0x18, 0x1C, 0x00, 0xFF, 0x00,
  0x38, 0x0C, 0x00, 0xFF, 0x00, 0x30, 0x06, 0x00, 0x7E, 0x00, 0x60, 0x03,
  0x00, 0x3C, 0x00, 0xC0, 0x01, 0x80, 0x00, 0x01, 0x80, 0x00, 0xE0, 0x00,
  0x06, 0x00, 0x00, 0x38, 0x00, 0x1C, 0x00, 0x00, 0x0F, 0x00, 0xF0, 0x00,
  0x00, 0x01, 0xFF, 0x80, 0x00, 0x00, 0x00, 0x7F, 0xC0, 0x00, 0x00, 0x01,
  0xFF, 0xFC, 0x00, 0x00, 0x03, 0xE9, 0x3F, 0x80, 0x00, 0x07, 0xA4, 0x95,
  0xE0, 0x00, 0x07, 0x92, 0x4A, 0x7C, 0x00, 0x07, 0x49, 0x25, 0x2F, 0x00,
  0x06, 0xA4, 0x92, 0x93, 0xC0, 0x06, 0x52, 0x49, 0x49, 0x70, 0x07, 0x29,
  0x24, 0xA4, 0x98, 0x02, 0x94, 0x92, 0x56, 0x4E, 0x03, 0x4B, 0xC9, 0x2F,
  0x27, 0x83, 0x27, 0xA4, 0x95, 0xF2, 0xC1, 0x9F, 0x92, 0x4A, 0x7F, 0x70,
  0xCD, 0x49, 0x25, 0x27, 0xB8, 0xC0, 0x00, 0x00, 0x00, 0x0C, 0x60, 0x00,
  0x00, 0x00, 0x06, 0x20, 0x00, 0x00, 0x00, 0x01, 0x90, 0x03, 0x80, 0x0C,
  0x00, 0xC8, 0x83, 0xE0, 0x0F, 0x00, 0x64, 0xC1, 0xF0, 0x07, 0x80, 0x36,
  0xF0, 0xF8, 0x03, 0xC0, 0x19, 0x6C, 0x38, 0x00, 0xC0, 0x0C, 0xE2, 0x00,
  0x00, 0x00, 0x06, 0x61, 0x80, 0x00, 0x00, 0x03, 0x30, 0x60, 0x00, 0x00,
  0x01, 0x30, 0x10, 0x00, 0x00, 0x01, 0x98, 0x08, 0x00, 0x00, 0x00, 0xD8,
  0x02, 0x0F, 0xF8, 0x00, 0x6C, 0x01, 0x1F, 0xFE, 0x00, 0x66, 0x00, 0x9F,
  0xFF, 0x80, 0x33, 0x00, 0x4F, 0xFF, 0xC0, 0x31, 0x80, 0x27, 0xFF, 0xE0,
  0x30, 0x60, 0x21, 0xFF, 0xF0, 0x18, 0x18, 0x20, 0x70, 0xE0, 0x18, 0x07,
  0xF0, 0x00, 0x00, 0x18, 0x00, 0x0C, 0x00, 0x00, 0x18, 0x00, 0x03, 0x00,
  0x00, 0x30, 0x00, 0x00, 0xE0, 0x00, 0x70, 0x00, 0x00, 0x0E, 0x01, 0xE0,
  0x00, 0x00, 0x00, 0xFF, 0x80, 0x00, 0x00, 0x00, 0x1F, 0xE0, 0x00, 0x00,
  0x00, 0x03, 0xFF, 0xF8, 0x00, 0x00, 0x00, 0x7D, 0x25, 0xF8, 0x00, 0x00,
  0x03, 0xD4, 0x92, 0xF0, 0x00, 0x00, 0x1E, 0x52, 0x49, 0xF0, 0x00, 0x01,
  0xC9, 0x49, 0x25, 0xE0, 0x00, 0x0F, 0x25, 0x24, 0x95, 0xC0, 0x00, 0x34,
  0x94, 0x92, 0x53, 0x80, 0x01, 0x92, 0x52, 0x49, 0x4E, 0x00, 0x0E, 0x49,
  0x49, 0x25, 0x3C, 0x00, 0x39, 0x25, 0x24, 0x94, 0xF8, 0x01, 0xA4, 0x94,
  0x92, 0x53, 0x60, 0x06, 0x92, 0x52, 0x49, 0x4D, 0xC0, 0x3A, 0x7F, 0x49,
  0x3F, 0x37, 0x00, 0xC3, 0x8C, 0x01, 0x86, 0x0C, 0x02, 0x18, 0x08, 0x0C,
  0x0C, 0x38, 0x18, 0x60, 0x20, 0x30, 0x18, 0x60, 0x61, 0x00, 0x80, 0xC0,
  0x61, 0x81, 0x84, 0x02, 0x03, 0x01, 0x86, 0x06, 0x10, 0x08, 0x0C, 0x06,
  0x18, 0x18, 0x60, 0x20, 0x30, 0x18, 0x60, 0x61, 0x81, 0x00, 0x60, 0xC1,
  0x81, 0xC3, 0x9C, 0x01, 0xEF, 0x0E, 0x1D, 0xE7, 0xE0, 0x01, 0xF9, 0xEE,
  0xF3, 0xC0, 0x00, 0x00, 0x0F, 0x3B, 0x4B, 0x80, 0x1C, 0x00, 0x74, 0xFD,
  0x26, 0x00, 0xF8, 0x01, 0x92, 0xF4, 0x8C, 0x03, 0xE0, 0x0C, 0xDB, 0xD9,
  0x38, 0x0F, 0x80, 0x72, 0x6B, 0x24, 0x70, 0x7F, 0x03, 0x99, 0x26, 0xD8,
  0xE1, 0xFC, 0x1C, 0x4C, 0x99, 0x21, 0xC7, 0xF0, 0xC3, 0x26, 0x64, 0x01,
  0x9F, 0xC6, 0x00, 0x90, 0xC0, 0x07, 0x7F, 0x38, 0x00, 0xC1, 0x00, 0x0C,
  0xF8, 0xC0, 0x02, 0x06, 0x00, 0x11, 0xC2, 0x00, 0x10, 0x0C, 0x00, 0x40,
  0x18, 0x00, 0xC0, 0x18, 0x01, 0x00, 0x20, 0x06, 0x00, 0x30, 0x0E, 0x01,
  0xC0, 0x20, 0x00, 0x30, 0x7F, 0xFF, 0x83, 0x00, 0x00, 0x3E, 0x00, 0x03,
  0xF0, 0x00, 0x00, 0x01, 0xFF, 0x80, 0x00, 0x00, 0x0F, 0x00, 0xF0, 0x00,
  0x00, 0x38, 0x00, 0x1C, 0x00, 0x00, 0x60, 0x00, 0x06, 0x00, 0x01, 0xC0,
  0x00, 0x03, 0x80, 0x03, 0x00, 0x00, 0x00, 0xC0, 0x06, 0x1E, 0x00, 0x78,
  0x60, 0x0C, 0xE0, 0x00, 0x07, 0x30, 0x1C, 0x80, 0x00, 0x01, 0x38, 0x18,
  0x00, 0x00, 0x00, 0x18, 0x30, 0x00, 0x00, 0x00, 0x0C, 0x30, 0x00, 0x00,
  0x00, 0x0C, 0x60, 0x0E, 0x00, 0x70, 0x06, 0x60, 0x1F, 0x00, 0x78, 0x06,
  0x60, 0x1F, 0x00, 0xF8, 0x06, 0xC0, 0x1F, 0x00, 0xF8, 0x03, 0xC0, 0x1F,
  0x00, 0xF8, 0x03, 0xC0, 0x1F, 0x00, 0x78, 0x03, 0xC0, 0x0E, 0x00, 0x70,
  0x03, 0xC0, 0x00, 0x00, 0x00, 0x03, 0xC0, 0x00, 0x00, 0x00, 0x03, 0xC0,
  0x00, 0x00, 0x00, 0x03, 0xC0, 0x00, 0x00, 0x00, 0x03, 0xC0, 0x00, 0x3C,
  0x00, 0x03, 0x60, 0x00, 0x62, 0x00, 0x06, 0x60, 0x00, 0xC1, 0x00, 0x06,
  0x60, 0x00, 0xC1, 0x00, 0x06, 0x30, 0x00, 0xFF, 0x00, 0x0C, 0x30, 0x00,
  0xFF, 0x00, 0x0C, 0x18, 0x00, 0xFF, 0x00, 0x18, 0x1C, 0x00, 0xFF, 0x00,
  0x38, 0x0C, 0x00, 0xFF, 0x00, 0x30, 0x06, 0x00, 0xFF, 0x00, 0x60, 0x03,
  0x00, 0x7E, 0x00, 0xC0, 0x01, 0x80, 0x3C, 0x01, 0x80, 0x00, 0xE0, 0x00,
  0x06, 0x00, 0x00, 0x38, 0x00, 0x1C, 0x00, 0x00, 0x0F, 0x00, 0xF0, 0x00,
  0x00, 0x01, 0xFF, 0x80, 0x00, 0x00, 0x01, 0xFF, 0x80, 0x00, 0x00, 0x0F,
  0x00, 0xF0, 0x00, 0x00, 0x38, 0x00, 0x1C, 0x00, 0x00, 0x60, 0x00, 0x06,
  0x00, 0x01, 0xC0, 0x00, 0x03, 0x80, 0x03, 0x00, 0x00, 0x00, 0xC0, 0x06,
  0x00, 0x00, 0x00, 0x60, 0x0C, 0xFF, 0x00, 0xFF, 0x30, 0x1C, 0x00, 0x00,
  0x01, 0x38, 0x18, 0x00, 0x00, 0x00, 0x18, 0x30, 0x00, 0x00, 0x00, 0x0C,
  0x30, 0x00, 0x00, 0x00, 0x0C, 0x60, 0x00, 0x00, 0x00, 0x06, 0x60, 0x7C,
  0x00, 0x3F, 0x06, 0x60, 0x82, 0x00, 0x61, 0x86, 0xC1, 0x01, 0x00, 0x80,
  0x43, 0xC2, 0x30, 0x81, 0x0C, 0x63, 0xC2, 0x78, 0x81, 0x1E, 0x23, 0xC2,
  0x78, 0x81, 0x1E, 0x23, 0xC2, 0x30, 0x81, 0x0C, 0x23, 0xC2, 0x00, 0x81,
  0x00, 0x63, 0xC1, 0x01, 0x00, 0x80, 0x43, 0xC0, 0x82, 0x00, 0x61, 0x83,
  0xC0, 0x7C, 0x00, 0x3F, 0x03, 0x60, 0x00, 0x00, 0x00, 0x06, 0x60, 0xA0,
  0x00, 0x12, 0x86, 0x60, 0xA8, 0x00, 0x14, 0x86, 0x31, 0x68, 0x00, 0x25,
  0x0C, 0x31, 0x40, 0x00, 0x29, 0x0C, 0x18, 0x00, 0x00, 0x00, 0x18, 0x1C,
  0x00, 0x00, 0x00, 0x38, 0x0C, 0x00, 0x7E, 0x00, 0x30, 0x06, 0x00, 0x00,
  0x00, 0x60, 0x03, 0x00, 0x00, 0x00, 0xC0, 0x01, 0x80, 0x00, 0x01, 0x80,
  0x00, 0xE0, 0x00, 0x06, 0x00, 0x00, 0x38, 0x00, 0x1C, 0x00, 0x00, 0x0F,
  0x00, 0xF0, 0x00, 0x00, 0x01, 0xFF, 0x80, 0x00, 0x00, 0x01, 0xFF, 0x80,
  0x1C, 0x00, 0x0F, 0x00, 0xE0, 0x03, 0x00, 0x38, 0x00, 0x00, 0x06, 0x00,
  0xE0, 0x00, 0x00, 0x0C, 0x01, 0x80, 0x00, 0x1E, 0x38, 0x03, 0x00, 0x00,
  0x02, 0x38, 0x06, 0x00, 0x06, 0x04, 0x0E, 0x0C, 0x00, 0x01, 0x88, 0x00,
  0x1C, 0x00, 0x03, 0x18, 0x00, 0x18, 0x00, 0x06, 0x1E, 0x18, 0x30, 0x00,
  0x08, 0x00, 0x0C, 0x30, 0x00, 0x0F, 0x00, 0x0C, 0x60, 0x00, 0x00, 0x00,
  0x06, 0x60, 0x00, 0x00, 0x00, 0x06, 0x60, 0x00, 0x00, 0x00, 0x06, 0xC0,
  0x00, 0x00, 0x00, 0x03, 0xC0, 0x00, 0x00, 0x00, 0x03, 0xC0, 0x00, 0x00,
  0x00, 0x03, 0xC0, 0xE3, 0x81, 0xC6, 0x03, 0xC0, 0x3E, 0x00, 0x7C, 0x03,
  0xC0, 0x00, 0x00, 0x00, 0x03, 0xC0, 0x00, 0x00, 0x00, 0x03, 0xC0, 0x00,
  0x00, 0x00, 0x03, 0xC0, 0x00, 0x00, 0x00, 0x03, 0x60, 0x00, 0x00, 0x00,
  0x06, 0x60, 0x00, 0x00, 0x00, 0x06, 0x60, 0x00, 0x00, 0x00, 0x06, 0x30,
  0x00, 0x7C, 0x00, 0x0C, 0x30, 0x00, 0xFF, 0x00, 0x0C, 0x18, 0x01, 0xFF,
  0x80, 0x18, 0x1C, 0x01, 0xFF, 0x80, 0x10, 0x0C, 0x00, 0xFF, 0x00, 0x30,
  0x06, 0x00, 0x00, 0x00, 0x60, 0x03, 0x00, 0x00, 0x00, 0xC0, 0x01, 0x80,
  0x00, 0x01, 0x80, 0x00, 0xE0, 0x00, 0x06, 0x00, 0x00, 0x38, 0x00, 0x1C,
  0x00, 0x00, 0x0F, 0x00, 0xF0, 0x00, 0x00, 0x01, 0xFF, 0x00, 0x00, 0x00,
  0x01, 0xFF, 0x80, 0x00, 0x00, 0x0F, 0x00, 0xF0, 0x00, 0x00, 0x38, 0x00,
  0x1C, 0x00, 0x00, 0x60, 0x00, 0x06, 0x00, 0x01, 0xC0, 0x00, 0x03, 0x80,
  0x03, 0x00, 0x00, 0x00, 0xC0, 0x06, 0x00, 0x00, 0x00, 0x60, 0x0C, 0x1E,
  0x00, 0x78, 0x30, 0x1C, 0x60, 0x00, 0x0E, 0x38, 0x18, 0xC0, 0x00, 0x03,
  0x18, 0x30, 0x00, 0x00, 0x00, 0x0C, 0x30, 0x00, 0x00, 0x00, 0x0C, 0x60,
  0x00, 0x00, 0x00, 0x06, 0x60, 0x81, 0x81, 0x81, 0x06, 0x60, 0xE3, 0x00,
  0xC7, 0x06, 0xC0, 0x76, 0x00, 0x6E, 0x03, 0xC0, 0x1C, 0x00, 0x38, 0x03,
  0xC0, 0x1E, 0x00, 0x38, 0x03, 0xC0, 0x1F, 0x00, 0xF8, 0x03, 0xC0, 0x31,
  0x81, 0x8C, 0x03, 0xC0, 0x60, 0x81, 0x06, 0x03, 0xC0, 0x40, 0x00, 0x02,
  0x03, 0xC0, 0x00, 0x00, 0x00, 0x03, 0xC0, 0x00, 0x00, 0x00, 0x03, 0x60,
  0x00, 0x7E, 0x00, 0x06, 0x60, 0x00, 0xFF, 0x00, 0x06, 0x60, 0x01, 0xFF,
  0x80, 0x06, 0x30, 0x03, 0xFF, 0xC0, 0x0C, 0x30, 0x03, 0xFF, 0xC0, 0x0C,
  0x18, 0x03, 0xFF, 0xC0, 0x18, 0x1C, 0x01, 0xFF, 0x80, 0x38, 0x0C, 0x00,
  0x7E, 0x00, 0x30, 0x06, 0x00, 0x00, 0x00, 0x60, 0x03, 0x00, 0x00, 0x00,
  0xC0, 0x01, 0x80, 0x00, 0x01, 0x80, 0x00, 0xE0, 0x00, 0x06, 0x00, 0x00,
  0x38, 0x00, 0x1C, 0x00, 0x00, 0x0F, 0x00, 0xF0, 0x00, 0x00, 0x01, 0xFF,
  0x80, 0x00, 0x00, 0x01, 0xFF, 0x80, 0x00, 0x00, 0x0F, 0x00, 0xF0, 0x00,
  0x00, 0x38, 0x00, 0x1C, 0x00, 0x00, 0x60, 0x00, 0x06, 0x00, 0x01, 0xC0,
  0x00, 0x03, 0x80, 0x03, 0x00, 0x00, 0x00, 0xC0, 0x06, 0x00, 0x00, 0x00,
  0x60, 0x0C, 0x00, 0x00, 0x00, 0x30, 0x1C, 0x00, 0x00, 0x00, 0x38, 0x18,
  0x00, 0x00, 0x00, 0x18, 0x30, 0x00, 0x00, 0x00, 0x0C, 0x30, 0x00, 0x00,
  0x00, 0x0C, 0x60, 0x00, 0x00, 0x00, 0x06, 0x60, 0x00, 0x00, 0x00, 0x06,
  0x60, 0x0E, 0x00, 0x70, 0x06, 0xC0, 0x1F, 0x00, 0xF8, 0x03, 0xC0, 0x1F,
  0x00, 0xF8, 0x03, 0xC0, 0x1F, 0x00, 0xF8, 0x03, 0xC0, 0x0E, 0x00, 0x70,
  0x03, 0xC0, 0x00, 0x00, 0x00, 0x03, 0xC0, 0x00, 0x00, 0x00, 0x03, 0xC0,
  0x00, 0x00, 0x00, 0x03, 0xC0, 0x00, 0x00, 0x00, 0x03, 0xC0, 0x00, 0x00,
  0x00, 0x03, 0x60, 0x00, 0x00, 0x00, 0x06, 0x60, 0x00, 0x00, 0x00, 0x06,
  0x60, 0x00, 0x00, 0x00, 0x06, 0x30, 0x00, 0x00, 0x00, 0x0C, 0x30, 0x00,
  0x00, 0x00, 0x0C, 0x18, 0x00, 0x00, 0x00, 0x18, 0x1C, 0x00, 0x00, 0x00,
  0x38, 0x0C, 0x00, 0x00, 0x00, 0x30, 0x06, 0x00, 0x00, 0x00, 0x60, 0x03,
  0x00, 0x00, 0x00, 0xC0, 0x01, 0x80, 0x00, 0x01, 0x80, 0x00, 0xE0, 0x00,
  0x06, 0x00, 0x00, 0x38, 0x00, 0x1C, 0x00, 0x00, 0x0F, 0x00, 0xF0, 0x00,
  0x00, 0x01, 0xFF, 0x80, 0x00, 0x00, 0x01, 0xFF, 0x80, 0x00, 0x00, 0x0F,
  0x00, 0xF0, 0x00, 0x00, 0x38, 0x00, 0x1C, 0x00, 0x00, 0x60, 0x00, 0x06,
  0x00, 0x01, 0xC0, 0x00, 0x03, 0x80, 0x03, 0x00, 0x00, 0x00, 0xC0, 0x06,
  0x00, 0x00, 0x00, 0x60, 0x0C, 0x00, 0x00, 0x00, 0x30, 0x1C, 0x00, 0x00,
  0x00, 0x38, 0x18, 0x00, 0x00, 0x00, 0x18, 0x30, 0x00, 0x00, 0x00, 0x0C,
  0x30, 0x00, 0x00, 0x00, 0x0C, 0x60, 0x04, 0x00, 0x20, 0x06, 0x60, 0x0E,
  0x00, 0x70, 0x06, 0x60, 0x1F, 0x00, 0xF8, 0x06, 0xC0, 0x1F, 0x00, 0xF8,
  0x03, 0xC0, 0x1F, 0x00, 0xF8, 0x03, 0xC0, 0x0E, 0x00, 0x70, 0x03, 0xC0,
  0x00, 0x00, 0x00, 0x03, 0xC0, 0x01, 0xFF, 0x80, 0x03, 0xE0, 0x3E, 0x00,
  0x7C, 0x07, 0xF9, 0xE0, 0x00, 0x07, 0x9F, 0xDF, 0x80, 0x00, 0x01, 0xF3,
  0xC1, 0x80, 0x00, 0x01, 0x83, 0x61, 0x80, 0x00, 0x01, 0x86, 0x61, 0x80,
  0x00, 0x01, 0x86, 0x61, 0x80, 0x00, 0x01, 0x86, 0x31, 0x80, 0x00, 0x01,
  0x8C, 0x31, 0x80, 0x00, 0x01, 0x8C, 0x19, 0x80, 0x00, 0x01, 0x98, 0x1D,
  0xC0, 0x00, 0x03, 0xB8, 0x0F, 0xE0, 0x00, 0x07, 0xF0, 0x06, 0x38, 0x00,
  0x1C, 0x60, 0x03, 0x0F, 0x00, 0xF0, 0xC0, 0x01, 0x81, 0xFF, 0x81, 0x80,
  0x00, 0xE0, 0x00, 0x06, 0x00, 0x00, 0x38, 0x00, 0x1C, 0x00, 0x00, 0x0F,
  0x00, 0xF0, 0x00, 0x00, 0x01, 0xFF, 0x80, 0x00, 0x07, 0x80, 0x00, 0x00,
  0x1C, 0x00, 0xC4, 0x00, 0x00, 0x06, 0x20, 0x0C, 0x30, 0x00, 0x00, 0xC3,
  0x00, 0x81, 0x80, 0x00, 0x18, 0x30, 0x18, 0x0C, 0x00, 0x03, 0x01, 0x01,
  0x98, 0x40, 0x00, 0x63, 0x18, 0x19, 0xC2, 0x7F, 0xEC, 0x71, 0x81, 0x9E,
  0x1F, 0xBF, 0x8F, 0x18, 0x19, 0xF0, 0xFB, 0xE0, 0xF1, 0x81, 0x9F, 0x07,
  0xBE, 0x1F, 0x18, 0x19, 0xC0, 0x7B, 0xC0, 0x71, 0x81, 0x98, 0x03, 0x9C,
  0x03, 0x30, 0x09, 0x00, 0x11, 0x00, 0x23, 0x00, 0xC0, 0x00, 0x00, 0x00,
  0x30, 0x0C, 0x00, 0x00, 0x00, 0x03, 0x00, 0x40, 0x00, 0x00, 0x00, 0x60,
  0x04, 0x00, 0x00, 0x00, 0x06, 0x0C, 0xC0, 0xF0, 0x01, 0xE0, 0x66, 0x3C,
  0x19, 0xC0, 0x33, 0x03, 0xC0, 0xE3, 0x0C, 0x06, 0x18, 0xF0, 0x0E, 0x00,
  0x00, 0x00, 0x0F, 0x00, 0xC0, 0x00, 0x00, 0x00, 0x30, 0xFE, 0x00, 0x0F,
  0x00, 0x07, 0xF1, 0xE0, 0x00, 0xF0, 0x00, 0xF8, 0x0C, 0x00, 0x06, 0x00,
  0x03, 0x00, 0xC0, 0x00, 0x60, 0x00, 0x60, 0x07, 0x07, 0x8F, 0x1C, 0x1E,
  0x07, 0xE0, 0xDF, 0x5E, 0xA0, 0x7E, 0x62, 0x0D, 0x24, 0x4E, 0x0C, 0xE0,
  0x30, 0xF2, 0x44, 0xE0, 0xC0, 0x01, 0x87, 0xE4, 0x7C, 0x18, 0x00, 0x0C,
  0x1F, 0xFF, 0x83, 0x00, 0x00, 0x60, 0x7F, 0xC0, 0x60, 0x00, 0x03, 0x00,
  0x00, 0x1C, 0x00, 0x00, 0x0C, 0x00, 0x03, 0x00, 0x00, 0x00, 0x38, 0x01,
  0xC0, 0x00, 0x00, 0x00, 0x7F, 0xE0, 0x00, 0x00, 0x03, 0xC0, 0x00, 0x00,
  0x1E, 0x00, 0x23, 0x00, 0x00, 0x01, 0x10, 0x01, 0x0E, 0x00, 0x00, 0x30,
  0xC0, 0x10, 0x38, 0x00, 0x03, 0x06, 0x00, 0x80, 0xC0, 0x00, 0x30, 0x18,
  0x04, 0x63, 0x00, 0x01, 0x0C, 0xC0, 0x23, 0x8C, 0xFF, 0x90, 0xE6, 0x01,
  0x1E, 0x3F, 0xBF, 0x0F, 0x30, 0x08, 0xF8, 0x7D, 0xF0, 0x79, 0x80, 0x47,
  0xC1, 0xEF, 0x87, 0xCC, 0x02, 0x38, 0x0F, 0x78, 0x0E, 0x60, 0x19, 0x80,
  0x39, 0xC0, 0x32, 0x00, 0xC8, 0x00, 0x88, 0x01, 0x30, 0x02, 0x00, 0x00,
  0x00, 0x01, 0x80, 0x10, 0x00, 0x00, 0x00, 0x0C, 0x00, 0xC0, 0x00, 0x00,
  0x00, 0x40, 0x06, 0x00, 0x00, 0x00, 0x02, 0x03, 0x30, 0x3C, 0x00, 0x78,
  0x11, 0x8F, 0x03, 0x38, 0x06, 0x60, 0xF8, 0x1E, 0x30, 0xC0, 0x61, 0x8F,
  0x00, 0xF0, 0x00, 0x00, 0x00, 0x70, 0x06, 0x00, 0x00, 0x00, 0x01, 0x83,
  0xF3, 0xC0, 0x1E, 0x01, 0xFF, 0xE3, 0xFE, 0x00, 0xF0, 0x0F, 0xF0, 0x0E,
  0x30, 0x03, 0x00, 0x63, 0x80, 0xC1, 0x00, 0x18, 0x01, 0x06, 0x0E, 0x08,
  0xF1, 0xE3, 0x88, 0x38, 0x60, 0xCD, 0xF5, 0xEA, 0x60, 0xC3, 0x06, 0x69,
  0x22, 0x71, 0x06, 0x18, 0x21, 0xC9, 0x13, 0x88, 0x30, 0x63, 0x0F, 0x48,
  0xB8, 0x23, 0x01, 0xF8, 0x1F, 0xFF, 0x03, 0xF0, 0x00, 0x60, 0x1F, 0xC0,
  0x30, 0x00, 0x01, 0xC0, 0x00, 0x07, 0x00, 0x00, 0x03, 0x80, 0x00, 0xE0,
  0x00, 0x00, 0x07, 0x80, 0x3C, 0x00, 0x00, 0x00, 0x07, 0xFF, 0x00, 0x00,
  0x00, 0x07, 0x80, 0x00, 0x00, 0x1C, 0x00, 0xC4, 0x00, 0x00, 0x06, 0x20,
  0x0C, 0x30, 0x00, 0x00, 0xC3, 0x01, 0x81, 0x80, 0x00, 0x18, 0x30, 0x18,
  0x0C, 0x00, 0x03, 0x01, 0x01, 0x98, 0x40, 0x00, 0x63, 0x18, 0x19, 0xC2,
  0x7F, 0xEC, 0x71, 0x81, 0x9E, 0x1F, 0xBF, 0x8F, 0x18, 0x19, 0xF0, 0xFB,
  0xE1, 0xF1, 0x81, 0x9F, 0x07, 0xBC, 0x1F, 0x18, 0x19, 0xC0, 0x7B, 0xC0,
  0x71, 0x81, 0x98, 0x03, 0x18, 0x03, 0x30, 0x0D, 0x00, 0x00, 0x00, 0x23,
  0x00, 0xC0, 0x00, 0x00, 0x00, 0x30, 0x0C, 0x00, 0x00, 0x00, 0x06, 0x00,
  0x40, 0x00, 0x00, 0x00, 0x60, 0x04, 0x07, 0x00, 0x1C, 0x06, 0x00, 0xC0,
  0x70, 0x01, 0xC0, 0x30, 0x0C, 0x0F, 0x80, 0x3E, 0x03, 0x0F, 0xE0, 0x70,
  0x01, 0xC0, 0x7F, 0x0F, 0x07, 0x00, 0x1C, 0x1F, 0x00, 0xC0, 0x00, 0xE0,
  0x00, 0x30, 0x0C, 0x00, 0x0E, 0x00, 0x03, 0x07, 0xF0, 0x00, 0xE0, 0x01,
  0xFE, 0xCC, 0x00, 0x04, 0x00, 0x03, 0x30, 0xC0, 0x30, 0xE1, 0x80, 0x60,
  0x04, 0x81, 0xF1, 0xF0, 0x26, 0x00, 0x78, 0x06, 0x0C, 0x03, 0xE0, 0x1E,
  0x00, 0x31, 0x80, 0x0F, 0x83, 0x30, 0x01, 0xF0, 0x00, 0xDC, 0x01, 0x80,
  0x00, 0x00, 0x18, 0x00, 0x0C, 0x00, 0x00, 0x03, 0x00, 0x00, 0x60, 0x00,
  0x00, 0x60, 0x00, 0x03, 0x00, 0x00, 0x1C, 0x00, 0x00, 0x0C, 0x00, 0x03,
  0x00, 0x00, 0x00, 0x38, 0x03, 0xC0, 0x00, 0x00, 0x00, 0x7F, 0xE0, 0x00,
  0x00, 0x07, 0x80, 0x00, 0x00, 0x1C, 0x00, 0xC4, 0x00, 0x00, 0x06, 0x20,
  0x0C, 0x30, 0x00, 0x00, 0xC3, 0x00, 0x81, 0x80, 0x00, 0x18, 0x30, 0x18,
  0x0C, 0x00, 0x03, 0x01, 0x01, 0x98, 0x40, 0x00, 0x61, 0x98, 0x19, 0xC2,
  0x7F, 0xEC, 0x39, 0x81, 0x9E, 0x1F, 0x9F, 0x87, 0x98, 0x19, 0xF0, 0x79,
  0xE0, 0xF9, 0x81, 0x9F, 0x07, 0x9E, 0x0F, 0x98, 0x19, 0xE0, 0x39, 0xC0,
  0x79, 0x81, 0x98, 0x03, 0x0C, 0x01, 0x90, 0x08, 0x80, 0x00, 0x00, 0x13,
  0x00, 0xC0, 0x3C, 0x03, 0xC0, 0x30, 0x0C, 0x7F, 0xE0, 0x7F, 0xE3, 0x00,
  0x47, 0xFE, 0x07, 0xFE, 0x20, 0x04, 0xFF, 0xE0, 0x7F, 0xF6, 0x00, 0x4F,
  0xFE, 0x07, 0xFF, 0x20, 0x0C, 0x7F, 0xE0, 0x7F, 0xE3, 0x00, 0xC7, 0xFC,
  0x03, 0xFE, 0x30, 0xFE, 0x3F, 0x80, 0x1F, 0xC7, 0xF0, 0xF0, 0xF0, 0x00,
  0xF0, 0xF0, 0x0C, 0x00, 0x0F, 0x00, 0x03, 0x00, 0xC0, 0x00, 0xF0, 0x00,
  0x30, 0x1F, 0x00, 0x06, 0x00, 0x0F, 0x8F, 0xF0, 0x10, 0xF0, 0x80, 0xFF,
  0x04, 0x01, 0xF9, 0xF8, 0x06, 0x00, 0x78, 0x06, 0x06, 0x01, 0xE0, 0x0F,
  0x80, 0x30, 0xC0, 0x1F, 0x03, 0xB0, 0x00, 0xF0, 0x00, 0xDC, 0x31, 0x80,
  0x00, 0x00, 0x18, 0x80, 0x0C, 0x00, 0x00, 0x03, 0x00, 0x00, 0x60, 0x00,
  0x00, 0x60, 0x00, 0x03, 0x00, 0x00, 0x0C, 0x00, 0x00, 0x0C, 0x00, 0x03,
  0x00, 0x00, 0x00, 0x38, 0x01, 0xC0, 0x00, 0x00, 0x00, 0x7F, 0xE0, 0x00,
  0x00, 0x07, 0x80, 0x00, 0x00, 0x1C, 0x00, 0xC4, 0x00, 0x00, 0x06, 0x20,
  0x0C, 0x30, 0x00, 0x00, 0xC3, 0x00, 0x81, 0x80, 0x00, 0x18, 0x30, 0x18,
  0x0C, 0x00, 0x03, 0x01, 0x01, 0x98, 0x40, 0x00, 0x63, 0x18, 0x19, 0xC2,
  0x7F, 0xEC, 0x71, 0x81, 0x9E, 0x1F, 0xBF, 0x8F, 0x18, 0x19, 0xF0, 0xFB,
  0xE1, 0xF1, 0x81, 0x9F, 0x07, 0xBC, 0x1F, 0x18, 0x19, 0xE0, 0x7B, 0xC0,
  0xF1, 0x81, 0x9C, 0x07, 0xBC, 0x07, 0x10, 0x08, 0x80, 0x31, 0x80, 0x23,
  0x00, 0xC0, 0x00, 0x00, 0x00, 0x30, 0x0C, 0x00, 0x00, 0x00, 0x03, 0x00,
  0xC0, 0x00, 0x00, 0x00, 0x60, 0x04, 0x00, 0x00, 0x00, 0x06, 0x00, 0x40,
  0x60, 0x00, 0xC0, 0x60, 0x0C, 0x0F, 0x00, 0x1E, 0x03, 0x00, 0xC0, 0xF0,
  0x01, 0xE0, 0x30, 0xFE, 0x07, 0x00, 0x1C, 0x0F, 0xF0, 0xF0, 0x00, 0x00,
  0x00, 0xF0, 0x0C, 0x00, 0x0E, 0x00, 0x03, 0x07, 0xF0, 0x00, 0xE0, 0x01,
  0xFE, 0xCC, 0x00, 0x04, 0x08, 0x03, 0x30, 0xC0, 0x00, 0x41, 0x80, 0x30,
  0x04, 0x80, 0x04, 0x10, 0x26, 0x00, 0x78, 0x00, 0xFF, 0x03, 0xE0, 0x0E,
  0x00, 0x78, 0x80, 0x0F, 0x03, 0xB0, 0x00, 0x00, 0x00, 0xF8, 0x31, 0x80,
  0x08, 0x00, 0x18, 0xC0, 0x08, 0x00, 0x70, 0x03, 0x00, 0x00, 0x60, 0x00,
  0x00, 0x60, 0x00, 0x03, 0x00, 0x00, 0x0C, 0x00, 0x00, 0x1C, 0x00, 0x03,
  0x80, 0x00, 0x00, 0x78, 0x01, 0xC0, 0x00, 0x00, 0x00, 0x7F, 0xE0, 0x00,
  0x00, 0x07, 0x80, 0x00, 0x00, 0x1C, 0x00, 0xC4, 0x00, 0x00, 0x06, 0x20,
  0x0C, 0x30, 0x00, 0x00, 0xC3, 0x00, 0x81, 0x80, 0x00, 0x18, 0x30, 0x18,
  0x0C, 0x00, 0x03, 0x01, 0x01, 0x98, 0x40, 0x00, 0x61, 0x98, 0x19, 0xC2,
  0x7F, 0xEC, 0x39, 0x81, 0x9E, 0x1F, 0x9F, 0x87, 0x98, 0x19, 0xF0, 0xF9,
  0xF0, 0xF9, 0x81, 0x9F, 0x07, 0x9E, 0x0F, 0x98, 0x19, 0xC0, 0x79, 0xE0,
  0x39, 0x81, 0x98, 0x03, 0x9C, 0x01, 0x90, 0x09, 0x00, 0x10, 0x80, 0x13,
  0x00, 0xC0, 0x00, 0x00, 0x00, 0x30, 0x0C, 0x00, 0x00, 0x00, 0x03, 0x00,
  0x40, 0x00, 0x00, 0x00, 0x20, 0x04, 0x00, 0x00, 0x00, 0x02, 0x0C, 0xC0,
  0xF0, 0x00, 0xF0, 0x22, 0x7C, 0x19, 0x80, 0x11, 0x83, 0xC1, 0xE3, 0x0C,
  0x02, 0x0C, 0x70, 0x0E, 0x00, 0x00, 0x00, 0x87, 0x00, 0xC0, 0x00, 0x00,
  0x00, 0x30, 0xFC, 0x00, 0x0F, 0x00, 0x03, 0xFF, 0xE0, 0x00, 0xF0, 0x00,
  0x7F, 0x0E, 0x00, 0x07, 0x00, 0x07, 0x00, 0xC0, 0x00, 0x1C, 0x00, 0x60,
  0x07, 0x00, 0x00, 0xC0, 0x0E, 0x07, 0xE0, 0x00, 0x18, 0x00, 0x7C, 0x62,
  0x00, 0x00, 0xC0, 0x0C, 0x60, 0x30, 0x00, 0x0C, 0x00, 0xC0, 0x01, 0x80,
  0x03, 0x80, 0x18, 0x00, 0x0C, 0x00, 0x00, 0x03, 0x00, 0x00, 0x60, 0x00,
  0x00, 0x60, 0x00, 0x03, 0x00, 0x00, 0x1C, 0x00, 0x00, 0x0C, 0x00, 0x03,
  0x00, 0x00, 0x00, 0x38, 0x01, 0xC0, 0x00, 0x00, 0x00, 0x7F, 0xE0, 0x00,
  0x00, 0x03, 0x80, 0x00, 0x00, 0x1C, 0x00, 0x7C, 0x00, 0x00, 0x07, 0xE0,
  0x0F, 0xE0, 0x00, 0x00, 0x5F, 0x00, 0xDA, 0x00, 0x00, 0x0D, 0xB0, 0x1D,
  0x90, 0x00, 0x01, 0x9B, 0x01, 0x99, 0x80, 0x00, 0x31, 0x98, 0x19, 0x8F,
  0xFF, 0xFE, 0x19, 0x81, 0x98, 0x3F, 0x9F, 0xC1, 0x98, 0x18, 0x80, 0xFB,
  0xE0, 0x31, 0x81, 0x8C, 0x0F, 0x9E, 0x03, 0x18, 0x18, 0x40, 0x79, 0xC0,
  0x21, 0x81, 0x86, 0x07, 0x9C, 0x06, 0x10, 0x0D, 0x80, 0x31, 0x80, 0x33,
  0x00, 0xD0, 0x00, 0x00, 0x01, 0xB0, 0x0F, 0x00, 0x00, 0x00, 0x0F, 0x00,
  0x60, 0x00, 0x00, 0x00, 0x60, 0x06, 0x00, 0x00, 0x00, 0x06, 0x00, 0xC0,
  0xC0, 0x00, 0x60, 0x72, 0xFC, 0x0F, 0x00, 0x1E, 0x03, 0xE3, 0xC0, 0xF0,
  0x01, 0xE0, 0x3C, 0x0F, 0x0F, 0x00, 0x1E, 0x0F, 0x00, 0xF0, 0x20, 0x00,
  0x80, 0xF0, 0xEC, 0x00, 0x0F, 0x00, 0x03, 0x7F, 0xF0, 0x00, 0xF0, 0x00,
  0xFF, 0x0F, 0x00, 0x0F, 0x00, 0x0F, 0x00, 0xC0, 0x00, 0x60, 0x00, 0x20,
  0x07, 0x00, 0x06, 0x00, 0x0E, 0x03, 0xE0, 0x01, 0xF0, 0x00, 0x78, 0x72,
  0x00, 0x7F, 0xC0, 0x0C, 0xE0, 0x30, 0x1C, 0x07, 0x00, 0xC2, 0x01, 0x81,
  0x00, 0x10, 0x18, 0x00, 0x0C, 0x00, 0x00, 0x03, 0x00, 0x00, 0x60, 0x00,
  0x00, 0x60, 0x00, 0x03, 0x00, 0x00, 0x0C, 0x00, 0x00, 0x0C, 0x00, 0x03,
  0x00, 0x00, 0x00, 0x38, 0x01, 0xC0, 0x00, 0x00, 0x00, 0x7F, 0xE0, 0x00,
  0x00, 0x1F, 0x00, 0x00, 0x00, 0x0F, 0x03, 0x0C, 0x00, 0x00, 0x07, 0x08,
  0x30, 0x30, 0x00, 0x01, 0xC0, 0x83, 0x00, 0xC0, 0x00, 0x30, 0x0C, 0x32,
  0x02, 0x00, 0x0C, 0x08, 0xC3, 0x3C, 0x1F, 0xFF, 0x83, 0x88, 0x33, 0xF0,
  0xF9, 0xF0, 0xF8, 0x81, 0x9F, 0x0F, 0x9E, 0x1F, 0x18, 0x19, 0xE0, 0x79,
  0xE0, 0xF1, 0x01, 0x8C, 0x07, 0x9E, 0x06, 0x30, 0x0C, 0x80, 0x39, 0xC0,
  0x22, 0x00, 0xC0, 0x01, 0x08, 0x00, 0x60, 0x04, 0x00, 0x00, 0x00, 0x04,
  0x00, 0x60, 0x00, 0x00, 0x00, 0xC0, 0x04, 0x00, 0x00, 0x00, 0x06, 0x00,
  0x40, 0x70, 0x01, 0xC0, 0x60, 0x0C, 0x0F, 0x00, 0x1E, 0x06, 0x00, 0x80,
  0xF0, 0x01, 0xE0, 0x30, 0x0A, 0x0F, 0x00, 0x0E, 0x0B, 0x01, 0xE0, 0x00,
  0x00, 0x00, 0xF8, 0xF8, 0x00, 0x0F, 0x00, 0x03, 0xEC, 0x80, 0x00, 0xF0,
  0x00, 0x37, 0x0F, 0x00, 0x0E, 0x00, 0x0F, 0x01, 0xE0, 0x80, 0x60, 0x00,
  0x70, 0x3C, 0x1C, 0x06, 0x00, 0x07, 0x86, 0x51, 0xC0, 0xE0, 0x01, 0x6C,
  0x47, 0x36, 0x1F, 0x80, 0x1E, 0x60, 0x63, 0x63, 0x1C, 0x00, 0xC0, 0x07,
  0x63, 0x20, 0xC0, 0x0E, 0x00, 0xD4, 0x30, 0x00, 0x01, 0xB0, 0x09, 0xC1,
  0x80, 0x00, 0x33, 0x00, 0x8C, 0x18, 0x00, 0x06, 0x00, 0x00, 0xC1, 0x80,
  0x01, 0xC0, 0x00, 0x04, 0x10, 0x00, 0x30, 0x00, 0x00, 0x7F, 0x80, 0x3C,
  0x00, 0x00, 0x01, 0xCF, 0xFE, 0x00, 0x00, 0x03, 0x80, 0x00, 0x00, 0x3C,
  0x00, 0x64, 0x00, 0x00, 0x06, 0x60, 0x0C, 0x60, 0x00, 0x00, 0x43, 0x00,
  0xC2, 0x00, 0x00, 0x08, 0x30, 0x18, 0x10, 0x00, 0x01, 0x81, 0x01, 0x91,
  0x80, 0x00, 0x31, 0x18, 0x19, 0x8E, 0xFF, 0xE6, 0x31, 0x81, 0x9C, 0x7F,
  0xBF, 0xC7, 0x18, 0x19, 0xE0, 0xFB, 0xE0, 0xF1, 0x81, 0x9F, 0x0F, 0xBE,
  0x1F, 0x18, 0x19, 0xE0, 0x7B, 0xC0, 0xF1, 0x81, 0x9C, 0x07, 0xBC, 0x07,
  0x10, 0x08, 0x80, 0x31, 0x80, 0x23, 0x00, 0xC1, 0xF8, 0x03, 0xF0, 0x30,
  0x0C, 0x38, 0xC0, 0x63, 0x83, 0x00, 0x43, 0x04, 0x04, 0x18, 0x60, 0x04,
  0x20, 0x60, 0xC0, 0x86, 0x04, 0x43, 0x06, 0x0C, 0x18, 0x62, 0xFC, 0x30,
  0xC0, 0x61, 0x83, 0xE3, 0xC1, 0xFC, 0xE7, 0xF0, 0x78, 0x0E, 0x0F, 0x0E,
  0x1E, 0x0F, 0x00, 0xC0, 0x00, 0x60, 0x00, 0x30, 0xFC, 0x3E, 0x06, 0x0F,
  0x87, 0xF3, 0xE7, 0x38, 0x63, 0xDC, 0xF8, 0x0C, 0x61, 0x86, 0x30, 0xC3,
  0x00, 0xC4, 0x0C, 0x66, 0x04, 0x70, 0x0F, 0xC0, 0xCE, 0x60, 0x7E, 0x03,
  0xEC, 0x0C, 0xF6, 0x06, 0x7C, 0x66, 0x40, 0xDF, 0x60, 0x4C, 0xE0, 0x34,
  0x0D, 0xF6, 0x04, 0xC0, 0x01, 0xC0, 0x9F, 0x20, 0x58, 0x00, 0x1E, 0x09,
  0xF2, 0x0F, 0x00, 0x00, 0xE1, 0x8E, 0x30, 0xE0, 0x00, 0x06, 0x18, 0x03,
  0x0C, 0x00, 0x00, 0x41, 0x00, 0x10, 0x40, 0x00, 0x0C, 0x30, 0x01, 0x86,
  0x00, 0x00, 0xC3, 0xFF, 0xF8, 0x60, 0x00, 0x18, 0x37, 0xFD, 0x83, 0x00,
  0x00, 0x01, 0xFF, 0x80, 0x00, 0x00, 0x0F, 0x00, 0xF0, 0x00, 0x00, 0x38,
  0x00, 0x1C, 0x00, 0x00, 0x60, 0x00, 0x06, 0x00, 0x01, 0xC0, 0x00, 0x03,
  0x80, 0x03, 0x00, 0x00, 0x00, 0xC0, 0x06, 0x00, 0x00, 0x00, 0x60, 0x0C,
  0x00, 0x00, 0x00, 0x30, 0x1C, 0x00, 0x00, 0x00, 0x38, 0x18, 0x00, 0x00,
  0x00, 0x18, 0x30, 0x00, 0x00, 0x00, 0x0C, 0x30, 0x00, 0x00, 0x00, 0x0C,
  0x60, 0x00, 0x00, 0x00, 0x06, 0x60, 0x0E, 0x00, 0x38, 0x06, 0x60, 0x1F,
  0x00, 0x7C, 0x06, 0xC0, 0x1F, 0x00, 0x7C, 0x03, 0xC0, 0x1F, 0x00, 0x7C,
  0x03, 0xC0, 0x0E, 0x00, 0x38, 0x03, 0xC0, 0x00, 0x00, 0x00, 0x03, 0xC0,
  0x00, 0x00, 0x00, 0x03, 0xC0, 0x00, 0x00, 0x00, 0x03, 0xC0, 0x00, 0x00,
  0x00, 0x03, 0xC0, 0x00, 0x00, 0x00, 0x03, 0xC0, 0x00, 0x00, 0x00, 0x03,
  0x60, 0x00, 0x00, 0x00, 0x06, 0x60, 0x00, 0x00, 0x00, 0x06, 0x60, 0x00,
  0xFF, 0x80, 0x06, 0x30, 0x07, 0x80, 0xF0, 0x0C, 0x30, 0x0C, 0x00, 0x18,
  0x0C, 0x18, 0x08, 0x00, 0x08, 0x18, 0x1C, 0x00, 0x00, 0x00, 0x38, 0x0C,
  0x00, 0x00, 0x00, 0x30, 0x06, 0x00, 0x00, 0x00, 0x60, 0x03, 0x00, 0x00,
  0x00, 0xC0, 0x01, 0x80, 0x00, 0x01, 0x80, 0x00, 0xE0, 0x00, 0x06, 0x00,
  0x00, 0x38, 0x00, 0x1C, 0x00, 0x00, 0x0F, 0x00, 0xF0, 0x00, 0x00, 0x01,
  0xFF, 0x80, 0x00, 0x00, 0x01, 0xFF, 0x80, 0x00, 0x00, 0x0F, 0x00, 0xF0,
  0x00, 0x00, 0x38, 0x00, 0x1C, 0x00, 0x00, 0x60, 0x00, 0x06, 0x00, 0x01,
  0xC0, 0x00, 0x03, 0x80, 0x03, 0x00, 0x00, 0x00, 0xC0, 0x06, 0x00, 0x00,
  0x00, 0x60, 0x0C, 0x00, 0x00, 0x00, 0x30, 0x1C, 0x00, 0x00, 0x00, 0x38,
  0x18, 0x00, 0x00, 0x00, 0x18, 0x30, 0x00, 0x00, 0x00, 0x0C, 0x30, 0x00,
  0x00, 0x00, 0x0C, 0x60, 0x00, 0x00, 0x00, 0x06, 0x60, 0x0E, 0x00, 0x38,
  0x06, 0x60, 0x1F, 0x00, 0x7C, 0x06, 0xC0, 0x1F, 0x00, 0x7C, 0x03, 0xC0,
  0x1F, 0x00, 0x7C, 0x03, 0xC0, 0x0E, 0x00, 0x38, 0x03, 0xC0, 0x00, 0x00,
  0x00, 0x03, 0xC0, 0x00, 0x00, 0x00, 0x03, 0xC0, 0x00, 0x00, 0x00, 0x03,
  0xC0, 0x00, 0x00, 0x00, 0x03, 0xC0, 0x00, 0x00, 0x00, 0x03, 0xC0, 0x00,
  0x00, 0x00, 0x03, 0x60, 0x00, 0x00, 0x00, 0x06, 0x60, 0x08, 0x00, 0x08,
  0x06, 0x60, 0x0C, 0x00, 0x18, 0x06, 0x30, 0x07, 0x80, 0xF0, 0x0C, 0x30,
  0x00, 0xFF, 0x80, 0x0C, 0x18, 0x00, 0x00, 0x00, 0x18, 0x1C, 0x00, 0x00,
  0x00, 0x38, 0x0C, 0x00, 0x00, 0x00, 0x30, 0x06, 0x00, 0x00, 0x00, 0x60,
  0x03, 0x00, 0x00, 0x00, 0xC0, 0x01, 0x80, 0x00, 0x01, 0x80, 0x00, 0xE0,
  0x00, 0x06, 0x00, 0x00, 0x38, 0x00, 0x1C, 0x00, 0x00, 0x0F, 0x00, 0xF0,
  0x00, 0x00, 0x01, 0xFF, 0x80, 0x00, 0x00, 0x01, 0xFF, 0x80, 0x00, 0x00,
  0x0F, 0x00, 0xF0, 0x00, 0x00, 0x38, 0x00, 0x1C, 0x00, 0x00, 0x60, 0x00,
  0x06, 0x00, 0x01, 0xC0, 0x00, 0x03, 0x80, 0x03, 0x00, 0x00, 0x00, 0xC0,
  0x06, 0x00, 0x00, 0x00, 0x60, 0x0C, 0x00, 0x00, 0x00, 0x30, 0x1C, 0x00,
  0x00, 0x00, 0x38, 0x18, 0x00, 0x00, 0x00, 0x18, 0x30, 0x00, 0xFF, 0x80,
  0x0C, 0x30, 0x07, 0x80, 0xF0, 0x0C, 0x60, 0x0E, 0x00, 0x38, 0x06, 0x60,
  0x08, 0x00, 0x08, 0x06, 0x60, 0x00, 0x00, 0x00, 0x06, 0xC0, 0x00, 0x00,
  0x00, 0x03, 0xC0, 0x00, 0x00, 0x00, 0x03, 0xC0, 0x00, 0x00, 0x00, 0x03,
  0xC0, 0x00, 0x00, 0x00, 0x03, 0xC0, 0x00, 0x00, 0x00, 0x03, 0xC0, 0x00,
  0x00, 0x00, 0x03, 0xC0, 0x00, 0x00, 0x00, 0x03, 0xC0, 0x0E, 0x00, 0x38,
  0x03, 0xC0, 0x1F, 0x00, 0x7C, 0x03, 0x60, 0x1F, 0x00, 0x7C, 0x06, 0x60,
  0x1F, 0x00, 0x7C, 0x06, 0x60, 0x0E, 0x00, 0x38, 0x06, 0x30, 0x00, 0x00,
  0x00, 0x0C, 0x30, 0x00, 0x00, 0x00, 0x0C, 0x18, 0x00, 0x00, 0x00, 0x18,
  0x1C, 0x00, 0x00, 0x00, 0x38, 0x0C, 0x00, 0x00, 0x00, 0x30, 0x06, 0x00,
  0x00, 0x00, 0x60, 0x03, 0x00, 0x00, 0x00, 0xC0, 0x01, 0x80, 0x00, 0x01,
  0x80, 0x00, 0xE0, 0x00, 0x06, 0x00, 0x00, 0x38, 0x00, 0x1C, 0x00, 0x00,
  0x0F, 0x00, 0xF0, 0x00, 0x00, 0x01, 0xFF, 0x80, 0x00, 0x00, 0x01, 0xFF,
  0x80, 0x00, 0x00, 0x0F, 0x00, 0xF0, 0x00, 0x00, 0x38, 0x00, 0x1C, 0x00,
  0x00, 0x60, 0x00, 0x06, 0x00, 0x01, 0xC0, 0x00, 0x03, 0x80, 0x03, 0x00,
  0x00, 0x00, 0xC0, 0x06, 0x00, 0x00, 0x00, 0x60, 0x0C, 0x00, 0x00, 0x00,
  0x30, 0x1C, 0x00, 0x00, 0x00, 0x38, 0x18, 0x00, 0x00, 0x00, 0x18, 0x30,
  0x00, 0x00, 0x00, 0x0C, 0x30, 0x00, 0x00, 0x00, 0x0C, 0x60, 0x3E, 0x00,
  0x7E, 0x06, 0x60, 0xFF, 0x80, 0xFF, 0x06, 0x60, 0xFF, 0x81, 0xFD, 0x86,
  0xC1, 0x9E, 0xC3, 0x3C, 0xC3, 0xC1, 0x9C, 0xC3, 0x38, 0xC3, 0xC1, 0x80,
  0xC3, 0x00, 0xC3, 0xC1, 0x80, 0xC3, 0x00, 0xC3, 0xC1, 0x80, 0xC3, 0x00,
  0xC3, 0xC0, 0xC1, 0x81, 0x81, 0x83, 0xC0, 0x63, 0x00, 0xC3, 0x03, 0xC0,
  0x3E, 0x00, 0x7C, 0x03, 0xC0, 0x00, 0x00, 0x00, 0x03, 0x60, 0x00, 0x00,
  0x00, 0x06, 0x60, 0x00, 0x00, 0x00, 0x06, 0x60, 0x00, 0x00, 0x00, 0x06,
  0x30, 0x00, 0x00, 0x00, 0x0C, 0x30, 0x00, 0x00, 0x00, 0x0C, 0x18, 0x00,
  0x00, 0x00, 0x18, 0x1C, 0x00, 0x00, 0x00, 0x38, 0x0C, 0x01, 0xFF, 0x80,
  0x30, 0x06, 0x00, 0x00, 0x00, 0x60, 0x03, 0x00, 0x00, 0x00, 0xC0, 0x01,
  0x80, 0x00, 0x01, 0x80, 0x00, 0xE0, 0x00, 0x06, 0x00, 0x00, 0x38, 0x00,
  0x1C, 0x00, 0x00, 0x0F, 0x00, 0xF0, 0x00, 0x00, 0x01, 0xFF, 0x80, 0x00,
  0x00, 0x00, 0x7F, 0xF8, 0x00, 0x00, 0x00, 0x0F, 0x00, 0xF0, 0x00, 0x00,
  0x00, 0xC0, 0x01, 0xC0, 0x00, 0x00, 0x0C, 0x00, 0x03, 0x00, 0x00, 0x00,
  0xC0, 0x00, 0x0C, 0x00, 0x00, 0x0C, 0x00, 0x00, 0x30, 0x00, 0x00, 0xC0,
  0x00, 0x00, 0xC0, 0x00, 0x0C, 0x00, 0x00, 0x06, 0x00, 0x00, 0x60, 0x00,
  0x00, 0x18, 0x00, 0x06, 0x07, 0x00, 0xC0, 0x60, 0x00, 0x20, 0x38, 0x0F,
  0x03, 0x00, 0x03, 0x01, 0xC0, 0x78, 0x0C, 0x00, 0x30, 0x0E, 0x01, 0x80,
  0x20, 0x01, 0x00, 0x00, 0x00, 0x01, 0x80, 0x18, 0x00, 0x00, 0x00, 0x06,
  0x01, 0x8F, 0x80, 0xE0, 0x1F, 0x18, 0x18, 0xC7, 0x07, 0x87, 0x8C, 0x60,
  0x84, 0x06, 0x3C, 0x60, 0x23, 0x0C, 0x30, 0x1C, 0xCE, 0x03, 0x0C, 0xC0,
  0xC0, 0x30, 0xC0, 0x30, 0x26, 0x03, 0x00, 0xCC, 0x03, 0x01, 0xA0, 0x0E,
  0x03, 0xC0, 0x70, 0x0D, 0x00, 0x38, 0x0C, 0x06, 0x00, 0x38, 0x00, 0x60,
  0x38, 0x60, 0x01, 0xC0, 0x01, 0x80, 0x76, 0x00, 0x0A, 0x08, 0x0E, 0x01,
  0xE0, 0x00, 0x50, 0x7F, 0xDC, 0x03, 0xFF, 0x06, 0xC0, 0x70, 0x30, 0x03,
  0xF0, 0x36, 0x00, 0x00, 0xC0, 0x00, 0x03, 0x18, 0x00, 0x03, 0x00, 0x00,
  0x18, 0x60, 0x00, 0x1E, 0x00, 0x03, 0x81, 0xE0, 0x07, 0x9C, 0x00, 0x78,
  0x03, 0xFF, 0xF0, 0x3F, 0xFF, 0x00, 0x01, 0xF0, 0x00, 0x1F, 0x80, 0x00,
  0x00, 0x38, 0x00, 0x07, 0x00, 0x00, 0x1A, 0xF0, 0x3F, 0x60, 0x00, 0x04,
  0xE6, 0x1B, 0x88, 0x00, 0x03, 0x00, 0xCC, 0x02, 0x00, 0x00, 0xC0, 0x32,
  0x00, 0xC0, 0x00, 0x20, 0x0C, 0xC0, 0x30, 0x00, 0x18, 0x06, 0x18, 0x06,
  0x00, 0x18, 0x07, 0x03, 0x00, 0xC0, 0x0C, 0x07, 0x80, 0x70, 0x18, 0x06,
  0x03, 0x00, 0x07, 0x03, 0x01, 0x03, 0x80, 0x00, 0x60, 0x60, 0xC1, 0x80,
  0x00, 0x04, 0x0C, 0x20, 0xC1, 0xFF, 0xE0, 0x81, 0x18, 0x21, 0xE0, 0x1E,
  0x30, 0x64, 0x19, 0xC0, 0x01, 0xC6, 0x0B, 0x04, 0xC0, 0x00, 0x18, 0x82,
  0x83, 0x60, 0x00, 0x01, 0xB0, 0xE0, 0xB0, 0x00, 0x00, 0x2C, 0x38, 0x28,
  0x00, 0x00, 0x0D, 0x06, 0x1E, 0x00, 0x00, 0x01, 0xC1, 0x87, 0x03, 0x80,
  0x60, 0x30, 0x61, 0x80, 0xE0, 0x3C, 0x0C, 0x18, 0x60, 0x38, 0x0F, 0x01,
  0x06, 0x00, 0x06, 0x01, 0x80, 0x01, 0x80, 0x00, 0x00, 0x00, 0x00, 0x60,
  0x00, 0x00, 0x00, 0x00, 0x3C, 0x00, 0x10, 0x00, 0x00, 0x0B, 0x00, 0x06,
  0x01, 0x80, 0x02, 0x40, 0x00, 0xFF, 0xC0, 0x01, 0x98, 0x00, 0x0F, 0xC0,
  0x00, 0x43, 0x00, 0x00, 0x00, 0x00, 0x30, 0x40, 0x00, 0x00, 0x00, 0x18,
  0x18, 0x00, 0x00, 0x00, 0x0C, 0x03, 0x00, 0x00, 0x00, 0x07, 0x00, 0x70,
  0x00, 0x00, 0x03, 0x00, 0x07, 0x00, 0x00, 0x03, 0x80, 0x00, 0xF0, 0x00,
  0x03, 0x80, 0x00, 0x0F, 0xC0, 0x0F, 0x80, 0x00, 0x00, 0x7F, 0xFF, 0x80,
  0x00, 0x00, 0x00, 0x30, 0x00, 0x00, 0x00, 0x00, 0x80, 0x03, 0x00, 0x00,
  0x00, 0x00, 0xC0, 0x02, 0x00, 0x00, 0x00, 0x00, 0x40, 0x02, 0x00, 0x00,
  0x00, 0x00, 0x40, 0x06, 0x00, 0x00, 0x00, 0x00, 0x60, 0x04, 0x00, 0x00,
  0x01, 0x80, 0x00, 0x00, 0x01, 0x80, 0x00, 0xC0, 0x00, 0x00, 0x03, 0x00,
  0x00, 0xC0, 0x0F, 0xE0, 0x06, 0x00, 0x00, 0x60, 0x7F, 0xFC, 0x0C, 0x00,
  0x00, 0x00, 0xE0, 0x07, 0x00, 0x00, 0x00, 0x03, 0x80, 0x01, 0xC0, 0x00,
  0x00, 0x06, 0x00, 0x00, 0xE0, 0x00, 0x00, 0x0C, 0x00, 0x00, 0x30, 0x00,
  0x00, 0x18, 0x00, 0x00, 0x18, 0x00, 0x00, 0x30, 0x00, 0x00, 0x0C, 0x00,
  0x00, 0x60, 0x00, 0x00, 0x04, 0x00, 0x00, 0xC0, 0x00, 0x00, 0x06, 0x00,
  0x01, 0xC0, 0x00, 0x00, 0x03, 0x00, 0x03, 0x00, 0x00, 0x00, 0x01, 0x80,
  0x06, 0x00, 0x00, 0x00, 0x00, 0xE0, 0x0C, 0x00, 0x00, 0x00, 0x00, 0x30,
  0x18, 0x00, 0x00, 0x00, 0x00, 0x18, 0x30, 0x01, 0xE0, 0x0F, 0x00, 0x08,
  0x20, 0x01, 0x10, 0x08, 0x80, 0x0C, 0x60, 0x00, 0x00, 0x00, 0x00, 0x06,
  0x40, 0x00, 0x00, 0x00, 0x00, 0x06, 0xC0, 0x01, 0xE0, 0x07, 0x00, 0x02,
  0xC1, 0x81, 0xE0, 0x0F, 0x81, 0x83, 0xC1, 0x00, 0xE0, 0x07, 0x00, 0x83,
  0xC1, 0x80, 0x00, 0x00, 0x01, 0x83, 0xC1, 0xE0, 0x00, 0x00, 0x0F, 0x02,
  0x40, 0x7F, 0x80, 0x03, 0xFC, 0x02, 0x60, 0x01, 0xF0, 0x0F, 0x80, 0x06,
  0x60, 0x00, 0x38, 0x18, 0x00, 0x0C, 0x38, 0x00, 0x08, 0x30, 0x00, 0x18,
  0x1E, 0x00, 0x0F, 0xF0, 0x00, 0x70, 0x07, 0xFF, 0xF8, 0x1F, 0xFF, 0xE0,
  0x00, 0x7F, 0xE0, 0x07, 0xFE, 0x00, 0x00, 0x00, 0x1F, 0xF0, 0x00, 0x00,
  0x00, 0x00, 0xC0, 0x38, 0x00, 0x00, 0x00, 0x06, 0x00, 0x0C, 0x00, 0x00,
  0x00, 0x30, 0x00, 0x06, 0x00, 0x00, 0x00, 0xC0, 0x00, 0x06, 0x00, 0x00,
  0x03, 0x00, 0x00, 0x06, 0x00, 0x00, 0x04, 0x00, 0x00, 0x04, 0x00, 0x00,
  0x10, 0xF0, 0x03, 0x84, 0x00, 0x00, 0x67, 0xF8, 0x3F, 0xCC, 0x00, 0x00,
  0xB9, 0xFF, 0xFC, 0xE8, 0x00, 0x03, 0xE7, 0xF1, 0xFC, 0xF8, 0x00, 0x07,
  0x8C, 0x36, 0x18, 0xF0, 0x00, 0x3E, 0x00, 0x28, 0x00, 0xFC, 0x01, 0x98,
  0x00, 0x70, 0x00, 0xEC, 0x06, 0x60, 0x00, 0xE0, 0x00, 0xCC, 0x09, 0x80,
  0x01, 0x40, 0x00, 0xCC, 0x17, 0x00, 0x06, 0xC0, 0x00, 0xD8, 0x3C, 0x00,
  0x18, 0xC0, 0x00, 0xF0, 0x70, 0x00, 0xEE, 0xE0, 0x01, 0xE0, 0xC0, 0x0F,
  0x9C, 0xF8, 0x01, 0x83, 0x80, 0x78, 0x00, 0x3C, 0x01, 0x86, 0x03, 0x80,
  0x00, 0x0E, 0x03, 0x1C, 0x1F, 0x07, 0xFC, 0x1F, 0x03, 0x30, 0x66, 0x3F,
  0xFE, 0x33, 0x06, 0xE1, 0xCC, 0x3F, 0xF8, 0x67, 0x07, 0x86, 0x8C, 0x1F,
  0xC1, 0x8B, 0x0F, 0x19, 0x8C, 0x00, 0x06, 0x33, 0x1E, 0x31, 0x87, 0x00,
  0x70, 0xC6, 0x1C, 0x61, 0x83, 0xFF, 0x03, 0x0C, 0x38, 0xC7, 0x80, 0x00,
  0x0F, 0x18, 0x70, 0xFD, 0xC0, 0x00, 0x77, 0xE1, 0xE1, 0xF0, 0xF0, 0x07,
  0x87, 0xC3, 0x60, 0x01, 0xBF, 0xFB, 0x00, 0x04, 0xC0, 0x06, 0x00, 0x03,
  0x00, 0x18, 0xC0, 0x18, 0x00, 0x03, 0x00, 0x60, 0xE0, 0xE0, 0x00, 0x03,
  0x83, 0x80, 0x7F, 0x00, 0x00, 0x01, 0xFC, 0x00, 0x00, 0x00, 0x1F, 0xF0,
  0x00, 0x00, 0x00, 0x01, 0xE0, 0x3C, 0x00, 0x00, 0x00, 0x06, 0x00, 0x0E,
  0x00, 0x00, 0x00, 0x30, 0x00, 0x06, 0x00, 0x00, 0x00, 0xC0, 0x00, 0x06,
  0x00, 0x00, 0x03, 0x00, 0x00, 0x06, 0x00, 0x00, 0x0C, 0x00, 0x00, 0x06,
  0x00, 0x00, 0x30, 0xF8, 0x0F, 0x86, 0x00, 0x00, 0x62, 0x1C, 0x71, 0x8C,
  0x00, 0x01, 0x8C, 0x0F, 0x81, 0x8C, 0x00, 0x0F, 0x30, 0x00, 0x01, 0x9E,
  0x00, 0x63, 0x60, 0x00, 0x03, 0x63, 0x00, 0x86, 0xC6, 0x01, 0x86, 0xC2,
  0x02, 0x0D, 0x8E, 0x07, 0x8D, 0x86, 0x04, 0x11, 0xBC, 0x0F, 0x33, 0x04,
  0x08, 0x63, 0x38, 0x1E, 0x63, 0x08, 0x10, 0xC6, 0x20, 0x18, 0xC4, 0x10,
  0x20, 0x8C, 0x06, 0x01, 0x88, 0x20, 0x61, 0x98, 0x0C, 0x03, 0x30, 0xC0,
  0xC3, 0x60, 0x00, 0x03, 0x61, 0x81, 0x86, 0xC0, 0x00, 0x06, 0xC3, 0x06,
  0x0D, 0x07, 0xFE, 0x05, 0x82, 0x0C, 0x32, 0x1F, 0xFE, 0x09, 0x86, 0x10,
  0xE6, 0x3F, 0xFC, 0x33, 0x84, 0x61, 0xC4, 0x1F, 0xE0, 0x47, 0x0C, 0xC6,
  0x8C, 0x00, 0x01, 0x8B, 0x1B, 0x1D, 0x8E, 0x00, 0x06, 0x37, 0x1E, 0x31,
  0x07, 0x00, 0x70, 0x46, 0x3C, 0x61, 0x01, 0xFF, 0x01, 0x0C, 0x78, 0xC3,
  0x80, 0x00, 0x0E, 0x18, 0xF0, 0xFD, 0xC0, 0x00, 0x77, 0xE1, 0xE1, 0xF0,
  0xF0, 0x07, 0x87, 0x83, 0x60, 0x01, 0xBF, 0xF6, 0x00, 0x0C, 0xC0, 0x06,
  0x00, 0x06, 0x00, 0x18, 0xC0, 0x18, 0x00, 0x06, 0x00, 0x60, 0xE0, 0xE0,
  0x00, 0x07, 0x03, 0x00, 0x7E, 0x00, 0x00, 0x01, 0xF8, 0x00, 0x00, 0x00,
  0x7F, 0x80, 0x00, 0x00, 0x00, 0xE0, 0x1C, 0x00, 0x00, 0x00, 0xC0, 0x00,
  0xC0, 0x00, 0x00, 0x60, 0x00, 0x08, 0x00, 0x00, 0x60, 0x00, 0x01, 0x80,
  0x00, 0x10, 0x00, 0x00, 0x30, 0x00, 0x08, 0x00, 0x00, 0x04, 0x00, 0x04,
  0x1F, 0x01, 0xF1, 0x80, 0x03, 0x18, 0xE1, 0x86, 0x30, 0x00, 0x84, 0x07,
  0x80, 0x84, 0x00, 0x63, 0x00, 0x00, 0x31, 0x80, 0x18, 0x80, 0x00, 0x04,
  0x60, 0x1C, 0x20, 0x00, 0x01, 0x0E, 0x18, 0x0C, 0xE0, 0x38, 0xC0, 0x64,
  0x01, 0x38, 0x0E, 0x20, 0x0A, 0x30, 0x4E, 0x03, 0x88, 0x31, 0x9C, 0x11,
  0x00, 0x42, 0x0E, 0x67, 0x04, 0x07, 0x00, 0x83, 0x98, 0xC3, 0x00, 0x80,
  0x30, 0xC5, 0x00, 0x81, 0xC0, 0x04, 0x02, 0x60, 0x21, 0xFB, 0xE1, 0x01,
  0x87, 0x08, 0xC3, 0xCC, 0x43, 0x80, 0x62, 0xE0, 0x19, 0x90, 0x80, 0x18,
  0xF0, 0x03, 0x3C, 0x60, 0x02, 0x38, 0x00, 0x47, 0x10, 0x00, 0xDC, 0x00,
  0x10, 0xEC, 0x00, 0x1E, 0x00, 0x0C, 0x1E, 0x00, 0x0E, 0x00, 0x03, 0x01,
  0xE0, 0x0E, 0x00, 0x01, 0x80, 0x1C, 0x0F, 0x00, 0x00, 0xC0, 0x01, 0xC7,
  0x00, 0x0F, 0xFC, 0x00, 0x39, 0x80, 0x0F, 0x03, 0xC0, 0x06, 0x60, 0x07,
  0xFF, 0xF8, 0x00, 0x98, 0x06, 0x00, 0x01, 0x80, 0x26, 0x03, 0x00, 0x00,
  0x30, 0x18, 0xC3, 0x80, 0x00, 0x03, 0x0C, 0x1F, 0x80, 0x00, 0x00, 0x3E,
  0x00, 0x1F, 0x80, 0x00, 0x00, 0x39, 0xC0, 0x00, 0x00, 0x60, 0x40, 0x00,
  0x00, 0x60, 0x40, 0x00, 0x00, 0x40, 0x40, 0x00, 0x00, 0x40, 0xE0, 0x00,
  0x00, 0x40, 0x30, 0x00, 0x00, 0x40, 0x30, 0x00, 0x00, 0x40, 0x60, 0x00,
  0x00, 0x41, 0xC0, 0x00, 0x00, 0x43, 0x83, 0xFE, 0x00, 0x42, 0x0F, 0x07,
  0x80, 0x42, 0x18, 0x00, 0xE0, 0xC2, 0x30, 0x00, 0x30, 0xC2, 0x60, 0x00,
  0x18, 0xC2, 0xC6, 0x00, 0x0C, 0xC3, 0x8F, 0x00, 0x0C, 0xC3, 0x0F, 0x06,
  0x06, 0x82, 0x06, 0x0F, 0x06, 0x80, 0x00, 0x0F, 0x02, 0x80, 0x00, 0x06,
  0x02, 0x80, 0x18, 0x00, 0x02, 0xC0, 0x1C, 0x00, 0x02, 0xC0, 0x06, 0x00,
  0x02, 0xC0, 0x03, 0xFE, 0x02, 0xC0, 0x00, 0x78, 0x06, 0x40, 0x00, 0x00,
  0x06, 0x40, 0x00, 0x00, 0x06, 0x60, 0x00, 0x00, 0x04, 0x60, 0x00, 0x00,
  0x04, 0x20, 0x00, 0x00, 0x04, 0x30, 0x00, 0x00, 0x06, 0x10, 0x00, 0x00,
  0x03, 0x18, 0x00, 0x00, 0x03, 0x0C, 0x00, 0x00, 0x03, 0x06, 0x00, 0x00,
  0x06, 0x03, 0x80, 0x00, 0x1C, 0x00, 0xF0, 0x01, 0xF0, 0x00, 0x3F, 0xFF,
  0xC0, 0x00, 0x00, 0x60, 0x00, 0x00, 0x00, 0x03, 0x00, 0x00, 0x00, 0x00,
  0x00, 0x18, 0x00, 0x00, 0x00, 0x00, 0x00, 0xC0, 0x00, 0x00, 0x00, 0x06,
  0x06, 0x06, 0x00, 0x00, 0x00, 0x18, 0x30, 0x60, 0x00, 0x00, 0x00, 0x61,
  0x86, 0x00, 0x00, 0x00, 0x01, 0x0C, 0x60, 0x00, 0x00, 0x08, 0x0C, 0x02,
  0x03, 0x00, 0x00, 0xF0, 0x00, 0x00, 0x3C, 0x00, 0x0D, 0x80, 0x00, 0x01,
  0x20, 0x01, 0xE7, 0x00, 0x00, 0x79, 0xE0, 0x1B, 0x3C, 0x00, 0x03, 0xCD,
  0x80, 0xD9, 0x20, 0x00, 0x32, 0x4C, 0x1E, 0xC9, 0x00, 0x01, 0x92, 0x79,
  0xB6, 0x48, 0x00, 0x0C, 0x93, 0x6D, 0xB2, 0x40, 0x00, 0x64, 0x9B, 0x6D,
  0x92, 0x00, 0x03, 0x24, 0xDA, 0x6C, 0x90, 0x00, 0x19, 0x26, 0xD3, 0x64,
  0x80, 0x00, 0xC9, 0x36, 0x9B, 0x24, 0x00, 0x06, 0x49, 0xB4, 0xDF, 0x20,
  0x00, 0x33, 0xED, 0xA7, 0x81, 0x38, 0x3D, 0x83, 0xED, 0x30, 0x0B, 0xF3,
  0xFC, 0x03, 0x28, 0x00, 0x71, 0x98, 0xE0, 0x01, 0x40, 0x1F, 0x18, 0xE3,
  0xE0, 0x0E, 0x03, 0x83, 0x81, 0x81, 0x80, 0x70, 0x18, 0x18, 0x06, 0x06,
  0x03, 0x81, 0x80, 0x80, 0x30, 0x18, 0x14, 0x08, 0x0C, 0x00, 0x80, 0x80,
  0xB0, 0x00, 0x60, 0x06, 0x00, 0x0D, 0x80, 0x06, 0x00, 0x30, 0x00, 0x46,
  0x00, 0x60, 0x00, 0xE0, 0x06, 0x30, 0x06, 0x00, 0x03, 0x80, 0x60, 0x80,
  0x30, 0x00, 0x0C, 0x03, 0x04, 0x01, 0x00, 0x00, 0x60, 0x18, 0x20, 0x08,
  0x00, 0x03, 0x00, 0xC1, 0x00, 0x40, 0x00, 0x18, 0x06, 0x08, 0x02, 0x00,
  0x00, 0xC0, 0x30, 0x40, 0x10, 0x00, 0x06, 0x00, 0x80, 0x00, 0x00, 0x00,
  0x00, 0x00, 0x00, 0x01, 0xFF, 0xC0, 0x00, 0x00, 0x01, 0xE0, 0x3C, 0x00,
  0x00, 0x00, 0xE0, 0x01, 0xC0, 0x00, 0x00, 0x60, 0x00, 0x38, 0x00, 0x00,
  0x30, 0x00, 0x03, 0x00, 0x00, 0x18, 0x00, 0x00, 0xC0, 0x00, 0x06, 0x00,
  0x00, 0x18, 0x00, 0x03, 0x00, 0x00, 0x03, 0x00, 0x01, 0x80, 0x00, 0x00,
  0x40, 0x00, 0x40, 0x00, 0x00, 0x18, 0x00, 0x30, 0x00, 0x00, 0x03, 0x00,
  0x08, 0x3F, 0x87, 0xF0, 0xC0, 0x06, 0x07, 0x80, 0xF8, 0x18, 0x03, 0x00,
  0x00, 0x00, 0x03, 0x01, 0x80, 0x00, 0x00, 0x00, 0x60, 0xC0, 0x00, 0x00,
  0x00, 0x18, 0x30, 0x00, 0x3F, 0x00, 0x03, 0x18, 0x00, 0x3C, 0xF0, 0x00,
  0x64, 0x00, 0x08, 0x04, 0x00, 0x1B, 0x00, 0x00, 0x00, 0x00, 0x03, 0x80,
  0x00, 0x00, 0x00, 0x00, 0xE0, 0x00, 0x00, 0x00, 0x00, 0x18, 0x00, 0x00,
  0x00, 0x00, 0x06, 0x00, 0x00, 0x00, 0x00, 0x01, 0xC0, 0x00, 0x00, 0x00,
  0x00, 0xF0, 0x00, 0x00, 0x00, 0x00, 0x66, 0x00, 0x00, 0x00, 0x00, 0x38,
  0xE0, 0x00, 0x00, 0x00, 0x1C, 0x0E, 0x00, 0x00, 0x00, 0x3C, 0x00, 0xFC,
  0x00, 0x00, 0xFC, 0x00, 0x07, 0xFF, 0xFF, 0xF8, 0x00, 0x00, 0x03, 0xFF,
  0x00, 0x00, 0x00, 0x00, 0x7F, 0xF8, 0x00, 0x00, 0x00, 0x0F, 0x00, 0xF0,
  0x00, 0x00, 0x00, 0xC0, 0x01, 0xC0, 0x00, 0x00, 0x0C, 0x00, 0x03, 0x00,
  0x00, 0x00, 0xC0, 0x00, 0x0C, 0x00, 0x00, 0x0C, 0x00, 0x00, 0x30, 0x00,
  0x00, 0xC0, 0x00, 0x00, 0xC0, 0x00, 0x0C, 0x00, 0x00, 0x06, 0x00, 0x00,
  0x60, 0x00, 0x00, 0x18, 0x00, 0x06, 0x03, 0x00, 0xC0, 0x60, 0x00, 0x20,
  0x3C, 0x0F, 0x03, 0x00, 0x03, 0x01, 0xE0, 0x78, 0x0C, 0x00, 0x30, 0x0F,
  0x03, 0xC0, 0x20, 0x01, 0x80, 0x00, 0x00, 0x01, 0x80, 0x18, 0x00, 0x00,
  0x00, 0x06, 0x01, 0x80, 0x00, 0x60, 0x00, 0x18, 0x18, 0x00, 0x1F, 0xE0,
  0x00, 0x40, 0x80, 0x01, 0x83, 0x80, 0x03, 0x0C, 0x00, 0x08, 0x04, 0x00,
  0x0C, 0x40, 0x00, 0x00, 0x00, 0x00, 0x66, 0x00, 0x7C, 0x03, 0xF0, 0x01,
  0xA0, 0x06, 0x3C, 0xF0, 0xE0, 0x0D, 0x00, 0x60, 0x3E, 0x01, 0x80, 0x38,
  0x02, 0x01, 0xC0, 0x04, 0x01, 0xC0, 0x10, 0x18, 0x00, 0x30, 0x0A, 0x00,
  0x81, 0x80, 0x60, 0x80, 0x50, 0x7E, 0x18, 0x07, 0xFF, 0x86, 0xC0, 0x19,
  0x80, 0x60, 0xC0, 0x36, 0x00, 0x78, 0x06, 0x00, 0x03, 0x18, 0x00, 0x00,
  0xC0, 0x00, 0x18, 0x60, 0x00, 0x1E, 0x00, 0x03, 0x81, 0xE0, 0x07, 0xBE,
  0x00, 0x70, 0x03, 0xFF, 0xF0, 0x3F, 0xFF, 0x00, 0x01, 0xF8, 0x00, 0x0F,
  0x80, 0x00, 0x00, 0x01, 0xFC, 0x00, 0x00, 0x00, 0x06, 0xD8, 0x00, 0x00,
  0x00, 0x13, 0x20, 0x00, 0x00, 0x00, 0xFF, 0x80, 0x00, 0x00, 0x03, 0x36,
  0x00, 0x00, 0x00, 0x0C, 0xCC, 0x00, 0x00, 0x00, 0x33, 0x30, 0x00, 0x00,
  0x00, 0xFF, 0xC0, 0x00, 0x00, 0x03, 0x73, 0x00, 0x00, 0x00, 0x08, 0xCC,
  0x00, 0x00, 0x00, 0x23, 0x10, 0x00, 0x00, 0x01, 0x8C, 0x40, 0x00, 0x00,
  0x06, 0x31, 0x00, 0x00, 0x00, 0x18, 0xC6, 0x00, 0x00, 0x00, 0x63, 0x18,
  0x00, 0x00, 0x01, 0x0C, 0x60, 0x00, 0x00, 0x0C, 0x30, 0x80, 0x00, 0x00,
  0x30, 0xC3, 0x00, 0x00, 0x00, 0x83, 0x0C, 0x00, 0x00, 0x02, 0x0C, 0x30,
  0x00, 0x00, 0x18, 0x30, 0x40, 0x00, 0x00, 0x60, 0xC1, 0x00, 0x00, 0x01,
  0x83, 0x06, 0x00, 0x00, 0x3C, 0x0C, 0x1F, 0x00, 0x03, 0xF0, 0x30, 0x3F,
  0x00, 0x3B, 0x00, 0xC0, 0x2F, 0x07, 0x84, 0x03, 0x01, 0x87, 0x38, 0x18,
  0x0C, 0x06, 0x07, 0x00, 0x60, 0x30, 0x30, 0x00, 0x00, 0xC1, 0xE0, 0xC0,
  0x00, 0x01, 0x8D, 0xC6, 0x00, 0x00, 0x06, 0x61, 0xB0, 0x00, 0x00, 0x0F,
  0x03, 0x80, 0x00, 0x00, 0x1E, 0x1E, 0x00, 0x00, 0x00, 0x38, 0xF0, 0x00,
  0x00, 0x00, 0x73, 0x80, 0x00, 0x00, 0x03, 0x07, 0x00, 0x00, 0x00, 0x38,
  0x06, 0x00, 0x00, 0x01, 0xC0, 0x0C, 0x00, 0x00, 0x00, 0x00, 0x00, 0x00
 };

const GFXglyph NotoEmoji_Medium_Emojis0_20pt16bGlyphs[] PROGMEM = {
// bmpOff,   w,   h,xAdv, xOff, yOff      range 0 (0x1f600 - 0x1f64f)
  {     0,  40,  39,  50,    5,  -32 },   // 0x1F600 u1F600  (#0)
  {   195,  40,  39,  50,    5,  -32 },   // 0x1F601 u1F601  (#1)
  {   390,  47,  39,  50,    1,  -32 },   // 0x1F602 u1F602  (#2)
  {   620,  40,  39,  50,    5,  -32 },   // 0x1F603 grinningFaceWithBigEyes  (#3)
  {   815,  40,  39,  50,    5,  -32 },   // 0x1F604 u1F604  (#4)
  {  1010,  42,  39,  50,    3,  -32 },   // 0x1F605 u1F605  (#5)
  {  1215,  40,  39,  50,    5,  -32 },   // 0x1F606 u1F606  (#6)
  {  1410,  37,  39,  50,    6,  -32 },   // 0x1F607 u1F607  (#7)
  {  1591,  43,  40,  50,    3,  -33 },   // 0x1F608 u1F608  (#8)
  {  1806,  40,  39,  50,    5,  -32 },   // 0x1F609 u1F609  (#9)
  {  2001,  40,  39,  50,    5,  -32 },   // 0x1F60A u1F60A  (#10)
  {  2196,  40,  39,  50,    5,  -32 },   // 0x1F60B u1F60B  (#11)
  {  2391,  40,  39,  50,    5,  -32 },   // 0x1F60C u1F60C  (#12)
  {  2586,  40,  39,  50,    5,  -32 },   // 0x1F60D u1F60D  (#13)
  {  2781,  41,  39,  50,    4,  -32 },   // 0x1F60E u1F60E  (#14)
  {  2981,  40,  39,  50,    5,  -32 },   // 0x1F60F u1F60F  (#15)
  {  3176,  40,  39,  50,    5,  -32 },   // 0x1F610 u1F610  (#16)
  {  3371,  40,  39,  50,    5,  -32 },   // 0x1F611 u1F611  (#17)
  {  3566,  40,  39,  50,    5,  -32 },   // 0x1F612 u1F612  (#18)
  {  3761,  40,  39,  50,    5,  -32 },   // 0x1F613 u1F613  (#19)
  {  3956,  40,  39,  50,    5,  -32 },   // 0x1F614 u1F614  (#20)
  {  4151,  40,  39,  50,    5,  -32 },   // 0x1F615 u1F615  (#21)
  {  4346,  40,  39,  50,    5,  -32 },   // 0x1F616 u1F616  (#22)
  {  4541,  40,  39,  50,    5,  -32 },   // 0x1F617 u1F617  (#23)
  {  4736,  40,  39,  50,    5,  -32 },   // 0x1F618 u1F618  (#24)
  {  4931,  40,  39,  50,    5,  -32 },   // 0x1F619 u1F619  (#25)
  {  5126,  40,  39,  50,    5,  -32 },   // 0x1F61A u1F61A  (#26)
  {  5321,  40,  40,  50,    5,  -32 },   // 0x1F61B u1F61B  (#27)
  {  5521,  40,  40,  50,    5,  -32 },   // 0x1F61C u1F61C  (#28)
  {  5721,  40,  40,  50,    5,  -32 },   // 0x1F61D u1F61D  (#29)
  {  5921,  40,  39,  50,    5,  -32 },   // 0x1F61E u1F61E  (#30)
  {  6116,  40,  39,  50,    5,  -32 },   // 0x1F61F u1F61F  (#31)
  {  6311,  40,  39,  50,    5,  -32 },   // 0x1F620 u1F620  (#32)
  {  6506,  40,  39,  50,    5,  -32 },   // 0x1F621 u1F621  (#33)
  {  6701,  40,  39,  50,    5,  -32 },   // 0x1F622 u1F622  (#34)
  {  6896,  40,  39,  50,    5,  -32 },   // 0x1F623 u1F623  (#35)
  {  7091,  42,  39,  50,    4,  -32 },   // 0x1F624 u1F624  (#36)
  {  7296,  41,  39,  50,    4,  -32 },   // 0x1F625 u1F625  (#37)
  {  7496,  40,  39,  50,    5,  -32 },   // 0x1F626 u1F626  (#38)
  {  7691,  40,  39,  50,    5,  -32 },   // 0x1F627 u1F627  (#39)
  {  7886,  40,  40,  50,    5,  -33 },   // 0x1F628 u1F628  (#40)
  {  8086,  40,  39,  50,    5,  -32 },   // 0x1F629 u1F629  (#41)
  {  8281,  41,  39,  50,    4,  -32 },   // 0x1F62A u1F62A  (#42)
  {  8481,  40,  39,  50,    5,  -32 },   // 0x1F62B u1F62B  (#43)
  {  8676,  40,  39,  50,    5,  -32 },   // 0x1F62C u1F62C  (#44)
  {  8871,  40,  40,  50,    5,  -32 },   // 0x1F62D u1F62D  (#45)
  {  9071,  40,  39,  50,    5,  -32 },   // 0x1F62E u1F62E  (#46)
  {  9266,  40,  39,  50,    5,  -32 },   // 0x1F62F u1F62F  (#47)
  {  9461,  41,  40,  50,    4,  -33 },   // 0x1F630 u1F630  (#48)
  {  9666,  46,  41,  50,    2,  -33 },   // 0x1F631 u1F631  (#49)
  {  9902,  40,  39,  50,    5,  -32 },   // 0x1F632 u1F632  (#50)
  { 10097,  40,  39,  50,    5,  -32 },   // 0x1F633 u1F633  (#51)
  { 10292,  40,  39,  50,    5,  -32 },   // 0x1F634 u1F634  (#52)
  { 10487,  40,  39,  50,    5,  -32 },   // 0x1F635 u1F635  (#53)
  { 10682,  40,  39,  50,    5,  -32 },   // 0x1F636 u1F636  (#54)
  { 10877,  40,  39,  50,    5,  -32 },   // 0x1F637 u1F637  (#55)
  { 11072,  44,  37,  50,    3,  -31 },   // 0x1F638 u1F638  (#56)
  { 11276,  45,  37,  50,    2,  -31 },   // 0x1F639 u1F639  (#57)
  { 11485,  44,  37,  50,    3,  -31 },   // 0x1F63A u1F63A  (#58)
  { 11689,  44,  37,  50,    3,  -31 },   // 0x1F63B u1F63B  (#59)
  { 11893,  44,  37,  50,    3,  -31 },   // 0x1F63C smilingCatFaceWithWrySmile  (#60)
  { 12097,  44,  37,  50,    3,  -31 },   // 0x1F63D smilingCatFaceWithClosedEyes  (#61)
  { 12301,  44,  37,  50,    3,  -31 },   // 0x1F63E u1F63E  (#62)
  { 12505,  44,  36,  50,    3,  -30 },   // 0x1F63F u1F63F  (#63)
  { 12703,  44,  38,  50,    3,  -31 },   // 0x1F640 u1F640  (#64)
  { 12912,  40,  39,  50,    5,  -32 },   // 0x1F641 u1F641  (#65)
  { 13107,  40,  39,  50,    5,  -32 },   // 0x1F642 u1F642  (#66)
  { 13302,  40,  39,  50,    5,  -32 },   // 0x1F643 upsideDownFace  (#67)
  { 13497,  40,  39,  50,    5,  -32 },   // 0x1F644 faceWithRollingEyes  (#68)
  { 13692,  45,  34,  50,    2,  -29 },   // 0x1F645 personGesturingNo  (#69)
  { 13884,  42,  40,  50,    4,  -32 },   // 0x1F646 personGesturingOk  (#70)
  { 14094,  48,  38,  50,    1,  -31 },   // 0x1F647 personBowing  (#71)
  { 14322,  47,  37,  50,    1,  -31 },   // 0x1F648 u1F648  (#72)
  { 14540,  47,  37,  50,    2,  -31 },   // 0x1F649 u1F649  (#73)
  { 14758,  42,  37,  50,    4,  -31 },   // 0x1F64A u1F64A  (#74)
  { 14953,  32,  40,  50,    9,  -32 },   // 0x1F64B personRaisingHand  (#75)
  { 15113,  45,  40,  50,    2,  -32 },   // 0x1F64C raisingHands  (#76)
  { 15338,  42,  32,  50,    4,  -28 },   // 0x1F64D u1F64D  (#77)
  { 15506,  45,  34,  50,    2,  -29 },   // 0x1F64E personPouting  (#78)
  { 15698,  38,  40,  50,    6,  -32 } }; // 0x1F64F foldedHands  (#79)

const GFXfont NotoEmoji_Medium_Emojis0_20pt16b PROGMEM = {
  (uint8_t  *)NotoEmoji_Medium_Emojis0_20pt16bBitmaps,
  (GFXglyph *)NotoEmoji_Medium_Emojis0_20pt16bGlyphs,
  0xF600, // first
  0xF64F, // last
  50   //height
 };

// Approx. 16455 bytes
