// fontconvert -ffonts/Noto_Emoji/static/NotoEmoji-Medium.ttf -s20 -r50 -v _EmjObjects_ -n0x10000 0x1F4BB 0x1F52E 
// Visualize your font via https://tchapi.github.io/Adafruit-GFX-Font-Customiser

/* num ranges: 1 */
const uint8_t NotoEmoji_Medium_EmjObjects_20pt16bBitmaps[] PROGMEM = {
  /* range 0 (0x1f4bb - 0x1f52e): */  0x0F, 0xFF, 0xFF, 0xFF, 0xFE, 0x01, 0x80, 0x00, 0x00, 0x00, 0xC0, 0x30,
  0x00, 0x00, 0x00, 0x18, 0x06, 0x00, 0x00, 0x00, 0x03, 0x00, 0xC7, 0xFF,
  0xFF, 0xFE, 0x60, 0x18, 0xFF, 0xFF, 0xFF, 0xCC, 0x03, 0x1F, 0xFF, 0xFF,
  0xF9, 0x80, 0x63, 0xFF, 0xFF, 0xFF, 0x30, 0x0C, 0x7F, 0xFF, 0xFF, 0xE6,
  0x01, 0x8F, 0xFF, 0xFF, 0xFC, 0xC0, 0x31, 0xFF, 0xFF, 0xFF, 0x98, 0x06,
  0x3F, 0xFF, 0xFF, 0xF3, 0x00, 0xC7, 0xFF, 0xFF, 0xFE, 0x60, 0x18, 0xFF,
  0xFF, 0xFF, 0xCC, 0x03, 0x1F, 0xFF, 0xFF, 0xF9, 0x80, 0x63, 0xFF, 0xFF,
  0xFF, 0x30, 0x0C, 0x7F, 0xFF, 0xFF, 0xE6, 0x01, 0x8F, 0xFF, 0xFF, 0xFC,
  0xC0, 0x31, 0xFF, 0xFF, 0xFF, 0x98, 0x06, 0x00, 0x00, 0x00, 0x03, 0x00,
  0xC0, 0x00, 0x00, 0x00, 0x60, 0x1F, 0xFF, 0xFF, 0xFF, 0xFC, 0x07, 0xFF,
  0xFF, 0xFF, 0xFF, 0xC0, 0xC0, 0x00, 0x00, 0x00, 0x18, 0x3B, 0xBB, 0x6C,
  0xDB, 0xBB, 0x86, 0x00, 0x02, 0x00, 0x80, 0x31, 0xFF, 0x33, 0x33, 0x77,
  0xFF, 0x30, 0x00, 0x00, 0x00, 0x00, 0x6E, 0xC2, 0x1F, 0xFF, 0x84, 0x6F,
  0xFF, 0xFF, 0xFF, 0xFF, 0xFF, 0xFF, 0xFF, 0xFF, 0xFF, 0xFF, 0xFE, 0x00,
  0x00, 0x00, 0x00, 0x03, 0xFF, 0xFF, 0xFF, 0xFF, 0xFF, 0xE0, 0x00, 0x00,
  0x0F, 0x80, 0x00, 0x00, 0x00, 0x03, 0xFF, 0x80, 0x00, 0x00, 0x00, 0x3F,
  0xFE, 0x00, 0x00, 0x00, 0x01, 0xC0, 0x70, 0x00, 0x00, 0x00, 0x0C, 0x01,
  0x80, 0x00, 0x00, 0x00, 0x60, 0x0C, 0x00, 0x00, 0x7F, 0xFF, 0xFF, 0xFF,
  0xFF, 0x07, 0xFF, 0xFF, 0xFF, 0xFF, 0xFC, 0x70, 0x00, 0x00, 0x00, 0x00,
  0x77, 0x00, 0x00, 0x00, 0x00, 0x01, 0xF0, 0x00, 0x00, 0x00, 0x00, 0x07,
  0x80, 0x00, 0x00, 0x00, 0x00, 0x3C, 0x00, 0x00, 0x00, 0x00, 0x01, 0xE0,
  0x00, 0x00, 0x00, 0x00, 0x0F, 0x80, 0x00, 0x00, 0x00, 0x00, 0xFC, 0x00,
  0x00, 0x00, 0x00, 0x07, 0xE0, 0x00, 0x00, 0x00, 0x00, 0x3F, 0x80, 0x00,
  0x00, 0x00, 0x03, 0xF6, 0x00, 0x00, 0x00, 0x00, 0x37, 0xB8, 0x00, 0x7F,
  0xC0, 0x03, 0xBC, 0x70, 0x03, 0x06, 0x00, 0x71, 0xE1, 0xF0, 0x18, 0x30,
  0x1F, 0x0F, 0x01, 0xFF, 0xC1, 0xFF, 0xC0, 0x78, 0x00, 0x0F, 0xFE, 0x00,
  0x03, 0xC0, 0x00, 0x30, 0x60, 0x00, 0x1E, 0x00, 0x01, 0x83, 0x00, 0x00,
  0xF0, 0x00, 0x0C, 0x18, 0x00, 0x07, 0x80, 0x00, 0x60, 0xC0, 0x00, 0x3C,
  0x00, 0x03, 0xFE, 0x00, 0x01, 0xE0, 0x00, 0x00, 0x00, 0x00, 0x0F, 0x00,
  0x00, 0x00, 0x00, 0x00, 0x78, 0x00, 0x00, 0x00, 0x00, 0x03, 0xC0, 0x00,
  0x00, 0x00, 0x00, 0x1E, 0x00, 0x00, 0x00, 0x00, 0x00, 0xF0, 0x00, 0x00,
  0x00, 0x00, 0x07, 0x80, 0x00, 0x00, 0x00, 0x00, 0x36, 0x00, 0x00, 0x00,
  0x00, 0x03, 0x38, 0x00, 0x00, 0x00, 0x00, 0x38, 0x7F, 0xFF, 0xFF, 0xFF,
  0xFF, 0x00, 0x7F, 0xFF, 0xFF, 0xFF, 0xFC, 0xFF, 0xFF, 0x00, 0xFF, 0xFE,
  0xFF, 0xF8, 0x00, 0x1F, 0xFF, 0xFF, 0xE0, 0x00, 0x07, 0xFF, 0xFF, 0xC0,
  0x00, 0x03, 0xFF, 0xFF, 0x00, 0x00, 0x00, 0xFF, 0xFE, 0x00, 0x00, 0x00,
  0x7F, 0xFC, 0x00, 0x00, 0x00, 0x3F, 0xFC, 0x00, 0x00, 0x00, 0x3F, 0xF8,
  0x00, 0x00, 0x00, 0x1F, 0xF0, 0x00, 0x00, 0x00, 0x0F, 0xF0, 0x00, 0x00,
  0x00, 0x0F, 0xE0, 0x00, 0x7E, 0x00, 0x07, 0xE0, 0x01, 0x81, 0x80, 0x07,
  0xE0, 0x03, 0x00, 0xC0, 0x07, 0xC0, 0x04, 0x00, 0x60, 0x03, 0xC0, 0x04,
  0x3E, 0x20, 0x03, 0xC0, 0x08, 0x7F, 0x17, 0xFF, 0xC0, 0x08, 0xFF, 0x97,
  0xFF, 0xC0, 0x08, 0xFF, 0x97, 0xFF, 0xC0, 0x08, 0xFF, 0x97, 0xFF, 0xC0,
  0x08, 0xFF, 0x97, 0xFF, 0xC0, 0x04, 0x7F, 0x27, 0xFF, 0xC0, 0x06, 0x3E,
  0x60, 0x03, 0xE0, 0x03, 0x00, 0xC0, 0x07, 0xE0, 0x01, 0x81, 0x80, 0x07,
  0xE0, 0x00, 0x7E, 0x00, 0x07, 0xF0, 0x00, 0x00, 0x00, 0x0F, 0xF0, 0x00,
  0x00, 0x00, 0x0F, 0xF8, 0x00, 0x00, 0x00, 0x1F, 0xFC, 0x00, 0x00, 0x00,
  0x3F, 0xFC, 0x00, 0x00, 0x00, 0x3F, 0xFE, 0x00, 0x00, 0x00, 0x7F, 0xFF,
  0x00, 0x00, 0x00, 0xFF, 0xFF, 0x80, 0x00, 0x01, 0xFF, 0xFF, 0xE0, 0x00,
  0x07, 0xFF, 0xFF, 0xF8, 0x00, 0x1F, 0xFF, 0xFF, 0xFF, 0x00, 0xFF, 0xFE,
  0x7F, 0xFF, 0xFF, 0xFF, 0xFC, 0x3F, 0xFF, 0xFF, 0xFF, 0xC0, 0x7E, 0x00,
  0x00, 0x01, 0xF0, 0xFE, 0x00, 0x00, 0x01, 0xF8, 0xFE, 0x00, 0x00, 0x01,
  0xF8, 0xFE, 0x00, 0x0F, 0xC1, 0xFC, 0xFE, 0x00, 0x0F, 0xC1, 0xFE, 0xFE,
  0x00, 0x0F, 0xC1, 0xFF, 0xFE, 0x00, 0x0F, 0xC1, 0xFF, 0xFE, 0x00, 0x0F,
  0xC1, 0xFF, 0xFE, 0x00, 0x0F, 0xC1, 0xFF, 0xFE, 0x00, 0x0F, 0xC1, 0xFF,
  0xFE, 0x00, 0x0F, 0xC1, 0xFF, 0xFE, 0x00, 0x0F, 0xC1, 0xFF, 0xFE, 0x00,
  0x00, 0x01, 0xFF, 0xFE, 0x00, 0x00, 0x01, 0xFF, 0xFF, 0xFF, 0xFF, 0xFF,
  0xFF, 0xFF, 0xFF, 0xFF, 0xFF, 0xFF, 0xFF, 0xFF, 0xFF, 0xFF, 0xFF, 0xFF,
  0xFF, 0xFF, 0xFF, 0xFF, 0xFF, 0xFF, 0xFF, 0xFF, 0xFF, 0xFE, 0x00, 0x00,
  0x00, 0x7F, 0xFC, 0x00, 0x00, 0x00, 0x3F, 0xFC, 0x00, 0x00, 0x00, 0x3F,
  0xFC, 0x00, 0x00, 0x00, 0x3F, 0xFC, 0x00, 0x00, 0x00, 0x3F, 0xFC, 0x00,
  0x00, 0x00, 0x3F, 0xFC, 0x3F, 0xFF, 0xF8, 0x3F, 0xFC, 0x00, 0x00, 0x00,
  0x3F, 0xFC, 0x00, 0x00, 0x00, 0x3F, 0xFC, 0x00, 0x00, 0x00, 0x3F, 0xFC,
  0x00, 0x00, 0x00, 0x3F, 0xFC, 0x00, 0x00, 0x00, 0x3F, 0xFC, 0x3F, 0xFF,
  0xF8, 0x3F, 0xFC, 0x00, 0x00, 0x00, 0x3F, 0xFC, 0x00, 0x00, 0x00, 0x3F,
  0xFC, 0x00, 0x00, 0x00, 0x3F, 0xFC, 0x00, 0x00, 0x00, 0x3F, 0x7C, 0x00,
  0x00, 0x00, 0x3E, 0x3F, 0xFF, 0xFF, 0xFF, 0xFC, 0x00, 0x01, 0xFF, 0x80,
  0x00, 0x00, 0x0F, 0x00, 0xF0, 0x00, 0x00, 0x38, 0x00, 0x1C, 0x00, 0x00,
  0x60, 0x00, 0x06, 0x00, 0x01, 0xC0, 0x00, 0x03, 0x80, 0x03, 0x18, 0x00,
  0x00, 0xC0, 0x06, 0x3C, 0x00, 0x00, 0x60, 0x0C, 0x7C, 0x00, 0x00, 0x30,
  0x1C, 0xFE, 0x00, 0x00, 0x38, 0x19, 0xFE, 0x00, 0x00, 0x18, 0x31, 0xFF,
  0x00, 0x00, 0x0C, 0x30, 0x7F, 0x00, 0x00, 0x0C, 0x60, 0x3E, 0x7E, 0x00,
  0x06, 0x60, 0x0C, 0xFF, 0x00, 0x06, 0x60, 0x01, 0xFF, 0x80, 0x06, 0xC0,
  0x03, 0xC3, 0xC0, 0x03, 0xC0, 0x03, 0x81, 0xC0, 0x03, 0xC0, 0x07, 0x00,
  0xE0, 0x03, 0xC0, 0x07, 0x00, 0xE0, 0x03, 0xC0, 0x07, 0x00, 0xE0, 0x03,
  0xC0, 0x07, 0x00, 0xE0, 0x03, 0xC0, 0x07, 0x00, 0xE0, 0x03, 0xC0, 0x03,
  0x81, 0xC0, 0x03, 0xC0, 0x03, 0xC3, 0xC0, 0x03, 0x60, 0x01, 0xFF, 0x80,
  0x06, 0x60, 0x00, 0xFF, 0x30, 0x06, 0x60, 0x00, 0x7C, 0x78, 0x06, 0x30,
  0x00, 0x00, 0xFE, 0x0C, 0x30, 0x00, 0x00, 0xFF, 0x0C, 0x18, 0x00, 0x00,
  0x7F, 0x98, 0x1C, 0x00, 0x00, 0x7F, 0xB8, 0x0C, 0x00, 0x00, 0x3E, 0x30,
  0x06, 0x00, 0x00, 0x3C, 0x60, 0x03, 0x00, 0x00, 0x18, 0xC0, 0x01, 0x80,
  0x00, 0x01, 0x80, 0x00, 0xE0, 0x00, 0x07, 0x00, 0x00, 0x38, 0x00, 0x1C,
  0x00, 0x00, 0x0F, 0x00, 0xF0, 0x00, 0x00, 0x01, 0xFF, 0x00, 0x00, 0x00,
  0x01, 0xFF, 0x00, 0x00, 0x00, 0x1F, 0xFF, 0xC0, 0x00, 0x00, 0xFF, 0xFF,
  0xE0, 0x00, 0x07, 0xFF, 0xFF, 0xF0, 0x00, 0x1C, 0xFF, 0xFF, 0xF0, 0x00,
  0x70, 0xFF, 0xFF, 0xF0, 0x01, 0x81, 0xFF, 0xFF, 0xF0, 0x06, 0x01, 0xFF,
  0xFF, 0xF0, 0x1C, 0x03, 0xFF, 0xFF, 0xF0, 0x30, 0x03, 0xFF, 0xFF, 0xE0,
  0xF8, 0x07, 0xFF, 0xFF, 0xE1, 0xF8, 0x07, 0xFF, 0xFF, 0xC7, 0xFC, 0x18,
  0x3F, 0xFF, 0xCF, 0xFE, 0x40, 0x1F, 0xFF, 0x9F, 0xFF, 0x00, 0x1F, 0xFF,
  0x7F, 0xFC, 0x00, 0x1F, 0xFF, 0xFF, 0xF8, 0x3C, 0x3F, 0xFF, 0xFF, 0xE0,
  0xFC, 0x3F, 0xFF, 0xFF, 0xC3, 0xFC, 0x7F, 0xFF, 0xFF, 0x87, 0xF8, 0xFF,
  0xFF, 0xFF, 0x0F, 0xF1, 0xFF, 0xFF, 0xFE, 0x1F, 0xE3, 0xFF, 0xFF, 0xFE,
  0x1F, 0x8F, 0xFF, 0xFF, 0xFC, 0x1E, 0x1F, 0xFF, 0x7F, 0xFC, 0x00, 0x7F,
  0xFC, 0xFF, 0xFC, 0x01, 0x9F, 0xF9, 0xFF, 0xFE, 0x0E, 0x1F, 0xF1, 0xFF,
  0xFF, 0xF8, 0x0F, 0xC3, 0xFF, 0xFF, 0xF0, 0x0F, 0x83, 0xFF, 0xFF, 0xF0,
  0x06, 0x07, 0xFF, 0xFF, 0xE0, 0x0C, 0x07, 0xFF, 0xFF, 0xE0, 0x30, 0x07,
  0xFF, 0xFF, 0xC0, 0xC0, 0x07, 0xFF, 0xFF, 0xC3, 0x00, 0x07, 0xFF, 0xFF,
  0x9C, 0x00, 0x07, 0xFF, 0xFF, 0xF0, 0x00, 0x03, 0xFF, 0xFF, 0x80, 0x00,
  0x01, 0xFF, 0xFC, 0x00, 0x00, 0x00, 0x7F, 0xC0, 0x00, 0x00, 0x00, 0x1E,
  0x00, 0x00, 0x1C, 0x01, 0xFF, 0xC0, 0x01, 0xFF, 0x01, 0xF8, 0x30, 0x1F,
  0xF0, 0xC0, 0x60, 0x0D, 0xFF, 0x00, 0x30, 0x18, 0x01, 0xF0, 0x00, 0x0D,
  0xC6, 0x00, 0x00, 0x00, 0x1F, 0xFF, 0x80, 0x00, 0x00, 0xFF, 0x0F, 0x80,
  0x00, 0x0F, 0xF8, 0x03, 0xC0, 0x00, 0x7F, 0x80, 0x00, 0xF0, 0x00, 0x3C,
  0x00, 0x00, 0x2C, 0x00, 0x08, 0x00, 0x00, 0x0B, 0x00, 0x06, 0x00, 0x00,
  0x02, 0xC0, 0x01, 0x80, 0x00, 0x01, 0xB0, 0x00, 0xC0, 0x00, 0x00, 0x6C,
  0x0F, 0xF0, 0x00, 0x00, 0x1B, 0x1F, 0xC0, 0x00, 0x00, 0x06, 0xCC, 0x00,
  0x00, 0x00, 0x01, 0x33, 0x00, 0x00, 0x00, 0x00, 0x4C, 0xC0, 0x00, 0x00,
  0x00, 0x33, 0x20, 0x00, 0x00, 0x00, 0x0C, 0xC8, 0x00, 0x00, 0x00, 0x03,
  0x32, 0x00, 0x00, 0x00, 0x00, 0xCD, 0x80, 0x00, 0x00, 0x00, 0x23, 0x60,
  0x00, 0x00, 0x00, 0x08, 0xD8, 0x00, 0x00, 0x00, 0x06, 0x34, 0x00, 0x00,
  0x00, 0x01, 0x8D, 0x00, 0x00, 0x00, 0x00, 0x63, 0x40, 0x00, 0x00, 0x00,
  0x18, 0xF0, 0x00, 0x00, 0x00, 0x04, 0x3C, 0x00, 0x00, 0x00, 0x07, 0x0F,
  0x00, 0x00, 0x00, 0x1F, 0xC3, 0x80, 0x00, 0x00, 0x7F, 0x00, 0xE0, 0x00,
  0x01, 0xFC, 0x00, 0x38, 0x00, 0x07, 0xF0, 0x00, 0x0E, 0x00, 0x1F, 0x80,
  0x00, 0x03, 0x80, 0x7E, 0x00, 0x00, 0x00, 0xE1, 0xF8, 0x00, 0x00, 0x00,
  0x3F, 0xE0, 0x00, 0x00, 0x00, 0x0F, 0x80, 0x00, 0x00, 0x00, 0x00, 0x00,
  0x00, 0x00, 0x00, 0x00, 0x00, 0x3C, 0x00, 0x00, 0x00, 0x00, 0x3F, 0xF0,
  0x00, 0x3F, 0x00, 0x0F, 0xC1, 0x80, 0x7F, 0xD8, 0x00, 0x60, 0x0C, 0xFF,
  0x80, 0xC0, 0x03, 0x00, 0x3F, 0x00, 0x06, 0x00, 0x18, 0x00, 0x00, 0x00,
  0x30, 0x03, 0xC0, 0x00, 0x00, 0x01, 0x80, 0x1C, 0x00, 0x00, 0x00, 0x0C,
  0x00, 0xC0, 0x00, 0x00, 0x00, 0x60, 0x06, 0x00, 0x00, 0x00, 0x03, 0x0F,
  0xF0, 0x00, 0x00, 0x00, 0x1F, 0xFF, 0x80, 0x00, 0x00, 0x1F, 0xF0, 0x6C,
  0x00, 0x00, 0x3F, 0xE0, 0x03, 0x60, 0x00, 0x03, 0xC0, 0x00, 0x13, 0x00,
  0x00, 0x18, 0x00, 0x01, 0x98, 0x00, 0x00, 0x80, 0x00, 0x08, 0xC0, 0x00,
  0x0C, 0x00, 0x00, 0xC6, 0x00, 0x00, 0x60, 0x00, 0x06, 0x30, 0x00, 0xFE,
  0x00, 0x00, 0x61, 0x80, 0x7F, 0x00, 0x00, 0x03, 0x0C, 0x02, 0x00, 0x00,
  0x00, 0x10, 0x60, 0x30, 0x00, 0x00, 0x01, 0x83, 0x01, 0x00, 0x00, 0x00,
  0x08, 0x18, 0x18, 0x00, 0x00, 0x00, 0xC0, 0xC0, 0x80, 0x00, 0x00, 0x06,
  0x06, 0x0C, 0x00, 0x00, 0x00, 0x60, 0x30, 0x40, 0x00, 0x00, 0x03, 0x01,
  0x86, 0x00, 0x00, 0x00, 0x10, 0x0C, 0x20, 0x00, 0x00, 0x01, 0x80, 0x63,
  0x00, 0x00, 0x00, 0x08, 0x03, 0x10, 0x00, 0x00, 0x07, 0xC0, 0x19, 0x80,
  0x00, 0x03, 0xF0, 0x00, 0xC8, 0x00, 0x01, 0xF8, 0x00, 0x06, 0xC0, 0x00,
  0xFC, 0x00, 0x00, 0x34, 0x00, 0x7E, 0x00, 0x00, 0x01, 0xE0, 0x7F, 0x00,
  0x00, 0x00, 0x0F, 0x3F, 0x80, 0x00, 0x00, 0x00, 0x7F, 0x80, 0x00, 0x00,
  0x00, 0x03, 0xC0, 0x00, 0x00, 0x00, 0x00, 0x00, 0x00, 0x00, 0x00, 0x00,
  0x00, 0xFF, 0xFF, 0xFF, 0xFF, 0xC3, 0x00, 0x00, 0x00, 0x03, 0x0C, 0x00,
  0x00, 0x00, 0x0C, 0x30, 0x00, 0x00, 0x00, 0x30, 0xC0, 0x00, 0x00, 0x00,
  0xC3, 0x00, 0x00, 0x00, 0x03, 0x0C, 0x00, 0x00, 0x00, 0x0C, 0x30, 0x00,
  0x00, 0x00, 0x30, 0xC0, 0xFF, 0xFF, 0xC0, 0xC3, 0x00, 0x00, 0x00, 0x03,
  0x0C, 0x00, 0x00, 0x00, 0x0C, 0x30, 0x00, 0x00, 0x00, 0x30, 0xC0, 0xFF,
  0xFF, 0xC0, 0xC3, 0x00, 0x00, 0x00, 0x03, 0x0C, 0x00, 0x00, 0x00, 0x0C,
  0x30, 0x00, 0x00, 0x00, 0x30, 0xC0, 0x00, 0x00, 0x00, 0xC3, 0x03, 0xFF,
  0xFF, 0x03, 0x0C, 0x00, 0x00, 0x00, 0x0C, 0x30, 0x00, 0x00, 0x00, 0x30,
  0xC0, 0x00, 0x00, 0x00, 0xC3, 0x00, 0x00, 0x00, 0x03, 0x0C, 0x0F, 0xFF,
  0xFC, 0x0C, 0x30, 0x00, 0x00, 0x00, 0x30, 0xC0, 0x00, 0x00, 0x00, 0xC3,
  0x00, 0x00, 0x00, 0x03, 0x0C, 0x0F, 0xF0, 0x00, 0x0C, 0x30, 0x00, 0x00,
  0x00, 0x30, 0xC0, 0x00, 0x00, 0x00, 0xC3, 0x00, 0x00, 0x00, 0x03, 0x0C,
  0x00, 0x00, 0x00, 0x0C, 0x30, 0x00, 0x00, 0x00, 0x30, 0xC0, 0x7F, 0xFF,
  0xFF, 0xFB, 0x01, 0xFF, 0xFF, 0xFF, 0xFC, 0x0C, 0x00, 0x00, 0x00, 0xD0,
  0x30, 0x00, 0x00, 0x03, 0x60, 0x80, 0x00, 0x00, 0x0D, 0xC6, 0x00, 0x00,
  0x00, 0x61, 0xFF, 0xFF, 0xFF, 0xFE, 0x00, 0xFF, 0xFF, 0xFE, 0x00, 0xFF,
  0xFF, 0xFF, 0x00, 0xC0, 0x00, 0x07, 0x80, 0xC0, 0x00, 0x06, 0xC0, 0xC0,
  0x00, 0x06, 0x60, 0xC0, 0x00, 0x06, 0x30, 0xC0, 0x00, 0x06, 0x18, 0xC0,
  0x00, 0x06, 0x0C, 0xC0, 0x00, 0x06, 0x06, 0xC0, 0x00, 0x07, 0xFF, 0xC0,
  0x00, 0x00, 0x03, 0xC0, 0x00, 0x00, 0x03, 0xC0, 0x00, 0x00, 0x03, 0xC1,
  0xFF, 0xFF, 0x83, 0xC0, 0x00, 0x00, 0x03, 0xC0, 0x00, 0x00, 0x03, 0xC0,
  0x00, 0x00, 0x03, 0xC0, 0x00, 0x00, 0x03, 0xC1, 0xFF, 0xFF, 0x83, 0xC0,
  0x00, 0x00, 0x03, 0xC0, 0x00, 0x00, 0x03, 0xC0, 0x00, 0x00, 0x03, 0xC0,
  0x00, 0x00, 0x03, 0xC1, 0xFF, 0xFF, 0x83, 0xC0, 0x00, 0x00, 0x03, 0xC0,
  0x00, 0x00, 0x03, 0xC0, 0x00, 0x00, 0x03, 0xC1, 0xFF, 0xFF, 0x83, 0xC0,
  0x00, 0x00, 0x03, 0xC0, 0x00, 0x00, 0x03, 0xC0, 0x00, 0x00, 0x03, 0xC0,
  0x00, 0x00, 0x03, 0xC1, 0xFF, 0x00, 0x03, 0xC0, 0x00, 0x00, 0x03, 0xC0,
  0x00, 0x00, 0x03, 0xC0, 0x00, 0x00, 0x03, 0xC0, 0x00, 0x00, 0x03, 0xC0,
  0x00, 0x00, 0x03, 0xC0, 0x00, 0x00, 0x03, 0xFF, 0xFF, 0xFF, 0xFF, 0xFD,
  0xFF, 0xFF, 0xFF, 0xFF, 0xF7, 0xFF, 0xFF, 0xFF, 0xFF, 0x8F, 0xFF, 0xFF,
  0xE7, 0xFC, 0x3F, 0xFE, 0xFF, 0x9F, 0xF8, 0xE7, 0xFB, 0xFE, 0x7F, 0xFF,
  0x97, 0x6B, 0xBF, 0xFF, 0xFE, 0x5D, 0xB6, 0xFF, 0xFF, 0xF9, 0x76, 0xDB,
  0xFF, 0xFF, 0xE5, 0xDB, 0x5F, 0xFF, 0xFF, 0xB2, 0x6E, 0x7F, 0xFF, 0xF8,
  0xE5, 0xB9, 0xFF, 0xFF, 0xFF, 0xFF, 0xEF, 0xFF, 0xFF, 0xFF, 0xFE, 0x7F,
  0xFF, 0xFF, 0xFF, 0xFF, 0xFF, 0xFF, 0xFF, 0xFF, 0xFF, 0xFF, 0xF0, 0x00,
  0x00, 0x00, 0x03, 0xC0, 0x00, 0x00, 0x00, 0x0F, 0x00, 0x00, 0x00, 0x00,
  0x3C, 0x00, 0x00, 0x00, 0x00, 0xF0, 0x00, 0x00, 0x00, 0x03, 0xC0, 0x0E,
  0x0F, 0xFC, 0x0F, 0x00, 0xF8, 0x3F, 0xF0, 0x3C, 0x00, 0xE0, 0x01, 0x80,
  0xF0, 0x03, 0x80, 0x0C, 0x03, 0xC0, 0x0E, 0x00, 0x60, 0x0F, 0x00, 0x38,
  0x01, 0x80, 0x3C, 0x00, 0xE0, 0x0E, 0x00, 0xF0, 0x03, 0x80, 0x30, 0x03,
  0xC0, 0x0E, 0x00, 0xC0, 0x0F, 0x00, 0x38, 0x03, 0x00, 0x3C, 0x00, 0xE0,
  0x1C, 0x00, 0xF0, 0x03, 0x80, 0x70, 0x03, 0xC0, 0x7F, 0x81, 0xC0, 0x0F,
  0x01, 0xFE, 0x07, 0x00, 0x3C, 0x00, 0x00, 0x00, 0x00, 0xF0, 0x00, 0x00,
  0x00, 0x03, 0xC0, 0x00, 0x00, 0x00, 0x0F, 0x00, 0x00, 0x00, 0x00, 0x3F,
  0xFF, 0xFF, 0xFF, 0xFF, 0xC0, 0xFF, 0xFF, 0xFF, 0xFF, 0xF8, 0x7F, 0xFF,
  0xFF, 0xFF, 0xFC, 0x3C, 0xFF, 0xFF, 0xFF, 0x1E, 0x1E, 0x3F, 0xFE, 0xFF,
  0x0F, 0xFF, 0x1E, 0xFF, 0x7F, 0x87, 0x9F, 0x8F, 0x7F, 0xBF, 0xE3, 0xCF,
  0xFF, 0xB6, 0xD3, 0x7F, 0xE7, 0xFF, 0xDB, 0x6D, 0xBF, 0xF3, 0xFF, 0xED,
  0xB6, 0xBF, 0xF9, 0xFF, 0xB6, 0xDB, 0x9F, 0xFC, 0xFF, 0xC7, 0x0C, 0xDF,
  0xFE, 0x7F, 0xFF, 0xFF, 0xEF, 0xFF, 0x3F, 0xFF, 0xFF, 0xE7, 0xFF, 0x9F,
  0xFF, 0xFF, 0xFF, 0xFF, 0xCF, 0xFF, 0xFF, 0xFF, 0xFF, 0xE7, 0x80, 0x00,
  0x00, 0x00, 0x33, 0xC0, 0x00, 0x00, 0x00, 0x19, 0xE0, 0x00, 0x00, 0x00,
  0x0C, 0xF0, 0x03, 0x07, 0xF8, 0x06, 0x78, 0x07, 0x83, 0xFC, 0x03, 0x3C,
  0x00, 0xC0, 0x04, 0x01, 0x9E, 0x00, 0x60, 0x06, 0x00, 0xCF, 0x00, 0x30,
  0x06, 0x00, 0x67, 0x80, 0x18, 0x03, 0x00, 0x33, 0xC0, 0x0C, 0x03, 0x00,
  0x19, 0xE0, 0x06, 0x01, 0x80, 0x0C, 0xF0, 0x03, 0x00, 0xC0, 0x06, 0x78,
  0x01, 0x80, 0x60, 0x03, 0x3C, 0x00, 0xC0, 0x30, 0xFF, 0x9E, 0x03, 0xFC,
  0x18, 0x7F, 0xCF, 0x00, 0x00, 0x00, 0x3F, 0x87, 0x80, 0x00, 0x00, 0x1F,
  0x83, 0xC0, 0x00, 0x00, 0x0F, 0x81, 0xE0, 0x00, 0x00, 0x07, 0x80, 0xF0,
  0x00, 0x00, 0x03, 0x80, 0x7F, 0xFF, 0xFF, 0xFF, 0x00, 0x30, 0xC0, 0x00,
  0x00, 0x00, 0x18, 0x60, 0x00, 0x00, 0x00, 0x0C, 0x3F, 0xFF, 0xFF, 0xFF,
  0xFE, 0x00, 0x7F, 0xFF, 0xFF, 0xE0, 0x00, 0x06, 0x00, 0x00, 0x06, 0x00,
  0x00, 0x60, 0x00, 0x00, 0x60, 0x00, 0x06, 0x00, 0x00, 0x06, 0x00, 0x00,
  0x60, 0x00, 0x00, 0x60, 0x00, 0x06, 0x7E, 0x3F, 0xC6, 0x00, 0x00, 0x67,
  0xE0, 0x00, 0x60, 0x00, 0x06, 0x7E, 0x00, 0x06, 0x00, 0x00, 0x67, 0xE3,
  0xF0, 0x60, 0x00, 0x06, 0x7E, 0x00, 0x06, 0x00, 0x00, 0x67, 0xE0, 0x00,
  0x60, 0x00, 0x06, 0x00, 0x00, 0x06, 0x00, 0x03, 0xE0, 0x03, 0xC0, 0x7C,
  0x00, 0xC6, 0x00, 0x00, 0x06, 0x30, 0x0C, 0xE0, 0x00, 0x00, 0x73, 0x01,
  0x8E, 0x00, 0x00, 0x07, 0x18, 0x18, 0xE1, 0x00, 0x10, 0x71, 0x81, 0x9E,
  0x18, 0x01, 0x07, 0x18, 0x18, 0xFF, 0xFF, 0xFF, 0xF1, 0x81, 0x8E, 0x18,
  0x01, 0x03, 0x18, 0x1D, 0xC1, 0x00, 0x10, 0x1B, 0x00, 0xF8, 0x00, 0x00,
  0x01, 0xF0, 0x07, 0x80, 0x00, 0x00, 0x0E, 0x00, 0xF0, 0x00, 0x00, 0x00,
  0x70, 0x0E, 0x00, 0x00, 0x00, 0x07, 0x81, 0xC0, 0x00, 0x00, 0x00, 0x38,
  0x3F, 0xFF, 0xFF, 0xFF, 0xFF, 0xC3, 0x18, 0x00, 0x00, 0x01, 0x8E, 0x63,
  0x00, 0x00, 0x00, 0x0C, 0x66, 0x3F, 0xFF, 0xFF, 0xFF, 0xC7, 0xC0, 0xC0,
  0x00, 0x00, 0x30, 0x3C, 0x18, 0x00, 0x00, 0x01, 0x83, 0xC1, 0xFF, 0xFF,
  0xFF, 0xF8, 0x3C, 0x07, 0x00, 0x00, 0x0E, 0x03, 0xC0, 0xF0, 0x00, 0x00,
  0xF8, 0x3C, 0x1D, 0xFF, 0xFF, 0xFF, 0xC3, 0x67, 0x1F, 0xFF, 0xFF, 0xCE,
  0x77, 0xE0, 0x00, 0x00, 0x00, 0x7E, 0x3C, 0x00, 0x00, 0x00, 0x01, 0xC0,
  0xFF, 0xFF, 0xFF, 0xFF, 0xFF, 0x04, 0x08, 0x20, 0x41, 0x06, 0x08, 0x10,
  0x40, 0x82, 0x1C, 0x10, 0x20, 0x81, 0x04, 0x78, 0x20, 0x41, 0x02, 0x09,
  0xB0, 0x40, 0x82, 0x04, 0x13, 0x7F, 0xFF, 0xFF, 0xFF, 0xFF, 0xC1, 0x02,
  0x08, 0x10, 0x71, 0x82, 0x04, 0x10, 0x20, 0xC3, 0x04, 0x08, 0x20, 0x41,
  0x86, 0x08, 0x10, 0x40, 0x86, 0x0C, 0x10, 0x20, 0x81, 0x1C, 0x18, 0x20,
  0x41, 0x02, 0x68, 0x3F, 0xFF, 0xFF, 0xFF, 0xFF, 0xE0, 0x81, 0x04, 0x0B,
  0x20, 0xC1, 0x02, 0x08, 0x1C, 0x41, 0x82, 0x04, 0x10, 0x38, 0x83, 0x04,
  0x08, 0x20, 0x61, 0x06, 0x08, 0x10, 0x41, 0x82, 0x0F, 0xFF, 0xFF, 0xFF,
  0xFF, 0xF8, 0x20, 0x41, 0x0E, 0x08, 0x30, 0x50, 0x82, 0x34, 0x10, 0x60,
  0xB1, 0x04, 0xC8, 0x20, 0xC1, 0xF2, 0x0B, 0x10, 0x41, 0x83, 0xF4, 0x16,
  0x20, 0x83, 0x06, 0x78, 0x38, 0x41, 0x07, 0xFF, 0xFF, 0xFF, 0xFF, 0xFC,
  0x30, 0x71, 0x81, 0x04, 0x18, 0x60, 0x73, 0x02, 0x08, 0x31, 0xC0, 0xBE,
  0x04, 0x10, 0x63, 0x81, 0x34, 0x08, 0x20, 0xCD, 0x02, 0x08, 0x10, 0x41,
  0xFF, 0xFF, 0xFF, 0xFF, 0xFF, 0x64, 0x08, 0x20, 0x41, 0x06, 0xC8, 0x10,
  0x40, 0x82, 0x0F, 0x10, 0x20, 0x81, 0x04, 0x1E, 0x20, 0x41, 0x02, 0x08,
  0x38, 0x40, 0x82, 0x04, 0x10, 0x7F, 0xFF, 0xFF, 0xFF, 0xFF, 0x80, 0xFF,
  0xFF, 0xFF, 0xFF, 0xFF, 0x84, 0x08, 0x20, 0x41, 0x07, 0x08, 0x10, 0x40,
  0x82, 0x0F, 0x10, 0x20, 0x81, 0x04, 0x1A, 0x20, 0x41, 0x02, 0x08, 0x36,
  0x40, 0x82, 0x04, 0x10, 0x7F, 0xFF, 0xFF, 0xFF, 0xFF, 0xCD, 0x02, 0x08,
  0x10, 0x41, 0x8A, 0x04, 0xD0, 0x20, 0x83, 0x1C, 0x0B, 0xE0, 0x41, 0x06,
  0x18, 0x1F, 0xC0, 0x82, 0x0C, 0x30, 0x39, 0x81, 0x04, 0x18, 0x20, 0xC1,
  0x82, 0x08, 0x3F, 0xFF, 0xFF, 0xFF, 0xFF, 0xE0, 0xCD, 0x07, 0x08, 0x20,
  0xC1, 0xF2, 0x0B, 0x10, 0x41, 0x82, 0xC4, 0x13, 0x20, 0x83, 0x05, 0x08,
  0x27, 0x41, 0x06, 0x08, 0x10, 0x46, 0x82, 0x0F, 0xFF, 0xFF, 0xFF, 0xFF,
  0xF8, 0x20, 0x41, 0x06, 0x08, 0x30, 0x40, 0x82, 0x0E, 0x10, 0x60, 0x81,
  0x04, 0x0C, 0x20, 0xC1, 0x02, 0x08, 0x1C, 0x41, 0x82, 0x04, 0x10, 0x2C,
  0x83, 0x04, 0x08, 0x20, 0x59, 0x07, 0xFF, 0xFF, 0xFF, 0xFF, 0xFC, 0x10,
  0x20, 0x81, 0x1C, 0x18, 0x20, 0x41, 0x02, 0x38, 0x30, 0x40, 0x82, 0x04,
  0x30, 0x60, 0x81, 0x04, 0x08, 0x30, 0xC1, 0x02, 0x08, 0x10, 0x71, 0xFF,
  0xFF, 0xFF, 0xFF, 0xFF, 0x04, 0x08, 0x20, 0x41, 0x66, 0x08, 0x10, 0x40,
  0x82, 0x6C, 0x10, 0x20, 0x81, 0x04, 0x78, 0x20, 0x41, 0x02, 0x08, 0xF0,
  0x40, 0x82, 0x04, 0x10, 0xFF, 0xFF, 0xFF, 0xFF, 0xFF, 0x80, 0xFF, 0xFF,
  0xFF, 0xFF, 0xFF, 0x00, 0x00, 0x00, 0x00, 0x06, 0x00, 0x00, 0x00, 0x00,
  0x0C, 0x00, 0x00, 0x00, 0x00, 0x18, 0x00, 0x00, 0x00, 0x00, 0x30, 0x00,
  0x00, 0x00, 0x00, 0x7F, 0xFF, 0xFF, 0xFF, 0xFF, 0xC0, 0x00, 0x00, 0x07,
  0xE1, 0x80, 0x00, 0x00, 0x0F, 0xC3, 0x00, 0x00, 0x00, 0x1F, 0x86, 0x00,
  0x00, 0x00, 0x3F, 0x0C, 0x00, 0x00, 0x00, 0x7E, 0x18, 0x00, 0x00, 0x00,
  0xFC, 0x3F, 0xFF, 0xFF, 0xFF, 0xFF, 0xE0, 0x00, 0x00, 0x03, 0xF0, 0xC0,
  0x00, 0x00, 0x07, 0xE1, 0x83, 0xF0, 0x00, 0x0F, 0xC3, 0x07, 0xE0, 0x00,
  0x1F, 0x86, 0x0F, 0xC0, 0x00, 0x3F, 0x0F, 0xFF, 0xFF, 0xFF, 0xFF, 0xF8,
  0x3F, 0x00, 0x00, 0xFC, 0x30, 0x7E, 0x00, 0x01, 0xF8, 0x60, 0xFC, 0x00,
  0x03, 0xF0, 0xC1, 0xF8, 0x3F, 0x07, 0xE1, 0x83, 0xF0, 0x7E, 0x0F, 0xC3,
  0x07, 0xE0, 0xFC, 0x1F, 0x87, 0xFF, 0xFF, 0xFF, 0xFF, 0xFC, 0x1F, 0x83,
  0xF0, 0x7E, 0x18, 0x3F, 0x07, 0xE0, 0xFC, 0x30, 0x7E, 0x0F, 0xC1, 0xF8,
  0x60, 0xFC, 0x1F, 0x83, 0xF0, 0xC1, 0xF8, 0x3F, 0x07, 0xE1, 0xFF, 0xFF,
  0xFF, 0xFF, 0xFF, 0x07, 0xE0, 0xFC, 0x1F, 0x86, 0x0F, 0xC1, 0xF8, 0x3F,
  0x0C, 0x1F, 0x83, 0xF0, 0x7E, 0x18, 0x3F, 0x07, 0xE0, 0xFC, 0x30, 0x7E,
  0x0F, 0xC1, 0xF8, 0x7F, 0xFF, 0xFF, 0xFF, 0xFF, 0xFF, 0xFF, 0xFF, 0xFF,
  0xFF, 0x00, 0x07, 0x00, 0x00, 0x00, 0x12, 0x00, 0x00, 0x00, 0xC8, 0x00,
  0x00, 0x03, 0x20, 0x00, 0x00, 0x1F, 0xC0, 0x00, 0x03, 0xFF, 0xF0, 0x0F,
  0xFF, 0xFF, 0xFF, 0xF0, 0x7F, 0xFF, 0x83, 0xC0, 0x00, 0x00, 0x0F, 0x00,
  0x00, 0x00, 0x3C, 0x00, 0x00, 0x00, 0xF0, 0x00, 0x00, 0x03, 0xC0, 0x00,
  0x00, 0x0F, 0x0F, 0xFF, 0xFC, 0x3C, 0x00, 0x00, 0x00, 0xF0, 0x00, 0x00,
  0x03, 0xC0, 0x00, 0x00, 0x0F, 0x00, 0x00, 0x00, 0x3C, 0x3F, 0xFF, 0xF0,
  0xF0, 0x00, 0x00, 0x03, 0xC0, 0x00, 0x00, 0x0F, 0x00, 0x00, 0x00, 0x3C,
  0x3F, 0xFF, 0xF0, 0xF0, 0x00, 0x00, 0x03, 0xC0, 0x00, 0x00, 0x0F, 0x00,
  0x00, 0x00, 0x3C, 0x00, 0x00, 0x00, 0xF0, 0xFF, 0xFF, 0xC3, 0xC0, 0x00,
  0x00, 0x0F, 0x00, 0x00, 0x00, 0x3C, 0x00, 0x00, 0x00, 0xF0, 0x00, 0x00,
  0x03, 0xC3, 0xFE, 0x00, 0x0F, 0x00, 0x00, 0x00, 0x3C, 0x00, 0x00, 0x00,
  0xF0, 0x00, 0x00, 0x03, 0xC0, 0x00, 0x00, 0x0F, 0x00, 0x00, 0x00, 0x3F,
  0xFF, 0xFF, 0xFF, 0xC0, 0x00, 0x00, 0x00, 0x78, 0x00, 0x00, 0x00, 0x00,
  0xC6, 0x00, 0x00, 0x00, 0x01, 0xC3, 0x00, 0x00, 0x00, 0x07, 0xC0, 0xC0,
  0x00, 0x00, 0x0E, 0x60, 0x60, 0x00, 0x00, 0x0C, 0x60, 0x30, 0x00, 0x00,
  0x0C, 0x30, 0x18, 0x00, 0x00, 0x0C, 0x38, 0x0C, 0x00, 0x00, 0x06, 0x1C,
  0x0C, 0x00, 0x00, 0x06, 0x0C, 0x06, 0x00, 0x00, 0x0F, 0x07, 0x02, 0x00,
  0x3F, 0x9F, 0x83, 0x83, 0x00, 0x60, 0xF1, 0xC1, 0xC3, 0x00, 0xC0, 0x60,
  0xC0, 0xFF, 0x00, 0xC0, 0x00, 0x60, 0x3F, 0x00, 0xC0, 0x00, 0x38, 0x0E,
  0x00, 0xC0, 0x00, 0x0C, 0x18, 0x00, 0x60, 0x00, 0x07, 0x10, 0x00, 0x60,
  0x00, 0x0D, 0xE0, 0x00, 0x30, 0x00, 0x38, 0x00, 0x00, 0x38, 0x00, 0x70,
  0x00, 0x00, 0x18, 0x00, 0x30, 0x00, 0x00, 0x0C, 0x00, 0x30, 0x00, 0x00,
  0x0E, 0x00, 0x18, 0x00, 0x00, 0x1F, 0x00, 0x18, 0x00, 0x00, 0x39, 0x80,
  0x18, 0x00, 0x00, 0x73, 0xC0, 0x18, 0x00, 0x00, 0xC7, 0x60, 0x18, 0x00,
  0x01, 0x8E, 0x18, 0x18, 0x00, 0x03, 0x1C, 0x0E, 0x30, 0x00, 0x06, 0x30,
  0x03, 0xE0, 0x00, 0x0C, 0x60, 0x00, 0x00, 0x00, 0x18, 0xC0, 0x00, 0x00,
  0x00, 0x19, 0x80, 0x00, 0x00, 0x00, 0x33, 0x00, 0x00, 0x00, 0x00, 0x6E,
  0x00, 0x00, 0x00, 0x00, 0xDC, 0x00, 0x00, 0x00, 0x00, 0xF0, 0x00, 0x00,
  0x00, 0x00, 0x60, 0x00, 0x00, 0x00, 0x00, 0x01, 0xF8, 0x00, 0x7F, 0xE0,
  0x1F, 0xFF, 0x83, 0xE7, 0xFC, 0x3C, 0x7F, 0xC7, 0xFF, 0xFE, 0x73, 0xFF,
  0xEE, 0x7F, 0xFF, 0xE7, 0xFF, 0xFE, 0x7F, 0xFF, 0xEF, 0xFF, 0xFF, 0xFF,
  0xFF, 0xFF, 0xFF, 0xF7, 0xFF, 0xFE, 0x7F, 0xFF, 0xE3, 0xFF, 0xFC, 0x3F,
  0xFF, 0xC1, 0xFF, 0xF8, 0x07, 0xFE, 0x00, 0x1F, 0x80, 0x01, 0x98, 0x00,
  0x19, 0x80, 0x01, 0x98, 0x00, 0x19, 0x80, 0x01, 0x98, 0x00, 0x19, 0x80,
  0x01, 0x98, 0x00, 0x19, 0x80, 0x01, 0x98, 0x00, 0x19, 0x80, 0x01, 0x98,
  0x00, 0x19, 0x80, 0x00, 0x98, 0x00, 0x09, 0x00, 0x00, 0x90, 0x00, 0x0F,
  0x00, 0x00, 0xF0, 0x00, 0x0F, 0x00, 0x00, 0xF0, 0x00, 0x06, 0x00, 0x03,
  0xF0, 0x00, 0x00, 0x00, 0x01, 0xC1, 0xC0, 0x00, 0x00, 0x00, 0x60, 0x0C,
  0x00, 0x00, 0x00, 0x18, 0x00, 0xC0, 0x80, 0x00, 0x06, 0x1E, 0x0C, 0x38,
  0x00, 0x00, 0xCE, 0x30, 0xCD, 0x80, 0x00, 0x31, 0x83, 0x0F, 0x18, 0x00,
  0x06, 0x60, 0x30, 0xE1, 0x80, 0x00, 0xCC, 0x03, 0x0E, 0x18, 0x00, 0x19,
  0x80, 0x30, 0xE1, 0x80, 0x03, 0x38, 0x03, 0x0E, 0x18, 0x00, 0x63, 0x00,
  0x30, 0xE1, 0x80, 0x06, 0x30, 0x03, 0x0E, 0x18, 0x00, 0xC3, 0x06, 0x30,
  0xE1, 0x80, 0x0C, 0x31, 0xE3, 0x0E, 0x18, 0x00, 0xC3, 0x66, 0x71, 0xE1,
  0x80, 0x0C, 0x38, 0x67, 0x1E, 0x18, 0x00, 0xC3, 0x06, 0x71, 0xE1, 0x80,
  0x0C, 0x30, 0x47, 0x1E, 0x18, 0x00, 0xC3, 0x04, 0x71, 0xE3, 0x80, 0x0C,
  0x30, 0x47, 0x3E, 0x38, 0x00, 0xC3, 0x04, 0x66, 0xE3, 0x00, 0x0C, 0x30,
  0x4C, 0xCE, 0x30, 0x00, 0xC3, 0x07, 0x18, 0xE6, 0x00, 0x0C, 0x30, 0x06,
  0x0C, 0x60, 0x00, 0xC3, 0x01, 0x81, 0xCC, 0x00, 0x0C, 0x30, 0x60, 0x19,
  0x80, 0x00, 0xC3, 0xF8, 0x03, 0x30, 0x00, 0x0C, 0x30, 0x00, 0x66, 0x00,
  0x00, 0xC3, 0x00, 0x0C, 0xC0, 0x00, 0x0C, 0x20, 0x03, 0x18, 0x00, 0x00,
  0xC2, 0x00, 0x66, 0x00, 0x00, 0x0C, 0x20, 0x18, 0xC0, 0x00, 0x00, 0xC3,
  0x0E, 0x30, 0x00, 0x00, 0x08, 0x1F, 0x0C, 0x00, 0x00, 0x00, 0x80, 0x03,
  0x80, 0x00, 0x00, 0x0C, 0x00, 0xC0, 0x00, 0x00, 0x00, 0xE0, 0x70, 0x00,
  0x00, 0x00, 0x03, 0xF8, 0x00, 0x00, 0x80, 0x00, 0x00, 0x00, 0x01, 0xC0,
  0x00, 0x00, 0x00, 0x03, 0x60, 0x00, 0x00, 0x00, 0x06, 0x30, 0x00, 0x00,
  0x00, 0x0C, 0x18, 0x00, 0x00, 0x00, 0x18, 0x3C, 0x00, 0x00, 0x00, 0x30,
  0x26, 0x00, 0x00, 0x00, 0x60, 0x03, 0x00, 0x00, 0x00, 0xC0, 0x07, 0x80,
  0x00, 0x00, 0x60, 0x0C, 0xC0, 0x00, 0x00, 0x30, 0x08, 0x60, 0x00, 0x00,
  0x18, 0x00, 0xF0, 0x00, 0x00, 0x0C, 0x00, 0x98, 0x00, 0x00, 0x06, 0x00,
  0x1C, 0x00, 0x00, 0x03, 0x00, 0x36, 0x00, 0x00, 0x01, 0x80, 0x63, 0x00,
  0x00, 0x00, 0xC0, 0x03, 0x80, 0x00, 0x00, 0x60, 0x06, 0xC0, 0x00, 0x00,
  0x30, 0x00, 0x60, 0x00, 0x00, 0x18, 0x00, 0x70, 0x00, 0x00, 0x0C, 0x00,
  0xD8, 0x00, 0x00, 0x06, 0x01, 0x8C, 0x00, 0x00, 0x03, 0x00, 0x0E, 0x00,
  0x00, 0x01, 0x80, 0x13, 0x00, 0x00, 0x00, 0xC0, 0x01, 0x80, 0x00, 0x00,
  0x60, 0x03, 0xC0, 0x00, 0x00, 0x30, 0x06, 0x60, 0x00, 0x00, 0x18, 0x04,
  0x30, 0x00, 0x00, 0x0C, 0x00, 0x78, 0x00, 0x00, 0x06, 0x00, 0x4C, 0x00,
  0x00, 0x03, 0x00, 0x06, 0x00, 0x00, 0x01, 0x80, 0x06, 0x00, 0x00, 0x00,
  0xC0, 0x0C, 0x00, 0x00, 0x00, 0x60, 0x18, 0x00, 0x00, 0x00, 0x30, 0x30,
  0x00, 0x00, 0x00, 0x18, 0x60, 0x00, 0x00, 0x00, 0x0C, 0xC0, 0x00, 0x00,
  0x00, 0x07, 0x80, 0x00, 0x00, 0x00, 0x03, 0x00, 0x00, 0x00, 0x00, 0x00,
  0x00, 0x00, 0x00, 0x00, 0x00, 0x00, 0x40, 0x00, 0x00, 0x00, 0x00, 0x30,
  0x00, 0x00, 0x00, 0x00, 0x1C, 0x00, 0x00, 0x00, 0x00, 0x0D, 0x00, 0x00,
  0x00, 0x00, 0x06, 0x60, 0x00, 0x00, 0x00, 0x03, 0x18, 0x00, 0x00, 0x00,
  0x01, 0x86, 0x00, 0x00, 0x00, 0x00, 0xC1, 0x80, 0x00, 0x00, 0x00, 0x60,
  0xE0, 0x00, 0x00, 0x00, 0x30, 0xD8, 0x00, 0x00, 0x00, 0x18, 0x46, 0x00,
  0x00, 0x00, 0x0C, 0x03, 0x80, 0x00, 0x00, 0x06, 0x03, 0x60, 0x00, 0x00,
  0x03, 0x03, 0x18, 0x00, 0x00, 0x01, 0x81, 0x0E, 0x00, 0x00, 0x00, 0xC0,
  0x0D, 0x80, 0x00, 0x00, 0x60, 0x04, 0x60, 0x00, 0x00, 0x30, 0x00, 0x38,
  0x00, 0x00, 0x18, 0x00, 0x36, 0x00, 0x00, 0x0C, 0x00, 0x31, 0xC0, 0x00,
  0x06, 0x02, 0x01, 0xF0, 0x00, 0x03, 0x01, 0x81, 0x9C, 0x00, 0x01, 0x80,
  0xE0, 0x07, 0x00, 0x00, 0xC0, 0x78, 0x07, 0xC0, 0x00, 0x60, 0x36, 0x06,
  0x70, 0x00, 0x30, 0x19, 0x82, 0x1C, 0x00, 0x18, 0x0C, 0x60, 0x1F, 0x00,
  0x0C, 0x06, 0x18, 0x18, 0xC0, 0x06, 0x03, 0x06, 0x00, 0xF0, 0x03, 0x01,
  0xFF, 0xC0, 0xCC, 0x01, 0x80, 0x00, 0x00, 0xC3, 0x00, 0xC0, 0x00, 0x00,
  0x02, 0xC0, 0x60, 0x00, 0x00, 0x02, 0x30, 0x30, 0x00, 0x00, 0x00, 0x0C,
  0x18, 0x00, 0x00, 0x00, 0x03, 0x0C, 0x00, 0x00, 0x00, 0x00, 0xE6, 0x00,
  0x00, 0x00, 0x00, 0x3B, 0xFF, 0xFF, 0xFF, 0xFF, 0xFE, 0xFF, 0xFF, 0xFF,
  0xF8, 0x18, 0x00, 0x00, 0x03, 0x03, 0x00, 0x00, 0x00, 0x60, 0x60, 0x00,
  0x00, 0x0F, 0xCC, 0x00, 0x00, 0x01, 0x99, 0x80, 0x00, 0x00, 0x33, 0x30,
  0x00, 0x00, 0x06, 0x66, 0x00, 0x00, 0x00, 0xCC, 0xC3, 0xFF, 0xFC, 0x7F,
  0xF8, 0x7F, 0xFF, 0x9F, 0xFF, 0x00, 0x00, 0x03, 0xFF, 0xE0, 0x00, 0x00,
  0x3F, 0xFC, 0x00, 0x00, 0x01, 0x99, 0x87, 0xFF, 0xF8, 0x33, 0x30, 0x00,
  0x00, 0x07, 0xFE, 0x00, 0x00, 0x00, 0xFF, 0xC0, 0x00, 0x00, 0x1F, 0xF8,
  0x7F, 0xFF, 0x83, 0xFF, 0x00, 0x00, 0x00, 0x66, 0x60, 0x00, 0x00, 0x0C,
  0xCC, 0x00, 0x00, 0x07, 0xFF, 0x80, 0x00, 0x01, 0xFF, 0xF0, 0xFF, 0xFF,
  0x3F, 0xFE, 0x00, 0x00, 0x03, 0xFF, 0xC0, 0x00, 0x00, 0x19, 0x98, 0x00,
  0x00, 0x03, 0x33, 0x0F, 0xF0, 0x00, 0x7F, 0xE1, 0xFE, 0x00, 0x0F, 0xFC,
  0x00, 0x00, 0x01, 0xFF, 0x80, 0x00, 0x00, 0x3F, 0xF0, 0x00, 0x00, 0x06,
  0x66, 0x00, 0x00, 0x00, 0xCC, 0xC0, 0x00, 0x00, 0x19, 0x9F, 0xFF, 0xFF,
  0xFF, 0x33, 0xFF, 0xFF, 0xFF, 0xE6, 0x06, 0x00, 0x00, 0x00, 0xC0, 0xC0,
  0x00, 0x00, 0x18, 0x18, 0x00, 0x00, 0x03, 0x03, 0xFF, 0xFF, 0xFF, 0xE0,
  0x0F, 0xFF, 0xFF, 0xF8, 0x07, 0x00, 0x00, 0x03, 0xC1, 0x80, 0x00, 0x00,
  0x7C, 0x60, 0x00, 0x00, 0x17, 0x1B, 0x80, 0x00, 0x04, 0xCF, 0xE0, 0x00,
  0x01, 0x37, 0xB8, 0x00, 0x00, 0x4E, 0x60, 0x00, 0x00, 0x13, 0x98, 0x00,
  0x00, 0x04, 0xE6, 0x00, 0x00, 0x01, 0x37, 0xB8, 0x00, 0x00, 0x4D, 0xFE,
  0x00, 0x00, 0x13, 0xDB, 0x80, 0x00, 0x04, 0xE6, 0x00, 0x00, 0x01, 0x39,
  0x80, 0x00, 0x00, 0x4F, 0xEE, 0x00, 0x00, 0x13, 0x3F, 0x80, 0x00, 0x04,
  0xDE, 0xE0, 0x00, 0x01, 0x39, 0x80, 0x00, 0x00, 0x4E, 0x60, 0x00, 0x00,
  0x13, 0x98, 0x00, 0x00, 0x04, 0xDE, 0xE0, 0x00, 0x01, 0x33, 0xF8, 0x00,
  0x00, 0x4D, 0xEE, 0x00, 0x00, 0x13, 0x98, 0x00, 0x00, 0x04, 0xE6, 0x00,
  0x00, 0x01, 0x39, 0x80, 0x00, 0x00, 0x4D, 0xEE, 0x00, 0x00, 0x13, 0x3F,
  0x80, 0x00, 0x04, 0xD6, 0xE0, 0x00, 0x01, 0x39, 0x80, 0x00, 0x00, 0x4E,
  0x60, 0x00, 0x00, 0x13, 0x98, 0x00, 0x00, 0x04, 0xF7, 0x00, 0x00, 0x03,
  0x37, 0xFF, 0xFF, 0xFF, 0x4C, 0x70, 0x00, 0x00, 0x1B, 0x0E, 0x00, 0x00,
  0x03, 0xC3, 0xC0, 0x00, 0x00, 0x60, 0x7F, 0xFF, 0xFF, 0xF0, 0x7F, 0xFF,
  0xFF, 0xF0, 0x7F, 0xFF, 0xFF, 0xFF, 0x3F, 0x68, 0x28, 0x0F, 0xFF, 0x96,
  0xD5, 0xFB, 0xFF, 0xE2, 0x22, 0x65, 0x9F, 0xF6, 0x34, 0x24, 0xCF, 0xF0,
  0x92, 0x40, 0x67, 0xF8, 0x7F, 0xFA, 0x73, 0xFD, 0x3F, 0xFD, 0x39, 0xFE,
  0x70, 0x01, 0x1C, 0xFF, 0x48, 0x00, 0xA6, 0x7F, 0xAC, 0x00, 0x5B, 0x3F,
  0xC2, 0x00, 0x29, 0x9F, 0xE5, 0x00, 0x29, 0xCF, 0xFC, 0x7F, 0xF1, 0x67,
  0xFC, 0x90, 0x0C, 0x33, 0xFE, 0x04, 0xA3, 0x39, 0xFE, 0x18, 0xC6, 0xDC,
  0xFF, 0x15, 0x4C, 0x06, 0x7F, 0xB8, 0x91, 0x9F, 0x3F, 0xC7, 0x6C, 0x6D,
  0x9F, 0xF4, 0x1A, 0x84, 0xCF, 0xF2, 0x84, 0x42, 0xE7, 0xF9, 0x4E, 0x64,
  0x73, 0xFD, 0x30, 0x81, 0x39, 0xFE, 0x61, 0x92, 0x0C, 0xFF, 0x00, 0x88,
  0x7E, 0x7F, 0x93, 0xA0, 0x9B, 0x3F, 0xE0, 0x54, 0x61, 0x9F, 0xF1, 0x89,
  0x00, 0xCF, 0xF4, 0x05, 0x8E, 0x67, 0xF8, 0x94, 0x01, 0xB3, 0xFE, 0x25,
  0xA6, 0x39, 0xFF, 0xFF, 0xFF, 0xFE, 0xFF, 0xFF, 0xFF, 0xFB, 0x78, 0x00,
  0x00, 0x01, 0xFC, 0x00, 0x00, 0x00, 0x3E, 0x00, 0x00, 0x00, 0x19, 0xFF,
  0xFF, 0xFF, 0xF8, 0x7F, 0xFF, 0xFF, 0xF8, 0x7F, 0xFF, 0xFF, 0xFF, 0x3E,
  0x00, 0x00, 0x07, 0xFF, 0x00, 0x00, 0x01, 0xFF, 0x80, 0x00, 0x00, 0xDF,
  0xC0, 0x00, 0x00, 0x6F, 0xE0, 0x07, 0x00, 0x37, 0xF0, 0x0F, 0xE0, 0x1B,
  0xF8, 0x7E, 0x3F, 0x0D, 0xFC, 0x3E, 0x0F, 0x86, 0xFE, 0x18, 0x00, 0xC3,
  0x7F, 0x0C, 0x00, 0x61, 0xBF, 0x86, 0x00, 0x30, 0xDF, 0xC3, 0xC0, 0x78,
  0x6F, 0xE1, 0xF8, 0xFC, 0x37, 0xF0, 0x0F, 0xE0, 0x1B, 0xF8, 0x01, 0xC0,
  0x0D, 0xFC, 0x00, 0x00, 0x06, 0xFE, 0x00, 0x00, 0x03, 0x7F, 0x00, 0x00,
  0x01, 0xBF, 0x80, 0x00, 0x00, 0xDF, 0xC0, 0x00, 0x00, 0x6F, 0xE0, 0x00,
  0x00, 0x37, 0xF0, 0x00, 0x00, 0x1B, 0xF8, 0x00, 0x00, 0x0D, 0xFC, 0x00,
  0x00, 0x06, 0xFE, 0x00, 0x00, 0x03, 0x7F, 0x00, 0x00, 0x01, 0xBF, 0x80,
  0x00, 0x00, 0xDF, 0xC0, 0x00, 0x00, 0x6F, 0xE0, 0x00, 0x00, 0x37, 0xF0,
  0x00, 0x00, 0x1B, 0xF8, 0x00, 0x00, 0x0D, 0xFC, 0x00, 0x00, 0x0E, 0xFF,
  0xFF, 0xFF, 0xFF, 0x7C, 0x00, 0x00, 0x00, 0xFC, 0x00, 0x00, 0x00, 0x7E,
  0x00, 0x00, 0x00, 0x1D, 0xFF, 0xFF, 0xFF, 0xF8, 0x7F, 0xFF, 0xFF, 0xF8,
  0x7F, 0xFF, 0xFF, 0xFF, 0x3E, 0x18, 0x30, 0xC7, 0xFF, 0x0C, 0x18, 0x61,
  0xFF, 0x86, 0x0C, 0x30, 0xDF, 0xC3, 0x06, 0x18, 0x6F, 0xE1, 0x83, 0x0C,
  0x37, 0xF0, 0xC1, 0x86, 0x1B, 0xF8, 0x60, 0xC3, 0x0D, 0xFC, 0x30, 0x61,
  0x86, 0xFE, 0x18, 0x30, 0xC3, 0x7F, 0x0C, 0x18, 0x61, 0xBF, 0x86, 0x0C,
  0x30, 0xDF, 0xC3, 0x06, 0x18, 0x6F, 0xE1, 0x83, 0x0C, 0x37, 0xF0, 0xC1,
  0x86, 0x1B, 0xF8, 0x60, 0xC3, 0x0D, 0xFC, 0x30, 0x61, 0x86, 0xFE, 0x18,
  0x30, 0xC3, 0x7F, 0x0C, 0x18, 0x61, 0xBF, 0x86, 0x0C, 0x30, 0xDF, 0xC3,
  0x06, 0x18, 0x6F, 0xE1, 0x83, 0x0C, 0x37, 0xF0, 0xC1, 0x86, 0x1B, 0xF8,
  0x60, 0xC3, 0x0D, 0xFC, 0x30, 0x61, 0x86, 0xFE, 0x18, 0x30, 0xC3, 0x7F,
  0x0C, 0x18, 0x61, 0xBF, 0x86, 0x0C, 0x30, 0xDF, 0xC3, 0x06, 0x18, 0x6F,
  0xE1, 0x83, 0x0C, 0x37, 0xF0, 0xC1, 0x86, 0x1B, 0xF8, 0x60, 0xC3, 0x1D,
  0xFF, 0xFF, 0xFF, 0xFE, 0xFF, 0xFF, 0xFF, 0xFF, 0xF8, 0x00, 0x00, 0x00,
  0xFC, 0x00, 0x00, 0x00, 0x1E, 0x00, 0x00, 0x00, 0x19, 0xFF, 0xFF, 0xFF,
  0xF8, 0x00, 0x07, 0xF8, 0xFF, 0x00, 0x00, 0x1F, 0xE0, 0x38, 0x0F, 0xF0,
  0x07, 0xE0, 0x00, 0x80, 0x01, 0xE1, 0xF0, 0x00, 0x04, 0x00, 0x01, 0xFF,
  0x80, 0xEE, 0x23, 0xD8, 0x0F, 0xD4, 0xFF, 0x01, 0x00, 0xFE, 0x56, 0xA6,
  0x00, 0x08, 0x00, 0x32, 0xB5, 0x00, 0x00, 0x40, 0x00, 0x15, 0xA8, 0x0F,
  0x62, 0x33, 0xC0, 0xAD, 0x4E, 0x70, 0x10, 0x06, 0xE5, 0x6A, 0x60, 0x00,
  0x80, 0x01, 0x2B, 0x50, 0x00, 0x04, 0x00, 0x01, 0x5A, 0x80, 0xCA, 0x23,
  0x4C, 0x0A, 0xD4, 0xFC, 0x01, 0x00, 0x3E, 0x56, 0xA0, 0x00, 0x08, 0x00,
  0x02, 0xB5, 0x00, 0xDC, 0x47, 0xB0, 0x15, 0xA9, 0xE4, 0x02, 0x01, 0xBC,
  0xAD, 0x4C, 0x00, 0x10, 0x00, 0x65, 0x6A, 0x00, 0x00, 0x80, 0x00, 0x2B,
  0x50, 0x1E, 0xC4, 0x77, 0x81, 0x5A, 0x99, 0xC0, 0x20, 0x0C, 0xCA, 0xD4,
  0x80, 0x01, 0x00, 0x02, 0x56, 0xA0, 0x00, 0x08, 0x00, 0x02, 0xB5, 0x00,
  0x00, 0x40, 0x00, 0x15, 0xA8, 0x07, 0xFA, 0xFF, 0x00, 0xAD, 0x47, 0xE0,
  0x7C, 0x0F, 0xC5, 0x6B, 0xF0, 0x01, 0x80, 0x0F, 0xEB, 0x40, 0x00, 0x00,
  0x00, 0x00, 0x5A, 0x00, 0x1F, 0x07, 0xC0, 0x02, 0xD0, 0xFF, 0x06, 0xC3,
  0xFF, 0x16, 0xFF, 0xC0, 0x14, 0x01, 0xFF, 0xB0, 0x03, 0xFE, 0xEF, 0xF8,
  0x01, 0xFF, 0xFF, 0x18, 0xCF, 0xFF, 0xFF, 0xC0, 0x00, 0x7C, 0x00, 0x07,
  0xC0, 0x7F, 0xFF, 0xFF, 0xF8, 0x7F, 0xFF, 0xFF, 0xFF, 0x3F, 0x06, 0x06,
  0x07, 0xFF, 0x81, 0x81, 0xC1, 0xFF, 0xC0, 0x60, 0x70, 0xDF, 0xE0, 0x18,
  0x1C, 0x6F, 0xF8, 0x06, 0x07, 0x37, 0xFE, 0x01, 0x81, 0xDB, 0xFD, 0x80,
  0x60, 0x7D, 0xFE, 0x60, 0x18, 0x1E, 0xFF, 0x18, 0x06, 0x03, 0x7F, 0x86,
  0x01, 0x81, 0xBF, 0xC1, 0xC0, 0x60, 0xDF, 0xE0, 0x70, 0x18, 0x6F, 0xF0,
  0x1C, 0x06, 0x37, 0xFC, 0x07, 0x01, 0x9B, 0xFF, 0x01, 0xC0, 0x6D, 0xFE,
  0xE0, 0x70, 0x1E, 0xFF, 0x38, 0x0C, 0x07, 0x7F, 0x8E, 0x03, 0x01, 0xBF,
  0xC3, 0x80, 0xC0, 0xDF, 0xE0, 0xE0, 0x30, 0x6F, 0xF0, 0x38, 0x0C, 0x37,
  0xFC, 0x0E, 0x03, 0x1B, 0xFF, 0x03, 0x80, 0xCD, 0xFE, 0xC0, 0xE0, 0x36,
  0xFF, 0x30, 0x38, 0x0F, 0x7F, 0x8C, 0x0E, 0x03, 0xBF, 0xC3, 0x01, 0x80,
  0xDF, 0xE0, 0xC0, 0x60, 0x6F, 0xF0, 0x30, 0x18, 0x37, 0xF8, 0x0C, 0x06,
  0x1B, 0xFC, 0x03, 0x01, 0x9D, 0xFF, 0xFF, 0xFF, 0xFE, 0xFF, 0xFF, 0xFF,
  0xFB, 0xF8, 0x00, 0x00, 0x00, 0xFC, 0x00, 0x00, 0x00, 0x3E, 0x00, 0x00,
  0x00, 0x19, 0xFF, 0xFF, 0xFF, 0xF8, 0x7F, 0xFF, 0xFF, 0xF8, 0x7F, 0xFF,
  0xFF, 0xFF, 0x3E, 0x00, 0x00, 0x07, 0xFF, 0x00, 0x00, 0x01, 0xFF, 0x80,
  0x00, 0x00, 0xDF, 0xFF, 0xFF, 0xFF, 0xEF, 0xFF, 0xFF, 0xFF, 0xF7, 0xF0,
  0x00, 0x00, 0x1B, 0xF8, 0x00, 0x00, 0x0D, 0xFC, 0x00, 0x00, 0x06, 0xFE,
  0x00, 0x00, 0x03, 0x7F, 0xFF, 0xFF, 0xFF, 0xBF, 0xFF, 0xFF, 0xFF, 0xDF,
  0xC0, 0x00, 0x00, 0x6F, 0xE0, 0x00, 0x00, 0x37, 0xF0, 0x00, 0x00, 0x1B,
  0xFF, 0xFF, 0xFF, 0xFD, 0xFF, 0xFF, 0xFF, 0xFE, 0xFE, 0x00, 0x00, 0x03,
  0x7F, 0x00, 0x00, 0x01, 0xBF, 0x80, 0x00, 0x00, 0xDF, 0xC0, 0x00, 0x00,
  0x6F, 0xFF, 0xFF, 0xFF, 0xF7, 0xFF, 0xFF, 0xFF, 0xFB, 0xF8, 0x00, 0x00,
  0x0D, 0xFC, 0x00, 0x00, 0x06, 0xFE, 0x00, 0x00, 0x03, 0x7F, 0x00, 0x00,
  0x01, 0xBF, 0xFF, 0xFF, 0xFF, 0xDF, 0xFF, 0xFF, 0xFF, 0xEF, 0xE0, 0x00,
  0x00, 0x37, 0xF0, 0x00, 0x00, 0x1B, 0xF8, 0x00, 0x00, 0x0D, 0xFC, 0x00,
  0x00, 0x0E, 0xFF, 0xFF, 0xFF, 0xFF, 0x78, 0x00, 0x00, 0x01, 0xFC, 0x00,
  0x00, 0x00, 0x7E, 0x00, 0x00, 0x00, 0x19, 0xFF, 0xFF, 0xFF, 0xF8, 0x7F,
  0xFF, 0xFF, 0xF8, 0x7F, 0xFF, 0xFF, 0xFF, 0x3F, 0x1C, 0x36, 0xC7, 0xFF,
  0x8F, 0x19, 0xE1, 0xFF, 0xC6, 0xCC, 0x70, 0xDF, 0xE3, 0x36, 0x18, 0x6F,
  0xF9, 0x8F, 0x0F, 0x37, 0xFE, 0xC3, 0x87, 0xDB, 0xFD, 0xE0, 0xC3, 0x7D,
  0xFE, 0x70, 0x71, 0x9E, 0xFF, 0x18, 0x3C, 0xC3, 0x7F, 0x8E, 0x1B, 0x61,
  0xBF, 0xC7, 0xCC, 0xF0, 0xDF, 0xE3, 0x76, 0x38, 0x6F, 0xF1, 0x9F, 0x0E,
  0x37, 0xFC, 0xC7, 0x87, 0x9B, 0xFF, 0x61, 0xC3, 0xED, 0xFE, 0xF0, 0x71,
  0x9E, 0xFF, 0x38, 0x3C, 0xC7, 0x7F, 0x8E, 0x1B, 0x61, 0xBF, 0xC7, 0x8C,
  0xF0, 0xDF, 0xE3, 0xE6, 0x38, 0x6F, 0xF1, 0xBB, 0x0C, 0x37, 0xFC, 0xCF,
  0x87, 0x1B, 0xFF, 0x63, 0xC3, 0xCD, 0xFF, 0xF0, 0xE1, 0xB6, 0xFF, 0x78,
  0x38, 0xCF, 0x7F, 0x8C, 0x1E, 0x63, 0xBF, 0xC7, 0x0F, 0xB0, 0xDF, 0xE3,
  0xC6, 0x78, 0x6F, 0xF1, 0xB3, 0x1C, 0x37, 0xF8, 0xCD, 0x86, 0x1B, 0xFC,
  0x63, 0xC3, 0x9D, 0xFF, 0xFF, 0xFF, 0xFE, 0xFF, 0xFF, 0xFF, 0xFB, 0xF8,
  0x00, 0x00, 0x00, 0xFC, 0x00, 0x00, 0x00, 0x3E, 0x00, 0x00, 0x00, 0x19,
  0xFF, 0xFF, 0xFF, 0xF8, 0x00, 0x07, 0xC0, 0x00, 0x00, 0x00, 0x1F, 0xE0,
  0x00, 0x00, 0x00, 0x73, 0xF8, 0x00, 0x00, 0x01, 0x80, 0xFE, 0x00, 0x00,
  0x06, 0x00, 0x3F, 0x80, 0x00, 0x18, 0x00, 0x0F, 0xE0, 0x00, 0x60, 0x00,
  0x07, 0xF8, 0x00, 0x80, 0x00, 0x01, 0xFC, 0x00, 0xE0, 0x00, 0x00, 0x7F,
  0x00, 0x78, 0x00, 0x00, 0x1F, 0xC0, 0x4C, 0x00, 0x00, 0x07, 0xF0, 0x47,
  0x00, 0x00, 0x01, 0xF8, 0xC1, 0xC0, 0x00, 0x00, 0x7C, 0xC0, 0x70, 0x00,
  0x01, 0xE2, 0x60, 0x1C, 0x00, 0x07, 0x02, 0x18, 0x0E, 0x00, 0x1C, 0x02,
  0x1E, 0x03, 0x80, 0x70, 0x04, 0x1F, 0x80, 0xE1, 0xC0, 0x18, 0x0F, 0xC0,
  0x3F, 0x00, 0x70, 0x0F, 0xF0, 0x18, 0x03, 0xF0, 0x3F, 0xEC, 0x08, 0x0F,
  0x10, 0xE3, 0xE3, 0x08, 0x3C, 0x18, 0xE1, 0xF1, 0x88, 0xE3, 0xF0, 0x79,
  0xF0, 0x6B, 0xFE, 0x30, 0x2C, 0xF8, 0x1F, 0xC0, 0x30, 0x27, 0x7C, 0xF8,
  0x00, 0x38, 0x61, 0xFF, 0x00, 0x00, 0x7E, 0xE0, 0x78, 0x00, 0x0F, 0xE2,
  0x70, 0x10, 0x01, 0xF3, 0x83, 0x1C, 0x18, 0x3E, 0x0C, 0x02, 0x07, 0x0F,
  0xC0, 0x70, 0x0E, 0x01, 0x80, 0x71, 0xC0, 0x1C, 0x00, 0xE0, 0x1F, 0x00,
  0xF0, 0x00, 0x38, 0x08, 0x03, 0xC0, 0x00, 0x0E, 0x0C, 0x0F, 0x00, 0x00,
  0x03, 0x8C, 0x3C, 0x00, 0x00, 0x00, 0xCC, 0xF0, 0x00, 0x00, 0x00, 0x3B,
  0xC0, 0x00, 0x00, 0x00, 0x1F, 0x00, 0x00, 0x00, 0x00, 0x04, 0x00, 0x00,
  0x01, 0x80, 0x10, 0x03, 0x00, 0x03, 0x00, 0x70, 0x06, 0x00, 0x0F, 0x00,
  0xE0, 0x1E, 0x00, 0x3F, 0x03, 0xE0, 0x7E, 0x00, 0x7E, 0x07, 0xC0, 0xFC,
  0x01, 0xFE, 0x1F, 0xC3, 0xFC, 0x07, 0xFE, 0x7F, 0xCF, 0xFC, 0x0F, 0xFC,
  0xFF, 0x9F, 0xF8, 0x1F, 0xFF, 0xFF, 0xFF, 0xF0, 0x7F, 0xFF, 0xFF, 0xFF,
  0xF0, 0xFF, 0xFF, 0xFF, 0xFF, 0xE3, 0xFF, 0xFF, 0xFF, 0xFF, 0xE7, 0xFF,
  0xFF, 0xFF, 0xFF, 0xCF, 0xFF, 0xFF, 0xFF, 0xFF, 0x9F, 0xFF, 0xFF, 0xFF,
  0xFF, 0x3F, 0xFF, 0xFF, 0xFF, 0xFE, 0xFF, 0xFF, 0xFF, 0xFF, 0xFF, 0xF8,
  0x00, 0x00, 0x00, 0xFF, 0xE0, 0x00, 0x00, 0x00, 0xFF, 0xC0, 0x00, 0x00,
  0x01, 0xFF, 0x80, 0x00, 0x00, 0x03, 0xFF, 0x00, 0x00, 0x00, 0x07, 0xFE,
  0x00, 0x00, 0x00, 0x0F, 0xFC, 0x00, 0x00, 0x00, 0x1F, 0xF8, 0x00, 0x00,
  0x00, 0x3F, 0xF0, 0x00, 0x00, 0x00, 0x7D, 0xE0, 0x00, 0x00, 0x00, 0xF3,
  0xFF, 0xFF, 0xFF, 0xFF, 0xE7, 0xFF, 0xFF, 0xFF, 0xFF, 0xC7, 0xFF, 0xFF,
  0xFF, 0xFF, 0x0F, 0xFF, 0xFF, 0xFF, 0xFE, 0x0F, 0xFF, 0xFF, 0xFF, 0xF8,
  0x0F, 0xFF, 0xFF, 0xFF, 0xE0, 0x0F, 0xFF, 0xFF, 0xFF, 0x80, 0x0F, 0xFF,
  0xFF, 0xFE, 0x00, 0x0F, 0xFF, 0xFF, 0xF8, 0x00, 0x07, 0xFF, 0xFF, 0xC0,
  0x00, 0x03, 0xFF, 0xFE, 0x00, 0x00, 0x00, 0xFF, 0xE0, 0x00, 0x00, 0x07,
  0xFF, 0xFF, 0xFF, 0xC0, 0x07, 0xB0, 0x00, 0x00, 0x18, 0x01, 0xF4, 0x00,
  0x00, 0x03, 0x01, 0xC5, 0x80, 0x00, 0x00, 0x60, 0xD9, 0x61, 0xF3, 0xFE,
  0x18, 0x36, 0x58, 0x78, 0xFE, 0x86, 0x07, 0x16, 0x00, 0x00, 0x01, 0x80,
  0x79, 0x83, 0x80, 0xD8, 0x60, 0x1E, 0xE1, 0xFC, 0x3E, 0x18, 0x01, 0xF8,
  0x00, 0x00, 0x06, 0x00, 0x06, 0x00, 0x00, 0x01, 0x80, 0x01, 0x81, 0x82,
  0x40, 0x60, 0x00, 0x61, 0xFF, 0xFC, 0x18, 0x00, 0x18, 0x00, 0x00, 0x06,
  0x00, 0x06, 0x00, 0x00, 0x01, 0x80, 0x01, 0x87, 0xFE, 0x3C, 0x60, 0x00,
  0x60, 0x00, 0x00, 0x18, 0x00, 0x18, 0x00, 0x00, 0x06, 0x00, 0x06, 0x1F,
  0xFF, 0xC1, 0x80, 0x01, 0x80, 0x00, 0x00, 0x60, 0x00, 0x60, 0x00, 0x00,
  0x18, 0x00, 0x18, 0x00, 0x00, 0x06, 0x00, 0x06, 0x1F, 0xFF, 0xE1, 0x80,
  0x01, 0x80, 0x00, 0x00, 0x60, 0x00, 0x60, 0x00, 0x00, 0x18, 0x00, 0x18,
  0x00, 0x00, 0x06, 0x00, 0x06, 0x00, 0xFF, 0x01, 0x80, 0x01, 0x80, 0x00,
  0x00, 0x60, 0x00, 0x60, 0x00, 0x00, 0x18, 0x00, 0x1F, 0xFF, 0xFF, 0xFF,
  0xC0, 0x0F, 0x70, 0x00, 0x00, 0x18, 0x03, 0xEC, 0x00, 0x00, 0x06, 0x03,
  0x99, 0x80, 0x00, 0x00, 0xC0, 0xA3, 0x60, 0x00, 0x00, 0x30, 0x28, 0x98,
  0x00, 0x00, 0x0C, 0x0E, 0x66, 0x00, 0x00, 0x03, 0x00, 0x9B, 0x00, 0x00,
  0x01, 0x80, 0x1D, 0xC0, 0x00, 0x00, 0x60, 0x03, 0xFF, 0xFF, 0xFF, 0xF0,
  0xFF, 0xFF, 0xFF, 0xFE, 0x00, 0x60, 0x00, 0x00, 0x03, 0x00, 0x30, 0x00,
  0x00, 0x01, 0x80, 0x18, 0x00, 0x00, 0x00, 0xDE, 0x0C, 0x00, 0x00, 0x00,
  0x7C, 0xC6, 0x00, 0x00, 0x00, 0x39, 0x33, 0x0C, 0xC7, 0xE0, 0x1C, 0x65,
  0x81, 0x9C, 0x00, 0x1C, 0x19, 0xC0, 0x00, 0x00, 0x0B, 0x07, 0xE0, 0x00,
  0x00, 0x0C, 0xC0, 0xF0, 0x00, 0x00, 0x04, 0x38, 0x58, 0x00, 0x00, 0x07,
  0x07, 0x4C, 0x31, 0x00, 0x02, 0xC0, 0xF6, 0x17, 0x78, 0x02, 0x78, 0x33,
  0x00, 0x00, 0x03, 0x67, 0x31, 0x80, 0x00, 0x03, 0x21, 0xF0, 0xC0, 0x00,
  0x01, 0x31, 0x30, 0x61, 0x9C, 0x71, 0xB1, 0x90, 0x30, 0xBA, 0x07, 0x98,
  0x90, 0x18, 0x00, 0x00, 0x98, 0x98, 0x0C, 0x00, 0x00, 0xD8, 0xD8, 0x06,
  0x00, 0x00, 0xCC, 0xC8, 0x03, 0x0F, 0xFF, 0xCC, 0x4C, 0x01, 0x80, 0x00,
  0xEC, 0x4C, 0x00, 0xC0, 0x00, 0x66, 0x66, 0x00, 0x60, 0x00, 0x3E, 0x27,
  0x00, 0x30, 0x00, 0x13, 0x27, 0x80, 0x18, 0x7F, 0x08, 0xF2, 0xC0, 0x0C,
  0x00, 0x0C, 0x0E, 0x60, 0x06, 0x00, 0x06, 0x0E, 0x30, 0x03, 0x00, 0x03,
  0x1C, 0x18, 0x01, 0x80, 0x01, 0xFC, 0x0C, 0x00, 0xC0, 0x00, 0xF0, 0x06,
  0x00, 0x61, 0xFF, 0xC0, 0x03, 0x00, 0x30, 0x00, 0x00, 0x01, 0x80, 0x18,
  0x00, 0x00, 0x00, 0xC0, 0x0C, 0x00, 0x00, 0x00, 0x60, 0x06, 0x00, 0x00,
  0x00, 0x30, 0x03, 0xFF, 0xFF, 0xFF, 0xF8, 0x00, 0x0F, 0x80, 0x00, 0x00,
  0x00, 0x18, 0x60, 0x00, 0x00, 0x00, 0x3E, 0x30, 0x00, 0x00, 0x00, 0x33,
  0x98, 0x00, 0x00, 0x00, 0x60, 0xCC, 0x00, 0x00, 0x00, 0x60, 0x64, 0x00,
  0x00, 0x00, 0xC0, 0x32, 0x00, 0x00, 0x00, 0xC0, 0x32, 0x00, 0x00, 0x00,
  0xC0, 0x1A, 0x00, 0x00, 0x00, 0xC0, 0x0A, 0x00, 0x00, 0x00, 0xC0, 0x0E,
  0x00, 0x00, 0x00, 0xC0, 0x1C, 0x00, 0x00, 0x00, 0xC0, 0x18, 0x00, 0x00,
  0x00, 0x60, 0x30, 0x00, 0x00, 0x00, 0x60, 0x30, 0x00, 0x00, 0x00, 0x60,
  0x30, 0x00, 0x00, 0x00, 0x30, 0x30, 0x00, 0x00, 0x00, 0x30, 0x18, 0x00,
  0x00, 0x00, 0x18, 0x18, 0x00, 0x00, 0x00, 0x18, 0x0C, 0x00, 0x00, 0x00,
  0x0C, 0x06, 0x00, 0x00, 0x00, 0x0C, 0x03, 0x00, 0x00, 0x00, 0x06, 0x03,
  0x80, 0x00, 0x00, 0x03, 0x01, 0xC0, 0x00, 0x00, 0x03, 0x80, 0xE0, 0x07,
  0xC0, 0x01, 0x80, 0x70, 0x0C, 0x60, 0x00, 0xC0, 0x18, 0x0C, 0x10, 0x00,
  0x60, 0x0E, 0x1F, 0x0C, 0x00, 0x30, 0x03, 0xE3, 0x84, 0x00, 0x18, 0x00,
  0x00, 0xC2, 0x00, 0x0C, 0x00, 0x00, 0x63, 0x00, 0x06, 0x00, 0x00, 0x31,
  0x00, 0x03, 0x80, 0x00, 0x19, 0x00, 0x00, 0xC0, 0x00, 0x09, 0x00, 0x00,
  0x70, 0x00, 0x0A, 0x00, 0x00, 0x18, 0x00, 0x0C, 0x00, 0x00, 0x07, 0x00,
  0x18, 0x00, 0x00, 0x01, 0xE0, 0x70, 0x00, 0x00, 0x00, 0x3F, 0xC0, 0x1F,
  0xFF, 0xFF, 0xFF, 0xF8, 0x60, 0x00, 0x00, 0x00, 0x0E, 0xC0, 0x00, 0x00,
  0x00, 0x06, 0xC0, 0x00, 0x00, 0x00, 0x03, 0xC3, 0xFF, 0xFF, 0xFF, 0xC3,
  0xC7, 0xFF, 0xFF, 0xFF, 0xE3, 0xC7, 0xFF, 0x3E, 0x73, 0xE3, 0xC7, 0xF4,
  0xC9, 0xAC, 0xE3, 0xC7, 0xF4, 0xC9, 0xAC, 0xE3, 0xC7, 0xFF, 0x3E, 0x73,
  0xE3, 0xC7, 0xFF, 0x3E, 0x73, 0xE3, 0xC7, 0xF7, 0xCF, 0xAC, 0xE3, 0xC7,
  0xF7, 0xCF, 0xAC, 0xE3, 0xC7, 0xFF, 0x3E, 0x73, 0xE3, 0xC7, 0xFF, 0x3E,
  0x73, 0xE3, 0xC3, 0xFF, 0xFF, 0xFF, 0xC3, 0xC0, 0x00, 0x00, 0x00, 0x03,
  0xC0, 0x00, 0x00, 0x00, 0x03, 0xC0, 0x00, 0x00, 0x00, 0x03, 0xC7, 0xE7,
  0xE3, 0xE7, 0xE3, 0xC6, 0x66, 0xE7, 0x6C, 0x23, 0xC6, 0x66, 0xE7, 0x6C,
  0x23, 0xC7, 0xE7, 0xE3, 0xE7, 0xE3, 0xC0, 0x00, 0x00, 0x00, 0x03, 0xC0,
  0x00, 0x00, 0x00, 0x02, 0x70, 0x00, 0x00, 0x00, 0x06, 0x1F, 0xFF, 0xFF,
  0xFF, 0xF8, 0x00, 0x1F, 0xFF, 0xFF, 0x00, 0x00, 0x02, 0x00, 0x00, 0x60,
  0x00, 0x00, 0xC0, 0x00, 0x18, 0x00, 0x00, 0x30, 0x00, 0x06, 0x00, 0x00,
  0x0C, 0xFF, 0xFC, 0x80, 0x00, 0x03, 0x00, 0x00, 0x30, 0x00, 0x00, 0xCF,
  0xFF, 0xCC, 0x00, 0x00, 0x33, 0xFF, 0xF3, 0x00, 0x00, 0x0C, 0x00, 0x00,
  0xC0, 0x00, 0x03, 0x00, 0x00, 0x20, 0x00, 0x1F, 0xC0, 0x00, 0x08, 0x00,
  0x7C, 0x7F, 0xFF, 0xFF, 0xF0, 0x26, 0x0C, 0x00, 0x00, 0x02, 0x09, 0x83,
  0x00, 0x00, 0x00, 0x86, 0x61, 0xC0, 0x00, 0x00, 0x31, 0x90, 0x73, 0xFF,
  0x80, 0x0C, 0x64, 0x1C, 0xFF, 0xE5, 0xB3, 0x1B, 0x07, 0x3F, 0xF8, 0x00,
  0xC6, 0xC3, 0xC0, 0x00, 0x3B, 0x31, 0xB0, 0xF3, 0x33, 0x80, 0x04, 0x6C,
  0x3C, 0xCC, 0xE0, 0x01, 0x13, 0x0F, 0x00, 0x00, 0x00, 0x44, 0x83, 0xC8,
  0xC6, 0x3E, 0x11, 0x20, 0xF2, 0x31, 0x87, 0x06, 0x58, 0x1C, 0x00, 0x00,
  0x01, 0x96, 0x07, 0x23, 0x18, 0xF8, 0x6D, 0x81, 0xC8, 0xC6, 0x3E, 0x1B,
  0x20, 0x60, 0x00, 0x00, 0x06, 0xCC, 0x38, 0x00, 0x00, 0x80, 0xB1, 0xFC,
  0x63, 0x18, 0x70, 0x2C, 0x3C, 0x18, 0xC7, 0x18, 0x0F, 0x00, 0x00, 0x00,
  0x00, 0x03, 0xC0, 0x00, 0x00, 0x00, 0x01, 0xFF, 0xFF, 0xFF, 0xFF, 0xFF,
  0xF8, 0x00, 0x00, 0x00, 0x00, 0x0F, 0x00, 0x1F, 0xFF, 0xFC, 0x03, 0xC0,
  0x07, 0xFF, 0xFF, 0x00, 0x90, 0x00, 0x00, 0x00, 0x00, 0x63, 0xFF, 0xFF,
  0xFF, 0xFF, 0xF0, 0x3F, 0x80, 0x00, 0x00, 0x02, 0x07, 0x80, 0x00, 0x70,
  0x20, 0x07, 0x00, 0x07, 0x81, 0x00, 0x0E, 0x00, 0x78, 0x08, 0x00, 0x1C,
  0x0F, 0x80, 0x40, 0x00, 0x31, 0xF8, 0x03, 0x00, 0x00, 0x79, 0xC0, 0x18,
  0x00, 0x07, 0x9A, 0x00, 0xE0, 0x00, 0xE7, 0xB0, 0x03, 0x00, 0x3C, 0x1D,
  0x80, 0x1C, 0x07, 0x80, 0xFC, 0x00, 0xF0, 0xF0, 0x0C, 0xE0, 0x02, 0xDE,
  0x00, 0xC3, 0x80, 0x13, 0xC0, 0x0C, 0x1E, 0x00, 0xDC, 0x00, 0xC0, 0xB8,
  0x02, 0x70, 0x02, 0x04, 0xE0, 0x19, 0xC0, 0x00, 0x63, 0x00, 0x47, 0x00,
  0x03, 0x0C, 0x03, 0x1C, 0x00, 0x18, 0x30, 0x0C, 0x30, 0x00, 0xC0, 0xC0,
  0x20, 0xE0, 0x04, 0x06, 0x01, 0x83, 0x80, 0x20, 0x18, 0x06, 0x0F, 0x01,
  0x00, 0xC0, 0x1F, 0x1C, 0x08, 0x03, 0x00, 0x44, 0x78, 0xC0, 0x18, 0x06,
  0xB0, 0xF6, 0x00, 0xC0, 0x35, 0x81, 0xF0, 0x06, 0x01, 0x8F, 0x83, 0xE0,
  0x70, 0x0C, 0x2F, 0xE7, 0xFF, 0x00, 0x61, 0x1F, 0xFF, 0xF0, 0x03, 0x08,
  0xFF, 0xF8, 0x00, 0x10, 0x7F, 0xC0, 0x00, 0x00, 0x83, 0xFE, 0x00, 0x00,
  0x3F, 0x1F, 0xFE, 0x00, 0x03, 0x9F, 0xFF, 0x38, 0x00, 0x30, 0x0F, 0xC0,
  0x60, 0x01, 0xC0, 0x00, 0x03, 0x00, 0x07, 0xC0, 0x01, 0xF0, 0x00, 0x03,
  0xFF, 0xF8, 0x00, 0x00, 0x00, 0x00, 0x00, 0x00, 0x78, 0x00, 0x00, 0x00,
  0x00, 0x3F, 0x00, 0x00, 0x00, 0x00, 0x1F, 0xE0, 0x00, 0x00, 0x00, 0x1F,
  0xF8, 0x00, 0x00, 0x00, 0x1F, 0xFF, 0x00, 0x00, 0x00, 0x3C, 0xFF, 0xC0,
  0x00, 0x00, 0xF8, 0x3F, 0xF0, 0x0F, 0xFF, 0xF0, 0x1F, 0xFE, 0x0F, 0xFF,
  0xC0, 0x07, 0xFF, 0x8E, 0x06, 0x00, 0x01, 0xFF, 0xE3, 0x01, 0x80, 0x00,
  0x7F, 0xF9, 0x80, 0x60, 0x00, 0x3F, 0xFF, 0x60, 0x10, 0x00, 0x0F, 0xFF,
  0xF0, 0x0C, 0x00, 0x03, 0x07, 0xFC, 0x03, 0x00, 0x00, 0xC0, 0x7F, 0x00,
  0xC0, 0x00, 0x30, 0x0F, 0xC0, 0x30, 0x00, 0x0C, 0x03, 0xF0, 0x0C, 0x00,
  0x03, 0x00, 0xFC, 0x03, 0x00, 0x00, 0xC0, 0x3F, 0x00, 0xC0, 0x00, 0x30,
  0x1F, 0xC0, 0x30, 0x00, 0x0C, 0xFF, 0xD8, 0x0C, 0x00, 0x03, 0xFF, 0xF6,
  0x01, 0x80, 0x00, 0xFF, 0xFC, 0xC0, 0x60, 0x00, 0x3F, 0xFF, 0x38, 0x18,
  0x00, 0x07, 0xFF, 0x87, 0xFF, 0xE0, 0x01, 0xFF, 0xE0, 0x7F, 0xFF, 0xC0,
  0x7F, 0xF8, 0x0C, 0x08, 0x7E, 0x1F, 0xFE, 0x01, 0x02, 0x19, 0xE3, 0xFF,
  0x00, 0x60, 0xC6, 0x0E, 0xFF, 0xC0, 0x18, 0x3F, 0x00, 0xFF, 0xF0, 0x02,
  0x07, 0xC0, 0x0F, 0xF8, 0x00, 0xC0, 0x20, 0x01, 0xFE, 0x00, 0x30, 0x0C,
  0x00, 0x3F, 0x00, 0x04, 0x01, 0x00, 0x07, 0x80, 0x01, 0x80, 0x40, 0x00,
  0x00, 0x00, 0x20, 0x10, 0x00, 0x00, 0x00, 0x0C, 0x08, 0x00, 0x00, 0x00,
  0x00, 0xFC, 0x00, 0x00, 0x00, 0x00, 0x00, 0x00, 0x03, 0xC0, 0x00, 0x00,
  0x00, 0x00, 0x1F, 0x80, 0x00, 0x00, 0x00, 0x00, 0xFF, 0x00, 0x00, 0x00,
  0x00, 0x07, 0xFE, 0x00, 0x00, 0x00, 0x00, 0x7F, 0xFC, 0x00, 0x00, 0x00,
  0x03, 0xBF, 0xF8, 0x00, 0x00, 0x00, 0x18, 0xFF, 0xF0, 0x00, 0x00, 0x00,
  0xC3, 0xFF, 0xC0, 0x00, 0x00, 0x0E, 0x0F, 0xFF, 0x80, 0x00, 0x00, 0x70,
  0x3F, 0xFE, 0x00, 0x00, 0x03, 0x00, 0xFF, 0xFC, 0x00, 0x00, 0x18, 0x03,
  0xFF, 0xF0, 0x00, 0x01, 0xC0, 0x0F, 0xFF, 0xE0, 0x00, 0x0C, 0x00, 0x3F,
  0xFF, 0x80, 0x00, 0x60, 0xC0, 0x7F, 0xFF, 0x00, 0x07, 0x0E, 0x01, 0xFF,
  0xFC, 0x00, 0x38, 0x70, 0x07, 0xFF, 0xF0, 0x01, 0x83, 0x00, 0x0F, 0xFF,
  0xE0, 0x0C, 0x18, 0x00, 0x3F, 0xFF, 0x80, 0xE1, 0xC0, 0x00, 0xFF, 0xFE,
  0x3F, 0x0E, 0x00, 0x01, 0xFF, 0xF9, 0xB0, 0x60, 0x00, 0x07, 0xFF, 0xF5,
  0x87, 0x00, 0x00, 0x0F, 0xFF, 0xF6, 0x18, 0x00, 0x00, 0x3F, 0xFF, 0xD8,
  0x00, 0x00, 0x00, 0x7F, 0xFF, 0x60, 0x00, 0x00, 0x00, 0xFF, 0xFD, 0x80,
  0x00, 0x00, 0x03, 0xFF, 0xF7, 0x00, 0x00, 0x00, 0x07, 0xFF, 0xCC, 0x00,
  0x00, 0x00, 0x0F, 0xF9, 0xB8, 0x00, 0x00, 0x00, 0x1F, 0xE6, 0x70, 0x00,
  0x00, 0x00, 0x3F, 0x18, 0xFF, 0xFF, 0xFF, 0xFF, 0xF8, 0x31, 0xFF, 0xFF,
  0xFF, 0xFF, 0xC0, 0x60, 0xC1, 0x10, 0x62, 0x00, 0x00, 0xC2, 0x06, 0x60,
  0x88, 0x00, 0x01, 0xF0, 0x18, 0xFE, 0x20, 0x00, 0x00, 0x00, 0x20, 0x00,
  0x80, 0x00, 0x00, 0x00, 0xC0, 0x04, 0x00, 0x00, 0x00, 0x00, 0xFF, 0xE0,
  0x00, 0x00, 0x00, 0x00, 0x30, 0x00, 0x00, 0x00, 0x00, 0x60, 0x00, 0x00,
  0x00, 0x01, 0xE0, 0x00, 0x00, 0x00, 0x07, 0xE0, 0x00, 0x00, 0x00, 0x1F,
  0xE0, 0x00, 0x00, 0x00, 0x7F, 0xE0, 0x00, 0x00, 0x01, 0xFF, 0xE0, 0x00,
  0x00, 0x07, 0xFF, 0xE0, 0x00, 0x00, 0x0F, 0xFF, 0xE0, 0x00, 0x00, 0x03,
  0xFC, 0x00, 0x00, 0x00, 0x07, 0xF8, 0x00, 0x00, 0x00, 0x0F, 0xF0, 0x00,
  0x00, 0x00, 0x1F, 0xE0, 0x00, 0x00, 0xFF, 0x3F, 0xCF, 0xF8, 0x02, 0x00,
  0x7F, 0x80, 0x18, 0x04, 0x00, 0xFF, 0x00, 0x10, 0x18, 0x01, 0xFE, 0x00,
  0x30, 0x20, 0x03, 0xFC, 0x00, 0x20, 0xC0, 0x07, 0xF8, 0x00, 0x61, 0x80,
  0x00, 0x00, 0x00, 0xC6, 0x00, 0x00, 0x00, 0x00, 0x8C, 0x00, 0x00, 0x00,
  0x01, 0x90, 0x00, 0x00, 0x00, 0x01, 0x7F, 0xE0, 0x00, 0x03, 0xFF, 0xC0,
  0x60, 0x00, 0x0C, 0x07, 0x80, 0x60, 0x00, 0x30, 0x0F, 0x00, 0x7F, 0xFF,
  0xC0, 0x1E, 0x00, 0x00, 0x00, 0x00, 0x3C, 0x00, 0x00, 0x00, 0x00, 0x78,
  0x00, 0x00, 0x00, 0x00, 0xF0, 0x00, 0x00, 0x00, 0x01, 0xE0, 0x00, 0x00,
  0x00, 0x03, 0xC0, 0x00, 0x00, 0x00, 0x07, 0x80, 0x00, 0x00, 0x00, 0x0F,
  0x00, 0x00, 0x00, 0x00, 0x1E, 0x00, 0x00, 0x00, 0x00, 0x3C, 0x00, 0x00,
  0x00, 0x00, 0x78, 0x00, 0x00, 0x00, 0x00, 0xFF, 0xFF, 0xFF, 0xFF, 0xFF,
  0x80, 0x00, 0x01, 0xFE, 0x00, 0x00, 0x00, 0x03, 0xFC, 0x00, 0x00, 0x00,
  0x07, 0xF8, 0x00, 0x00, 0x00, 0x0F, 0xF0, 0x00, 0x00, 0x00, 0x1F, 0xE0,
  0x00, 0x00, 0x00, 0x3F, 0xC0, 0x00, 0x00, 0x00, 0x7F, 0x80, 0x00, 0x00,
  0x00, 0xFF, 0x00, 0x00, 0x00, 0x01, 0xFE, 0x00, 0x00, 0x00, 0x03, 0xFC,
  0x00, 0x00, 0x00, 0x3F, 0xFF, 0x80, 0x00, 0x00, 0x7F, 0xFE, 0x00, 0x00,
  0x00, 0x7F, 0xF8, 0x00, 0x00, 0xFF, 0x7F, 0xEF, 0xF8, 0x02, 0x00, 0x7F,
  0x80, 0x18, 0x04, 0x00, 0x7E, 0x00, 0x10, 0x18, 0x00, 0x7C, 0x00, 0x30,
  0x20, 0x00, 0xF0, 0x00, 0x20, 0xC0, 0x00, 0xC0, 0x00, 0x61, 0x80, 0x00,
  0x00, 0x00, 0xC6, 0x00, 0x00, 0x00, 0x00, 0x8C, 0x00, 0x00, 0x00, 0x01,
  0x90, 0x00, 0x00, 0x00, 0x01, 0x7F, 0xE0, 0x00, 0x03, 0xFF, 0xC0, 0x60,
  0x00, 0x0C, 0x07, 0x80, 0x60, 0x00, 0x30, 0x0F, 0x00, 0x7F, 0xFF, 0xC0,
  0x1E, 0x00, 0x00, 0x00, 0x00, 0x3C, 0x00, 0x00, 0x00, 0x00, 0x78, 0x00,
  0x00, 0x00, 0x00, 0xF0, 0x00, 0x00, 0x00, 0x01, 0xE0, 0x00, 0x00, 0x00,
  0x03, 0xC0, 0x00, 0x00, 0x00, 0x07, 0x80, 0x00, 0x00, 0x00, 0x0F, 0x00,
  0x00, 0x00, 0x00, 0x1E, 0x00, 0x00, 0x00, 0x00, 0x3C, 0x00, 0x00, 0x00,
  0x00, 0x78, 0x00, 0x00, 0x00, 0x00, 0xFF, 0xFF, 0xFF, 0xFF, 0xFF, 0x80,
  0x00, 0x00, 0x60, 0x00, 0x00, 0x00, 0x0F, 0xC0, 0x00, 0x00, 0x01, 0xC3,
  0x80, 0x00, 0x00, 0x3C, 0x07, 0x00, 0x00, 0x03, 0xF0, 0x1E, 0x00, 0x00,
  0x70, 0xE0, 0x3C, 0x00, 0x0E, 0x01, 0xC0, 0x78, 0x01, 0xF0, 0x07, 0x80,
  0xF0, 0x3C, 0xE0, 0x0E, 0x01, 0xC3, 0x83, 0xC0, 0x1C, 0x03, 0xB8, 0x07,
  0x00, 0x78, 0x0F, 0xE0, 0x0E, 0x00, 0xF1, 0xFD, 0xC0, 0x1C, 0x01, 0xF9,
  0xE3, 0x80, 0x78, 0x07, 0x8F, 0x07, 0x00, 0xF0, 0x18, 0x78, 0x0E, 0x01,
  0xC0, 0xC3, 0xC0, 0x38, 0x03, 0x86, 0x1E, 0x00, 0x70, 0x3C, 0x30, 0xF0,
  0x00, 0xE7, 0xE1, 0x87, 0x80, 0x03, 0xF3, 0x0C, 0x3C, 0x00, 0x06, 0x18,
  0xE1, 0xE0, 0x00, 0x30, 0xCF, 0x0F, 0x00, 0x01, 0x87, 0xC0, 0x78, 0x00,
  0x0C, 0x3A, 0x03, 0xD0, 0x00, 0x61, 0x80, 0x1E, 0x80, 0x03, 0x08, 0x00,
  0xF5, 0x00, 0x18, 0x00, 0x07, 0xA9, 0x80, 0xC0, 0x00, 0x3C, 0x4F, 0x06,
  0x00, 0x01, 0xEE, 0x38, 0x30, 0x00, 0x0F, 0xC9, 0x01, 0x80, 0x01, 0xE7,
  0x18, 0x0C, 0x00, 0x3C, 0x0E, 0x60, 0x60, 0x03, 0x80, 0x1C, 0x03, 0x00,
  0x70, 0x00, 0x70, 0x18, 0x0F, 0x00, 0x00, 0xE0, 0xC1, 0xE0, 0x00, 0x01,
  0xC6, 0x3C, 0x00, 0x00, 0x03, 0xB3, 0x80, 0x00, 0x00, 0x07, 0xF0, 0x00,
  0x00, 0x00, 0x0E, 0x00, 0x00, 0x00, 0x00, 0x20, 0x00, 0x00, 0xFF, 0xFF,
  0xFF, 0xFF, 0xFF, 0xFE, 0x00, 0x00, 0x00, 0x00, 0x3F, 0x60, 0x00, 0x00,
  0x00, 0x0D, 0xE6, 0x00, 0x00, 0x00, 0x03, 0x3C, 0x60, 0x00, 0x00, 0x00,
  0xC7, 0x86, 0x00, 0x00, 0x00, 0x30, 0xF0, 0x60, 0x00, 0x00, 0x0C, 0x1E,
  0x06, 0x00, 0x00, 0x03, 0x03, 0xC0, 0x60, 0x3F, 0xE0, 0xC0, 0x78, 0x06,
  0x06, 0x00, 0x30, 0x0F, 0x00, 0x60, 0xC0, 0x0C, 0x01, 0xE0, 0x06, 0x18,
  0x03, 0x00, 0x3C, 0x01, 0xE3, 0x00, 0xF0, 0x07, 0x80, 0x34, 0x60, 0x16,
  0x00, 0xF0, 0x0C, 0x0F, 0xF0, 0x60, 0x1E, 0x03, 0x01, 0x80, 0x06, 0x03,
  0xC0, 0x60, 0x30, 0x00, 0x40, 0x78, 0x18, 0x06, 0x00, 0x0C, 0x0F, 0x06,
  0x00, 0xC0, 0x00, 0xC1, 0xE0, 0x80, 0x18, 0x00, 0x08, 0x3C, 0x30, 0x03,
  0x00, 0x01, 0x87, 0x8C, 0x00, 0x7F, 0xC0, 0x18, 0xF1, 0x00, 0x00, 0x00,
  0x01, 0x1E, 0x60, 0x00, 0x00, 0x00, 0x33, 0xD8, 0x00, 0x00, 0x00, 0x03,
  0x7E, 0x00, 0x00, 0x00, 0x00, 0x3F, 0xC0, 0x00, 0x00, 0x00, 0x07, 0xF0,
  0x00, 0x00, 0x00, 0x00, 0x7F, 0xFF, 0xFF, 0xFF, 0xFF, 0xFE, 0xFC, 0x7F,
  0xFF, 0xFF, 0xFF, 0xF0, 0x07, 0x00, 0x00, 0x00, 0x1E, 0x00, 0x58, 0x00,
  0x00, 0x03, 0xE0, 0x0C, 0xC0, 0x00, 0x00, 0x66, 0xF8, 0xC6, 0x00, 0x00,
  0x1C, 0x60, 0x08, 0x30, 0x00, 0x03, 0x04, 0x00, 0x81, 0x80, 0x00, 0xE0,
  0xC0, 0x18, 0x0C, 0x00, 0x18, 0x0C, 0x01, 0x80, 0xE0, 0x07, 0x00, 0x8F,
  0x10, 0x0F, 0x00, 0xD0, 0x08, 0x01, 0x01, 0x98, 0x39, 0x81, 0x80, 0x30,
  0x31, 0x87, 0x18, 0x18, 0x03, 0x06, 0x0C, 0xC0, 0x81, 0x00, 0x20, 0xC0,
  0x78, 0x0C, 0x30, 0x06, 0x18, 0x02, 0x00, 0xC3, 0x00, 0x63, 0x00, 0x00,
  0x04, 0x30, 0x06, 0x70, 0x00, 0x00, 0x62, 0x00, 0x4E, 0x00, 0x00, 0x02,
  0x60, 0x0C, 0xC0, 0x00, 0x00, 0x36, 0x00, 0xD8, 0x00, 0x00, 0x03, 0x40,
  0x0F, 0x00, 0x00, 0x00, 0x14, 0x00, 0xE0, 0x00, 0x00, 0x01, 0xC0, 0x1C,
  0x00, 0x00, 0x00, 0x1C, 0x01, 0xFF, 0xFF, 0xFF, 0xFF, 0x80, 0x00, 0x03,
  0xF0, 0x00, 0x00, 0x00, 0x7E, 0x00, 0x00, 0x00, 0x0F, 0xC0, 0x00, 0x00,
  0x01, 0xF8, 0x00, 0x00, 0x00, 0x3F, 0x00, 0x00, 0x00, 0x07, 0xE0, 0x00,
  0x00, 0x00, 0xFC, 0x00, 0x00, 0x00, 0x7F, 0xF0, 0x00, 0x00, 0x0F, 0xFC,
  0x00, 0x00, 0x00, 0xFF, 0x00, 0x00, 0x00, 0x0F, 0xC0, 0x00, 0x00, 0x00,
  0xF0, 0x00, 0x00, 0x00, 0x0C, 0x00, 0x00, 0x00, 0x00, 0x00, 0x00, 0x00,
  0x00, 0x00, 0x00, 0x00, 0x00, 0x00, 0x00, 0x00, 0xFF, 0xFF, 0xFF, 0xFF,
  0xFE, 0x00, 0x00, 0x00, 0x3F, 0x60, 0x00, 0x00, 0x0D, 0xE6, 0x00, 0x00,
  0x03, 0x3C, 0x70, 0x00, 0x01, 0xC7, 0x87, 0x00, 0x00, 0x70, 0xF0, 0x70,
  0x00, 0x18, 0x1E, 0x07, 0x00, 0x06, 0x03, 0xC0, 0x30, 0x01, 0x80, 0x78,
  0x0F, 0x80, 0xF8, 0x0F, 0x03, 0x38, 0x31, 0x01, 0xE0, 0x43, 0x8C, 0x30,
  0x3C, 0x18, 0x3B, 0x03, 0x07, 0x86, 0x03, 0xC0, 0x20, 0xF0, 0x80, 0x00,
  0x06, 0x1E, 0x30, 0x00, 0x00, 0x63, 0xCC, 0x00, 0x00, 0x04, 0x79, 0x80,
  0x00, 0x00, 0xCF, 0x60, 0x00, 0x00, 0x0D, 0xF8, 0x00, 0x00, 0x00, 0xFF,
  0x00, 0x00, 0x00, 0x1F, 0xC0, 0x00, 0x00, 0x01, 0xFF, 0xFF, 0xFF, 0xFF,
  0xF8, 0x07, 0xFF, 0xFF, 0xFF, 0xE0, 0x07, 0x07, 0x00, 0x00, 0x0E, 0x03,
  0x00, 0x60, 0x00, 0x00, 0xC1, 0x80, 0x0C, 0x00, 0x00, 0x18, 0x60, 0x03,
  0x00, 0x00, 0x06, 0x31, 0xFC, 0x60, 0x00, 0x00, 0xCC, 0x7F, 0x18, 0x3C,
  0x00, 0x33, 0x18, 0xC6, 0x19, 0xFF, 0xFF, 0xC7, 0xF1, 0x84, 0x60, 0x00,
  0xF0, 0x00, 0x61, 0x1F, 0xFE, 0x3C, 0x00, 0x18, 0x67, 0xFF, 0x8F, 0x00,
  0x06, 0x0F, 0x00, 0x63, 0xC0, 0x01, 0x80, 0x00, 0x18, 0xF0, 0x00, 0x60,
  0x00, 0x06, 0x3C, 0x00, 0x18, 0x00, 0x01, 0x8F, 0x00, 0x06, 0x00, 0x00,
  0x7F, 0xC0, 0x01, 0x80, 0x00, 0x1F, 0xF0, 0x00, 0x60, 0x00, 0x00, 0xCC,
  0x00, 0x18, 0x00, 0x00, 0x33, 0x00, 0x06, 0x00, 0x00, 0x0C, 0xC0, 0x01,
  0x80, 0x00, 0x03, 0x30, 0x00, 0x60, 0x00, 0x00, 0xCF, 0xFF, 0xFF, 0xFF,
  0xFF, 0xF0, 0x00, 0x00, 0x61, 0x80, 0x00, 0x00, 0x00, 0x18, 0x60, 0x00,
  0x00, 0x00, 0x06, 0x18, 0x00, 0x00, 0x00, 0x01, 0x86, 0x00, 0x00, 0x00,
  0x00, 0x61, 0x80, 0x00, 0x00, 0x00, 0x18, 0x60, 0x00, 0x00, 0x00, 0x06,
  0x18, 0x00, 0x00, 0x00, 0x01, 0xFE, 0x00, 0x00, 0x00, 0x00, 0x03, 0xFF,
  0x00, 0x00, 0x00, 0x02, 0x03, 0x00, 0x00, 0x00, 0x02, 0x03, 0x00, 0x00,
  0x00, 0x02, 0x03, 0x00, 0x00, 0x00, 0x02, 0x7F, 0x00, 0x00, 0x00, 0x02,
  0x60, 0x00, 0x00, 0x00, 0x02, 0x60, 0x00, 0x00, 0x00, 0x02, 0x60, 0x00,
  0x07, 0xFF, 0xFE, 0x7F, 0xE0, 0x1C, 0x1C, 0x02, 0x60, 0x38, 0x30, 0x06,
  0x02, 0x60, 0x0C, 0x60, 0x03, 0x02, 0x60, 0x06, 0x60, 0x03, 0x02, 0x60,
  0x06, 0xC7, 0xF1, 0x82, 0x60, 0x03, 0xC7, 0xF1, 0x83, 0xE0, 0x03, 0xC6,
  0x31, 0x86, 0x60, 0x03, 0xC7, 0xF1, 0x84, 0x20, 0x03, 0xC0, 0x01, 0x84,
  0x20, 0x03, 0xC0, 0x01, 0x86, 0x60, 0x03, 0xC0, 0x01, 0x83, 0xC0, 0x03,
  0xC0, 0x01, 0x80, 0x00, 0x03, 0xC0, 0x01, 0x80, 0x00, 0x03, 0xC0, 0x01,
  0x80, 0x00, 0x03, 0xC0, 0x01, 0x80, 0x00, 0x03, 0xC0, 0x01, 0x80, 0x00,
  0x03, 0xC0, 0x01, 0x80, 0x00, 0x03, 0xC0, 0x01, 0x80, 0x00, 0x03, 0xC0,
  0x01, 0x80, 0x00, 0x03, 0xC0, 0x01, 0x80, 0x00, 0x03, 0xC0, 0x01, 0x80,
  0x00, 0x03, 0xFF, 0xFF, 0xFF, 0xFF, 0xFF, 0x00, 0x00, 0x18, 0x60, 0x00,
  0x00, 0x00, 0x18, 0x60, 0x00, 0x00, 0x00, 0x18, 0x60, 0x00, 0x00, 0x00,
  0x18, 0x60, 0x00, 0x00, 0x00, 0x18, 0x60, 0x00, 0x00, 0x00, 0x18, 0x60,
  0x00, 0x00, 0x00, 0x18, 0x60, 0x00, 0x00, 0x00, 0x1F, 0xE0, 0x00, 0x00,
  0x00, 0x07, 0xFF, 0x00, 0x00, 0x00, 0x06, 0x03, 0x00, 0x00, 0x00, 0x06,
  0x03, 0x00, 0x00, 0x00, 0x06, 0x03, 0x00, 0x00, 0x00, 0x06, 0x03, 0x00,
  0x00, 0x00, 0x06, 0x7F, 0x00, 0x00, 0x00, 0x06, 0x60, 0x00, 0x00, 0x00,
  0x06, 0x60, 0x00, 0x07, 0xFF, 0xFE, 0x7F, 0xE0, 0x1F, 0xFE, 0x06, 0x60,
  0x38, 0x3F, 0xFF, 0x06, 0x60, 0x0C, 0x7F, 0xFF, 0x06, 0x60, 0x06, 0x7F,
  0xFF, 0x86, 0x60, 0x06, 0x7F, 0xFF, 0x86, 0x60, 0x03, 0xFF, 0xFF, 0x87,
  0xE0, 0x03, 0xFF, 0xFF, 0x86, 0x60, 0x03, 0xFF, 0xFF, 0x84, 0x20, 0x03,
  0xFF, 0xFF, 0x84, 0x20, 0x03, 0xE0, 0x00, 0x86, 0x60, 0x03, 0x98, 0x01,
  0x83, 0xC0, 0x03, 0xC6, 0x03, 0x80, 0x00, 0x03, 0xC3, 0x03, 0x80, 0x00,
  0x03, 0xC2, 0xC6, 0x80, 0x00, 0x03, 0xE6, 0x6C, 0x80, 0x00, 0x03, 0xE6,
  0x18, 0x80, 0x00, 0x03, 0xEC, 0x00, 0x80, 0x00, 0x03, 0xEC, 0x00, 0x80,
  0x00, 0x03, 0xF8, 0x00, 0x80, 0x00, 0x03, 0xF8, 0x00, 0x80, 0x00, 0x03,
  0xFF, 0xFF, 0x80, 0x00, 0x03, 0xFF, 0xFF, 0xFF, 0xFF, 0xFF, 0x00, 0x00,
  0x18, 0x60, 0x00, 0x00, 0x00, 0x18, 0x60, 0x00, 0x00, 0x00, 0x18, 0x60,
  0x00, 0x00, 0x00, 0x18, 0x60, 0x00, 0x00, 0x00, 0x18, 0x60, 0x00, 0x00,
  0x00, 0x18, 0x60, 0x00, 0x00, 0x00, 0x18, 0x60, 0x00, 0x00, 0x00, 0x1F,
  0xE0, 0x00, 0x07, 0xFF, 0xFF, 0xFF, 0xE0, 0x0F, 0xFE, 0x00, 0x00, 0x1C,
  0x0F, 0xFF, 0x80, 0x00, 0x03, 0x0F, 0xFF, 0xE0, 0x00, 0x00, 0xC7, 0xFF,
  0xF0, 0x00, 0x00, 0x67, 0xFF, 0xFC, 0x1C, 0x00, 0x1B, 0xFF, 0xFE, 0x1F,
  0xFF, 0xFF, 0xFF, 0xFF, 0x08, 0xFF, 0xFF, 0xFF, 0xFF, 0x84, 0x60, 0x00,
  0xFF, 0xFF, 0xC2, 0x20, 0x00, 0x7F, 0xFF, 0xE1, 0x9F, 0xFE, 0x3F, 0xFF,
  0xF0, 0x70, 0x03, 0x1F, 0xFF, 0xF8, 0x00, 0x01, 0x8F, 0xFF, 0xFC, 0x00,
  0x00, 0xC7, 0xFF, 0xFE, 0x00, 0x00, 0x63, 0xFF, 0xFF, 0x00, 0x00, 0x3F,
  0xFF, 0xFF, 0x80, 0x00, 0x1F, 0xFF, 0xFF, 0xC0, 0x00, 0x01, 0xBF, 0xFF,
  0xE0, 0x00, 0x00, 0xDF, 0xFF, 0xF0, 0x00, 0x00, 0x6F, 0xFF, 0xF8, 0x00,
  0x00, 0x37, 0xFF, 0xFC, 0x00, 0x00, 0x1B, 0xFF, 0xFF, 0xFF, 0xFF, 0xFC,
  0x00, 0x00, 0x31, 0x80, 0x00, 0x00, 0x00, 0x18, 0xC0, 0x00, 0x00, 0x00,
  0x0C, 0x60, 0x00, 0x00, 0x00, 0x06, 0x30, 0x00, 0x00, 0x00, 0x03, 0x18,
  0x00, 0x00, 0x00, 0x01, 0x8C, 0x00, 0x00, 0x00, 0x00, 0xC6, 0x00, 0x00,
  0x00, 0x00, 0x7F, 0x00, 0x00, 0x1F, 0xFF, 0xFF, 0xF8, 0x30, 0x00, 0x00,
  0x08, 0x20, 0x00, 0x00, 0x0C, 0x60, 0x00, 0x00, 0x06, 0x60, 0x00, 0x00,
  0x06, 0xFF, 0xFF, 0xFF, 0xFF, 0xC0, 0x00, 0x00, 0x03, 0xC0, 0x00, 0x00,
  0x03, 0xC1, 0xFF, 0xFF, 0x03, 0xC1, 0xFF, 0xFF, 0x03, 0xC1, 0xF0, 0x3F,
  0x03, 0xC1, 0xF8, 0xEF, 0x03, 0xC0, 0x4D, 0xC4, 0x03, 0xC0, 0xC7, 0x06,
  0x03, 0xC0, 0x83, 0x02, 0x03, 0xC1, 0x81, 0x83, 0x03, 0xC1, 0x81, 0xC3,
  0x03, 0xC1, 0x03, 0x81, 0x83, 0xC3, 0x0E, 0x01, 0x83, 0xC2, 0x3B, 0xC0,
  0xC3, 0xC6, 0x70, 0x78, 0xC3, 0xC7, 0xC0, 0x1E, 0xE3, 0xC7, 0x80, 0x03,
  0xE3, 0xCF, 0xFF, 0xFF, 0xE3, 0xC0, 0x00, 0x00, 0x03, 0xC0, 0x00, 0x00,
  0x03, 0xC0, 0x00, 0x00, 0x03, 0xC0, 0x00, 0x00, 0x03, 0xC0, 0x00, 0x00,
  0x03, 0xC0, 0x00, 0x00, 0x03, 0xC0, 0x00, 0x00, 0x03, 0xC0, 0x00, 0x00,
  0x03, 0xC0, 0x00, 0x00, 0x03, 0xFF, 0xFF, 0xFF, 0xFF, 0x00, 0x18, 0x30,
  0x00, 0x00, 0x18, 0x30, 0x00, 0x00, 0x18, 0x30, 0x00, 0x00, 0x18, 0x30,
  0x00, 0x00, 0x1F, 0xF0, 0x00, 0x00, 0x03, 0xF8, 0x00, 0x00, 0x00, 0x03,
  0x01, 0x80, 0x00, 0x00, 0x03, 0x00, 0x18, 0x00, 0x00, 0x01, 0x90, 0x03,
  0x00, 0x00, 0x00, 0xD9, 0xF8, 0x60, 0xC0, 0x00, 0x24, 0x83, 0x08, 0x7C,
  0x00, 0x10, 0x40, 0x61, 0x1F, 0x80, 0x04, 0x20, 0x0C, 0x47, 0xE0, 0x32,
  0x10, 0x01, 0x09, 0x7C, 0x12, 0x84, 0x00, 0x62, 0x5F, 0x88, 0xA1, 0x00,
  0x18, 0xB7, 0xE2, 0x38, 0x40, 0x06, 0x28, 0xFC, 0xF6, 0x10, 0x01, 0x8E,
  0x1F, 0x8E, 0x86, 0x00, 0x43, 0x07, 0xE0, 0xF0, 0x80, 0x31, 0x80, 0xF8,
  0x1C, 0x15, 0xF8, 0xC0, 0x1F, 0x03, 0x83, 0xFD, 0xE0, 0x07, 0xC0, 0x60,
  0xFF, 0xE0, 0x00, 0xF0, 0x06, 0x3F, 0xC0, 0x3F, 0xFC, 0x00, 0xCF, 0xF0,
  0x78, 0x0F, 0x00, 0x1F, 0xFD, 0xF0, 0x00, 0x00, 0x01, 0xFF, 0xE0, 0x00,
  0x00, 0x00, 0x3F, 0xE0, 0x00, 0x00, 0x00, 0x1D, 0xF8, 0x00, 0x00, 0x00,
  0x04, 0x03, 0x00, 0x00, 0x00, 0x02, 0x00, 0x60, 0x00, 0x00, 0x03, 0x80,
  0x1C, 0x00, 0x00, 0x01, 0xC0, 0x03, 0xC0, 0x00, 0x01, 0xE0, 0x00, 0x78,
  0x00, 0x00, 0x78, 0x00, 0x1C, 0x00, 0x00, 0x1C, 0x00, 0x03, 0x00, 0x00,
  0x02, 0x00, 0x00, 0x00, 0x00, 0xFF, 0xFF, 0xFF, 0xFF, 0xFC, 0x7F, 0xFF,
  0xFF, 0xFF, 0xFE, 0x30, 0x00, 0x00, 0x00, 0x03, 0xF8, 0x00, 0x00, 0x00,
  0x01, 0x9C, 0x00, 0x03, 0xC0, 0x00, 0xCE, 0x3F, 0xF3, 0xE3, 0xFE, 0x67,
  0x1F, 0xF9, 0xF9, 0xFF, 0x33, 0x8F, 0xFD, 0xFC, 0xFF, 0x99, 0xC7, 0xFE,
  0x7E, 0x7F, 0xCC, 0xE3, 0xFF, 0x3E, 0x3F, 0xE6, 0x70, 0x00, 0x06, 0x00,
  0x03, 0x38, 0x00, 0x00, 0x00, 0x01, 0x9C, 0x00, 0x00, 0x00, 0x00, 0xCE,
  0x00, 0x00, 0x00, 0x00, 0x67, 0x1F, 0xE3, 0xF8, 0x7F, 0x33, 0x8F, 0xF0,
  0x00, 0x00, 0x19, 0xC7, 0xF8, 0x00, 0x00, 0x0C, 0xE3, 0xFC, 0x7F, 0x0F,
  0xE6, 0x70, 0x00, 0x00, 0x00, 0x03, 0x38, 0x00, 0x00, 0x00, 0x01, 0x9C,
  0x00, 0x00, 0x00, 0x00, 0xCE, 0x00, 0x00, 0x00, 0x00, 0x67, 0x1F, 0xFF,
  0xF8, 0x7F, 0x33, 0x8F, 0xFF, 0xFC, 0x00, 0x19, 0xC7, 0xFF, 0xFE, 0x00,
  0x0C, 0xE3, 0xFF, 0xFF, 0x0F, 0xE6, 0x71, 0xFF, 0xFF, 0x80, 0x03, 0x38,
  0xFF, 0xFF, 0xC0, 0x01, 0x9C, 0x7F, 0xFF, 0xE1, 0xFC, 0xCE, 0x3F, 0xFF,
  0xF0, 0x00, 0x65, 0x1F, 0xFF, 0xF8, 0x00, 0x32, 0xCF, 0xFF, 0xFC, 0x00,
  0x0E, 0x3F, 0xFF, 0xFF, 0xFF, 0xFF, 0x00, 0x3F, 0xFF, 0xFC, 0x7F, 0x00,
  0xFE, 0xFF, 0x00, 0xFF, 0xFF, 0xFF, 0xFF, 0xE0, 0x00, 0x07, 0xC0, 0x00,
  0x03, 0xC0, 0x00, 0x03, 0xC0, 0x00, 0x03, 0xC7, 0x6E, 0xE3, 0xC7, 0x6E,
  0xE3, 0xC0, 0x00, 0x03, 0xC0, 0x00, 0x03, 0xC7, 0x6E, 0xE3, 0xC7, 0x6E,
  0xE3, 0xC0, 0x00, 0x03, 0xC0, 0x00, 0x03, 0xC7, 0x6E, 0xE3, 0xC7, 0x6E,
  0xE3, 0xC0, 0x00, 0x03, 0xC0, 0x00, 0x03, 0xC7, 0x60, 0x03, 0xC7, 0x60,
  0x03, 0xC0, 0x00, 0x03, 0xC0, 0x00, 0x03, 0xC0, 0x00, 0x03, 0xC0, 0x00,
  0x03, 0xC0, 0x00, 0x03, 0xC0, 0x00, 0x03, 0xC0, 0x00, 0x03, 0xC0, 0x00,
  0x03, 0xC0, 0x00, 0x03, 0xC0, 0x00, 0x03, 0xC7, 0x6E, 0xE3, 0xC7, 0x6E,
  0xE3, 0xC0, 0x00, 0x03, 0xC0, 0x00, 0x03, 0xC0, 0x00, 0x03, 0x60, 0x00,
  0x06, 0x3F, 0xFF, 0xFC, 0x00, 0x00, 0x7F, 0xFF, 0xF8, 0x00, 0x01, 0xFC,
  0x03, 0xF8, 0x00, 0x07, 0xF8, 0x07, 0xF8, 0x00, 0x0F, 0xFF, 0xFF, 0xF0,
  0x00, 0x1C, 0x00, 0x00, 0xE0, 0x00, 0x30, 0x00, 0x00, 0xC0, 0x00, 0x60,
  0x00, 0x01, 0x80, 0x00, 0xC0, 0x00, 0x03, 0x00, 0x01, 0x8E, 0xFD, 0xC6,
  0x00, 0x03, 0x1D, 0xFB, 0x8C, 0x00, 0x06, 0x00, 0x00, 0x18, 0x00, 0x0C,
  0x00, 0x00, 0x30, 0x00, 0x18, 0xEF, 0xDC, 0x60, 0x80, 0x31, 0xDF, 0xB8,
  0xC1, 0x80, 0x60, 0x00, 0x01, 0x83, 0x80, 0xC7, 0x7E, 0xE3, 0x07, 0x81,
  0x8E, 0xFD, 0xC7, 0xFF, 0x83, 0x1D, 0xFB, 0x8F, 0xFF, 0x86, 0x00, 0x00,
  0x1F, 0xFF, 0x8C, 0x00, 0x00, 0x3F, 0xFF, 0x18, 0xEE, 0x00, 0x7F, 0xFC,
  0x31, 0xDC, 0x00, 0xFF, 0xF0, 0x60, 0x00, 0x01, 0x83, 0xC0, 0xC0, 0x00,
  0x03, 0x07, 0x01, 0x80, 0x00, 0x06, 0x0C, 0x03, 0x00, 0x00, 0x0C, 0x10,
  0x06, 0x00, 0x00, 0x18, 0x00, 0x0C, 0x00, 0x00, 0x30, 0x00, 0x18, 0x00,
  0x00, 0x60, 0x00, 0x30, 0x00, 0x00, 0xC0, 0x00, 0x60, 0x00, 0x01, 0x80,
  0x00, 0xC0, 0x00, 0x03, 0x00, 0x01, 0x8E, 0xFD, 0xC6, 0x00, 0x03, 0x1D,
  0xFB, 0x8C, 0x00, 0x06, 0x00, 0x00, 0x18, 0x00, 0x0C, 0x00, 0x00, 0x30,
  0x00, 0x18, 0x00, 0x00, 0x60, 0x00, 0x18, 0x00, 0x01, 0x80, 0x00, 0x1F,
  0xFF, 0xFE, 0x00, 0x00, 0x3F, 0xFF, 0xF0, 0x00, 0x01, 0x80, 0x00, 0x60,
  0x00, 0x0C, 0x00, 0x00, 0xC0, 0x00, 0x30, 0x00, 0x03, 0x00, 0x00, 0xC0,
  0xFC, 0x0C, 0x00, 0x43, 0x00, 0x00, 0x30, 0x83, 0x0C, 0x00, 0x00, 0xC3,
  0x0C, 0x30, 0x00, 0x03, 0x0C, 0x60, 0xCF, 0xFF, 0xCC, 0x19, 0x83, 0x3F,
  0xFF, 0x30, 0x6C, 0x0C, 0xCC, 0xCC, 0xC0, 0xF0, 0x33, 0x33, 0x33, 0x03,
  0x60, 0xCF, 0xFF, 0xCC, 0x18, 0xC3, 0x3F, 0xFF, 0x30, 0xC3, 0x0C, 0xCC,
  0xCC, 0xC3, 0x04, 0x33, 0x33, 0x33, 0x08, 0x30, 0xCF, 0xFF, 0xCC, 0x31,
  0x83, 0x3F, 0xFF, 0x30, 0x64, 0x0C, 0xCC, 0xFC, 0xC0, 0xF0, 0x33, 0x33,
  0xF3, 0x03, 0x60, 0xCF, 0xFF, 0xCC, 0x19, 0x83, 0x3F, 0xFF, 0x30, 0x63,
  0x0C, 0xFF, 0xFC, 0xC3, 0x06, 0x33, 0xFF, 0xF3, 0x18, 0x30, 0xCF, 0xFF,
  0xCC, 0x30, 0x83, 0x3F, 0xFF, 0x30, 0x46, 0x0C, 0xFF, 0xFC, 0xC1, 0xB0,
  0x33, 0xFF, 0xF3, 0x03, 0xC0, 0xCF, 0xFF, 0xCC, 0x0D, 0x83, 0x3F, 0xFF,
  0x30, 0x66, 0x0C, 0xFF, 0xFC, 0xC1, 0x8C, 0x33, 0x33, 0x33, 0x0C, 0x10,
  0xCC, 0xCC, 0xCC, 0x20, 0x43, 0x3F, 0xFF, 0x30, 0x80, 0x0C, 0xFF, 0xFC,
  0xC0, 0x00, 0x30, 0x00, 0x03, 0x00, 0x00, 0xC0, 0x00, 0x0C, 0x00, 0x01,
  0x80, 0x00, 0x60, 0x00, 0x03, 0xFF, 0xFF, 0x00, 0x00, 0x7F, 0xFF, 0xFF,
  0xFF, 0xFE, 0xFF, 0xFF, 0xFF, 0xFF, 0xFF, 0xFF, 0xFF, 0xFF, 0xFF, 0xFF,
  0xFF, 0xFF, 0xFF, 0xFF, 0xFF, 0xFF, 0x80, 0x07, 0xFF, 0xFF, 0xFE, 0x00,
  0x01, 0xFF, 0xFF, 0xFE, 0x00, 0x01, 0xFF, 0xFF, 0xFE, 0x09, 0xE1, 0xFF,
  0xFF, 0xFE, 0x00, 0x01, 0xFF, 0xFF, 0xFE, 0x00, 0x01, 0xFF, 0xFF, 0xFE,
  0x7F, 0xF9, 0xFF, 0xFF, 0xFE, 0x7F, 0xF9, 0xFF, 0xFF, 0xFE, 0x7F, 0xF9,
  0xFF, 0xFF, 0xFE, 0x7F, 0xFF, 0xFF, 0xFF, 0xFE, 0x7F, 0xFF, 0xFF, 0xFF,
  0xFE, 0x7C, 0x38, 0x30, 0x7F, 0xFE, 0x78, 0x38, 0x30, 0x7F, 0xFE, 0x71,
  0x99, 0xF3, 0xFF, 0xFE, 0x73, 0xD9, 0xF3, 0xFF, 0xFE, 0x73, 0xD8, 0x30,
  0x7F, 0xFE, 0x73, 0xD8, 0x30, 0x7F, 0xFE, 0x73, 0xD9, 0xF3, 0xFF, 0xFE,
  0x79, 0xB9, 0xF3, 0xFF, 0xFE, 0x7C, 0x79, 0xF3, 0xFF, 0xFE, 0x7F, 0xFF,
  0xFF, 0xFF, 0xFE, 0x7F, 0xFF, 0xFF, 0xFF, 0xFE, 0x7F, 0xF9, 0xFF, 0xFF,
  0xFE, 0x7F, 0xF9, 0xFF, 0xFF, 0xFE, 0x7F, 0xF9, 0xFF, 0xFF, 0xFE, 0x00,
  0x01, 0xFF, 0xFF, 0xFE, 0x00, 0x01, 0xFF, 0xFF, 0xFE, 0x07, 0xC1, 0xFF,
  0xFF, 0xFE, 0x00, 0x01, 0xFF, 0xFF, 0xFE, 0x00, 0x01, 0xFF, 0xFF, 0xFF,
  0x80, 0x07, 0xFF, 0xFF, 0xFF, 0xFF, 0xFF, 0xFF, 0xFF, 0xFF, 0xFF, 0xFF,
  0xFF, 0xFF, 0xFF, 0xFF, 0xFF, 0xFF, 0xFF, 0x7F, 0xFF, 0xFF, 0xFF, 0xFE,
  0x00, 0x01, 0xFF, 0x80, 0x00, 0x00, 0x0F, 0x00, 0xF0, 0x00, 0x00, 0x38,
  0x00, 0x1C, 0x00, 0x00, 0x60, 0x00, 0x06, 0x00, 0x01, 0x80, 0x00, 0x03,
  0x80, 0x03, 0x00, 0x00, 0x00, 0xC0, 0x06, 0x03, 0xFF, 0x80, 0x60, 0x0F,
  0x0F, 0xFF, 0xE0, 0x30, 0x0D, 0x8F, 0x61, 0xE0, 0x30, 0x18, 0xCF, 0xFF,
  0xE0, 0x18, 0x30, 0x6C, 0x00, 0x60, 0x0C, 0x30, 0x3C, 0x00, 0x60, 0x0C,
  0x60, 0x1C, 0x00, 0x60, 0x06, 0x60, 0x0C, 0x00, 0x60, 0x06, 0x60, 0x0E,
  0x00, 0x60, 0x06, 0xC0, 0x0F, 0x00, 0x60, 0x03, 0xC0, 0x0D, 0x80, 0x60,
  0x03, 0xC0, 0x0C, 0xC0, 0x60, 0x03, 0xC0, 0x0C, 0x60, 0x60, 0x03, 0xC0,
  0x0C, 0x30, 0x60, 0x03, 0xC0, 0x0C, 0x18, 0x60, 0x03, 0xC0, 0x0C, 0x0C,
  0x60, 0x03, 0xC0, 0x0C, 0x06, 0x60, 0x03, 0xC0, 0x0C, 0x03, 0x60, 0x03,
  0x60, 0x0C, 0x01, 0xE0, 0x06, 0x60, 0x0C, 0x00, 0xE0, 0x06, 0x60, 0x0C,
  0x00, 0x60, 0x06, 0x30, 0x0C, 0x00, 0x70, 0x0C, 0x30, 0x0C, 0x00, 0x78,
  0x0C, 0x18, 0x0F, 0xFF, 0xEC, 0x18, 0x1C, 0x0F, 0x83, 0xE6, 0x30, 0x0C,
  0x0F, 0x83, 0xE3, 0x30, 0x06, 0x0F, 0xFF, 0xE1, 0xE0, 0x03, 0x03, 0xFF,
  0x80, 0xC0, 0x01, 0xC0, 0x00, 0x03, 0x80, 0x00, 0x60, 0x00, 0x06, 0x00,
  0x00, 0x38, 0x00, 0x1C, 0x00, 0x00, 0x0F, 0x00, 0xF0, 0x00, 0x00, 0x01,
  0xFF, 0x00, 0x00, 0x7F, 0xFF, 0xFF, 0xFF, 0xFE, 0xFF, 0xFF, 0xFF, 0xFF,
  0xFF, 0xFF, 0xFF, 0xFF, 0xFF, 0xFF, 0xFF, 0xFF, 0xFF, 0xFF, 0xFF, 0xFF,
  0xFF, 0xFF, 0xFF, 0xFF, 0xFF, 0xFF, 0xFF, 0xFF, 0xFF, 0xFF, 0xFF, 0xFF,
  0xFF, 0xFF, 0xFF, 0xFF, 0xFF, 0xFC, 0x7F, 0xFF, 0xFF, 0xFF, 0xFC, 0x7F,
  0xFF, 0xFF, 0xFF, 0xFC, 0x7F, 0xFF, 0xFF, 0xFF, 0xFC, 0x7F, 0xFF, 0xFF,
  0xFF, 0xFC, 0x7F, 0xFF, 0xFF, 0xFC, 0x3C, 0x7F, 0xFF, 0xFF, 0xFC, 0x3C,
  0x7F, 0xFF, 0xFF, 0xFC, 0x3C, 0x7F, 0xFF, 0xFF, 0xFC, 0x3C, 0x7F, 0xFF,
  0xFF, 0xFC, 0x3C, 0x7F, 0xFF, 0xFC, 0x3C, 0x3C, 0x7F, 0xFF, 0xFC, 0x3C,
  0x3C, 0x7F, 0xFF, 0xFC, 0x3C, 0x3C, 0x7F, 0xFF, 0xFC, 0x3C, 0x3C, 0x7F,
  0xFF, 0xFC, 0x3C, 0x3C, 0x7F, 0xFE, 0x3C, 0x3C, 0x3C, 0x7F, 0xFE, 0x3C,
  0x3C, 0x3C, 0x7F, 0xFE, 0x3C, 0x3C, 0x3C, 0x7F, 0xFE, 0x3C, 0x3C, 0x3C,
  0x7F, 0xFE, 0x3C, 0x3C, 0x3C, 0x7F, 0xFE, 0x3C, 0x3C, 0x3C, 0x7F, 0xFE,
  0x3C, 0x3C, 0x3C, 0x7F, 0xFE, 0x3C, 0x3C, 0x3C, 0x7F, 0xFE, 0x3C, 0x3C,
  0x3C, 0x7F, 0xFE, 0x3C, 0x3C, 0x3C, 0x7F, 0xFF, 0xFF, 0xFF, 0xFF, 0xFF,
  0xFF, 0xFF, 0xFF, 0xFF, 0xFF, 0xFF, 0xFF, 0xFF, 0xFF, 0xFF, 0xFF, 0xFF,
  0xFF, 0xFF, 0xFF, 0xFF, 0xFF, 0xFF, 0xFF, 0xFF, 0xFF, 0xFF, 0xFF, 0xFF,
  0xFF, 0x7F, 0xFF, 0xFF, 0xFF, 0xFE, 0x03, 0xF8, 0x00, 0x00, 0x00, 0x00,
  0x7F, 0xC0, 0x00, 0x00, 0x00, 0x07, 0xFC, 0x00, 0x00, 0x00, 0x07, 0xFF,
  0xFF, 0xFF, 0xFF, 0xFE, 0xFF, 0xFF, 0xFF, 0xFF, 0xFF, 0xFC, 0x00, 0x00,
  0x00, 0x00, 0x03, 0xC0, 0x00, 0x00, 0x00, 0x00, 0x3C, 0x00, 0x00, 0x1F,
  0x07, 0xE3, 0xC0, 0x00, 0x01, 0xF0, 0x7E, 0x3C, 0x00, 0x00, 0x1F, 0x07,
  0xE3, 0xC0, 0x00, 0x00, 0x00, 0x7E, 0x3C, 0x00, 0x00, 0x00, 0x00, 0x03,
  0xC0, 0x00, 0x03, 0xF8, 0x00, 0x3F, 0xFF, 0xFF, 0xFF, 0xFF, 0xFF, 0xC0,
  0x00, 0x1C, 0x07, 0x00, 0x3C, 0x00, 0x03, 0x80, 0x18, 0x03, 0xC0, 0x00,
  0x60, 0x00, 0xC0, 0x3C, 0x00, 0x0C, 0x1F, 0x06, 0x03, 0xC0, 0x00, 0xC7,
  0xFC, 0x70, 0x3C, 0x00, 0x18, 0xFF, 0xE3, 0x03, 0xC0, 0x01, 0x8F, 0xFE,
  0x30, 0x3C, 0x00, 0x19, 0xFF, 0xF3, 0x83, 0xC0, 0x03, 0x9F, 0xFF, 0x18,
  0x3C, 0x00, 0x39, 0xFF, 0xF1, 0x83, 0xC0, 0x03, 0x9F, 0xFF, 0x18, 0x3C,
  0x00, 0x39, 0xFF, 0xF3, 0x83, 0xC0, 0x01, 0x8F, 0xFE, 0x38, 0x3C, 0x00,
  0x18, 0xFF, 0xE3, 0x03, 0xC0, 0x01, 0xC7, 0xFC, 0x70, 0x3C, 0x00, 0x0E,
  0x3F, 0x87, 0x03, 0xC0, 0x00, 0xE0, 0x40, 0xE0, 0x3F, 0xFF, 0xFF, 0x80,
  0x3F, 0xFF, 0xC0, 0x00, 0x3E, 0x07, 0xC0, 0x3C, 0x00, 0x01, 0xFF, 0xF0,
  0x03, 0xC0, 0x00, 0x0F, 0xFE, 0x00, 0x3F, 0xFF, 0xFF, 0xFF, 0xFF, 0xFF,
  0x7F, 0xFF, 0xFF, 0xFF, 0xFF, 0xE0, 0x00, 0x00, 0x00, 0x00, 0x00, 0x00,
  0x00, 0x08, 0x00, 0x40, 0x00, 0x00, 0x00, 0xC0, 0x0C, 0x00, 0x00, 0x00,
  0x07, 0x01, 0xC0, 0x00, 0x03, 0xF8, 0x78, 0x1C, 0x00, 0x00, 0x7F, 0xC7,
  0xC3, 0xC0, 0x0C, 0x07, 0xFC, 0x26, 0x6C, 0x0F, 0x07, 0xFF, 0xFF, 0x3C,
  0xFF, 0xFE, 0xC0, 0x00, 0x30, 0xCF, 0xDC, 0x3C, 0x00, 0x01, 0x00, 0xC3,
  0x83, 0xC0, 0x00, 0x18, 0x00, 0x7E, 0x3C, 0x00, 0x03, 0x80, 0x0F, 0xE3,
  0xC0, 0x00, 0xF0, 0x01, 0xFE, 0x3C, 0x00, 0x3C, 0x00, 0x37, 0xE3, 0xC0,
  0x0F, 0x00, 0x01, 0x00, 0x3C, 0x03, 0xFF, 0xE2, 0x18, 0x03, 0xFF, 0xFF,
  0xFE, 0x3F, 0xFF, 0xFC, 0x00, 0x01, 0xE6, 0x7C, 0x03, 0xC0, 0x00, 0x3A,
  0x41, 0xE0, 0x3C, 0x00, 0x07, 0x2C, 0x0C, 0x03, 0xC0, 0x00, 0xE2, 0xF8,
  0x60, 0x3C, 0x00, 0x0C, 0x7F, 0xC7, 0x03, 0xC0, 0x01, 0x8F, 0xFE, 0x30,
  0x3C, 0x00, 0x18, 0xFF, 0xE3, 0x83, 0xC0, 0x01, 0x9F, 0xFF, 0x18, 0x3C,
  0x00, 0x39, 0xFF, 0xF1, 0x83, 0xC0, 0x03, 0x9F, 0xFF, 0x18, 0x3C, 0x00,
  0x39, 0xFF, 0xF1, 0x83, 0xC0, 0x03, 0x9F, 0xFF, 0x18, 0x3C, 0x00, 0x18,
  0xFF, 0xE3, 0x83, 0xC0, 0x01, 0x8F, 0xFE, 0x38, 0x3C, 0x00, 0x1C, 0x7F,
  0xC7, 0x03, 0xC0, 0x00, 0xC3, 0xF8, 0x70, 0x3C, 0x00, 0x0E, 0x0E, 0x0E,
  0x03, 0xFF, 0xFF, 0xF8, 0x01, 0xFF, 0xFC, 0x00, 0x03, 0xC0, 0x7C, 0x03,
  0xC0, 0x00, 0x1F, 0xFF, 0x80, 0x3C, 0x00, 0x00, 0xFF, 0xE0, 0x03, 0xFF,
  0xFF, 0xFF, 0xFF, 0xFF, 0xF7, 0xFF, 0xFF, 0xFF, 0xFF, 0xFE, 0x00, 0x00,
  0x00, 0x01, 0x80, 0x00, 0x00, 0x00, 0x00, 0x3C, 0x00, 0x00, 0x00, 0x00,
  0x06, 0x60, 0x00, 0x00, 0x00, 0x00, 0x63, 0x00, 0x00, 0x00, 0x00, 0x1F,
  0x10, 0x00, 0x00, 0x00, 0x03, 0x99, 0x80, 0x00, 0x00, 0x00, 0x70, 0x98,
  0x00, 0x00, 0x00, 0x0C, 0x0F, 0x80, 0x00, 0x00, 0x01, 0x80, 0xE0, 0x00,
  0x00, 0x00, 0x70, 0x38, 0x00, 0x00, 0x00, 0x0E, 0x07, 0x76, 0x00, 0x07,
  0xFF, 0xFF, 0xFF, 0xF8, 0x00, 0xFF, 0xFF, 0xFF, 0xFF, 0xC0, 0x1C, 0x00,
  0x00, 0x00, 0x0E, 0x7F, 0x80, 0x00, 0x00, 0x00, 0x6C, 0x1B, 0x00, 0x00,
  0x00, 0x06, 0xC1, 0x30, 0x00, 0x00, 0x00, 0x6C, 0x30, 0x00, 0x00, 0x00,
  0x03, 0xC3, 0x00, 0xFF, 0xFF, 0xF0, 0x3C, 0x30, 0x18, 0x00, 0x00, 0x83,
  0xC3, 0x01, 0x80, 0x00, 0x0C, 0x3C, 0x30, 0x18, 0x00, 0x00, 0xC3, 0xC3,
  0x01, 0x80, 0x00, 0x0C, 0x3C, 0x31, 0xF8, 0x00, 0x00, 0xC3, 0xC3, 0x00,
  0x00, 0x00, 0x0C, 0x3C, 0x30, 0x00, 0x00, 0x00, 0xC3, 0xC3, 0x00, 0x00,
  0x00, 0x0C, 0x3C, 0x30, 0x00, 0x00, 0x00, 0xC3, 0xC3, 0x00, 0x00, 0x00,
  0x0C, 0x34, 0x31, 0xF8, 0x00, 0x00, 0xC3, 0x7F, 0x01, 0x80, 0x00, 0x0C,
  0x30, 0x30, 0x18, 0x00, 0x00, 0xC3, 0x03, 0x01, 0x80, 0x00, 0x0C, 0x30,
  0x30, 0x18, 0x00, 0x00, 0x83, 0x01, 0x00, 0xFF, 0xFF, 0xF0, 0x20, 0x10,
  0x00, 0x00, 0x00, 0x06, 0x01, 0x00, 0x00, 0x00, 0x00, 0x60, 0x18, 0x00,
  0x00, 0x00, 0x06, 0x00, 0xC0, 0x00, 0x00, 0x00, 0xC0, 0x07, 0xFF, 0xFF,
  0xFF, 0xF8, 0x00, 0x06, 0x00, 0x0C, 0x00, 0x00, 0x00, 0x40, 0x01, 0x00,
  0x00, 0x00, 0x04, 0x00, 0x60, 0x00, 0x00, 0x00, 0xC0, 0x18, 0x00, 0x00,
  0x00, 0x0C, 0x06, 0x00, 0x00, 0x00, 0x00, 0xC1, 0x80, 0x00, 0x00, 0x00,
  0x0F, 0xE0, 0x00, 0x00, 0x00, 0x07, 0xFF, 0x00, 0x00, 0x00, 0x01, 0xFF,
  0xF0, 0x00, 0x0F, 0xFF, 0xFF, 0xFF, 0xFF, 0xFB, 0xFF, 0xFF, 0xFF, 0xFF,
  0xFF, 0xE0, 0x00, 0x00, 0x00, 0x00, 0x3C, 0x00, 0x00, 0x00, 0x00, 0x07,
  0x80, 0x7F, 0xFF, 0xE0, 0x00, 0xF0, 0x7F, 0xFF, 0xFF, 0x83, 0x9E, 0x1F,
  0xCF, 0xFF, 0xF8, 0xDB, 0xC3, 0xC1, 0xFF, 0xFF, 0x1B, 0x78, 0xE1, 0xFF,
  0xFF, 0xF3, 0x6F, 0x1F, 0xFF, 0xFF, 0xFE, 0x39, 0xE3, 0xFF, 0xFF, 0xFF,
  0xC0, 0x3C, 0x67, 0xFF, 0xFF, 0xF8, 0xE7, 0x8C, 0xFF, 0xFF, 0xFF, 0x2E,
  0xF1, 0x9F, 0xFF, 0xFF, 0xE6, 0xDE, 0x3F, 0xFF, 0xFF, 0xFC, 0x73, 0xC7,
  0xFF, 0xFF, 0xFF, 0x80, 0x78, 0xFF, 0xFF, 0xFF, 0xF0, 0x0F, 0x1F, 0xFF,
  0xFF, 0xFE, 0x01, 0xE3, 0xFF, 0xFF, 0xFF, 0xCF, 0xBC, 0x7F, 0xFF, 0xFF,
  0xF9, 0xF7, 0x8F, 0xFF, 0xFF, 0xFF, 0x3E, 0xF1, 0xFF, 0xFF, 0xFF, 0xE7,
  0xDE, 0x1F, 0xFF, 0xFF, 0xF8, 0xFB, 0xC3, 0xFF, 0xFF, 0xFF, 0x1F, 0x78,
  0x3F, 0xFF, 0xFF, 0xC3, 0xEF, 0x00, 0xFF, 0xFF, 0xC0, 0x7D, 0xE0, 0x00,
  0x00, 0x00, 0x00, 0x3C, 0x00, 0x00, 0x00, 0x00, 0x07, 0x80, 0x00, 0x00,
  0x00, 0x00, 0xDF, 0xFF, 0xFF, 0xFF, 0xFF, 0xF0, 0x00, 0x00, 0x00, 0x00,
  0x20, 0x00, 0x00, 0x00, 0x00, 0x03, 0xE0, 0x00, 0x00, 0x00, 0x00, 0x7F,
  0x00, 0x00, 0x00, 0x00, 0x07, 0xF0, 0x00, 0x00, 0x00, 0x00, 0xFF, 0x00,
  0x00, 0x00, 0x00, 0x1F, 0xE0, 0x00, 0x00, 0x00, 0x01, 0xFE, 0x00, 0x00,
  0x00, 0x01, 0xFF, 0xFF, 0xFF, 0xFF, 0xC0, 0x07, 0xFF, 0xFF, 0xFF, 0xFF,
  0xC0, 0x3E, 0x00, 0x00, 0x00, 0x03, 0xE0, 0xF0, 0x00, 0x00, 0x00, 0x01,
  0xE3, 0x80, 0x00, 0x00, 0x00, 0x00, 0xEF, 0xFF, 0xFF, 0xFF, 0xFF, 0xFF,
  0xFC, 0x00, 0x00, 0x00, 0x00, 0x01, 0xF0, 0x00, 0x00, 0x00, 0x00, 0x01,
  0xE0, 0x00, 0x00, 0x00, 0x00, 0x03, 0xC0, 0x00, 0x00, 0x00, 0x00, 0x07,
  0x8F, 0xFF, 0x1F, 0xFF, 0xFF, 0xCF, 0x00, 0x00, 0x3F, 0xBF, 0xFF, 0xDE,
  0x00, 0x00, 0x63, 0x73, 0x33, 0xBC, 0x00, 0x00, 0xC6, 0xE6, 0x67, 0x78,
  0xFF, 0xF1, 0xFD, 0xFF, 0xFE, 0xF0, 0x00, 0x03, 0xFB, 0xFF, 0xFD, 0xE0,
  0x00, 0x07, 0xF7, 0xFF, 0xFB, 0xC7, 0xFF, 0x8F, 0x29, 0x9D, 0xF7, 0x80,
  0x00, 0x1F, 0xDF, 0xFF, 0xEF, 0x00, 0x00, 0x3F, 0xFF, 0xFF, 0xDE, 0x00,
  0x00, 0x3F, 0xFF, 0xFF, 0x3C, 0x7F, 0xF8, 0x00, 0x00, 0x00, 0x78, 0x00,
  0x00, 0x0F, 0x00, 0xE0, 0xF0, 0x00, 0x00, 0x3F, 0x03, 0xF1, 0xE3, 0xFF,
  0xC0, 0xDB, 0x0E, 0x33, 0xC0, 0x00, 0x01, 0x32, 0x16, 0x27, 0x80, 0x00,
  0x02, 0x04, 0x20, 0x4F, 0x1F, 0xFE, 0x04, 0x18, 0x40, 0x9E, 0x3F, 0xFC,
  0x04, 0x20, 0x42, 0x3C, 0x00, 0x00, 0x07, 0x80, 0x78, 0x78, 0x00, 0x00,
  0x00, 0x00, 0x00, 0xD8, 0x00, 0x00, 0x00, 0x00, 0x03, 0x1F, 0xFF, 0xFF,
  0xFF, 0xFF, 0xFC, 0x3F, 0xFF, 0xFF, 0xFF, 0xFF, 0x8F, 0xFF, 0xFF, 0xFF,
  0xFF, 0xFB, 0xFF, 0xFF, 0xFF, 0xFF, 0xFF, 0xFF, 0xFF, 0xFF, 0xFF, 0xFF,
  0xFF, 0x00, 0x00, 0x00, 0x00, 0x1F, 0xE0, 0x00, 0x00, 0x00, 0x03, 0xFC,
  0x00, 0x00, 0x00, 0x00, 0x7F, 0xFF, 0xFF, 0xFF, 0xFF, 0xFF, 0xFE, 0x63,
  0x00, 0x18, 0xFF, 0xFF, 0x88, 0xE0, 0x03, 0x8C, 0xFF, 0xF3, 0x7C, 0x00,
  0x7D, 0x9F, 0xFC, 0x5D, 0xFF, 0xFD, 0xD1, 0xFF, 0x8B, 0x3F, 0xFF, 0x9A,
  0x3F, 0xF1, 0x66, 0x00, 0x33, 0x47, 0xFE, 0x2C, 0xC0, 0x06, 0x68, 0xFF,
  0xC4, 0xF8, 0x00, 0xF9, 0x1F, 0xFC, 0xCF, 0x00, 0x1E, 0x67, 0xFF, 0x88,
  0x60, 0x03, 0x08, 0xFF, 0xF9, 0x8C, 0x00, 0x63, 0x3F, 0xFF, 0xFF, 0xFF,
  0xFF, 0xFF, 0xFF, 0xFF, 0xFF, 0xFF, 0xFF, 0xFF, 0xE0, 0x00, 0x00, 0x00,
  0x03, 0xFF, 0xFF, 0xFF, 0xFF, 0xFF, 0xFF, 0x80, 0x00, 0x00, 0x00, 0x0F,
  0x7F, 0xFF, 0xFF, 0xFF, 0xFF, 0xC7, 0xFF, 0xFF, 0xFF, 0xFF, 0xF0, 0x00,
  0x00, 0x00, 0x0F, 0xE0, 0x00, 0x00, 0x00, 0x0C, 0x0E, 0x00, 0x00, 0x00,
  0x04, 0x78, 0xC0, 0x00, 0x00, 0x02, 0x12, 0x08, 0x01, 0xF8, 0x01, 0x23,
  0x81, 0x01, 0xE7, 0x80, 0x98, 0xC2, 0x61, 0xC0, 0x30, 0x29, 0x31, 0x48,
  0xC1, 0xE2, 0x12, 0xE0, 0xDB, 0x20, 0x58, 0x44, 0xF8, 0x3E, 0x59, 0x14,
  0x59, 0x00, 0xE0, 0x14, 0xC3, 0x3A, 0x40, 0x68, 0x07, 0x68, 0x9A, 0xD3,
  0xFA, 0xF9, 0x9F, 0x07, 0xD4, 0xBC, 0xB2, 0xE7, 0xDD, 0x05, 0xBF, 0x65,
  0x28, 0x05, 0x81, 0x26, 0x98, 0xCA, 0x01, 0x30, 0x4C, 0x66, 0x26, 0x9F,
  0x27, 0xD1, 0x13, 0x83, 0x24, 0xCD, 0xFF, 0xFF, 0xE1, 0x85, 0xA7, 0xC0,
  0x00, 0x39, 0xC1, 0x31, 0xC0, 0x00, 0x03, 0xC0, 0x20, 0xF0, 0x00, 0x00,
  0x60, 0x04, 0x38, 0x1F, 0xFF, 0x9C, 0x00, 0xC6, 0x0C, 0x00, 0x73, 0x00,
  0x1D, 0x06, 0x00, 0x0C, 0xC0, 0x00, 0xC1, 0x80, 0x03, 0xFE, 0x00, 0x10,
  0x60, 0x00, 0xC0, 0xC0, 0x04, 0x18, 0x00, 0x30, 0x30, 0x01, 0x06, 0x00,
  0x0C, 0x0C, 0x00, 0x41, 0x80, 0x03, 0x03, 0x00, 0x10, 0x60, 0x00, 0xC0,
  0xC0, 0x04, 0x18, 0x00, 0x3F, 0xF0, 0x01, 0x06, 0x00, 0x0F, 0xF8, 0x00,
  0x41, 0x80, 0x03, 0x30, 0x00, 0x10, 0x60, 0x00, 0xCC, 0x00, 0x04, 0x0C,
  0x00, 0x73, 0x00, 0x01, 0x01, 0xFF, 0xF8, 0xC0, 0x00, 0x40, 0x00, 0x00,
  0x30, 0x00, 0x08, 0x00, 0x00, 0x0C, 0x00, 0x03, 0xFF, 0xFF, 0xFE, 0x00,
  0x00, 0x00, 0x06, 0x73, 0x00, 0x00, 0x00, 0x00, 0x7C, 0xEE, 0x5C, 0x00,
  0x00, 0x00, 0x44, 0x22, 0x11, 0x60, 0x00, 0x01, 0xE2, 0x1B, 0x08, 0xC8,
  0x00, 0x01, 0x1B, 0xF7, 0x7E, 0xC7, 0x80, 0x03, 0x8F, 0x00, 0x01, 0xE2,
  0x20, 0x03, 0x64, 0x00, 0x00, 0x0F, 0x10, 0x01, 0x1C, 0x00, 0x00, 0x00,
  0x88, 0x07, 0x88, 0x00, 0x00, 0x00, 0x6F, 0x06, 0x4C, 0x00, 0x00, 0x00,
  0x1C, 0xC2, 0x3C, 0x00, 0x00, 0x00, 0x04, 0x21, 0x18, 0x00, 0x00, 0x00,
  0x02, 0x13, 0xC8, 0x00, 0x00, 0x00, 0x01, 0x9B, 0x38, 0x00, 0x00, 0x00,
  0x00, 0x79, 0x08, 0x00, 0x00, 0x00, 0x00, 0x62, 0x8C, 0x00, 0x00, 0x00,
  0x00, 0x21, 0x7C, 0x00, 0x00, 0x00, 0x00, 0x18, 0xE6, 0x00, 0x00, 0x00,
  0x00, 0x0F, 0xA1, 0x00, 0x00, 0x00, 0x00, 0x0C, 0xD1, 0x80, 0x00, 0x00,
  0x00, 0x04, 0x27, 0x80, 0x00, 0x00, 0x00, 0x0F, 0x33, 0x20, 0x00, 0x00,
  0x00, 0x0C, 0xF1, 0x18, 0x00, 0x00, 0x00, 0x04, 0x40, 0x84, 0x00, 0x00,
  0x00, 0x0E, 0x20, 0x66, 0x00, 0x00, 0x00, 0x0D, 0x90, 0x1F, 0x00, 0x00,
  0x00, 0x3C, 0x70, 0x08, 0x40, 0x00, 0x00, 0x22, 0x20, 0x04, 0x20, 0x00,
  0x07, 0x11, 0xB0, 0x03, 0x3C, 0x00, 0x06, 0xF8, 0xB0, 0x00, 0xF3, 0x00,
  0x3E, 0x33, 0x80, 0x00, 0x18, 0x80, 0x31, 0x11, 0x00, 0x00, 0x0C, 0x70,
  0x30, 0xD8, 0x80, 0x80, 0x03, 0x6C, 0x38, 0x7E, 0x41, 0xC0, 0x00, 0xE3,
  0xE3, 0xC1, 0xF3, 0x80, 0x00, 0x11, 0x11, 0x00, 0x3F, 0x80, 0x00, 0x07,
  0x8F, 0x80, 0x0F, 0xF8, 0x00, 0x00, 0x4D, 0x00, 0x04, 0xFC, 0x00, 0x00,
  0x1C, 0x00, 0x02, 0x3E, 0x00, 0x00, 0x00, 0x00, 0x00, 0xE6, 0x00, 0x7F,
  0xFF, 0xFF, 0xFF, 0xFC, 0xFF, 0xFF, 0xFF, 0xFF, 0xFE, 0xFF, 0xFF, 0xFF,
  0xFF, 0xFF, 0xFF, 0xFF, 0xFF, 0xFF, 0xFF, 0xFF, 0xFF, 0xFF, 0xFF, 0xFF,
  0xFF, 0xFF, 0xFF, 0xFF, 0xFF, 0xFF, 0xFF, 0xFF, 0xF3, 0xFF, 0xF8, 0x7F,
  0xFF, 0xF1, 0xFF, 0xF8, 0x1F, 0xFF, 0xE0, 0xFF, 0xF8, 0x07, 0xFF, 0x00,
  0x3F, 0xF8, 0x03, 0xFC, 0x00, 0x1F, 0xFC, 0x01, 0xF8, 0x00, 0x3F, 0xFF,
  0x80, 0xF0, 0x00, 0x7F, 0xFF, 0xE0, 0xE0, 0x31, 0xFF, 0xFF, 0xF1, 0xC0,
  0xF3, 0xFF, 0xFF, 0xF9, 0x81, 0xF7, 0xFF, 0xFF, 0xFB, 0x83, 0xFF, 0xFF,
  0xFF, 0xFF, 0x07, 0xFF, 0xFF, 0xFF, 0xFF, 0x07, 0xFF, 0xFF, 0xFF, 0xFE,
  0x0F, 0xFF, 0xFF, 0xFF, 0xFC, 0x0F, 0xFF, 0xFF, 0xFF, 0xFC, 0x1F, 0xFF,
  0xFF, 0xFF, 0xF8, 0x1B, 0xFF, 0xFF, 0xFF, 0xF8, 0x39, 0xF7, 0xFF, 0xFF,
  0xF0, 0x70, 0xF3, 0xFF, 0xFF, 0xE0, 0x70, 0x71, 0xFF, 0xFF, 0x80, 0xF0,
  0x00, 0x7F, 0xFC, 0x01, 0xF8, 0x00, 0x3F, 0xF8, 0x03, 0xFC, 0x00, 0x1F,
  0xF8, 0x07, 0xFF, 0x00, 0x3F, 0xF8, 0x1F, 0xFF, 0xE0, 0xFF, 0xF8, 0x7F,
  0xFF, 0xF1, 0xFF, 0xFF, 0xFF, 0xFF, 0xF3, 0xFF, 0xFF, 0xFF, 0xFF, 0xFF,
  0xFF, 0xFF, 0xFF, 0xFF, 0xFF, 0xFF, 0xFF, 0xFF, 0xFF, 0xFF, 0xFF, 0xFF,
  0xFF, 0xFF, 0xFF, 0xFF, 0xFF, 0xFF, 0xFF, 0xFF, 0xFE, 0x7F, 0xFF, 0xFF,
  0xFF, 0xFC, 0x7F, 0xFF, 0xFF, 0xFF, 0xFE, 0xFF, 0xFF, 0xFF, 0xFF, 0xFF,
  0xFF, 0xFF, 0xFF, 0xFF, 0xFF, 0xFF, 0xFF, 0xFF, 0xFF, 0xFF, 0xFF, 0xFF,
  0xFF, 0xFF, 0xFF, 0xFF, 0xFF, 0xFF, 0xFF, 0xFF, 0xFF, 0xFF, 0xFF, 0xCF,
  0xFF, 0xFF, 0xFF, 0xFF, 0xC7, 0xFF, 0xFF, 0xFF, 0xFF, 0xC3, 0xFF, 0xFF,
  0xFF, 0xFF, 0xC1, 0xFF, 0xFF, 0xE0, 0x00, 0x00, 0xFF, 0xFF, 0x80, 0x00,
  0x00, 0x7F, 0xFF, 0x00, 0x00, 0x00, 0x3F, 0xFE, 0x00, 0x00, 0x00, 0x7F,
  0xFE, 0x00, 0x00, 0x00, 0xFF, 0xFE, 0x0F, 0xFF, 0xC1, 0xFF, 0xFC, 0x3F,
  0xFF, 0xC3, 0xFF, 0xFC, 0x3F, 0xFF, 0xC7, 0xFF, 0xFC, 0x3F, 0xFF, 0xCF,
  0xFF, 0xFC, 0x3F, 0xFF, 0xDF, 0x3F, 0xFC, 0x7B, 0xFF, 0xFC, 0x3F, 0xFD,
  0xF3, 0xFF, 0xFC, 0x3F, 0xFF, 0xE3, 0xFF, 0xFC, 0x3F, 0xFF, 0xC3, 0xFF,
  0xF8, 0x3F, 0xFF, 0x03, 0xFF, 0xF0, 0x7F, 0xFE, 0x00, 0x00, 0x00, 0x7F,
  0xFC, 0x00, 0x00, 0x00, 0xFF, 0xFC, 0x00, 0x00, 0x01, 0xFF, 0xFE, 0x00,
  0x00, 0x07, 0xFF, 0xFF, 0x83, 0xFF, 0xFF, 0xFF, 0xFF, 0xC3, 0xFF, 0xFF,
  0xFF, 0xFF, 0xE3, 0xFF, 0xFF, 0xFF, 0xFF, 0xF3, 0xFF, 0xFF, 0xFF, 0xFF,
  0xFB, 0xFF, 0xFF, 0xFF, 0xFF, 0xFF, 0xFF, 0xFF, 0xFF, 0xFF, 0xFF, 0xFF,
  0xFF, 0xFF, 0xFF, 0xFF, 0xFF, 0xFF, 0xFF, 0xFF, 0xFF, 0xFF, 0xFF, 0xFF,
  0x7F, 0xFF, 0xFF, 0xFF, 0xFE, 0x7F, 0xFF, 0xFF, 0xFF, 0xFE, 0xFF, 0xFF,
  0xFF, 0xFF, 0xFF, 0xFF, 0xFF, 0xFF, 0xFF, 0xFF, 0xFF, 0xFF, 0xFF, 0xFF,
  0xFF, 0xFF, 0xFF, 0xFF, 0xFF, 0xFF, 0xFF, 0xFF, 0xFF, 0xFF, 0xFF, 0xFF,
  0xFF, 0xFF, 0xCF, 0xFF, 0xFF, 0xFF, 0xFF, 0xC7, 0xFF, 0xFF, 0xFF, 0xFF,
  0xC3, 0xFF, 0xFF, 0xFF, 0xFF, 0xC1, 0xFF, 0xFF, 0xE0, 0x00, 0x00, 0xFF,
  0xFF, 0x80, 0x00, 0x00, 0x7F, 0xFF, 0x00, 0x00, 0x00, 0x3F, 0xFF, 0x00,
  0x00, 0x00, 0x7F, 0xFE, 0x00, 0x00, 0x00, 0xFF, 0xFE, 0x0F, 0xFF, 0xC1,
  0xFF, 0xFC, 0x1F, 0xFF, 0xC3, 0xFF, 0xFC, 0x3F, 0xFF, 0xC7, 0xFF, 0xFC,
  0x3F, 0xFF, 0xCF, 0xFF, 0xFC, 0x3F, 0xFF, 0xFE, 0x3F, 0xFE, 0x01, 0xFF,
  0xFC, 0x3F, 0xFE, 0x00, 0x7F, 0xFC, 0x3F, 0xFE, 0x0C, 0x3F, 0xFC, 0x3F,
  0xFE, 0x1C, 0x1F, 0xF8, 0x3F, 0xFC, 0x3C, 0x1F, 0xF0, 0x7F, 0xFC, 0x2C,
  0x00, 0x00, 0x7F, 0xFC, 0x0C, 0x00, 0x00, 0xFF, 0xFC, 0x0C, 0x00, 0x01,
  0xFF, 0xFC, 0x0C, 0x00, 0x07, 0xFF, 0xFC, 0x0C, 0x1F, 0xFF, 0xFF, 0xFE,
  0x0C, 0x1F, 0xFF, 0xFF, 0xFF, 0x0C, 0x3F, 0xFF, 0xFF, 0xFF, 0x80, 0x7F,
  0xFF, 0xFF, 0xFF, 0xC1, 0xFF, 0xFF, 0xFF, 0xFF, 0xFF, 0xFF, 0xFF, 0xFF,
  0xFF, 0xFF, 0xFF, 0xFF, 0xFF, 0xFF, 0xFF, 0xFF, 0xFF, 0xFF, 0xFF, 0xFF,
  0xFF, 0xFF, 0xFF, 0x7F, 0xFF, 0xFF, 0xFF, 0xFE, 0x7F, 0xFF, 0xFF, 0xFF,
  0xFE, 0xFF, 0xFF, 0xFF, 0xFF, 0xFF, 0xFF, 0xFF, 0xFF, 0xFF, 0xFF, 0xFF,
  0xFF, 0xFF, 0xFF, 0xFF, 0xFF, 0xFF, 0xFF, 0xFF, 0xFF, 0xFF, 0xFF, 0xFF,
  0xFF, 0xFF, 0xFF, 0xF3, 0xC0, 0xFF, 0xFF, 0xFF, 0xE1, 0xE0, 0x3F, 0xFF,
  0xFF, 0xC0, 0xF0, 0x1F, 0xFF, 0xFF, 0x80, 0x78, 0x0F, 0xFF, 0xFF, 0x00,
  0x3F, 0x0F, 0xFF, 0xFE, 0x00, 0x1F, 0x87, 0xFF, 0xFC, 0x00, 0x0F, 0x87,
  0xFF, 0xFF, 0xE1, 0xFF, 0x87, 0xFF, 0xFF, 0xE1, 0xFF, 0x87, 0xFF, 0xFF,
  0xE1, 0xFF, 0x87, 0xFF, 0xFF, 0xE1, 0xFF, 0x87, 0xFF, 0xFF, 0xE1, 0xFF,
  0x87, 0xFF, 0xFF, 0xE1, 0xFF, 0x87, 0xFF, 0xFF, 0xE1, 0xFF, 0x87, 0xFF,
  0xFF, 0xE1, 0xFF, 0x87, 0xFF, 0xFF, 0xE1, 0xFF, 0x87, 0xFF, 0xFF, 0xE1,
  0xFF, 0x87, 0xFF, 0xFF, 0xE1, 0xFF, 0x87, 0xFF, 0xFF, 0xE1, 0xFF, 0x87,
  0xFF, 0xFF, 0xE1, 0xF0, 0x00, 0x3F, 0xFF, 0xE1, 0xF8, 0x00, 0x7F, 0xFF,
  0xE0, 0xFC, 0x00, 0xFF, 0xFF, 0xE0, 0xFE, 0x00, 0xFF, 0xFF, 0xF0, 0x1F,
  0x01, 0xFF, 0xFF, 0xF0, 0x0F, 0x03, 0xFF, 0xFF, 0xF8, 0x07, 0x87, 0xFF,
  0xFF, 0xFC, 0x07, 0xCF, 0xFF, 0xFF, 0xFF, 0x07, 0xFF, 0xFF, 0xFF, 0xFF,
  0xFF, 0xFF, 0xFF, 0xFF, 0xFF, 0xFF, 0xFF, 0xFF, 0xFF, 0xFF, 0xFF, 0xFF,
  0xFF, 0xFF, 0xFF, 0xFF, 0xFF, 0xFF, 0xFF, 0xFF, 0xFF, 0xFF, 0xFE, 0x7F,
  0xFF, 0xFF, 0xFF, 0xFE, 0x7F, 0xFF, 0xFF, 0xFF, 0xFE, 0xFF, 0xFF, 0xFF,
  0xFF, 0xFF, 0xFF, 0xFF, 0xFF, 0xFF, 0xFF, 0xFF, 0xFF, 0xFF, 0xFF, 0xFF,
  0xFF, 0xFF, 0xFF, 0xFF, 0xFF, 0xFF, 0xFB, 0xFF, 0xFF, 0xFF, 0xFF, 0xF3,
  0xFF, 0xFF, 0xFF, 0xFF, 0xE3, 0xFF, 0xFF, 0xFF, 0xFF, 0xC3, 0xFF, 0xFF,
  0xFF, 0xFF, 0x83, 0xFF, 0xFF, 0xFF, 0xFF, 0x00, 0x00, 0x07, 0xFF, 0xFE,
  0x00, 0x00, 0x01, 0xFF, 0xFC, 0x00, 0x00, 0x00, 0xFF, 0xFE, 0x00, 0x00,
  0x00, 0x7F, 0xFF, 0x00, 0x00, 0x00, 0x7F, 0xFF, 0x83, 0xFF, 0xF0, 0x7F,
  0xFF, 0xC3, 0xFF, 0xF8, 0x3F, 0xFF, 0xE3, 0xFF, 0xFC, 0x3F, 0xFF, 0xF3,
  0xFF, 0xFC, 0x3F, 0xFC, 0xFB, 0xFF, 0xFC, 0x3F, 0xFC, 0x7F, 0xFF, 0xDE,
  0x3F, 0xFC, 0x3F, 0xFF, 0xCF, 0xBF, 0xFC, 0x3F, 0xFF, 0xC7, 0xFF, 0xFC,
  0x3F, 0xFF, 0xC3, 0xFF, 0xFE, 0x0F, 0xFF, 0xC1, 0xFF, 0xFE, 0x00, 0x00,
  0x00, 0x7F, 0xFF, 0x00, 0x00, 0x00, 0x3F, 0xFF, 0x80, 0x00, 0x00, 0x3F,
  0xFF, 0xE0, 0x00, 0x00, 0x7F, 0xFF, 0xFF, 0xFF, 0xC1, 0xFF, 0xFF, 0xFF,
  0xFF, 0xC3, 0xFF, 0xFF, 0xFF, 0xFF, 0xC7, 0xFF, 0xFF, 0xFF, 0xFF, 0xCF,
  0xFF, 0xFF, 0xFF, 0xFF, 0xFF, 0xFF, 0xFF, 0xFF, 0xFF, 0xFF, 0xFF, 0xFF,
  0xFF, 0xFF, 0xFF, 0xFF, 0xFF, 0xFF, 0xFF, 0xFF, 0xFF, 0xFF, 0xFF, 0xFF,
  0xFF, 0xFF, 0x7F, 0xFF, 0xFF, 0xFF, 0xFE, 0x00, 0x00, 0x18, 0x00, 0x00,
  0x00, 0x00, 0x3C, 0x00, 0x00, 0x00, 0x00, 0x3C, 0x00, 0x00, 0x00, 0x00,
  0x3C, 0x00, 0x00, 0x00, 0x00, 0x3C, 0x00, 0x00, 0x01, 0x00, 0x18, 0x00,
  0x80, 0x07, 0xC0, 0x00, 0x03, 0xE0, 0x07, 0xE0, 0x00, 0x07, 0xE0, 0x03,
  0xE0, 0x00, 0x07, 0xC0, 0x01, 0xC0, 0x7E, 0x03, 0x80, 0x00, 0x01, 0xFF,
  0x80, 0x00, 0x00, 0x07, 0xFF, 0xC0, 0x00, 0x00, 0x07, 0x81, 0xE0, 0x00,
  0x00, 0x0F, 0x00, 0xF0, 0x00, 0x00, 0x1E, 0x00, 0x78, 0x00, 0x00, 0x1C,
  0x00, 0x38, 0x00, 0x00, 0x3C, 0x00, 0x3C, 0x00, 0x00, 0x38, 0x00, 0x1C,
  0x00, 0x78, 0x38, 0x00, 0x1C, 0x1E, 0xFC, 0x38, 0x00, 0x1C, 0x3F, 0xFC,
  0x38, 0x00, 0x1C, 0x3F, 0x78, 0x38, 0x00, 0x1C, 0x1E, 0x00, 0x3C, 0x00,
  0x3C, 0x00, 0x00, 0x1C, 0x00, 0x38, 0x00, 0x00, 0x1E, 0x00, 0x78, 0x00,
  0x00, 0x0F, 0x00, 0xF0, 0x00, 0x00, 0x07, 0x81, 0xE0, 0x00, 0x00, 0x03,
  0xFF, 0xC0, 0x00, 0x00, 0x01, 0xFF, 0x80, 0x00, 0x00, 0xC0, 0x7E, 0x03,
  0x00, 0x01, 0xE0, 0x00, 0x07, 0x80, 0x03, 0xE0, 0x00, 0x07, 0xC0, 0x07,
  0xC0, 0x00, 0x03, 0xE0, 0x03, 0x80, 0x00, 0x01, 0xC0, 0x03, 0x00, 0x18,
  0x00, 0xC0, 0x00, 0x00, 0x3C, 0x00, 0x00, 0x00, 0x00, 0x3C, 0x00, 0x00,
  0x00, 0x00, 0x3C, 0x00, 0x00, 0x00, 0x00, 0x3C, 0x00, 0x00, 0x00, 0x00,
  0x18, 0x00, 0x00, 0x00, 0x00, 0x18, 0x00, 0x00, 0x00, 0x00, 0x3C, 0x00,
  0x00, 0x00, 0x00, 0x3C, 0x00, 0x00, 0x00, 0x00, 0x3C, 0x00, 0x00, 0x00,
  0x00, 0x3C, 0x00, 0x00, 0x03, 0x00, 0x3C, 0x00, 0x80, 0x07, 0x80, 0x3C,
  0x03, 0xE0, 0x07, 0xC0, 0x18, 0x07, 0xE0, 0x03, 0xE0, 0x00, 0x0F, 0xC0,
  0x01, 0xF0, 0x00, 0x1F, 0x80, 0x00, 0xF0, 0x00, 0x1F, 0x00, 0x00, 0x70,
  0x7C, 0x1E, 0x00, 0x00, 0x01, 0xFF, 0x00, 0x00, 0x00, 0x07, 0xFF, 0xC0,
  0x00, 0x00, 0x07, 0x83, 0xC0, 0x00, 0x00, 0x0F, 0x01, 0xE0, 0x00, 0x00,
  0x0E, 0x00, 0xE0, 0x00, 0x00, 0x1C, 0x00, 0x70, 0x00, 0x7E, 0x1C, 0x00,
  0x70, 0x7E, 0xFF, 0x1C, 0x00, 0x70, 0xFF, 0xFF, 0x1C, 0x00, 0x70, 0xFF,
  0x7E, 0x1C, 0x00, 0x70, 0x7E, 0x00, 0x1E, 0x00, 0xE0, 0x00, 0x00, 0x0F,
  0x01, 0xE0, 0x00, 0x00, 0x07, 0x83, 0xC0, 0x00, 0x00, 0x07, 0xFF, 0xC0,
  0x00, 0x00, 0x01, 0xFF, 0x00, 0x00, 0x00, 0x70, 0xFE, 0x1E, 0x00, 0x00,
  0xF0, 0x00, 0x1F, 0x00, 0x01, 0xF0, 0x00, 0x1F, 0x80, 0x03, 0xE0, 0x00,
  0x0F, 0xC0, 0x07, 0xC0, 0x18, 0x07, 0xE0, 0x07, 0x80, 0x3C, 0x03, 0xE0,
  0x03, 0x00, 0x3C, 0x01, 0xC0, 0x00, 0x00, 0x3C, 0x00, 0x00, 0x00, 0x00,
  0x3C, 0x00, 0x00, 0x00, 0x00, 0x3C, 0x00, 0x00, 0x00, 0x00, 0x3C, 0x00,
  0x00, 0x00, 0x00, 0x18, 0x00, 0x00, 0x00, 0x01, 0xFF, 0x80, 0x00, 0x00,
  0x0F, 0x00, 0xF0, 0x00, 0x00, 0x38, 0x00, 0x1C, 0x00, 0x00, 0x60, 0x00,
  0x06, 0x00, 0x01, 0x80, 0x00, 0x03, 0x80, 0x03, 0x00, 0x00, 0x00, 0xC0,
  0x06, 0x00, 0x00, 0x00, 0x60, 0x0F, 0x00, 0x03, 0x80, 0x30, 0x0D, 0x80,
  0x06, 0xC0, 0x30, 0x18, 0xC0, 0x08, 0xC0, 0x18, 0x30, 0x60, 0x10, 0xC0,
  0x0C, 0x30, 0x30, 0x60, 0xC0, 0x0C, 0x60, 0x18, 0xC0, 0xC0, 0x06, 0x60,
  0x3F, 0x80, 0xC0, 0x06, 0x60, 0x36, 0x00, 0xC0, 0x06, 0xC0, 0x33, 0x00,
  0xC0, 0x03, 0xC0, 0x31, 0x80, 0xC0, 0x03, 0xC0, 0x30, 0xC0, 0xE0, 0x03,
  0xC0, 0x30, 0x60, 0xE0, 0x03, 0xC0, 0x30, 0x30, 0xE0, 0x03, 0xC0, 0x30,
  0x18, 0xE0, 0x03, 0xC0, 0x30, 0x0C, 0xE0, 0x03, 0xC0, 0x30, 0x06, 0xC0,
  0x03, 0xC0, 0x30, 0x03, 0xC0, 0x03, 0x60, 0x30, 0x01, 0xC0, 0x06, 0x60,
  0x3F, 0x80, 0xC0, 0x06, 0x60, 0x00, 0xC0, 0xE0, 0x06, 0x30, 0x00, 0x60,
  0xF0, 0x0C, 0x30, 0x00, 0x10, 0xD8, 0x0C, 0x18, 0x00, 0x08, 0xCC, 0x18,
  0x1C, 0x00, 0x06, 0xC6, 0x30, 0x0C, 0x00, 0x03, 0x83, 0x30, 0x06, 0x00,
  0x00, 0x01, 0xE0, 0x03, 0x00, 0x00, 0x00, 0xC0, 0x01, 0xC0, 0x00, 0x03,
  0x80, 0x00, 0x60, 0x00, 0x06, 0x00, 0x00, 0x38, 0x00, 0x1C, 0x00, 0x00,
  0x0F, 0x00, 0xF0, 0x00, 0x00, 0x01, 0xFF, 0x00, 0x00, 0x00, 0x1F, 0xC0,
  0x00, 0x00, 0x00, 0x3F, 0xF0, 0x00, 0x00, 0x00, 0x7F, 0xFC, 0x00, 0x00,
  0x00, 0x7F, 0xFF, 0x00, 0x00, 0x00, 0x7F, 0xFF, 0x80, 0x00, 0x00, 0x7F,
  0xFF, 0xE0, 0x00, 0x00, 0x7F, 0xFF, 0xF0, 0x00, 0x00, 0x7F, 0xFF, 0xF8,
  0x00, 0x00, 0x3F, 0xFF, 0xFC, 0x00, 0x00, 0x3F, 0xFF, 0xFE, 0x00, 0x00,
  0x3F, 0xFF, 0xFF, 0x00, 0x00, 0x3F, 0xFF, 0xFF, 0x80, 0x00, 0x3F, 0xFF,
  0xFF, 0xC0, 0x00, 0x7F, 0xF8, 0xFF, 0xC0, 0x00, 0x67, 0xE0, 0x3F, 0xE0,
  0x00, 0x63, 0xC0, 0x3F, 0xF0, 0x00, 0xC3, 0x80, 0x1F, 0xF8, 0x01, 0xC1,
  0x80, 0x1F, 0xF8, 0x01, 0x80, 0xC0, 0x3F, 0xFC, 0x03, 0x80, 0x60, 0x7F,
  0xFC, 0x07, 0x00, 0x30, 0x7F, 0xFE, 0x0E, 0x00, 0x18, 0xFF, 0xFE, 0x1E,
  0x00, 0x0F, 0xFF, 0xFE, 0x1B, 0x00, 0x07, 0xFF, 0xFF, 0x33, 0x00, 0x03,
  0xFF, 0xFF, 0x71, 0x80, 0x00, 0xFF, 0xFF, 0xE0, 0xC0, 0x00, 0x7F, 0xFF,
  0xC0, 0xE0, 0x00, 0x1F, 0xFF, 0xC0, 0x70, 0x00, 0x7F, 0xFE, 0xC0, 0x18,
  0x01, 0xE1, 0xFC, 0xC0, 0x0E, 0x07, 0x00, 0x00, 0x60, 0x07, 0x8C, 0x00,
  0x00, 0x70, 0x01, 0xF8, 0x00, 0x00, 0x30, 0x00, 0x70, 0x00, 0x00, 0x18,
  0x00, 0x40, 0x00, 0x00, 0x0E, 0x00, 0xC0, 0x00, 0x00, 0x07, 0x01, 0x80,
  0x00, 0x00, 0x01, 0xC3, 0x00, 0x00, 0x00, 0x00, 0x7C, 0x00, 0x00, 0x00,
  0x00, 0x1F, 0xC0, 0x3F, 0x00, 0x00, 0x1F, 0xF8, 0x00, 0x70, 0x00, 0x1F,
  0xFF, 0x00, 0x0C, 0x00, 0x0F, 0xFF, 0xE0, 0x03, 0x00, 0x07, 0xFF, 0xF8,
  0x00, 0xC0, 0x03, 0xFF, 0xFF, 0x00, 0x30, 0x01, 0xFF, 0xFF, 0xC0, 0x0C,
  0x00, 0xFF, 0xFF, 0xF0, 0x06, 0x00, 0x3F, 0xFF, 0xFC, 0x03, 0x80, 0x1F,
  0xFF, 0xFF, 0x00, 0xC0, 0x0F, 0xFF, 0xFF, 0xC0, 0x60, 0x07, 0xFF, 0xFF,
  0xF0, 0x30, 0x03, 0xFF, 0x9F, 0xFC, 0x18, 0x03, 0x7F, 0x83, 0xFF, 0x0C,
  0x01, 0x9F, 0x80, 0xFF, 0x86, 0x01, 0xC7, 0x00, 0x7F, 0xE0, 0x00, 0xC3,
  0x80, 0x1F, 0xF8, 0x00, 0xE0, 0xE0, 0x1F, 0xFC, 0x00, 0x60, 0x38, 0x0F,
  0xFF, 0x00, 0x60, 0x0E, 0x0F, 0xFF, 0x80, 0x70, 0x03, 0x8F, 0xFF, 0xE0,
  0x70, 0x00, 0xE7, 0xFF, 0xF0, 0x78, 0x00, 0x3F, 0xFF, 0xF8, 0x76, 0x00,
  0x0F, 0xFF, 0xFE, 0x73, 0x00, 0x03, 0xFF, 0xFF, 0x30, 0xC0, 0x00, 0x7F,
  0xFF, 0xB8, 0x30, 0x00, 0x1F, 0xFF, 0xD8, 0x0C, 0x00, 0x03, 0xFF, 0xEC,
  0x03, 0x00, 0x0F, 0xFF, 0xE6, 0x00, 0xC0, 0x1E, 0x0F, 0xE3, 0x00, 0x38,
  0x18, 0x00, 0x00, 0xC0, 0x0F, 0x18, 0x00, 0x00, 0x30, 0x01, 0xF0, 0x00,
  0x00, 0x18, 0x00, 0x30, 0x00, 0x00, 0x06, 0x00, 0x10, 0x00, 0x00, 0x01,
  0xC0, 0x10, 0x00, 0x00, 0x00, 0x70, 0x10, 0x00, 0x00, 0x00, 0x0E, 0x10,
  0x00, 0x00, 0x00, 0x01, 0xF0, 0x00, 0x00, 0x00, 0x00, 0x00, 0x01, 0xFE,
  0x00, 0x00, 0x00, 0x01, 0x80, 0xE0, 0x00, 0x07, 0x80, 0x00, 0x0C, 0x00,
  0x0F, 0xF8, 0x00, 0x03, 0x00, 0x0F, 0xFF, 0x00, 0x00, 0xC0, 0x07, 0xFF,
  0xE1, 0xE0, 0x30, 0x03, 0xFF, 0xF8, 0x0C, 0x08, 0x01, 0xFF, 0xFF, 0x01,
  0x82, 0x00, 0xFF, 0xFF, 0xC0, 0x41, 0x00, 0x7F, 0xFF, 0xF0, 0x10, 0xC0,
  0x3F, 0xFF, 0xFC, 0x0C, 0x20, 0x0F, 0xFF, 0xFF, 0x02, 0x10, 0x07, 0xFF,
  0xFF, 0xC1, 0x08, 0x03, 0xFF, 0xFF, 0xF0, 0x84, 0x01, 0xFF, 0xFF, 0xFC,
  0x42, 0x01, 0xBF, 0xC3, 0xFE, 0x01, 0x00, 0xCF, 0xC0, 0xFF, 0x81, 0x80,
  0x67, 0x80, 0x3F, 0xE0, 0x80, 0x61, 0xC0, 0x1F, 0xF0, 0xC0, 0x70, 0x70,
  0x0F, 0xFC, 0x40, 0x30, 0x1C, 0x0F, 0xFE, 0x00, 0x30, 0x07, 0x07, 0xFF,
  0x80, 0x30, 0x01, 0xC7, 0xFF, 0xC0, 0x18, 0x00, 0x77, 0xFF, 0xF0, 0x1C,
  0x00, 0x1F, 0xFF, 0xF8, 0x1B, 0x00, 0x07, 0xFF, 0xFC, 0x18, 0xC0, 0x01,
  0xFF, 0xFE, 0x18, 0x60, 0x00, 0x3F, 0xFF, 0x08, 0x18, 0x00, 0x0F, 0xFF,
  0x84, 0x06, 0x00, 0x07, 0xFF, 0xC2, 0x01, 0xC0, 0x0F, 0xBF, 0xC1, 0x00,
  0x70, 0x1C, 0x03, 0x80, 0x40, 0x0E, 0x18, 0x00, 0x00, 0x20, 0x03, 0xD8,
  0x00, 0x00, 0x08, 0x00, 0x38, 0x00, 0x00, 0x02, 0x00, 0x18, 0x00, 0x00,
  0x00, 0x80, 0x18, 0x00, 0x00, 0x00, 0x30, 0x18, 0x00, 0x00, 0x00, 0x06,
  0x18, 0x00, 0x00, 0x00, 0x00, 0xF0, 0x00, 0x00, 0x00, 0x00, 0xFC, 0x00,
  0x7F, 0xFC, 0x0F, 0xF3, 0xF8, 0xF3, 0x0D, 0xEE, 0x18, 0x63, 0xE0, 0xFF,
  0x0F, 0x01, 0xE0, 0x78, 0x00, 0x03, 0xE0, 0x00, 0x3F, 0x80, 0x03, 0xF7,
  0x00, 0x77, 0x87, 0xFC, 0x3C, 0x00, 0x01, 0xE0, 0x00, 0x0F, 0x00, 0x00,
  0x78, 0x00, 0x03, 0xC0, 0x30, 0x1E, 0x01, 0x80, 0xF0, 0x0C, 0x07, 0x83,
  0xFC, 0x3C, 0x0F, 0xE1, 0xE0, 0x18, 0x0F, 0x00, 0xC0, 0x78, 0x06, 0x03,
  0xC0, 0x00, 0x1E, 0x00, 0x00, 0xF0, 0x00, 0x07, 0x80, 0x00, 0x3C, 0x00,
  0x01, 0xE0, 0x00, 0x0F, 0x00, 0x00, 0x78, 0x00, 0x03, 0xC0, 0x00, 0x1E,
  0x08, 0x10, 0xF0, 0x7F, 0x87, 0x80, 0x00, 0x36, 0x00, 0x03, 0x18, 0x00,
  0x30, 0x70, 0x07, 0x00, 0x7F, 0xC0, 0x00, 0x10, 0x00, 0x00, 0x00, 0x00,
  0x38, 0x00, 0x00, 0x00, 0x00, 0x6C, 0x00, 0x00, 0x00, 0x00, 0xC6, 0x00,
  0x00, 0x00, 0x00, 0x63, 0x00, 0x00, 0x00, 0x00, 0x31, 0x81, 0x00, 0x00,
  0x00, 0x18, 0xC3, 0x80, 0x00, 0x00, 0x0C, 0x66, 0xC0, 0x00, 0x10, 0x06,
  0x3C, 0x60, 0x00, 0x38, 0x03, 0x18, 0x30, 0x00, 0x6C, 0x01, 0xB0, 0x38,
  0x00, 0xC6, 0x00, 0xE0, 0x70, 0x00, 0xE3, 0x00, 0xC0, 0xF0, 0x00, 0x71,
  0x81, 0x81, 0xD8, 0x00, 0x38, 0xC3, 0x03, 0x8C, 0x00, 0x1C, 0x66, 0x07,
  0x06, 0x00, 0x0E, 0x3C, 0x0E, 0x06, 0x00, 0x07, 0x18, 0x1C, 0x03, 0x00,
  0x03, 0xB0, 0x38, 0x03, 0x00, 0x01, 0xE0, 0x70, 0x01, 0x80, 0x00, 0xC0,
  0xE0, 0x01, 0x80, 0x01, 0x81, 0xC0, 0x01, 0x80, 0x03, 0x03, 0x80, 0x01,
  0x80, 0x06, 0x07, 0x00, 0x01, 0xC0, 0x07, 0x0E, 0x00, 0x00, 0xE0, 0x03,
  0x9C, 0x00, 0x00, 0x70, 0x01, 0xF8, 0x00, 0x00, 0x30, 0x00, 0xFC, 0x00,
  0x00, 0x30, 0x00, 0x66, 0x00, 0x00, 0x70, 0x00, 0x03, 0x80, 0x00, 0xD8,
  0x00, 0x00, 0xE0, 0x01, 0x98, 0x00, 0x00, 0x1F, 0x03, 0x0C, 0x00, 0x00,
  0x01, 0x86, 0x06, 0x00, 0x00, 0x00, 0xCC, 0x07, 0x00, 0x00, 0x00, 0x3C,
  0x03, 0x00, 0x00, 0x00, 0x06, 0x07, 0x00, 0x00, 0x00, 0x01, 0x86, 0x00,
  0x00, 0x00, 0x00, 0xCC, 0x00, 0x00, 0x00, 0x00, 0x38, 0x00, 0x3F, 0xC0,
  0x00, 0x00, 0x00, 0xF0, 0x18, 0x00, 0x00, 0x00, 0xC0, 0x03, 0x00, 0x00,
  0x01, 0xC0, 0x00, 0xC0, 0x00, 0x01, 0xC3, 0x00, 0x10, 0x00, 0x00, 0xC0,
  0x00, 0x04, 0x00, 0x00, 0xC2, 0x00, 0x03, 0x00, 0x00, 0xC2, 0x00, 0x00,
  0x80, 0x00, 0x63, 0x00, 0x00, 0x60, 0x00, 0x61, 0x00, 0x00, 0x10, 0x00,
  0x31, 0x00, 0x00, 0x08, 0x00, 0x18, 0x80, 0x00, 0x06, 0x00, 0x0C, 0x40,
  0x00, 0x03, 0x00, 0x06, 0x20, 0x00, 0x01, 0x80, 0x03, 0x10, 0x00, 0x00,
  0xC0, 0x01, 0x88, 0x00, 0x00, 0x40, 0x00, 0xE2, 0x00, 0x00, 0x20, 0x00,
  0x31, 0x00, 0x00, 0x30, 0x00, 0x18, 0x00, 0x00, 0x10, 0x00, 0x06, 0x00,
  0x00, 0x18, 0x00, 0x03, 0x80, 0x00, 0x08, 0x00, 0x00, 0xE0, 0x00, 0x0C,
  0x00, 0x00, 0x38, 0x00, 0x0F, 0x80, 0x00, 0x06, 0x00, 0x1F, 0xF8, 0x00,
  0x01, 0xE0, 0x30, 0xE6, 0x00, 0x00, 0x1F, 0xE0, 0x61, 0x80, 0x00, 0x00,
  0x00, 0x30, 0x60, 0x00, 0x00, 0x00, 0x18, 0x18, 0x00, 0x00, 0x00, 0x06,
  0x06, 0x00, 0x00, 0x00, 0x01, 0x81, 0xC0, 0x00, 0x00, 0x00, 0x60, 0x70,
  0x00, 0x00, 0x00, 0x18, 0x1C, 0x00, 0x00, 0x00, 0x06, 0x07, 0x00, 0x00,
  0x00, 0x01, 0x81, 0xC0, 0x00, 0x00, 0x00, 0x60, 0x60, 0x00, 0x00, 0x00,
  0x18, 0x30, 0x00, 0x00, 0x00, 0x06, 0x18, 0x00, 0x00, 0x00, 0x01, 0x98,
  0x00, 0x00, 0x00, 0x00, 0x78, 0x00, 0x00, 0x01, 0xFE, 0x00, 0x00, 0x00,
  0x07, 0x01, 0xE0, 0x00, 0x00, 0x06, 0x00, 0x18, 0x00, 0x00, 0x0E, 0x00,
  0x07, 0x00, 0x00, 0x0E, 0x00, 0x61, 0xC0, 0x00, 0x06, 0x00, 0x00, 0x60,
  0x00, 0x06, 0x00, 0x02, 0x18, 0x00, 0x06, 0x00, 0x00, 0x86, 0x00, 0x03,
  0x00, 0x00, 0x63, 0x00, 0x03, 0x00, 0x00, 0x11, 0xC0, 0x01, 0x80, 0x00,
  0x04, 0x60, 0x00, 0xC0, 0x00, 0x02, 0x30, 0x00, 0x60, 0x00, 0x01, 0x18,
  0x00, 0x30, 0x00, 0x00, 0x8C, 0x00, 0x18, 0x00, 0x00, 0x46, 0x00, 0x0C,
  0x00, 0x00, 0x23, 0x00, 0x07, 0x00, 0x00, 0x23, 0x00, 0x01, 0x80, 0x00,
  0x11, 0x80, 0x00, 0xC0, 0x00, 0x00, 0xC0, 0x00, 0x30, 0x00, 0x00, 0xC0,
  0x00, 0x0C, 0x00, 0x00, 0xC0, 0x00, 0x07, 0x00, 0x00, 0xE0, 0x00, 0x0F,
  0xC0, 0x00, 0xE0, 0x00, 0x3F, 0xB0, 0x00, 0xC0, 0x00, 0x33, 0x8F, 0x01,
  0xC0, 0x00, 0x30, 0xC0, 0xFF, 0x00, 0x00, 0x30, 0x60, 0x00, 0x00, 0x00,
  0x70, 0x30, 0x00, 0x00, 0x00, 0x70, 0x30, 0x00, 0x00, 0x00, 0x70, 0x30,
  0x00, 0x00, 0x00, 0x70, 0x30, 0x00, 0x00, 0x00, 0x70, 0x30, 0x00, 0x00,
  0x00, 0x70, 0x30, 0x00, 0x00, 0x00, 0x70, 0x30, 0x00, 0x00, 0x00, 0x30,
  0x30, 0x00, 0x00, 0x00, 0x18, 0x30, 0x00, 0x00, 0x00, 0x0C, 0x30, 0x00,
  0x00, 0x00, 0x03, 0x30, 0x00, 0x00, 0x00, 0x00, 0xF0, 0x00, 0x00, 0x00,
  0x00, 0x00, 0x00, 0x00, 0x00, 0xF0, 0x00, 0x00, 0x00, 0x06, 0x60, 0x00,
  0x00, 0x7E, 0x30, 0xC0, 0x00, 0x07, 0xFF, 0x03, 0x00, 0x00, 0x3F, 0xFC,
  0x0C, 0x00, 0x01, 0xF0, 0xF8, 0x60, 0x00, 0x0F, 0x86, 0xF3, 0x00, 0x00,
  0x3C, 0x61, 0xCC, 0x00, 0x01, 0xE3, 0x07, 0xE0, 0x00, 0x07, 0x98, 0x1F,
  0x00, 0x00, 0x1E, 0xC0, 0x38, 0x00, 0x00, 0x7E, 0x00, 0xE0, 0x00, 0x01,
  0xF0, 0x03, 0x80, 0x00, 0x07, 0xE0, 0x1E, 0x00, 0x00, 0x1F, 0xC0, 0xF8,
  0x00, 0x01, 0xF7, 0x86, 0xFC, 0x00, 0x1F, 0x8E, 0x33, 0xB8, 0x00, 0xCC,
  0x1D, 0x8E, 0x30, 0x03, 0x60, 0x3C, 0x00, 0xC0, 0x0F, 0x00, 0xE0, 0x0F,
  0x00, 0x38, 0x06, 0x03, 0xFC, 0x00, 0xC0, 0x3F, 0xFC, 0x30, 0x02, 0x01,
  0x80, 0x00, 0xC0, 0x10, 0x0C, 0x00, 0x03, 0x00, 0xC0, 0x60, 0x00, 0x0C,
  0x06, 0x03, 0x0E, 0x00, 0x30, 0x38, 0x18, 0x7C, 0x00, 0xC1, 0xB0, 0xC1,
  0xF0, 0x03, 0x1C, 0x66, 0x07, 0xC0, 0x0C, 0xC0, 0xF0, 0x0E, 0x00, 0x32,
  0x03, 0x00, 0x38, 0x00, 0xC9, 0x1C, 0x01, 0xF0, 0x03, 0x6E, 0x70, 0x07,
  0xC0, 0x0D, 0x62, 0xC0, 0x1F, 0x00, 0x37, 0x3B, 0x00, 0x00, 0x00, 0xFF,
  0xCE, 0x00, 0x00, 0x07, 0xF0, 0x1C, 0x00, 0x00, 0x3B, 0x00, 0x1F, 0x00,
  0x0F, 0x80, 0x00, 0x07, 0xFF, 0xE0, 0x00, 0x00, 0x3F, 0xC0, 0x00, 0x00,
  0x00, 0x7F, 0xF0, 0x00, 0x00, 0x01, 0xFF, 0xF8, 0x1F, 0x80, 0x01, 0xE0,
  0x7C, 0x60, 0x60, 0x03, 0x80, 0x3D, 0x80, 0x38, 0x03, 0x80, 0x1F, 0x00,
  0x0C, 0x07, 0x00, 0x1E, 0x00, 0x0C, 0x07, 0x00, 0x1E, 0x07, 0x06, 0x07,
  0x00, 0x0C, 0x09, 0x86, 0x07, 0x00, 0x0C, 0x18, 0x83, 0x07, 0x00, 0x0C,
  0x18, 0x83, 0x07, 0x00, 0x0C, 0x09, 0x83, 0x07, 0x00, 0x0C, 0x07, 0x03,
  0x07, 0x00, 0x0C, 0x00, 0x03, 0x07, 0xFF, 0xFC, 0x00, 0x07, 0x0F, 0x80,
  0x0E, 0x00, 0x06, 0x77, 0x00, 0x0F, 0x00, 0x0E, 0xC7, 0x00, 0x0F, 0x00,
  0x0C, 0xC0, 0x00, 0x01, 0xC0, 0x38, 0xF0, 0x00, 0x00, 0xE4, 0x70, 0xFF,
  0x00, 0x07, 0xE4, 0x60, 0xC3, 0xFF, 0xFE, 0x64, 0x60, 0xC0, 0x00, 0x00,
  0x64, 0x60, 0xC0, 0x00, 0x00, 0x64, 0xC0, 0xC0, 0x00, 0x00, 0x65, 0x80,
  0xC0, 0x07, 0x00, 0x64, 0xC0, 0xC0, 0x0F, 0x80, 0x64, 0x60, 0xC0, 0x0F,
  0x80, 0x64, 0x40, 0xC0, 0x0F, 0x80, 0x64, 0xC0, 0xC0, 0x07, 0x00, 0x64,
  0xC0, 0xC0, 0x07, 0x00, 0x64, 0x60, 0xC0, 0x07, 0x00, 0x64, 0x60, 0xC0,
  0x0F, 0x80, 0x74, 0x60, 0xC0, 0x0F, 0x80, 0x3C, 0xC0, 0xC0, 0x00, 0x00,
  0x1D, 0x80, 0xE0, 0x00, 0x00, 0x3F, 0x00, 0x70, 0x00, 0x00, 0xE7, 0x00,
  0x1F, 0x00, 0x07, 0x82, 0x00, 0x01, 0xFF, 0xF8, 0x00, 0x00, 0x00, 0x00,
  0x00, 0xFE, 0x00, 0x00, 0x00, 0x03, 0x80, 0xE0, 0x00, 0x00, 0x07, 0x00,
  0x1C, 0x00, 0x00, 0x06, 0x00, 0x03, 0x00, 0x00, 0x06, 0x00, 0x00, 0xC0,
  0x00, 0x06, 0x00, 0x00, 0x30, 0x00, 0x03, 0x00, 0x00, 0x18, 0x00, 0x03,
  0x00, 0x3E, 0x06, 0x00, 0x01, 0x80, 0x31, 0x83, 0x00, 0x01, 0x80, 0x30,
  0x60, 0xC0, 0x00, 0xC0, 0x18, 0x30, 0x60, 0x00, 0x60, 0x0C, 0x18, 0x30,
  0x00, 0x30, 0x03, 0x18, 0x18, 0x00, 0x18, 0x00, 0xF8, 0x0C, 0x00, 0x0C,
  0x00, 0x00, 0x06, 0x00, 0x06, 0x00, 0x00, 0x03, 0x00, 0x01, 0x80, 0x00,
  0x03, 0x00, 0x01, 0x80, 0x00, 0x01, 0x80, 0x01, 0x84, 0x00, 0x01, 0x80,
  0x01, 0x86, 0x00, 0x00, 0xC0, 0x01, 0x86, 0x00, 0x00, 0xC0, 0x01, 0x86,
  0x00, 0x00, 0xC0, 0x01, 0x86, 0x00, 0x01, 0xC0, 0x01, 0x86, 0x06, 0x03,
  0x80, 0x01, 0x86, 0x07, 0xFE, 0x00, 0x01, 0x86, 0x06, 0x00, 0x00, 0x01,
  0x86, 0x06, 0x00, 0x00, 0x01, 0x82, 0x3E, 0x00, 0x00, 0x01, 0x82, 0x10,
  0x00, 0x00, 0x01, 0x82, 0x18, 0x00, 0x00, 0x01, 0x82, 0x0C, 0x00, 0x00,
  0x01, 0x82, 0x7C, 0x00, 0x00, 0x00, 0xC2, 0x20, 0x00, 0x00, 0x00, 0x62,
  0x10, 0x00, 0x00, 0x00, 0x32, 0x08, 0x00, 0x00, 0x00, 0x1A, 0x04, 0x00,
  0x00, 0x00, 0x0E, 0x02, 0x00, 0x00, 0x00, 0x07, 0x02, 0x00, 0x00, 0x00,
  0x03, 0xFE, 0x00, 0x00, 0x00, 0x00, 0x00, 0x1F, 0x80, 0x00, 0x07, 0xFE,
  0x00, 0x00, 0xFF, 0xF0, 0x00, 0x1E, 0x07, 0x80, 0x03, 0xC0, 0x3C, 0x00,
  0x38, 0x01, 0xC0, 0x07, 0x00, 0x0E, 0x00, 0x70, 0x00, 0xE0, 0x07, 0x00,
  0x0E, 0x00, 0x70, 0x00, 0xE0, 0x07, 0x00, 0x0E, 0x00, 0x70, 0x00, 0xE0,
  0x07, 0x00, 0x0E, 0x00, 0x70, 0x00, 0xE0, 0x07, 0xFF, 0xFE, 0x01, 0xF0,
  0x00, 0xF8, 0x77, 0x00, 0x0E, 0xEC, 0x70, 0x00, 0xE3, 0xC0, 0x00, 0x00,
  0x3F, 0x00, 0x00, 0x0F, 0xFF, 0x00, 0x07, 0xBC, 0x3F, 0xFF, 0xC3, 0xC0,
  0x00, 0x00, 0x3C, 0x00, 0x00, 0x03, 0xC0, 0x00, 0x00, 0x3C, 0x00, 0xE0,
  0x03, 0xC0, 0x1F, 0x00, 0x3C, 0x01, 0xF0, 0x03, 0xC0, 0x1F, 0x00, 0x3C,
  0x00, 0xE0, 0x03, 0xC0, 0x0E, 0x00, 0x3C, 0x01, 0xF0, 0x03, 0xC0, 0x1F,
  0x00, 0x3C, 0x01, 0xF0, 0x03, 0xC0, 0x00, 0x00, 0x3E, 0x00, 0x00, 0x07,
  0x70, 0x00, 0x00, 0xE1, 0xF0, 0x00, 0xF8, 0x01, 0xFF, 0xF8, 0x00, 0x00,
  0x1F, 0x80, 0x00, 0x07, 0xFE, 0x00, 0x00, 0xFF, 0xF8, 0x00, 0x1E, 0x0F,
  0x80, 0x03, 0xC0, 0x3C, 0x00, 0x38, 0x01, 0xC0, 0x07, 0x00, 0x1E, 0x00,
  0x70, 0x01, 0xE0, 0x07, 0x00, 0x0E, 0x00, 0x70, 0x00, 0xE0, 0x07, 0x00,
  0x0E, 0x00, 0x70, 0x00, 0xE0, 0x07, 0x00, 0x00, 0x00, 0x70, 0x00, 0x00,
  0x07, 0xFF, 0xF0, 0x01, 0xF0, 0x00, 0xF8, 0x77, 0x00, 0x00, 0xEC, 0x70,
  0x01, 0xE3, 0xC0, 0x00, 0x1E, 0x3F, 0x00, 0x00, 0x0F, 0xFF, 0x00, 0x07,
  0xBC, 0x3F, 0xFF, 0xC3, 0xC0, 0x00, 0x00, 0x3C, 0x00, 0x00, 0x03, 0xC0,
  0x00, 0x00, 0x3C, 0x00, 0xE0, 0x03, 0xC0, 0x1F, 0x00, 0x3C, 0x01, 0xF0,
  0x03, 0xC0, 0x1F, 0x00, 0x3C, 0x00, 0xE0, 0x03, 0xC0, 0x0E, 0x00, 0x3C,
  0x01, 0xF0, 0x03, 0xC0, 0x1F, 0x00, 0x3C, 0x01, 0xF0, 0x03, 0xC0, 0x00,
  0x00, 0x3E, 0x00, 0x00, 0x07, 0x70, 0x00, 0x00, 0xE1, 0xF0, 0x00, 0xF8,
  0x01, 0xFF, 0xF8, 0x00, 0x00, 0x00, 0x7C, 0x00, 0x00, 0x00, 0x01, 0x8C,
  0x00, 0x00, 0x00, 0x06, 0x0C, 0x00, 0x00, 0x00, 0x0C, 0x18, 0x00, 0x00,
  0x00, 0x18, 0x30, 0x00, 0x00, 0x00, 0x38, 0xC0, 0x00, 0x00, 0x00, 0x3F,
  0x00, 0x00, 0x00, 0x00, 0xFF, 0xC0, 0x00, 0x00, 0x07, 0x01, 0xE0, 0x00,
  0x00, 0x38, 0x00, 0x60, 0x00, 0x00, 0xC0, 0x00, 0x60, 0x00, 0x03, 0x00,
  0x00, 0x60, 0x00, 0x04, 0x30, 0x00, 0x60, 0x00, 0x18, 0xC0, 0x00, 0x40,
  0x00, 0x23, 0x00, 0x00, 0xC0, 0x00, 0xCC, 0x00, 0x01, 0x80, 0x01, 0x10,
  0x00, 0x01, 0x00, 0x02, 0x20, 0x00, 0x02, 0x00, 0x04, 0x00, 0x00, 0x06,
  0x00, 0x18, 0x00, 0x00, 0x0C, 0x00, 0x30, 0x00, 0x00, 0x18, 0x00, 0x60,
  0x00, 0x00, 0x10, 0x00, 0xC0, 0x00, 0x00, 0x20, 0x01, 0x00, 0x00, 0x00,
  0x40, 0x02, 0x00, 0x00, 0x00, 0xC0, 0x0C, 0x00, 0x00, 0x01, 0x80, 0x18,
  0x00, 0x00, 0x01, 0x00, 0x67, 0xFF, 0xFE, 0x03, 0x01, 0xF8, 0x00, 0x00,
  0x03, 0x03, 0x00, 0x00, 0x00, 0x03, 0x0C, 0x00, 0x00, 0x00, 0x07, 0x30,
  0x0F, 0xFF, 0xF8, 0x07, 0xC7, 0xFF, 0xFF, 0xFF, 0xC7, 0xFF, 0xFC, 0x01,
  0xFF, 0xFF, 0xFF, 0xF8, 0x03, 0xFF, 0xFB, 0xFF, 0xF0, 0x0F, 0xFF, 0xE3,
  0xFF, 0xF0, 0x1F, 0xFF, 0x80, 0xFF, 0xF0, 0x7F, 0xF8, 0x00, 0x0F, 0xFF,
  0xFE, 0x00, 0x00, 0x00, 0x01, 0xFF, 0x80, 0x00, 0x00, 0x0F, 0x00, 0xF0,
  0x00, 0x00, 0x38, 0x00, 0x1C, 0x00, 0x00, 0x60, 0x00, 0x06, 0x00, 0x01,
  0x80, 0x3C, 0x03, 0x80, 0x03, 0x00, 0x66, 0x00, 0xC0, 0x07, 0x00, 0x46,
  0x00, 0x60, 0x0D, 0x80, 0x46, 0x00, 0x30, 0x0C, 0xC0, 0x64, 0x00, 0x30,
  0x18, 0x60, 0x7C, 0x00, 0x18, 0x30, 0x31, 0x83, 0x00, 0x0C, 0x30, 0x1B,
  0x00, 0x80, 0x0C, 0x60, 0x0E, 0x00, 0x40, 0x06, 0x60, 0x0E, 0x00, 0x20,
  0x06, 0x60, 0x0B, 0x00, 0x20, 0x06, 0xC0, 0x09, 0x80, 0x30, 0x03, 0xC0,
  0x18, 0xC0, 0x10, 0x03, 0xC0, 0x18, 0x60, 0x10, 0x03, 0xC0, 0x18, 0x30,
  0x10, 0x03, 0xC0, 0x10, 0x18, 0x10, 0x03, 0xC0, 0x10, 0x0C, 0x18, 0x03,
  0xC0, 0x30, 0x06, 0x08, 0x03, 0xC0, 0x20, 0x03, 0x0C, 0x03, 0xC0, 0x60,
  0x01, 0x86, 0x03, 0x60, 0xC0, 0x00, 0xC3, 0x06, 0x61, 0x9F, 0xFF, 0xF1,
  0x06, 0x61, 0xFF, 0x83, 0xFF, 0x86, 0x31, 0xFF, 0x83, 0xFF, 0x0C, 0x30,
  0x7F, 0xC7, 0xFC, 0x0C, 0x18, 0x07, 0xFF, 0xE6, 0x18, 0x1C, 0x00, 0x00,
  0x03, 0x30, 0x0C, 0x00, 0x00, 0x01, 0xB0, 0x06, 0x00, 0x00, 0x00, 0xE0,
  0x03, 0x00, 0x00, 0x00, 0xC0, 0x01, 0xC0, 0x00, 0x03, 0x80, 0x00, 0x60,
  0x00, 0x06, 0x00, 0x00, 0x38, 0x00, 0x1C, 0x00, 0x00, 0x0F, 0x00, 0xF0,
  0x00, 0x00, 0x01, 0xFF, 0x00, 0x00, 0x20, 0x00, 0x00, 0x00, 0x00, 0x78,
  0x00, 0x00, 0x00, 0x00, 0x1C, 0x00, 0x00, 0x00, 0x00, 0x0E, 0x02, 0x00,
  0x00, 0x00, 0x06, 0x0E, 0x00, 0x00, 0x00, 0x03, 0x1F, 0x00, 0x00, 0x00,
  0x03, 0xB1, 0x80, 0x00, 0x00, 0xE1, 0xE0, 0xC0, 0x00, 0x00, 0x71, 0xC0,
  0xC0, 0x00, 0x00, 0x3B, 0xE0, 0x60, 0x00, 0x00, 0x1F, 0xE0, 0x30, 0x00,
  0x00, 0x0C, 0xF8, 0x18, 0x00, 0x00, 0x18, 0x64, 0x0C, 0x00, 0x00, 0x70,
  0x44, 0x06, 0x00, 0x00, 0x60, 0x44, 0x03, 0x80, 0x00, 0x60, 0x38, 0x01,
  0xC0, 0x00, 0x20, 0x00, 0x00, 0x60, 0x00, 0x30, 0x00, 0x00, 0x30, 0x00,
  0x18, 0x00, 0x00, 0x1C, 0x00, 0x18, 0x00, 0x00, 0x0E, 0x00, 0x0C, 0x00,
  0x24, 0x03, 0x80, 0x06, 0x00, 0x3C, 0x01, 0xC0, 0x02, 0x00, 0x3C, 0x00,
  0x70, 0x03, 0x00, 0x7E, 0x00, 0x3C, 0x01, 0x80, 0x18, 0x00, 0x0E, 0x00,
  0xC0, 0x00, 0x00, 0x7D, 0x00, 0x60, 0x00, 0x07, 0xE0, 0x00, 0x30, 0x00,
  0x3E, 0x00, 0x00, 0x18, 0x00, 0x30, 0x00, 0x00, 0x0C, 0x00, 0x30, 0x00,
  0x00, 0x06, 0x00, 0x30, 0x00, 0x00, 0x03, 0x80, 0x30, 0x00, 0x00, 0x00,
  0xC0, 0x30, 0x00, 0x00, 0x00, 0x70, 0x30, 0x00, 0x00, 0x00, 0x18, 0x30,
  0x00, 0x00, 0x00, 0x0E, 0x30, 0x00, 0x00, 0x00, 0x03, 0xB0, 0x00, 0x00,
  0x00, 0x00, 0xF0, 0x00, 0x00, 0x00, 0x00, 0x30, 0x00, 0x00, 0x00, 0x00,
  0x00, 0x00, 0x00, 0x00, 0x00, 0x7F, 0x00, 0x00, 0x00, 0x01, 0xC0, 0xE0,
  0x00, 0x00, 0x03, 0x00, 0x30, 0x00, 0x00, 0x04, 0x00, 0x18, 0x00, 0x00,
  0x08, 0x00, 0x0C, 0x00, 0x00, 0x10, 0x3E, 0x06, 0x00, 0x00, 0x60, 0x61,
  0x86, 0x00, 0x00, 0xC0, 0x80, 0xC2, 0x00, 0x01, 0x81, 0x00, 0xC3, 0x00,
  0x03, 0x83, 0x00, 0x63, 0x00, 0x06, 0x06, 0x00, 0x63, 0x00, 0x06, 0x1C,
  0x00, 0x63, 0x00, 0x0C, 0x3E, 0x00, 0x63, 0x00, 0x1C, 0x77, 0x80, 0xC3,
  0x00, 0x38, 0x61, 0xC1, 0xC6, 0x00, 0xF8, 0xC0, 0xE3, 0x86, 0x01, 0xD8,
  0xF0, 0x63, 0x0C, 0x03, 0x98, 0xDC, 0x36, 0x1C, 0x07, 0x18, 0xC6, 0x3C,
  0x38, 0x0E, 0x18, 0x66, 0x18, 0x70, 0x1C, 0x3C, 0x63, 0x18, 0xE0, 0x38,
  0x6C, 0x3B, 0x19, 0xC0, 0x30, 0xEE, 0x0F, 0x1B, 0x80, 0x61, 0xC7, 0x03,
  0x1F, 0x00, 0x63, 0x83, 0x87, 0x1E, 0x00, 0xC3, 0x01, 0xC6, 0x3C, 0x00,
  0xC7, 0x00, 0xFC, 0x30, 0x00, 0xC6, 0x00, 0x18, 0x60, 0x00, 0xC6, 0x00,
  0x30, 0x60, 0x00, 0xC6, 0x00, 0x60, 0xC0, 0x00, 0xC6, 0x00, 0xC1, 0x80,
  0x00, 0xC3, 0x01, 0x83, 0x00, 0x00, 0x63, 0x01, 0x06, 0x00, 0x00, 0x61,
  0xC6, 0x0C, 0x00, 0x00, 0x30, 0x7C, 0x18, 0x00, 0x00, 0x18, 0x00, 0x20,
  0x00, 0x00, 0x0C, 0x00, 0xC0, 0x00, 0x00, 0x07, 0x03, 0x80, 0x00, 0x00,
  0x00, 0xFE, 0x00, 0x00, 0x00, 0x00, 0x01, 0xFF, 0x80, 0x00, 0x00, 0x0F,
  0x00, 0xF0, 0x00, 0x00, 0x38, 0x00, 0x1C, 0x00, 0x00, 0x60, 0x00, 0x06,
  0x00, 0x01, 0xC0, 0x00, 0x03, 0x80, 0x03, 0x00, 0x00, 0x00, 0xC0, 0x06,
  0x00, 0x00, 0x00, 0x60, 0x0C, 0x00, 0x00, 0x00, 0x30, 0x0C, 0x00, 0x00,
  0x00, 0x30, 0x18, 0x00, 0x7F, 0x00, 0x18, 0x30, 0x01, 0xFF, 0xC0, 0x0C,
  0x30, 0x03, 0xFF, 0xE0, 0x0C, 0x60, 0x07, 0xFF, 0xF0, 0x06, 0x60, 0x0F,
  0xFF, 0xF8, 0x06, 0x60, 0x1F, 0xFF, 0xFC, 0x06, 0xC0, 0x1F, 0xFF, 0xFC,
  0x03, 0xC0, 0x3F, 0xFF, 0xFE, 0x03, 0xC0, 0x3F, 0xFF, 0xFE, 0x03, 0xC0,
  0x3F, 0xFF, 0xFE, 0x03, 0xC0, 0x3F, 0xFF, 0xFE, 0x03, 0xC0, 0x3F, 0xFF,
  0xFE, 0x03, 0xC0, 0x3F, 0xFF, 0xFE, 0x03, 0xC0, 0x3F, 0xFF, 0xFE, 0x03,
  0xC0, 0x1F, 0xFF, 0xFC, 0x03, 0x60, 0x1F, 0xFF, 0xFC, 0x06, 0x60, 0x0F,
  0xFF, 0xF8, 0x06, 0x60, 0x07, 0xFF, 0xF0, 0x06, 0x30, 0x03, 0xFF, 0xE0,
  0x0C, 0x30, 0x01, 0xFF, 0xC0, 0x0C, 0x18, 0x00, 0x7F, 0x00, 0x18, 0x0C,
  0x00, 0x00, 0x00, 0x30, 0x0C, 0x00, 0x00, 0x00, 0x30, 0x06, 0x00, 0x00,
  0x00, 0x60, 0x03, 0x00, 0x00, 0x00, 0xC0, 0x01, 0xC0, 0x00, 0x03, 0x80,
  0x00, 0x60, 0x00, 0x06, 0x00, 0x00, 0x38, 0x00, 0x1C, 0x00, 0x00, 0x0F,
  0x00, 0xF0, 0x00, 0x00, 0x01, 0xFF, 0x00, 0x00, 0x7F, 0xFF, 0xFF, 0xFF,
  0xFE, 0xFF, 0xFF, 0xFF, 0xFF, 0xFF, 0xFF, 0xFF, 0xFF, 0xFF, 0xFF, 0xFF,
  0xFF, 0xFF, 0xFF, 0xFF, 0xFF, 0xFF, 0xFF, 0xFF, 0xFF, 0xFF, 0xFE, 0xFF,
  0xFF, 0xFF, 0xFF, 0xFC, 0xFF, 0xFF, 0xFF, 0xFF, 0xF8, 0xFF, 0xFF, 0xFF,
  0xFF, 0xF0, 0xFF, 0xFF, 0xFF, 0xFF, 0xE0, 0xFF, 0xFF, 0xFF, 0xFF, 0xC0,
  0xFF, 0xFF, 0xFF, 0xFF, 0x80, 0x00, 0x00, 0x3F, 0xFF, 0x00, 0x00, 0x00,
  0x3F, 0xFE, 0x00, 0x00, 0x00, 0x3F, 0xFF, 0x00, 0x00, 0x00, 0x3F, 0xFF,
  0x80, 0x00, 0x00, 0x3F, 0xFF, 0xC0, 0xFF, 0xFF, 0xFF, 0xFF, 0xE0, 0xFF,
  0xFF, 0xFF, 0xFF, 0xF0, 0xFF, 0xFF, 0xFF, 0xFF, 0xF8, 0xFF, 0xFF, 0xFF,
  0xFF, 0xFC, 0xFF, 0xFF, 0xFF, 0xFF, 0xFF, 0xFF, 0xFF, 0xFF, 0xFF, 0xFF,
  0xFF, 0xFF, 0xFF, 0xFF, 0xFF, 0xFF, 0xFF, 0xFF, 0xFF, 0xFF, 0xFF, 0xFF,
  0xFF, 0xFF, 0xFF, 0xFF, 0xFF, 0xFF, 0xFF, 0xFF, 0xFF, 0xFF, 0xFF, 0xF0,
  0x3E, 0x3E, 0x19, 0xCF, 0xF3, 0x9C, 0x3D, 0xF9, 0x9F, 0xF3, 0x9C, 0xB9,
  0xF9, 0x3F, 0xF0, 0x3D, 0x9B, 0xF8, 0x7F, 0xF0, 0x39, 0x9B, 0xF8, 0x3F,
  0xF3, 0x98, 0x19, 0xF9, 0x3F, 0xF3, 0x98, 0x09, 0xF9, 0x9F, 0xF0, 0x13,
  0xCC, 0x19, 0x9F, 0xF0, 0x33, 0xCE, 0x19, 0xCF, 0xFF, 0xFF, 0xFF, 0xFF,
  0xFF, 0xFF, 0xFF, 0xFF, 0xFF, 0xFF, 0xFF, 0xFF, 0xFF, 0xFF, 0xFE, 0x7F,
  0xFF, 0xFF, 0xFF, 0xFE, 0x7F, 0xFF, 0xFF, 0xFF, 0xFE, 0xFF, 0xFF, 0xFF,
  0xFF, 0xFF, 0xFF, 0xFF, 0xFF, 0xFF, 0xFF, 0xFF, 0xFF, 0xFF, 0xFF, 0xFF,
  0xFF, 0xFF, 0xFF, 0xFF, 0xFF, 0xFF, 0xFE, 0xFF, 0xFF, 0xFF, 0xFF, 0xFC,
  0xFF, 0xFF, 0xFF, 0xFF, 0xF8, 0xFF, 0xFF, 0xFF, 0xFF, 0xF0, 0xFF, 0xFF,
  0xFF, 0xFF, 0xE0, 0xFF, 0xFF, 0xFF, 0xFF, 0xC0, 0xFF, 0xFF, 0xFF, 0xFF,
  0x80, 0x00, 0x00, 0x3F, 0xFE, 0x00, 0x00, 0x00, 0x3F, 0xFE, 0x00, 0x00,
  0x00, 0x3F, 0xFF, 0x80, 0x00, 0x00, 0x3F, 0xFF, 0xC0, 0xFF, 0xFF, 0xFF,
  0xFF, 0xE0, 0xFF, 0xFF, 0xFF, 0xFF, 0xF0, 0xFF, 0xFF, 0xFF, 0xFF, 0xF8,
  0xFF, 0xFF, 0xFF, 0xFF, 0xFC, 0xFF, 0xFF, 0xFF, 0xFF, 0xFE, 0xFF, 0xFF,
  0xFF, 0xFF, 0xFF, 0xFF, 0xFF, 0xFF, 0xFF, 0xFF, 0xFF, 0xFF, 0xFF, 0xFF,
  0xFF, 0xFF, 0xFF, 0xFF, 0xFF, 0xFF, 0xFF, 0xFF, 0xFF, 0xFF, 0xFF, 0xFF,
  0xFF, 0xFF, 0xFF, 0x06, 0x79, 0x83, 0xFF, 0xFF, 0x06, 0x39, 0x80, 0xFF,
  0xFF, 0x3E, 0x39, 0x9C, 0xFF, 0xFF, 0x3E, 0x99, 0x9E, 0x7F, 0xFF, 0x06,
  0x99, 0x9E, 0x7F, 0xFF, 0x06, 0xC9, 0x9E, 0x7F, 0xFF, 0x3E, 0xC9, 0x9E,
  0x7F, 0xFF, 0x3E, 0xE1, 0x9C, 0xFF, 0xFF, 0x06, 0xE1, 0x80, 0xFF, 0xFF,
  0x06, 0xF1, 0x83, 0xFF, 0xFF, 0xFF, 0xFF, 0xFF, 0xFF, 0xFF, 0xFF, 0xFF,
  0xFF, 0xFF, 0xFF, 0xFF, 0xFF, 0xFF, 0xFE, 0x7F, 0xFF, 0xFF, 0xFF, 0xFE,
  0x7F, 0xFF, 0xFF, 0xFF, 0xFE, 0xFF, 0xFF, 0xFF, 0xFF, 0xFF, 0xFF, 0xFF,
  0xFF, 0xFF, 0xFF, 0xFF, 0xFF, 0xFF, 0xFF, 0xFF, 0xFF, 0xFF, 0xFF, 0xFF,
  0xFF, 0xFF, 0xFD, 0xFF, 0xFF, 0xFF, 0xFF, 0xF9, 0xFF, 0xDF, 0xFF, 0xFF,
  0xF1, 0xFF, 0xCF, 0xFF, 0xFF, 0xE1, 0xFF, 0xC7, 0xFF, 0xFF, 0xC1, 0xFF,
  0xC3, 0xFF, 0xFF, 0x81, 0xFF, 0xC1, 0xFF, 0xFF, 0x00, 0x00, 0x00, 0xFF,
  0xFE, 0x00, 0x00, 0x00, 0x7F, 0xFC, 0x00, 0x00, 0x00, 0x3F, 0xFE, 0x00,
  0x00, 0x00, 0x7F, 0xFF, 0x00, 0x00, 0x00, 0xFF, 0xFF, 0x81, 0xFF, 0xC1,
  0xFF, 0xFF, 0xC1, 0xFF, 0xC3, 0xFF, 0xFF, 0xE1, 0xFF, 0xC3, 0xFF, 0xFF,
  0xF1, 0xFF, 0xC7, 0xFF, 0xFF, 0xF9, 0xFF, 0xCF, 0xFF, 0xFF, 0xFD, 0xFF,
  0xDF, 0xFF, 0xFF, 0xFF, 0xFF, 0xFF, 0xFF, 0xFF, 0xFF, 0xFF, 0xFF, 0xFF,
  0xFF, 0xFF, 0xFF, 0xFF, 0xFF, 0xFF, 0xFF, 0xFF, 0xFF, 0xFF, 0xFF, 0xFF,
  0xFF, 0xFF, 0xFF, 0xFF, 0xE1, 0xE3, 0xD9, 0xFF, 0xFF, 0xCE, 0xE1, 0xD9,
  0xFF, 0xFF, 0x9F, 0x61, 0xD9, 0xFF, 0xFF, 0x9F, 0x64, 0xD9, 0xFF, 0xFF,
  0x9F, 0x66, 0x59, 0xFF, 0xFF, 0x9F, 0x66, 0x59, 0xFF, 0xFF, 0x8E, 0x67,
  0x1F, 0xFF, 0xFF, 0xC0, 0xE7, 0x19, 0xFF, 0xFF, 0xE1, 0xE7, 0x99, 0xFF,
  0xFF, 0xFF, 0xFF, 0xFF, 0xFF, 0xFF, 0xFF, 0xFF, 0xFF, 0xFF, 0x7F, 0xFF,
  0xFF, 0xFF, 0xFE, 0x7F, 0xFF, 0xFF, 0xFF, 0xFE, 0xFF, 0xFF, 0xFF, 0xFF,
  0xFF, 0xFF, 0xFF, 0xFF, 0xFF, 0xFF, 0xFF, 0xFF, 0xFF, 0xFF, 0xFF, 0xFF,
  0xFF, 0xFF, 0xFF, 0xFF, 0xFF, 0xFF, 0xFF, 0xFF, 0xFF, 0xFF, 0xFF, 0xFF,
  0xBF, 0xFF, 0xFF, 0xFF, 0xFF, 0x8F, 0xFF, 0xFF, 0xFF, 0xFF, 0x87, 0xFF,
  0xFF, 0xFF, 0xFF, 0x83, 0xFF, 0xFF, 0xFF, 0xFF, 0x81, 0xFF, 0xFE, 0x00,
  0x00, 0x00, 0xFF, 0xFE, 0x00, 0x00, 0x00, 0x7F, 0xFE, 0x00, 0x00, 0x00,
  0x7F, 0xFE, 0x00, 0x00, 0x00, 0xFF, 0xFF, 0xFF, 0xFF, 0x81, 0xFF, 0xFF,
  0xFF, 0xFF, 0x83, 0xFF, 0xFF, 0xFF, 0xFF, 0x87, 0xFF, 0xFF, 0xFF, 0xFF,
  0x9F, 0xFF, 0xFF, 0xFF, 0xFF, 0xBF, 0xFF, 0xFF, 0xFF, 0xFF, 0xFF, 0xFF,
  0xFF, 0xFF, 0xFF, 0xFF, 0xFF, 0xFF, 0xFF, 0xFF, 0xFF, 0xFF, 0xFF, 0xFF,
  0xFF, 0xFF, 0xFF, 0xFF, 0xFF, 0xFF, 0xFF, 0xFF, 0xFF, 0xFF, 0xFF, 0xFF,
  0xFF, 0xF0, 0xF0, 0xF8, 0x38, 0xF3, 0xE0, 0x60, 0x70, 0x18, 0x73, 0xE7,
  0xCE, 0x23, 0x88, 0x73, 0xE7, 0xDF, 0x27, 0xC8, 0x33, 0xF1, 0xDF, 0x27,
  0xC9, 0x33, 0xF8, 0xDF, 0x27, 0xC9, 0x93, 0xFE, 0x5F, 0x27, 0xC9, 0x83,
  0xEE, 0x4E, 0x23, 0x89, 0xC3, 0xE0, 0x60, 0x70, 0x19, 0xC3, 0xE0, 0xF0,
  0xF8, 0x39, 0xE3, 0xFF, 0xFF, 0xFF, 0xFF, 0xFF, 0xFF, 0xFF, 0xFF, 0xFF,
  0xFF, 0x7F, 0xFF, 0xFF, 0xFF, 0xFE, 0x1F, 0xFF, 0xFF, 0xFF, 0xF8, 0x7F,
  0xFF, 0xFF, 0xFF, 0xFE, 0xFF, 0xFF, 0xFF, 0xFF, 0xFF, 0xFF, 0xFF, 0xFF,
  0xFF, 0xFF, 0xFF, 0xFF, 0xFF, 0xFF, 0xFF, 0xFF, 0xFF, 0xE7, 0xFF, 0xFF,
  0xFF, 0xFF, 0xC3, 0xFF, 0xFF, 0xFF, 0xFF, 0xC3, 0xFF, 0xFF, 0xFF, 0xFF,
  0x81, 0xFF, 0xFF, 0xFF, 0xFF, 0x00, 0xFF, 0xFF, 0xFF, 0xFE, 0x00, 0x7F,
  0xFF, 0xFF, 0xFC, 0x00, 0x3F, 0xFF, 0xFF, 0xFC, 0x00, 0x3F, 0xFF, 0xFF,
  0xF8, 0x00, 0x1F, 0xFF, 0xFF, 0xF0, 0x00, 0x0F, 0xFF, 0xFF, 0xFF, 0xC3,
  0xFF, 0xFF, 0xFF, 0xFF, 0xC3, 0xFF, 0xFF, 0xFF, 0xFF, 0xC3, 0xFF, 0xFF,
  0xFF, 0xFF, 0xC3, 0xFF, 0xFF, 0xFF, 0xFF, 0xC3, 0xFF, 0xFF, 0xFF, 0xFF,
  0xC3, 0xFF, 0xFF, 0xFF, 0xFF, 0xC3, 0xFF, 0xFF, 0xFF, 0xFF, 0xC3, 0xFF,
  0xFF, 0xFF, 0xFF, 0xFF, 0xFF, 0xFF, 0xFF, 0xFF, 0xFF, 0xFF, 0xFF, 0xFF,
  0xFF, 0xFF, 0xFF, 0xFF, 0xFF, 0xFF, 0xFF, 0xFF, 0xFF, 0xFF, 0x01, 0x83,
  0xC1, 0xFF, 0xFF, 0x01, 0x01, 0xC0, 0xFF, 0xFF, 0xCE, 0x38, 0xCC, 0xFF,
  0xFF, 0xCE, 0x7C, 0xCC, 0xFF, 0xFF, 0xCE, 0x7C, 0xCC, 0xFF, 0xFF, 0xCE,
  0x7C, 0xC1, 0xFF, 0xFF, 0xCE, 0x7C, 0xC3, 0xFF, 0xFF, 0xCE, 0x38, 0xCF,
  0xFF, 0xFF, 0xCF, 0x01, 0xCF, 0xFF, 0xFF, 0xCF, 0x83, 0xCF, 0xFF, 0xFF,
  0xFF, 0xFF, 0xFF, 0xFF, 0xFF, 0xFF, 0xFF, 0xFF, 0xFF, 0xFF, 0xFF, 0xFF,
  0xFF, 0xFE, 0x7F, 0xFF, 0xFF, 0xFF, 0xFC, 0x00, 0x01, 0xFF, 0x80, 0x00,
  0x00, 0x0F, 0x00, 0xF0, 0x00, 0x00, 0x38, 0x00, 0x1C, 0x00, 0x00, 0x60,
  0x00, 0x06, 0x00, 0x01, 0x80, 0x00, 0x03, 0x80, 0x03, 0x00, 0x00, 0x00,
  0xC0, 0x07, 0x00, 0x00, 0x00, 0x60, 0x0D, 0x95, 0x4C, 0xB8, 0x30, 0x0C,
  0xD5, 0xCB, 0x28, 0x30, 0x18, 0x75, 0xCB, 0xB8, 0x18, 0x30, 0x3D, 0x4E,
  0xA8, 0x0C, 0x30, 0x18, 0x00, 0x00, 0x0C, 0x60, 0x0E, 0x03, 0xF0, 0x06,
  0x60, 0x0E, 0x0F, 0xF8, 0x06, 0x60, 0x1F, 0x1E, 0x1C, 0x06, 0xC0, 0x77,
  0x9C, 0x0C, 0x03, 0xC0, 0xE6, 0xD8, 0x0C, 0x03, 0xC0, 0x46, 0x7C, 0x0C,
  0x03, 0xC0, 0x06, 0x3C, 0x0C, 0x03, 0xC0, 0x06, 0x1E, 0x18, 0x03, 0xC0,
  0x06, 0x0F, 0xF0, 0x03, 0xC0, 0x06, 0x07, 0xE0, 0x03, 0xC0, 0x06, 0x07,
  0xF0, 0x03, 0xC0, 0x06, 0x1F, 0x9C, 0x03, 0x60, 0x06, 0x38, 0xCC, 0x06,
  0x60, 0x06, 0x38, 0x66, 0x06, 0x60, 0x06, 0x38, 0x36, 0x06, 0x30, 0x06,
  0x38, 0x1E, 0x0C, 0x30, 0x06, 0x38, 0x0E, 0x0C, 0x18, 0x06, 0x3E, 0x1E,
  0x18, 0x1C, 0x06, 0x1F, 0xFB, 0x30, 0x0C, 0x06, 0x07, 0xE1, 0xB0, 0x06,
  0x00, 0x00, 0x00, 0xE0, 0x03, 0x00, 0x00, 0x00, 0xC0, 0x01, 0xC0, 0x00,
  0x03, 0x80, 0x00, 0x60, 0x00, 0x06, 0x00, 0x00, 0x38, 0x00, 0x1C, 0x00,
  0x00, 0x0F, 0x00, 0xF0, 0x00, 0x00, 0x01, 0xFF, 0x00, 0x00, 0x7F, 0xFF,
  0xFF, 0xFF, 0xFC, 0xC0, 0x00, 0x00, 0x00, 0x02, 0xC0, 0x00, 0x00, 0x00,
  0x03, 0xC0, 0x00, 0x00, 0x00, 0x07, 0xC0, 0x00, 0x00, 0x00, 0x0F, 0xC0,
  0x00, 0x00, 0x00, 0x1F, 0xC0, 0x00, 0x00, 0x00, 0x3F, 0xC0, 0x18, 0x07,
  0xE0, 0x3F, 0xC0, 0x78, 0x0F, 0xF8, 0x3F, 0xC0, 0xF8, 0x1E, 0x38, 0x3F,
  0xC1, 0xD8, 0x38, 0x0C, 0x3F, 0xC7, 0x98, 0x38, 0x0E, 0x3F, 0xC3, 0x18,
  0x38, 0x0E, 0x3F, 0xC0, 0x18, 0x70, 0x06, 0x3F, 0xC0, 0x18, 0x70, 0x06,
  0x3F, 0xC0, 0x18, 0x70, 0x06, 0x3F, 0xC0, 0x18, 0x70, 0x06, 0x3F, 0xC0,
  0x18, 0x70, 0x07, 0x3F, 0xC0, 0x18, 0x70, 0x07, 0x3F, 0xC0, 0x18, 0x70,
  0x06, 0x3F, 0xC0, 0x18, 0x70, 0x06, 0x3F, 0xC0, 0x18, 0x70, 0x06, 0x3F,
  0xC0, 0x18, 0x70, 0x06, 0x3F, 0xC0, 0x18, 0x38, 0x0E, 0x3F, 0xC0, 0x18,
  0x38, 0x0E, 0x3F, 0xC0, 0x18, 0x38, 0x1C, 0x3F, 0xC0, 0x18, 0x1E, 0x3C,
  0x3F, 0xC0, 0x18, 0x0F, 0xF8, 0x3F, 0xC0, 0x18, 0x07, 0xF0, 0x3F, 0xC0,
  0x00, 0x00, 0x00, 0x3F, 0xC0, 0x00, 0x00, 0x00, 0x3F, 0xC0, 0x00, 0x00,
  0x00, 0x3F, 0xC0, 0x00, 0x00, 0x00, 0x3F, 0xC0, 0x00, 0x00, 0x00, 0x7F,
  0xC1, 0xFF, 0xFF, 0xFF, 0xFF, 0xC3, 0xFF, 0xFF, 0xFF, 0xFF, 0xC7, 0xFF,
  0xFF, 0xFF, 0xFF, 0xCF, 0xFF, 0xFF, 0xFF, 0xFF, 0xFF, 0xFF, 0xFF, 0xFF,
  0xFE, 0x7F, 0xFF, 0xFF, 0xFF, 0xFC, 0x1F, 0xFF, 0xFF, 0xFF, 0xF8, 0x7F,
  0xFF, 0xFF, 0xFF, 0xFE, 0xFF, 0xFF, 0xFF, 0xFF, 0xFF, 0xFF, 0xFF, 0xFF,
  0xFF, 0xFF, 0xFF, 0xFF, 0xFF, 0xFF, 0xFF, 0xFF, 0xFF, 0xFF, 0xFF, 0xFF,
  0xFF, 0xFF, 0xFF, 0xFF, 0xFF, 0xFF, 0xF3, 0xFC, 0x07, 0xFF, 0xFF, 0xF3,
  0xFD, 0xE7, 0xFF, 0xFF, 0xEB, 0xFD, 0xF3, 0xFF, 0xFF, 0xED, 0xFD, 0xE7,
  0xFF, 0xFF, 0xCD, 0xFC, 0x0F, 0xFF, 0xFF, 0xDD, 0xFC, 0x07, 0xFF, 0xFF,
  0xC0, 0xFD, 0xE3, 0xFF, 0xFF, 0x80, 0xFD, 0xF3, 0xFF, 0xFF, 0xBE, 0x7D,
  0xF3, 0xFF, 0xFF, 0x3F, 0x7D, 0xE3, 0xFF, 0xFF, 0x3F, 0x7C, 0x0F, 0xFF,
  0xFF, 0xFF, 0xFF, 0xFF, 0xFF, 0xFF, 0xFF, 0xFF, 0xFF, 0xFF, 0xFF, 0xFF,
  0xFF, 0xFF, 0xFF, 0xFF, 0xFF, 0xFF, 0xFF, 0xFF, 0xFF, 0xC0, 0xFC, 0x0F,
  0xFF, 0xFF, 0x80, 0xFC, 0x03, 0xFF, 0xFF, 0x8F, 0xFD, 0xE3, 0xFF, 0xFF,
  0x3F, 0xFD, 0xF1, 0xFF, 0xFF, 0x3F, 0xFD, 0xF9, 0xFF, 0xFF, 0x3F, 0xFD,
  0xF9, 0xFF, 0xFF, 0x3F, 0xFD, 0xF9, 0xFF, 0xFF, 0x3F, 0xFD, 0xF9, 0xFF,
  0xFF, 0xBF, 0xFD, 0xF3, 0xFF, 0xFF, 0x9F, 0xFD, 0xE3, 0xFF, 0xFF, 0xE0,
  0xFC, 0x0F, 0xFF, 0xFF, 0xFF, 0xFF, 0xFF, 0xFF, 0xFF, 0xFF, 0xFF, 0xFF,
  0xFF, 0xFF, 0xFF, 0xFF, 0xFF, 0xFF, 0xFF, 0xFF, 0xFF, 0xFF, 0xFF, 0xFF,
  0xFF, 0xFF, 0xFF, 0xFF, 0xFF, 0xFF, 0xFF, 0xFF, 0xFF, 0x7F, 0xFF, 0xFF,
  0xFF, 0xFE, 0x7F, 0xFF, 0xFF, 0xFF, 0xFE, 0xFF, 0xFF, 0xFF, 0xFF, 0xFF,
  0xFF, 0xFF, 0xFF, 0xFF, 0xFF, 0xFF, 0xFF, 0xFE, 0x7F, 0xFF, 0xFF, 0xFF,
  0xFE, 0x7F, 0xFF, 0xFF, 0xFF, 0xFE, 0x7F, 0xFF, 0xFF, 0xFF, 0xFE, 0x7F,
  0xFF, 0xFF, 0x83, 0xFE, 0x43, 0xFF, 0xFF, 0xB9, 0xFE, 0x39, 0xFF, 0xFF,
  0xFD, 0xFE, 0x7C, 0xFF, 0xFF, 0xFD, 0xFE, 0x7C, 0xFF, 0xFF, 0x81, 0xFE,
  0x7C, 0xFF, 0xFF, 0x3D, 0xFE, 0x7C, 0xFF, 0xFF, 0x7D, 0xFE, 0x7C, 0xFF,
  0xFF, 0x39, 0xFE, 0x39, 0xFF, 0xFF, 0x85, 0xFE, 0xC3, 0xFF, 0xFF, 0xFF,
  0xFF, 0xFF, 0xFF, 0xFF, 0xFF, 0xFF, 0xFF, 0xFF, 0xFF, 0xFF, 0xFF, 0xFF,
  0xFF, 0xFF, 0xFF, 0xFF, 0xFF, 0xFF, 0xFF, 0xFF, 0xFF, 0xFC, 0xFF, 0xFF,
  0xFF, 0xFF, 0xFC, 0xFF, 0xFF, 0xFF, 0xFF, 0xFC, 0xFF, 0xFF, 0xC1, 0xFF,
  0x84, 0xFF, 0xFF, 0x99, 0xFF, 0x10, 0xFF, 0xFF, 0x3F, 0xFE, 0x3C, 0xFF,
  0xFF, 0x7F, 0xFE, 0x7C, 0xFF, 0xFF, 0x7F, 0xFE, 0x7C, 0xFF, 0xFF, 0x7F,
  0xFE, 0x7C, 0xFF, 0xFF, 0x7F, 0xFE, 0x7C, 0xFF, 0xFF, 0x3F, 0xFE, 0x7C,
  0xFF, 0xFF, 0x9D, 0xFF, 0x10, 0xFF, 0xFF, 0xC1, 0xFF, 0x84, 0xFF, 0xFF,
  0xFF, 0xFF, 0xFF, 0xFF, 0xFF, 0xFF, 0xFF, 0xFF, 0xFF, 0xFF, 0xFF, 0xFF,
  0xFF, 0xFF, 0xFF, 0xFF, 0xFF, 0xFF, 0xFF, 0xFF, 0xFF, 0xFF, 0xFF, 0xFF,
  0x7F, 0xFF, 0xFF, 0xFF, 0xFE, 0x1F, 0xFF, 0xFF, 0xFF, 0xF8, 0x7F, 0xFF,
  0xFF, 0xFF, 0xFE, 0xFF, 0xFF, 0xFF, 0xFF, 0xFF, 0xFF, 0xFF, 0xFF, 0xFF,
  0xFF, 0xFF, 0xFF, 0xFF, 0xFF, 0xFF, 0xFF, 0xFF, 0xFF, 0xFF, 0xFF, 0xFF,
  0xFF, 0xFF, 0xFF, 0xFF, 0xFF, 0xF3, 0xFF, 0x0F, 0xFF, 0xFF, 0xE3, 0xFE,
  0x77, 0xFF, 0xFF, 0xCB, 0xFF, 0xF7, 0xFF, 0xFF, 0xFB, 0xFF, 0xF7, 0xFF,
  0xFF, 0xFB, 0xFF, 0xF7, 0xFF, 0xFF, 0xFB, 0xFF, 0xEF, 0xFF, 0xFF, 0xFB,
  0xFF, 0xDF, 0xFF, 0xFF, 0xFB, 0xFF, 0xBF, 0xFF, 0xFF, 0xFB, 0xFF, 0x7F,
  0xFF, 0xFF, 0xFB, 0xFE, 0x07, 0xFF, 0xFF, 0xFB, 0xFE, 0x07, 0xFF, 0xFF,
  0xFF, 0xFF, 0xFF, 0xFF, 0xFF, 0xFF, 0xFF, 0xFF, 0xFF, 0xFF, 0xFF, 0xFF,
  0xFF, 0xFF, 0xFF, 0xFF, 0xFF, 0xFF, 0xFF, 0xFF, 0xFF, 0xFF, 0xFF, 0xFF,
  0xFF, 0xC3, 0xFF, 0xEF, 0xFF, 0xFF, 0xBD, 0xFF, 0xEF, 0xFF, 0xFF, 0xFC,
  0xFF, 0xDF, 0xFF, 0xFF, 0xFD, 0xFF, 0x9F, 0xFF, 0xFF, 0xE3, 0xFF, 0x3F,
  0xFF, 0xFF, 0xE1, 0xFF, 0x7F, 0xFF, 0xFF, 0xFC, 0xFE, 0x7F, 0xFF, 0xFF,
  0xFC, 0xFF, 0xFF, 0xFF, 0xFF, 0xBC, 0xFF, 0xFF, 0xFF, 0xFF, 0x83, 0xFF,
  0xFF, 0xFF, 0xFF, 0xFF, 0xFF, 0xFF, 0xFF, 0xFF, 0xFF, 0xFF, 0xFF, 0xFF,
  0xFF, 0xFF, 0xFF, 0xFF, 0xFF, 0xFF, 0xFF, 0xFF, 0xFF, 0xFF, 0xFF, 0xFF,
  0xFF, 0xFF, 0xFF, 0xFF, 0xFF, 0xFF, 0xFF, 0xFF, 0x7F, 0xFF, 0xFF, 0xFF,
  0xFE, 0x7F, 0xFF, 0xFF, 0xFF, 0xFE, 0xFF, 0xFF, 0xFF, 0xFF, 0xFF, 0xFF,
  0xFF, 0xFF, 0xFF, 0xFF, 0xFF, 0xFF, 0xFF, 0xFF, 0xFF, 0xFF, 0xFF, 0xFF,
  0xFF, 0xFF, 0xFF, 0xFF, 0xFF, 0xF8, 0xFF, 0xFF, 0x00, 0xFF, 0xE0, 0xFF,
  0xFF, 0x00, 0xFF, 0xE0, 0xFF, 0xFF, 0xFF, 0xFF, 0xE7, 0xFF, 0xFF, 0x00,
  0xFF, 0xE7, 0xFF, 0xFF, 0x00, 0xFF, 0xE7, 0xFF, 0xFF, 0xE7, 0xFF, 0xE7,
  0xFF, 0xFF, 0xE7, 0xFF, 0xE7, 0xFF, 0xFF, 0xE7, 0xFF, 0x87, 0xFF, 0xFF,
  0xE7, 0xFF, 0x07, 0xFF, 0xFF, 0xE7, 0xFF, 0x07, 0xFF, 0xFF, 0xE7, 0xFF,
  0x8F, 0xFF, 0xFF, 0xFF, 0xFF, 0xFF, 0xFF, 0xFF, 0xFF, 0xFF, 0xFF, 0xFF,
  0xFF, 0xFF, 0xFF, 0xFF, 0xFF, 0xFF, 0xFF, 0xFF, 0xFF, 0xFF, 0xFF, 0x87,
  0xFC, 0x7C, 0xFF, 0xFF, 0x03, 0xF8, 0x1C, 0xFF, 0xFF, 0x33, 0xF9, 0x99,
  0xFF, 0xFF, 0x13, 0xF9, 0x93, 0xFF, 0xFF, 0x87, 0xF8, 0x13, 0xFF, 0xFF,
  0x0E, 0x7C, 0x24, 0x3F, 0xFE, 0x24, 0x7F, 0xC8, 0x1F, 0xFE, 0x30, 0xFF,
  0xC9, 0x9F, 0xFE, 0x38, 0xFF, 0x99, 0x9F, 0xFE, 0x00, 0xFF, 0x38, 0x1F,
  0xFF, 0x84, 0x7F, 0x3C, 0x3F, 0xFF, 0xFF, 0xFF, 0xFF, 0xFF, 0xFF, 0xFF,
  0xFF, 0xFF, 0xFF, 0xFF, 0xFF, 0xFF, 0xFF, 0xFF, 0xFF, 0xFF, 0xFF, 0xFF,
  0xFF, 0xFF, 0xFF, 0xFF, 0xFF, 0xFF, 0xFF, 0xFF, 0xFF, 0xFF, 0xFF, 0x7F,
  0xFF, 0xFF, 0xFF, 0xFE, 0x7F, 0xFF, 0xFF, 0xFF, 0xFE, 0xFF, 0xFF, 0xFF,
  0xFF, 0xFF, 0xFF, 0xFF, 0xFF, 0xFF, 0xFF, 0xFF, 0xFF, 0xFF, 0xFF, 0xFF,
  0xFF, 0xFF, 0xFF, 0xFF, 0xFF, 0xFF, 0xFF, 0xFF, 0xFF, 0xFF, 0xFF, 0xFF,
  0xFF, 0xFF, 0xFF, 0xFF, 0xFF, 0xFF, 0xFF, 0xFF, 0xFF, 0xFF, 0xFF, 0xFF,
  0xFF, 0xFF, 0xFF, 0xFF, 0xFF, 0xFF, 0xFF, 0xFF, 0xFF, 0xFF, 0xFF, 0xFF,
  0xFF, 0xBF, 0xFF, 0xFF, 0xFF, 0xFF, 0xBF, 0xFF, 0xFF, 0xFF, 0xFF, 0xBF,
  0xFF, 0xFF, 0xFF, 0xFF, 0xBF, 0xFF, 0xFF, 0xFC, 0x0F, 0xA1, 0xFC, 0x1F,
  0xFD, 0xC7, 0x9C, 0xF9, 0xFF, 0xFF, 0xE7, 0x9E, 0x73, 0xFF, 0xFF, 0xE7,
  0x9E, 0x73, 0xFF, 0xFE, 0x07, 0xBE, 0x73, 0xFF, 0xF9, 0xE7, 0x9E, 0x73,
  0xFF, 0xFB, 0xE7, 0x9E, 0x73, 0xFF, 0xFB, 0xC7, 0x9C, 0x71, 0xFF, 0xF8,
  0x27, 0xA0, 0xF8, 0x1F, 0xFC, 0x27, 0xB1, 0xFC, 0x1F, 0xFF, 0xFF, 0xFF,
  0xFF, 0xFF, 0xFF, 0xFF, 0xFF, 0xFF, 0xFF, 0xFF, 0xFF, 0xFF, 0xFF, 0xFF,
  0xFF, 0xFF, 0xFF, 0xFF, 0xFF, 0xFF, 0xFF, 0xFF, 0xFF, 0xFF, 0xFF, 0xFF,
  0xFF, 0xFF, 0xFF, 0xFF, 0xFF, 0xFF, 0xFF, 0xFF, 0xFF, 0xFF, 0xFF, 0xFF,
  0xFF, 0xFF, 0xFF, 0xFF, 0xFF, 0xFF, 0xFF, 0xFF, 0xFF, 0xFF, 0xFF, 0xFF,
  0xFF, 0xFF, 0xFF, 0xFF, 0xFF, 0xFF, 0xFF, 0xFF, 0xFF, 0xFF, 0xFF, 0xFF,
  0xFF, 0xFF, 0x7F, 0xFF, 0xFF, 0xFF, 0xFE, 0x00, 0x0E, 0x00, 0x00, 0x00,
  0x1F, 0x80, 0x00, 0x00, 0x1F, 0x80, 0x00, 0x00, 0x3F, 0x80, 0x00, 0x00,
  0x7F, 0x80, 0x00, 0x00, 0x7F, 0x00, 0x00, 0x00, 0xFF, 0x00, 0x00, 0x03,
  0xFE, 0x00, 0x00, 0x07, 0xFC, 0x00, 0x00, 0x0F, 0xFC, 0x00, 0x00, 0x3F,
  0xF8, 0x00, 0x00, 0xFF, 0xF0, 0x00, 0x03, 0xFF, 0xE0, 0x01, 0x07, 0xFF,
  0xC0, 0x06, 0x1F, 0xCF, 0x80, 0x1C, 0x7F, 0x1E, 0x00, 0x38, 0xFC, 0x7C,
  0x00, 0xF3, 0xF0, 0xF8, 0x01, 0xE7, 0xC1, 0xF0, 0x03, 0xEF, 0x83, 0xE0,
  0x0F, 0xFE, 0x07, 0xE1, 0x9F, 0xFC, 0x0F, 0xFF, 0xBF, 0xF8, 0x0F, 0xFF,
  0x7F, 0xF0, 0x1F, 0xFE, 0xFF, 0xE0, 0x1F, 0xFF, 0xFF, 0xC0, 0x1F, 0xFF,
  0xFD, 0xC0, 0x1F, 0xFF, 0xF9, 0x80, 0x1F, 0xFF, 0xE1, 0x00, 0x3F, 0xEF,
  0xC0, 0x00, 0x3F, 0x9F, 0x80, 0x00, 0x7F, 0x3F, 0x00, 0x00, 0xFE, 0x3E,
  0x00, 0x01, 0xF8, 0x3C, 0x00, 0x03, 0xF0, 0x7C, 0x00, 0x0F, 0xC0, 0x7C,
  0x00, 0x1F, 0x00, 0x7C, 0x00, 0xFC, 0x00, 0x3E, 0x07, 0xE0, 0x00, 0x3F,
  0xFF, 0x00, 0x00, 0x0F, 0xF8, 0x00, 0x00, 0x3E, 0x00, 0x00, 0x00, 0x00,
  0xFF, 0x00, 0x00, 0x00, 0x01, 0xFF, 0x80, 0x00, 0x00, 0x07, 0x7F, 0xC0,
  0x00, 0x00, 0x0E, 0x7F, 0xE0, 0x00, 0x00, 0x1C, 0xE1, 0xE0, 0x00, 0x00,
  0x19, 0xC1, 0xB0, 0x00, 0x00, 0x33, 0x03, 0x10, 0x00, 0x00, 0x76, 0x03,
  0x18, 0x00, 0x00, 0x66, 0x06, 0x18, 0x00, 0x00, 0xFC, 0x0C, 0x0C, 0x00,
  0x00, 0xF8, 0x0C, 0x0C, 0x00, 0x00, 0xF8, 0x18, 0x0E, 0x00, 0x00, 0xF8,
  0x70, 0x0F, 0x00, 0x00, 0xF8, 0xE0, 0x0F, 0x80, 0x00, 0x7F, 0x80, 0x19,
  0xC0, 0x00, 0x3E, 0x00, 0x38, 0xE0, 0x00, 0x18, 0x00, 0x30, 0x70, 0x00,
  0x0E, 0x00, 0x66, 0x38, 0x00, 0x03, 0x80, 0xCD, 0x1C, 0x00, 0x00, 0xFB,
  0x0C, 0x8E, 0x00, 0x00, 0x1C, 0x04, 0xC7, 0x00, 0x00, 0x06, 0x03, 0xE3,
  0x80, 0x00, 0x03, 0x01, 0xF1, 0xC0, 0x00, 0x01, 0x80, 0xF0, 0xE0, 0x00,
  0x00, 0xC0, 0x00, 0x70, 0x00, 0x00, 0x60, 0x00, 0x38, 0x00, 0x00, 0x30,
  0x00, 0x1C, 0x00, 0x00, 0x18, 0x00, 0x0E, 0x00, 0x00, 0x0C, 0x00, 0x07,
  0x00, 0x00, 0x06, 0x00, 0x03, 0x00, 0x00, 0x01, 0x00, 0x03, 0x00, 0x00,
  0x00, 0x80, 0x03, 0x00, 0x00, 0x00, 0x40, 0x03, 0x00, 0x00, 0x00, 0x20,
  0x06, 0x00, 0x00, 0x00, 0x10, 0x06, 0x00, 0x00, 0x00, 0x08, 0x0C, 0x00,
  0x00, 0x00, 0x04, 0x38, 0x00, 0x00, 0x00, 0x03, 0xE0, 0x03, 0xF8, 0x00,
  0x00, 0x00, 0x1C, 0x1C, 0x00, 0x00, 0x00, 0x38, 0x0C, 0x00, 0x00, 0x00,
  0x1C, 0x0C, 0x00, 0x00, 0x00, 0x0E, 0x0C, 0x00, 0x00, 0x00, 0x0E, 0x18,
  0x00, 0x00, 0x00, 0x0C, 0x18, 0x00, 0x00, 0x60, 0x18, 0x30, 0x00, 0x00,
  0xE0, 0x30, 0x60, 0x00, 0x01, 0xF0, 0xC0, 0xC0, 0x00, 0x03, 0x3B, 0x01,
  0x80, 0x00, 0x06, 0x1C, 0x03, 0x00, 0x00, 0x06, 0x00, 0x0C, 0x00, 0x00,
  0x0C, 0x00, 0x1C, 0x00, 0x00, 0x0C, 0x00, 0x1C, 0x00, 0x00, 0x0C, 0x00,
  0x1C, 0x00, 0x00, 0x0E, 0x08, 0x1C, 0x00, 0x00, 0x07, 0xE8, 0x1C, 0x00,
  0x00, 0x00, 0x18, 0x1C, 0x00, 0x00, 0x00, 0x18, 0x1C, 0x00, 0x00, 0x00,
  0x18, 0x0C, 0x00, 0x00, 0x00, 0x18, 0x0C, 0x00, 0x00, 0x00, 0x18, 0x0E,
  0x00, 0x00, 0x00, 0x10, 0x0E, 0x00, 0x00, 0x00, 0x10, 0x0E, 0x00, 0x00,
  0x00, 0x10, 0x0E, 0x00, 0x00, 0x00, 0x30, 0x0E, 0x00, 0x00, 0x00, 0x30,
  0x0E, 0x00, 0x00, 0x00, 0x30, 0x0E, 0x00, 0x00, 0x00, 0x30, 0x0E, 0x00,
  0x00, 0x00, 0x20, 0x0E, 0x00, 0x00, 0x00, 0x20, 0x0E, 0x00, 0x00, 0x00,
  0x20, 0x0E, 0x00, 0x00, 0x00, 0x21, 0x8C, 0x00, 0x00, 0x00, 0x63, 0x98,
  0x00, 0x00, 0x00, 0x66, 0x30, 0x00, 0x00, 0x00, 0x60, 0xC0, 0x00, 0x00,
  0x00, 0x61, 0x80, 0x00, 0x00, 0x00, 0x3E, 0x00, 0x00, 0x00, 0x3F, 0x80,
  0x00, 0x00, 0x00, 0x70, 0x30, 0x00, 0x00, 0x00, 0x30, 0x3C, 0x00, 0x00,
  0x00, 0x30, 0x7C, 0x00, 0x00, 0x00, 0x18, 0x38, 0x00, 0x00, 0x00, 0x0C,
  0x18, 0x00, 0x00, 0x00, 0x06, 0x06, 0x00, 0x00, 0x00, 0x03, 0x00, 0xC0,
  0x00, 0x00, 0x01, 0x80, 0x18, 0x00, 0x00, 0x00, 0x60, 0x06, 0x00, 0x00,
  0x00, 0x18, 0x01, 0x00, 0x00, 0x00, 0x76, 0x01, 0xE0, 0x00, 0x00, 0x33,
  0x00, 0xFC, 0x00, 0x00, 0x18, 0x00, 0x73, 0x80, 0x00, 0x0C, 0x03, 0xF8,
  0x70, 0x00, 0x03, 0x01, 0x13, 0x0E, 0x00, 0x00, 0xE0, 0x40, 0x41, 0xC0,
  0x00, 0x18, 0x18, 0x08, 0x38, 0x00, 0x07, 0x06, 0x03, 0x07, 0x00, 0x00,
  0xC3, 0x00, 0x60, 0xC0, 0x00, 0x19, 0x80, 0x0C, 0x18, 0x00, 0x01, 0xC0,
  0x01, 0x83, 0x00, 0x00, 0x00, 0x00, 0x20, 0x60, 0x00, 0x00, 0x00, 0x04,
  0x0C, 0x00, 0x00, 0x00, 0x00, 0x83, 0x80, 0x00, 0x00, 0x00, 0x30, 0x70,
  0x00, 0x00, 0x00, 0x06, 0x0E, 0x00, 0x00, 0x00, 0x00, 0x81, 0xC0, 0x00,
  0x00, 0x00, 0x10, 0x38, 0x00, 0x00, 0x00, 0x02, 0x07, 0x00, 0x00, 0x00,
  0x00, 0x40, 0xE0, 0x00, 0x00, 0x00, 0x18, 0x1C, 0x00, 0x00, 0x00, 0x03,
  0x03, 0x80, 0x00, 0x00, 0x00, 0x40, 0x70, 0x00, 0x00, 0x00, 0x08, 0x0C,
  0x00, 0x00, 0x00, 0x01, 0x03, 0x00, 0x00, 0x00, 0x00, 0x21, 0x80, 0x00,
  0x00, 0x00, 0x04, 0xC0, 0x00, 0x00, 0x00, 0x01, 0xE0, 0x00, 0x07, 0xE0,
  0x00, 0x00, 0x00, 0x3F, 0xF0, 0x00, 0x00, 0x00, 0x60, 0x78, 0x00, 0x00,
  0x00, 0xC0, 0x6C, 0x00, 0x00, 0x01, 0x80, 0x46, 0x00, 0x00, 0x03, 0x00,
  0x42, 0x00, 0x00, 0x06, 0x00, 0x42, 0x00, 0x00, 0x0C, 0x00, 0xC6, 0x00,
  0x00, 0x18, 0x01, 0xE6, 0x00, 0x00, 0x30, 0x03, 0x36, 0x00, 0x00, 0x60,
  0x06, 0x1E, 0x00, 0x00, 0x60, 0x0C, 0x0E, 0x00, 0x00, 0x60, 0x18, 0x0C,
  0x00, 0x00, 0x40, 0x30, 0x1E, 0x00, 0x00, 0x40, 0x60, 0x3B, 0x00, 0x00,
  0x40, 0xC0, 0x69, 0x1F, 0x80, 0xCF, 0x80, 0xD9, 0xFF, 0xC0, 0xFF, 0xC1,
  0x99, 0xC1, 0x60, 0x60, 0x63, 0x13, 0x61, 0x30, 0x30, 0x36, 0x33, 0x21,
  0x18, 0x18, 0x1C, 0x02, 0x23, 0x18, 0x0F, 0xFF, 0x06, 0x63, 0x10, 0x07,
  0x83, 0x84, 0xC3, 0x10, 0x00, 0x01, 0xC0, 0x87, 0x90, 0x00, 0x00, 0x63,
  0x0C, 0xF0, 0x00, 0x00, 0xFE, 0x18, 0x70, 0x00, 0x00, 0xD8, 0x30, 0x30,
  0x00, 0x00, 0xC0, 0x60, 0x70, 0x00, 0x00, 0x80, 0xC0, 0xF0, 0x00, 0x00,
  0x81, 0x81, 0xD8, 0x00, 0x00, 0xBF, 0x03, 0xCC, 0x00, 0x01, 0xFF, 0x86,
  0x9E, 0x00, 0x00, 0xC1, 0xCD, 0x93, 0x00, 0x00, 0x60, 0xD8, 0x33, 0x00,
  0x00, 0x31, 0xF8, 0x22, 0x00, 0x00, 0x1F, 0xEC, 0x06, 0x00, 0x00, 0x00,
  0x06, 0x0C, 0x00, 0x00, 0x00, 0x03, 0x98, 0x00, 0x00, 0x00, 0x01, 0xF0,
  0x00, 0x00, 0x00, 0x00, 0x40, 0x06, 0x00, 0x00, 0x00, 0x00, 0x07, 0xC0,
  0x00, 0x00, 0x00, 0x03, 0xF8, 0x00, 0x00, 0x00, 0x01, 0xCF, 0x00, 0x00,
  0x00, 0x00, 0xF3, 0xE0, 0x00, 0x00, 0x00, 0x3F, 0xFC, 0x00, 0x00, 0x00,
  0x0F, 0xFF, 0x80, 0x00, 0x00, 0x01, 0xFF, 0xF0, 0x00, 0x00, 0x00, 0x3F,
  0xFE, 0x00, 0x00, 0x00, 0x07, 0xFF, 0xC0, 0x00, 0x00, 0x00, 0xFF, 0xFC,
  0x00, 0x00, 0x00, 0x0F, 0xEF, 0x80, 0x00, 0x00, 0x01, 0xFB, 0xE0, 0x00,
  0x00, 0x00, 0x3F, 0xFC, 0x00, 0x00, 0x00, 0x07, 0xF3, 0x80, 0x00, 0x00,
  0x00, 0xF8, 0x70, 0x00, 0x00, 0x00, 0x1F, 0x0E, 0x00, 0x00, 0x00, 0x00,
  0xE1, 0xC0, 0x00, 0x00, 0x00, 0x18, 0x38, 0x00, 0x00, 0x00, 0x06, 0x07,
  0x00, 0x00, 0x00, 0x03, 0x00, 0xE0, 0x00, 0x00, 0x01, 0xC0, 0x1C, 0x00,
  0x00, 0x00, 0x60, 0x03, 0x80, 0x00, 0x00, 0x30, 0x00, 0x70, 0x00, 0x00,
  0x0C, 0x00, 0x0C, 0x00, 0x00, 0x01, 0xC0, 0x01, 0x80, 0x00, 0x00, 0x38,
  0x00, 0x30, 0x00, 0x00, 0x07, 0x00, 0x06, 0x00, 0x00, 0x00, 0xE0, 0x00,
  0xC0, 0x00, 0x00, 0x0C, 0x00, 0x18, 0x00, 0x00, 0x01, 0x80, 0x03, 0x00,
  0x00, 0x00, 0x38, 0x00, 0xE0, 0x00, 0x00, 0x03, 0x00, 0x18, 0x00, 0x00,
  0x00, 0x70, 0x03, 0x00, 0x00, 0x00, 0x07, 0x00, 0x60, 0x00, 0x00, 0x00,
  0x70, 0x1C, 0x00, 0x00, 0x00, 0x07, 0x03, 0x00, 0x00, 0x00, 0x00, 0x38,
  0x60, 0x00, 0x00, 0x00, 0x01, 0xFC, 0x00, 0x0F, 0xFF, 0xFE, 0x00, 0x00,
  0x00, 0x30, 0x00, 0x03, 0x8F, 0xC0, 0x00, 0x41, 0xFF, 0xE0, 0xD0, 0x20,
  0x00, 0xC3, 0xFF, 0xE0, 0x70, 0x20, 0x00, 0x80, 0x00, 0x00, 0x10, 0x20,
  0x00, 0x80, 0x00, 0x00, 0x10, 0x20, 0x00, 0x80, 0x00, 0x00, 0x70, 0x20,
  0x00, 0x80, 0x00, 0x00, 0xD0, 0x20, 0x00, 0x40, 0x00, 0x00, 0x90, 0x20,
  0x00, 0x70, 0x00, 0x03, 0xF0, 0x20, 0x07, 0xFF, 0xFF, 0xFE, 0x00, 0x60,
  0x0C, 0x12, 0x00, 0x00, 0x00, 0x23, 0x1C, 0x12, 0x00, 0x00, 0x00, 0x33,
  0x7C, 0x12, 0x00, 0x00, 0x00, 0x3F, 0xFC, 0x12, 0x00, 0x00, 0x00, 0x3F,
  0xFC, 0x12, 0x00, 0x00, 0x00, 0x3F, 0x7C, 0x12, 0x00, 0x00, 0x00, 0x33,
  0x0C, 0x12, 0x00, 0x00, 0x00, 0x23, 0x0C, 0x12, 0x00, 0x00, 0x00, 0x20,
  0x0E, 0x12, 0x0F, 0xFF, 0xF9, 0xC0, 0x07, 0xFF, 0xCF, 0xFF, 0xF9, 0x80,
  0x00, 0x12, 0x40, 0x00, 0x01, 0x00, 0x00, 0x00, 0x60, 0x00, 0x02, 0x00,
  0x00, 0x00, 0x1B, 0xE8, 0xFC, 0x00, 0x00, 0x00, 0x0B, 0x88, 0x04, 0x00,
  0x00, 0x00, 0x09, 0xA8, 0x04, 0x00, 0x00, 0x00, 0x04, 0x50, 0x7E, 0x00,
  0x00, 0x00, 0x07, 0x80, 0x02, 0x00, 0x00, 0x00, 0x01, 0xFE, 0x03, 0x00,
  0x00, 0x00, 0x00, 0x06, 0x3F, 0x00, 0x00, 0x00, 0x00, 0x02, 0x01, 0x00,
  0x00, 0x00, 0x00, 0x02, 0x01, 0x80, 0x00, 0x00, 0x00, 0x03, 0x00, 0x80,
  0x00, 0x00, 0x00, 0x01, 0x00, 0x80, 0x00, 0x00, 0x00, 0x00, 0xFF, 0x80,
  0x00, 0x00, 0x1E, 0x00, 0x00, 0x00, 0x01, 0x70, 0x00, 0x00, 0x00, 0x63,
  0x00, 0x00, 0x00, 0x08, 0x70, 0x00, 0x00, 0x0F, 0x08, 0x00, 0x00, 0x03,
  0xE3, 0x00, 0x00, 0x00, 0xC7, 0xC0, 0x00, 0x00, 0x10, 0x38, 0x00, 0x00,
  0x06, 0x03, 0x00, 0x00, 0x01, 0x80, 0x20, 0x00, 0x00, 0x20, 0x0C, 0x00,
  0x00, 0x0C, 0x07, 0x00, 0x00, 0x01, 0x01, 0x38, 0x00, 0x00, 0x60, 0x43,
  0x80, 0x00, 0x18, 0x08, 0x78, 0x00, 0x03, 0xE1, 0x0D, 0x80, 0x00, 0x7F,
  0x13, 0x18, 0x00, 0x0C, 0x73, 0xC1, 0x00, 0x07, 0x83, 0xD8, 0x10, 0x00,
  0xF0, 0x31, 0x02, 0x00, 0x12, 0x06, 0x30, 0x60, 0x00, 0x77, 0x86, 0x04,
  0x00, 0x0F, 0xE0, 0xC0, 0x80, 0x23, 0x8C, 0x18, 0x10, 0x0E, 0x01, 0x83,
  0x02, 0x01, 0xF0, 0x00, 0x40, 0x40, 0x0F, 0x80, 0x08, 0x08, 0x00, 0x78,
  0x07, 0x01, 0x00, 0x07, 0xC7, 0xC0, 0x20, 0x3C, 0x39, 0x80, 0x0C, 0x07,
  0xE1, 0xE0, 0x01, 0x00, 0x3E, 0x18, 0xE0, 0x20, 0x06, 0xC2, 0x22, 0x0C,
  0x00, 0xE0, 0xC4, 0x40, 0xC3, 0xFF, 0xF0, 0x88, 0x0F, 0xC0, 0x00, 0x0E,
  0x00, 0x18, 0x00, 0x00, 0x00, 0x03, 0x00, 0x00, 0x00, 0x00, 0x7F, 0xFF,
  0xFF, 0xFF, 0xF8, 0x1F, 0x00, 0x00, 0x00, 0x00, 0x03, 0xFC, 0x00, 0x00,
  0x00, 0x00, 0x3F, 0x78, 0x00, 0x00, 0x00, 0x07, 0x31, 0xE0, 0x00, 0x00,
  0x00, 0x63, 0x07, 0x00, 0x00, 0x00, 0x0C, 0x30, 0x3C, 0x00, 0x00, 0x00,
  0xC6, 0x03, 0xF0, 0x00, 0x00, 0x0C, 0x60, 0x33, 0xC0, 0x00, 0x00, 0xC6,
  0x03, 0x07, 0x80, 0x00, 0x0E, 0xC0, 0x20, 0x1E, 0x00, 0x00, 0xF8, 0x06,
  0x00, 0x3C, 0x00, 0x07, 0x80, 0x40, 0x00, 0xF0, 0x00, 0x1F, 0x0C, 0x00,
  0x03, 0xC0, 0x00, 0x3F, 0x80, 0x06, 0x0E, 0x18, 0x00, 0x7F, 0x00, 0x60,
  0x71, 0xE0, 0x00, 0x3E, 0x3C, 0x0F, 0x38, 0x00, 0x00, 0x7C, 0x40, 0xDF,
  0x80, 0x00, 0x01, 0xC4, 0x08, 0x7C, 0x00, 0x00, 0x1C, 0x61, 0x81, 0xE0,
  0x00, 0x01, 0xFF, 0x92, 0x0C, 0x00, 0x00, 0x0F, 0x8F, 0xFD, 0x80, 0x00,
  0x00, 0xB8, 0x30, 0xF0, 0x00, 0x00, 0x1A, 0xC0, 0x01, 0x00, 0x00, 0x01,
  0x2C, 0x00, 0x00, 0x00, 0x00, 0x32, 0x60, 0x00, 0x00, 0x00, 0x02, 0x26,
  0x00, 0x00, 0x00, 0x00, 0x62, 0x30, 0x00, 0x00, 0x00, 0x04, 0x23, 0x00,
  0x00, 0x00, 0x00, 0xC2, 0x18, 0x00, 0x00, 0x00, 0x08, 0x21, 0x80, 0x00,
  0x00, 0x01, 0x82, 0x0C, 0x00, 0x00, 0x00, 0x30, 0x20, 0xC0, 0x00, 0x00,
  0x03, 0x02, 0x06, 0x00, 0x00, 0x00, 0x60, 0x20, 0x20, 0x00, 0x00, 0x06,
  0x02, 0x03, 0x00, 0x00, 0x00, 0xC0, 0x20, 0x10, 0x00, 0x00, 0x04, 0x02,
  0x01, 0x00, 0x00, 0x00, 0x00, 0x20, 0x00, 0x00, 0x00, 0x00, 0x02, 0x00,
  0x00, 0x00, 0x00, 0x00, 0x20, 0x00, 0x00, 0x00, 0x0F, 0xF0, 0x00, 0x00,
  0x7F, 0xFE, 0x00, 0x01, 0xFF, 0xFF, 0x80, 0x03, 0xFF, 0xFF, 0xC0, 0x07,
  0xF9, 0xFF, 0xE0, 0x0F, 0xE1, 0xFB, 0xF0, 0x1F, 0xFF, 0xFB, 0xF8, 0x3F,
  0xFF, 0xFB, 0xFC, 0x3E, 0x7F, 0xFB, 0xFC, 0x7C, 0xFF, 0xF1, 0xFE, 0x7D,
  0xFF, 0xF0, 0xFE, 0x79, 0xFF, 0xC0, 0x7E, 0xF3, 0xFE, 0x00, 0x0F, 0xF3,
  0xFF, 0xC0, 0x7F, 0xF3, 0xFF, 0xF0, 0xFF, 0xF3, 0xFF, 0xF1, 0xFF, 0xFF,
  0xFF, 0xFB, 0xFF, 0xFF, 0xFF, 0xFB, 0xFF, 0xFF, 0xFF, 0xFB, 0xFF, 0xFF,
  0xFF, 0xFB, 0xFF, 0x7F, 0xFE, 0xFF, 0xFE, 0x7F, 0xFE, 0x7F, 0xFE, 0x7F,
  0xFC, 0x3F, 0xFE, 0x3F, 0xF8, 0x1F, 0xFC, 0x3F, 0xFE, 0x7F, 0xFC, 0x1F,
  0xFE, 0x7F, 0xF8, 0x0F, 0xFF, 0xFF, 0xF0, 0x07, 0xFF, 0xFF, 0xE0, 0x03,
  0xFF, 0xFF, 0xC0, 0x01, 0xFF, 0xFF, 0x80, 0x03, 0x7F, 0xFE, 0x80, 0x03,
  0x0F, 0xF0, 0xC0, 0x03, 0x00, 0x00, 0xC0, 0x06, 0x00, 0x00, 0x40, 0x06,
  0x00, 0x00, 0x60, 0x07, 0x00, 0x00, 0xC0, 0x01, 0x80, 0x01, 0x80, 0x00,
  0xF0, 0x0E, 0x00, 0x00, 0x1F, 0xF0, 0x00
 };

const GFXglyph NotoEmoji_Medium_EmjObjects_20pt16bGlyphs[] PROGMEM = {
// bmpOff,   w,   h,xAdv, xOff, yOff      range 0 (0x1f4bb - 0x1f52e)
  {     0,  43,  33,  50,    3,  -29 },   // 0x1F4BB laptop  (#0)
  {   178,  45,  39,  50,    2,  -32 },   // 0x1F4BC u1F4BC  (#1)
  {   398,  40,  39,  50,    5,  -32 },   // 0x1F4BD computerDisk  (#2)
  {   593,  40,  39,  50,    5,  -32 },   // 0x1F4BE u1F4BE  (#3)
  {   788,  40,  39,  50,    5,  -32 },   // 0x1F4BF opticalDisk  (#4)
  {   983,  39,  39,  50,    5,  -32 },   // 0x1F4C0 u1F4C0  (#5)
  {  1174,  42,  40,  50,    4,  -32 },   // 0x1F4C1 u1F4C1  (#6)
  {  1384,  45,  40,  50,    2,  -32 },   // 0x1F4C2 u1F4C2  (#7)
  {  1609,  38,  39,  50,    6,  -32 },   // 0x1F4C3 pageWithCurl  (#8)
  {  1795,  32,  40,  50,    9,  -33 },   // 0x1F4C4 u1F4C4  (#9)
  {  1955,  38,  39,  50,    6,  -32 },   // 0x1F4C5 u1F4C5  (#10)
  {  2141,  41,  39,  50,    4,  -32 },   // 0x1F4C6 u1F4C6  (#11)
  {  2341,  44,  39,  50,    3,  -32 },   // 0x1F4C7 u1F4C7  (#12)
  {  2556,  39,  39,  50,    5,  -32 },   // 0x1F4C8 chartIncreasing  (#13)
  {  2747,  39,  39,  50,    5,  -32 },   // 0x1F4C9 chartDecreasing  (#14)
  {  2938,  39,  40,  50,    5,  -32 },   // 0x1F4CA u1F4CA  (#15)
  {  3133,  30,  39,  50,   10,  -32 },   // 0x1F4CB u1F4CB  (#16)
  {  3280,  40,  39,  50,    5,  -32 },   // 0x1F4CC u1F4CC  (#17)
  {  3475,  20,  40,  50,   15,  -32 },   // 0x1F4CD u1F4CD  (#18)
  {  3575,  43,  39,  50,    3,  -32 },   // 0x1F4CE u1F4CE  (#19)
  {  3785,  40,  40,  50,    5,  -32 },   // 0x1F4CF u1F4CF  (#20)
  {  3985,  41,  39,  50,    5,  -32 },   // 0x1F4D0 triangularRular  (#21)
  {  4185,  35,  39,  50,    7,  -32 },   // 0x1F4D1 u1F4D1  (#22)
  {  4356,  34,  39,  50,    8,  -32 },   // 0x1F4D2 u1F4D2  (#23)
  {  4522,  33,  39,  50,    8,  -32 },   // 0x1F4D3 u1F4D3  (#24)
  {  4683,  33,  39,  50,    8,  -32 },   // 0x1F4D4 notebookWithDecorativeCover  (#25)
  {  4844,  33,  39,  50,    8,  -32 },   // 0x1F4D5 u1F4D5  (#26)
  {  5005,  45,  34,  50,    2,  -29 },   // 0x1F4D6 u1F4D6  (#27)
  {  5197,  33,  39,  50,    8,  -32 },   // 0x1F4D7 u1F4D7  (#28)
  {  5358,  33,  39,  50,    8,  -32 },   // 0x1F4D8 u1F4D8  (#29)
  {  5519,  33,  39,  50,    8,  -32 },   // 0x1F4D9 u1F4D9  (#30)
  {  5680,  40,  40,  50,    6,  -32 },   // 0x1F4DA u1F4DA  (#31)
  {  5880,  39,  39,  50,    6,  -32 },   // 0x1F4DB u1F4DB  (#32)
  {  6071,  42,  39,  50,    4,  -32 },   // 0x1F4DC u1F4DC  (#33)
  {  6276,  41,  39,  50,    4,  -32 },   // 0x1F4DD u1F4DD  (#34)
  {  6476,  40,  39,  50,    5,  -32 },   // 0x1F4DE u1F4DE  (#35)
  {  6671,  40,  27,  50,    5,  -26 },   // 0x1F4DF u1F4DF  (#36)
  {  6806,  42,  39,  50,    4,  -32 },   // 0x1F4E0 u1F4E0  (#37)
  {  7011,  37,  39,  50,    7,  -32 },   // 0x1F4E1 u1F4E1  (#38)
  {  7192,  42,  39,  50,    4,  -32 },   // 0x1F4E2 u1F4E2  (#39)
  {  7397,  46,  39,  50,    2,  -32 },   // 0x1F4E3 u1F4E3  (#40)
  {  7622,  39,  39,  50,    6,  -32 },   // 0x1F4E4 u1F4E4  (#41)
  {  7813,  39,  39,  50,    6,  -32 },   // 0x1F4E5 u1F4E5  (#42)
  {  8004,  37,  41,  50,    6,  -33 },   // 0x1F4E6 u1F4E6  (#43)
  {  8194,  43,  29,  50,    3,  -27 },   // 0x1F4E7 eMail  (#44)
  {  8350,  44,  24,  50,    3,  -24 },   // 0x1F4E8 u1F4E8  (#45)
  {  8482,  35,  39,  50,    7,  -32 },   // 0x1F4E9 envelopeWithArrow  (#46)
  {  8653,  42,  31,  50,    4,  -24 },   // 0x1F4EA closedMailboxWithLoweredFlag  (#47)
  {  8816,  40,  39,  50,    5,  -32 },   // 0x1F4EB closedMailboxWithRaisedFlag  (#48)
  {  9011,  40,  39,  50,    5,  -32 },   // 0x1F4EC openMailboxWithRaisedFlag  (#49)
  {  9206,  41,  31,  50,    4,  -24 },   // 0x1F4ED openMailboxWithLoweredFlag  (#50)
  {  9365,  32,  39,  50,    9,  -32 },   // 0x1F4EE u1F4EE  (#51)
  {  9521,  42,  32,  50,    4,  -28 },   // 0x1F4EF u1F4EF  (#52)
  {  9689,  41,  33,  50,    4,  -29 },   // 0x1F4F0 u1F4F0  (#53)
  {  9859,  24,  39,  50,   13,  -32 },   // 0x1F4F1 u1F4F1  (#54)
  {  9976,  39,  39,  50,    5,  -32 },   // 0x1F4F2 mobilePhoneWithArrow  (#55)
  { 10167,  38,  39,  50,    6,  -32 },   // 0x1F4F3 u1F4F3  (#56)
  { 10353,  40,  39,  50,    5,  -32 },   // 0x1F4F4 u1F4F4  (#57)
  { 10548,  40,  39,  50,    5,  -32 },   // 0x1F4F5 u1F4F5  (#58)
  { 10743,  40,  39,  50,    5,  -32 },   // 0x1F4F6 u1F4F6  (#59)
  { 10938,  44,  37,  50,    3,  -31 },   // 0x1F4F7 u1F4F7  (#60)
  { 11142,  44,  40,  50,    3,  -32 },   // 0x1F4F8 cameraWithFlash  (#61)
  { 11362,  44,  40,  50,    3,  -33 },   // 0x1F4F9 u1F4F9  (#62)
  { 11582,  43,  39,  50,    3,  -32 },   // 0x1F4FA u1F4FA  (#63)
  { 11792,  47,  40,  50,    1,  -33 },   // 0x1F4FB u1F4FB  (#64)
  { 12027,  43,  26,  50,    3,  -26 },   // 0x1F4FC u1F4FC  (#65)
  { 12167,  42,  39,  50,    4,  -32 },   // 0x1F4FD u1F4FD  (#66)
  {     0,   0,   0,   0,    0,    0 },   // 0x1F4FE   (#67)
  { 12372,  49,  39,  50,    0,  -32 },   // 0x1F4FF prayerBeads  (#68)
  { 12611,  40,  39,  50,    5,  -32 },   // 0x1F500 shuffleTracksButton  (#69)
  { 12806,  40,  39,  50,    5,  -32 },   // 0x1F501 repeatButton  (#70)
  { 13001,  40,  39,  50,    5,  -32 },   // 0x1F502 repeatSingleButton  (#71)
  { 13196,  40,  40,  50,    5,  -32 },   // 0x1F503 clockwiseVerticalArrows  (#72)
  { 13396,  40,  39,  50,    5,  -32 },   // 0x1F504 counterclockwiseArrowsButton  (#73)
  { 13591,  40,  40,  50,    5,  -32 },   // 0x1F505 dimButton  (#74)
  { 13791,  40,  39,  50,    5,  -32 },   // 0x1F506 brightButton  (#75)
  { 13986,  40,  39,  50,    5,  -32 },   // 0x1F507 mutedSpeaker  (#76)
  { 14181,  40,  39,  50,    5,  -32 },   // 0x1F508 speakerLowVolume  (#77)
  { 14376,  41,  39,  50,    4,  -32 },   // 0x1F509 speakerMediumVolume  (#78)
  { 14576,  41,  40,  50,    4,  -33 },   // 0x1F50A speakerHighVolume  (#79)
  { 14781,  21,  40,  50,   14,  -33 },   // 0x1F50B u1F50B  (#80)
  { 14886,  40,  39,  50,    5,  -32 },   // 0x1F50C u1F50C  (#81)
  { 15081,  41,  39,  50,    4,  -32 },   // 0x1F50D magnifyingGlassTitledLeft  (#82)
  { 15281,  41,  39,  50,    4,  -32 },   // 0x1F50E magnifyingGlassTitledRight  (#83)
  { 15481,  38,  39,  50,    6,  -32 },   // 0x1F50F lockedWithPen  (#84)
  { 15667,  40,  39,  50,    5,  -32 },   // 0x1F510 lockedWithKey  (#85)
  { 15862,  41,  39,  50,    5,  -32 },   // 0x1F511 u1F511  (#86)
  { 16062,  28,  39,  50,   11,  -32 },   // 0x1F512 locked  (#87)
  { 16199,  28,  39,  50,   11,  -32 },   // 0x1F513 unlocked  (#88)
  { 16336,  39,  39,  50,    6,  -32 },   // 0x1F514 u1F514  (#89)
  { 16527,  40,  39,  50,    5,  -32 },   // 0x1F515 bellWithSlash  (#90)
  { 16722,  40,  40,  50,    4,  -32 },   // 0x1F516 u1F516  (#91)
  { 16922,  40,  39,  50,    5,  -32 },   // 0x1F517 link  (#92)
  { 17117,  40,  39,  50,    5,  -32 },   // 0x1F518 u1F518  (#93)
  { 17312,  40,  40,  50,    5,  -32 },   // 0x1F519 backArrow  (#94)
  { 17512,  40,  40,  50,    5,  -32 },   // 0x1F51A endArrow  (#95)
  { 17712,  40,  39,  50,    5,  -32 },   // 0x1F51B onArrow  (#96)
  { 17907,  40,  39,  50,    5,  -32 },   // 0x1F51C soonArrow  (#97)
  { 18102,  40,  41,  50,    5,  -33 },   // 0x1F51D topArrow  (#98)
  { 18307,  40,  39,  50,    5,  -32 },   // 0x1F51E noOneUnderEighteen  (#99)
  { 18502,  40,  40,  50,    5,  -32 },   // 0x1F51F keycap10  (#100)
  { 18702,  40,  40,  50,    5,  -33 },   // 0x1F520 inputLatinUppercase  (#101)
  { 18902,  40,  39,  50,    5,  -32 },   // 0x1F521 inputLatinLowercase  (#102)
  { 19097,  40,  40,  50,    5,  -33 },   // 0x1F522 u1F522  (#103)
  { 19297,  40,  39,  50,    5,  -32 },   // 0x1F523 u1F523  (#104)
  { 19492,  40,  39,  50,    5,  -32 },   // 0x1F524 u1F524  (#105)
  { 19687,  31,  40,  50,    9,  -33 },   // 0x1F525 u1F525  (#106)
  { 19842,  40,  39,  50,    5,  -32 },   // 0x1F526 flashlight  (#107)
  { 20037,  39,  39,  50,    5,  -32 },   // 0x1F527 u1F527  (#108)
  { 20228,  42,  39,  50,    4,  -32 },   // 0x1F528 u1F528  (#109)
  { 20433,  40,  40,  50,    5,  -32 },   // 0x1F529 u1F529  (#110)
  { 20633,  42,  39,  50,    4,  -32 },   // 0x1F52A knife  (#111)
  { 20838,  48,  35,  50,    1,  -30 },   // 0x1F52B waterPistol  (#112)
  { 21048,  35,  39,  50,    8,  -32 },   // 0x1F52C u1F52C  (#113)
  { 21219,  44,  40,  50,    3,  -32 },   // 0x1F52D u1F52D  (#114)
  { 21439,  32,  39,  50,    9,  -32 } }; // 0x1F52E u1F52E  (#115)

const GFXfont NotoEmoji_Medium_EmjObjects_20pt16b PROGMEM = {
  (uint8_t  *)NotoEmoji_Medium_EmjObjects_20pt16bBitmaps,
  (GFXglyph *)NotoEmoji_Medium_EmjObjects_20pt16bGlyphs,
  0xF4BB, // first
  0xF52E, // last
  50   //height
 };

// Approx. 22414 bytes
