#pragma once

// /tmp/fontconvert_pinned -f /home/user/qmk_firmware/keyboards/handwired/polykybd/fonts/noto-sans-canadian-aboriginal/NotoSansCanadianAboriginal-Regular.ttf -s 16 -v _CanAborig_ -r 40 5123 5749 
// Visualize your font via https://tchapi.github.io/Adafruit-GFX-Font-Customiser

/* num ranges: 1 */
const uint8_t NotoSansCanadianAboriginal_Regular_CanAborig_16pt16bBitmaps[] PROGMEM = {
  /* range 0 (0x1403 - 0x1675): */  0x00, 0x20, 0x00, 0x03, 0x00, 0x00, 0x1C, 0x00, 0x01, 0xE0, 0x00, 0x0F,
  0x00, 0x00, 0xFC, 0x00, 0x06, 0x60, 0x00, 0x73, 0x80, 0x03, 0x8C, 0x00,
  0x18, 0x70, 0x01, 0xC1, 0x80, 0x0C, 0x0E, 0x00, 0xE0, 0x30, 0x06, 0x01,
  0xC0, 0x70, 0x0E, 0x03, 0x00, 0x38, 0x38, 0x01, 0xC1, 0xC0, 0x06, 0x1C,
  0x00, 0x38, 0xE0, 0x00, 0xC6, 0x00, 0x07, 0x7F, 0xFF, 0xFB, 0xFF, 0xFF,
  0xE0, 0x00, 0x60, 0x00, 0x07, 0x80, 0x00, 0x3C, 0x00, 0x00, 0xC0, 0x00,
  0x00, 0x00, 0x00, 0x00, 0x00, 0x00, 0x80, 0x00, 0x0C, 0x00, 0x00, 0x70,
  0x00, 0x07, 0x80, 0x00, 0x3C, 0x00, 0x03, 0xF0, 0x00, 0x19, 0x80, 0x01,
  0xCE, 0x00, 0x0E, 0x30, 0x00, 0x61, 0xC0, 0x07, 0x06, 0x00, 0x30, 0x38,
  0x03, 0x80, 0xC0, 0x18, 0x07, 0x01, 0xC0, 0x38, 0x0C, 0x00, 0xE0, 0xE0,
  0x07, 0x07, 0x00, 0x18, 0x70, 0x00, 0xE3, 0x80, 0x03, 0x18, 0x00, 0x1D,
  0xFF, 0xFF, 0xEF, 0xFF, 0xFF, 0x80, 0x80, 0x00, 0x0E, 0x00, 0x00, 0xF0,
  0x00, 0x0F, 0xC0, 0x00, 0xFF, 0x00, 0x0E, 0x78, 0x00, 0xE3, 0xE0, 0x0E,
  0x0F, 0x80, 0xE0, 0x3C, 0x0E, 0x00, 0xF0, 0xE0, 0x07, 0xCE, 0x00, 0x1F,
  0xE0, 0x01, 0xEE, 0x00, 0x78, 0xE0, 0x1F, 0x0E, 0x07, 0xC0, 0xE0, 0xF0,
  0x0E, 0x3C, 0x00, 0xEF, 0x80, 0x0F, 0xE0, 0x00, 0xF8, 0x00, 0x0F, 0x00,
  0x00, 0xC0, 0x00, 0x00, 0x60, 0x00, 0x0F, 0x00, 0x00, 0xE0, 0x00, 0x06,
  0x00, 0x00, 0x00, 0x00, 0x00, 0x00, 0x00, 0x80, 0x00, 0x0E, 0x00, 0x00,
  0xF0, 0x00, 0x0F, 0xC0, 0x00, 0xFF, 0x00, 0x0E, 0x78, 0x00, 0xE3, 0xE0,
  0x0E, 0x0F, 0x80, 0xE0, 0x3C, 0x0E, 0x00, 0xF0, 0xE0, 0x07, 0xCE, 0x00,
  0x1F, 0xE0, 0x01, 0xEE, 0x00, 0x78, 0xE0, 0x1F, 0x0E, 0x07, 0xC0, 0xE0,
  0xF0, 0x0E, 0x3C, 0x00, 0xEF, 0x80, 0x0F, 0xE0, 0x00, 0xF8, 0x00, 0x0F,
  0x00, 0x00, 0xC0, 0x00, 0x00, 0x0C, 0x18, 0x01, 0xE3, 0xC0, 0x1E, 0x3C,
  0x00, 0xC1, 0x80, 0x00, 0x00, 0x00, 0x00, 0x00, 0x80, 0x00, 0x0E, 0x00,
  0x00, 0xF0, 0x00, 0x0F, 0xC0, 0x00, 0xFF, 0x00, 0x0E, 0x78, 0x00, 0xE3,
  0xE0, 0x0E, 0x0F, 0x80, 0xE0, 0x3C, 0x0E, 0x00, 0xF0, 0xE0, 0x07, 0xCE,
  0x00, 0x1F, 0xE0, 0x01, 0xEE, 0x00, 0x78, 0xE0, 0x1F, 0x0E, 0x07, 0xC0,
  0xE0, 0xF0, 0x0E, 0x3C, 0x00, 0xEF, 0x80, 0x0F, 0xE0, 0x00, 0xF8, 0x00,
  0x0F, 0x00, 0x00, 0xC0, 0x00, 0x00, 0x80, 0x00, 0x0E, 0x00, 0x00, 0xF0,
  0x00, 0x0F, 0xC0, 0x00, 0xFF, 0x00, 0x0E, 0x78, 0x00, 0xE3, 0xE0, 0x0E,
  0x0F, 0x80, 0xE0, 0x3C, 0x0E, 0x60, 0xF0, 0xE6, 0x07, 0xCE, 0x60, 0x1F,
  0xE6, 0x01, 0xEE, 0x60, 0x78, 0xE6, 0x1F, 0x0E, 0x07, 0xC0, 0xE0, 0xF0,
  0x0E, 0x3C, 0x00, 0xEF, 0x80, 0x0F, 0xE0, 0x00, 0xF8, 0x00, 0x0F, 0x00,
  0x00, 0xC0, 0x00, 0x00, 0x80, 0x00, 0x0E, 0x00, 0x00, 0xF0, 0x00, 0x0F,
  0xC0, 0x00, 0xFF, 0x00, 0x0E, 0x78, 0x00, 0xE3, 0xE0, 0x0E, 0x0F, 0x80,
  0xE0, 0x3C, 0x0E, 0x00, 0xF0, 0xE3, 0x07, 0xCE, 0x78, 0x1F, 0xE7, 0x81,
  0xEE, 0x30, 0x78, 0xE0, 0x1F, 0x0E, 0x07, 0xC0, 0xE0, 0xF0, 0x0E, 0x3C,
  0x00, 0xEF, 0x80, 0x0F, 0xE0, 0x00, 0xF8, 0x00, 0x0F, 0x00, 0x00, 0xC0,
  0x00, 0x00, 0x00, 0x00, 0x10, 0x00, 0x07, 0x00, 0x00, 0xF0, 0x00, 0x3F,
  0x00, 0x0F, 0xF0, 0x01, 0xE7, 0x00, 0x78, 0x70, 0x1F, 0x07, 0x07, 0xC0,
  0x70, 0xF0, 0x07, 0x3C, 0x00, 0x7F, 0x80, 0x07, 0x78, 0x00, 0x71, 0xE0,
  0x07, 0x0F, 0x80, 0x70, 0x3E, 0x07, 0x00, 0xF0, 0x70, 0x03, 0xC7, 0x00,
  0x1F, 0x70, 0x00, 0x7F, 0x00, 0x01, 0xF0, 0x00, 0x0F, 0x00, 0x00, 0x30,
  0x00, 0x00, 0x60, 0x00, 0x0F, 0x00, 0x00, 0xF0, 0x00, 0x06, 0x00, 0x00,
  0x00, 0x00, 0x00, 0x00, 0x00, 0x10, 0x00, 0x07, 0x00, 0x00, 0xF0, 0x00,
  0x3F, 0x00, 0x0F, 0xF0, 0x01, 0xE7, 0x00, 0x78, 0x70, 0x1F, 0x07, 0x07,
  0xC0, 0x70, 0xF0, 0x07, 0x3C, 0x00, 0x7F, 0x80, 0x07, 0x78, 0x00, 0x71,
  0xE0, 0x07, 0x0F, 0x80, 0x70, 0x3E, 0x07, 0x00, 0xF0, 0x70, 0x03, 0xC7,
  0x00, 0x1F, 0x70, 0x00, 0x7F, 0x00, 0x01, 0xF0, 0x00, 0x0F, 0x00, 0x00,
  0x30, 0x3F, 0xFF, 0xFE, 0x7F, 0xFF, 0xF8, 0x70, 0x00, 0x70, 0xE0, 0x00,
  0xC0, 0xE0, 0x03, 0x81, 0xC0, 0x06, 0x01, 0x80, 0x1C, 0x03, 0x80, 0x38,
  0x03, 0x00, 0xE0, 0xC7, 0x01, 0xC3, 0xC6, 0x03, 0x07, 0x8E, 0x0E, 0x06,
  0x0C, 0x18, 0x00, 0x1C, 0x70, 0x00, 0x38, 0xC0, 0x00, 0x33, 0x80, 0x00,
  0x76, 0x00, 0x00, 0x7C, 0x00, 0x00, 0xF0, 0x00, 0x00, 0xE0, 0x00, 0x01,
  0xC0, 0x00, 0x01, 0x00, 0x00, 0xFF, 0xFF, 0xFB, 0xFF, 0xFF, 0xC6, 0x00,
  0x07, 0x1C, 0x00, 0x38, 0x30, 0x00, 0xE0, 0xE0, 0x03, 0x01, 0x80, 0x1C,
  0x07, 0x00, 0x60, 0x1C, 0x03, 0x80, 0x38, 0x0C, 0x70, 0xE0, 0x71, 0xC1,
  0x81, 0x87, 0x07, 0x0E, 0x08, 0x0C, 0x38, 0x00, 0x38, 0xC0, 0x00, 0x67,
  0x00, 0x01, 0xD8, 0x00, 0x03, 0xE0, 0x00, 0x0F, 0x00, 0x00, 0x1C, 0x00,
  0x00, 0x60, 0x00, 0x01, 0x80, 0x00, 0x00, 0x08, 0x00, 0x00, 0x30, 0x00,
  0x00, 0x70, 0x00, 0x00, 0xE0, 0x00, 0x03, 0xE0, 0x00, 0x06, 0xC0, 0x00,
  0x1D, 0xC0, 0x00, 0x33, 0x80, 0x00, 0xE3, 0x00, 0x01, 0x87, 0x01, 0x87,
  0x06, 0x07, 0x8C, 0x0E, 0x0F, 0x38, 0x0C, 0x0C, 0x70, 0x1C, 0x01, 0xC0,
  0x18, 0x03, 0x80, 0x38, 0x06, 0x00, 0x30, 0x1C, 0x00, 0x70, 0x30, 0x00,
  0xE0, 0xE0, 0x00, 0xE1, 0x80, 0x01, 0xC7, 0xFF, 0xFF, 0x8F, 0xFF, 0xFF,
  0x80, 0x00, 0x20, 0x00, 0x01, 0x80, 0x00, 0x07, 0x00, 0x00, 0x3C, 0x00,
  0x00, 0xF0, 0x00, 0x07, 0xE0, 0x00, 0x19, 0x80, 0x00, 0xE7, 0x00, 0x03,
  0x8C, 0x00, 0x0C, 0x38, 0x00, 0x70, 0x61, 0xC1, 0x81, 0xC7, 0x0E, 0x03,
  0x1C, 0x30, 0x0E, 0x21, 0xC0, 0x38, 0x06, 0x00, 0x70, 0x38, 0x01, 0xC0,
  0xE0, 0x03, 0x07, 0x00, 0x0E, 0x1C, 0x00, 0x18, 0x60, 0x00, 0x73, 0xFF,
  0xFF, 0xCF, 0xFF, 0xFF, 0x80, 0x00, 0x1C, 0x00, 0x00, 0x38, 0x00, 0x00,
  0x70, 0x00, 0x00, 0xC0, 0x00, 0x00, 0x00, 0x00, 0x00, 0x00, 0x00, 0x02,
  0x00, 0x00, 0x0C, 0x00, 0x00, 0x1C, 0x00, 0x00, 0x38, 0x00, 0x00, 0xF8,
  0x00, 0x01, 0xB0, 0x00, 0x07, 0x70, 0x00, 0x0C, 0xE0, 0x00, 0x38, 0xC0,
  0x00, 0x61, 0xC0, 0x61, 0xC1, 0x81, 0xE3, 0x03, 0x83, 0xCE, 0x03, 0x03,
  0x1C, 0x07, 0x00, 0x70, 0x06, 0x00, 0xE0, 0x0E, 0x01, 0x80, 0x0C, 0x07,
  0x00, 0x1C, 0x0C, 0x00, 0x38, 0x38, 0x00, 0x38, 0x60, 0x00, 0x71, 0xFF,
  0xFF, 0xE3, 0xFF, 0xFF, 0xE0, 0x00, 0x60, 0x00, 0x03, 0xC0, 0x00, 0x0F,
  0x00, 0x00, 0x18, 0x00, 0x00, 0x00, 0x00, 0x00, 0x00, 0x00, 0x02, 0x00,
  0x00, 0x18, 0x00, 0x00, 0x70, 0x00, 0x03, 0xC0, 0x00, 0x0F, 0x00, 0x00,
  0x7E, 0x00, 0x01, 0x98, 0x00, 0x0E, 0x70, 0x00, 0x38, 0xC0, 0x00, 0xC3,
  0x80, 0x07, 0x06, 0x1C, 0x18, 0x1C, 0x70, 0xE0, 0x31, 0xC3, 0x00, 0xE2,
  0x1C, 0x03, 0x80, 0x60, 0x07, 0x03, 0x80, 0x1C, 0x0E, 0x00, 0x30, 0x70,
  0x00, 0xE1, 0xC0, 0x01, 0x86, 0x00, 0x07, 0x3F, 0xFF, 0xFC, 0xFF, 0xFF,
  0xF8, 0x02, 0x00, 0x00, 0x01, 0x80, 0x00, 0x00, 0xF0, 0x00, 0x00, 0x7C,
  0x00, 0x00, 0x3F, 0x80, 0x00, 0x19, 0xF0, 0x00, 0x0C, 0x3E, 0x00, 0x06,
  0x07, 0x80, 0x03, 0x01, 0xF0, 0x01, 0x80, 0x3E, 0x38, 0xC0, 0x07, 0x9C,
  0x60, 0x00, 0xFE, 0x30, 0x00, 0xF2, 0x18, 0x01, 0xF0, 0x0C, 0x01, 0xE0,
  0x06, 0x03, 0xC0, 0x03, 0x07, 0xC0, 0x01, 0x8F, 0x80, 0x00, 0xCF, 0x00,
  0x00, 0x7F, 0x00, 0x00, 0x3E, 0x00, 0x00, 0x1C, 0x00, 0x00, 0x08, 0x00,
  0x00, 0x80, 0x00, 0x00, 0x70, 0x00, 0x00, 0x3C, 0x00, 0x00, 0x1F, 0x80,
  0x00, 0x0F, 0xF0, 0x00, 0x07, 0x3C, 0x00, 0x03, 0x8F, 0x80, 0x01, 0xC1,
  0xF0, 0x00, 0xE0, 0x3C, 0x00, 0x70, 0x07, 0x80, 0x38, 0x01, 0xF0, 0xDC,
  0x00, 0x3E, 0xFE, 0x00, 0x1E, 0x7F, 0x00, 0x3C, 0x1B, 0x80, 0x7C, 0x01,
  0xC0, 0xF8, 0x00, 0xE0, 0xF0, 0x00, 0x71, 0xE0, 0x00, 0x3B, 0xE0, 0x00,
  0x1F, 0xC0, 0x00, 0x0F, 0x80, 0x00, 0x07, 0x80, 0x00, 0x03, 0x00, 0x00,
  0x00, 0x03, 0x00, 0x00, 0x03, 0xC0, 0x00, 0x01, 0xE0, 0x00, 0x00, 0x60,
  0x00, 0x00, 0x00, 0x00, 0x00, 0x00, 0x00, 0x00, 0x08, 0x00, 0x00, 0x06,
  0x00, 0x00, 0x03, 0xC0, 0x00, 0x01, 0xF0, 0x00, 0x00, 0xFE, 0x00, 0x00,
  0x67, 0xC0, 0x00, 0x30, 0xF8, 0x00, 0x18, 0x1E, 0x00, 0x0C, 0x07, 0xC0,
  0x06, 0x00, 0xF8, 0xE3, 0x00, 0x1E, 0x71, 0x80, 0x03, 0xF8, 0xC0, 0x03,
  0xC8, 0x60, 0x07, 0xC0, 0x30, 0x07, 0x80, 0x18, 0x0F, 0x00, 0x0C, 0x1F,
  0x00, 0x06, 0x3E, 0x00, 0x03, 0x3C, 0x00, 0x01, 0xFC, 0x00, 0x00, 0xF8,
  0x00, 0x00, 0x70, 0x00, 0x00, 0x20, 0x00, 0x00, 0x60, 0x00, 0x00, 0x78,
  0x00, 0x00, 0x38, 0x00, 0x00, 0x0C, 0x00, 0x00, 0x00, 0x00, 0x00, 0x00,
  0x00, 0x00, 0x02, 0x00, 0x00, 0x01, 0xC0, 0x00, 0x00, 0xF0, 0x00, 0x00,
  0x7E, 0x00, 0x00, 0x3F, 0xC0, 0x00, 0x1C, 0xF0, 0x00, 0x0E, 0x3E, 0x00,
  0x07, 0x07, 0xC0, 0x03, 0x80, 0xF0, 0x01, 0xC0, 0x1E, 0x00, 0xE0, 0x07,
  0xC3, 0x70, 0x00, 0xFB, 0xF8, 0x00, 0x79, 0xFC, 0x00, 0xF0, 0x6E, 0x01,
  0xF0, 0x07, 0x03, 0xE0, 0x03, 0x83, 0xC0, 0x01, 0xC7, 0x80, 0x00, 0xEF,
  0x80, 0x00, 0x7F, 0x00, 0x00, 0x3E, 0x00, 0x00, 0x1E, 0x00, 0x00, 0x0C,
  0x00, 0x00, 0x00, 0x04, 0x00, 0x00, 0xE0, 0x00, 0x0E, 0x00, 0x00, 0xE0,
  0x00, 0x80, 0x00, 0x0E, 0x00, 0x60, 0xF0, 0x07, 0x0F, 0xC0, 0x70, 0xFF,
  0x07, 0x0E, 0x78, 0x00, 0xE3, 0xE0, 0x0E, 0x0F, 0x80, 0xE0, 0x3C, 0x0E,
  0x00, 0xF0, 0xE0, 0x07, 0xCE, 0x00, 0x1F, 0xE0, 0x01, 0xEE, 0x00, 0x78,
  0xE0, 0x1F, 0x0E, 0x07, 0xC0, 0xE0, 0xF0, 0x0E, 0x3C, 0x00, 0xEF, 0x80,
  0x0F, 0xE0, 0x00, 0xF8, 0x00, 0x0F, 0x00, 0x00, 0xC0, 0x00, 0x00, 0x00,
  0x00, 0x01, 0x00, 0x00, 0x03, 0x00, 0x00, 0x0F, 0x00, 0x00, 0x1F, 0x00,
  0x00, 0x7F, 0x00, 0x01, 0xF3, 0x00, 0x03, 0xC3, 0x00, 0x0F, 0x03, 0x00,
  0x3E, 0x03, 0x00, 0xF8, 0x03, 0xE1, 0xE0, 0x03, 0xE7, 0x80, 0x03, 0xE3,
  0xC0, 0x03, 0x41, 0xF0, 0x03, 0x00, 0x7C, 0x03, 0x00, 0x1E, 0x03, 0x00,
  0x0F, 0x83, 0x00, 0x03, 0xE3, 0x00, 0x00, 0xFB, 0x00, 0x00, 0x3F, 0x00,
  0x00, 0x1F, 0x00, 0x00, 0x07, 0x00, 0x00, 0x01, 0x00, 0x00, 0x10, 0x00,
  0x00, 0x1C, 0x00, 0x00, 0x0F, 0x00, 0x00, 0x0F, 0xC0, 0x00, 0x0F, 0xF0,
  0x00, 0x07, 0x9C, 0x00, 0x07, 0x87, 0x00, 0x07, 0xC1, 0xC0, 0x07, 0xC0,
  0x70, 0x03, 0xC0, 0x1C, 0x03, 0xC0, 0x07, 0x1B, 0xE0, 0x01, 0xCF, 0x78,
  0x00, 0x73, 0xC7, 0x80, 0x1C, 0x60, 0xF8, 0x07, 0x00, 0x0F, 0x81, 0xC0,
  0x00, 0xF0, 0x70, 0x00, 0x0F, 0x1C, 0x00, 0x01, 0xF7, 0x00, 0x00, 0x1F,
  0xC0, 0x00, 0x01, 0xF0, 0x00, 0x00, 0x3C, 0x00, 0x00, 0x03, 0x00, 0x00,
  0x00, 0x03, 0x00, 0x00, 0x03, 0xC0, 0x00, 0x01, 0xE0, 0x00, 0x00, 0x60,
  0x00, 0x00, 0x00, 0x00, 0x00, 0x00, 0x00, 0x00, 0x02, 0x00, 0x00, 0x06,
  0x00, 0x00, 0x0F, 0x00, 0x00, 0x0F, 0x80, 0x00, 0x1F, 0xC0, 0x00, 0x3E,
  0x60, 0x00, 0x3C, 0x30, 0x00, 0x78, 0x18, 0x00, 0xF8, 0x0C, 0x01, 0xF0,
  0x06, 0xE1, 0xE0, 0x03, 0x73, 0xC0, 0x01, 0xB8, 0xF0, 0x00, 0xC8, 0x3E,
  0x00, 0x60, 0x07, 0xC0, 0x30, 0x00, 0xF0, 0x18, 0x00, 0x3E, 0x0C, 0x00,
  0x07, 0xC6, 0x00, 0x00, 0xFB, 0x00, 0x00, 0x1F, 0x80, 0x00, 0x07, 0xC0,
  0x00, 0x00, 0xE0, 0x00, 0x00, 0x10, 0x00, 0x00, 0x60, 0x00, 0x00, 0x3C,
  0x00, 0x00, 0x0F, 0x00, 0x00, 0x01, 0x80, 0x00, 0x00, 0x00, 0x00, 0x00,
  0x00, 0x00, 0x00, 0x01, 0x00, 0x00, 0x01, 0xC0, 0x00, 0x00, 0xF0, 0x00,
  0x00, 0xFC, 0x00, 0x00, 0xFF, 0x00, 0x00, 0x79, 0xC0, 0x00, 0x78, 0x70,
  0x00, 0x7C, 0x1C, 0x00, 0x7C, 0x07, 0x00, 0x3C, 0x01, 0xC0, 0x3C, 0x00,
  0x71, 0xBE, 0x00, 0x1C, 0xF7, 0x80, 0x07, 0x3C, 0x78, 0x01, 0xC6, 0x0F,
  0x80, 0x70, 0x00, 0xF8, 0x1C, 0x00, 0x0F, 0x07, 0x00, 0x00, 0xF1, 0xC0,
  0x00, 0x1F, 0x70, 0x00, 0x01, 0xFC, 0x00, 0x00, 0x1F, 0x00, 0x00, 0x03,
  0xC0, 0x00, 0x00, 0x30, 0x00, 0x00, 0x02, 0x00, 0x00, 0x70, 0x00, 0x07,
  0x80, 0x00, 0x70, 0x00, 0x00, 0x10, 0x60, 0x07, 0x0E, 0x00, 0xF0, 0xE0,
  0x3F, 0x0E, 0x0F, 0xF0, 0x01, 0xE7, 0x00, 0x78, 0x70, 0x1F, 0x07, 0x07,
  0xC0, 0x70, 0xF0, 0x07, 0x3C, 0x00, 0x7F, 0x80, 0x07, 0x78, 0x00, 0x71,
  0xE0, 0x07, 0x0F, 0x80, 0x70, 0x3E, 0x07, 0x00, 0xF0, 0x70, 0x03, 0xC7,
  0x00, 0x1F, 0x70, 0x00, 0x7F, 0x00, 0x01, 0xF0, 0x00, 0x0F, 0x00, 0x00,
  0x30, 0xE1, 0x83, 0xE1, 0x83, 0xE1, 0x83, 0xE1, 0x83, 0xE1, 0x83, 0xE1,
  0x83, 0xE1, 0xC3, 0xE1, 0xC3, 0x63, 0xC7, 0x7F, 0xFE, 0x3E, 0x7E, 0x08,
  0x10, 0x00, 0x38, 0x00, 0xF8, 0x03, 0x18, 0x06, 0x30, 0x0C, 0x60, 0x0F,
  0xDF, 0x0F, 0x37, 0x00, 0xC6, 0x01, 0x8C, 0x03, 0x18, 0x03, 0xE0, 0x01,
  0x80, 0x00, 0x02, 0x00, 0x38, 0x01, 0xC0, 0x1F, 0x00, 0xDC, 0x0E, 0xE0,
  0x63, 0x87, 0x0C, 0x30, 0x73, 0x81, 0xBF, 0xFF, 0xFF, 0xF0, 0x07, 0x0E,
  0x0E, 0x0C, 0x1C, 0x18, 0x38, 0x30, 0x70, 0x60, 0xE0, 0xE0, 0x60, 0x70,
  0x30, 0x38, 0x18, 0x1C, 0x1C, 0x0E, 0x0E, 0x07, 0xE0, 0xF8, 0x3E, 0x0F,
  0x83, 0xE0, 0xF8, 0x3E, 0x0D, 0xC7, 0x7F, 0x87, 0xC0, 0x0E, 0x0F, 0xE7,
  0xFD, 0x87, 0xE0, 0xF8, 0x3E, 0x0F, 0x83, 0xE0, 0xF8, 0x3E, 0x0C, 0xFE,
  0x7F, 0x80, 0xE0, 0x70, 0x18, 0x0C, 0x06, 0x07, 0x07, 0x7F, 0xBF, 0x00,
  0x06, 0x07, 0xF1, 0xFF, 0x30, 0x6E, 0x0F, 0xC0, 0xF8, 0x3F, 0x07, 0x71,
  0xC7, 0xF0, 0x7C, 0x00, 0x07, 0x38, 0x73, 0x83, 0x98, 0x39, 0xC1, 0xCC,
  0x1C, 0xE0, 0xE6, 0x06, 0x70, 0x73, 0x83, 0x38, 0x39, 0xC0, 0xE7, 0xCF,
  0x9F, 0x3E, 0x7C, 0xF9, 0xF3, 0xE7, 0xCF, 0x98, 0xFF, 0xA0, 0xFF, 0xFF,
  0xFF, 0x06, 0x00, 0x60, 0x06, 0x00, 0x60, 0xFF, 0xFF, 0xFF, 0x06, 0x00,
  0x60, 0x06, 0x00, 0x60, 0x06, 0x00, 0xFF, 0xFF, 0xFC, 0x18, 0x03, 0x00,
  0x60, 0x0C, 0x01, 0x80, 0x30, 0x06, 0x00, 0xC0, 0x18, 0x00, 0xFF, 0xFF,
  0xFB, 0x83, 0xFF, 0xFF, 0xC6, 0x06, 0x00, 0x07, 0x1C, 0x1C, 0x00, 0x38,
  0x30, 0x30, 0x00, 0xE0, 0xE0, 0xE0, 0x03, 0x01, 0x81, 0x80, 0x1C, 0x07,
  0x07, 0x00, 0x60, 0x1C, 0x1C, 0x03, 0x80, 0x38, 0x38, 0x0C, 0x00, 0xE0,
  0xE0, 0x70, 0x01, 0xC1, 0x81, 0x80, 0x00, 0x07, 0x0E, 0x00, 0x00, 0x0C,
  0x38, 0x00, 0x00, 0x38, 0xC0, 0x00, 0x00, 0x67, 0x00, 0x00, 0x01, 0xD8,
  0x00, 0x00, 0x03, 0xE0, 0x00, 0x00, 0x0F, 0x00, 0x00, 0x00, 0x1C, 0x00,
  0x00, 0x00, 0x60, 0x00, 0x00, 0x01, 0x80, 0x00, 0x00, 0x00, 0x20, 0x00,
  0x01, 0x8E, 0x00, 0x07, 0x18, 0x00, 0x3C, 0x70, 0x00, 0xF0, 0xC0, 0x07,
  0xE3, 0x80, 0x19, 0x86, 0x00, 0xE7, 0x1C, 0x03, 0x8C, 0x70, 0x0C, 0x38,
  0xE0, 0x70, 0x63, 0x81, 0x81, 0xC7, 0x0E, 0x03, 0x00, 0x30, 0x0E, 0x01,
  0xC0, 0x38, 0x06, 0x00, 0x70, 0x38, 0x01, 0xC0, 0xE0, 0x03, 0x07, 0x00,
  0x0E, 0x1C, 0x00, 0x18, 0x60, 0x00, 0x73, 0xFF, 0xFF, 0xCF, 0xFF, 0xFF,
  0x80, 0x80, 0x00, 0x00, 0x70, 0x00, 0x38, 0x3C, 0x00, 0x0C, 0x1F, 0x80,
  0x07, 0x0F, 0xF0, 0x01, 0x87, 0x3C, 0x00, 0xE3, 0x8F, 0x80, 0x31, 0xC1,
  0xF0, 0x1C, 0xE0, 0x3C, 0x0E, 0x70, 0x07, 0x83, 0xB8, 0x01, 0xF1, 0xDC,
  0x00, 0x3E, 0x7E, 0x00, 0x1E, 0x07, 0x00, 0x3C, 0x03, 0x80, 0x7C, 0x01,
  0xC0, 0xF8, 0x00, 0xE0, 0xF0, 0x00, 0x71, 0xE0, 0x00, 0x3B, 0xE0, 0x00,
  0x1F, 0xC0, 0x00, 0x0F, 0x80, 0x00, 0x07, 0x80, 0x00, 0x03, 0x00, 0x00,
  0x00, 0x00, 0x00, 0x10, 0x00, 0x00, 0x03, 0xB8, 0x00, 0x00, 0x3C, 0xC0,
  0x00, 0x07, 0xE7, 0x00, 0x00, 0xFF, 0x18, 0x00, 0x0F, 0x38, 0xE0, 0x01,
  0xE1, 0xC3, 0x00, 0x3E, 0x0E, 0x1C, 0x07, 0xC0, 0x70, 0xE0, 0x78, 0x03,
  0x83, 0x8F, 0x00, 0x1C, 0x1D, 0xF0, 0x00, 0xE0, 0x77, 0x80, 0x07, 0x00,
  0x0F, 0x00, 0x38, 0x00, 0x3E, 0x01, 0xC0, 0x00, 0x7C, 0x0E, 0x00, 0x00,
  0xF0, 0x70, 0x00, 0x01, 0xE3, 0x80, 0x00, 0x07, 0xDC, 0x00, 0x00, 0x0F,
  0xE0, 0x00, 0x00, 0x1F, 0x00, 0x00, 0x00, 0x78, 0x00, 0x00, 0x00, 0xC0,
  0x00, 0xE0, 0x00, 0x3F, 0x00, 0x03, 0x98, 0x00, 0x1C, 0xE0, 0x01, 0xC3,
  0x00, 0x0E, 0x1C, 0x00, 0x60, 0x60, 0x07, 0x03, 0x80, 0x30, 0x1C, 0x03,
  0x80, 0x70, 0x18, 0x03, 0x81, 0xC0, 0x0C, 0x0C, 0x00, 0x70, 0xE0, 0x01,
  0x87, 0x00, 0x0E, 0x30, 0x00, 0x33, 0x80, 0x01, 0xD8, 0x00, 0x07, 0xC0,
  0x00, 0x3C, 0x00, 0x00, 0xE0, 0x00, 0x06, 0x00, 0x00, 0x30, 0x00, 0x00,
  0xF0, 0x00, 0x04, 0xC0, 0x00, 0x62, 0x00, 0x03, 0x10, 0x00, 0x0F, 0x80,
  0x00, 0x30, 0x00, 0x00, 0x00, 0x00, 0x00, 0x00, 0x00, 0x20, 0x00, 0x03,
  0x00, 0x00, 0x1C, 0x00, 0x01, 0xE0, 0x00, 0x0F, 0x00, 0x00, 0xFC, 0x00,
  0x06, 0x60, 0x00, 0x73, 0x80, 0x03, 0x8C, 0x00, 0x18, 0x70, 0x01, 0xC1,
  0x80, 0x0C, 0x0E, 0x00, 0xE0, 0x30, 0x06, 0x01, 0xC0, 0x70, 0x0E, 0x03,
  0x00, 0x38, 0x38, 0x01, 0xC1, 0xC0, 0x06, 0x1C, 0x00, 0x38, 0xE0, 0x00,
  0xC6, 0x00, 0x07, 0x70, 0x00, 0x1B, 0x00, 0x00, 0xE0, 0x00, 0x20, 0x00,
  0x03, 0x00, 0x00, 0x1C, 0x00, 0x01, 0xE0, 0x00, 0x0F, 0x00, 0x00, 0xFC,
  0x00, 0x06, 0x60, 0x00, 0x73, 0x80, 0x03, 0x8C, 0x00, 0x18, 0x70, 0x01,
  0xC1, 0x80, 0x0C, 0x0E, 0x00, 0xE0, 0x30, 0x06, 0x01, 0xC0, 0x70, 0x0E,
  0x03, 0x00, 0x38, 0x38, 0x01, 0xC1, 0xC0, 0x06, 0x1C, 0x00, 0x38, 0xE0,
  0x00, 0xC6, 0x00, 0x07, 0x70, 0x00, 0x1B, 0x00, 0x00, 0xE0, 0x00, 0x30,
  0x00, 0x03, 0xC0, 0x00, 0x1E, 0x00, 0x00, 0x60, 0x00, 0x00, 0x00, 0x00,
  0x00, 0x00, 0x00, 0x80, 0x00, 0x0C, 0x00, 0x00, 0x70, 0x00, 0x07, 0x80,
  0x00, 0x3C, 0x00, 0x03, 0xF0, 0x00, 0x19, 0x80, 0x01, 0xCE, 0x00, 0x0E,
  0x30, 0x00, 0x61, 0xC0, 0x07, 0x06, 0x00, 0x30, 0x38, 0x03, 0x80, 0xC0,
  0x18, 0x07, 0x01, 0xC0, 0x38, 0x0C, 0x00, 0xE0, 0xE0, 0x07, 0x07, 0x00,
  0x18, 0x70, 0x00, 0xE3, 0x80, 0x03, 0x18, 0x00, 0x1D, 0xC0, 0x00, 0x6C,
  0x00, 0x03, 0x80, 0x80, 0x00, 0x18, 0x00, 0x03, 0xC0, 0x00, 0x3C, 0x00,
  0x03, 0xE0, 0x00, 0x1F, 0x00, 0x00, 0xF0, 0x00, 0x07, 0x80, 0x00, 0x7C,
  0x00, 0x03, 0xE0, 0x00, 0x1E, 0x00, 0x00, 0xF0, 0x00, 0x3C, 0x00, 0x1F,
  0x00, 0x0F, 0x80, 0x03, 0xC0, 0x01, 0xE0, 0x00, 0xF8, 0x00, 0x7C, 0x00,
  0x1E, 0x00, 0x0F, 0x80, 0x01, 0xC0, 0x00, 0x20, 0x00, 0x00, 0x60, 0x00,
  0x0F, 0x00, 0x00, 0xF0, 0x00, 0x06, 0x00, 0x00, 0x00, 0x00, 0x00, 0x00,
  0x00, 0x80, 0x00, 0x06, 0x00, 0x00, 0x78, 0x00, 0x03, 0xC0, 0x00, 0x1F,
  0x00, 0x00, 0x7C, 0x00, 0x01, 0xE0, 0x00, 0x07, 0x80, 0x00, 0x3E, 0x00,
  0x00, 0xF8, 0x00, 0x03, 0xC0, 0x00, 0x0F, 0x00, 0x01, 0xE0, 0x00, 0x7C,
  0x00, 0x1F, 0x00, 0x03, 0xC0, 0x00, 0xF0, 0x00, 0x3E, 0x00, 0x0F, 0x80,
  0x01, 0xE0, 0x00, 0x7C, 0x00, 0x07, 0x00, 0x00, 0x40, 0x00, 0x00, 0x0C,
  0x18, 0x03, 0xC7, 0x80, 0x78, 0xF0, 0x06, 0x0C, 0x00, 0x00, 0x00, 0x00,
  0x00, 0x20, 0x00, 0x06, 0x00, 0x00, 0xF0, 0x00, 0x0F, 0x00, 0x00, 0xF8,
  0x00, 0x07, 0xC0, 0x00, 0x3C, 0x00, 0x01, 0xE0, 0x00, 0x1F, 0x00, 0x00,
  0xF8, 0x00, 0x07, 0x80, 0x00, 0x3C, 0x00, 0x0F, 0x00, 0x07, 0xC0, 0x03,
  0xE0, 0x00, 0xF0, 0x00, 0x78, 0x00, 0x3E, 0x00, 0x1F, 0x00, 0x07, 0x80,
  0x03, 0xE0, 0x00, 0x70, 0x00, 0x08, 0x00, 0x00, 0x80, 0x00, 0x18, 0x00,
  0x03, 0xC0, 0x00, 0x3C, 0x00, 0x03, 0xE0, 0x00, 0x1F, 0x00, 0x00, 0xF0,
  0x00, 0x07, 0x80, 0x0C, 0x7C, 0x01, 0x83, 0xE0, 0x30, 0x1E, 0x06, 0x00,
  0xF0, 0xC0, 0x3C, 0x18, 0x1F, 0x03, 0x0F, 0x80, 0x03, 0xC0, 0x01, 0xE0,
  0x00, 0xF8, 0x00, 0x7C, 0x00, 0x1E, 0x00, 0x0F, 0x80, 0x01, 0xC0, 0x00,
  0x20, 0x00, 0x00, 0x80, 0x00, 0x18, 0x00, 0x03, 0xC0, 0x00, 0x3C, 0x00,
  0x03, 0xE0, 0x00, 0x1F, 0x00, 0x00, 0xF0, 0x00, 0x07, 0x80, 0x00, 0x7C,
  0x00, 0x03, 0xE0, 0xE0, 0x1E, 0x1E, 0x00, 0xF3, 0xC0, 0x3C, 0x30, 0x1F,
  0x00, 0x0F, 0x80, 0x03, 0xC0, 0x01, 0xE0, 0x00, 0xF8, 0x00, 0x7C, 0x00,
  0x1E, 0x00, 0x0F, 0x80, 0x01, 0xC0, 0x00, 0x20, 0x00, 0x00, 0x00, 0x00,
  0x10, 0x00, 0x07, 0x00, 0x00, 0xF0, 0x00, 0x3E, 0x00, 0x0F, 0x80, 0x01,
  0xE0, 0x00, 0x7C, 0x00, 0x1F, 0x00, 0x07, 0xC0, 0x00, 0xF0, 0x00, 0x3C,
  0x00, 0x0F, 0x80, 0x00, 0x78, 0x00, 0x01, 0xE0, 0x00, 0x0F, 0x80, 0x00,
  0x3E, 0x00, 0x00, 0xF0, 0x00, 0x03, 0xC0, 0x00, 0x1F, 0x00, 0x00, 0x7C,
  0x00, 0x01, 0xE0, 0x00, 0x0F, 0x00, 0x00, 0x30, 0x00, 0x00, 0x60, 0x00,
  0x0F, 0x00, 0x00, 0xF0, 0x00, 0x06, 0x00, 0x00, 0x00, 0x00, 0x00, 0x00,
  0x00, 0x10, 0x00, 0x07, 0x00, 0x00, 0xF0, 0x00, 0x3E, 0x00, 0x0F, 0x80,
  0x01, 0xE0, 0x00, 0x7C, 0x00, 0x1F, 0x00, 0x07, 0xC0, 0x00, 0xF0, 0x00,
  0x3C, 0x00, 0x0F, 0x80, 0x00, 0x78, 0x00, 0x01, 0xE0, 0x00, 0x0F, 0x80,
  0x00, 0x3E, 0x00, 0x00, 0xF0, 0x00, 0x03, 0xC0, 0x00, 0x1F, 0x00, 0x00,
  0x7C, 0x00, 0x01, 0xE0, 0x00, 0x0F, 0x00, 0x00, 0x30, 0x38, 0x00, 0x0E,
  0x70, 0x00, 0x18, 0x70, 0x00, 0x70, 0xE0, 0x00, 0xC0, 0xE0, 0x03, 0x81,
  0xC0, 0x06, 0x01, 0x80, 0x1C, 0x03, 0x80, 0x38, 0x03, 0x00, 0xE0, 0xC7,
  0x01, 0xC3, 0xC6, 0x03, 0x07, 0x8E, 0x0E, 0x06, 0x0C, 0x18, 0x00, 0x1C,
  0x70, 0x00, 0x38, 0xC0, 0x00, 0x33, 0x80, 0x00, 0x76, 0x00, 0x00, 0x7C,
  0x00, 0x00, 0xF0, 0x00, 0x00, 0xE0, 0x00, 0x01, 0xC0, 0x00, 0x01, 0x00,
  0x00, 0xE0, 0x00, 0x3B, 0x80, 0x01, 0xC6, 0x00, 0x07, 0x1C, 0x00, 0x38,
  0x30, 0x00, 0xE0, 0xE0, 0x03, 0x01, 0x80, 0x1C, 0x07, 0x00, 0x60, 0x1C,
  0x03, 0x80, 0x38, 0x0C, 0x70, 0xE0, 0x71, 0xC1, 0x81, 0x87, 0x07, 0x0E,
  0x08, 0x0C, 0x38, 0x00, 0x38, 0xC0, 0x00, 0x67, 0x00, 0x01, 0xD8, 0x00,
  0x03, 0xE0, 0x00, 0x0F, 0x00, 0x00, 0x1C, 0x00, 0x00, 0x60, 0x00, 0x01,
  0x80, 0x00, 0x00, 0x08, 0x00, 0x00, 0x30, 0x00, 0x00, 0x70, 0x00, 0x00,
  0xE0, 0x00, 0x03, 0xE0, 0x00, 0x06, 0xC0, 0x00, 0x1D, 0xC0, 0x00, 0x33,
  0x80, 0x00, 0xE3, 0x00, 0x01, 0x87, 0x01, 0x87, 0x06, 0x07, 0x8C, 0x0E,
  0x0F, 0x38, 0x0C, 0x0C, 0x70, 0x1C, 0x01, 0xC0, 0x18, 0x03, 0x80, 0x38,
  0x06, 0x00, 0x30, 0x1C, 0x00, 0x70, 0x30, 0x00, 0xE0, 0xE0, 0x00, 0xE1,
  0x80, 0x01, 0xC7, 0x00, 0x01, 0x8E, 0x00, 0x03, 0x80, 0x00, 0x20, 0x00,
  0x01, 0x80, 0x00, 0x07, 0x00, 0x00, 0x3C, 0x00, 0x00, 0xF0, 0x00, 0x07,
  0xE0, 0x00, 0x19, 0x80, 0x00, 0xE7, 0x00, 0x03, 0x8C, 0x00, 0x0C, 0x38,
  0x00, 0x70, 0x61, 0xC1, 0x81, 0xC7, 0x0E, 0x03, 0x1C, 0x30, 0x0E, 0x21,
  0xC0, 0x38, 0x06, 0x00, 0x70, 0x38, 0x01, 0xC0, 0xE0, 0x03, 0x07, 0x00,
  0x0E, 0x1C, 0x00, 0x18, 0x60, 0x00, 0x73, 0x80, 0x00, 0xCC, 0x00, 0x03,
  0x80, 0x00, 0x1C, 0x00, 0x00, 0x38, 0x00, 0x00, 0x70, 0x00, 0x00, 0xC0,
  0x00, 0x00, 0x00, 0x00, 0x00, 0x00, 0x00, 0x02, 0x00, 0x00, 0x0C, 0x00,
  0x00, 0x1C, 0x00, 0x00, 0x38, 0x00, 0x00, 0xF8, 0x00, 0x01, 0xB0, 0x00,
  0x07, 0x70, 0x00, 0x0C, 0xE0, 0x00, 0x38, 0xC0, 0x00, 0x61, 0xC0, 0x61,
  0xC1, 0x81, 0xE3, 0x03, 0x83, 0xCE, 0x03, 0x03, 0x1C, 0x07, 0x00, 0x70,
  0x06, 0x00, 0xE0, 0x0E, 0x01, 0x80, 0x0C, 0x07, 0x00, 0x1C, 0x0C, 0x00,
  0x38, 0x38, 0x00, 0x38, 0x60, 0x00, 0x71, 0xC0, 0x00, 0x63, 0x80, 0x00,
  0xE0, 0x00, 0x60, 0x00, 0x03, 0xC0, 0x00, 0x0F, 0x00, 0x00, 0x18, 0x00,
  0x00, 0x00, 0x00, 0x00, 0x00, 0x00, 0x02, 0x00, 0x00, 0x18, 0x00, 0x00,
  0x70, 0x00, 0x03, 0xC0, 0x00, 0x0F, 0x00, 0x00, 0x7E, 0x00, 0x01, 0x98,
  0x00, 0x0E, 0x70, 0x00, 0x38, 0xC0, 0x00, 0xC3, 0x80, 0x07, 0x06, 0x1C,
  0x18, 0x1C, 0x70, 0xE0, 0x31, 0xC3, 0x00, 0xE2, 0x1C, 0x03, 0x80, 0x60,
  0x07, 0x03, 0x80, 0x1C, 0x0E, 0x00, 0x30, 0x70, 0x00, 0xE1, 0xC0, 0x01,
  0x86, 0x00, 0x07, 0x38, 0x00, 0x0C, 0xC0, 0x00, 0x38, 0x10, 0x00, 0x00,
  0x18, 0x00, 0x00, 0x3C, 0x00, 0x00, 0x3C, 0x00, 0x00, 0x3E, 0x00, 0x00,
  0x1F, 0x00, 0x00, 0x0F, 0x80, 0x00, 0x07, 0x80, 0x00, 0x07, 0xC0, 0x00,
  0x03, 0xE1, 0x80, 0x01, 0xE7, 0x80, 0x00, 0xFF, 0x00, 0x03, 0xCC, 0x00,
  0x1F, 0x00, 0x00, 0xF8, 0x00, 0x03, 0xC0, 0x00, 0x1F, 0x00, 0x00, 0xF8,
  0x00, 0x07, 0xC0, 0x00, 0x1E, 0x00, 0x00, 0xF8, 0x00, 0x01, 0xC0, 0x00,
  0x02, 0x00, 0x00, 0x00, 0x80, 0x00, 0x00, 0xC0, 0x00, 0x00, 0xF0, 0x00,
  0x00, 0x78, 0x00, 0x00, 0x3E, 0x00, 0x00, 0x0F, 0x80, 0x00, 0x03, 0xC0,
  0x00, 0x00, 0xF0, 0x00, 0x00, 0x7C, 0x00, 0x00, 0x1F, 0x00, 0x00, 0x07,
  0x87, 0x00, 0x01, 0xE7, 0x00, 0x03, 0xC7, 0x00, 0x0F, 0x82, 0x00, 0x3E,
  0x00, 0x00, 0x78, 0x00, 0x01, 0xE0, 0x00, 0x07, 0xC0, 0x00, 0x1F, 0x00,
  0x00, 0x3C, 0x00, 0x00, 0xF8, 0x00, 0x00, 0xE0, 0x00, 0x00, 0x80, 0x00,
  0x00, 0x0C, 0x00, 0x00, 0x3C, 0x00, 0x00, 0x78, 0x00, 0x00, 0x60, 0x00,
  0x00, 0x00, 0x00, 0x00, 0x00, 0x00, 0x04, 0x00, 0x00, 0x06, 0x00, 0x00,
  0x0F, 0x00, 0x00, 0x0F, 0x00, 0x00, 0x0F, 0x80, 0x00, 0x07, 0xC0, 0x00,
  0x03, 0xE0, 0x00, 0x01, 0xE0, 0x00, 0x01, 0xF0, 0x00, 0x00, 0xF8, 0x60,
  0x00, 0x79, 0xE0, 0x00, 0x3F, 0xC0, 0x00, 0xF3, 0x00, 0x07, 0xC0, 0x00,
  0x3E, 0x00, 0x00, 0xF0, 0x00, 0x07, 0xC0, 0x00, 0x3E, 0x00, 0x01, 0xF0,
  0x00, 0x07, 0x80, 0x00, 0x3E, 0x00, 0x00, 0x70, 0x00, 0x00, 0x80, 0x00,
  0x00, 0x60, 0x00, 0x00, 0x78, 0x00, 0x00, 0x3C, 0x00, 0x00, 0x0C, 0x00,
  0x00, 0x00, 0x00, 0x00, 0x00, 0x00, 0x00, 0x02, 0x00, 0x00, 0x00, 0xC0,
  0x00, 0x00, 0x78, 0x00, 0x00, 0x1E, 0x00, 0x00, 0x07, 0xC0, 0x00, 0x00,
  0xF8, 0x00, 0x00, 0x1E, 0x00, 0x00, 0x03, 0xC0, 0x00, 0x00, 0xF8, 0x00,
  0x00, 0x1F, 0x00, 0x00, 0x03, 0xC3, 0x80, 0x00, 0x79, 0xC0, 0x00, 0x78,
  0xE0, 0x00, 0xF8, 0x20, 0x01, 0xF0, 0x00, 0x01, 0xE0, 0x00, 0x03, 0xC0,
  0x00, 0x07, 0xC0, 0x00, 0x0F, 0x80, 0x00, 0x0F, 0x00, 0x00, 0x1F, 0x00,
  0x00, 0x0E, 0x00, 0x00, 0x04, 0x00, 0x00, 0x00, 0x00, 0x00, 0x00, 0x80,
  0x00, 0x01, 0xC0, 0x00, 0x01, 0xE0, 0x00, 0x03, 0xE0, 0x00, 0x07, 0xC0,
  0x00, 0x07, 0x80, 0x00, 0x0F, 0x00, 0x00, 0x1F, 0x00, 0x00, 0x3E, 0x00,
  0x00, 0x3C, 0x00, 0x38, 0x78, 0x00, 0x1E, 0xF8, 0x00, 0x0F, 0x3C, 0x00,
  0x03, 0x07, 0x80, 0x00, 0x01, 0xF0, 0x00, 0x00, 0x3E, 0x00, 0x00, 0x07,
  0x80, 0x00, 0x00, 0xF0, 0x00, 0x00, 0x3E, 0x00, 0x00, 0x07, 0xC0, 0x00,
  0x00, 0xF0, 0x00, 0x00, 0x3C, 0x00, 0x00, 0x06, 0x00, 0x00, 0x10, 0x00,
  0x00, 0xE0, 0x00, 0x03, 0xC0, 0x00, 0x1F, 0x00, 0x00, 0xF8, 0x00, 0x03,
  0xC0, 0x00, 0x1F, 0x00, 0x00, 0xF8, 0x00, 0x07, 0xC0, 0x00, 0x1E, 0x00,
  0x00, 0xF0, 0x00, 0x3F, 0xC0, 0x00, 0xF7, 0x80, 0x00, 0xE3, 0xC0, 0x00,
  0x83, 0xE0, 0x00, 0x01, 0xF0, 0x00, 0x00, 0xF0, 0x00, 0x00, 0x78, 0x00,
  0x00, 0x7C, 0x00, 0x00, 0x3E, 0x00, 0x00, 0x1E, 0x00, 0x00, 0x1E, 0x00,
  0x00, 0x0C, 0x00, 0x00, 0x00, 0x03, 0x00, 0x00, 0x03, 0xC0, 0x00, 0x01,
  0xE0, 0x00, 0x00, 0x60, 0x00, 0x00, 0x00, 0x00, 0x00, 0x00, 0x00, 0x00,
  0x02, 0x00, 0x00, 0x07, 0x00, 0x00, 0x07, 0x80, 0x00, 0x0F, 0x80, 0x00,
  0x1F, 0x00, 0x00, 0x1E, 0x00, 0x00, 0x3C, 0x00, 0x00, 0x7C, 0x00, 0x00,
  0xF8, 0x00, 0x00, 0xF0, 0x00, 0xE1, 0xE0, 0x00, 0x7B, 0xE0, 0x00, 0x3C,
  0xF0, 0x00, 0x0C, 0x1E, 0x00, 0x00, 0x07, 0xC0, 0x00, 0x00, 0xF8, 0x00,
  0x00, 0x1E, 0x00, 0x00, 0x03, 0xC0, 0x00, 0x00, 0xF8, 0x00, 0x00, 0x1F,
  0x00, 0x00, 0x03, 0xC0, 0x00, 0x00, 0xF0, 0x00, 0x00, 0x18, 0x00, 0x00,
  0x60, 0x00, 0x01, 0xE0, 0x00, 0x03, 0xC0, 0x00, 0x03, 0x00, 0x00, 0x00,
  0x00, 0x00, 0x00, 0x00, 0x00, 0x04, 0x00, 0x00, 0x38, 0x00, 0x00, 0xF0,
  0x00, 0x07, 0xC0, 0x00, 0x3E, 0x00, 0x00, 0xF0, 0x00, 0x07, 0xC0, 0x00,
  0x3E, 0x00, 0x01, 0xF0, 0x00, 0x07, 0x80, 0x00, 0x3C, 0x00, 0x0F, 0xF0,
  0x00, 0x3D, 0xE0, 0x00, 0x38, 0xF0, 0x00, 0x20, 0xF8, 0x00, 0x00, 0x7C,
  0x00, 0x00, 0x3C, 0x00, 0x00, 0x1E, 0x00, 0x00, 0x1F, 0x00, 0x00, 0x0F,
  0x80, 0x00, 0x07, 0x80, 0x00, 0x07, 0x80, 0x00, 0x03, 0x00, 0x00, 0x02,
  0x00, 0x00, 0x70, 0x00, 0x07, 0x80, 0x00, 0x70, 0x00, 0x00, 0x10, 0x60,
  0x07, 0x0E, 0x00, 0xF0, 0xE0, 0x3E, 0x0E, 0x0F, 0x80, 0x01, 0xE0, 0x00,
  0x7C, 0x00, 0x1F, 0x00, 0x07, 0xC0, 0x00, 0xF0, 0x00, 0x3C, 0x00, 0x0F,
  0x80, 0x00, 0x78, 0x00, 0x01, 0xE0, 0x00, 0x0F, 0x80, 0x00, 0x3E, 0x00,
  0x00, 0xF0, 0x00, 0x03, 0xC0, 0x00, 0x1F, 0x00, 0x00, 0x7C, 0x00, 0x01,
  0xE0, 0x00, 0x0F, 0x00, 0x00, 0x30, 0x00, 0x80, 0xC0, 0xE1, 0xE1, 0xE3,
  0xC3, 0xC0, 0xF0, 0x1E, 0x07, 0xC0, 0xE0, 0x10, 0x08, 0xFF, 0xFF, 0xFC,
  0xE0, 0x70, 0x38, 0x1D, 0xCF, 0xF7, 0xBF, 0x8F, 0xC7, 0xE3, 0xF1, 0xF8,
  0xFC, 0x70, 0xE0, 0x00, 0x7E, 0x00, 0x07, 0xE0, 0x00, 0x7E, 0x00, 0x07,
  0xE0, 0x00, 0x7E, 0x00, 0x07, 0xE0, 0x00, 0x7E, 0x00, 0x07, 0xE0, 0x00,
  0x7E, 0x00, 0x07, 0xE0, 0x00, 0x7E, 0x00, 0x07, 0xE0, 0x00, 0x7E, 0x00,
  0x07, 0xE0, 0x00, 0x66, 0x00, 0x06, 0x60, 0x00, 0xE7, 0x00, 0x0E, 0x38,
  0x01, 0xC3, 0xC0, 0x3C, 0x1F, 0xFF, 0x80, 0x7F, 0xE0, 0x00, 0xF0, 0x00,
  0x19, 0x80, 0x01, 0x18, 0x00, 0x19, 0x80, 0x00, 0xF0, 0x00, 0x06, 0x00,
  0x00, 0x00, 0x00, 0x00, 0x00, 0x01, 0xF8, 0x00, 0xFF, 0xF0, 0x1F, 0xBF,
  0x83, 0xC0, 0x3C, 0x30, 0x00, 0xC7, 0x00, 0x0E, 0x60, 0x00, 0x66, 0x00,
  0x06, 0xE0, 0x00, 0x7E, 0x00, 0x07, 0xE0, 0x00, 0x7E, 0x00, 0x07, 0xE0,
  0x00, 0x7E, 0x00, 0x07, 0xE0, 0x00, 0x7E, 0x00, 0x07, 0xE0, 0x00, 0x7E,
  0x00, 0x07, 0xE0, 0x00, 0x7E, 0x00, 0x07, 0xE0, 0x00, 0x7E, 0x00, 0x07,
  0xE0, 0x00, 0x70, 0x01, 0xF8, 0x00, 0xFF, 0xF0, 0x1F, 0xBF, 0x83, 0xC0,
  0x3C, 0x30, 0x00, 0xC7, 0x00, 0x0E, 0x60, 0x00, 0x66, 0x00, 0x06, 0xE0,
  0x00, 0x7E, 0x00, 0x07, 0xE0, 0x00, 0x7E, 0x00, 0x07, 0xE0, 0x00, 0x7E,
  0x00, 0x07, 0xE0, 0x00, 0x7E, 0x00, 0x07, 0xE0, 0x00, 0x7E, 0x00, 0x07,
  0xE0, 0x00, 0x7E, 0x00, 0x07, 0xE0, 0x00, 0x7E, 0x00, 0x07, 0xE0, 0x00,
  0x70, 0x00, 0x60, 0x00, 0x0F, 0x00, 0x00, 0xF0, 0x00, 0x06, 0x00, 0x00,
  0x00, 0x00, 0x00, 0x00, 0x01, 0xF8, 0x00, 0xFF, 0xF0, 0x1F, 0xBF, 0x83,
  0xC0, 0x3C, 0x30, 0x00, 0xC7, 0x00, 0x0E, 0x60, 0x00, 0x66, 0x00, 0x06,
  0xE0, 0x00, 0x7E, 0x00, 0x07, 0xE0, 0x00, 0x7E, 0x00, 0x07, 0xE0, 0x00,
  0x7E, 0x00, 0x07, 0xE0, 0x00, 0x7E, 0x00, 0x07, 0xE0, 0x00, 0x7E, 0x00,
  0x07, 0xE0, 0x00, 0x7E, 0x00, 0x07, 0xE0, 0x00, 0x7E, 0x00, 0x07, 0xE0,
  0x00, 0x70, 0xFF, 0xE0, 0x7F, 0xFC, 0x00, 0x0F, 0x00, 0x01, 0xC0, 0x00,
  0x70, 0x00, 0x18, 0x00, 0x0E, 0x00, 0x07, 0x00, 0x01, 0x80, 0x00, 0xC0,
  0x00, 0x60, 0x00, 0x30, 0x00, 0x18, 0x00, 0x1C, 0x00, 0x0E, 0x00, 0x07,
  0x00, 0x07, 0x00, 0x03, 0x80, 0x07, 0x80, 0x1F, 0x8F, 0xFF, 0x07, 0xFC,
  0x00, 0x0E, 0x00, 0x07, 0x00, 0x03, 0x80, 0x01, 0x80, 0x00, 0x00, 0x00,
  0x00, 0x00, 0x00, 0x01, 0xFF, 0xC0, 0xFF, 0xF8, 0x00, 0x1E, 0x00, 0x03,
  0x80, 0x00, 0xE0, 0x00, 0x30, 0x00, 0x1C, 0x00, 0x0E, 0x00, 0x03, 0x00,
  0x01, 0x80, 0x00, 0xC0, 0x00, 0x60, 0x00, 0x30, 0x00, 0x38, 0x00, 0x1C,
  0x00, 0x0E, 0x00, 0x0E, 0x00, 0x07, 0x00, 0x0F, 0x00, 0x3F, 0x1F, 0xFE,
  0x0F, 0xF8, 0x00, 0x70, 0x60, 0x38, 0x78, 0x1C, 0x3C, 0x04, 0x0C, 0x00,
  0x00, 0x00, 0x00, 0x00, 0x00, 0x01, 0xFF, 0xC0, 0xFF, 0xF8, 0x00, 0x1E,
  0x00, 0x03, 0x80, 0x00, 0xE0, 0x00, 0x30, 0x00, 0x1C, 0x00, 0x0E, 0x00,
  0x03, 0x00, 0x01, 0x80, 0x00, 0xC0, 0x00, 0x60, 0x00, 0x30, 0x00, 0x38,
  0x00, 0x1C, 0x00, 0x0E, 0x00, 0x0E, 0x00, 0x07, 0x00, 0x0F, 0x00, 0x3F,
  0x1F, 0xFE, 0x0F, 0xF8, 0x00, 0xFF, 0xE0, 0x7F, 0xFC, 0x00, 0x0F, 0x00,
  0x01, 0xC0, 0x00, 0x70, 0x00, 0x18, 0x00, 0x0E, 0x0C, 0x07, 0x06, 0x01,
  0x83, 0x00, 0xC1, 0x80, 0x60, 0xC0, 0x30, 0x60, 0x18, 0x30, 0x1C, 0x00,
  0x0E, 0x00, 0x07, 0x00, 0x07, 0x00, 0x03, 0x80, 0x07, 0x80, 0x1F, 0x8F,
  0xFF, 0x07, 0xFC, 0x00, 0xFF, 0xE0, 0x7F, 0xFC, 0x00, 0x0F, 0x00, 0x01,
  0xC0, 0x00, 0x70, 0x00, 0x18, 0x00, 0x0E, 0x00, 0x07, 0x00, 0x01, 0x83,
  0x80, 0xC3, 0xC0, 0x60, 0xE0, 0x30, 0x00, 0x18, 0x00, 0x1C, 0x00, 0x0E,
  0x00, 0x07, 0x00, 0x07, 0x00, 0x03, 0x80, 0x07, 0x80, 0x1F, 0x8F, 0xFF,
  0x07, 0xFC, 0x00, 0x01, 0xFF, 0xC3, 0xFF, 0xF1, 0xF0, 0x00, 0xE0, 0x00,
  0x70, 0x00, 0x1C, 0x00, 0x06, 0x00, 0x03, 0x80, 0x00, 0xE0, 0x00, 0x38,
  0x00, 0x0E, 0x00, 0x03, 0x80, 0x00, 0xE0, 0x00, 0x38, 0x00, 0x0E, 0x00,
  0x01, 0x80, 0x00, 0x70, 0x00, 0x0E, 0x00, 0x03, 0xC0, 0x00, 0x7E, 0x00,
  0x07, 0xFF, 0xC0, 0x3F, 0xF0, 0x00, 0x18, 0x00, 0x0F, 0x00, 0x03, 0xC0,
  0x00, 0x60, 0x00, 0x00, 0x00, 0x00, 0x00, 0x00, 0x00, 0x07, 0xFF, 0x0F,
  0xFF, 0xC7, 0xC0, 0x03, 0x80, 0x01, 0xC0, 0x00, 0x70, 0x00, 0x18, 0x00,
  0x0E, 0x00, 0x03, 0x80, 0x00, 0xE0, 0x00, 0x38, 0x00, 0x0E, 0x00, 0x03,
  0x80, 0x00, 0xE0, 0x00, 0x38, 0x00, 0x06, 0x00, 0x01, 0xC0, 0x00, 0x38,
  0x00, 0x0F, 0x00, 0x01, 0xF8, 0x00, 0x1F, 0xFF, 0x00, 0xFF, 0xC0, 0x03,
  0x80, 0x00, 0xC0, 0xE0, 0x00, 0x30, 0x38, 0x00, 0x0C, 0x0E, 0x00, 0x03,
  0x03, 0x80, 0x00, 0xC0, 0xE0, 0x00, 0x30, 0x38, 0x00, 0x0C, 0x0E, 0x00,
  0x03, 0x03, 0x80, 0x00, 0xDC, 0xE0, 0x00, 0x3F, 0x38, 0x00, 0x0D, 0xCE,
  0x00, 0x03, 0x23, 0x80, 0x00, 0xC0, 0x60, 0x00, 0x70, 0x18, 0x00, 0x1C,
  0x06, 0x00, 0x07, 0x01, 0xC0, 0x01, 0x80, 0x30, 0x00, 0xE0, 0x0E, 0x00,
  0x78, 0x01, 0xE0, 0x3C, 0x00, 0x3F, 0xFE, 0x00, 0x07, 0xFE, 0x00, 0xE0,
  0x00, 0x70, 0x38, 0x00, 0x1C, 0x0E, 0x00, 0x07, 0x03, 0x80, 0x01, 0xC0,
  0xE0, 0x00, 0x70, 0x38, 0x00, 0x1C, 0x0E, 0x00, 0x07, 0x03, 0x80, 0x01,
  0xC0, 0xE0, 0x00, 0x70, 0x38, 0x00, 0x1C, 0x6E, 0x00, 0x07, 0x3F, 0x80,
  0x01, 0xCF, 0xE0, 0x00, 0x71, 0xB8, 0x00, 0x1C, 0x0E, 0x00, 0x06, 0x01,
  0x80, 0x01, 0x80, 0x60, 0x00, 0xE0, 0x1C, 0x00, 0x38, 0x03, 0x80, 0x1C,
  0x00, 0xF0, 0x0F, 0x00, 0x1F, 0xFF, 0x80, 0x01, 0xFF, 0x80, 0x00, 0x00,
  0x07, 0xE0, 0x00, 0x07, 0xFF, 0x00, 0x07, 0xEF, 0xE0, 0x03, 0xC0, 0x1C,
  0x00, 0xE0, 0x03, 0x80, 0x70, 0x00, 0xE0, 0x1C, 0x00, 0x18, 0x06, 0x00,
  0x07, 0x01, 0x80, 0x01, 0xC0, 0x60, 0x00, 0x37, 0x38, 0x00, 0x0F, 0xCE,
  0x00, 0x03, 0x73, 0x80, 0x00, 0xC8, 0xE0, 0x00, 0x30, 0x38, 0x00, 0x0C,
  0x0E, 0x00, 0x03, 0x03, 0x80, 0x00, 0xC0, 0xE0, 0x00, 0x30, 0x38, 0x00,
  0x0C, 0x0E, 0x00, 0x03, 0x03, 0x80, 0x00, 0xC0, 0xE0, 0x00, 0x30, 0x38,
  0x00, 0x0C, 0x01, 0xF8, 0x00, 0x03, 0xFF, 0xC0, 0x01, 0xFB, 0xF8, 0x00,
  0xF0, 0x0F, 0x00, 0x30, 0x00, 0xC0, 0x1C, 0x00, 0x38, 0x06, 0x00, 0x06,
  0x01, 0x80, 0x01, 0x80, 0xE0, 0x00, 0x70, 0x38, 0x00, 0x1C, 0x0E, 0x00,
  0x07, 0x1B, 0x80, 0x01, 0xCF, 0xE0, 0x00, 0x73, 0xF8, 0x00, 0x1C, 0x6E,
  0x00, 0x07, 0x03, 0x80, 0x01, 0xC0, 0xE0, 0x00, 0x70, 0x38, 0x00, 0x1C,
  0x0E, 0x00, 0x07, 0x03, 0x80, 0x01, 0xC0, 0xE0, 0x00, 0x70, 0x38, 0x00,
  0x1C, 0x0E, 0x00, 0x07, 0x00, 0x00, 0x01, 0x80, 0x00, 0x00, 0xF0, 0x00,
  0x00, 0x3C, 0x00, 0x00, 0x06, 0x00, 0x00, 0x00, 0x00, 0x00, 0x00, 0x00,
  0x00, 0x00, 0x7E, 0x00, 0x00, 0x7F, 0xF0, 0x00, 0x7E, 0xFE, 0x00, 0x3C,
  0x01, 0xC0, 0x0E, 0x00, 0x38, 0x07, 0x00, 0x0E, 0x01, 0xC0, 0x01, 0x80,
  0x60, 0x00, 0x70, 0x18, 0x00, 0x1C, 0x06, 0x00, 0x03, 0x73, 0x80, 0x00,
  0xFC, 0xE0, 0x00, 0x37, 0x38, 0x00, 0x0C, 0x8E, 0x00, 0x03, 0x03, 0x80,
  0x00, 0xC0, 0xE0, 0x00, 0x30, 0x38, 0x00, 0x0C, 0x0E, 0x00, 0x03, 0x03,
  0x80, 0x00, 0xC0, 0xE0, 0x00, 0x30, 0x38, 0x00, 0x0C, 0x0E, 0x00, 0x03,
  0x03, 0x80, 0x00, 0xC0, 0x00, 0x60, 0x00, 0x00, 0x3C, 0x00, 0x00, 0x0F,
  0x00, 0x00, 0x01, 0x80, 0x00, 0x00, 0x00, 0x00, 0x00, 0x00, 0x00, 0x00,
  0x1F, 0x80, 0x00, 0x3F, 0xFC, 0x00, 0x1F, 0xBF, 0x80, 0x0F, 0x00, 0xF0,
  0x03, 0x00, 0x0C, 0x01, 0xC0, 0x03, 0x80, 0x60, 0x00, 0x60, 0x18, 0x00,
  0x18, 0x0E, 0x00, 0x07, 0x03, 0x80, 0x01, 0xC0, 0xE0, 0x00, 0x71, 0xB8,
  0x00, 0x1C, 0xFE, 0x00, 0x07, 0x3F, 0x80, 0x01, 0xC6, 0xE0, 0x00, 0x70,
  0x38, 0x00, 0x1C, 0x0E, 0x00, 0x07, 0x03, 0x80, 0x01, 0xC0, 0xE0, 0x00,
  0x70, 0x38, 0x00, 0x1C, 0x0E, 0x00, 0x07, 0x03, 0x80, 0x01, 0xC0, 0xE0,
  0x00, 0x70, 0x00, 0x0F, 0xFE, 0x00, 0x7F, 0xFC, 0x00, 0x00, 0xF0, 0x00,
  0x01, 0xC0, 0x00, 0x07, 0x00, 0x00, 0x18, 0x00, 0x00, 0xE0, 0x00, 0x07,
  0x00, 0x00, 0x1B, 0x00, 0x00, 0xFC, 0x00, 0x07, 0xE0, 0x00, 0x36, 0x00,
  0x01, 0x80, 0x00, 0x0C, 0x00, 0x00, 0xE0, 0x00, 0x07, 0x00, 0x00, 0x30,
  0x00, 0x03, 0x80, 0x00, 0x78, 0x00, 0x1F, 0x80, 0xFF, 0xF0, 0x07, 0xFC,
  0x00, 0xFF, 0xE0, 0x01, 0xFF, 0xF0, 0x00, 0x00, 0xF0, 0x00, 0x00, 0x70,
  0x00, 0x00, 0x70, 0x00, 0x00, 0x60, 0x00, 0x00, 0xE0, 0x00, 0x01, 0xC0,
  0x00, 0x01, 0x80, 0x00, 0x03, 0x18, 0x00, 0x06, 0x78, 0x00, 0x0C, 0xF0,
  0x00, 0x18, 0xC0, 0x00, 0x70, 0x00, 0x00, 0xE0, 0x00, 0x01, 0xC0, 0x00,
  0x07, 0x00, 0x00, 0x0E, 0x00, 0x00, 0x78, 0x00, 0x07, 0xE0, 0x0F, 0xFF,
  0x00, 0x1F, 0xF0, 0x00, 0x00, 0x00, 0xE0, 0x00, 0x07, 0x00, 0x00, 0x38,
  0x00, 0x01, 0x80, 0x00, 0x00, 0x00, 0x00, 0x00, 0x00, 0x00, 0x00, 0x01,
  0xFF, 0xC0, 0x0F, 0xFF, 0x80, 0x00, 0x1E, 0x00, 0x00, 0x38, 0x00, 0x00,
  0xE0, 0x00, 0x03, 0x00, 0x00, 0x1C, 0x00, 0x00, 0xE0, 0x00, 0x03, 0x60,
  0x00, 0x1F, 0x80, 0x00, 0xFC, 0x00, 0x06, 0xC0, 0x00, 0x30, 0x00, 0x01,
  0x80, 0x00, 0x1C, 0x00, 0x00, 0xE0, 0x00, 0x06, 0x00, 0x00, 0x70, 0x00,
  0x0F, 0x00, 0x03, 0xF0, 0x1F, 0xFE, 0x00, 0xFF, 0x80, 0x00, 0x0E, 0x00,
  0x00, 0x1C, 0x00, 0x00, 0x38, 0x00, 0x00, 0x60, 0x00, 0x00, 0x00, 0x00,
  0x00, 0x00, 0x00, 0x00, 0x00, 0x00, 0x7F, 0xF0, 0x00, 0xFF, 0xF8, 0x00,
  0x00, 0x78, 0x00, 0x00, 0x38, 0x00, 0x00, 0x38, 0x00, 0x00, 0x30, 0x00,
  0x00, 0x70, 0x00, 0x00, 0xE0, 0x00, 0x00, 0xC0, 0x00, 0x01, 0x8C, 0x00,
  0x03, 0x3C, 0x00, 0x06, 0x78, 0x00, 0x0C, 0x60, 0x00, 0x38, 0x00, 0x00,
  0x70, 0x00, 0x00, 0xE0, 0x00, 0x03, 0x80, 0x00, 0x07, 0x00, 0x00, 0x3C,
  0x00, 0x03, 0xF0, 0x07, 0xFF, 0x80, 0x0F, 0xF8, 0x00, 0x00, 0x00, 0x0F,
  0xFE, 0x00, 0xFF, 0xFC, 0x03, 0xE0, 0x00, 0x0E, 0x00, 0x00, 0x38, 0x00,
  0x00, 0x70, 0x00, 0x00, 0xC0, 0x00, 0x03, 0x80, 0x00, 0x07, 0x00, 0x01,
  0xCE, 0x00, 0x03, 0x9C, 0x00, 0x07, 0x38, 0x00, 0x04, 0x70, 0x00, 0x00,
  0xE0, 0x00, 0x01, 0xC0, 0x00, 0x01, 0x80, 0x00, 0x03, 0x80, 0x00, 0x03,
  0x80, 0x00, 0x07, 0x80, 0x00, 0x07, 0xE0, 0x00, 0x03, 0xFF, 0xE0, 0x00,
  0xFF, 0xC0, 0x01, 0xFF, 0xC0, 0x7F, 0xFE, 0x07, 0xC0, 0x00, 0x70, 0x00,
  0x07, 0x00, 0x00, 0x38, 0x00, 0x01, 0x80, 0x00, 0x1C, 0x00, 0x00, 0xE0,
  0x00, 0x07, 0x00, 0x01, 0xF8, 0x00, 0x0F, 0xC0, 0x00, 0x7E, 0x00, 0x01,
  0x70, 0x00, 0x03, 0x80, 0x00, 0x0C, 0x00, 0x00, 0x70, 0x00, 0x01, 0xC0,
  0x00, 0x0F, 0x00, 0x00, 0x3F, 0x00, 0x00, 0x7F, 0xFC, 0x00, 0x7F, 0xE0,
  0x00, 0x00, 0xC0, 0x00, 0x03, 0xC0, 0x00, 0x07, 0x80, 0x00, 0x06, 0x00,
  0x00, 0x00, 0x00, 0x00, 0x00, 0x00, 0x00, 0x00, 0x00, 0x07, 0xFF, 0x00,
  0x7F, 0xFE, 0x01, 0xF0, 0x00, 0x07, 0x00, 0x00, 0x1C, 0x00, 0x00, 0x38,
  0x00, 0x00, 0x60, 0x00, 0x01, 0xC0, 0x00, 0x03, 0x80, 0x00, 0xE7, 0x00,
  0x01, 0xCE, 0x00, 0x03, 0x9C, 0x00, 0x02, 0x38, 0x00, 0x00, 0x70, 0x00,
  0x00, 0xE0, 0x00, 0x00, 0xC0, 0x00, 0x01, 0xC0, 0x00, 0x01, 0xC0, 0x00,
  0x03, 0xC0, 0x00, 0x03, 0xF0, 0x00, 0x01, 0xFF, 0xF0, 0x00, 0x7F, 0xE0,
  0x00, 0x18, 0x00, 0x01, 0xE0, 0x00, 0x0F, 0x00, 0x00, 0x30, 0x00, 0x00,
  0x00, 0x00, 0x00, 0x00, 0x00, 0x00, 0x00, 0x3F, 0xF8, 0x0F, 0xFF, 0xC0,
  0xF8, 0x00, 0x0E, 0x00, 0x00, 0xE0, 0x00, 0x07, 0x00, 0x00, 0x30, 0x00,
  0x03, 0x80, 0x00, 0x1C, 0x00, 0x00, 0xE0, 0x00, 0x3F, 0x00, 0x01, 0xF8,
  0x00, 0x0F, 0xC0, 0x00, 0x2E, 0x00, 0x00, 0x70, 0x00, 0x01, 0x80, 0x00,
  0x0E, 0x00, 0x00, 0x38, 0x00, 0x01, 0xE0, 0x00, 0x07, 0xE0, 0x00, 0x0F,
  0xFF, 0x80, 0x0F, 0xFC, 0x00, 0x00, 0x0F, 0xFE, 0x00, 0xFF, 0xFC, 0x03,
  0xE0, 0x00, 0x0E, 0x00, 0x0E, 0x38, 0x00, 0x1C, 0x70, 0x00, 0x38, 0xC0,
  0x00, 0x03, 0x80, 0x00, 0x07, 0x00, 0x00, 0x0E, 0x00, 0x00, 0x1C, 0x00,
  0x00, 0x38, 0x00, 0x00, 0x70, 0x00, 0x00, 0xE0, 0x00, 0x39, 0xC0, 0x00,
  0x71, 0x80, 0x00, 0xE3, 0x80, 0x00, 0x03, 0x80, 0x00, 0x07, 0x80, 0x00,
  0x07, 0xE0, 0x00, 0x03, 0xFF, 0xE0, 0x00, 0xFF, 0xC0, 0x1E, 0xFD, 0xC7,
  0x0E, 0x1C, 0x38, 0x70, 0x70, 0x7C, 0x78, 0xE0, 0x00, 0x73, 0xE0, 0x00,
  0x73, 0xE0, 0x00, 0x73, 0xE0, 0x00, 0x73, 0xE0, 0x00, 0x73, 0xE0, 0x00,
  0x73, 0xE0, 0x00, 0x73, 0xE0, 0x00, 0x73, 0xE0, 0x00, 0x73, 0xE0, 0x00,
  0x73, 0xE0, 0x00, 0x73, 0xE0, 0x00, 0x70, 0xE0, 0x00, 0x70, 0xE0, 0x00,
  0x70, 0xE0, 0x00, 0x60, 0x60, 0x00, 0x60, 0x60, 0x00, 0xE0, 0x70, 0x00,
  0xE0, 0x38, 0x01, 0xC0, 0x3C, 0x03, 0xC0, 0x1F, 0xFF, 0x80, 0x07, 0xFE,
  0x00, 0x01, 0xF8, 0x00, 0x0F, 0xFF, 0x03, 0x1F, 0xBF, 0x83, 0x3C, 0x03,
  0xC3, 0x30, 0x00, 0xC3, 0x70, 0x00, 0xE3, 0x60, 0x00, 0x63, 0x60, 0x00,
  0x63, 0xE0, 0x00, 0x73, 0xE0, 0x00, 0x73, 0xE0, 0x00, 0x73, 0xE0, 0x00,
  0x73, 0xE0, 0x00, 0x70, 0xE0, 0x00, 0x70, 0xE0, 0x00, 0x70, 0xE0, 0x00,
  0x70, 0xE0, 0x00, 0x70, 0xE0, 0x00, 0x70, 0xE0, 0x00, 0x70, 0xE0, 0x00,
  0x70, 0xE0, 0x00, 0x70, 0xE0, 0x00, 0x70, 0xE0, 0x00, 0x70, 0xFF, 0xE0,
  0x1F, 0xFF, 0xC0, 0xC0, 0x0F, 0x06, 0x00, 0x1C, 0x30, 0x00, 0x71, 0x80,
  0x01, 0x8C, 0x00, 0x0E, 0x60, 0x00, 0x73, 0x00, 0x01, 0x98, 0x00, 0x0C,
  0xC0, 0x00, 0x66, 0x00, 0x03, 0x00, 0x00, 0x18, 0x00, 0x01, 0xC0, 0x00,
  0x0E, 0x00, 0x00, 0x70, 0x00, 0x07, 0x00, 0x00, 0x38, 0x00, 0x07, 0x80,
  0x01, 0xF8, 0x0F, 0xFF, 0x00, 0x7F, 0xC0, 0x00, 0x01, 0xFF, 0xCC, 0x3F,
  0xFF, 0x31, 0xF0, 0x00, 0xCE, 0x00, 0x03, 0x70, 0x00, 0x0D, 0xC0, 0x00,
  0x36, 0x00, 0x00, 0xF8, 0x00, 0x03, 0xE0, 0x00, 0x0F, 0x80, 0x00, 0x3E,
  0x00, 0x00, 0xF8, 0x00, 0x00, 0xE0, 0x00, 0x03, 0x80, 0x00, 0x0E, 0x00,
  0x00, 0x18, 0x00, 0x00, 0x70, 0x00, 0x00, 0xE0, 0x00, 0x03, 0xC0, 0x00,
  0x07, 0xE0, 0x00, 0x07, 0xFF, 0xC0, 0x03, 0xFF, 0x00, 0x07, 0x80, 0x7F,
  0xC3, 0xFF, 0x9C, 0x0E, 0xE0, 0x1F, 0x80, 0x3C, 0x00, 0xF0, 0x03, 0xC0,
  0x0F, 0x00, 0x3E, 0x00, 0xF8, 0x07, 0x70, 0x1D, 0xE0, 0xF3, 0xFF, 0xC3,
  0xFB, 0x00, 0x0C, 0x00, 0x30, 0x00, 0xC0, 0x03, 0x00, 0x0C, 0x00, 0x30,
  0x00, 0xC0, 0x03, 0x80, 0x0D, 0x80, 0x31, 0x00, 0x22, 0x00, 0x7C, 0x00,
  0x70, 0x00, 0x00, 0x00, 0x00, 0x07, 0xC0, 0x3F, 0xE0, 0xFB, 0xE3, 0x81,
  0xE7, 0x01, 0xDC, 0x01, 0xB8, 0x03, 0xF0, 0x07, 0xE0, 0x0F, 0xC0, 0x1F,
  0x80, 0x37, 0x00, 0x6F, 0x01, 0xDF, 0x07, 0x3F, 0xFC, 0x77, 0xF0, 0xE0,
  0x01, 0xC0, 0x03, 0x80, 0x07, 0x00, 0x0E, 0x00, 0x1C, 0x00, 0x38, 0x00,
  0x00, 0x07, 0xC0, 0x3F, 0xE0, 0xFB, 0xE3, 0x81, 0xE7, 0x01, 0xDC, 0x01,
  0xB8, 0x03, 0xF0, 0x07, 0xE0, 0x0F, 0xC0, 0x1F, 0x80, 0x37, 0x00, 0x6F,
  0x01, 0xDF, 0x07, 0x3F, 0xFC, 0x77, 0xF0, 0xE0, 0x01, 0xC0, 0x03, 0x80,
  0x07, 0x00, 0x0E, 0x00, 0x1C, 0x00, 0x38, 0x00, 0x00, 0x03, 0x80, 0x07,
  0x00, 0x0E, 0x00, 0x18, 0x00, 0x00, 0x00, 0x00, 0x01, 0xF0, 0x0F, 0xF8,
  0x3E, 0xF8, 0xE0, 0x79, 0xC0, 0x77, 0x00, 0x6E, 0x00, 0xFC, 0x01, 0xF8,
  0x03, 0xF0, 0x07, 0xE0, 0x0D, 0xC0, 0x1B, 0xC0, 0x77, 0xC1, 0xCF, 0xFF,
  0x1D, 0xFC, 0x38, 0x00, 0x70, 0x00, 0xE0, 0x01, 0xC0, 0x03, 0x80, 0x07,
  0x00, 0x0E, 0x00, 0x00, 0x00, 0x0C, 0x00, 0x30, 0x00, 0xC0, 0x03, 0x00,
  0x0C, 0x00, 0x30, 0x78, 0xC7, 0xFF, 0x3F, 0xFD, 0xC0, 0xF6, 0x01, 0xF8,
  0x03, 0xC0, 0x0F, 0x00, 0x3C, 0x00, 0xF0, 0x03, 0xE0, 0x0F, 0x80, 0x76,
  0x01, 0xDE, 0x0E, 0x3F, 0xF0, 0x7F, 0x80, 0x00, 0x0C, 0x00, 0x3C, 0x00,
  0x78, 0x00, 0x60, 0x00, 0x00, 0x00, 0x00, 0x00, 0x00, 0x06, 0x00, 0x0C,
  0x00, 0x18, 0x00, 0x30, 0x00, 0x60, 0x00, 0xC0, 0xF1, 0x87, 0xFF, 0x1F,
  0xFE, 0x70, 0x3C, 0xC0, 0x3B, 0x80, 0x36, 0x00, 0x6C, 0x00, 0xD8, 0x01,
  0xB0, 0x03, 0x70, 0x06, 0xE0, 0x1C, 0xC0, 0x39, 0xE0, 0xE1, 0xFF, 0x81,
  0xFE, 0x00, 0x00, 0xE0, 0xC0, 0x1C, 0x3C, 0x03, 0x87, 0x80, 0x60, 0x60,
  0x00, 0x00, 0x00, 0x00, 0x00, 0x00, 0x00, 0x00, 0x60, 0x00, 0x0C, 0x00,
  0x01, 0x80, 0x00, 0x30, 0x00, 0x06, 0x00, 0x00, 0xC0, 0x0F, 0x18, 0x07,
  0xFF, 0x01, 0xFF, 0xE0, 0x70, 0x3C, 0x0C, 0x03, 0x83, 0x80, 0x30, 0x60,
  0x06, 0x0C, 0x00, 0xC1, 0x80, 0x18, 0x30, 0x03, 0x07, 0x00, 0x60, 0xE0,
  0x1C, 0x0C, 0x03, 0x81, 0xE0, 0xE0, 0x1F, 0xF8, 0x01, 0xFE, 0x00, 0xE0,
  0x01, 0xC0, 0x03, 0x80, 0x07, 0x00, 0x0E, 0x00, 0x1C, 0x00, 0x39, 0xE0,
  0x7F, 0xF8, 0xFF, 0xF9, 0xE0, 0x73, 0x80, 0x77, 0x00, 0x6E, 0x00, 0xFC,
  0x01, 0xF8, 0x03, 0xF0, 0x07, 0xE0, 0x0E, 0xC0, 0x19, 0xC0, 0x73, 0xC1,
  0xC3, 0xFF, 0x81, 0xFC, 0x00, 0xE0, 0x01, 0xC0, 0x03, 0x80, 0x06, 0x00,
  0x00, 0x00, 0x00, 0x00, 0x00, 0x00, 0x70, 0x00, 0xE0, 0x01, 0xC0, 0x03,
  0x80, 0x07, 0x00, 0x0E, 0x00, 0x1C, 0xF0, 0x3F, 0xFC, 0x7F, 0xFC, 0xF0,
  0x39, 0xC0, 0x3B, 0x80, 0x37, 0x00, 0x7E, 0x00, 0xFC, 0x01, 0xF8, 0x03,
  0xF0, 0x07, 0x60, 0x0C, 0xE0, 0x39, 0xE0, 0xE1, 0xFF, 0xC0, 0xFE, 0x00,
  0x00, 0x1E, 0x00, 0x0F, 0xF8, 0x01, 0xF7, 0xC0, 0x1C, 0x0E, 0x03, 0x80,
  0x60, 0x30, 0x07, 0x03, 0x00, 0x70, 0x30, 0x03, 0x03, 0x00, 0x30, 0x30,
  0x03, 0x63, 0x00, 0x7F, 0x38, 0x07, 0xF3, 0x80, 0xF6, 0x1C, 0x1F, 0x00,
  0xFF, 0xF0, 0x07, 0xFB, 0x00, 0x00, 0x30, 0x00, 0x03, 0x00, 0x00, 0x30,
  0x00, 0x03, 0x00, 0x00, 0x30, 0x00, 0x03, 0x00, 0x00, 0x30, 0x07, 0x80,
  0x01, 0xFF, 0x00, 0x3F, 0xF8, 0x07, 0x03, 0x80, 0xE0, 0x1C, 0x0E, 0x00,
  0xC0, 0xC0, 0x0C, 0x0C, 0x00, 0xC0, 0xC0, 0x0C, 0x0C, 0x00, 0xC0, 0xE0,
  0x0C, 0x7E, 0x01, 0xC7, 0x70, 0x1C, 0x77, 0x83, 0xC2, 0x3F, 0xFC, 0x00,
  0xFE, 0xC0, 0x00, 0x0C, 0x00, 0x00, 0xC0, 0x00, 0x0C, 0x00, 0x00, 0xC0,
  0x00, 0x0C, 0x00, 0x00, 0xC0, 0x00, 0x0C, 0x00, 0x00, 0x1F, 0x00, 0x03,
  0xFE, 0x00, 0x3F, 0xF8, 0x03, 0xC0, 0xE0, 0x1C, 0x03, 0x00, 0xC0, 0x1C,
  0x06, 0x00, 0xE0, 0x70, 0x03, 0x03, 0x80, 0x18, 0x1C, 0x01, 0xDC, 0xE0,
  0x0F, 0xE7, 0x00, 0x77, 0x3C, 0x07, 0x11, 0xF0, 0x78, 0x0F, 0xFF, 0x80,
  0x77, 0xF0, 0x03, 0x80, 0x00, 0x1C, 0x00, 0x00, 0xE0, 0x00, 0x07, 0x00,
  0x00, 0x38, 0x00, 0x01, 0xC0, 0x00, 0x0E, 0x00, 0x00, 0x07, 0xC0, 0x01,
  0xFF, 0x00, 0x3E, 0xF8, 0x07, 0x03, 0xC0, 0x70, 0x1C, 0x0E, 0x00, 0xC0,
  0xE0, 0x0E, 0x0E, 0x00, 0xE0, 0xE0, 0x0E, 0x0E, 0x00, 0xE0, 0xE0, 0x0C,
  0x6E, 0x00, 0xCF, 0xF0, 0x1C, 0xFF, 0x83, 0x86, 0xFF, 0xF0, 0x0E, 0xFE,
  0x00, 0xE0, 0x00, 0x0E, 0x00, 0x00, 0xE0, 0x00, 0x0E, 0x00, 0x00, 0xE0,
  0x00, 0x0E, 0x00, 0x00, 0xE0, 0x00, 0x00, 0x00, 0x06, 0x00, 0x00, 0x78,
  0x00, 0x03, 0x80, 0x00, 0x0C, 0x00, 0x00, 0x00, 0x00, 0x00, 0x00, 0x00,
  0x7C, 0x00, 0x0F, 0xF8, 0x00, 0xFF, 0xE0, 0x0F, 0x03, 0x80, 0x70, 0x0C,
  0x03, 0x00, 0x70, 0x18, 0x03, 0x81, 0xC0, 0x0C, 0x0E, 0x00, 0x60, 0x70,
  0x07, 0x73, 0x80, 0x3F, 0x9C, 0x01, 0xDC, 0xF0, 0x1C, 0x47, 0xC1, 0xE0,
  0x3F, 0xFE, 0x01, 0xDF, 0xC0, 0x0E, 0x00, 0x00, 0x70, 0x00, 0x03, 0x80,
  0x00, 0x1C, 0x00, 0x00, 0xE0, 0x00, 0x07, 0x00, 0x00, 0x38, 0x00, 0x00,
  0x03, 0x80, 0x00, 0x38, 0x00, 0x03, 0x80, 0x00, 0x30, 0x00, 0x00, 0x00,
  0x00, 0x00, 0x00, 0x07, 0xC0, 0x01, 0xFF, 0x00, 0x3C, 0xF8, 0x07, 0x01,
  0xC0, 0x60, 0x1C, 0x0E, 0x00, 0xC0, 0xE0, 0x0E, 0x0E, 0x00, 0xE0, 0xE0,
  0x0E, 0x0E, 0x00, 0xE0, 0xE0, 0x0C, 0x6E, 0x00, 0xCF, 0xF0, 0x1C, 0xFF,
  0x83, 0x86, 0xFF, 0xF0, 0x0E, 0xFE, 0x00, 0xE0, 0x00, 0x0E, 0x00, 0x00,
  0xE0, 0x00, 0x0E, 0x00, 0x00, 0xE0, 0x00, 0x0E, 0x00, 0x00, 0xE0, 0x00,
  0x00, 0x00, 0x00, 0x30, 0x00, 0x03, 0x00, 0x00, 0x30, 0x00, 0x03, 0x00,
  0x00, 0x30, 0x00, 0x03, 0x00, 0x1E, 0x30, 0x07, 0xFB, 0x01, 0xFF, 0xF6,
  0x1C, 0x0F, 0xF3, 0x80, 0x7F, 0x30, 0x07, 0x63, 0x00, 0x30, 0x30, 0x03,
  0x03, 0x00, 0x30, 0x30, 0x03, 0x03, 0x00, 0x70, 0x38, 0x07, 0x03, 0x80,
  0xE0, 0x1C, 0x1E, 0x00, 0xFF, 0xC0, 0x07, 0xF8, 0x00, 0x0C, 0x00, 0x00,
  0xC0, 0x00, 0x0C, 0x00, 0x00, 0xC0, 0x00, 0x0C, 0x00, 0x00, 0xC0, 0x07,
  0x8C, 0x01, 0xFF, 0xC0, 0x3F, 0xFC, 0x07, 0x03, 0xC6, 0x60, 0x1C, 0xFE,
  0x00, 0xCF, 0xC0, 0x0C, 0x6C, 0x00, 0xC0, 0xC0, 0x0C, 0x0C, 0x00, 0xC0,
  0xE0, 0x0C, 0x0E, 0x01, 0xC0, 0x60, 0x1C, 0x07, 0x83, 0x80, 0x3F, 0xF0,
  0x01, 0xFE, 0x00, 0x00, 0x00, 0x30, 0x00, 0x03, 0xC0, 0x00, 0x1E, 0x00,
  0x00, 0x60, 0x00, 0x00, 0x00, 0x00, 0x00, 0x00, 0x00, 0x00, 0x00, 0x06,
  0x00, 0x00, 0x30, 0x00, 0x01, 0x80, 0x00, 0x0C, 0x00, 0x00, 0x60, 0x00,
  0x03, 0x00, 0x0F, 0x18, 0x01, 0xFE, 0xC0, 0x3F, 0xFE, 0x61, 0xC0, 0xF7,
  0x9C, 0x03, 0xBC, 0xC0, 0x1C, 0xC6, 0x00, 0x60, 0x30, 0x03, 0x01, 0x80,
  0x18, 0x0C, 0x00, 0xC0, 0x60, 0x0E, 0x03, 0x80, 0x70, 0x1C, 0x07, 0x00,
  0x70, 0x78, 0x01, 0xFF, 0x80, 0x07, 0xF8, 0x00, 0x00, 0x0C, 0x00, 0x01,
  0xE0, 0x00, 0x1E, 0x00, 0x00, 0xC0, 0x00, 0x00, 0x00, 0x00, 0x00, 0x00,
  0x00, 0x00, 0x00, 0xC0, 0x00, 0x0C, 0x00, 0x00, 0xC0, 0x00, 0x0C, 0x00,
  0x00, 0xC0, 0x00, 0x0C, 0x00, 0x78, 0xC0, 0x1F, 0xFC, 0x03, 0xFF, 0xC0,
  0x70, 0x3C, 0x66, 0x01, 0xCF, 0xE0, 0x0C, 0xFC, 0x00, 0xC6, 0xC0, 0x0C,
  0x0C, 0x00, 0xC0, 0xC0, 0x0C, 0x0E, 0x00, 0xC0, 0xE0, 0x1C, 0x06, 0x01,
  0xC0, 0x78, 0x38, 0x03, 0xFF, 0x00, 0x1F, 0xE0, 0x00, 0x03, 0x80, 0x00,
  0x1C, 0x00, 0x00, 0xE0, 0x00, 0x07, 0x00, 0x00, 0x38, 0x00, 0x01, 0xC0,
  0x00, 0x0E, 0x78, 0x00, 0x7F, 0xF8, 0x03, 0xFF, 0xE3, 0x9E, 0x07, 0x3C,
  0xE0, 0x1C, 0xE7, 0x00, 0x62, 0x38, 0x03, 0x81, 0xC0, 0x1C, 0x0E, 0x00,
  0xE0, 0x70, 0x07, 0x03, 0x80, 0x30, 0x0C, 0x01, 0x80, 0x70, 0x1C, 0x03,
  0xC1, 0xC0, 0x0F, 0xFE, 0x00, 0x3F, 0xC0, 0xE0, 0x00, 0x0E, 0x00, 0x00,
  0xE0, 0x00, 0x0E, 0x00, 0x00, 0xE0, 0x00, 0x0E, 0x00, 0x00, 0xE7, 0x80,
  0x0F, 0xFF, 0x00, 0xFF, 0xF8, 0x0F, 0x03, 0x86, 0xE0, 0x1C, 0xFE, 0x00,
  0xCF, 0xE0, 0x0E, 0x6E, 0x00, 0xE0, 0xE0, 0x0E, 0x0E, 0x00, 0xE0, 0xE0,
  0x0E, 0x06, 0x00, 0xC0, 0x70, 0x1C, 0x07, 0x83, 0x80, 0x3F, 0xF8, 0x00,
  0xFE, 0x00, 0x03, 0x00, 0x00, 0x3C, 0x00, 0x01, 0xE0, 0x00, 0x06, 0x00,
  0x00, 0x00, 0x00, 0x00, 0x00, 0x00, 0x00, 0x00, 0x00, 0x70, 0x00, 0x03,
  0x80, 0x00, 0x1C, 0x00, 0x00, 0xE0, 0x00, 0x07, 0x00, 0x00, 0x38, 0x00,
  0x01, 0xCF, 0x00, 0x0F, 0xFF, 0x00, 0x7F, 0xFC, 0x73, 0xC0, 0xE7, 0x9C,
  0x03, 0x9C, 0xE0, 0x0C, 0x47, 0x00, 0x70, 0x38, 0x03, 0x81, 0xC0, 0x1C,
  0x0E, 0x00, 0xE0, 0x70, 0x06, 0x01, 0x80, 0x30, 0x0E, 0x03, 0x80, 0x78,
  0x38, 0x01, 0xFF, 0xC0, 0x07, 0xF8, 0x00, 0xE0, 0x00, 0x0E, 0x00, 0x00,
  0xE0, 0x00, 0x04, 0x00, 0x00, 0x00, 0x00, 0x00, 0x00, 0x00, 0x00, 0x00,
  0x0E, 0x00, 0x00, 0xE0, 0x00, 0x0E, 0x00, 0x00, 0xE0, 0x00, 0x0E, 0x00,
  0x00, 0xE0, 0x00, 0x0E, 0x78, 0x00, 0xFF, 0xF0, 0x0F, 0xFF, 0x80, 0xF0,
  0x38, 0x6E, 0x01, 0xCF, 0xE0, 0x0C, 0xFE, 0x00, 0xE6, 0xE0, 0x0E, 0x0E,
  0x00, 0xE0, 0xE0, 0x0E, 0x0E, 0x00, 0xC0, 0xE0, 0x0C, 0x07, 0x01, 0xC0,
  0x78, 0x38, 0x03, 0xFF, 0x80, 0x1F, 0xE0, 0x00, 0x03, 0x80, 0x00, 0x1C,
  0x00, 0x00, 0xE0, 0x00, 0x07, 0x00, 0x07, 0x38, 0x00, 0x79, 0xC0, 0x01,
  0xCE, 0x78, 0x00, 0x7F, 0xF8, 0x03, 0xFF, 0xE0, 0x1E, 0x07, 0x00, 0xE0,
  0x1C, 0x07, 0x00, 0x60, 0x38, 0x03, 0x81, 0xC0, 0x1D, 0xCE, 0x00, 0xFE,
  0x70, 0x07, 0x73, 0x80, 0x30, 0x0C, 0x01, 0x80, 0x70, 0x1C, 0x03, 0xC1,
  0xC0, 0x0F, 0xFE, 0x00, 0x3F, 0xC0, 0xC0, 0x60, 0x30, 0x1F, 0xCF, 0xF7,
  0x1F, 0x07, 0x83, 0xE3, 0xBF, 0x9F, 0x81, 0x00, 0x01, 0x80, 0xC0, 0x67,
  0xF7, 0xFB, 0x1F, 0x87, 0xC3, 0xE1, 0xBF, 0xCF, 0xC1, 0x00, 0x07, 0x80,
  0x03, 0xFE, 0x0C, 0xFF, 0xE1, 0xB8, 0x1C, 0x3E, 0x01, 0xC7, 0xC0, 0x18,
  0xF0, 0x03, 0x1E, 0x00, 0x63, 0xC0, 0x0C, 0x78, 0x01, 0x8F, 0x80, 0x31,
  0xF0, 0x0E, 0x37, 0x01, 0xC0, 0xF0, 0x78, 0x0F, 0xFF, 0x00, 0x7F, 0x60,
  0x00, 0x0C, 0x00, 0x01, 0x80, 0x00, 0x30, 0x00, 0x06, 0x00, 0x00, 0xC0,
  0x00, 0x18, 0x00, 0x03, 0x00, 0x07, 0xC0, 0x07, 0xFC, 0x33, 0xEF, 0x8D,
  0xC0, 0xF3, 0x70, 0x1C, 0xF8, 0x03, 0x3E, 0x00, 0xEF, 0x80, 0x3B, 0xE0,
  0x0E, 0xF8, 0x03, 0xBE, 0x00, 0xCF, 0x80, 0x33, 0xF0, 0x1C, 0x3E, 0x0E,
  0x0F, 0xFF, 0x03, 0xBF, 0x80, 0xE0, 0x00, 0x38, 0x00, 0x0E, 0x00, 0x03,
  0x80, 0x00, 0xE0, 0x00, 0x38, 0x00, 0x0E, 0x00, 0x00, 0x00, 0x0C, 0x60,
  0x01, 0x8C, 0x00, 0x31, 0x80, 0x06, 0x30, 0x00, 0xC6, 0x00, 0x18, 0xC1,
  0xE3, 0x18, 0xFF, 0xE3, 0x3F, 0xFC, 0x6E, 0x07, 0x8D, 0x80, 0x71, 0xF0,
  0x06, 0x0C, 0x00, 0xC1, 0x80, 0x18, 0x30, 0x03, 0x06, 0x00, 0x60, 0xE0,
  0x0C, 0x1C, 0x03, 0x81, 0x80, 0x70, 0x3C, 0x1C, 0x03, 0xFF, 0x00, 0x3F,
  0xC0, 0x00, 0xE0, 0x00, 0xF8, 0x00, 0x3E, 0x00, 0x0F, 0x80, 0x03, 0xE0,
  0x00, 0xF8, 0x00, 0x3E, 0x78, 0x0F, 0xFF, 0xC3, 0xFF, 0xF8, 0xFC, 0x0E,
  0x3E, 0x01, 0xCF, 0x80, 0x30, 0xE0, 0x0E, 0x38, 0x03, 0x8E, 0x00, 0xE3,
  0x80, 0x38, 0xE0, 0x0E, 0x18, 0x03, 0x07, 0x01, 0xC1, 0xE0, 0xE0, 0x3F,
  0xF8, 0x03, 0xF8, 0x00, 0x07, 0xC0, 0x1F, 0xF8, 0x3F, 0xFC, 0x70, 0x1C,
  0xE0, 0x0E, 0xE0, 0x06, 0xC0, 0x06, 0xC0, 0x06, 0xC0, 0x07, 0xC0, 0x07,
  0x00, 0x07, 0x00, 0x07, 0x00, 0x07, 0x00, 0x07, 0x00, 0x07, 0x00, 0x07,
  0x00, 0x07, 0x00, 0x07, 0x00, 0x07, 0x00, 0x07, 0x00, 0x07, 0x00, 0x07,
  0x00, 0x07, 0x03, 0xC0, 0x06, 0x60, 0x06, 0x20, 0x06, 0x60, 0x03, 0xC0,
  0x01, 0x80, 0x00, 0x00, 0x00, 0x00, 0x07, 0xE0, 0x1F, 0xF8, 0x3F, 0x7C,
  0x70, 0x0E, 0x70, 0x06, 0x60, 0x07, 0xE0, 0x07, 0xE0, 0x07, 0xE0, 0x07,
  0xE0, 0x03, 0xE0, 0x00, 0xE0, 0x00, 0xE0, 0x00, 0xE0, 0x00, 0xE0, 0x00,
  0xE0, 0x00, 0xE0, 0x00, 0xE0, 0x00, 0xE0, 0x00, 0xE0, 0x00, 0xE0, 0x00,
  0xE0, 0x00, 0xE0, 0x00, 0x07, 0xE0, 0x1F, 0xF8, 0x3F, 0x7C, 0x70, 0x0E,
  0x70, 0x06, 0x60, 0x07, 0xE0, 0x07, 0xE0, 0x07, 0xE0, 0x07, 0xE0, 0x03,
  0xE0, 0x00, 0xE0, 0x00, 0xE0, 0x00, 0xE0, 0x00, 0xE0, 0x00, 0xE0, 0x00,
  0xE0, 0x00, 0xE0, 0x00, 0xE0, 0x00, 0xE0, 0x00, 0xE0, 0x00, 0xE0, 0x00,
  0xE0, 0x00, 0x01, 0x80, 0x03, 0xC0, 0x03, 0xC0, 0x01, 0x80, 0x00, 0x00,
  0x00, 0x00, 0x07, 0xE0, 0x1F, 0xF8, 0x3F, 0x7C, 0x70, 0x0E, 0x70, 0x06,
  0x60, 0x07, 0xE0, 0x07, 0xE0, 0x07, 0xE0, 0x07, 0xE0, 0x03, 0xE0, 0x00,
  0xE0, 0x00, 0xE0, 0x00, 0xE0, 0x00, 0xE0, 0x00, 0xE0, 0x00, 0xE0, 0x00,
  0xE0, 0x00, 0xE0, 0x00, 0xE0, 0x00, 0xE0, 0x00, 0xE0, 0x00, 0xE0, 0x00,
  0x00, 0x07, 0x00, 0x07, 0x00, 0x07, 0x00, 0x07, 0x00, 0x07, 0x00, 0x07,
  0x00, 0x07, 0x00, 0x07, 0x00, 0x07, 0x00, 0x07, 0x00, 0x07, 0x00, 0x07,
  0xC0, 0x07, 0xC0, 0x07, 0xC0, 0x07, 0xC0, 0x06, 0xE0, 0x06, 0xE0, 0x0E,
  0x60, 0x0E, 0x78, 0x1C, 0x3F, 0xF8, 0x1F, 0xF0, 0x00, 0x07, 0x00, 0x0F,
  0x00, 0x07, 0x00, 0x06, 0x00, 0x00, 0x00, 0x00, 0x00, 0x00, 0x00, 0x07,
  0x00, 0x07, 0x00, 0x07, 0x00, 0x07, 0x00, 0x07, 0x00, 0x07, 0x00, 0x07,
  0x00, 0x07, 0x00, 0x07, 0x00, 0x07, 0x00, 0x07, 0x00, 0x07, 0xC0, 0x07,
  0xC0, 0x07, 0xC0, 0x07, 0xC0, 0x06, 0xE0, 0x06, 0xE0, 0x0E, 0x60, 0x0E,
  0x78, 0x1C, 0x3F, 0xF8, 0x1F, 0xF0, 0x00, 0x30, 0x60, 0x07, 0x8F, 0x00,
  0x70, 0xF0, 0x03, 0x06, 0x00, 0x00, 0x00, 0x00, 0x00, 0x00, 0x00, 0x00,
  0x00, 0x70, 0x00, 0x07, 0x00, 0x00, 0x70, 0x00, 0x07, 0x00, 0x00, 0x70,
  0x00, 0x07, 0x00, 0x00, 0x70, 0x00, 0x07, 0x00, 0x00, 0x70, 0x00, 0x07,
  0x00, 0x00, 0x70, 0x00, 0x07, 0x0C, 0x00, 0x70, 0xC0, 0x07, 0x0C, 0x00,
  0x70, 0xC0, 0x06, 0x0E, 0x00, 0x60, 0xE0, 0x0E, 0x06, 0x00, 0xE0, 0x78,
  0x1C, 0x03, 0xFF, 0x80, 0x1F, 0xF0, 0x00, 0xE0, 0x00, 0xE0, 0x00, 0xE0,
  0x00, 0xE0, 0x00, 0xE0, 0x00, 0xE0, 0x00, 0xE0, 0x00, 0xE0, 0x00, 0xE0,
  0x00, 0xE0, 0x00, 0xE0, 0x00, 0xE0, 0x00, 0xE0, 0x03, 0xE0, 0x03, 0xE0,
  0x07, 0xE0, 0x07, 0x60, 0x07, 0x60, 0x06, 0x70, 0x0E, 0x38, 0x1E, 0x3F,
  0xFC, 0x0F, 0xF8, 0xE0, 0x00, 0xE0, 0x00, 0xE0, 0x00, 0xC0, 0x00, 0x00,
  0x00, 0x00, 0x00, 0x00, 0x00, 0xE0, 0x00, 0xE0, 0x00, 0xE0, 0x00, 0xE0,
  0x00, 0xE0, 0x00, 0xE0, 0x00, 0xE0, 0x00, 0xE0, 0x00, 0xE0, 0x00, 0xE0,
  0x00, 0xE0, 0x00, 0xE0, 0x00, 0xE0, 0x03, 0xE0, 0x03, 0xE0, 0x07, 0xE0,
  0x07, 0x60, 0x07, 0x60, 0x06, 0x70, 0x0E, 0x38, 0x1E, 0x3F, 0xFC, 0x0F,
  0xF8, 0x00, 0x1F, 0x00, 0x01, 0xFF, 0x80, 0x0F, 0xFF, 0x00, 0x70, 0x1C,
  0x03, 0x80, 0x38, 0x0E, 0x00, 0x60, 0x30, 0x01, 0x80, 0xC0, 0x06, 0x03,
  0x00, 0x1C, 0x0C, 0x00, 0x76, 0x00, 0x01, 0xFC, 0x00, 0x07, 0xF0, 0x00,
  0x1D, 0x80, 0x00, 0x70, 0x00, 0x01, 0xC0, 0x00, 0x07, 0x00, 0x00, 0x1C,
  0x00, 0x00, 0x70, 0x00, 0x01, 0xC0, 0x00, 0x07, 0x00, 0x00, 0x1C, 0x00,
  0x00, 0x70, 0x00, 0x01, 0xC0, 0x07, 0xC0, 0x00, 0x7F, 0xE0, 0x03, 0xFF,
  0xC0, 0x1C, 0x07, 0x00, 0xE0, 0x0E, 0x03, 0x80, 0x18, 0x0C, 0x00, 0x60,
  0x30, 0x01, 0x80, 0xC0, 0x07, 0x03, 0x00, 0x1C, 0x00, 0x00, 0x73, 0x80,
  0x01, 0xCF, 0x00, 0x07, 0x38, 0x00, 0x1C, 0x40, 0x00, 0x70, 0x00, 0x01,
  0xC0, 0x00, 0x07, 0x00, 0x00, 0x1C, 0x00, 0x00, 0x70, 0x00, 0x01, 0xC0,
  0x00, 0x07, 0x00, 0x00, 0x1C, 0x00, 0x00, 0x70, 0x00, 0x00, 0x1F, 0x00,
  0x07, 0xFE, 0x00, 0x7E, 0xFC, 0x03, 0x80, 0xE0, 0x38, 0x03, 0x81, 0x80,
  0x1C, 0x0C, 0x00, 0x60, 0x60, 0x03, 0x03, 0x00, 0x18, 0x38, 0x00, 0xF9,
  0xC0, 0x01, 0xCE, 0x00, 0x0E, 0x70, 0x00, 0x23, 0x80, 0x00, 0x1C, 0x00,
  0x00, 0xE0, 0x00, 0x07, 0x00, 0x00, 0x38, 0x00, 0x01, 0xC0, 0x00, 0x0E,
  0x00, 0x00, 0x70, 0x00, 0x03, 0x80, 0x00, 0x1C, 0x00, 0x00, 0x07, 0xE0,
  0x00, 0x7F, 0xE0, 0x03, 0xF7, 0xC0, 0x1C, 0x03, 0x80, 0x70, 0x06, 0x01,
  0x80, 0x1C, 0x0E, 0x00, 0x70, 0x38, 0x01, 0xC0, 0xE0, 0x07, 0x03, 0x80,
  0x0C, 0x0E, 0x00, 0x03, 0xB8, 0x00, 0x0F, 0xE0, 0x00, 0x3B, 0x80, 0x00,
  0x4E, 0x00, 0x00, 0x38, 0x00, 0x00, 0xE0, 0x00, 0x03, 0x80, 0x00, 0x0E,
  0x00, 0x00, 0x38, 0x00, 0x00, 0xE0, 0x00, 0x03, 0x80, 0x00, 0x0E, 0x00,
  0x00, 0x00, 0x00, 0x0C, 0x00, 0x00, 0xF0, 0x00, 0x07, 0x80, 0x00, 0x18,
  0x00, 0x00, 0x00, 0x00, 0x00, 0x00, 0x00, 0x7C, 0x00, 0x1F, 0xF8, 0x01,
  0xFB, 0xF0, 0x0E, 0x03, 0x80, 0xE0, 0x0E, 0x06, 0x00, 0x70, 0x30, 0x01,
  0x81, 0x80, 0x0C, 0x0C, 0x00, 0x60, 0xE0, 0x03, 0xE7, 0x00, 0x07, 0x38,
  0x00, 0x39, 0xC0, 0x00, 0x8E, 0x00, 0x00, 0x70, 0x00, 0x03, 0x80, 0x00,
  0x1C, 0x00, 0x00, 0xE0, 0x00, 0x07, 0x00, 0x00, 0x38, 0x00, 0x01, 0xC0,
  0x00, 0x0E, 0x00, 0x00, 0x70, 0x00, 0x00, 0x01, 0x80, 0x00, 0x0F, 0x00,
  0x00, 0x3C, 0x00, 0x00, 0x60, 0x00, 0x00, 0x00, 0x00, 0x00, 0x00, 0x00,
  0x7E, 0x00, 0x07, 0xFE, 0x00, 0x3F, 0x7C, 0x01, 0xC0, 0x38, 0x07, 0x00,
  0x60, 0x18, 0x01, 0xC0, 0xE0, 0x07, 0x03, 0x80, 0x1C, 0x0E, 0x00, 0x70,
  0x38, 0x00, 0xC0, 0xE0, 0x00, 0x3B, 0x80, 0x00, 0xFE, 0x00, 0x03, 0xB8,
  0x00, 0x04, 0xE0, 0x00, 0x03, 0x80, 0x00, 0x0E, 0x00, 0x00, 0x38, 0x00,
  0x00, 0xE0, 0x00, 0x03, 0x80, 0x00, 0x0E, 0x00, 0x00, 0x38, 0x00, 0x00,
  0xE0, 0x00, 0x00, 0x00, 0x00, 0x1C, 0x00, 0x00, 0x70, 0x00, 0x01, 0xC0,
  0x00, 0x07, 0x00, 0x00, 0x1C, 0x00, 0x00, 0x70, 0x00, 0x01, 0xC0, 0x00,
  0x07, 0x00, 0x00, 0x1D, 0x80, 0x00, 0x7F, 0x00, 0x01, 0xFC, 0x00, 0x07,
  0x63, 0x00, 0x1C, 0x0C, 0x00, 0x70, 0x30, 0x01, 0xC0, 0xC0, 0x06, 0x03,
  0x80, 0x18, 0x0E, 0x00, 0xE0, 0x18, 0x03, 0x80, 0x78, 0x1C, 0x00, 0xFF,
  0xE0, 0x01, 0xFF, 0x00, 0x00, 0x07, 0x00, 0x00, 0x1C, 0x00, 0x00, 0x70,
  0x00, 0x01, 0xC0, 0x00, 0x07, 0x00, 0x00, 0x1C, 0x00, 0x00, 0x70, 0x00,
  0x01, 0xC0, 0x00, 0x07, 0x00, 0x00, 0x1C, 0xE0, 0x00, 0x73, 0xC0, 0x01,
  0xCE, 0xC0, 0x07, 0x13, 0x00, 0x1C, 0x0C, 0x00, 0x70, 0x30, 0x01, 0x80,
  0xE0, 0x06, 0x03, 0x80, 0x38, 0x06, 0x00, 0xE0, 0x1E, 0x07, 0x00, 0x3F,
  0xF8, 0x00, 0x7F, 0xC0, 0x00, 0x00, 0x00, 0x1C, 0x00, 0x00, 0x70, 0x00,
  0x01, 0xC0, 0x00, 0x06, 0x00, 0x00, 0x00, 0x00, 0x00, 0x00, 0x00, 0x00,
  0x00, 0x00, 0x07, 0x00, 0x00, 0x1C, 0x00, 0x00, 0x70, 0x00, 0x01, 0xC0,
  0x00, 0x07, 0x00, 0x00, 0x1C, 0x00, 0x00, 0x70, 0x00, 0x01, 0xC0, 0x00,
  0x07, 0x60, 0x00, 0x1F, 0xC0, 0x00, 0x7F, 0x00, 0x01, 0xD8, 0xC0, 0x07,
  0x03, 0x00, 0x1C, 0x0C, 0x00, 0x70, 0x30, 0x01, 0x80, 0xE0, 0x06, 0x03,
  0x80, 0x38, 0x06, 0x00, 0xE0, 0x1E, 0x07, 0x00, 0x3F, 0xF8, 0x00, 0x7F,
  0xC0, 0x00, 0x07, 0x00, 0x00, 0x3C, 0x00, 0x00, 0x70, 0x00, 0x01, 0x80,
  0x00, 0x00, 0x00, 0x00, 0x00, 0x00, 0x00, 0x00, 0x00, 0x01, 0xC0, 0x00,
  0x07, 0x00, 0x00, 0x1C, 0x00, 0x00, 0x70, 0x00, 0x01, 0xC0, 0x00, 0x07,
  0x00, 0x00, 0x1C, 0x00, 0x00, 0x70, 0x00, 0x01, 0xC0, 0x00, 0x07, 0x38,
  0x00, 0x1C, 0xF0, 0x00, 0x73, 0xB0, 0x01, 0xC4, 0xC0, 0x07, 0x03, 0x00,
  0x1C, 0x0C, 0x00, 0x60, 0x38, 0x01, 0x80, 0xE0, 0x0E, 0x01, 0x80, 0x38,
  0x07, 0x81, 0xC0, 0x0F, 0xFE, 0x00, 0x1F, 0xF0, 0x00, 0x07, 0x00, 0x00,
  0x38, 0x00, 0x01, 0xC0, 0x00, 0x0E, 0x00, 0x00, 0x70, 0x00, 0x03, 0x80,
  0x00, 0x1C, 0x00, 0x00, 0xE0, 0x00, 0x07, 0x00, 0x07, 0x38, 0x00, 0x39,
  0xC0, 0x01, 0xCE, 0x00, 0x04, 0x70, 0x01, 0x83, 0x80, 0x0C, 0x0C, 0x00,
  0x60, 0x60, 0x03, 0x03, 0x00, 0x18, 0x1C, 0x01, 0xC0, 0xE0, 0x0C, 0x03,
  0x80, 0xE0, 0x0F, 0xFE, 0x00, 0x3F, 0xE0, 0xE0, 0x00, 0x03, 0x80, 0x00,
  0x0E, 0x00, 0x00, 0x38, 0x00, 0x00, 0xE0, 0x00, 0x03, 0x80, 0x00, 0x0E,
  0x00, 0x00, 0x38, 0x00, 0x00, 0xE0, 0x00, 0x03, 0x80, 0x00, 0xEE, 0x00,
  0x03, 0xF8, 0x00, 0x0E, 0xE0, 0x03, 0x13, 0x80, 0x0C, 0x0E, 0x00, 0x70,
  0x38, 0x01, 0xC0, 0x60, 0x07, 0x01, 0x80, 0x18, 0x07, 0x00, 0xE0, 0x0E,
  0x07, 0x80, 0x3F, 0xFC, 0x00, 0x3F, 0xE0, 0x00, 0x07, 0x00, 0x00, 0x3C,
  0x00, 0x01, 0xC0, 0x00, 0x06, 0x00, 0x00, 0x00, 0x00, 0x00, 0x00, 0x00,
  0x00, 0x00, 0x00, 0xE0, 0x00, 0x07, 0x00, 0x00, 0x38, 0x00, 0x01, 0xC0,
  0x00, 0x0E, 0x00, 0x00, 0x70, 0x00, 0x03, 0x80, 0x00, 0x1C, 0x00, 0x00,
  0xE0, 0x00, 0xE7, 0x00, 0x07, 0x38, 0x00, 0x39, 0xC0, 0x00, 0x8E, 0x00,
  0x30, 0x70, 0x01, 0x81, 0x80, 0x0C, 0x0C, 0x00, 0x60, 0x60, 0x03, 0x03,
  0x80, 0x38, 0x1C, 0x01, 0x80, 0x70, 0x1C, 0x01, 0xFF, 0xC0, 0x07, 0xFC,
  0x00, 0xE0, 0x00, 0x03, 0x80, 0x00, 0x0E, 0x00, 0x00, 0x30, 0x00, 0x00,
  0x00, 0x00, 0x00, 0x00, 0x00, 0x00, 0x00, 0x00, 0x38, 0x00, 0x00, 0xE0,
  0x00, 0x03, 0x80, 0x00, 0x0E, 0x00, 0x00, 0x38, 0x00, 0x00, 0xE0, 0x00,
  0x03, 0x80, 0x00, 0x0E, 0x00, 0x00, 0x38, 0x00, 0x00, 0xE0, 0x00, 0x3B,
  0x80, 0x00, 0xFE, 0x00, 0x03, 0xB8, 0x00, 0xC4, 0xE0, 0x03, 0x03, 0x80,
  0x1C, 0x0E, 0x00, 0x70, 0x18, 0x01, 0xC0, 0x60, 0x06, 0x01, 0xC0, 0x38,
  0x03, 0x81, 0xE0, 0x0F, 0xFF, 0x00, 0x0F, 0xF8, 0x00, 0x07, 0x00, 0x00,
  0x38, 0x00, 0x01, 0xC0, 0x00, 0x0E, 0x00, 0x0E, 0x70, 0x00, 0x73, 0x80,
  0x03, 0x9C, 0x00, 0x00, 0xE0, 0x00, 0x07, 0x00, 0x00, 0x38, 0x00, 0x01,
  0xC0, 0x00, 0x0E, 0x00, 0x00, 0x70, 0x01, 0x83, 0x80, 0x0F, 0x8C, 0x00,
  0x7C, 0x60, 0x03, 0xE3, 0x00, 0x18, 0x1C, 0x01, 0xC0, 0xE0, 0x0C, 0x03,
  0x80, 0xE0, 0x0F, 0xFE, 0x00, 0x3F, 0xE0, 0xC0, 0x60, 0x30, 0x18, 0x0C,
  0x06, 0x03, 0x0F, 0x87, 0xC3, 0x7F, 0x9F, 0x83, 0x00, 0x03, 0x81, 0xC0,
  0xE0, 0x70, 0x38, 0x1F, 0x0F, 0x87, 0xC3, 0x7F, 0x9F, 0x83, 0x00, 0xFF,
  0xFF, 0xFF, 0xF0, 0x00, 0xC0, 0x03, 0x00, 0x0C, 0x00, 0x30, 0x00, 0xC0,
  0x03, 0x00, 0x0C, 0x00, 0x30, 0x00, 0xC0, 0x03, 0x00, 0x0C, 0x00, 0x30,
  0x00, 0xC0, 0x03, 0x00, 0x0C, 0x00, 0x30, 0x00, 0xC0, 0x03, 0x00, 0x0C,
  0x00, 0x30, 0x03, 0x80, 0x0D, 0x80, 0x11, 0x80, 0x22, 0x00, 0x7C, 0x00,
  0x70, 0x00, 0x00, 0x00, 0x00, 0x00, 0x01, 0xFF, 0xFF, 0xFF, 0xFF, 0x00,
  0x0E, 0x00, 0x1C, 0x00, 0x38, 0x00, 0x70, 0x00, 0xE0, 0x01, 0xC0, 0x03,
  0x80, 0x07, 0x00, 0x0E, 0x00, 0x1C, 0x00, 0x38, 0x00, 0x70, 0x00, 0xE0,
  0x01, 0xC0, 0x03, 0x80, 0x07, 0x00, 0x0E, 0x00, 0x1C, 0x00, 0x38, 0x00,
  0x00, 0xFF, 0xFF, 0xFF, 0xFF, 0x80, 0x07, 0x00, 0x0E, 0x00, 0x1C, 0x00,
  0x38, 0x00, 0x70, 0x00, 0xE0, 0x01, 0xC0, 0x03, 0x80, 0x07, 0x00, 0x0E,
  0x00, 0x1C, 0x00, 0x38, 0x00, 0x70, 0x00, 0xE0, 0x01, 0xC0, 0x03, 0x80,
  0x07, 0x00, 0x0E, 0x00, 0x1C, 0x00, 0x00, 0x03, 0x80, 0x07, 0x00, 0x0E,
  0x00, 0x08, 0x00, 0x00, 0x00, 0x00, 0x00, 0x00, 0x7F, 0xFF, 0xFF, 0xFF,
  0xC0, 0x03, 0x80, 0x07, 0x00, 0x0E, 0x00, 0x1C, 0x00, 0x38, 0x00, 0x70,
  0x00, 0xE0, 0x01, 0xC0, 0x03, 0x80, 0x07, 0x00, 0x0E, 0x00, 0x1C, 0x00,
  0x38, 0x00, 0x70, 0x00, 0xE0, 0x01, 0xC0, 0x03, 0x80, 0x07, 0x00, 0x0E,
  0x00, 0x00, 0x00, 0x0C, 0x00, 0x30, 0x00, 0xC0, 0x03, 0x00, 0x0C, 0x00,
  0x30, 0x00, 0xC0, 0x03, 0x00, 0x0C, 0x00, 0x30, 0x00, 0xC0, 0x03, 0x00,
  0x0C, 0x00, 0x30, 0x00, 0xC0, 0x03, 0x00, 0x0C, 0x00, 0x30, 0x00, 0xC0,
  0x03, 0xFF, 0xFF, 0xFF, 0xF0, 0x00, 0x0C, 0x00, 0x3C, 0x00, 0x78, 0x00,
  0x60, 0x00, 0x00, 0x00, 0x00, 0x00, 0x00, 0x06, 0x00, 0x0C, 0x00, 0x18,
  0x00, 0x30, 0x00, 0x60, 0x00, 0xC0, 0x01, 0x80, 0x03, 0x00, 0x06, 0x00,
  0x0C, 0x00, 0x18, 0x00, 0x30, 0x00, 0x60, 0x00, 0xC0, 0x01, 0x80, 0x03,
  0x00, 0x06, 0x00, 0x0C, 0x00, 0x18, 0x00, 0x37, 0xFF, 0xEF, 0xFF, 0xC0,
  0x00, 0xE0, 0xC0, 0x1C, 0x3C, 0x03, 0x87, 0x80, 0x20, 0x60, 0x00, 0x00,
  0x00, 0x00, 0x00, 0x00, 0x00, 0x00, 0x60, 0x00, 0x0C, 0x00, 0x01, 0x80,
  0x00, 0x30, 0x00, 0x06, 0x00, 0x00, 0xC0, 0x00, 0x18, 0x00, 0x03, 0x00,
  0x00, 0x60, 0x00, 0x0C, 0x00, 0x01, 0x80, 0x00, 0x30, 0x00, 0x06, 0x00,
  0x00, 0xC0, 0x00, 0x18, 0x00, 0x03, 0x00, 0x00, 0x60, 0x00, 0x0C, 0x00,
  0x01, 0x80, 0x00, 0x30, 0x7F, 0xFE, 0x0F, 0xFF, 0xC0, 0xE0, 0x01, 0xC0,
  0x03, 0x80, 0x07, 0x00, 0x0E, 0x00, 0x1C, 0x00, 0x38, 0x00, 0x70, 0x00,
  0xE0, 0x01, 0xC0, 0x03, 0x80, 0x07, 0x00, 0x0E, 0x00, 0x1C, 0x00, 0x38,
  0x00, 0x70, 0x00, 0xE0, 0x01, 0xC0, 0x03, 0x80, 0x07, 0x00, 0x0F, 0xFF,
  0xFF, 0xFF, 0xC0, 0x60, 0x00, 0xF0, 0x00, 0xF0, 0x00, 0x60, 0x00, 0x00,
  0x00, 0x00, 0x00, 0x00, 0x00, 0x60, 0x00, 0x60, 0x00, 0x60, 0x00, 0x60,
  0x00, 0x60, 0x00, 0x60, 0x00, 0x60, 0x00, 0x60, 0x00, 0x60, 0x00, 0x60,
  0x00, 0x60, 0x00, 0x60, 0x00, 0x60, 0x00, 0x60, 0x00, 0x60, 0x00, 0x60,
  0x00, 0x60, 0x00, 0x60, 0x00, 0x60, 0x00, 0x60, 0x00, 0x7F, 0xFF, 0x7F,
  0xFF, 0x1F, 0xFF, 0xC7, 0xFF, 0xF0, 0x00, 0x1C, 0x00, 0x07, 0x00, 0x01,
  0xC0, 0x00, 0x70, 0x00, 0x1C, 0x00, 0x07, 0x00, 0x01, 0xD8, 0x00, 0x7F,
  0x00, 0x1F, 0xC0, 0x07, 0x60, 0x01, 0xC0, 0x00, 0x70, 0x00, 0x1C, 0x00,
  0x07, 0x00, 0x01, 0xC0, 0x00, 0x70, 0x00, 0x1C, 0x00, 0x07, 0x00, 0x01,
  0xC0, 0x00, 0x70, 0xFF, 0xFC, 0x0F, 0xFF, 0xC0, 0x00, 0x0C, 0x00, 0x00,
  0xC0, 0x00, 0x0C, 0x00, 0x00, 0xC0, 0x00, 0x0C, 0x00, 0x00, 0xC0, 0x00,
  0x0C, 0x00, 0x00, 0xC7, 0x00, 0x0C, 0x70, 0x00, 0xC7, 0x00, 0x0C, 0x20,
  0x00, 0xC0, 0x00, 0x0C, 0x00, 0x00, 0xC0, 0x00, 0x0C, 0x00, 0x00, 0xC0,
  0x00, 0x0C, 0x00, 0x00, 0xC0, 0x00, 0x0C, 0x00, 0x00, 0xC0, 0x03, 0xFF,
  0xF8, 0x1F, 0xFF, 0xC0, 0xE0, 0x00, 0x07, 0x00, 0x00, 0x38, 0x00, 0x01,
  0xC0, 0x00, 0x0E, 0x00, 0x00, 0x70, 0x00, 0x03, 0x80, 0x03, 0x9C, 0x00,
  0x3C, 0xE0, 0x00, 0xE7, 0x00, 0x02, 0x38, 0x00, 0x01, 0xC0, 0x00, 0x0E,
  0x00, 0x00, 0x70, 0x00, 0x03, 0x80, 0x00, 0x1C, 0x00, 0x00, 0xE0, 0x00,
  0x07, 0x00, 0x00, 0x38, 0x00, 0x01, 0xC0, 0x00, 0xFF, 0xFE, 0x3F, 0xFF,
  0x8E, 0x00, 0x03, 0x80, 0x00, 0xE0, 0x00, 0x38, 0x00, 0x0E, 0x00, 0x03,
  0x80, 0x00, 0xE0, 0x00, 0x38, 0x00, 0x6E, 0x00, 0x3F, 0x80, 0x0F, 0xE0,
  0x01, 0xB8, 0x00, 0x0E, 0x00, 0x03, 0x80, 0x00, 0xE0, 0x00, 0x38, 0x00,
  0x0E, 0x00, 0x03, 0x80, 0x00, 0xE0, 0x00, 0x38, 0x00, 0x00, 0x00, 0x06,
  0x00, 0x00, 0x78, 0x00, 0x03, 0xC0, 0x00, 0x0C, 0x00, 0x00, 0x00, 0x00,
  0x00, 0x00, 0x00, 0x00, 0x00, 0x7F, 0xFF, 0x03, 0xFF, 0xF8, 0x1C, 0x00,
  0x00, 0xE0, 0x00, 0x07, 0x00, 0x00, 0x38, 0x00, 0x01, 0xC0, 0x00, 0x0E,
  0x00, 0x00, 0x70, 0x00, 0x73, 0x80, 0x07, 0x9C, 0x00, 0x1C, 0xE0, 0x00,
  0x47, 0x00, 0x00, 0x38, 0x00, 0x01, 0xC0, 0x00, 0x0E, 0x00, 0x00, 0x70,
  0x00, 0x03, 0x80, 0x00, 0x1C, 0x00, 0x00, 0xE0, 0x00, 0x07, 0x00, 0x00,
  0x38, 0x00, 0x00, 0x03, 0x80, 0x00, 0xE0, 0x00, 0x38, 0x00, 0x04, 0x00,
  0x00, 0x00, 0x00, 0x00, 0x00, 0x00, 0x03, 0xFF, 0xF8, 0xFF, 0xFE, 0x38,
  0x00, 0x0E, 0x00, 0x03, 0x80, 0x00, 0xE0, 0x00, 0x38, 0x00, 0x0E, 0x00,
  0x03, 0x80, 0x00, 0xE0, 0x01, 0xB8, 0x00, 0xFE, 0x00, 0x3F, 0x80, 0x06,
  0xE0, 0x00, 0x38, 0x00, 0x0E, 0x00, 0x03, 0x80, 0x00, 0xE0, 0x00, 0x38,
  0x00, 0x0E, 0x00, 0x03, 0x80, 0x00, 0xE0, 0x00, 0x00, 0x00, 0x01, 0xC0,
  0x00, 0x70, 0x00, 0x1C, 0x00, 0x07, 0x00, 0x01, 0xC0, 0x00, 0x70, 0x00,
  0x1C, 0x00, 0x07, 0x00, 0x01, 0xD8, 0x00, 0x7F, 0x00, 0x1F, 0xC0, 0x07,
  0x60, 0x01, 0xC0, 0x00, 0x70, 0x00, 0x1C, 0x00, 0x07, 0x00, 0x01, 0xC0,
  0x00, 0x70, 0x00, 0x1C, 0x00, 0x07, 0x1F, 0xFF, 0xC7, 0xFF, 0xF0, 0x00,
  0x0C, 0x00, 0x00, 0xC0, 0x00, 0x0C, 0x00, 0x00, 0xC0, 0x00, 0x0C, 0x00,
  0x00, 0xC0, 0x00, 0x0C, 0x00, 0x00, 0xC0, 0x00, 0x0C, 0x00, 0x00, 0xC7,
  0x00, 0x0C, 0x70, 0x00, 0xC7, 0x00, 0x0C, 0x20, 0x00, 0xC0, 0x00, 0x0C,
  0x00, 0x00, 0xC0, 0x00, 0x0C, 0x00, 0x00, 0xC0, 0x00, 0x0C, 0x00, 0x00,
  0xC0, 0xFF, 0xFC, 0x0F, 0xFF, 0xC0, 0x00, 0x01, 0xC0, 0x00, 0x3C, 0x00,
  0x07, 0x00, 0x00, 0x60, 0x00, 0x00, 0x00, 0x00, 0x00, 0x00, 0x00, 0x00,
  0x0E, 0x00, 0x01, 0xC0, 0x00, 0x38, 0x00, 0x07, 0x00, 0x00, 0xE0, 0x00,
  0x1C, 0x00, 0x03, 0x80, 0x00, 0x70, 0x00, 0x0E, 0x60, 0x01, 0xDE, 0x00,
  0x3B, 0xC0, 0x07, 0x30, 0x00, 0xE0, 0x00, 0x1C, 0x00, 0x03, 0x80, 0x00,
  0x70, 0x00, 0x0E, 0x00, 0x01, 0xC0, 0x00, 0x38, 0x00, 0x07, 0x0F, 0xFF,
  0xE1, 0xFF, 0xFC, 0x00, 0x0C, 0x00, 0x01, 0xE0, 0x00, 0x1E, 0x00, 0x00,
  0xC0, 0x00, 0x00, 0x00, 0x00, 0x00, 0x00, 0x00, 0x00, 0x00, 0xC0, 0x00,
  0x0C, 0x00, 0x00, 0xC0, 0x00, 0x0C, 0x00, 0x00, 0xC0, 0x00, 0x0C, 0x00,
  0x00, 0xC0, 0x00, 0x0C, 0x00, 0x00, 0xC0, 0x00, 0x0C, 0x70, 0x00, 0xC7,
  0x00, 0x0C, 0x70, 0x00, 0xC2, 0x00, 0x0C, 0x00, 0x00, 0xC0, 0x00, 0x0C,
  0x00, 0x00, 0xC0, 0x00, 0x0C, 0x00, 0x00, 0xC0, 0x00, 0x0C, 0x0F, 0xFF,
  0xC0, 0xFF, 0xFC, 0x00, 0x03, 0x80, 0x00, 0x1C, 0x00, 0x00, 0xE0, 0x00,
  0x07, 0x00, 0x00, 0x38, 0x00, 0x01, 0xC0, 0x00, 0x0E, 0x00, 0x00, 0x70,
  0x00, 0x03, 0x80, 0x03, 0x9C, 0x00, 0x3C, 0xE0, 0x00, 0xE7, 0x00, 0x02,
  0x38, 0x00, 0x01, 0xC0, 0x00, 0x0E, 0x00, 0x00, 0x70, 0x00, 0x03, 0x80,
  0x00, 0x1C, 0x00, 0x00, 0xE0, 0x00, 0x07, 0x00, 0x00, 0x3F, 0xFF, 0x81,
  0xFF, 0xFC, 0xE0, 0x00, 0x38, 0x00, 0x0E, 0x00, 0x03, 0x80, 0x00, 0xE0,
  0x00, 0x38, 0x00, 0x0E, 0x00, 0x03, 0x80, 0x00, 0xE0, 0x00, 0x38, 0x00,
  0x6E, 0x00, 0x3F, 0x80, 0x0F, 0xE0, 0x01, 0xB8, 0x00, 0x0E, 0x00, 0x03,
  0x80, 0x00, 0xE0, 0x00, 0x38, 0x00, 0x0E, 0x00, 0x03, 0x80, 0x00, 0xFF,
  0xFE, 0x3F, 0xFF, 0x80, 0x03, 0x80, 0x00, 0x1E, 0x00, 0x00, 0xE0, 0x00,
  0x03, 0x00, 0x00, 0x00, 0x00, 0x00, 0x00, 0x00, 0x00, 0x00, 0x00, 0x70,
  0x00, 0x03, 0x80, 0x00, 0x1C, 0x00, 0x00, 0xE0, 0x00, 0x07, 0x00, 0x00,
  0x38, 0x00, 0x01, 0xC0, 0x00, 0x0E, 0x00, 0x00, 0x70, 0x00, 0x73, 0x80,
  0x07, 0x9C, 0x00, 0x1C, 0xE0, 0x00, 0x47, 0x00, 0x00, 0x38, 0x00, 0x01,
  0xC0, 0x00, 0x0E, 0x00, 0x00, 0x70, 0x00, 0x03, 0x80, 0x00, 0x1C, 0x00,
  0x00, 0xE0, 0x00, 0x07, 0xFF, 0xF0, 0x3F, 0xFF, 0x80, 0x60, 0x00, 0x3C,
  0x00, 0x0E, 0x00, 0x01, 0x80, 0x00, 0x00, 0x00, 0x00, 0x00, 0x00, 0x00,
  0x03, 0x80, 0x00, 0xE0, 0x00, 0x38, 0x00, 0x0E, 0x00, 0x03, 0x80, 0x00,
  0xE0, 0x00, 0x38, 0x00, 0x0E, 0x00, 0x03, 0x80, 0x00, 0xE0, 0x01, 0xB8,
  0x00, 0xFE, 0x00, 0x3F, 0x80, 0x06, 0xE0, 0x00, 0x38, 0x00, 0x0E, 0x00,
  0x03, 0x80, 0x00, 0xE0, 0x00, 0x38, 0x00, 0x0E, 0x00, 0x03, 0xFF, 0xF8,
  0xFF, 0xFE, 0x00, 0x03, 0x80, 0x00, 0x1C, 0x00, 0x00, 0xE0, 0x00, 0x07,
  0x00, 0x07, 0x38, 0x00, 0x79, 0xC0, 0x01, 0xCE, 0x00, 0x00, 0x70, 0x00,
  0x03, 0x80, 0x00, 0x1C, 0x00, 0x00, 0xE0, 0x00, 0x07, 0x00, 0x00, 0x38,
  0x00, 0x01, 0xC0, 0x01, 0xCE, 0x00, 0x1E, 0x70, 0x00, 0x73, 0x80, 0x00,
  0x1C, 0x00, 0x00, 0xE0, 0x00, 0x07, 0x00, 0x00, 0x3F, 0xFF, 0x81, 0xFF,
  0xFC, 0xE0, 0x70, 0x38, 0x1C, 0x0E, 0x07, 0x03, 0x81, 0xC0, 0xE0, 0x7F,
  0xFF, 0xE0, 0x1F, 0xBF, 0xDC, 0x1C, 0x0E, 0x07, 0x03, 0x81, 0xC0, 0x70,
  0x1F, 0xC7, 0xE0, 0x01, 0x80, 0xC0, 0x60, 0x30, 0x18, 0x0C, 0x06, 0x03,
  0x01, 0xFF, 0xFF, 0xE0, 0x0C, 0x3F, 0x9F, 0xFC, 0x30, 0x18, 0x1C, 0x1C,
  0x1C, 0x1C, 0x1C, 0x1F, 0xFF, 0xF0, 0x07, 0x80, 0xFF, 0xC7, 0xFF, 0xBC,
  0x0F, 0xE0, 0x1F, 0x00, 0x30, 0x00, 0xC0, 0x03, 0x00, 0x0C, 0x00, 0x30,
  0x01, 0xC0, 0x06, 0x00, 0x38, 0x01, 0xC0, 0x0E, 0x00, 0x70, 0x03, 0x80,
  0x1C, 0x01, 0xE0, 0x0F, 0x00, 0x70, 0x03, 0xFF, 0xFF, 0xFF, 0xC0, 0xFF,
  0xFF, 0xC0, 0x7F, 0xFF, 0xFC, 0x3F, 0xFF, 0xFF, 0x00, 0x07, 0x01, 0xC0,
  0x07, 0x00, 0x70, 0x03, 0x80, 0x38, 0x01, 0x80, 0x0C, 0x00, 0xC0, 0x06,
  0x00, 0x60, 0x03, 0x80, 0x30, 0x01, 0x80, 0x18, 0x00, 0xC0, 0x0E, 0x00,
  0xE0, 0x03, 0x80, 0x70, 0x01, 0xE0, 0xF0, 0x00, 0x7F, 0xF0, 0x00, 0x0F,
  0xF0, 0x00, 0x70, 0x00, 0x00, 0x7C, 0x00, 0x00, 0x22, 0x00, 0x00, 0x31,
  0x00, 0x00, 0x0D, 0x80, 0x00, 0x03, 0x80, 0x00, 0x00, 0x00, 0x00, 0x00,
  0x00, 0x00, 0x00, 0x00, 0x00, 0x01, 0xFF, 0xFF, 0xC7, 0xFF, 0xFF, 0xE7,
  0xFF, 0xFF, 0xF7, 0x81, 0xC0, 0x03, 0x00, 0x70, 0x03, 0x80, 0x18, 0x01,
  0x80, 0x0E, 0x00, 0xC0, 0x07, 0x00, 0x60, 0x03, 0x80, 0x30, 0x01, 0xC0,
  0x1C, 0x00, 0xC0, 0x0E, 0x00, 0xE0, 0x03, 0x80, 0x70, 0x01, 0xE0, 0xF0,
  0x00, 0x7F, 0xF0, 0x00, 0x0F, 0xF0, 0x00, 0x00, 0x03, 0xFF, 0xFF, 0x8F,
  0xFF, 0xFF, 0xCF, 0xFF, 0xFF, 0xEF, 0x03, 0x80, 0x06, 0x00, 0xE0, 0x07,
  0x00, 0x30, 0x03, 0x00, 0x1C, 0x01, 0x80, 0x0E, 0x00, 0xC0, 0x07, 0x00,
  0x60, 0x03, 0x80, 0x38, 0x01, 0x80, 0x1C, 0x01, 0xC0, 0x07, 0x00, 0xE0,
  0x03, 0xC1, 0xE0, 0x00, 0xFF, 0xE0, 0x00, 0x1F, 0xE0, 0x00, 0x00, 0x60,
  0x00, 0x00, 0x38, 0x00, 0x00, 0x1C, 0x00, 0x00, 0x0E, 0x00, 0x00, 0x00,
  0x00, 0x00, 0x00, 0x00, 0x00, 0x00, 0x00, 0x00, 0x07, 0xFF, 0xFF, 0x1F,
  0xFF, 0xFF, 0x9F, 0xFF, 0xFF, 0xDE, 0x07, 0x00, 0x0C, 0x01, 0xC0, 0x0E,
  0x00, 0x60, 0x06, 0x00, 0x38, 0x03, 0x00, 0x1C, 0x01, 0x80, 0x0E, 0x00,
  0xC0, 0x07, 0x00, 0x70, 0x03, 0x00, 0x38, 0x03, 0x80, 0x0E, 0x01, 0xC0,
  0x07, 0x83, 0xC0, 0x01, 0xFF, 0xC0, 0x00, 0x3F, 0xC0, 0x00, 0x00, 0x07,
  0xF0, 0x00, 0x07, 0xFE, 0x00, 0x07, 0x87, 0x80, 0x07, 0x01, 0xC0, 0x07,
  0x00, 0x70, 0x03, 0x00, 0x18, 0x01, 0x80, 0x0C, 0x00, 0xC0, 0x06, 0x00,
  0x60, 0x03, 0x80, 0x30, 0x01, 0x80, 0x1C, 0x00, 0xC0, 0x0E, 0x00, 0xE0,
  0x03, 0x80, 0xE0, 0x00, 0xF1, 0xF3, 0xFF, 0xFF, 0xE1, 0xFF, 0xFF, 0xE0,
  0x00, 0x00, 0x80, 0x00, 0x00, 0xE0, 0x00, 0x00, 0x70, 0x00, 0x00, 0x38,
  0x00, 0x00, 0x00, 0x00, 0x00, 0x00, 0x00, 0x00, 0x00, 0x00, 0x00, 0x0F,
  0xE0, 0x00, 0x0F, 0xFC, 0x00, 0x0F, 0x0F, 0x00, 0x0E, 0x03, 0x80, 0x0E,
  0x00, 0xE0, 0x06, 0x00, 0x30, 0x03, 0x00, 0x18, 0x01, 0x80, 0x0C, 0x00,
  0xC0, 0x07, 0x00, 0x60, 0x03, 0x00, 0x38, 0x01, 0x80, 0x1C, 0x01, 0xC0,
  0x07, 0x01, 0xC0, 0x01, 0xE3, 0xE7, 0xFF, 0xFF, 0xC3, 0xFF, 0xFF, 0xC0,
  0x00, 0x0C, 0x18, 0x00, 0x0F, 0x0E, 0x00, 0x07, 0x8F, 0x00, 0x01, 0x83,
  0x80, 0x00, 0x00, 0x00, 0x00, 0x00, 0x00, 0x00, 0x00, 0x00, 0x00, 0x0F,
  0xE0, 0x00, 0x0F, 0xFC, 0x00, 0x0F, 0x0F, 0x00, 0x0E, 0x03, 0x80, 0x0E,
  0x00, 0xE0, 0x06, 0x00, 0x30, 0x03, 0x00, 0x18, 0x01, 0x80, 0x0C, 0x00,
  0xC0, 0x07, 0x00, 0x60, 0x03, 0x00, 0x38, 0x01, 0x80, 0x1C, 0x01, 0xC0,
  0x07, 0x01, 0xC0, 0x01, 0xE3, 0xE7, 0xFF, 0xFF, 0xC3, 0xFF, 0xFF, 0xC0,
  0x0F, 0xE0, 0x00, 0x0F, 0xFC, 0x00, 0x0F, 0x0F, 0x00, 0x0E, 0x03, 0xC0,
  0x0E, 0x00, 0xE0, 0x07, 0x00, 0x30, 0x03, 0x00, 0x1C, 0x01, 0x80, 0x0E,
  0x00, 0xC0, 0x07, 0x00, 0x60, 0x03, 0x80, 0x38, 0x01, 0x80, 0x1C, 0x01,
  0xC0, 0x07, 0x01, 0xC0, 0x01, 0xE1, 0xE0, 0x00, 0x7F, 0xFF, 0xFE, 0x0F,
  0xFF, 0xFF, 0x01, 0x80, 0x00, 0x01, 0xE0, 0x00, 0x00, 0xF0, 0x00, 0x00,
  0x30, 0x00, 0x00, 0x00, 0x00, 0x00, 0x00, 0x00, 0x00, 0x00, 0x00, 0x00,
  0x1F, 0xC0, 0x00, 0x1F, 0xF8, 0x00, 0x1E, 0x1E, 0x00, 0x1C, 0x07, 0x80,
  0x1C, 0x01, 0xC0, 0x0E, 0x00, 0x60, 0x06, 0x00, 0x38, 0x03, 0x00, 0x1C,
  0x01, 0x80, 0x0E, 0x00, 0xC0, 0x07, 0x00, 0x70, 0x03, 0x00, 0x38, 0x03,
  0x80, 0x0E, 0x03, 0x80, 0x03, 0xC3, 0xC0, 0x00, 0xFF, 0xFF, 0xFC, 0x1F,
  0xFF, 0xFE, 0x07, 0xFF, 0xFF, 0x00, 0x1F, 0xFF, 0xFF, 0x80, 0x7F, 0xFF,
  0xFF, 0x38, 0x00, 0x38, 0x1E, 0xF0, 0x01, 0xC0, 0x3B, 0xC0, 0x06, 0x00,
  0x76, 0x00, 0x38, 0x00, 0xC0, 0x00, 0xE0, 0x03, 0x00, 0x03, 0x80, 0x0C,
  0x00, 0x0E, 0x00, 0x30, 0x00, 0x38, 0x01, 0xC0, 0x00, 0x70, 0x07, 0x00,
  0x01, 0xC0, 0x38, 0x00, 0x03, 0xC1, 0xE0, 0x00, 0x07, 0xFF, 0x00, 0x00,
  0x0F, 0xF0, 0xFF, 0xFF, 0xC0, 0x03, 0xFF, 0xFF, 0xE0, 0x0F, 0xFF, 0xFF,
  0xC0, 0x00, 0x0E, 0x03, 0x86, 0x00, 0x70, 0x07, 0x3C, 0x01, 0xC0, 0x1C,
  0xF0, 0x06, 0x00, 0x31, 0x80, 0x18, 0x00, 0xC0, 0x00, 0x60, 0x03, 0x80,
  0x01, 0x80, 0x0C, 0x00, 0x06, 0x00, 0x30, 0x00, 0x1C, 0x01, 0xC0, 0x00,
  0x38, 0x07, 0x00, 0x00, 0xF0, 0x78, 0x00, 0x01, 0xFF, 0xC0, 0x00, 0x01,
  0xFE, 0x00, 0x00, 0x3F, 0x80, 0x00, 0x03, 0xFF, 0x00, 0x00, 0x1E, 0x1F,
  0x00, 0x18, 0x70, 0x1C, 0x00, 0xF3, 0x80, 0x38, 0x03, 0xCC, 0x00, 0xE0,
  0x06, 0x30, 0x01, 0x80, 0x00, 0xC0, 0x06, 0x00, 0x03, 0x00, 0x18, 0x00,
  0x0C, 0x00, 0x60, 0x00, 0x30, 0x03, 0x80, 0x00, 0xE0, 0x0E, 0x00, 0x01,
  0xC0, 0x70, 0x00, 0x07, 0xC7, 0x80, 0x00, 0x0F, 0xFF, 0xFF, 0xC0, 0x0F,
  0xFF, 0xFF, 0x0F, 0xE0, 0x00, 0x0F, 0xFC, 0x00, 0x0F, 0x0F, 0x00, 0x0E,
  0x03, 0xC0, 0x6E, 0x00, 0xE0, 0x7F, 0x00, 0x30, 0x3F, 0x00, 0x1C, 0x0D,
  0x80, 0x0E, 0x00, 0xC0, 0x07, 0x00, 0x60, 0x03, 0x80, 0x38, 0x01, 0x80,
  0x1C, 0x01, 0xC0, 0x07, 0x01, 0xC0, 0x01, 0xE1, 0xE0, 0x00, 0x7F, 0xFF,
  0xFE, 0x0F, 0xFF, 0xFF, 0x00, 0x0C, 0x00, 0x00, 0x00, 0x38, 0x00, 0x00,
  0x00, 0xE0, 0x00, 0x00, 0x03, 0x80, 0x00, 0x00, 0x00, 0x00, 0x00, 0x00,
  0x00, 0x00, 0x00, 0x00, 0x00, 0x00, 0x00, 0x0F, 0xE0, 0x00, 0x00, 0xFF,
  0xC0, 0x00, 0x07, 0x87, 0xC0, 0x06, 0x1C, 0x07, 0x00, 0x3C, 0xE0, 0x0E,
  0x00, 0xF3, 0x00, 0x38, 0x01, 0x8C, 0x00, 0x60, 0x00, 0x30, 0x01, 0x80,
  0x00, 0xC0, 0x06, 0x00, 0x03, 0x00, 0x18, 0x00, 0x0C, 0x00, 0xE0, 0x00,
  0x38, 0x03, 0x80, 0x00, 0x70, 0x1C, 0x00, 0x01, 0xF1, 0xE0, 0x00, 0x03,
  0xFF, 0xFF, 0xF0, 0x03, 0xFF, 0xFF, 0xC0, 0x01, 0x80, 0x00, 0x01, 0xE0,
  0x00, 0x00, 0xF0, 0x00, 0x00, 0x30, 0x00, 0x00, 0x00, 0x00, 0x00, 0x00,
  0x00, 0x00, 0x00, 0x00, 0x00, 0x1F, 0xC0, 0x00, 0x1F, 0xF8, 0x00, 0x1E,
  0x1E, 0x00, 0x1C, 0x07, 0x80, 0xDC, 0x01, 0xC0, 0xFE, 0x00, 0x60, 0x7E,
  0x00, 0x38, 0x1B, 0x00, 0x1C, 0x01, 0x80, 0x0E, 0x00, 0xC0, 0x07, 0x00,
  0x70, 0x03, 0x00, 0x38, 0x03, 0x80, 0x0E, 0x03, 0x80, 0x03, 0xC3, 0xC0,
  0x00, 0xFF, 0xFF, 0xFC, 0x1F, 0xFF, 0xFE, 0x18, 0x10, 0x00, 0x1E, 0x1C,
  0x00, 0x0F, 0x0E, 0x00, 0x03, 0x07, 0x00, 0x00, 0x00, 0x00, 0x00, 0x00,
  0x00, 0x00, 0x00, 0x00, 0x00, 0x1F, 0xC0, 0x00, 0x1F, 0xF8, 0x00, 0x1E,
  0x1E, 0x00, 0x1C, 0x07, 0x80, 0x1C, 0x01, 0xC0, 0x0E, 0x00, 0x60, 0x06,
  0x00, 0x38, 0x03, 0x00, 0x1C, 0x01, 0x80, 0x0E, 0x00, 0xC0, 0x07, 0x00,
  0x70, 0x03, 0x00, 0x38, 0x03, 0x80, 0x0E, 0x03, 0x80, 0x03, 0xC3, 0xC0,
  0x00, 0xFF, 0xFF, 0xFC, 0x1F, 0xFF, 0xFE, 0x04, 0x00, 0x3F, 0x00, 0x7F,
  0x80, 0x61, 0xC0, 0xE0, 0xC0, 0xE0, 0xC0, 0xE0, 0xC0, 0x61, 0xC0, 0x7F,
  0x80, 0x3F, 0xFF, 0x0F, 0xFF, 0xE0, 0x7C, 0x0F, 0x81, 0xF0, 0x3E, 0x07,
  0xC0, 0xF8, 0x1F, 0x03, 0xE0, 0xEE, 0x38, 0xFF, 0x0F, 0x80, 0x00, 0x30,
  0x00, 0xFC, 0x01, 0xFE, 0x03, 0x87, 0x03, 0x07, 0x03, 0x03, 0x03, 0x07,
  0x03, 0x87, 0x01, 0xFE, 0xFF, 0xFC, 0xFF, 0xF8, 0xFF, 0xFF, 0xC0, 0xFF,
  0xFF, 0xF8, 0xFF, 0xFF, 0xFC, 0x00, 0x00, 0x1E, 0x00, 0x00, 0x0E, 0x00,
  0x00, 0x07, 0x00, 0x00, 0x07, 0x00, 0x00, 0x07, 0x00, 0x00, 0x07, 0x00,
  0x00, 0x07, 0x00, 0x00, 0x07, 0x00, 0x00, 0x06, 0x00, 0x00, 0x0E, 0x00,
  0x00, 0x3C, 0x00, 0x07, 0xF8, 0x00, 0x07, 0xE0, 0x00, 0x70, 0x00, 0x00,
  0xF8, 0x00, 0x00, 0x8C, 0x00, 0x00, 0x8C, 0x00, 0x00, 0xD8, 0x00, 0x00,
  0x70, 0x00, 0x00, 0x00, 0x00, 0x00, 0x00, 0x00, 0x00, 0x00, 0x00, 0x03,
  0xFF, 0xFF, 0x1F, 0xFF, 0xFF, 0x3F, 0xFF, 0xFF, 0x70, 0x00, 0x00, 0xE0,
  0x00, 0x00, 0xE0, 0x00, 0x00, 0xC0, 0x00, 0x00, 0xC0, 0x00, 0x00, 0xC0,
  0x00, 0x00, 0xC0, 0x00, 0x00, 0xE0, 0x00, 0x00, 0xE0, 0x00, 0x00, 0x70,
  0x00, 0x00, 0x3C, 0x00, 0x00, 0x1F, 0xE0, 0x00, 0x07, 0xE0, 0x00, 0x03,
  0xFF, 0xFF, 0x1F, 0xFF, 0xFF, 0x3F, 0xFF, 0xFF, 0x70, 0x00, 0x00, 0xE0,
  0x00, 0x00, 0xE0, 0x00, 0x00, 0xC0, 0x00, 0x00, 0xC0, 0x00, 0x00, 0xC0,
  0x00, 0x00, 0xC0, 0x00, 0x00, 0xE0, 0x00, 0x00, 0xE0, 0x00, 0x00, 0x70,
  0x00, 0x00, 0x3C, 0x00, 0x00, 0x1F, 0xE0, 0x00, 0x07, 0xE0, 0x00, 0x00,
  0x30, 0x00, 0x00, 0x78, 0x00, 0x00, 0x78, 0x00, 0x00, 0x30, 0x00, 0x00,
  0x00, 0x00, 0x00, 0x00, 0x00, 0x00, 0x00, 0x00, 0x03, 0xFF, 0xFF, 0x1F,
  0xFF, 0xFF, 0x3F, 0xFF, 0xFF, 0x70, 0x00, 0x00, 0xE0, 0x00, 0x00, 0xE0,
  0x00, 0x00, 0xC0, 0x00, 0x00, 0xC0, 0x00, 0x00, 0xC0, 0x00, 0x00, 0xC0,
  0x00, 0x00, 0xE0, 0x00, 0x00, 0xE0, 0x00, 0x00, 0x70, 0x00, 0x00, 0x3C,
  0x00, 0x00, 0x1F, 0xE0, 0x00, 0x07, 0xE0, 0x00, 0x00, 0x07, 0xC0, 0x00,
  0x07, 0xF0, 0x00, 0x07, 0xFC, 0x00, 0x00, 0x1E, 0x00, 0x00, 0x0E, 0x00,
  0x00, 0x07, 0x00, 0x00, 0x07, 0x00, 0x00, 0x07, 0x00, 0x00, 0x07, 0x00,
  0x00, 0x07, 0x00, 0x00, 0x07, 0x00, 0x00, 0x06, 0x00, 0x00, 0x0E, 0x00,
  0x00, 0x3C, 0xFF, 0xFF, 0xF8, 0xFF, 0xFF, 0xE0, 0x00, 0x01, 0x80, 0x00,
  0x03, 0xC0, 0x00, 0x03, 0xC0, 0x00, 0x01, 0x80, 0x00, 0x00, 0x00, 0x00,
  0x00, 0x00, 0x00, 0x00, 0x00, 0x00, 0x07, 0xC0, 0x00, 0x07, 0xF0, 0x00,
  0x07, 0xFC, 0x00, 0x00, 0x1E, 0x00, 0x00, 0x0E, 0x00, 0x00, 0x07, 0x00,
  0x00, 0x07, 0x00, 0x00, 0x07, 0x00, 0x00, 0x07, 0x00, 0x00, 0x07, 0x00,
  0x00, 0x07, 0x00, 0x00, 0x06, 0x00, 0x00, 0x0E, 0x00, 0x00, 0x3C, 0xFF,
  0xFF, 0xF8, 0xFF, 0xFF, 0xE0, 0x00, 0x0C, 0x18, 0x00, 0x1E, 0x1C, 0x00,
  0x1E, 0x1C, 0x00, 0x0C, 0x1C, 0x00, 0x00, 0x00, 0x00, 0x00, 0x00, 0x00,
  0x00, 0x00, 0x00, 0x07, 0xC0, 0x00, 0x07, 0xF0, 0x00, 0x07, 0xFC, 0x00,
  0x00, 0x1E, 0x00, 0x00, 0x0E, 0x00, 0x00, 0x07, 0x00, 0x00, 0x07, 0x00,
  0x00, 0x07, 0x00, 0x00, 0x07, 0x00, 0x00, 0x07, 0x00, 0x00, 0x07, 0x00,
  0x00, 0x06, 0x00, 0x00, 0x0E, 0x00, 0x00, 0x3C, 0xFF, 0xFF, 0xF8, 0xFF,
  0xFF, 0xE0, 0x03, 0xE0, 0x00, 0x1F, 0xE0, 0x00, 0x3F, 0xE0, 0x00, 0x70,
  0x00, 0x00, 0x60, 0x00, 0x00, 0xE0, 0x00, 0x00, 0xE0, 0x00, 0x00, 0xC0,
  0x00, 0x00, 0xC0, 0x00, 0x00, 0xC0, 0x00, 0x00, 0xE0, 0x00, 0x00, 0xE0,
  0x00, 0x00, 0x70, 0x00, 0x00, 0x7C, 0x00, 0x00, 0x1F, 0xFF, 0xFF, 0x07,
  0xFF, 0xFF, 0x01, 0x80, 0x00, 0x03, 0xC0, 0x00, 0x03, 0xC0, 0x00, 0x01,
  0x80, 0x00, 0x00, 0x00, 0x00, 0x00, 0x00, 0x00, 0x00, 0x00, 0x00, 0x03,
  0xE0, 0x00, 0x1F, 0xE0, 0x00, 0x3F, 0xE0, 0x00, 0x70, 0x00, 0x00, 0x60,
  0x00, 0x00, 0xE0, 0x00, 0x00, 0xE0, 0x00, 0x00, 0xC0, 0x00, 0x00, 0xC0,
  0x00, 0x00, 0xC0, 0x00, 0x00, 0xE0, 0x00, 0x00, 0xE0, 0x00, 0x00, 0x70,
  0x00, 0x00, 0x7C, 0x00, 0x00, 0x1F, 0xFF, 0xFF, 0x07, 0xFF, 0xFF, 0x07,
  0xFF, 0xFE, 0x00, 0x1F, 0xFF, 0xFF, 0x00, 0x7F, 0xFF, 0xFF, 0x38, 0x00,
  0x00, 0x1C, 0xF0, 0x00, 0x00, 0x3B, 0xC0, 0x00, 0x00, 0x66, 0x00, 0x00,
  0x01, 0x80, 0x00, 0x00, 0x07, 0x00, 0x00, 0x00, 0x1C, 0x00, 0x00, 0x00,
  0x60, 0x00, 0x00, 0x01, 0x80, 0x00, 0x00, 0x0E, 0x00, 0x00, 0x00, 0x70,
  0x00, 0x00, 0x03, 0xC0, 0x00, 0x01, 0xFE, 0x00, 0x00, 0x07, 0xE0, 0xFF,
  0xFF, 0xC0, 0x07, 0xFF, 0xFF, 0xC0, 0x3F, 0xFF, 0xFF, 0x00, 0x00, 0x00,
  0x3C, 0x70, 0x00, 0x00, 0xE7, 0x80, 0x00, 0x03, 0x9C, 0x00, 0x00, 0x1C,
  0xC0, 0x00, 0x00, 0xE0, 0x00, 0x00, 0x07, 0x00, 0x00, 0x00, 0x38, 0x00,
  0x00, 0x01, 0xC0, 0x00, 0x00, 0x0C, 0x00, 0x00, 0x00, 0xE0, 0x00, 0x00,
  0x1E, 0x00, 0x00, 0x1F, 0xE0, 0x00, 0x00, 0xFC, 0x00, 0x00, 0x0F, 0xFF,
  0xFC, 0x01, 0xFF, 0xFF, 0xF0, 0x1F, 0xFF, 0xFF, 0xD8, 0x70, 0x00, 0x00,
  0xF3, 0x80, 0x00, 0x03, 0xCC, 0x00, 0x00, 0x06, 0x30, 0x00, 0x00, 0x00,
  0xC0, 0x00, 0x00, 0x03, 0x00, 0x00, 0x00, 0x0C, 0x00, 0x00, 0x00, 0x30,
  0x00, 0x00, 0x00, 0xE0, 0x00, 0x00, 0x01, 0xC0, 0x00, 0x00, 0x07, 0x80,
  0x00, 0x00, 0x0F, 0xF8, 0x00, 0x00, 0x0F, 0xE0, 0x00, 0x03, 0xFF, 0xFF,
  0x00, 0xFF, 0xFF, 0xF8, 0x0F, 0xFF, 0xFF, 0xC0, 0xE0, 0x00, 0x00, 0x7E,
  0x00, 0x00, 0x07, 0xF0, 0x00, 0x00, 0x1F, 0x00, 0x00, 0x00, 0xD8, 0x00,
  0x00, 0x00, 0xC0, 0x00, 0x00, 0x06, 0x00, 0x00, 0x00, 0x38, 0x00, 0x00,
  0x01, 0xC0, 0x00, 0x00, 0x07, 0x00, 0x00, 0x00, 0x1E, 0x00, 0x00, 0x00,
  0x7F, 0x80, 0x00, 0x00, 0xFC, 0x00, 0x00, 0x00, 0x00, 0x80, 0x00, 0x00,
  0x07, 0x00, 0x00, 0x00, 0x1C, 0x00, 0x00, 0x00, 0x70, 0x00, 0x00, 0x00,
  0x00, 0x00, 0x00, 0x00, 0x00, 0x00, 0x00, 0x00, 0x00, 0x00, 0x03, 0xFF,
  0xFF, 0x00, 0x7F, 0xFF, 0xFC, 0x07, 0xFF, 0xFF, 0xF6, 0x1C, 0x00, 0x00,
  0x3C, 0xE0, 0x00, 0x00, 0xF3, 0x00, 0x00, 0x01, 0x8C, 0x00, 0x00, 0x00,
  0x30, 0x00, 0x00, 0x00, 0xC0, 0x00, 0x00, 0x03, 0x00, 0x00, 0x00, 0x0C,
  0x00, 0x00, 0x00, 0x38, 0x00, 0x00, 0x00, 0x70, 0x00, 0x00, 0x01, 0xE0,
  0x00, 0x00, 0x03, 0xFE, 0x00, 0x00, 0x03, 0xF8, 0x00, 0x00, 0x00, 0x30,
  0x00, 0x00, 0x03, 0xC0, 0x00, 0x00, 0x1E, 0x00, 0x00, 0x00, 0x60, 0x00,
  0x00, 0x00, 0x00, 0x00, 0x00, 0x00, 0x00, 0x00, 0x00, 0x00, 0x00, 0x00,
  0x7F, 0xFF, 0xE0, 0x1F, 0xFF, 0xFF, 0x01, 0xFF, 0xFF, 0xF8, 0x1C, 0x00,
  0x00, 0x0F, 0xC0, 0x00, 0x00, 0xFE, 0x00, 0x00, 0x03, 0xE0, 0x00, 0x00,
  0x1B, 0x00, 0x00, 0x00, 0x18, 0x00, 0x00, 0x00, 0xC0, 0x00, 0x00, 0x07,
  0x00, 0x00, 0x00, 0x38, 0x00, 0x00, 0x00, 0xE0, 0x00, 0x00, 0x03, 0xC0,
  0x00, 0x00, 0x0F, 0xF0, 0x00, 0x00, 0x1F, 0x80, 0x00, 0x00, 0x00, 0x07,
  0xC0, 0x00, 0x07, 0xF0, 0x00, 0x07, 0xFC, 0xE0, 0x00, 0x1E, 0xE0, 0x00,
  0x0E, 0xE0, 0x00, 0x07, 0x40, 0x00, 0x07, 0x00, 0x00, 0x07, 0x00, 0x00,
  0x07, 0x00, 0x00, 0x07, 0x00, 0x00, 0x07, 0x00, 0x00, 0x06, 0x00, 0x00,
  0x0E, 0x00, 0x00, 0x3C, 0xFF, 0xFF, 0xF8, 0xFF, 0xFF, 0xE0, 0x00, 0x07,
  0xC0, 0x00, 0x00, 0x3F, 0x80, 0x00, 0x01, 0xFF, 0x00, 0x00, 0x00, 0x3C,
  0x70, 0x00, 0x00, 0xE7, 0x80, 0x00, 0x03, 0x9C, 0x00, 0x00, 0x1C, 0xC0,
  0x00, 0x00, 0xE0, 0x00, 0x00, 0x07, 0x00, 0x00, 0x00, 0x38, 0x00, 0x00,
  0x01, 0xC0, 0x00, 0x00, 0x0C, 0x00, 0x00, 0x00, 0xE0, 0x00, 0x00, 0x1E,
  0x03, 0xFF, 0xFF, 0xE0, 0x1F, 0xFF, 0xFC, 0x00, 0x00, 0x01, 0x80, 0x00,
  0x03, 0xC0, 0x00, 0x03, 0xC0, 0x00, 0x01, 0x80, 0x00, 0x00, 0x00, 0x00,
  0x00, 0x00, 0x00, 0x00, 0x00, 0x00, 0x07, 0xC0, 0x00, 0x07, 0xF0, 0x00,
  0x07, 0xFC, 0xE0, 0x00, 0x1E, 0xE0, 0x00, 0x0E, 0xE0, 0x00, 0x07, 0x40,
  0x00, 0x07, 0x00, 0x00, 0x07, 0x00, 0x00, 0x07, 0x00, 0x00, 0x07, 0x00,
  0x00, 0x07, 0x00, 0x00, 0x06, 0x00, 0x00, 0x0E, 0x00, 0x00, 0x3C, 0xFF,
  0xFF, 0xF8, 0xFF, 0xFF, 0xE0, 0x00, 0x01, 0x80, 0x00, 0x00, 0x1E, 0x00,
  0x00, 0x00, 0xF0, 0x00, 0x00, 0x03, 0x00, 0x00, 0x00, 0x00, 0x00, 0x00,
  0x00, 0x00, 0x00, 0x00, 0x00, 0x00, 0x00, 0x00, 0xF8, 0x00, 0x00, 0x07,
  0xF0, 0x00, 0x00, 0x3F, 0xE0, 0x00, 0x00, 0x07, 0x8E, 0x00, 0x00, 0x1C,
  0xF0, 0x00, 0x00, 0x73, 0x80, 0x00, 0x03, 0x98, 0x00, 0x00, 0x1C, 0x00,
  0x00, 0x00, 0xE0, 0x00, 0x00, 0x07, 0x00, 0x00, 0x00, 0x38, 0x00, 0x00,
  0x01, 0x80, 0x00, 0x00, 0x1C, 0x00, 0x00, 0x03, 0xC0, 0x7F, 0xFF, 0xFC,
  0x03, 0xFF, 0xFF, 0x80, 0x00, 0x00, 0x0F, 0x80, 0x00, 0x01, 0xFE, 0x00,
  0x00, 0x0F, 0xF8, 0x00, 0x18, 0x70, 0x00, 0x00, 0xF3, 0x80, 0x00, 0x03,
  0xCC, 0x00, 0x00, 0x06, 0x30, 0x00, 0x00, 0x00, 0xC0, 0x00, 0x00, 0x03,
  0x00, 0x00, 0x00, 0x0C, 0x00, 0x00, 0x00, 0x30, 0x00, 0x00, 0x00, 0xE0,
  0x00, 0x00, 0x03, 0xC0, 0x00, 0x00, 0x07, 0xC0, 0x00, 0x00, 0x0F, 0xFF,
  0xFF, 0xC0, 0x0F, 0xFF, 0xFF, 0x03, 0xE0, 0x00, 0x1F, 0xE0, 0x00, 0x3F,
  0xE0, 0x00, 0x70, 0x00, 0x07, 0x60, 0x00, 0x0F, 0xE0, 0x00, 0x07, 0xE0,
  0x00, 0x02, 0xC0, 0x00, 0x00, 0xC0, 0x00, 0x00, 0xC0, 0x00, 0x00, 0xE0,
  0x00, 0x00, 0xE0, 0x00, 0x00, 0x70, 0x00, 0x00, 0x7C, 0x00, 0x00, 0x1F,
  0xFF, 0xFF, 0x07, 0xFF, 0xFF, 0x00, 0x0C, 0x00, 0x00, 0x00, 0x78, 0x00,
  0x00, 0x01, 0xE0, 0x00, 0x00, 0x03, 0x00, 0x00, 0x00, 0x00, 0x00, 0x00,
  0x00, 0x00, 0x00, 0x00, 0x00, 0x00, 0x00, 0x00, 0x03, 0xE0, 0x00, 0x00,
  0x7F, 0x80, 0x00, 0x03, 0xFE, 0x00, 0x06, 0x1C, 0x00, 0x00, 0x3C, 0xE0,
  0x00, 0x00, 0xF3, 0x00, 0x00, 0x01, 0x8C, 0x00, 0x00, 0x00, 0x30, 0x00,
  0x00, 0x00, 0xC0, 0x00, 0x00, 0x03, 0x00, 0x00, 0x00, 0x0C, 0x00, 0x00,
  0x00, 0x38, 0x00, 0x00, 0x00, 0xF0, 0x00, 0x00, 0x01, 0xF0, 0x00, 0x00,
  0x03, 0xFF, 0xFF, 0xF0, 0x03, 0xFF, 0xFF, 0xC0, 0x01, 0x00, 0x00, 0x03,
  0x80, 0x00, 0x03, 0x80, 0x00, 0x03, 0x80, 0x00, 0x00, 0x00, 0x00, 0x00,
  0x00, 0x00, 0x00, 0x00, 0x00, 0x03, 0xE0, 0x00, 0x1F, 0xE0, 0x00, 0x3F,
  0xE0, 0x00, 0x70, 0x00, 0x07, 0x60, 0x00, 0x0F, 0xE0, 0x00, 0x07, 0xE0,
  0x00, 0x02, 0xC0, 0x00, 0x00, 0xC0, 0x00, 0x00, 0xC0, 0x00, 0x00, 0xE0,
  0x00, 0x00, 0xE0, 0x00, 0x00, 0x70, 0x00, 0x00, 0x7C, 0x00, 0x00, 0x1F,
  0xFF, 0xFF, 0x07, 0xFF, 0xFF, 0x3C, 0x01, 0xF0, 0x06, 0x00, 0x38, 0x00,
  0xE0, 0x03, 0x80, 0x0E, 0x00, 0x1E, 0x00, 0x3F, 0xFC, 0x3F, 0xF0, 0x00,
  0x83, 0xCF, 0xDE, 0x0F, 0x80, 0xF8, 0x1E, 0x3F, 0x7C, 0x70, 0x1F, 0x01,
  0xF0, 0x18, 0x00, 0x03, 0x00, 0x1F, 0x00, 0x7F, 0x03, 0xF8, 0x1F, 0xC0,
  0xFE, 0x00, 0xF0, 0x00, 0xF8, 0x00, 0x3F, 0x00, 0x07, 0xE0, 0x01, 0xFC,
  0x00, 0x3F, 0x00, 0x7F, 0x03, 0xF8, 0x0F, 0xC0, 0x7E, 0x00, 0xF0, 0x00,
  0xF8, 0x00, 0x7F, 0x00, 0x0F, 0xE0, 0x01, 0xFC, 0x00, 0x3F, 0x00, 0x07,
  0xC0, 0x03, 0x00, 0x0C, 0x00, 0x30, 0x00, 0xC0, 0x03, 0x80, 0x0E, 0x00,
  0x18, 0x00, 0x70, 0x00, 0xE0, 0x03, 0xC0, 0x07, 0xE0, 0x07, 0xFC, 0x07,
  0xF0, 0x01, 0xC0, 0x07, 0x00, 0x1C, 0x00, 0x70, 0x01, 0xC0, 0x07, 0x00,
  0x1C, 0x00, 0x70, 0x00, 0x1E, 0x00, 0x33, 0x00, 0x23, 0x00, 0x33, 0x00,
  0x1E, 0x00, 0x0C, 0x00, 0x00, 0x00, 0x00, 0x00, 0x00, 0x00, 0x0C, 0x00,
  0x0C, 0x00, 0x0C, 0x00, 0x0C, 0x00, 0x0C, 0x00, 0x1C, 0x00, 0x1C, 0x00,
  0x18, 0x00, 0x38, 0x00, 0x70, 0x00, 0xF0, 0x07, 0xE0, 0xFF, 0xC0, 0xFE,
  0x00, 0xE0, 0x00, 0xE0, 0x00, 0xE0, 0x00, 0xE0, 0x00, 0xE0, 0x00, 0xE0,
  0x00, 0xE0, 0x00, 0xE0, 0x00, 0x00, 0x0C, 0x00, 0x30, 0x00, 0xC0, 0x03,
  0x00, 0x0C, 0x00, 0x70, 0x01, 0xC0, 0x06, 0x00, 0x38, 0x01, 0xC0, 0x0F,
  0x01, 0xF8, 0xFF, 0xC3, 0xF8, 0x0E, 0x00, 0x38, 0x00, 0xE0, 0x03, 0x80,
  0x0E, 0x00, 0x38, 0x00, 0xE0, 0x03, 0x80, 0x00, 0x00, 0x0C, 0x00, 0x3C,
  0x00, 0x78, 0x00, 0x60, 0x00, 0x00, 0x00, 0x00, 0x00, 0x00, 0x06, 0x00,
  0x0C, 0x00, 0x18, 0x00, 0x30, 0x00, 0x60, 0x01, 0xC0, 0x03, 0x80, 0x06,
  0x00, 0x1C, 0x00, 0x70, 0x01, 0xE0, 0x1F, 0x87, 0xFE, 0x0F, 0xE0, 0x1C,
  0x00, 0x38, 0x00, 0x70, 0x00, 0xE0, 0x01, 0xC0, 0x03, 0x80, 0x07, 0x00,
  0x0E, 0x00, 0x00, 0x00, 0x1C, 0x00, 0x70, 0x01, 0xC0, 0x07, 0x00, 0x1C,
  0x00, 0x70, 0x01, 0xC0, 0x07, 0x03, 0xFC, 0x3F, 0xF1, 0xE0, 0x0E, 0x00,
  0x70, 0x01, 0xC0, 0x06, 0x00, 0x38, 0x00, 0xE0, 0x03, 0x00, 0x0C, 0x00,
  0x30, 0x00, 0xC0, 0x03, 0x00, 0x00, 0x00, 0x1C, 0x00, 0x3C, 0x00, 0x70,
  0x00, 0x60, 0x00, 0x00, 0x00, 0x00, 0x00, 0x00, 0x0E, 0x00, 0x1C, 0x00,
  0x38, 0x00, 0x70, 0x00, 0xE0, 0x01, 0xC0, 0x03, 0x80, 0x07, 0x01, 0xFE,
  0x0F, 0xFC, 0x3C, 0x00, 0xE0, 0x03, 0x80, 0x07, 0x00, 0x0C, 0x00, 0x38,
  0x00, 0x70, 0x00, 0xC0, 0x01, 0x80, 0x03, 0x00, 0x06, 0x00, 0x0C, 0x00,
  0x00, 0x00, 0xC1, 0xC0, 0x78, 0x70, 0x1E, 0x1C, 0x03, 0x02, 0x00, 0x00,
  0x00, 0x00, 0x00, 0x00, 0x00, 0x00, 0x70, 0x00, 0x1C, 0x00, 0x07, 0x00,
  0x01, 0xC0, 0x00, 0x70, 0x00, 0x1C, 0x00, 0x07, 0x00, 0x01, 0xC0, 0x0F,
  0xF0, 0x0F, 0xFC, 0x07, 0x80, 0x03, 0x80, 0x01, 0xC0, 0x00, 0x70, 0x00,
  0x18, 0x00, 0x0E, 0x00, 0x03, 0x80, 0x00, 0xC0, 0x00, 0x30, 0x00, 0x0C,
  0x00, 0x03, 0x00, 0x00, 0xC0, 0x00, 0x00, 0xE0, 0x03, 0x80, 0x0E, 0x00,
  0x38, 0x00, 0xE0, 0x03, 0x80, 0x0E, 0x00, 0x38, 0x00, 0xFF, 0x03, 0xFF,
  0x00, 0x1E, 0x00, 0x1C, 0x00, 0x38, 0x00, 0xE0, 0x01, 0xC0, 0x07, 0x00,
  0x1C, 0x00, 0x30, 0x00, 0xC0, 0x03, 0x00, 0x0C, 0x00, 0x30, 0xE0, 0x03,
  0x80, 0x0E, 0x00, 0x30, 0x00, 0x00, 0x00, 0x00, 0x00, 0x00, 0x38, 0x00,
  0xE0, 0x03, 0x80, 0x0E, 0x00, 0x38, 0x00, 0xE0, 0x03, 0x80, 0x0E, 0x00,
  0x3F, 0xC0, 0xFF, 0xC0, 0x07, 0x80, 0x07, 0x00, 0x0E, 0x00, 0x38, 0x00,
  0x70, 0x01, 0xC0, 0x07, 0x00, 0x0C, 0x00, 0x30, 0x00, 0xC0, 0x03, 0x00,
  0x0C, 0x06, 0x00, 0x00, 0xC0, 0x00, 0x18, 0x00, 0x03, 0x00, 0x00, 0x70,
  0x00, 0x0E, 0x00, 0x01, 0xC0, 0x00, 0x18, 0x00, 0x03, 0x80, 0x0C, 0x38,
  0x03, 0xC7, 0x80, 0x78, 0x7E, 0x06, 0x03, 0xFE, 0x00, 0x1F, 0xC0, 0x00,
  0x18, 0x00, 0x03, 0x00, 0x00, 0x60, 0x00, 0x0C, 0x00, 0x01, 0x80, 0x00,
  0x30, 0x00, 0x06, 0x00, 0x00, 0xC0, 0xC0, 0x00, 0x0C, 0x00, 0x00, 0xC0,
  0x00, 0x0C, 0x00, 0x00, 0xC0, 0x00, 0x0E, 0x00, 0x00, 0xE0, 0x00, 0x06,
  0x00, 0x00, 0x70, 0x00, 0x03, 0x80, 0x0E, 0x3C, 0x00, 0xF1, 0xF8, 0x0E,
  0x07, 0xFC, 0x60, 0x1F, 0xC0, 0x00, 0x1C, 0x00, 0x01, 0xC0, 0x00, 0x1C,
  0x00, 0x01, 0xC0, 0x00, 0x1C, 0x00, 0x01, 0xC0, 0x00, 0x1C, 0x00, 0x01,
  0xC0, 0x00, 0x00, 0x30, 0x00, 0x03, 0x00, 0x00, 0x30, 0x00, 0x03, 0x00,
  0x00, 0x30, 0x00, 0x07, 0x00, 0x00, 0x70, 0x00, 0x06, 0x00, 0x00, 0xE7,
  0x00, 0x1C, 0xF0, 0x03, 0xC7, 0x01, 0xF8, 0x23, 0xFE, 0x00, 0x3F, 0x80,
  0x03, 0x80, 0x00, 0x38, 0x00, 0x03, 0x80, 0x00, 0x38, 0x00, 0x03, 0x80,
  0x00, 0x38, 0x00, 0x03, 0x80, 0x00, 0x38, 0x00, 0x00, 0x0C, 0x00, 0x01,
  0x80, 0x00, 0x30, 0x00, 0x06, 0x00, 0x00, 0xC0, 0x00, 0x38, 0x00, 0x07,
  0x00, 0x00, 0xC0, 0x00, 0x38, 0x00, 0x0E, 0x18, 0x03, 0xC7, 0x83, 0xF0,
  0xFF, 0xFC, 0x0D, 0xFC, 0x00, 0x38, 0x00, 0x07, 0x00, 0x00, 0xE0, 0x00,
  0x1C, 0x00, 0x03, 0x80, 0x00, 0x70, 0x00, 0x0E, 0x00, 0x01, 0xC0, 0x00,
  0x00, 0x00, 0x00, 0x30, 0x00, 0x03, 0xC0, 0x00, 0x1E, 0x00, 0x00, 0x60,
  0x00, 0x00, 0x00, 0x00, 0x00, 0x00, 0x00, 0x00, 0x00, 0x06, 0x00, 0x00,
  0x30, 0x00, 0x01, 0x80, 0x00, 0x0C, 0x00, 0x00, 0x60, 0x00, 0x07, 0x00,
  0x00, 0x38, 0x00, 0x01, 0x80, 0x00, 0x1C, 0x70, 0x01, 0xC7, 0x80, 0x1E,
  0x1C, 0x07, 0xE0, 0x47, 0xFC, 0x00, 0x3F, 0x80, 0x01, 0xC0, 0x00, 0x0E,
  0x00, 0x00, 0x70, 0x00, 0x03, 0x80, 0x00, 0x1C, 0x00, 0x00, 0xE0, 0x00,
  0x07, 0x00, 0x00, 0x38, 0x00, 0x00, 0x00, 0x0C, 0x00, 0x03, 0xC0, 0x00,
  0x78, 0x00, 0x06, 0x00, 0x00, 0x00, 0x00, 0x00, 0x00, 0x00, 0x00, 0x00,
  0x60, 0x00, 0x0C, 0x00, 0x01, 0x80, 0x00, 0x30, 0x00, 0x06, 0x00, 0x01,
  0xC0, 0x00, 0x38, 0x00, 0x06, 0x00, 0x01, 0xC0, 0x00, 0x70, 0xC0, 0x1E,
  0x3C, 0x1F, 0x87, 0xFF, 0xE0, 0x6F, 0xE0, 0x01, 0xC0, 0x00, 0x38, 0x00,
  0x07, 0x00, 0x00, 0xE0, 0x00, 0x1C, 0x00, 0x03, 0x80, 0x00, 0x70, 0x00,
  0x0E, 0x00, 0x00, 0x00, 0x00, 0x60, 0x00, 0x0C, 0x00, 0x01, 0x80, 0x00,
  0x30, 0x00, 0x06, 0x00, 0x00, 0xC0, 0x00, 0x18, 0x00, 0x03, 0x00, 0x1F,
  0xEC, 0x0F, 0xFF, 0xC3, 0xC0, 0x78, 0xE0, 0x06, 0x38, 0x00, 0x07, 0x00,
  0x00, 0xC0, 0x00, 0x38, 0x00, 0x07, 0x00, 0x00, 0xC0, 0x00, 0x18, 0x00,
  0x03, 0x00, 0x00, 0x60, 0x00, 0x0C, 0x00, 0x00, 0x00, 0x1C, 0x00, 0x01,
  0xC0, 0x00, 0x1C, 0x00, 0x01, 0xC0, 0x00, 0x1C, 0x00, 0x01, 0xC0, 0x00,
  0x1C, 0x00, 0x01, 0xC0, 0x03, 0xFC, 0x00, 0xFF, 0xCE, 0x1E, 0x00, 0xF3,
  0x80, 0x0E, 0x70, 0x00, 0x67, 0x00, 0x00, 0x60, 0x00, 0x0E, 0x00, 0x00,
  0xE0, 0x00, 0x0C, 0x00, 0x00, 0xC0, 0x00, 0x0C, 0x00, 0x00, 0xC0, 0x00,
  0x0C, 0x00, 0x00, 0x00, 0x00, 0xE0, 0x00, 0x0F, 0x00, 0x00, 0xE0, 0x00,
  0x06, 0x00, 0x00, 0x00, 0x00, 0x00, 0x00, 0x00, 0x00, 0x00, 0x06, 0x00,
  0x00, 0x60, 0x00, 0x06, 0x00, 0x00, 0x60, 0x00, 0x06, 0x00, 0x00, 0x60,
  0x00, 0x06, 0x00, 0x00, 0x60, 0x01, 0xFE, 0x60, 0x7F, 0xEF, 0x0F, 0x00,
  0xF1, 0xC0, 0x06, 0x38, 0x00, 0x03, 0x80, 0x00, 0x30, 0x00, 0x07, 0x00,
  0x00, 0x70, 0x00, 0x06, 0x00, 0x00, 0x60, 0x00, 0x06, 0x00, 0x00, 0x60,
  0x00, 0x06, 0x00, 0x00, 0x00, 0x0C, 0x00, 0x01, 0xE0, 0x00, 0x1E, 0x00,
  0x00, 0xC0, 0x00, 0x00, 0x00, 0x00, 0x00, 0x00, 0x00, 0x00, 0x01, 0xC0,
  0x00, 0x1C, 0x00, 0x01, 0xC0, 0x00, 0x1C, 0x00, 0x01, 0xC0, 0x00, 0x1C,
  0x00, 0x01, 0xC0, 0x00, 0x1C, 0x00, 0x3F, 0xC0, 0x0F, 0xFC, 0xE1, 0xE0,
  0x0F, 0x38, 0x00, 0xE7, 0x00, 0x06, 0x70, 0x00, 0x06, 0x00, 0x00, 0xE0,
  0x00, 0x0E, 0x00, 0x00, 0xC0, 0x00, 0x0C, 0x00, 0x00, 0xC0, 0x00, 0x0C,
  0x00, 0x00, 0xC0, 0x00, 0x00, 0x03, 0x80, 0x00, 0x38, 0x00, 0x03, 0x80,
  0x00, 0x38, 0x00, 0x03, 0x80, 0x00, 0x38, 0x00, 0x03, 0x80, 0x00, 0x38,
  0x00, 0x03, 0xFC, 0x07, 0x3F, 0xF0, 0xF0, 0x07, 0x87, 0x00, 0x1C, 0x20,
  0x00, 0xE0, 0x00, 0x0E, 0x00, 0x00, 0x70, 0x00, 0x07, 0x00, 0x00, 0x70,
  0x00, 0x03, 0x00, 0x00, 0x30, 0x00, 0x03, 0x00, 0x00, 0x30, 0x00, 0x03,
  0xE0, 0x00, 0x1C, 0x00, 0x03, 0x80, 0x00, 0x70, 0x00, 0x0E, 0x00, 0x01,
  0xC0, 0x00, 0x38, 0x00, 0x07, 0x00, 0x00, 0xFF, 0x00, 0x1F, 0xF8, 0x18,
  0x07, 0x87, 0x80, 0x38, 0xF0, 0x03, 0x8C, 0x00, 0x70, 0x00, 0x07, 0x00,
  0x00, 0xE0, 0x00, 0x1C, 0x00, 0x01, 0x80, 0x00, 0x30, 0x00, 0x06, 0x00,
  0x00, 0xC0, 0x00, 0x18, 0x00, 0x03, 0x80, 0x00, 0x78, 0x00, 0x03, 0x80,
  0x00, 0x30, 0x00, 0x00, 0x00, 0x00, 0x00, 0x00, 0x00, 0x00, 0x00, 0x38,
  0x00, 0x03, 0x80, 0x00, 0x38, 0x00, 0x03, 0x80, 0x00, 0x38, 0x00, 0x03,
  0x80, 0x00, 0x38, 0x00, 0x03, 0x80, 0x00, 0x3F, 0xC0, 0x73, 0xFF, 0x0F,
  0x00, 0x78, 0x70, 0x01, 0xC2, 0x00, 0x0E, 0x00, 0x00, 0xE0, 0x00, 0x07,
  0x00, 0x00, 0x70, 0x00, 0x07, 0x00, 0x00, 0x30, 0x00, 0x03, 0x00, 0x00,
  0x30, 0x00, 0x03, 0x00, 0x00, 0x30, 0xE0, 0x00, 0x1C, 0x00, 0x03, 0x80,
  0x00, 0x60, 0x00, 0x00, 0x00, 0x00, 0x00, 0x00, 0x00, 0x00, 0x07, 0x00,
  0x00, 0xE0, 0x00, 0x1C, 0x00, 0x03, 0x80, 0x00, 0x70, 0x00, 0x0E, 0x00,
  0x01, 0xC0, 0x00, 0x38, 0x00, 0x07, 0xF8, 0x00, 0xFF, 0xC0, 0xC0, 0x3C,
  0x3C, 0x01, 0xC7, 0x80, 0x1C, 0x60, 0x01, 0x80, 0x00, 0x38, 0x00, 0x07,
  0x00, 0x00, 0x60, 0x00, 0x0C, 0x00, 0x01, 0x80, 0x00, 0x30, 0x00, 0x06,
  0x00, 0x00, 0xC0, 0x03, 0x80, 0x00, 0x38, 0x00, 0x03, 0x80, 0x00, 0x38,
  0x00, 0x73, 0x80, 0x0F, 0x38, 0x00, 0x73, 0x80, 0x00, 0x38, 0x00, 0x03,
  0xFC, 0x00, 0x3F, 0xF0, 0x00, 0x07, 0x80, 0x00, 0x1C, 0x00, 0x00, 0xE0,
  0x00, 0x0E, 0x70, 0x00, 0x7F, 0x00, 0x07, 0x70, 0x00, 0x70, 0x00, 0x03,
  0x00, 0x00, 0x30, 0x00, 0x03, 0x00, 0x00, 0x30, 0x00, 0x03, 0xE0, 0x70,
  0x38, 0x1C, 0x0F, 0xE7, 0xF8, 0x1C, 0x07, 0x03, 0x81, 0xC0, 0xE0, 0x3F,
  0x3F, 0xF8, 0x5C, 0x0F, 0x03, 0xF0, 0x3C, 0x07, 0x01, 0xF1, 0xDF, 0xC7,
  0xC0, 0x03, 0x81, 0xC0, 0xE0, 0x73, 0xFB, 0xFD, 0xC1, 0xC0, 0xE0, 0x70,
  0x38, 0x00, 0xE0, 0x1C, 0x03, 0x80, 0x70, 0x0E, 0x01, 0xC0, 0x38, 0x07,
  0x00, 0x70, 0x0F, 0xFC, 0xFF, 0x80, 0xE0, 0x70, 0x38, 0x1C, 0x0F, 0xC7,
  0xF8, 0x1C, 0x1F, 0x1F, 0x9D, 0xCC, 0xE7, 0x63, 0xF0, 0xF0, 0x03, 0x81,
  0xC0, 0xE0, 0x71, 0xF9, 0xFD, 0xC1, 0xF0, 0xFE, 0x77, 0x39, 0x8D, 0xC7,
  0xE1, 0xC0, 0x60, 0x78, 0x3C, 0x0C, 0x00, 0x03, 0x01, 0x80, 0xC0, 0x60,
  0x3F, 0x1F, 0x80, 0xE0, 0x70, 0x18, 0x0C, 0x00, 0x03, 0x03, 0xC1, 0xE0,
  0x60, 0x0C, 0x00, 0x00, 0xC0, 0x00, 0x0C, 0x03, 0x00, 0xF0, 0x78, 0x0F,
  0x87, 0x80, 0x1C, 0x30, 0x00, 0xC0, 0x10, 0x0E, 0x07, 0x00, 0xE0, 0xF0,
  0x0E, 0x3E, 0x70, 0x0F, 0x8F, 0x01, 0xE0, 0x70, 0x7C, 0x00, 0x1F, 0x00,
  0x07, 0xC0, 0x00, 0xF0, 0x00, 0x3C, 0x00, 0x0F, 0x80, 0x00, 0x78, 0x00,
  0x01, 0xE0, 0x00, 0x0F, 0x80, 0x00, 0x3E, 0x00, 0x00, 0xF0, 0x00, 0x03,
  0xC0, 0x00, 0x1F, 0x00, 0x00, 0x7C, 0x00, 0x01, 0xE0, 0x00, 0x0F, 0x00,
  0x00, 0x30, 0x60, 0x00, 0x00, 0x07, 0x80, 0x00, 0x00, 0x3C, 0x00, 0x00,
  0x00, 0xC0, 0x00, 0x00, 0x00, 0x00, 0x03, 0xFF, 0xB0, 0x00, 0xFF, 0xFD,
  0x80, 0x0F, 0x80, 0x0C, 0x00, 0xE0, 0x00, 0x60, 0x0E, 0x00, 0x03, 0xF0,
  0x70, 0x00, 0x1F, 0x83, 0x00, 0x00, 0x0E, 0x38, 0x00, 0x00, 0x71, 0xC0,
  0x00, 0x01, 0x8E, 0x00, 0x00, 0x0C, 0x70, 0x00, 0x00, 0x03, 0x80, 0x00,
  0x03, 0x1C, 0x00, 0x00, 0x3C, 0xE0, 0x00, 0x01, 0xE7, 0x00, 0x00, 0x06,
  0x18, 0x00, 0x00, 0x00, 0xE0, 0x00, 0x00, 0x03, 0x80, 0x00, 0x00, 0x1E,
  0x00, 0x00, 0x00, 0x7E, 0x00, 0x00, 0x00, 0xFF, 0xF8, 0x00, 0x00, 0xFF,
  0xC0, 0x60, 0x00, 0x00, 0x3C, 0x00, 0x00, 0x0F, 0x00, 0x00, 0x01, 0x80,
  0x00, 0x00, 0x00, 0x1C, 0x00, 0x18, 0x07, 0x00, 0x06, 0x01, 0xC0, 0x01,
  0x80, 0x70, 0x00, 0x60, 0x1C, 0x00, 0x1F, 0x87, 0x00, 0x07, 0xE1, 0xCF,
  0x00, 0x1C, 0x7F, 0xF8, 0x07, 0x1F, 0xFF, 0x00, 0xC7, 0x81, 0xC0, 0x31,
  0xC0, 0x38, 0x00, 0x70, 0x06, 0x03, 0x1C, 0x01, 0xC1, 0xE7, 0x00, 0x70,
  0x79, 0xC0, 0x1C, 0x0C, 0x70, 0x07, 0x00, 0x1C, 0x01, 0xC0, 0x03, 0x00,
  0x60, 0x00, 0xE0, 0x38, 0x00, 0x3C, 0x1C, 0x00, 0x07, 0xFF, 0x00, 0x00,
  0x7F, 0x00, 0x60, 0x00, 0x00, 0x1E, 0x00, 0x00, 0x03, 0xC0, 0x00, 0x00,
  0x30, 0x00, 0x00, 0x00, 0x01, 0xC0, 0x00, 0xC0, 0x38, 0x00, 0x18, 0x07,
  0x00, 0x03, 0x00, 0xE0, 0x00, 0x60, 0x1C, 0x00, 0x0F, 0xC3, 0x80, 0x01,
  0xF8, 0x70, 0x00, 0x03, 0x8E, 0x00, 0x00, 0x71, 0xC0, 0x00, 0x06, 0x38,
  0x00, 0x00, 0xC7, 0x00, 0x00, 0x00, 0xE0, 0x00, 0x03, 0x1C, 0x00, 0x60,
  0xF3, 0x80, 0x0C, 0x1E, 0x70, 0x03, 0x81, 0x8E, 0x00, 0x70, 0x00, 0xC0,
  0x0E, 0x00, 0x18, 0x01, 0x80, 0x03, 0x80, 0x70, 0x00, 0x38, 0x1E, 0x00,
  0x07, 0xFF, 0x80, 0x00, 0x3F, 0xE0, 0x0F, 0x00, 0x00, 0x7F, 0x80, 0x01,
  0xF7, 0x80, 0x03, 0x83, 0x80, 0x0E, 0x07, 0x00, 0x1C, 0x06, 0x00, 0x30,
  0x0C, 0x00, 0x60, 0x18, 0x00, 0xC0, 0x30, 0x00, 0x00, 0x60, 0x00, 0x00,
  0xC0, 0x00, 0x01, 0x80, 0x00, 0x03, 0x00, 0x00, 0x06, 0x00, 0x00, 0x0C,
  0x03, 0x80, 0x18, 0x07, 0x00, 0x30, 0x0E, 0x00, 0x70, 0x1C, 0x00, 0xE0,
  0x30, 0x01, 0xC0, 0xE0, 0x01, 0xC1, 0xC0, 0x01, 0xFF, 0x00, 0x01, 0xFC,
  0x00, 0x00, 0x03, 0xC0, 0x00, 0x1F, 0xE0, 0x00, 0x7F, 0xE0, 0x00, 0xC0,
  0xE0, 0x03, 0x80, 0xC0, 0x07, 0x01, 0x80, 0x0C, 0x03, 0x80, 0x18, 0x07,
  0x00, 0x30, 0x0E, 0x00, 0x60, 0x00, 0x00, 0xC0, 0x00, 0x01, 0x80, 0x00,
  0x03, 0x00, 0x00, 0x06, 0x00, 0x30, 0x0C, 0x00, 0x60, 0x18, 0x00, 0xC0,
  0x30, 0x01, 0x80, 0x60, 0x03, 0x80, 0xC0, 0x07, 0x03, 0x80, 0x07, 0x07,
  0x00, 0x0F, 0xFC, 0x00, 0x07, 0xF0, 0x00, 0x00, 0x00, 0x01, 0x80, 0x00,
  0x07, 0x80, 0x00, 0x0F, 0x00, 0x00, 0x0C, 0x00, 0x00, 0x00, 0x00, 0x00,
  0x00, 0x00, 0x00, 0xF0, 0x00, 0x07, 0xF8, 0x00, 0x1F, 0xF8, 0x00, 0x30,
  0x38, 0x00, 0xE0, 0x30, 0x01, 0xC0, 0x60, 0x03, 0x00, 0xE0, 0x06, 0x01,
  0xC0, 0x0C, 0x03, 0x80, 0x18, 0x00, 0x00, 0x30, 0x00, 0x00, 0x60, 0x00,
  0x00, 0xC0, 0x00, 0x01, 0x80, 0x0C, 0x03, 0x00, 0x18, 0x06, 0x00, 0x30,
  0x0C, 0x00, 0x60, 0x18, 0x00, 0xE0, 0x30, 0x01, 0xC0, 0xE0, 0x01, 0xC1,
  0xC0, 0x03, 0xFF, 0x00, 0x01, 0xFC, 0x00, 0x00, 0x3F, 0x80, 0x03, 0x0F,
  0xF8, 0x00, 0xF1, 0xC3, 0x80, 0x07, 0x70, 0x38, 0x00, 0xEC, 0x03, 0x80,
  0x0F, 0x80, 0x38, 0x01, 0xF0, 0x03, 0x80, 0x3F, 0x00, 0x38, 0x07, 0xE0,
  0x07, 0x80, 0xEC, 0x00, 0x78, 0x1D, 0xC0, 0x07, 0x87, 0x1C, 0x00, 0x7F,
  0xE1, 0x80, 0x03, 0xF8, 0x10, 0x00, 0x00, 0x00, 0x00, 0x0C, 0x00, 0x00,
  0x01, 0xC0, 0x00, 0x00, 0x38, 0x00, 0x00, 0x07, 0x00, 0x00, 0x00, 0x00,
  0x00, 0x00, 0x00, 0x00, 0x00, 0x00, 0x00, 0x00, 0x00, 0x00, 0x00, 0x00,
  0x00, 0x00, 0x00, 0x00, 0x00, 0x00, 0xFE, 0x00, 0x0C, 0x3F, 0xE0, 0x03,
  0xC7, 0x0E, 0x00, 0x1D, 0xC0, 0xE0, 0x03, 0xB0, 0x0E, 0x00, 0x3E, 0x00,
  0xE0, 0x07, 0xC0, 0x0E, 0x00, 0xFC, 0x00, 0xE0, 0x1F, 0x80, 0x1E, 0x03,
  0xB0, 0x01, 0xE0, 0x77, 0x00, 0x1E, 0x1C, 0x70, 0x01, 0xFF, 0x86, 0x00,
  0x0F, 0xE0, 0x40, 0x00, 0x00, 0x18, 0x00, 0x3F, 0x07, 0x00, 0x0F, 0xF9,
  0xC0, 0x07, 0x87, 0x30, 0x01, 0xE0, 0x7E, 0x00, 0x38, 0x0F, 0xC0, 0x0E,
  0x01, 0xF0, 0x03, 0x80, 0x3E, 0x00, 0xE0, 0x07, 0xC0, 0x38, 0x00, 0xFC,
  0x0E, 0x00, 0x39, 0xC3, 0xC0, 0x07, 0x3F, 0xE0, 0x03, 0xC3, 0xF8, 0x00,
  0x30, 0x00, 0x00, 0x04, 0x00, 0x00, 0x0C, 0x00, 0x00, 0x01, 0xC0, 0x00,
  0x00, 0x38, 0x00, 0x00, 0x07, 0x00, 0x00, 0x00, 0x00, 0x00, 0x00, 0x00,
  0x00, 0x00, 0x00, 0x00, 0x00, 0x00, 0x00, 0x00, 0x00, 0x00, 0x00, 0x00,
  0x00, 0x00, 0x00, 0x60, 0x00, 0xFC, 0x1C, 0x00, 0x3F, 0xE7, 0x00, 0x1E,
  0x1C, 0xC0, 0x07, 0x81, 0xF8, 0x00, 0xE0, 0x3F, 0x00, 0x38, 0x07, 0xC0,
  0x0E, 0x00, 0xF8, 0x03, 0x80, 0x1F, 0x00, 0xE0, 0x03, 0xF0, 0x38, 0x00,
  0xE7, 0x0F, 0x00, 0x1C, 0xFF, 0x80, 0x0F, 0x0F, 0xE0, 0x00, 0xC0, 0x00,
  0x00, 0x10, 0x00, 0x3C, 0x00, 0x00, 0x0F, 0xF0, 0x00, 0x01, 0xFF, 0x80,
  0x00, 0x38, 0x18, 0x00, 0x03, 0x01, 0xC0, 0x00, 0x30, 0x1C, 0x00, 0x03,
  0x00, 0xC0, 0x00, 0x30, 0x0C, 0x00, 0x03, 0x00, 0xC0, 0x00, 0x00, 0x0C,
  0x00, 0x60, 0x00, 0xC0, 0x0F, 0x00, 0x0C, 0x00, 0xF0, 0x00, 0xC0, 0x06,
  0x00, 0x0C, 0x00, 0x00, 0x00, 0xC0, 0x30, 0x00, 0x0C, 0x03, 0x00, 0x00,
  0xC0, 0x30, 0x00, 0x0C, 0x03, 0x00, 0x00, 0xC0, 0x30, 0x00, 0x0E, 0x07,
  0x00, 0x00, 0x70, 0xE0, 0x00, 0x07, 0xFE, 0x00, 0x00, 0x3F, 0x80, 0x0F,
  0x00, 0x00, 0x03, 0xFC, 0x00, 0x00, 0x7D, 0xE0, 0x00, 0x07, 0x07, 0x00,
  0x00, 0xE0, 0x70, 0x00, 0x0E, 0x03, 0x00, 0x00, 0xC0, 0x30, 0x00, 0x0C,
  0x03, 0x00, 0x00, 0xC0, 0x30, 0x00, 0x00, 0x03, 0x00, 0x00, 0x00, 0x30,
  0x00, 0x60, 0x03, 0x00, 0x0F, 0x00, 0x30, 0x00, 0xF0, 0x03, 0x00, 0x06,
  0x00, 0x30, 0x0E, 0x00, 0x03, 0x00, 0xE0, 0x00, 0x30, 0x0E, 0x00, 0x03,
  0x80, 0xE0, 0x00, 0x38, 0x0C, 0x00, 0x03, 0x81, 0xC0, 0x00, 0x1C, 0x1C,
  0x00, 0x00, 0xFF, 0x80, 0x00, 0x07, 0xF0, 0x00, 0x00, 0x00, 0x0F, 0x00,
  0x00, 0x03, 0xFC, 0x00, 0x00, 0x7B, 0xE0, 0x00, 0x0E, 0x07, 0x00, 0x00,
  0xE0, 0x70, 0x00, 0x0C, 0x03, 0x00, 0x00, 0xC0, 0x30, 0x00, 0x0C, 0x03,
  0x00, 0x00, 0xC0, 0x30, 0x00, 0x0C, 0x00, 0x60, 0x00, 0xC0, 0x0F, 0x00,
  0x0C, 0x00, 0xF0, 0x00, 0xC0, 0x06, 0x00, 0x0C, 0x00, 0x03, 0x00, 0xC0,
  0x00, 0x30, 0x0C, 0x00, 0x03, 0x00, 0xC0, 0x00, 0x30, 0x0C, 0x00, 0x03,
  0x01, 0xC0, 0x00, 0x38, 0x1C, 0x00, 0x03, 0xC3, 0x80, 0x00, 0x1F, 0xF8,
  0x00, 0x00, 0xFF, 0x00, 0x00, 0x00, 0x03, 0xC0, 0x00, 0x00, 0xFF, 0x00,
  0x00, 0x1F, 0xF8, 0x00, 0x01, 0x81, 0xC0, 0x00, 0x38, 0x0C, 0x00, 0x03,
  0x80, 0xC0, 0x00, 0x30, 0x0E, 0x00, 0x03, 0x00, 0xE0, 0x00, 0x30, 0x0E,
  0x00, 0x03, 0x00, 0x00, 0x00, 0x30, 0x00, 0x60, 0x03, 0x00, 0x0F, 0x00,
  0x30, 0x00, 0xF0, 0x03, 0x00, 0x06, 0xC0, 0x30, 0x00, 0x0C, 0x03, 0x00,
  0x00, 0xC0, 0x30, 0x00, 0x0C, 0x03, 0x00, 0x00, 0xE0, 0x30, 0x00, 0x0E,
  0x07, 0x00, 0x00, 0x70, 0x70, 0x00, 0x07, 0xFE, 0x00, 0x00, 0x1F, 0xC0,
  0x00, 0x00, 0x00, 0x00, 0x06, 0x00, 0x00, 0x00, 0xF0, 0x00, 0x00, 0x0F,
  0x00, 0x00, 0x00, 0x60, 0x00, 0x00, 0x00, 0x00, 0x00, 0x00, 0x00, 0x00,
  0x00, 0x0F, 0x00, 0x00, 0x03, 0xFC, 0x00, 0x00, 0x7B, 0xE0, 0x00, 0x0E,
  0x07, 0x00, 0x00, 0xE0, 0x70, 0x00, 0x0C, 0x03, 0x00, 0x00, 0xC0, 0x30,
  0x00, 0x0C, 0x03, 0x00, 0x00, 0xC0, 0x30, 0x00, 0x0C, 0x00, 0x60, 0x00,
  0xC0, 0x0F, 0x00, 0x0C, 0x00, 0xF0, 0x00, 0xC0, 0x06, 0x00, 0x0C, 0x00,
  0x03, 0x00, 0xC0, 0x00, 0x30, 0x0C, 0x00, 0x03, 0x00, 0xC0, 0x00, 0x30,
  0x0C, 0x00, 0x03, 0x01, 0xC0, 0x00, 0x38, 0x1C, 0x00, 0x03, 0xC3, 0x80,
  0x00, 0x1F, 0xF8, 0x00, 0x00, 0xFF, 0x00, 0x00, 0x00, 0x01, 0x80, 0x00,
  0x00, 0x3C, 0x00, 0x00, 0x03, 0xC0, 0x00, 0x00, 0x18, 0x00, 0x00, 0x00,
  0x00, 0x00, 0x00, 0x00, 0x00, 0x00, 0x03, 0xC0, 0x00, 0x00, 0xFF, 0x00,
  0x00, 0x1F, 0xF8, 0x00, 0x01, 0x81, 0xC0, 0x00, 0x38, 0x0C, 0x00, 0x03,
  0x80, 0xC0, 0x00, 0x30, 0x0E, 0x00, 0x03, 0x00, 0xE0, 0x00, 0x30, 0x0E,
  0x00, 0x03, 0x00, 0x00, 0x00, 0x30, 0x00, 0x60, 0x03, 0x00, 0x0F, 0x00,
  0x30, 0x00, 0xF0, 0x03, 0x00, 0x06, 0xC0, 0x30, 0x00, 0x0C, 0x03, 0x00,
  0x00, 0xC0, 0x30, 0x00, 0x0C, 0x03, 0x00, 0x00, 0xE0, 0x30, 0x00, 0x0E,
  0x07, 0x00, 0x00, 0x70, 0x70, 0x00, 0x07, 0xFE, 0x00, 0x00, 0x1F, 0xC0,
  0x00, 0x00, 0x60, 0xFC, 0x00, 0x0C, 0x78, 0xFF, 0x80, 0x0E, 0x3C, 0xE1,
  0xE0, 0x03, 0x8C, 0x60, 0x38, 0x00, 0xE0, 0x30, 0x0E, 0x00, 0x30, 0x18,
  0x03, 0x80, 0x18, 0x0C, 0x00, 0xE0, 0x0E, 0x06, 0x00, 0x70, 0x07, 0x03,
  0x80, 0x1C, 0x03, 0x81, 0xC0, 0x07, 0x01, 0x80, 0x70, 0x01, 0xE1, 0xC0,
  0x1C, 0x00, 0x7F, 0xC0, 0x06, 0x00, 0x0F, 0xC0, 0x02, 0x00, 0x00, 0x00,
  0x3F, 0x80, 0x03, 0x07, 0x7F, 0xC0, 0x07, 0x87, 0x70, 0xE0, 0x01, 0xC7,
  0xE0, 0x70, 0x01, 0xC2, 0xC0, 0x38, 0x00, 0xE0, 0xC0, 0x1C, 0x00, 0xE0,
  0xC0, 0x0E, 0x00, 0xE0, 0xE0, 0x07, 0x00, 0xE0, 0xE0, 0x07, 0x80, 0xE0,
  0x60, 0x03, 0xC0, 0xE0, 0x70, 0x01, 0xE1, 0xC0, 0x38, 0x00, 0xFF, 0xC0,
  0x18, 0x00, 0x3F, 0x80, 0x08, 0x00, 0x00, 0x00, 0x00, 0x00, 0x30, 0x00,
  0x00, 0x00, 0x3C, 0x00, 0x00, 0x00, 0x1E, 0x00, 0x00, 0x00, 0x06, 0x00,
  0x00, 0x00, 0x00, 0x00, 0x00, 0x00, 0x00, 0x00, 0x00, 0x00, 0x00, 0x00,
  0x00, 0x00, 0x00, 0x00, 0x00, 0x00, 0x00, 0x00, 0x00, 0x00, 0x00, 0x00,
  0x00, 0x18, 0x3F, 0x00, 0x03, 0x1E, 0x3F, 0xE0, 0x03, 0x8F, 0x38, 0x78,
  0x00, 0xE3, 0x18, 0x0E, 0x00, 0x38, 0x0C, 0x03, 0x80, 0x0C, 0x06, 0x00,
  0xE0, 0x06, 0x03, 0x00, 0x38, 0x03, 0x81, 0x80, 0x1C, 0x01, 0xC0, 0xE0,
  0x07, 0x00, 0xE0, 0x70, 0x01, 0xC0, 0x60, 0x1C, 0x00, 0x78, 0x70, 0x07,
  0x00, 0x1F, 0xF0, 0x01, 0x80, 0x03, 0xF0, 0x00, 0x80, 0x00, 0x00, 0x00,
  0x0C, 0x00, 0x00, 0x00, 0x0E, 0x00, 0x00, 0x00, 0x0E, 0x00, 0x00, 0x00,
  0x0E, 0x00, 0x00, 0x00, 0x00, 0x00, 0x00, 0x00, 0x00, 0x00, 0x00, 0x00,
  0x00, 0x00, 0x00, 0x00, 0x00, 0x00, 0x00, 0x00, 0x00, 0x00, 0x00, 0x00,
  0x00, 0x00, 0x00, 0x3F, 0x80, 0x03, 0x07, 0x7F, 0xC0, 0x07, 0x87, 0x70,
  0xE0, 0x01, 0xC7, 0xE0, 0x70, 0x01, 0xC2, 0xC0, 0x38, 0x00, 0xE0, 0xC0,
  0x1C, 0x00, 0xE0, 0xC0, 0x0E, 0x00, 0xE0, 0xE0, 0x07, 0x00, 0xE0, 0xE0,
  0x07, 0x80, 0xE0, 0x60, 0x03, 0xC0, 0xE0, 0x70, 0x01, 0xE1, 0xC0, 0x38,
  0x00, 0xFF, 0xC0, 0x18, 0x00, 0x3F, 0x80, 0x08, 0x00, 0x00, 0x00, 0x60,
  0x40, 0x00, 0xFC, 0x78, 0x70, 0x01, 0xFF, 0x3C, 0x70, 0x01, 0xE1, 0xCC,
  0x70, 0x01, 0xC0, 0x60, 0x38, 0x01, 0xC0, 0x38, 0x18, 0x01, 0xC0, 0x1C,
  0x0C, 0x00, 0xE0, 0x0E, 0x06, 0x00, 0xE0, 0x06, 0x03, 0x00, 0xE0, 0x03,
  0x01, 0x80, 0xE0, 0x03, 0x80, 0xE0, 0xE0, 0x03, 0x80, 0x3F, 0xE0, 0x03,
  0xC0, 0x0F, 0xE0, 0x00, 0xC0, 0x00, 0x00, 0x00, 0x40, 0x18, 0x00, 0x3F,
  0x07, 0x38, 0x00, 0x7F, 0xC7, 0x70, 0x01, 0xE1, 0xC7, 0x60, 0x03, 0xC0,
  0xE2, 0xE0, 0x03, 0x80, 0xE0, 0xE0, 0x07, 0x00, 0xE0, 0xC0, 0x0E, 0x00,
  0xE0, 0xC0, 0x1C, 0x00, 0xE0, 0xC0, 0x38, 0x00, 0xE0, 0xE0, 0x70, 0x01,
  0xC0, 0x70, 0xF0, 0x01, 0xC0, 0x7F, 0xC0, 0x07, 0x80, 0x3F, 0x80, 0x03,
  0x00, 0x00, 0x00, 0x02, 0x00, 0x00, 0x00, 0x30, 0x00, 0x00, 0x00, 0x3C,
  0x00, 0x00, 0x00, 0x1E, 0x00, 0x00, 0x00, 0x06, 0x00, 0x00, 0x00, 0x00,
  0x00, 0x00, 0x00, 0x00, 0x00, 0x00, 0x00, 0x00, 0x00, 0x00, 0x00, 0x00,
  0x00, 0x00, 0x00, 0x00, 0x00, 0x00, 0x00, 0x00, 0x00, 0x00, 0x18, 0x10,
  0x00, 0x3F, 0x1E, 0x1C, 0x00, 0x7F, 0xCF, 0x1C, 0x00, 0x78, 0x73, 0x1C,
  0x00, 0x70, 0x18, 0x0E, 0x00, 0x70, 0x0E, 0x06, 0x00, 0x70, 0x07, 0x03,
  0x00, 0x38, 0x03, 0x81, 0x80, 0x38, 0x01, 0x80, 0xC0, 0x38, 0x00, 0xC0,
  0x60, 0x38, 0x00, 0xE0, 0x38, 0x38, 0x00, 0xE0, 0x0F, 0xF8, 0x00, 0xF0,
  0x03, 0xF8, 0x00, 0x30, 0x00, 0x00, 0x00, 0x10, 0x00, 0x0C, 0x00, 0x00,
  0x00, 0x0E, 0x00, 0x00, 0x00, 0x0E, 0x00, 0x00, 0x00, 0x0E, 0x00, 0x00,
  0x00, 0x00, 0x00, 0x00, 0x00, 0x00, 0x00, 0x00, 0x00, 0x00, 0x00, 0x00,
  0x00, 0x00, 0x00, 0x00, 0x00, 0x00, 0x00, 0x00, 0x00, 0x00, 0x00, 0x00,
  0x18, 0x00, 0x3F, 0x07, 0x38, 0x00, 0x7F, 0xC7, 0x70, 0x01, 0xE1, 0xC7,
  0x60, 0x03, 0xC0, 0xE2, 0xE0, 0x03, 0x80, 0xE0, 0xE0, 0x07, 0x00, 0xE0,
  0xC0, 0x0E, 0x00, 0xE0, 0xC0, 0x1C, 0x00, 0xE0, 0xC0, 0x38, 0x00, 0xE0,
  0xE0, 0x70, 0x01, 0xC0, 0x70, 0xF0, 0x01, 0xC0, 0x7F, 0xC0, 0x07, 0x80,
  0x3F, 0x80, 0x03, 0x00, 0x00, 0x00, 0x02, 0x00, 0x20, 0x04, 0x18, 0x0F,
  0x9C, 0x0F, 0xEC, 0x0E, 0x3E, 0x0E, 0x1F, 0x06, 0x0F, 0x87, 0x07, 0xC7,
  0x03, 0x67, 0x03, 0xBF, 0x03, 0x8F, 0x00, 0x80, 0x00, 0x10, 0x00, 0x70,
  0x01, 0xC0, 0x03, 0x80, 0x0E, 0x00, 0x38, 0x00, 0xE0, 0x03, 0x80, 0x06,
  0x00, 0x1C, 0x00, 0x70, 0x01, 0xC0, 0x07, 0xFF, 0xFF, 0xFF, 0xFF, 0xFF,
  0x80, 0x07, 0x00, 0x0E, 0x00, 0x1C, 0x00, 0x38, 0x00, 0x70, 0x00, 0xE0,
  0x01, 0xC0, 0x03, 0x80, 0x78, 0x03, 0x20, 0x08, 0xC0, 0x23, 0x00, 0xF8,
  0x00, 0xC0, 0x00, 0x00, 0x00, 0x00, 0x10, 0x00, 0xC0, 0x03, 0x80, 0x07,
  0x00, 0x0E, 0x00, 0x1C, 0x00, 0x30, 0x00, 0xE0, 0x01, 0xC0, 0x03, 0x80,
  0x07, 0x00, 0x0C, 0xFF, 0xFB, 0xFF, 0xFF, 0xFF, 0xF0, 0x00, 0xC0, 0x03,
  0x00, 0x0C, 0x00, 0x30, 0x00, 0xC0, 0x03, 0x00, 0x0C, 0x00, 0x00, 0x10,
  0x00, 0xC0, 0x03, 0x80, 0x07, 0x00, 0x0E, 0x00, 0x1C, 0x00, 0x30, 0x00,
  0xE0, 0x01, 0xC0, 0x03, 0x80, 0x07, 0x00, 0x0C, 0xFF, 0xFB, 0xFF, 0xFF,
  0xFF, 0xF0, 0x00, 0xC0, 0x03, 0x00, 0x0C, 0x00, 0x30, 0x00, 0xC0, 0x03,
  0x00, 0x0C, 0x00, 0x00, 0x60, 0x03, 0xC0, 0x0E, 0x00, 0x18, 0x00, 0x00,
  0x00, 0x00, 0x01, 0x00, 0x0C, 0x00, 0x38, 0x00, 0x70, 0x00, 0xE0, 0x01,
  0xC0, 0x03, 0x00, 0x0E, 0x00, 0x1C, 0x00, 0x38, 0x00, 0x70, 0x00, 0xCF,
  0xFF, 0xBF, 0xFF, 0xFF, 0xFF, 0x00, 0x0C, 0x00, 0x30, 0x00, 0xC0, 0x03,
  0x00, 0x0C, 0x00, 0x30, 0x00, 0xC0, 0x00, 0x00, 0x0E, 0x00, 0x1C, 0x00,
  0x38, 0x00, 0x70, 0x00, 0xE0, 0x01, 0xC0, 0x03, 0x80, 0x07, 0xFF, 0xFE,
  0xFF, 0xFC, 0xC0, 0x01, 0xC0, 0x01, 0xC0, 0x01, 0xC0, 0x01, 0xC0, 0x01,
  0xC0, 0x03, 0x80, 0x03, 0x80, 0x03, 0x80, 0x03, 0x80, 0x03, 0x80, 0x02,
  0x00, 0x00, 0x0E, 0x00, 0x1C, 0x00, 0x38, 0x00, 0x20, 0x00, 0x00, 0x00,
  0x00, 0x00, 0x00, 0x07, 0x00, 0x0E, 0x00, 0x1C, 0x00, 0x38, 0x00, 0x70,
  0x00, 0xE0, 0x01, 0xC0, 0x03, 0xFF, 0xFF, 0x7F, 0xFE, 0x60, 0x00, 0xE0,
  0x00, 0xE0, 0x00, 0xE0, 0x00, 0xE0, 0x00, 0xE0, 0x01, 0xC0, 0x01, 0xC0,
  0x01, 0xC0, 0x01, 0xC0, 0x01, 0xC0, 0x01, 0x00, 0x00, 0x60, 0xC0, 0x1E,
  0x3C, 0x03, 0x87, 0x80, 0x30, 0x60, 0x00, 0x00, 0x00, 0x00, 0x00, 0x00,
  0x00, 0x00, 0x70, 0x00, 0x0E, 0x00, 0x01, 0xC0, 0x00, 0x38, 0x00, 0x07,
  0x00, 0x00, 0xE0, 0x00, 0x1C, 0x00, 0x03, 0x87, 0xFF, 0xF0, 0x7F, 0xFE,
  0x06, 0x00, 0x00, 0xE0, 0x00, 0x0E, 0x00, 0x00, 0xE0, 0x00, 0x0E, 0x00,
  0x00, 0xE0, 0x00, 0x1C, 0x00, 0x01, 0xC0, 0x00, 0x1C, 0x00, 0x01, 0xC0,
  0x00, 0x1C, 0x00, 0x01, 0x00, 0xC0, 0x03, 0x00, 0x0C, 0x00, 0x30, 0x00,
  0xC0, 0x03, 0x00, 0x0C, 0x00, 0x30, 0x00, 0xFF, 0xFF, 0xFF, 0xF0, 0x03,
  0x80, 0x1C, 0x00, 0x60, 0x03, 0x80, 0x1C, 0x00, 0xE0, 0x07, 0x00, 0x38,
  0x00, 0xC0, 0x07, 0x00, 0x38, 0x00, 0xC0, 0x00, 0x60, 0x01, 0xE0, 0x03,
  0xC0, 0x03, 0x00, 0x00, 0x00, 0x00, 0x00, 0x00, 0x00, 0x30, 0x00, 0x60,
  0x00, 0xC0, 0x01, 0x80, 0x03, 0x00, 0x06, 0x00, 0x0C, 0x00, 0x18, 0x00,
  0x3F, 0xFF, 0x7F, 0xFE, 0x00, 0x38, 0x00, 0xE0, 0x01, 0x80, 0x07, 0x00,
  0x1C, 0x00, 0x70, 0x01, 0xC0, 0x07, 0x00, 0x0C, 0x00, 0x38, 0x00, 0xE0,
  0x01, 0x80, 0x00, 0x00, 0x01, 0x00, 0x00, 0x30, 0x00, 0x0E, 0x00, 0x03,
  0x80, 0x00, 0xE0, 0x00, 0x38, 0x00, 0x06, 0x00, 0x01, 0xC0, 0x00, 0x70,
  0x00, 0x1C, 0x03, 0x87, 0x00, 0x71, 0xC0, 0x0E, 0x3F, 0xFE, 0x8F, 0xFF,
  0xC1, 0xFF, 0xF8, 0x00, 0x03, 0x00, 0x00, 0x60, 0x00, 0x0C, 0x00, 0x01,
  0x80, 0x00, 0x30, 0x00, 0x06, 0x00, 0x00, 0xC0, 0x00, 0x18, 0x00, 0x10,
  0x00, 0x03, 0x80, 0x00, 0x70, 0x00, 0x07, 0x00, 0x00, 0xE0, 0x00, 0x1C,
  0x00, 0x03, 0x80, 0x00, 0x70, 0x00, 0x06, 0x00, 0x00, 0xE0, 0x00, 0x1C,
  0x00, 0x73, 0x80, 0x0F, 0x7F, 0xFE, 0xFF, 0xFF, 0xE6, 0xFF, 0xFE, 0x00,
  0x00, 0xE0, 0x00, 0x0E, 0x00, 0x00, 0xE0, 0x00, 0x0E, 0x00, 0x00, 0xE0,
  0x00, 0x0E, 0x00, 0x00, 0xE0, 0x00, 0x0E, 0x00, 0x00, 0x80, 0x00, 0x1C,
  0x00, 0x00, 0xE0, 0x00, 0x07, 0x00, 0x00, 0x30, 0x00, 0x03, 0x80, 0x00,
  0x1C, 0x00, 0x00, 0xE0, 0x00, 0x07, 0x00, 0x00, 0x38, 0x60, 0x03, 0x8F,
  0x00, 0x1C, 0xF3, 0xFF, 0xE6, 0x3F, 0xFF, 0x03, 0xFF, 0xF0, 0x30, 0x00,
  0x03, 0x00, 0x00, 0x30, 0x00, 0x03, 0x00, 0x00, 0x30, 0x00, 0x03, 0x00,
  0x00, 0x30, 0x00, 0x03, 0x00, 0x00, 0x10, 0x00, 0x06, 0x00, 0x00, 0xE0,
  0x00, 0x0E, 0x00, 0x00, 0xE0, 0x00, 0x0E, 0x00, 0x00, 0xC0, 0x00, 0x1C,
  0x00, 0x01, 0xC0, 0x00, 0x1C, 0x00, 0x01, 0xC3, 0x80, 0x18, 0x7F, 0xFF,
  0x8F, 0xFF, 0xF8, 0xBF, 0xFF, 0x06, 0x00, 0x00, 0xC0, 0x00, 0x18, 0x00,
  0x03, 0x00, 0x00, 0x60, 0x00, 0x0C, 0x00, 0x01, 0x80, 0x00, 0x30, 0x00,
  0x00, 0x03, 0x80, 0x00, 0x38, 0x00, 0x03, 0x80, 0x00, 0x30, 0x00, 0x00,
  0x00, 0x00, 0x00, 0x00, 0x00, 0x80, 0x00, 0x1C, 0x00, 0x00, 0xE0, 0x00,
  0x07, 0x00, 0x00, 0x30, 0x00, 0x03, 0x80, 0x00, 0x1C, 0x00, 0x00, 0xE0,
  0x00, 0x07, 0x00, 0x00, 0x38, 0x60, 0x03, 0x8F, 0x00, 0x1C, 0xF3, 0xFF,
  0xE6, 0x3F, 0xFF, 0x03, 0xFF, 0xF0, 0x30, 0x00, 0x03, 0x00, 0x00, 0x30,
  0x00, 0x03, 0x00, 0x00, 0x30, 0x00, 0x03, 0x00, 0x00, 0x30, 0x00, 0x03,
  0x00, 0x00, 0x60, 0x00, 0x1E, 0x00, 0x03, 0x80, 0x00, 0x30, 0x00, 0x00,
  0x00, 0x00, 0x00, 0x00, 0x04, 0x00, 0x01, 0x80, 0x00, 0x38, 0x00, 0x03,
  0x80, 0x00, 0x38, 0x00, 0x03, 0x80, 0x00, 0x30, 0x00, 0x07, 0x00, 0x00,
  0x70, 0x00, 0x07, 0x00, 0x00, 0x70, 0xE0, 0x06, 0x1F, 0xFF, 0xE3, 0xFF,
  0xFE, 0x2F, 0xFF, 0xC1, 0x80, 0x00, 0x30, 0x00, 0x06, 0x00, 0x00, 0xC0,
  0x00, 0x18, 0x00, 0x03, 0x00, 0x00, 0x60, 0x00, 0x0C, 0x00, 0x00, 0x00,
  0x00, 0x60, 0x00, 0x0C, 0x00, 0x01, 0x80, 0x00, 0x30, 0x00, 0x06, 0x00,
  0x00, 0xC0, 0x00, 0x18, 0x00, 0x03, 0x07, 0xFF, 0xFC, 0xFF, 0xFF, 0x8E,
  0x00, 0x70, 0xE0, 0x04, 0x0C, 0x00, 0x01, 0xC0, 0x00, 0x1C, 0x00, 0x01,
  0xC0, 0x00, 0x1C, 0x00, 0x01, 0xC0, 0x00, 0x38, 0x00, 0x03, 0x80, 0x00,
  0x38, 0x00, 0x03, 0x00, 0x00, 0x0E, 0x00, 0x00, 0xE0, 0x00, 0x0E, 0x00,
  0x00, 0xE0, 0x00, 0x0E, 0x00, 0x00, 0xE0, 0x00, 0x0E, 0x00, 0x00, 0xE0,
  0xFF, 0xFE, 0x07, 0xFF, 0xE7, 0x30, 0x00, 0x73, 0x80, 0x07, 0x1C, 0x00,
  0x20, 0xE0, 0x00, 0x07, 0x00, 0x00, 0x38, 0x00, 0x03, 0x80, 0x00, 0x1C,
  0x00, 0x00, 0xE0, 0x00, 0x07, 0x00, 0x00, 0x38, 0x00, 0x01, 0x00, 0x00,
  0x00, 0x60, 0x00, 0x0F, 0x00, 0x00, 0xF0, 0x00, 0x06, 0x00, 0x00, 0x00,
  0x00, 0x00, 0x00, 0x00, 0x00, 0x00, 0x06, 0x00, 0x00, 0x60, 0x00, 0x06,
  0x00, 0x00, 0x60, 0x00, 0x06, 0x00, 0x00, 0x60, 0x00, 0x06, 0x00, 0x00,
  0x60, 0x7F, 0xFE, 0xE7, 0xFF, 0xEE, 0x38, 0x00, 0xE1, 0xC0, 0x04, 0x0C,
  0x00, 0x00, 0xE0, 0x00, 0x07, 0x00, 0x00, 0x38, 0x00, 0x01, 0xC0, 0x00,
  0x0E, 0x00, 0x00, 0xE0, 0x00, 0x07, 0x00, 0x00, 0x38, 0x00, 0x01, 0x80,
  0x00, 0x0E, 0x00, 0x00, 0xE0, 0x00, 0x0E, 0x00, 0x00, 0xC0, 0x00, 0x00,
  0x00, 0x00, 0x00, 0x00, 0x00, 0x00, 0x00, 0xE0, 0x00, 0x0E, 0x00, 0x00,
  0xE0, 0x00, 0x0E, 0x00, 0x00, 0xE0, 0x00, 0x0E, 0x00, 0x00, 0xE0, 0x00,
  0x0E, 0x0F, 0xFF, 0xE0, 0x7F, 0xFE, 0x73, 0x00, 0x07, 0x38, 0x00, 0x71,
  0xC0, 0x02, 0x0E, 0x00, 0x00, 0x70, 0x00, 0x03, 0x80, 0x00, 0x38, 0x00,
  0x01, 0xC0, 0x00, 0x0E, 0x00, 0x00, 0x70, 0x00, 0x03, 0x80, 0x00, 0x10,
  0x00, 0x03, 0x00, 0x00, 0x30, 0x00, 0x03, 0x00, 0x00, 0x30, 0x00, 0x03,
  0x00, 0x00, 0x30, 0x00, 0x03, 0x00, 0x00, 0x30, 0x00, 0x03, 0xFF, 0xF6,
  0x3F, 0xFE, 0xF0, 0x00, 0xEF, 0x00, 0x1C, 0x60, 0x03, 0x80, 0x00, 0x70,
  0x00, 0x06, 0x00, 0x00, 0xE0, 0x00, 0x1C, 0x00, 0x03, 0x80, 0x00, 0x70,
  0x00, 0x0E, 0x00, 0x01, 0xE0, 0x00, 0x0C, 0x00, 0xC0, 0x00, 0x18, 0x00,
  0x03, 0x00, 0x00, 0x60, 0x00, 0x0C, 0x00, 0x01, 0x80, 0x00, 0x30, 0x00,
  0x06, 0x00, 0x00, 0xFF, 0xFC, 0x1F, 0xFF, 0x9C, 0x00, 0xE3, 0x80, 0x38,
  0x70, 0x06, 0x04, 0x01, 0xC0, 0x00, 0x70, 0x00, 0x1C, 0x00, 0x07, 0x00,
  0x01, 0xC0, 0x00, 0x30, 0x00, 0x0E, 0x00, 0x03, 0x80, 0x00, 0x60, 0x00,
  0x00, 0x07, 0x00, 0x00, 0x78, 0x00, 0x07, 0x00, 0x00, 0x30, 0x00, 0x00,
  0x00, 0x00, 0x00, 0x00, 0x00, 0x00, 0x00, 0x30, 0x00, 0x03, 0x00, 0x00,
  0x30, 0x00, 0x03, 0x00, 0x00, 0x30, 0x00, 0x03, 0x00, 0x00, 0x30, 0x00,
  0x03, 0x00, 0x00, 0x3F, 0xFF, 0x63, 0xFF, 0xEF, 0x00, 0x0E, 0xF0, 0x01,
  0xC6, 0x00, 0x38, 0x00, 0x07, 0x00, 0x00, 0x60, 0x00, 0x0E, 0x00, 0x01,
  0xC0, 0x00, 0x38, 0x00, 0x07, 0x00, 0x00, 0xE0, 0x00, 0x1E, 0x00, 0x00,
  0xC0, 0x00, 0x60, 0x00, 0x0F, 0x00, 0x00, 0xF0, 0x00, 0x06, 0x00, 0x00,
  0x00, 0x00, 0x00, 0x00, 0x00, 0x00, 0x00, 0x06, 0x00, 0x00, 0x60, 0x00,
  0x06, 0x00, 0x00, 0x60, 0x00, 0x06, 0x00, 0x00, 0x60, 0x00, 0x06, 0x00,
  0x00, 0x60, 0x00, 0x07, 0xFF, 0xE0, 0x7F, 0xFE, 0x70, 0x01, 0xC7, 0x00,
  0x38, 0x70, 0x03, 0x02, 0x00, 0x70, 0x00, 0x0E, 0x00, 0x01, 0xC0, 0x00,
  0x38, 0x00, 0x03, 0x00, 0x00, 0x70, 0x00, 0x0E, 0x00, 0x01, 0xC0, 0x00,
  0x18, 0x00, 0x00, 0x03, 0x00, 0x00, 0x30, 0x00, 0x03, 0x00, 0x00, 0x30,
  0x00, 0x73, 0x00, 0x0F, 0x30, 0x00, 0xF3, 0x00, 0x00, 0x30, 0x00, 0x03,
  0xFF, 0xF0, 0x3F, 0xFE, 0x00, 0x00, 0xE0, 0x00, 0x1C, 0x00, 0x03, 0x80,
  0x00, 0x70, 0x70, 0x06, 0x0F, 0x00, 0xE0, 0xF0, 0x1C, 0x00, 0x03, 0x80,
  0x00, 0x70, 0x00, 0x0E, 0x00, 0x01, 0xE0, 0x00, 0x0C, 0x00, 0xC0, 0xC0,
  0xC0, 0xC0, 0xFF, 0xFE, 0x1C, 0x38, 0x70, 0x70, 0xE0, 0x40, 0x38, 0x38,
  0x70, 0x70, 0xF0, 0xE1, 0xE3, 0xE7, 0xC6, 0xCC, 0xDD, 0x99, 0xB3, 0x31,
  0xE6, 0x63, 0x8F, 0xC7, 0x0F, 0x04, 0x18, 0x0C, 0x03, 0x00, 0xC0, 0x30,
  0xFF, 0xFF, 0xFF, 0xFC, 0x30, 0x0C, 0x03, 0x00, 0xC0, 0xE1, 0xDC, 0x63,
  0xB8, 0x7C, 0x1E, 0x03, 0x81, 0xE0, 0xEC, 0x33, 0xB8, 0x70, 0xC0, 0x03,
  0xFF, 0xE0, 0x01, 0xFF, 0xF0, 0x00, 0xFF, 0xF8, 0x00, 0x60, 0x0C, 0x00,
  0x30, 0x06, 0x00, 0x18, 0x03, 0x00, 0x0C, 0x01, 0x80, 0x06, 0x00, 0xC0,
  0x03, 0x00, 0x60, 0x01, 0x80, 0x38, 0x00, 0xC0, 0x1C, 0x00, 0xE0, 0x07,
  0x00, 0x70, 0x03, 0xC0, 0xF0, 0x00, 0xFF, 0xF0, 0x00, 0x1F, 0xE0, 0x00,
  0xFF, 0xC0, 0x03, 0xFF, 0xC0, 0x03, 0xFF, 0xC0, 0x03, 0x00, 0xC0, 0x03,
  0x00, 0xC0, 0x03, 0x00, 0xC0, 0x03, 0x00, 0xC0, 0x03, 0x00, 0xC0, 0x03,
  0x00, 0xC0, 0x03, 0x00, 0xC0, 0x03, 0x00, 0xC0, 0x07, 0x00, 0xE0, 0x07,
  0x00, 0xE0, 0x0E, 0x00, 0x78, 0x1E, 0x00, 0x3F, 0xFC, 0x00, 0x0F, 0xF0,
  0x00, 0x0F, 0xE0, 0x00, 0x3F, 0xF8, 0x00, 0x78, 0x3C, 0x00, 0x70, 0x0E,
  0x00, 0xE0, 0x07, 0x00, 0xC0, 0x07, 0x00, 0xC0, 0x03, 0x00, 0xC0, 0x03,
  0x00, 0xC0, 0x03, 0x00, 0xC0, 0x03, 0x00, 0xC0, 0x03, 0x00, 0xC0, 0x03,
  0x00, 0xC0, 0x03, 0x00, 0xC0, 0x03, 0xFF, 0xC0, 0x03, 0xFF, 0xC0, 0x03,
  0x01, 0xC0, 0x00, 0x01, 0xF0, 0x00, 0x01, 0x88, 0x00, 0x00, 0xC4, 0x00,
  0x00, 0x36, 0x00, 0x00, 0x0E, 0x00, 0x00, 0x00, 0x00, 0x00, 0x00, 0x00,
  0x00, 0x00, 0x00, 0x00, 0x03, 0xF8, 0x00, 0x07, 0xFF, 0x00, 0x07, 0x87,
  0xC0, 0x07, 0x00, 0xE0, 0x07, 0x00, 0x38, 0x03, 0x80, 0x0C, 0x01, 0x80,
  0x06, 0x00, 0xC0, 0x03, 0x00, 0x60, 0x01, 0x80, 0x30, 0x00, 0xC0, 0x18,
  0x00, 0x60, 0x0C, 0x00, 0x30, 0x06, 0x00, 0x18, 0x03, 0x00, 0x0C, 0x01,
  0x80, 0x07, 0xFF, 0xC0, 0x03, 0xFF, 0x80, 0x07, 0xF0, 0x00, 0x0F, 0xFE,
  0x00, 0x0F, 0x0F, 0x80, 0x0E, 0x01, 0xC0, 0x0E, 0x00, 0x70, 0x07, 0x00,
  0x18, 0x03, 0x00, 0x0C, 0x01, 0x80, 0x06, 0x00, 0xC0, 0x03, 0x00, 0x60,
  0x01, 0x80, 0x30, 0x00, 0xC0, 0x18, 0x00, 0x60, 0x0C, 0x00, 0x30, 0x06,
  0x00, 0x18, 0x03, 0x00, 0x0F, 0xFF, 0x80, 0x07, 0xFF, 0x01, 0x80, 0x00,
  0x01, 0xE0, 0x00, 0x00, 0xF0, 0x00, 0x00, 0x30, 0x00, 0x00, 0x00, 0x00,
  0x00, 0x00, 0x00, 0x00, 0x00, 0x00, 0x00, 0x0F, 0xE0, 0x00, 0x1F, 0xFC,
  0x00, 0x1E, 0x1F, 0x00, 0x1C, 0x03, 0x80, 0x1C, 0x00, 0xE0, 0x0E, 0x00,
  0x30, 0x06, 0x00, 0x18, 0x03, 0x00, 0x0C, 0x01, 0x80, 0x06, 0x00, 0xC0,
  0x03, 0x00, 0x60, 0x01, 0x80, 0x30, 0x00, 0xC0, 0x18, 0x00, 0x60, 0x0C,
  0x00, 0x30, 0x06, 0x00, 0x1F, 0xFF, 0x00, 0x0F, 0xFE, 0xFF, 0xE1, 0xFF,
  0xF0, 0x00, 0xF0, 0x00, 0xE0, 0x00, 0xC0, 0x01, 0xC0, 0x03, 0x80, 0x07,
  0x00, 0x0E, 0x00, 0x18, 0x00, 0x70, 0x03, 0xCF, 0xFF, 0x1F, 0xF8, 0x38,
  0x00, 0x70, 0x00, 0xE0, 0x01, 0xC0, 0x03, 0x80, 0x07, 0x00, 0x0E, 0x00,
  0x1C, 0x00, 0x00, 0x1C, 0x00, 0x38, 0x00, 0x70, 0x00, 0x40, 0x00, 0x00,
  0x00, 0x00, 0x00, 0x00, 0x7F, 0xF0, 0xFF, 0xF8, 0x00, 0x78, 0x00, 0x70,
  0x00, 0x60, 0x00, 0xE0, 0x01, 0xC0, 0x03, 0x80, 0x07, 0x00, 0x0C, 0x00,
  0x38, 0x01, 0xE7, 0xFF, 0x8F, 0xFC, 0x1C, 0x00, 0x38, 0x00, 0x70, 0x00,
  0xE0, 0x01, 0xC0, 0x03, 0x80, 0x07, 0x00, 0x0E, 0x00, 0x00, 0xE0, 0x01,
  0xC0, 0x03, 0x80, 0x07, 0x00, 0x0E, 0x00, 0x1C, 0x00, 0x38, 0x00, 0x70,
  0x00, 0xFF, 0xE1, 0xFF, 0xF0, 0x00, 0xF0, 0x00, 0xE0, 0x00, 0xC0, 0x01,
  0xC0, 0x03, 0x80, 0x07, 0x00, 0x0E, 0x00, 0x18, 0x00, 0x70, 0x03, 0xCF,
  0xFF, 0x1F, 0xF8, 0x00, 0x1F, 0xFC, 0xFF, 0xF7, 0x00, 0x38, 0x00, 0xC0,
  0x03, 0x00, 0x0C, 0x00, 0x30, 0x00, 0xC0, 0x03, 0x80, 0x0E, 0x00, 0x1E,
  0x00, 0x3F, 0xFC, 0x3F, 0xF0, 0x00, 0xC0, 0x03, 0x00, 0x0C, 0x00, 0x30,
  0x00, 0xC0, 0x03, 0x00, 0x0C, 0x00, 0x30, 0x00, 0x60, 0x03, 0xC0, 0x0E,
  0x00, 0x18, 0x00, 0x00, 0x00, 0x00, 0x00, 0x07, 0xFF, 0x3F, 0xFD, 0xC0,
  0x0E, 0x00, 0x30, 0x00, 0xC0, 0x03, 0x00, 0x0C, 0x00, 0x30, 0x00, 0xE0,
  0x03, 0x80, 0x07, 0x80, 0x0F, 0xFF, 0x0F, 0xFC, 0x00, 0x30, 0x00, 0xC0,
  0x03, 0x00, 0x0C, 0x00, 0x30, 0x00, 0xC0, 0x03, 0x00, 0x0C, 0x00, 0x0C,
  0x00, 0x30, 0x00, 0xC0, 0x03, 0x00, 0x0C, 0x00, 0x30, 0x00, 0xC0, 0x03,
  0x1F, 0xFD, 0xFF, 0xF7, 0x00, 0x38, 0x00, 0xC0, 0x03, 0x00, 0x0C, 0x00,
  0x30, 0x00, 0xC0, 0x03, 0x80, 0x0E, 0x00, 0x1E, 0x00, 0x3F, 0xFC, 0x3F,
  0xF0, 0x00, 0x03, 0x80, 0x00, 0x38, 0x00, 0x03, 0x80, 0x00, 0x30, 0x00,
  0x00, 0x00, 0x00, 0x00, 0x00, 0x00, 0x00, 0x07, 0xFF, 0x01, 0xFF, 0xF0,
  0x3C, 0x00, 0x03, 0x80, 0x00, 0x70, 0x00, 0x07, 0x00, 0x00, 0x70, 0x00,
  0x07, 0x00, 0x00, 0x70, 0x00, 0xE3, 0x00, 0x0F, 0x38, 0x00, 0xF1, 0xE0,
  0x06, 0x0F, 0xFF, 0x00, 0x7F, 0xF0, 0x00, 0x07, 0x00, 0x00, 0x70, 0x00,
  0x07, 0x00, 0x00, 0x70, 0x00, 0x07, 0x00, 0x00, 0x70, 0x00, 0x07, 0x00,
  0x00, 0x70, 0x00, 0x60, 0x00, 0x0F, 0x00, 0x00, 0xE0, 0x00, 0x06, 0x00,
  0x00, 0x00, 0x00, 0x00, 0x00, 0x00, 0x00, 0x01, 0xFF, 0xC0, 0x3F, 0xFC,
  0x07, 0x00, 0x00, 0xE0, 0x00, 0x0C, 0x00, 0x00, 0xC0, 0x00, 0x0C, 0x00,
  0x00, 0xC0, 0x00, 0x0C, 0x00, 0x00, 0xE0, 0x00, 0xEE, 0x00, 0x0F, 0x78,
  0x00, 0xF3, 0xFF, 0xC6, 0x0F, 0xFC, 0x00, 0x00, 0xC0, 0x00, 0x0C, 0x00,
  0x00, 0xC0, 0x00, 0x0C, 0x00, 0x00, 0xC0, 0x00, 0x0C, 0x00, 0x00, 0xC0,
  0x00, 0x0C, 0x00, 0x3F, 0x7F, 0xE0, 0xE0, 0xE0, 0x7F, 0x3F, 0x03, 0x03,
  0x03, 0x03, 0x80, 0x78, 0x0F, 0x80, 0xF0, 0xFB, 0xF3, 0xC0, 0xF8, 0x1F,
  0x81, 0xC7, 0xDF, 0x0C, 0x00, 0x80, 0x00, 0xF0, 0x00, 0xFE, 0x00, 0x3F,
  0xC0, 0x07, 0xF8, 0x00, 0x7F, 0x00, 0x0F, 0x00, 0x3F, 0x01, 0xFC, 0x0F,
  0xE0, 0x3F, 0x00, 0xF8, 0x00, 0xFC, 0x00, 0x1F, 0x80, 0x07, 0xF0, 0x00,
  0xFE, 0x00, 0x1F, 0x00, 0x1F, 0x00, 0xFE, 0x0F, 0xF0, 0x7F, 0x80, 0xFC,
  0x00, 0xE0, 0x00, 0x0F, 0x00, 0x01, 0xFC, 0x01, 0xDF, 0xF0, 0x0F, 0xC1,
  0xC0, 0xEC, 0x06, 0x07, 0x60, 0x30, 0x73, 0x01, 0x83, 0x9C, 0x0C, 0x38,
  0xE0, 0xE1, 0x83, 0x1E, 0x1C, 0x1F, 0xE0, 0xC0, 0x7C, 0x0E, 0x03, 0x80,
  0x60, 0x0E, 0x07, 0x00, 0x30, 0x70, 0x01, 0xC3, 0x80, 0x07, 0x38, 0x00,
  0x39, 0xC0, 0x00, 0xFC, 0x00, 0x03, 0xE0, 0x00, 0x1E, 0x00, 0x00, 0x60,
  0x00, 0x03, 0x00, 0x00, 0x01, 0xE0, 0x00, 0x0D, 0x80, 0x00, 0xC4, 0x00,
  0x06, 0x20, 0x00, 0x1F, 0x00, 0x00, 0x70, 0x00, 0x00, 0x00, 0x00, 0x00,
  0x00, 0x00, 0x40, 0x00, 0x06, 0x00, 0x00, 0x38, 0x00, 0x03, 0xC0, 0x00,
  0x3F, 0x00, 0x01, 0x98, 0x00, 0x1C, 0xE0, 0x00, 0xC3, 0x00, 0x0E, 0x1C,
  0x00, 0xE0, 0x60, 0x07, 0x03, 0x80, 0x70, 0x0C, 0x03, 0xF0, 0x70, 0x3F,
  0xE1, 0xC1, 0x87, 0x8E, 0x1C, 0x1C, 0x38, 0xC0, 0x61, 0xC6, 0x03, 0x07,
  0x30, 0x18, 0x19, 0xC0, 0xC0, 0xEE, 0x0E, 0x03, 0x3F, 0xE0, 0x1C, 0xFE,
  0x00, 0x60, 0x00, 0x40, 0x00, 0x06, 0x00, 0x00, 0x38, 0x00, 0x03, 0xC0,
  0x00, 0x3F, 0x00, 0x01, 0x98, 0x00, 0x1C, 0xE0, 0x00, 0xC3, 0x00, 0x0E,
  0x1C, 0x00, 0xE0, 0x60, 0x07, 0x03, 0x80, 0x70, 0x0C, 0x03, 0xF0, 0x70,
  0x3F, 0xE1, 0xC1, 0x87, 0x8E, 0x1C, 0x1C, 0x38, 0xC0, 0x61, 0xC6, 0x03,
  0x07, 0x30, 0x18, 0x19, 0xC0, 0xC0, 0xEE, 0x0E, 0x03, 0x3F, 0xE0, 0x1C,
  0xFE, 0x00, 0x60, 0x00, 0xC0, 0x00, 0x0F, 0x00, 0x00, 0x78, 0x00, 0x01,
  0x80, 0x00, 0x00, 0x00, 0x00, 0x00, 0x00, 0x01, 0x00, 0x00, 0x18, 0x00,
  0x00, 0xE0, 0x00, 0x0F, 0x00, 0x00, 0xFC, 0x00, 0x06, 0x60, 0x00, 0x73,
  0x80, 0x03, 0x0C, 0x00, 0x38, 0x70, 0x03, 0x81, 0x80, 0x1C, 0x0E, 0x01,
  0xC0, 0x30, 0x0F, 0xC1, 0xC0, 0xFF, 0x87, 0x06, 0x1E, 0x38, 0x70, 0x70,
  0xE3, 0x01, 0x87, 0x18, 0x0C, 0x1C, 0xC0, 0x60, 0x67, 0x03, 0x03, 0xB8,
  0x38, 0x0C, 0xFF, 0x80, 0x73, 0xF8, 0x01, 0x80, 0x1E, 0x00, 0x01, 0xFF,
  0x00, 0x0F, 0xBE, 0x00, 0x38, 0x1E, 0x00, 0xC0, 0x7C, 0x03, 0x01, 0xBC,
  0x0C, 0x06, 0x78, 0x30, 0x38, 0x78, 0xE0, 0xE0, 0xF3, 0xFF, 0x01, 0xE7,
  0xF8, 0x07, 0xC3, 0x80, 0x7C, 0x00, 0x07, 0xC0, 0x00, 0x3E, 0x00, 0x03,
  0xE0, 0x00, 0x1E, 0x00, 0x01, 0xF0, 0x00, 0x1F, 0x00, 0x00, 0xF0, 0x00,
  0x0F, 0x80, 0x00, 0x78, 0x00, 0x03, 0x80, 0x00, 0x0C, 0x00, 0x00, 0x00,
  0x07, 0x00, 0x00, 0x1C, 0x00, 0x00, 0x70, 0x00, 0x01, 0x80, 0x00, 0x00,
  0x00, 0x00, 0x00, 0x00, 0x01, 0xE0, 0x00, 0x1F, 0xF0, 0x00, 0xFB, 0xE0,
  0x03, 0x81, 0xE0, 0x0C, 0x07, 0xC0, 0x30, 0x1B, 0xC0, 0xC0, 0x67, 0x83,
  0x03, 0x87, 0x8E, 0x0E, 0x0F, 0x3F, 0xF0, 0x1E, 0x7F, 0x80, 0x7C, 0x38,
  0x07, 0xC0, 0x00, 0x7C, 0x00, 0x03, 0xE0, 0x00, 0x3E, 0x00, 0x01, 0xE0,
  0x00, 0x1F, 0x00, 0x01, 0xF0, 0x00, 0x0F, 0x00, 0x00, 0xF8, 0x00, 0x07,
  0x80, 0x00, 0x38, 0x00, 0x00, 0xC0, 0x00, 0x00, 0x00, 0x01, 0xE0, 0x00,
  0x3F, 0xE0, 0x01, 0xFF, 0x80, 0x1E, 0x07, 0x00, 0xF8, 0x0C, 0x0F, 0x60,
  0x30, 0x79, 0x80, 0xC7, 0x87, 0x03, 0x3C, 0x1C, 0x1D, 0xE0, 0x3F, 0xEF,
  0x80, 0x7F, 0x0F, 0x80, 0x70, 0x0F, 0x80, 0x00, 0x1F, 0x00, 0x00, 0x1F,
  0x00, 0x00, 0x1E, 0x00, 0x00, 0x3E, 0x00, 0x00, 0x3E, 0x00, 0x00, 0x3C,
  0x00, 0x00, 0x7C, 0x00, 0x00, 0x78, 0x00, 0x00, 0x70, 0x00, 0x00, 0xC0,
  0x00, 0x01, 0x80, 0x00, 0x0F, 0x00, 0x00, 0x3C, 0x00, 0x00, 0x60, 0x00,
  0x00, 0x00, 0x00, 0x00, 0x00, 0x00, 0x1E, 0x00, 0x03, 0xFE, 0x00, 0x1F,
  0xF8, 0x01, 0xE0, 0x70, 0x0F, 0x80, 0xC0, 0xF6, 0x03, 0x07, 0x98, 0x0C,
  0x78, 0x70, 0x33, 0xC1, 0xC1, 0xDE, 0x03, 0xFE, 0xF8, 0x07, 0xF0, 0xF8,
  0x07, 0x00, 0xF8, 0x00, 0x01, 0xF0, 0x00, 0x01, 0xF0, 0x00, 0x01, 0xE0,
  0x00, 0x03, 0xE0, 0x00, 0x03, 0xE0, 0x00, 0x03, 0xC0, 0x00, 0x07, 0xC0,
  0x00, 0x07, 0x80, 0x00, 0x07, 0x00, 0x00, 0x0C, 0x00, 0x00, 0x0C, 0x00,
  0x00, 0x03, 0xC0, 0x00, 0x00, 0x78, 0x00, 0x00, 0x06, 0x00, 0x00, 0x00,
  0x00, 0x00, 0x00, 0x00, 0x00, 0x00, 0x07, 0x80, 0x00, 0x03, 0xFC, 0x00,
  0x01, 0xFB, 0xC0, 0x00, 0x78, 0x1C, 0x00, 0x1F, 0x03, 0x80, 0x0F, 0xE0,
  0x30, 0x03, 0xDC, 0x06, 0x01, 0xE1, 0x81, 0xF8, 0x78, 0x38, 0x3F, 0x3C,
  0x03, 0xFE, 0xE7, 0xC0, 0x7F, 0x9C, 0x3E, 0x01, 0xC0, 0x03, 0xE0, 0x00,
  0x00, 0x1F, 0x00, 0x00, 0x00, 0xF0, 0x00, 0x00, 0x0F, 0x80, 0x00, 0x00,
  0x7C, 0x00, 0x00, 0x03, 0xC0, 0x00, 0x00, 0x3E, 0x00, 0x00, 0x01, 0xE0,
  0x00, 0x00, 0x0F, 0x00, 0x00, 0x00, 0xF0, 0x00, 0x00, 0x06, 0x00, 0x01,
  0xC0, 0x00, 0x00, 0x78, 0x00, 0x00, 0x07, 0x00, 0x00, 0x00, 0xC0, 0x00,
  0x00, 0x00, 0x00, 0x00, 0x00, 0x00, 0x00, 0x00, 0x78, 0x00, 0x00, 0x7F,
  0xC0, 0x00, 0x1F, 0xF8, 0x00, 0x0F, 0x03, 0x80, 0x03, 0xE0, 0x30, 0x01,
  0xEC, 0x06, 0x00, 0x79, 0x80, 0xC0, 0x3C, 0x38, 0x18, 0x0F, 0x07, 0x07,
  0x3B, 0xC0, 0x7F, 0xC7, 0xF8, 0x07, 0xF0, 0xE7, 0xC0, 0x38, 0x1C, 0x3E,
  0x00, 0x00, 0x03, 0xE0, 0x00, 0x00, 0x1F, 0x00, 0x00, 0x00, 0xF0, 0x00,
  0x00, 0x0F, 0x80, 0x00, 0x00, 0x7C, 0x00, 0x00, 0x03, 0xC0, 0x00, 0x00,
  0x3E, 0x00, 0x00, 0x01, 0xE0, 0x00, 0x00, 0x0E, 0x00, 0x00, 0x00, 0xC0,
  0x00, 0x70, 0x07, 0xE0, 0x3D, 0xC3, 0xE3, 0x1D, 0x8D, 0xE7, 0xFF, 0x0F,
  0x9F, 0x00, 0x1F, 0x00, 0x1F, 0x00, 0x1F, 0x00, 0x1E, 0x00, 0x18, 0x0F,
  0x00, 0x03, 0xFC, 0x07, 0x7B, 0xE0, 0x77, 0x0E, 0x07, 0x60, 0x60, 0x7E,
  0x06, 0x07, 0xE0, 0x60, 0x7E, 0x06, 0x07, 0xE0, 0xE0, 0x7E, 0x3C, 0x07,
  0xFF, 0x80, 0x7F, 0xE0, 0x07, 0xE0, 0x00, 0x7E, 0x00, 0x07, 0xE0, 0x00,
  0x7E, 0x00, 0x06, 0x60, 0x00, 0x66, 0x00, 0x06, 0x70, 0x00, 0xE3, 0x80,
  0x1C, 0x3C, 0x03, 0xC1, 0xFF, 0xF8, 0x07, 0xFE, 0x00, 0x00, 0x0F, 0x0E,
  0x03, 0xFC, 0xE0, 0x7F, 0xEE, 0x07, 0x0E, 0xE0, 0x60, 0x6E, 0x0E, 0x07,
  0xE0, 0x60, 0x7E, 0x06, 0x07, 0xE0, 0x70, 0x7E, 0x03, 0xC7, 0xE0, 0x1F,
  0xFE, 0x00, 0x7F, 0xE0, 0x00, 0x7E, 0x00, 0x07, 0xE0, 0x00, 0x7E, 0x00,
  0x06, 0x60, 0x00, 0x66, 0x00, 0x06, 0x70, 0x00, 0xE3, 0x80, 0x1C, 0x3C,
  0x03, 0xC1, 0xFF, 0xF8, 0x07, 0xFE, 0x00, 0x01, 0xF8, 0x00, 0xFF, 0xF0,
  0x1F, 0xBF, 0x83, 0xC0, 0x3C, 0x30, 0x00, 0xC7, 0x00, 0x0E, 0x60, 0x00,
  0x66, 0x00, 0x06, 0xE0, 0x00, 0x7E, 0x00, 0x07, 0xE0, 0x00, 0x7E, 0x00,
  0x07, 0xFF, 0x00, 0x7F, 0xFC, 0x07, 0xE1, 0xE0, 0x7E, 0x0E, 0x07, 0xE0,
  0x60, 0x7E, 0x06, 0x07, 0xE0, 0x60, 0x76, 0x06, 0x07, 0x70, 0xE0, 0x73,
  0xFC, 0x07, 0x1F, 0x80, 0x70, 0x01, 0xF8, 0x00, 0xFF, 0xF0, 0x1F, 0xFF,
  0x83, 0x80, 0x3C, 0x70, 0x00, 0xC7, 0x00, 0x0E, 0x60, 0x00, 0x66, 0x00,
  0x06, 0xE0, 0x00, 0x7E, 0x00, 0x07, 0xE0, 0x00, 0x7E, 0x00, 0x07, 0xE0,
  0x0F, 0xFE, 0x03, 0xFF, 0xE0, 0x78, 0x7E, 0x07, 0x07, 0xE0, 0x60, 0x7E,
  0x0E, 0x07, 0xE0, 0x60, 0x7E, 0x06, 0x06, 0xE0, 0x70, 0xEE, 0x03, 0xFC,
  0xE0, 0x1F, 0x80, 0x00, 0x60, 0x00, 0x0F, 0x00, 0x00, 0xF0, 0x00, 0x06,
  0x00, 0x00, 0x00, 0x00, 0x00, 0x00, 0x01, 0xF8, 0x00, 0xFF, 0xF0, 0x1F,
  0xBF, 0x83, 0xC0, 0x3C, 0x30, 0x00, 0xC7, 0x00, 0x0E, 0x60, 0x00, 0x66,
  0x00, 0x06, 0xE0, 0x00, 0x7E, 0x00, 0x07, 0xE0, 0x00, 0x7E, 0x00, 0x07,
  0xFF, 0x00, 0x7F, 0xFC, 0x07, 0xE1, 0xE0, 0x7E, 0x0E, 0x07, 0xE0, 0x60,
  0x7E, 0x06, 0x07, 0xE0, 0x60, 0x76, 0x06, 0x07, 0x70, 0xE0, 0x73, 0xFC,
  0x07, 0x1F, 0x80, 0x70, 0x00, 0x60, 0x00, 0x0F, 0x00, 0x00, 0xF0, 0x00,
  0x06, 0x00, 0x00, 0x00, 0x00, 0x00, 0x00, 0x01, 0xF8, 0x00, 0xFF, 0xF0,
  0x1F, 0xFF, 0x83, 0x80, 0x3C, 0x70, 0x00, 0xC7, 0x00, 0x0E, 0x60, 0x00,
  0x66, 0x00, 0x06, 0xE0, 0x00, 0x7E, 0x00, 0x07, 0xE0, 0x00, 0x7E, 0x00,
  0x07, 0xE0, 0x0F, 0xFE, 0x03, 0xFF, 0xE0, 0x78, 0x7E, 0x07, 0x07, 0xE0,
  0x60, 0x7E, 0x0E, 0x07, 0xE0, 0x60, 0x7E, 0x06, 0x06, 0xE0, 0x70, 0xEE,
  0x03, 0xFC, 0xE0, 0x1F, 0x80, 0x1F, 0xFC, 0x0F, 0xFF, 0xC3, 0xC1, 0xDE,
  0x60, 0x39, 0xCC, 0x07, 0x1D, 0x80, 0xC1, 0xB0, 0x18, 0x3F, 0x07, 0x07,
  0xF1, 0xC0, 0x6F, 0xF8, 0x0C, 0x7C, 0x01, 0x80, 0x00, 0x30, 0x00, 0x06,
  0x00, 0x00, 0xC0, 0x00, 0x38, 0x00, 0x07, 0x00, 0x01, 0xC0, 0x00, 0x38,
  0x00, 0x1E, 0x00, 0x3F, 0x8F, 0xFF, 0xC1, 0xFF, 0xC0, 0x00, 0x00, 0xE0,
  0x00, 0x1C, 0x00, 0x03, 0x80, 0x00, 0x60, 0x00, 0x00, 0x00, 0x00, 0x00,
  0x00, 0x00, 0x00, 0xFF, 0xE0, 0x7F, 0xFE, 0x1E, 0x0E, 0xF3, 0x01, 0xCE,
  0x60, 0x38, 0xEC, 0x06, 0x0D, 0x80, 0xC1, 0xF8, 0x38, 0x3F, 0x8E, 0x03,
  0x7F, 0xC0, 0x63, 0xE0, 0x0C, 0x00, 0x01, 0x80, 0x00, 0x30, 0x00, 0x06,
  0x00, 0x01, 0xC0, 0x00, 0x38, 0x00, 0x0E, 0x00, 0x01, 0xC0, 0x00, 0xF0,
  0x01, 0xFC, 0x7F, 0xFE, 0x0F, 0xFE, 0x00, 0x03, 0xFF, 0x80, 0xFF, 0xFC,
  0x3C, 0xC0, 0xE3, 0x8C, 0x06, 0x70, 0xC0, 0x66, 0x0C, 0x07, 0xE0, 0xC0,
  0x6E, 0x0E, 0x0E, 0xC0, 0x71, 0xEC, 0x07, 0xFC, 0xC0, 0x1F, 0x0C, 0x00,
  0x00, 0xC0, 0x00, 0x0E, 0x00, 0x00, 0xE0, 0x00, 0x0E, 0x00, 0x00, 0x70,
  0x00, 0x07, 0x80, 0x00, 0x3C, 0x00, 0x01, 0xFC, 0x00, 0x07, 0xFF, 0xE0,
  0x0F, 0xFE, 0x00, 0x60, 0x00, 0x0F, 0x00, 0x00, 0xF0, 0x00, 0x06, 0x00,
  0x00, 0x00, 0x00, 0x00, 0x00, 0x00, 0x00, 0x00, 0x3F, 0xF8, 0x0F, 0xFF,
  0xC3, 0xCC, 0x0E, 0x38, 0xC0, 0x67, 0x0C, 0x06, 0x60, 0xC0, 0x7E, 0x0C,
  0x06, 0xE0, 0xE0, 0xEC, 0x07, 0x1E, 0xC0, 0x7F, 0xCC, 0x01, 0xF0, 0xC0,
  0x00, 0x0C, 0x00, 0x00, 0xE0, 0x00, 0x0E, 0x00, 0x00, 0xE0, 0x00, 0x07,
  0x00, 0x00, 0x78, 0x00, 0x03, 0xC0, 0x00, 0x1F, 0xC0, 0x00, 0x7F, 0xFE,
  0x00, 0xFF, 0xE0, 0x00, 0x03, 0x80, 0x00, 0x00, 0xF0, 0x00, 0x00, 0x38,
  0x00, 0x00, 0x06, 0x00, 0x00, 0x00, 0x00, 0x00, 0x00, 0x00, 0x00, 0x00,
  0x00, 0x00, 0x00, 0x3F, 0xF8, 0x00, 0x3F, 0xFF, 0x00, 0x3D, 0xC0, 0xE0,
  0x0E, 0x70, 0x18, 0x07, 0x0C, 0x06, 0x01, 0x83, 0x01, 0xC0, 0xE0, 0xC0,
  0x60, 0x38, 0x38, 0x38, 0x0C, 0x07, 0x1E, 0x63, 0x01, 0xFF, 0x3C, 0xC0,
  0x1F, 0x0F, 0x30, 0x00, 0x01, 0x8C, 0x00, 0x00, 0x03, 0x00, 0x00, 0x00,
  0xE0, 0x00, 0x00, 0x38, 0x00, 0x00, 0x07, 0x00, 0x00, 0x01, 0xC0, 0x00,
  0x00, 0x3C, 0x00, 0x00, 0x07, 0xF0, 0x00, 0x00, 0x7F, 0xFE, 0x00, 0x03,
  0xFF, 0x80, 0x00, 0x60, 0x00, 0x00, 0xF0, 0x00, 0x00, 0xE0, 0x00, 0x00,
  0x60, 0x00, 0x00, 0x00, 0x00, 0x00, 0x00, 0x00, 0x00, 0x00, 0x00, 0x03,
  0xFF, 0x80, 0x0F, 0xFF, 0xC0, 0x3C, 0xC0, 0xE0, 0x38, 0xC0, 0x60, 0x70,
  0xC0, 0x60, 0x60, 0xC0, 0x70, 0xE0, 0xC0, 0x60, 0xE0, 0xE0, 0xE0, 0xC0,
  0x71, 0xE0, 0xC0, 0x7F, 0xC6, 0xC0, 0x1F, 0x0F, 0xC0, 0x00, 0x0F, 0xC0,
  0x00, 0x06, 0xE0, 0x00, 0x00, 0xE0, 0x00, 0x00, 0xE0, 0x00, 0x00, 0x70,
  0x00, 0x00, 0x78, 0x00, 0x00, 0x3C, 0x00, 0x00, 0x1F, 0xC0, 0x00, 0x07,
  0xFF, 0xE0, 0x00, 0xFF, 0xE0, 0x07, 0x07, 0xF9, 0xFF, 0xF6, 0x3C, 0xC7,
  0x9F, 0xF1, 0xF6, 0x00, 0xC0, 0x1C, 0x01, 0xFF, 0x9F, 0xF0, 0xE0, 0x60,
  0x7E, 0x06, 0x07, 0xE0, 0x60, 0x7E, 0x06, 0x07, 0xE0, 0x60, 0x7E, 0x06,
  0x07, 0xE0, 0x60, 0x7E, 0x06, 0x07, 0xE0, 0x60, 0x7E, 0x06, 0x07, 0xE0,
  0x60, 0x7E, 0x00, 0x07, 0xE0, 0x00, 0x7E, 0x00, 0x07, 0xE0, 0x00, 0x66,
  0x00, 0x06, 0x60, 0x00, 0xE7, 0x00, 0x0E, 0x38, 0x01, 0xC3, 0xC0, 0x3C,
  0x1F, 0xFF, 0x80, 0x7F, 0xE0, 0x01, 0xF8, 0x00, 0xFF, 0xF0, 0x1F, 0xBF,
  0x83, 0xC0, 0x3C, 0x30, 0x00, 0xC7, 0x00, 0x0E, 0x60, 0x00, 0x66, 0x00,
  0x06, 0xE0, 0x00, 0x7E, 0x00, 0x07, 0xE0, 0x00, 0x7E, 0x00, 0x07, 0xE0,
  0x60, 0x7E, 0x06, 0x07, 0xE0, 0x60, 0x7E, 0x06, 0x07, 0xE0, 0x60, 0x7E,
  0x06, 0x07, 0xE0, 0x60, 0x7E, 0x06, 0x07, 0xE0, 0x60, 0x7E, 0x06, 0x07,
  0xE0, 0x60, 0x70, 0xFF, 0xF0, 0x7F, 0xFE, 0x00, 0x0F, 0x80, 0x00, 0xE0,
  0x00, 0x70, 0x00, 0x1C, 0x00, 0x0E, 0x00, 0x07, 0x00, 0x01, 0x80, 0x00,
  0xFF, 0xE0, 0x7F, 0xF0, 0x30, 0x00, 0x18, 0x00, 0x0C, 0x00, 0x0E, 0x00,
  0x07, 0x00, 0x03, 0x00, 0x03, 0x80, 0x03, 0x80, 0x0F, 0xCF, 0xFF, 0x87,
  0xFE, 0x00, 0x03, 0xFF, 0xC3, 0xFF, 0xF3, 0xE0, 0x00, 0xE0, 0x00, 0x70,
  0x00, 0x18, 0x00, 0x06, 0x00, 0x03, 0x80, 0x00, 0xE0, 0x00, 0x38, 0x00,
  0x0E, 0x0F, 0xFF, 0x83, 0xFF, 0xE0, 0x00, 0x38, 0x00, 0x0E, 0x00, 0x01,
  0x80, 0x00, 0x70, 0x00, 0x1C, 0x00, 0x03, 0x80, 0x00, 0x7C, 0x00, 0x0F,
  0xFF, 0xC0, 0x7F, 0xF0, 0x06, 0x00, 0x30, 0x03, 0x00, 0x18, 0x19, 0x98,
  0xCC, 0xDF, 0xFE, 0xFE, 0xF3, 0xFC, 0x1F, 0xE0, 0x78, 0x03, 0xC0, 0x7E,
  0x01, 0xF0, 0x33, 0x01, 0xDC, 0x39, 0xC1, 0xC6, 0x38, 0x70, 0xC3, 0x80,
  0xE7, 0x0E, 0x7E, 0x70, 0xE7, 0xE7, 0x0E, 0x7E, 0x70, 0xE7, 0xE7, 0x0E,
  0x7E, 0x70, 0xE7, 0xE7, 0x0C, 0x7E, 0x30, 0xC7, 0xE3, 0x9C, 0x7E, 0x1F,
  0x87, 0xE0, 0xF0, 0x7E, 0x00, 0x07, 0xE0, 0x00, 0x76, 0x00, 0x06, 0x60,
  0x00, 0x66, 0x00, 0x06, 0x70, 0x00, 0xE3, 0x00, 0x0C, 0x38, 0x01, 0xC1,
  0xE0, 0x78, 0x0F, 0xFF, 0x00, 0x7F, 0xE0, 0x01, 0xF8, 0x00, 0x7F, 0xE0,
  0x1F, 0xFF, 0x83, 0xC0, 0x38, 0x38, 0x01, 0xC7, 0x00, 0x0E, 0x70, 0x00,
  0xE6, 0x00, 0x06, 0x60, 0x00, 0x6E, 0x00, 0x06, 0xE0, 0x00, 0x7E, 0x00,
  0x07, 0xE1, 0xF8, 0x7E, 0x3F, 0xC7, 0xE3, 0x9C, 0x7E, 0x30, 0xC7, 0xE7,
  0x0E, 0x7E, 0x70, 0xE7, 0xE7, 0x0E, 0x7E, 0x70, 0xE7, 0xE7, 0x0E, 0x7E,
  0x70, 0xE7, 0xE7, 0x0E, 0x70, 0xFF, 0xF0, 0x7F, 0xFE, 0x00, 0x0F, 0x80,
  0x00, 0xE0, 0x00, 0x70, 0x00, 0x1F, 0xF8, 0x0F, 0xFE, 0x07, 0x03, 0x01,
  0x81, 0xC0, 0xC0, 0xE0, 0x60, 0x70, 0x30, 0x38, 0x18, 0x38, 0x0F, 0xFC,
  0x0F, 0xF8, 0x07, 0x00, 0x03, 0x00, 0x03, 0x80, 0x03, 0x80, 0x0F, 0xCF,
  0xFF, 0x87, 0xFE, 0x00, 0x03, 0xFF, 0xC3, 0xFF, 0xF3, 0xE0, 0x00, 0xE0,
  0x00, 0x70, 0x00, 0x18, 0x00, 0x06, 0x01, 0xFF, 0x81, 0xFF, 0xE0, 0x70,
  0x38, 0x18, 0x0E, 0x06, 0x03, 0x81, 0x80, 0xE0, 0x60, 0x38, 0x1C, 0x0E,
  0x03, 0xFD, 0x80, 0x7F, 0x70, 0x00, 0x1C, 0x00, 0x03, 0x80, 0x00, 0x7C,
  0x00, 0x0F, 0xFF, 0xC0, 0x7F, 0xF0, 0x07, 0x80, 0x00, 0x3F, 0xE0, 0x00,
  0xFF, 0xE0, 0x03, 0x81, 0xC0, 0x0E, 0x01, 0xC0, 0x1C, 0x01, 0x80, 0x30,
  0x03, 0x00, 0x60, 0x06, 0x00, 0xC0, 0x0C, 0x01, 0x80, 0x18, 0x03, 0x80,
  0x30, 0x07, 0x00, 0xE0, 0x07, 0x01, 0xC0, 0x0F, 0x07, 0x80, 0x0F, 0xFF,
  0x00, 0x07, 0xF6, 0x04, 0x00, 0x0C, 0x1E, 0x00, 0x18, 0x78, 0x00, 0x31,
  0xC0, 0x00, 0x6F, 0x00, 0x00, 0xFC, 0x00, 0x01, 0xE0, 0x00, 0x03, 0x80,
  0x00, 0x00, 0x07, 0xC0, 0x00, 0x3F, 0xE0, 0x00, 0xFB, 0xE0, 0x03, 0x81,
  0xE0, 0x06, 0x01, 0xC0, 0x1C, 0x01, 0x80, 0x38, 0x03, 0x80, 0x70, 0x07,
  0x00, 0xE0, 0x0E, 0x01, 0xC0, 0x1C, 0x03, 0x80, 0x30, 0x07, 0x00, 0xE0,
  0x0F, 0x01, 0xC0, 0x1F, 0x07, 0x00, 0x3F, 0xFC, 0x20, 0x77, 0xF0, 0xE0,
  0xE0, 0x00, 0xF1, 0xC0, 0x00, 0xF3, 0x80, 0x00, 0xF7, 0x00, 0x00, 0x7E,
  0x00, 0x00, 0x7C, 0x00, 0x00, 0x78, 0x00, 0x00, 0x00, 0x03, 0x80, 0x00,
  0x0F, 0x00, 0x00, 0x0E, 0x00, 0x00, 0x18, 0x00, 0x00, 0x00, 0x00, 0x00,
  0x00, 0x00, 0x01, 0xF0, 0x00, 0x0F, 0xF8, 0x00, 0x3E, 0xF8, 0x00, 0xE0,
  0x78, 0x01, 0x80, 0x70, 0x07, 0x00, 0x60, 0x0E, 0x00, 0xE0, 0x1C, 0x01,
  0xC0, 0x38, 0x03, 0x80, 0x70, 0x07, 0x00, 0xE0, 0x0C, 0x01, 0xC0, 0x38,
  0x03, 0xC0, 0x70, 0x07, 0xC1, 0xC0, 0x0F, 0xFF, 0x08, 0x1D, 0xFC, 0x38,
  0x38, 0x00, 0x3C, 0x70, 0x00, 0x3C, 0xE0, 0x00, 0x3D, 0xC0, 0x00, 0x1F,
  0x80, 0x00, 0x1F, 0x00, 0x00, 0x1E, 0x00, 0x00, 0x00, 0x0F, 0x00, 0x00,
  0x1F, 0x00, 0x00, 0x3F, 0x00, 0x00, 0x67, 0x80, 0x00, 0xC7, 0x80, 0x01,
  0x87, 0xC1, 0xE3, 0x03, 0x0F, 0xFE, 0x02, 0x3F, 0xFC, 0x00, 0xE0, 0x78,
  0x01, 0x80, 0x70, 0x07, 0x00, 0x60, 0x0C, 0x00, 0xC0, 0x18, 0x01, 0x80,
  0x30, 0x03, 0x00, 0x60, 0x06, 0x00, 0xE0, 0x0C, 0x01, 0xC0, 0x38, 0x01,
  0x80, 0x70, 0x03, 0xC1, 0xC0, 0x03, 0xFF, 0x00, 0x03, 0xFC, 0x00, 0x00,
  0x00, 0x0E, 0x00, 0x00, 0x3C, 0x00, 0x00, 0x38, 0x00, 0x00, 0x60, 0x00,
  0x00, 0x00, 0x00, 0x00, 0x00, 0x00, 0x00, 0x00, 0x00, 0x07, 0x80, 0x00,
  0x0F, 0x80, 0x00, 0x1F, 0x80, 0x00, 0x33, 0xC0, 0x00, 0x63, 0xC0, 0x00,
  0xC3, 0xE0, 0xF1, 0x81, 0x87, 0xFF, 0x01, 0x1F, 0xFE, 0x00, 0x70, 0x3C,
  0x00, 0xC0, 0x38, 0x03, 0x80, 0x30, 0x06, 0x00, 0x60, 0x0C, 0x00, 0xC0,
  0x18, 0x01, 0x80, 0x30, 0x03, 0x00, 0x70, 0x06, 0x00, 0xE0, 0x1C, 0x00,
  0xC0, 0x38, 0x01, 0xE0, 0xE0, 0x01, 0xFF, 0x80, 0x01, 0xFE, 0x00, 0x00,
  0x01, 0xE0, 0x00, 0x07, 0xC0, 0x00, 0x3F, 0x80, 0x00, 0xF7, 0x00, 0x03,
  0x8E, 0x00, 0x1E, 0x1C, 0x00, 0x38, 0x39, 0xE0, 0x20, 0x7F, 0xF0, 0x00,
  0xFF, 0xF8, 0x01, 0xE0, 0x70, 0x03, 0x80, 0x70, 0x07, 0x00, 0x60, 0x0E,
  0x00, 0xC0, 0x1C, 0x01, 0xC0, 0x38, 0x03, 0x80, 0x70, 0x07, 0x00, 0xE0,
  0x0C, 0x01, 0xC0, 0x18, 0x01, 0xC0, 0x70, 0x03, 0xC1, 0xC0, 0x03, 0xFF,
  0x80, 0x03, 0xFC, 0x00, 0x00, 0xC0, 0x00, 0x03, 0xC0, 0x00, 0x07, 0x80,
  0x00, 0x06, 0x00, 0x00, 0x00, 0x00, 0x00, 0x00, 0x00, 0x00, 0x00, 0x00,
  0x00, 0xF0, 0x00, 0x03, 0xE0, 0x00, 0x1F, 0xC0, 0x00, 0x7B, 0x80, 0x01,
  0xC7, 0x00, 0x0F, 0x0E, 0x00, 0x1C, 0x1C, 0xF0, 0x10, 0x3F, 0xF8, 0x00,
  0x7F, 0xFC, 0x00, 0xF0, 0x38, 0x01, 0xC0, 0x38, 0x03, 0x80, 0x30, 0x07,
  0x00, 0x60, 0x0E, 0x00, 0xE0, 0x1C, 0x01, 0xC0, 0x38, 0x03, 0x80, 0x70,
  0x06, 0x00, 0xE0, 0x0C, 0x00, 0xE0, 0x38, 0x01, 0xE0, 0xE0, 0x01, 0xFF,
  0xC0, 0x01, 0xFE, 0x00, 0x0E, 0x00, 0xF8, 0x07, 0xE0, 0x3B, 0xF8, 0x4F,
  0xF8, 0x3C, 0xE0, 0xE1, 0x81, 0x87, 0x06, 0x18, 0x1F, 0xE0, 0x3F, 0x00,
  0x30, 0xE0, 0x03, 0xE0, 0x03, 0xE0, 0x03, 0xE0, 0x03, 0xE0, 0x03, 0xE0,
  0x03, 0xE0, 0x03, 0xE0, 0x03, 0xE0, 0x03, 0xFF, 0xFF, 0xFF, 0xFF, 0xE0,
  0x03, 0xE0, 0x03, 0xE0, 0x03, 0xE0, 0x03, 0xE0, 0x03, 0xE0, 0x03, 0xE0,
  0x03, 0xE0, 0x03, 0xE0, 0x03, 0xE0, 0x03, 0xE0, 0x03, 0xF1, 0xCC, 0xE3,
  0xF0, 0x78, 0x0E, 0x07, 0x81, 0xF0, 0xCE, 0x71, 0xB8, 0x70, 0x00, 0x00,
  0xF0, 0x00, 0x00, 0x36, 0x00, 0x00, 0x18, 0x80, 0x00, 0x06, 0x20, 0x00,
  0x00, 0xF8, 0x00, 0x00, 0x18, 0x00, 0x00, 0x00, 0x00, 0x00, 0x00, 0x00,
  0x00, 0x00, 0xF0, 0x0F, 0xC0, 0xFF, 0x87, 0xF0, 0x7F, 0xF3, 0x80, 0x38,
  0x1C, 0xE0, 0x0C, 0x03, 0xB8, 0x07, 0x00, 0x67, 0xF1, 0x80, 0x18, 0xFC,
  0x60, 0x06, 0x03, 0x18, 0x01, 0xC0, 0xC6, 0x00, 0x60, 0x31, 0xC0, 0x18,
  0x0C, 0x70, 0x0E, 0x00, 0x1E, 0x03, 0x80, 0x07, 0xC1, 0xC0, 0x01, 0xFF,
  0xE0, 0x00, 0x6F, 0xF0, 0x00, 0x18, 0x00, 0x00, 0x06, 0x00, 0x00, 0x01,
  0x80, 0x00, 0x00, 0x60, 0x00, 0x00, 0x18, 0x00, 0x00, 0x06, 0x00, 0x00,
  0x01, 0x80, 0x00, 0x00, 0x00, 0xF8, 0x0F, 0xC0, 0xFF, 0x87, 0xF0, 0x7D,
  0xF3, 0x80, 0x38, 0x1E, 0xE0, 0x0E, 0x03, 0xB8, 0x07, 0x00, 0x67, 0xF1,
  0xC0, 0x1C, 0xFC, 0x70, 0x07, 0x03, 0x1C, 0x01, 0xC0, 0xC7, 0x00, 0x70,
  0x31, 0xC0, 0x18, 0x0C, 0x70, 0x06, 0x00, 0x1E, 0x03, 0x80, 0x07, 0xC1,
  0xC0, 0x01, 0xFF, 0xE0, 0x00, 0x77, 0xF0, 0x00, 0x1C, 0x00, 0x00, 0x07,
  0x00, 0x00, 0x01, 0xC0, 0x00, 0x00, 0x70, 0x00, 0x00, 0x1C, 0x00, 0x00,
  0x07, 0x00, 0x00, 0x01, 0xC0, 0x00, 0x00, 0x00, 0x60, 0x00, 0x00, 0x3C,
  0x00, 0x00, 0x0F, 0x00, 0x00, 0x01, 0x80, 0x00, 0x00, 0x00, 0x00, 0x00,
  0x00, 0x00, 0x00, 0x0F, 0x00, 0xFC, 0x0F, 0xF8, 0x7F, 0x07, 0xFF, 0x38,
  0x03, 0x81, 0xCE, 0x00, 0xC0, 0x3B, 0x80, 0x70, 0x06, 0x7F, 0x18, 0x01,
  0x8F, 0xC6, 0x00, 0x60, 0x31, 0x80, 0x1C, 0x0C, 0x60, 0x06, 0x03, 0x1C,
  0x01, 0x80, 0xC7, 0x00, 0xE0, 0x01, 0xE0, 0x38, 0x00, 0x7C, 0x1C, 0x00,
  0x1F, 0xFE, 0x00, 0x06, 0xFF, 0x00, 0x01, 0x80, 0x00, 0x00, 0x60, 0x00,
  0x00, 0x18, 0x00, 0x00, 0x06, 0x00, 0x00, 0x01, 0x80, 0x00, 0x00, 0x60,
  0x00, 0x00, 0x18, 0x00, 0x00, 0x3F, 0x00, 0x01, 0xBF, 0x80, 0x00, 0xF8,
  0x00, 0x00, 0x7C, 0x00, 0x00, 0x3E, 0x00, 0x00, 0x1B, 0xF8, 0x00, 0x0C,
  0xFC, 0x03, 0xC6, 0x06, 0x07, 0xFF, 0x03, 0x07, 0xFF, 0x81, 0x87, 0x03,
  0xC0, 0xC3, 0x00, 0xE0, 0x03, 0x80, 0x30, 0x01, 0x80, 0x18, 0x00, 0xC0,
  0x0C, 0x00, 0x60, 0x06, 0x00, 0x30, 0x03, 0x00, 0x1C, 0x01, 0x80, 0x0E,
  0x01, 0xC0, 0x03, 0x00, 0xE0, 0x01, 0xE0, 0xE0, 0x00, 0x7F, 0xE0, 0x00,
  0x1F, 0xE0, 0x00, 0x00, 0x03, 0x80, 0x00, 0x01, 0xC0, 0x00, 0x00, 0xE0,
  0x00, 0x00, 0x20, 0x00, 0x00, 0x00, 0x00, 0x00, 0x00, 0x00, 0x00, 0x00,
  0x7E, 0x00, 0x07, 0x7F, 0x00, 0x03, 0xF0, 0x00, 0x01, 0xF8, 0x00, 0x00,
  0xFC, 0x00, 0x00, 0x77, 0xF0, 0x00, 0x39, 0xF8, 0x07, 0x9C, 0x0C, 0x1F,
  0xFE, 0x06, 0x1F, 0xFF, 0x03, 0x0E, 0x07, 0x81, 0x8E, 0x01, 0xC0, 0x06,
  0x00, 0xE0, 0x07, 0x00, 0x70, 0x03, 0x80, 0x38, 0x01, 0xC0, 0x1C, 0x00,
  0xE0, 0x0E, 0x00, 0x70, 0x07, 0x00, 0x18, 0x03, 0x00, 0x0E, 0x03, 0x80,
  0x03, 0x83, 0xC0, 0x01, 0xFF, 0xC0, 0x00, 0x3F, 0xC0, 0x3F, 0x1C, 0x00,
  0x1F, 0xC7, 0x00, 0x0E, 0x01, 0xC0, 0x03, 0x80, 0x70, 0x00, 0xE0, 0x1C,
  0x00, 0x1F, 0xC7, 0x00, 0x03, 0xF1, 0xCF, 0x00, 0x0C, 0x7F, 0xF8, 0x03,
  0x1F, 0xFF, 0x00, 0xC7, 0x81, 0xC0, 0x31, 0xC0, 0x38, 0x00, 0x70, 0x06,
  0x00, 0x1C, 0x01, 0xC0, 0x07, 0x00, 0x70, 0x01, 0xC0, 0x1C, 0x00, 0x70,
  0x07, 0x00, 0x1C, 0x01, 0xC0, 0x03, 0x00, 0x60, 0x00, 0xE0, 0x38, 0x00,
  0x3C, 0x1C, 0x00, 0x07, 0xFF, 0x00, 0x00, 0x7F, 0x00, 0x00, 0x18, 0x00,
  0x00, 0x0F, 0x00, 0x00, 0x03, 0xC0, 0x00, 0x00, 0x60, 0x00, 0x00, 0x00,
  0x00, 0x00, 0x00, 0x00, 0x00, 0x00, 0x00, 0x00, 0xFC, 0x60, 0x00, 0x7F,
  0x18, 0x00, 0x38, 0x06, 0x00, 0x0E, 0x01, 0x80, 0x03, 0x80, 0x60, 0x00,
  0x7F, 0x18, 0x00, 0x0F, 0xC6, 0x3C, 0x00, 0x31, 0xBF, 0xC0, 0x0C, 0x7F,
  0xFC, 0x03, 0x1E, 0x07, 0x00, 0xC7, 0x00, 0xE0, 0x01, 0xC0, 0x18, 0x00,
  0x60, 0x06, 0x00, 0x18, 0x01, 0x80, 0x06, 0x00, 0x70, 0x01, 0x80, 0x18,
  0x00, 0x70, 0x06, 0x00, 0x1C, 0x03, 0x80, 0x03, 0x80, 0xE0, 0x00, 0xF0,
  0x70, 0x00, 0x1F, 0xF8, 0x00, 0x03, 0xFC, 0x00, 0x3F, 0x18, 0x07, 0xF1,
  0x80, 0xE0, 0x18, 0x0E, 0x01, 0xFC, 0xE0, 0x1F, 0xE7, 0xF1, 0xC7, 0x3F,
  0x18, 0x30, 0x31, 0x83, 0x03, 0x1C, 0x70, 0x30, 0xFE, 0x03, 0x0F, 0xC0,
  0x00, 0x10, 0x07, 0x80, 0x7F, 0xC7, 0xFF, 0x9C, 0x0E, 0xE0, 0x1F, 0x80,
  0x3C, 0x00, 0xF0, 0x03, 0xC0, 0x0F, 0x80, 0x3E, 0x01, 0xDC, 0x07, 0x7E,
  0xFC, 0x7F, 0xF0, 0x7C, 0xC1, 0x83, 0x0E, 0x0C, 0x30, 0x31, 0xC0, 0xC6,
  0x03, 0x38, 0x0C, 0xC0, 0x37, 0x00, 0xC0, 0x07, 0xC0, 0x3F, 0xE0, 0xFB,
  0xE3, 0x80, 0xE6, 0x00, 0xDC, 0x01, 0xF8, 0x03, 0xF0, 0x07, 0xE0, 0x0F,
  0xC0, 0x1B, 0x80, 0x77, 0x80, 0xEF, 0xCF, 0x9F, 0xFE, 0x39, 0xF0, 0x70,
  0x60, 0xE0, 0xC1, 0xC1, 0xC3, 0x81, 0x87, 0x03, 0x8E, 0x03, 0x1C, 0x07,
  0x38, 0x06, 0x00, 0x70, 0x0C, 0xC0, 0x33, 0x80, 0xC6, 0x03, 0x1C, 0x0C,
  0x30, 0x30, 0xE0, 0xC1, 0x83, 0x0F, 0xEC, 0xFF, 0xF7, 0x83, 0xDC, 0x07,
  0xE0, 0x1F, 0x00, 0x3C, 0x00, 0xF0, 0x03, 0xC0, 0x0F, 0x80, 0x7E, 0x01,
  0xDC, 0x0E, 0x3F, 0xF0, 0x7F, 0x80, 0xE0, 0x19, 0xC0, 0x73, 0x80, 0xC7,
  0x03, 0x8E, 0x06, 0x1C, 0x1C, 0x38, 0x30, 0x70, 0xE0, 0xEF, 0xE1, 0xFF,
  0xE3, 0xE0, 0xE7, 0x80, 0xEE, 0x00, 0xDC, 0x01, 0xF8, 0x03, 0xF0, 0x07,
  0xE0, 0x0E, 0xC0, 0x19, 0xC0, 0x73, 0xC1, 0xE3, 0xFF, 0x81, 0xFC, 0x00,
  0x07, 0xC0, 0x00, 0x1F, 0xF8, 0x00, 0x3F, 0xFC, 0x00, 0x70, 0x1C, 0x00,
  0x60, 0x0E, 0x00, 0xE0, 0x06, 0x00, 0xE0, 0x06, 0x00, 0xC0, 0x06, 0x00,
  0xC0, 0x07, 0x00, 0xC0, 0x07, 0x00, 0x00, 0x07, 0x00, 0x00, 0x07, 0x00,
  0x00, 0x07, 0x00, 0x00, 0x07, 0x00, 0x00, 0x07, 0x00, 0x00, 0x07, 0x02,
  0x00, 0x07, 0x0F, 0x00, 0x07, 0x1E, 0x00, 0x07, 0x3C, 0x00, 0x07, 0xF0,
  0x00, 0x07, 0xE0, 0x00, 0x07, 0xC0, 0x00, 0x07, 0x00, 0x00, 0x07, 0xE0,
  0x00, 0x1F, 0xF8, 0x00, 0x3F, 0xFC, 0x00, 0x70, 0x0E, 0x00, 0x60, 0x0E,
  0x00, 0x60, 0x06, 0x00, 0xE0, 0x07, 0x00, 0xE0, 0x07, 0x00, 0xC0, 0x07,
  0x00, 0xC0, 0x07, 0x00, 0xC0, 0x00, 0x00, 0xC0, 0x00, 0x00, 0xC0, 0x00,
  0x00, 0xC0, 0x00, 0x00, 0xC0, 0x00, 0x40, 0xC0, 0x00, 0xE0, 0xC0, 0x00,
  0x78, 0xC0, 0x00, 0x3C, 0xC0, 0x00, 0x1E, 0xC0, 0x00, 0x07, 0xC0, 0x00,
  0x03, 0xC0, 0x00, 0x01, 0xC0, 0x00, 0x00, 0x07, 0x80, 0x00, 0x07, 0xC0,
  0x00, 0x07, 0xE0, 0x00, 0x07, 0x78, 0x00, 0x07, 0x3C, 0x00, 0x07, 0x0F,
  0x00, 0x07, 0x06, 0x00, 0x07, 0x02, 0x00, 0x07, 0x00, 0x00, 0x07, 0x00,
  0x00, 0x07, 0x00, 0x00, 0x07, 0x00, 0xC0, 0x07, 0x00, 0xC0, 0x07, 0x00,
  0xC0, 0x07, 0x00, 0xC0, 0x06, 0x00, 0xE0, 0x06, 0x00, 0xE0, 0x0E, 0x00,
  0x60, 0x0E, 0x00, 0x78, 0x1C, 0x00, 0x3F, 0xF8, 0x00, 0x1F, 0xF0, 0x00,
  0x01, 0xC0, 0x00, 0x07, 0xC0, 0x00, 0x0F, 0xC0, 0x00, 0x1E, 0xC0, 0x00,
  0x38, 0xC0, 0x00, 0xF0, 0xC0, 0x00, 0xE0, 0xC0, 0x00, 0x40, 0xC0, 0x00,
  0x00, 0xC0, 0x00, 0x00, 0xC0, 0x00, 0x00, 0xC0, 0x00, 0x00, 0xC0, 0x00,
  0x00, 0xC0, 0x07, 0x00, 0xC0, 0x07, 0x00, 0xE0, 0x07, 0x00, 0xE0, 0x07,
  0x00, 0xE0, 0x07, 0x00, 0x60, 0x06, 0x00, 0x70, 0x0E, 0x00, 0x78, 0x1E,
  0x00, 0x3F, 0xFC, 0x00, 0x0F, 0xF8, 0x00, 0x00, 0x00, 0xE0, 0x00, 0x00,
  0x00, 0xD8, 0x00, 0x00, 0x00, 0xC4, 0x00, 0x00, 0x00, 0x62, 0x00, 0x00,
  0x00, 0x1F, 0x00, 0x00, 0x00, 0x07, 0x00, 0x00, 0x00, 0x00, 0x00, 0x00,
  0x00, 0x00, 0x00, 0x38, 0x00, 0x01, 0xF0, 0x7E, 0x00, 0x07, 0xFE, 0x33,
  0x80, 0x07, 0xEF, 0xD8, 0xC0, 0x03, 0x80, 0xEC, 0xE0, 0x03, 0x80, 0x3F,
  0xFE, 0x01, 0x80, 0x1D, 0xFF, 0x00, 0xC0, 0x06, 0x03, 0x80, 0x60, 0x03,
  0x01, 0xC6, 0x70, 0x01, 0x80, 0xE3, 0x38, 0x00, 0xC0, 0x33, 0x9C, 0x00,
  0x00, 0x1F, 0x8E, 0x00, 0x00, 0x07, 0x87, 0x00, 0x00, 0x00, 0x03, 0x80,
  0x00, 0x00, 0x01, 0xC0, 0x00, 0x00, 0x00, 0xE0, 0x00, 0x00, 0x00, 0x70,
  0x00, 0x00, 0x00, 0x38, 0x00, 0x00, 0x00, 0x1C, 0x00, 0x00, 0x00, 0x0E,
  0x00, 0x00, 0x00, 0x07, 0x00, 0x00, 0x00, 0x03, 0x80, 0x00, 0x00, 0x01,
  0xC0, 0x00, 0x38, 0x00, 0x03, 0xF0, 0x7E, 0x00, 0x07, 0xFE, 0x33, 0x80,
  0x07, 0xEF, 0x98, 0xC0, 0x07, 0x00, 0xEC, 0xE0, 0x03, 0x80, 0x37, 0xFE,
  0x01, 0x80, 0x1D, 0xFF, 0x01, 0xC0, 0x0E, 0x03, 0x80, 0xE0, 0x07, 0x01,
  0xC6, 0x70, 0x03, 0x80, 0xE3, 0x38, 0x00, 0xC0, 0x33, 0x9C, 0x00, 0x00,
  0x1F, 0x8E, 0x00, 0x00, 0x07, 0x87, 0x00, 0x00, 0x00, 0x03, 0x80, 0x00,
  0x00, 0x01, 0xC0, 0x00, 0x00, 0x00, 0xE0, 0x00, 0x00, 0x00, 0x70, 0x00,
  0x00, 0x00, 0x38, 0x00, 0x00, 0x00, 0x1C, 0x00, 0x00, 0x00, 0x0E, 0x00,
  0x00, 0x00, 0x07, 0x00, 0x00, 0x00, 0x03, 0x80, 0x00, 0x00, 0x01, 0xC0,
  0x00, 0x00, 0x00, 0x00, 0xC0, 0x00, 0x00, 0x00, 0xF0, 0x00, 0x00, 0x00,
  0x38, 0x00, 0x00, 0x00, 0x18, 0x00, 0x00, 0x00, 0x00, 0x00, 0x00, 0x00,
  0x00, 0x00, 0xE0, 0x00, 0x07, 0xC1, 0xF8, 0x00, 0x1F, 0xF8, 0xCE, 0x00,
  0x1F, 0xBF, 0x63, 0x00, 0x0E, 0x03, 0xB3, 0x80, 0x0E, 0x00, 0xFF, 0xF8,
  0x06, 0x00, 0x77, 0xFC, 0x03, 0x00, 0x18, 0x0E, 0x01, 0x80, 0x0C, 0x07,
  0x19, 0xC0, 0x06, 0x03, 0x8C, 0xE0, 0x03, 0x00, 0xCE, 0x70, 0x00, 0x00,
  0x7E, 0x38, 0x00, 0x00, 0x1E, 0x1C, 0x00, 0x00, 0x00, 0x0E, 0x00, 0x00,
  0x00, 0x07, 0x00, 0x00, 0x00, 0x03, 0x80, 0x00, 0x00, 0x01, 0xC0, 0x00,
  0x00, 0x00, 0xE0, 0x00, 0x00, 0x00, 0x70, 0x00, 0x00, 0x00, 0x38, 0x00,
  0x00, 0x00, 0x1C, 0x00, 0x00, 0x00, 0x0E, 0x00, 0x00, 0x00, 0x07, 0x00,
  0x00, 0x38, 0x00, 0x00, 0x7E, 0x00, 0x01, 0xF3, 0x80, 0x00, 0xF8, 0xC0,
  0x00, 0x7C, 0xE0, 0x00, 0x3F, 0xFE, 0x00, 0x1D, 0xFF, 0x00, 0x0E, 0x03,
  0x80, 0x07, 0x01, 0xC0, 0x03, 0x80, 0xE3, 0x01, 0xC0, 0x33, 0x80, 0xE0,
  0x1F, 0x80, 0x70, 0x07, 0xC0, 0x38, 0x00, 0x00, 0x1C, 0x00, 0x00, 0x0C,
  0x00, 0x00, 0x06, 0x00, 0x60, 0x03, 0x00, 0x30, 0x01, 0x80, 0x1C, 0x01,
  0xC0, 0x0E, 0x00, 0xE0, 0x03, 0x80, 0xE0, 0x00, 0xFF, 0xE0, 0x00, 0x3F,
  0xE0, 0x00, 0x00, 0x03, 0x80, 0x00, 0x03, 0xC0, 0x00, 0x00, 0xE0, 0x00,
  0x00, 0x60, 0x00, 0x00, 0x00, 0x00, 0x00, 0x00, 0xE0, 0x00, 0x01, 0xF8,
  0x00, 0x07, 0xCE, 0x00, 0x03, 0xE3, 0x00, 0x01, 0xF3, 0x80, 0x00, 0xFF,
  0xF8, 0x00, 0x77, 0xFC, 0x00, 0x38, 0x0E, 0x00, 0x1C, 0x07, 0x00, 0x0E,
  0x03, 0x8C, 0x07, 0x00, 0xCE, 0x03, 0x80, 0x7E, 0x01, 0xC0, 0x1F, 0x00,
  0xE0, 0x00, 0x00, 0x70, 0x00, 0x00, 0x30, 0x00, 0x00, 0x18, 0x01, 0x80,
  0x0C, 0x00, 0xC0, 0x06, 0x00, 0x70, 0x07, 0x00, 0x38, 0x03, 0x80, 0x0E,
  0x03, 0x80, 0x03, 0xFF, 0x80, 0x00, 0xFF, 0x80, 0x38, 0x00, 0x00, 0x00,
  0x7E, 0x00, 0x38, 0x00, 0x33, 0x80, 0x1C, 0x00, 0x18, 0xC0, 0x0E, 0x00,
  0x0C, 0xE0, 0x07, 0x00, 0x07, 0xFE, 0x03, 0x80, 0x01, 0xFF, 0x01, 0xC0,
  0x00, 0x03, 0x80, 0xE0, 0x00, 0x01, 0xC6, 0x70, 0x00, 0x00, 0xE3, 0x38,
  0x00, 0x00, 0x33, 0x9C, 0x00, 0x00, 0x1F, 0x8E, 0x00, 0x00, 0x07, 0x87,
  0x00, 0x00, 0x00, 0x03, 0x80, 0x0C, 0x00, 0x01, 0xC0, 0x06, 0x00, 0x00,
  0xE0, 0x07, 0x00, 0x00, 0x70, 0x03, 0x80, 0x00, 0x18, 0x01, 0xC0, 0x00,
  0x0C, 0x00, 0xC0, 0x00, 0x07, 0x00, 0xE0, 0x00, 0x01, 0xC0, 0xF0, 0x00,
  0x00, 0xFF, 0xF0, 0x00, 0x00, 0x1F, 0xF0, 0x00, 0x00, 0x70, 0x00, 0x00,
  0x00, 0x38, 0x00, 0x00, 0x00, 0x1C, 0x00, 0x00, 0x00, 0x04, 0x00, 0x00,
  0x00, 0x00, 0x00, 0x00, 0x00, 0x00, 0x00, 0x00, 0xE0, 0x00, 0x00, 0x01,
  0xF8, 0x00, 0xE0, 0x00, 0xCE, 0x00, 0x70, 0x00, 0x63, 0x00, 0x38, 0x00,
  0x33, 0x80, 0x1C, 0x00, 0x1F, 0xF8, 0x0E, 0x00, 0x07, 0xFC, 0x07, 0x00,
  0x00, 0x0E, 0x03, 0x80, 0x00, 0x07, 0x19, 0xC0, 0x00, 0x03, 0x8C, 0xE0,
  0x00, 0x00, 0xCE, 0x70, 0x00, 0x00, 0x7E, 0x38, 0x00, 0x00, 0x1E, 0x1C,
  0x00, 0x00, 0x00, 0x0E, 0x00, 0x30, 0x00, 0x07, 0x00, 0x18, 0x00, 0x03,
  0x80, 0x0C, 0x00, 0x00, 0xC0, 0x06, 0x00, 0x00, 0x60, 0x07, 0x00, 0x00,
  0x38, 0x03, 0x80, 0x00, 0x1C, 0x01, 0x80, 0x00, 0x07, 0x01, 0xC0, 0x00,
  0x01, 0xFF, 0xC0, 0x00, 0x00, 0x7F, 0xC0, 0x38, 0x01, 0xF8, 0x03, 0x38,
  0x06, 0x30, 0x0C, 0xE0, 0x1F, 0xF8, 0x1F, 0xF0, 0x00, 0xE0, 0x01, 0xC6,
  0x03, 0x8C, 0x03, 0x38, 0x07, 0xE0, 0x07, 0x80, 0x38, 0x38, 0x01, 0xF8,
  0xFC, 0x03, 0x3B, 0x98, 0x06, 0x36, 0x30, 0x0C, 0xEE, 0x60, 0x1F, 0xFF,
  0xF8, 0x1F, 0xFF, 0xF0, 0x00, 0x00, 0x60, 0x00, 0x00, 0xC6, 0x00, 0x01,
  0x8C, 0x00, 0x03, 0x98, 0x00, 0x03, 0xF0, 0x00, 0x03, 0xC0, 0x07, 0x80,
  0x7F, 0xC7, 0xDF, 0x9C, 0x0E, 0xE0, 0x1F, 0x80, 0x7C, 0x00, 0xF0, 0x03,
  0xC0, 0x8F, 0x03, 0x3E, 0x1C, 0xDC, 0x73, 0x7F, 0x8C, 0xFC, 0x30, 0x00,
  0xC0, 0x03, 0x00, 0x0C, 0x00, 0x30, 0x00, 0xC0, 0x03, 0x00, 0x0C, 0x00,
  0x30, 0x00, 0xC0, 0x07, 0xC0, 0x3F, 0xE0, 0xFF, 0xE3, 0x80, 0xE6, 0x00,
  0xDC, 0x01, 0xB8, 0x03, 0xF0, 0x07, 0xE2, 0x0F, 0xDC, 0x1F, 0x98, 0x37,
  0x38, 0xEE, 0x3F, 0x9C, 0x3E, 0x38, 0x00, 0x70, 0x00, 0xE0, 0x01, 0xC0,
  0x03, 0x80, 0x07, 0x00, 0x0E, 0x00, 0x1C, 0x00, 0x38, 0x00, 0x00, 0x00,
  0x0C, 0x00, 0x30, 0x00, 0xC0, 0x03, 0x00, 0x0C, 0x00, 0x30, 0x00, 0xC0,
  0x03, 0x0C, 0x0C, 0xFC, 0x37, 0xF8, 0xF8, 0x73, 0xE1, 0xCF, 0x03, 0x3C,
  0x00, 0xF0, 0x03, 0xC0, 0x0F, 0x80, 0x7E, 0x01, 0xDC, 0x0E, 0x3F, 0xF0,
  0x7F, 0x80, 0xE0, 0x01, 0xC0, 0x03, 0x80, 0x07, 0x00, 0x0E, 0x00, 0x1C,
  0x00, 0x38, 0x00, 0x70, 0x00, 0xE0, 0xE1, 0xC7, 0xF3, 0x9F, 0xF7, 0x38,
  0xEE, 0xE0, 0xDD, 0xC1, 0xF8, 0x03, 0xF0, 0x07, 0xE0, 0x0E, 0xC0, 0x19,
  0xC0, 0x73, 0xC1, 0xC3, 0xFF, 0x81, 0xFC, 0x00, 0xFF, 0xFF, 0xFE, 0x7F,
  0xFF, 0xFF, 0x00, 0x00, 0x00, 0x00, 0x00, 0x00, 0x00, 0x00, 0x00, 0x07,
  0xFF, 0xFE, 0x03, 0xFF, 0xFF, 0xE1, 0xFF, 0xFF, 0xF8, 0x00, 0x38, 0x0E,
  0x00, 0x38, 0x03, 0x80, 0x1C, 0x01, 0xC0, 0x0C, 0x00, 0x60, 0x06, 0x00,
  0x30, 0x03, 0x00, 0x1C, 0x01, 0x80, 0x0C, 0x00, 0xC0, 0x06, 0x00, 0x70,
  0x07, 0x00, 0x1C, 0x03, 0x80, 0x0F, 0x07, 0x80, 0x03, 0xFF, 0x80, 0x00,
  0x7F, 0x80, 0x7F, 0xFF, 0xFF, 0xBF, 0xFF, 0xFF, 0xC0, 0x00, 0x00, 0x00,
  0x00, 0x00, 0x00, 0x00, 0x00, 0x00, 0x1F, 0xFF, 0xFC, 0x7F, 0xFF, 0xFE,
  0x7F, 0xFF, 0xFF, 0x78, 0x1C, 0x00, 0x30, 0x07, 0x00, 0x38, 0x01, 0x80,
  0x18, 0x00, 0xE0, 0x0C, 0x00, 0x70, 0x06, 0x00, 0x38, 0x03, 0x00, 0x1C,
  0x01, 0xC0, 0x0C, 0x00, 0xE0, 0x0E, 0x00, 0x38, 0x07, 0x00, 0x1E, 0x0F,
  0x00, 0x07, 0xFF, 0x00, 0x00, 0xFF, 0x00, 0x00, 0xFF, 0xFF, 0xFE, 0x7F,
  0xFF, 0xFF, 0x00, 0x00, 0x00, 0x00, 0x00, 0x00, 0x00, 0x00, 0x00, 0x00,
  0x00, 0x3F, 0x80, 0x00, 0x3F, 0xF0, 0x00, 0x3C, 0x3C, 0x00, 0x38, 0x0E,
  0x00, 0x38, 0x03, 0x80, 0x18, 0x00, 0xC0, 0x0C, 0x00, 0x60, 0x06, 0x00,
  0x30, 0x03, 0x00, 0x1C, 0x01, 0x80, 0x0C, 0x00, 0xE0, 0x06, 0x00, 0x70,
  0x07, 0x00, 0x1C, 0x07, 0x00, 0x07, 0x8F, 0x9F, 0xFF, 0xFF, 0x0F, 0xFF,
  0xFE, 0x00, 0x7F, 0xFF, 0xFF, 0xBF, 0xFF, 0xFF, 0xC0, 0x00, 0x00, 0x00,
  0x00, 0x00, 0x00, 0x00, 0x00, 0x00, 0x7F, 0x00, 0x00, 0x7F, 0xE0, 0x00,
  0x78, 0x78, 0x00, 0x70, 0x1E, 0x00, 0x70, 0x07, 0x00, 0x38, 0x01, 0x80,
  0x18, 0x00, 0xE0, 0x0C, 0x00, 0x70, 0x06, 0x00, 0x38, 0x03, 0x00, 0x1C,
  0x01, 0xC0, 0x0C, 0x00, 0xE0, 0x0E, 0x00, 0x38, 0x0E, 0x00, 0x0F, 0x0F,
  0x00, 0x03, 0xFF, 0xFF, 0xF0, 0x7F, 0xFF, 0xF8, 0x7F, 0xFF, 0x7F, 0xFF,
  0x00, 0x00, 0x04, 0x00, 0x3F, 0x00, 0x7F, 0x80, 0x61, 0xC0, 0xE0, 0xC0,
  0xE0, 0xC0, 0xE0, 0xC0, 0x61, 0xC0, 0x7F, 0x80, 0x3F, 0xFF, 0x0F, 0xFF,
  0x00, 0x00, 0x40, 0x00, 0x00, 0xE0, 0x00, 0x00, 0x70, 0x00, 0x00, 0x38,
  0x00, 0x00, 0x38, 0x00, 0x00, 0x1C, 0x00, 0x00, 0x0E, 0x00, 0x00, 0x07,
  0x03, 0xFF, 0xFF, 0x1F, 0xFF, 0xFF, 0x3F, 0xFF, 0xFF, 0x70, 0x00, 0x00,
  0xE0, 0x00, 0x00, 0xE0, 0x00, 0x00, 0xC0, 0x00, 0x00, 0xC0, 0x00, 0x00,
  0xC0, 0x00, 0x00, 0xC0, 0x00, 0x00, 0xE0, 0x00, 0x00, 0xE0, 0x00, 0x00,
  0x70, 0x00, 0x00, 0x3C, 0x00, 0x00, 0x1F, 0xE0, 0x00, 0x07, 0xE0, 0x00,
  0x00, 0x07, 0x00, 0x00, 0x07, 0x00, 0x00, 0x07, 0x00, 0x00, 0x02, 0x00,
  0x00, 0x00, 0x00, 0x00, 0x00, 0x40, 0x00, 0x00, 0xE0, 0x00, 0x00, 0x70,
  0x00, 0x00, 0x38, 0x00, 0x00, 0x38, 0x00, 0x00, 0x1C, 0x00, 0x00, 0x0E,
  0x00, 0x00, 0x07, 0x03, 0xFF, 0xFF, 0x1F, 0xFF, 0xFF, 0x3F, 0xFF, 0xFF,
  0x70, 0x00, 0x00, 0xE0, 0x00, 0x00, 0xE0, 0x00, 0x00, 0xC0, 0x00, 0x00,
  0xC0, 0x00, 0x00, 0xC0, 0x00, 0x00, 0xC0, 0x00, 0x00, 0xE0, 0x00, 0x00,
  0xE0, 0x00, 0x00, 0x70, 0x00, 0x00, 0x3C, 0x00, 0x00, 0x1F, 0xE0, 0x00,
  0x07, 0xE0, 0x00, 0x00, 0x07, 0xC0, 0x00, 0x07, 0xF0, 0x00, 0x07, 0xFC,
  0x00, 0x00, 0x1E, 0x00, 0x00, 0x0E, 0x00, 0x00, 0x07, 0x00, 0x00, 0x07,
  0x00, 0x00, 0x07, 0x00, 0x00, 0x07, 0x00, 0x00, 0x07, 0x00, 0x00, 0x07,
  0x00, 0x00, 0x06, 0x00, 0x00, 0x0E, 0x00, 0x00, 0x3C, 0xFF, 0xFF, 0xF8,
  0xFF, 0xFF, 0xE0, 0xE0, 0x00, 0x00, 0x70, 0x00, 0x00, 0x70, 0x00, 0x00,
  0x38, 0x00, 0x00, 0x1C, 0x00, 0x00, 0x0E, 0x00, 0x00, 0x0E, 0x00, 0x00,
  0x07, 0x00, 0x00, 0x00, 0x03, 0x00, 0x00, 0x03, 0x80, 0x00, 0x03, 0x80,
  0x00, 0x03, 0x80, 0x00, 0x00, 0x00, 0x00, 0x00, 0x00, 0x00, 0x00, 0x00,
  0x00, 0x07, 0xC0, 0x00, 0x07, 0xF0, 0x00, 0x07, 0xFC, 0x00, 0x00, 0x1E,
  0x00, 0x00, 0x0E, 0x00, 0x00, 0x07, 0x00, 0x00, 0x07, 0x00, 0x00, 0x07,
  0x00, 0x00, 0x07, 0x00, 0x00, 0x07, 0x00, 0x00, 0x07, 0x00, 0x00, 0x06,
  0x00, 0x00, 0x0E, 0x00, 0x00, 0x3C, 0xFF, 0xFF, 0xF8, 0xFF, 0xFF, 0xE0,
  0xE0, 0x00, 0x00, 0x70, 0x00, 0x00, 0x70, 0x00, 0x00, 0x38, 0x00, 0x00,
  0x1C, 0x00, 0x00, 0x0E, 0x00, 0x00, 0x0E, 0x00, 0x00, 0x07, 0x00, 0x00,
  0x03, 0xE0, 0x00, 0x1F, 0xE0, 0x00, 0x3F, 0xE0, 0x00, 0x70, 0x00, 0x00,
  0x60, 0x00, 0x00, 0xE0, 0x00, 0x00, 0xC0, 0x00, 0x00, 0xC0, 0x00, 0x00,
  0xC0, 0x00, 0x00, 0xC0, 0x00, 0x00, 0xE0, 0x00, 0x00, 0xE0, 0x00, 0x00,
  0x70, 0x00, 0x00, 0x7C, 0x00, 0x00, 0x1F, 0xFF, 0xFF, 0x07, 0xFF, 0xFF,
  0x00, 0x00, 0x07, 0x00, 0x00, 0x0E, 0x00, 0x00, 0x1C, 0x00, 0x00, 0x1C,
  0x00, 0x00, 0x38, 0x00, 0x00, 0x70, 0x00, 0x00, 0xE0, 0x00, 0x00, 0x60,
  0x01, 0x80, 0x00, 0x01, 0xC0, 0x00, 0x03, 0xC0, 0x00, 0x01, 0xC0, 0x00,
  0x00, 0x00, 0x00, 0x00, 0x00, 0x00, 0x00, 0x00, 0x00, 0x03, 0xE0, 0x00,
  0x1F, 0xE0, 0x00, 0x3F, 0xE0, 0x00, 0x70, 0x00, 0x00, 0x60, 0x00, 0x00,
  0xE0, 0x00, 0x00, 0xC0, 0x00, 0x00, 0xC0, 0x00, 0x00, 0xC0, 0x00, 0x00,
  0xC0, 0x00, 0x00, 0xE0, 0x00, 0x00, 0xE0, 0x00, 0x00, 0x70, 0x00, 0x00,
  0x7C, 0x00, 0x00, 0x1F, 0xFF, 0xFF, 0x07, 0xFF, 0xFF, 0x00, 0x00, 0x07,
  0x00, 0x00, 0x0E, 0x00, 0x00, 0x1C, 0x00, 0x00, 0x1C, 0x00, 0x00, 0x38,
  0x00, 0x00, 0x70, 0x00, 0x00, 0xE0, 0x00, 0x00, 0x60, 0x3C, 0x00, 0x7C,
  0x00, 0x60, 0x00, 0xE0, 0x00, 0xE0, 0x00, 0xE0, 0x00, 0xE0, 0x00, 0x78,
  0x00, 0x3F, 0xFF, 0x0F, 0xFF, 0x00, 0x0E, 0x00, 0x0C, 0x00, 0x1C, 0x00,
  0x38, 0x00, 0x10, 0x00, 0x1C, 0x00, 0x1C, 0x00, 0x0E, 0x00, 0x0E, 0x00,
  0x0E, 0x00, 0x0E, 0x00, 0x0E, 0x00, 0x06, 0x00, 0x07, 0x00, 0x07, 0x00,
  0x07, 0x00, 0x07, 0xFF, 0xE7, 0xFF, 0xF3, 0xFF, 0xF8, 0x00, 0x1C, 0x00,
  0x0E, 0x00, 0x07, 0x03, 0xFF, 0xE1, 0xFF, 0xF0, 0x00, 0xE0, 0x00, 0x70,
  0x00, 0x38, 0x08, 0x00, 0x1C, 0x00, 0x0E, 0x00, 0x07, 0x00, 0x07, 0x00,
  0x03, 0x80, 0x01, 0xC0, 0x00, 0xE0, 0x00, 0x70, 0x00, 0x30, 0x00, 0x38,
  0x00, 0x1C, 0x7F, 0xFE, 0x7F, 0xFF, 0x7F, 0xFF, 0x70, 0x00, 0x70, 0x00,
  0x70, 0x00, 0xFF, 0xF0, 0xFF, 0xF0, 0x70, 0x00, 0x70, 0x00, 0x70, 0x00,
  0xE0, 0x00, 0xE0, 0x00, 0xE0, 0x00, 0xC0, 0x00, 0x00, 0x00, 0x00, 0x00,
  0x04, 0x00, 0x1C, 0x00, 0x0E, 0x00, 0x07, 0x00, 0x03, 0x80, 0x01, 0x80,
  0x01, 0xC0, 0x00, 0xE0, 0x00, 0x70, 0x00, 0x38, 0x00, 0x1C, 0x00, 0x1C,
  0x3F, 0xFE, 0x3F, 0xFF, 0x3F, 0xFF, 0x30, 0x00, 0x30, 0x00, 0x30, 0x00,
  0xFF, 0xF0, 0xFF, 0xF0, 0x30, 0x00, 0x30, 0x00, 0x30, 0x00, 0x00, 0x0E,
  0x00, 0x07, 0x00, 0x03, 0x81, 0xFF, 0xF0, 0xFF, 0xF8, 0x00, 0x70, 0x00,
  0x38, 0x00, 0x1C, 0xFF, 0xFE, 0x3F, 0xFF, 0x0C, 0x00, 0x07, 0x00, 0x01,
  0xC0, 0x00, 0x70, 0x00, 0x1C, 0x00, 0x07, 0x00, 0x03, 0x80, 0x00, 0xE0,
  0x00, 0x38, 0x00, 0x0E, 0x00, 0x03, 0x80, 0x00, 0x80, 0x00, 0x0E, 0x00,
  0x07, 0x00, 0x03, 0x80, 0x00, 0x80, 0x00, 0x00, 0x00, 0x00, 0x00, 0x00,
  0x00, 0x1C, 0x00, 0x0E, 0x00, 0x07, 0x03, 0xFF, 0xE1, 0xFF, 0xF0, 0x00,
  0xE0, 0x00, 0x70, 0x00, 0x39, 0xFF, 0xFC, 0x7F, 0xFE, 0x18, 0x00, 0x0E,
  0x00, 0x03, 0x80, 0x00, 0xE0, 0x00, 0x38, 0x00, 0x0E, 0x00, 0x07, 0x00,
  0x01, 0xC0, 0x00, 0x70, 0x00, 0x1C, 0x00, 0x07, 0x00, 0x01, 0x00, 0x70,
  0x00, 0x70, 0x00, 0x70, 0x00, 0xFF, 0xF0, 0xFF, 0xF0, 0x70, 0x00, 0x70,
  0x00, 0x70, 0x00, 0x7F, 0xFF, 0x7F, 0xFE, 0x00, 0x0E, 0x00, 0x1C, 0x00,
  0x38, 0x00, 0x70, 0x00, 0xE0, 0x00, 0xC0, 0x01, 0xC0, 0x03, 0x80, 0x07,
  0x00, 0x0E, 0x00, 0x1C, 0x00, 0x0C, 0x00, 0x70, 0x00, 0x70, 0x00, 0x70,
  0x00, 0x20, 0x00, 0x00, 0x00, 0x00, 0x00, 0x00, 0x00, 0x70, 0x00, 0x70,
  0x00, 0x70, 0x00, 0xFF, 0xF0, 0xFF, 0xF0, 0x70, 0x00, 0x70, 0x00, 0x70,
  0x00, 0x7F, 0xFF, 0x7F, 0xFE, 0x00, 0x0E, 0x00, 0x1C, 0x00, 0x38, 0x00,
  0x70, 0x00, 0xE0, 0x00, 0xC0, 0x01, 0xC0, 0x03, 0x80, 0x07, 0x00, 0x0E,
  0x00, 0x1C, 0x00, 0x0C, 0x00, 0x70, 0x7F, 0x9C, 0x0E, 0x07, 0xFB, 0xFC,
  0x1C, 0x1C, 0x1C, 0x1C, 0x0E, 0x02, 0x00, 0xE0, 0x01, 0xC0, 0x03, 0x80,
  0x07, 0x00, 0x0E, 0x00, 0x1C, 0x00, 0x38, 0xE0, 0x77, 0xF0, 0xFF, 0xF9,
  0xF0, 0x73, 0xC0, 0x77, 0x00, 0x6E, 0x00, 0xFC, 0x01, 0xF8, 0x03, 0xF0,
  0x07, 0xE0, 0x0F, 0xC0, 0x1B, 0xC0, 0x77, 0xC1, 0xCF, 0xFF, 0x1D, 0xFC,
  0x00, 0x07, 0x8F, 0xFE, 0xFF, 0xFF, 0xFF, 0xFF, 0xFF, 0xFF, 0xFF, 0xFF,
  0xFF, 0xFF, 0xFF, 0xFE, 0xFF, 0xCE, 0x00, 0xE0, 0x0E, 0x00, 0xE0, 0x0E,
  0x00, 0xE0, 0x0E, 0x00, 0xE0, 0x0E, 0x00, 0xE0, 0x0E, 0x00, 0xE0, 0x00,
  0x00, 0x30, 0x03, 0x00, 0x30, 0x03, 0x00, 0x30, 0x03, 0x00, 0x30, 0x03,
  0x00, 0x30, 0x03, 0x00, 0x31, 0xF3, 0x3F, 0xF7, 0xFF, 0xFF, 0xFF, 0xFF,
  0xFF, 0xFF, 0xFF, 0xFF, 0xFF, 0xFF, 0x7F, 0xF3, 0xFB, 0xE0, 0x0E, 0x00,
  0xE0, 0x0E, 0x00, 0xE0, 0x0E, 0x00, 0xE0, 0x0E, 0x00, 0xE0, 0x0E, 0x00,
  0xE0, 0x0E, 0xF8, 0xFF, 0xEF, 0xFF, 0xFF, 0xFF, 0xFF, 0xFF, 0xFF, 0xFF,
  0xFF, 0xFF, 0xFF, 0xFF, 0xEF, 0xFC, 0x0F, 0x03, 0xFF, 0x7F, 0xFF, 0xFF,
  0xFF, 0xFF, 0xFF, 0xFF, 0xFF, 0xFF, 0xFF, 0xF7, 0xFF, 0x3F, 0xB0, 0x03,
  0x00, 0x30, 0x03, 0x00, 0x30, 0x03, 0x00, 0x30, 0x03, 0x00, 0x30, 0x03,
  0x00, 0x30, 0x03, 0x00, 0x30, 0xFF, 0xFF, 0xFF, 0xFE, 0x00, 0x38, 0x00,
  0xE0, 0x03, 0x80, 0x0E, 0x00, 0x38, 0x00, 0xE0, 0x03, 0xFF, 0xFF, 0xFF,
  0xF8, 0x00, 0xE0, 0x03, 0x80, 0x0E, 0x00, 0x38, 0x00, 0xE0, 0x03, 0x80,
  0x0E, 0x00, 0x38, 0x00, 0xE0, 0x03, 0x80, 0x00, 0x00, 0x18, 0x00, 0xC0,
  0x06, 0x00, 0x30, 0x01, 0x80, 0x0C, 0x00, 0x60, 0x03, 0x00, 0x18, 0x00,
  0xC0, 0x07, 0xFF, 0xFF, 0xFF, 0x80, 0x0C, 0x00, 0x60, 0x03, 0x00, 0x18,
  0x00, 0xC0, 0x06, 0x00, 0x3F, 0xFF, 0xFF, 0xFC, 0xE0, 0x03, 0x80, 0x0E,
  0x00, 0x38, 0x00, 0xE0, 0x03, 0x80, 0x0E, 0x00, 0x38, 0x00, 0xE0, 0x03,
  0x80, 0x0E, 0x00, 0x3F, 0xFF, 0xFF, 0xFF, 0x80, 0x0E, 0x00, 0x38, 0x00,
  0xE0, 0x03, 0x80, 0x0E, 0x00, 0x38, 0x00, 0xFF, 0xFF, 0xFF, 0xF0, 0xFF,
  0xFF, 0xFF, 0xC0, 0x06, 0x00, 0x30, 0x01, 0x80, 0x0C, 0x00, 0x60, 0x03,
  0x00, 0x1F, 0xFF, 0xFF, 0xFE, 0x00, 0x30, 0x01, 0x80, 0x0C, 0x00, 0x60,
  0x03, 0x00, 0x18, 0x00, 0xC0, 0x06, 0x00, 0x30, 0x01, 0x80, 0x0C, 0xFC,
  0x01, 0xFF, 0x00, 0x7E, 0xC0, 0x1F, 0xB8, 0x07, 0xEE, 0x01, 0xB9, 0xC0,
  0xEE, 0x78, 0xF3, 0x8F, 0xF8, 0xE0, 0xF8, 0x38, 0x00, 0x0E, 0x00, 0x03,
  0x80, 0x00, 0xE0, 0x00, 0x38, 0x00, 0x0E, 0x00, 0x03, 0x80, 0x00, 0xE0,
  0x00, 0x38, 0x00, 0x0E, 0x00, 0x03, 0x80, 0x00, 0xE0, 0x00, 0x38, 0x00,
  0x00, 0x00, 0x01, 0x80, 0x00, 0xC0, 0x00, 0x60, 0x00, 0x30, 0x00, 0x18,
  0x00, 0x0C, 0x00, 0x06, 0x00, 0x03, 0x00, 0x01, 0x80, 0x00, 0xC0, 0x00,
  0x60, 0x00, 0x30, 0x00, 0x18, 0xFE, 0x0C, 0xFF, 0xC6, 0xF0, 0xE3, 0xE0,
  0x39, 0xF0, 0x0C, 0xF0, 0x07, 0x78, 0x03, 0xBC, 0x01, 0xFE, 0x00, 0xFC,
  0xE0, 0x00, 0x38, 0x00, 0x0E, 0x00, 0x03, 0x80, 0x00, 0xE0, 0x00, 0x38,
  0x00, 0x0E, 0x00, 0x03, 0x80, 0x00, 0xE0, 0x00, 0x38, 0x00, 0x0E, 0x00,
  0x03, 0x80, 0x00, 0xE0, 0x00, 0x38, 0x7F, 0x0E, 0x3F, 0xF3, 0x9E, 0x1E,
  0xEE, 0x03, 0xBB, 0x80, 0x7E, 0xC0, 0x1F, 0xB0, 0x07, 0xFC, 0x01, 0xFF,
  0x00, 0x70, 0xC0, 0x1F, 0xE0, 0x0F, 0xF0, 0x07, 0x78, 0x03, 0x3E, 0x01,
  0x9F, 0x81, 0xCD, 0xE3, 0xC6, 0x7F, 0xC3, 0x0F, 0x81, 0x80, 0x00, 0xC0,
  0x00, 0x60, 0x00, 0x30, 0x00, 0x18, 0x00, 0x0C, 0x00, 0x06, 0x00, 0x03,
  0x00, 0x01, 0x80, 0x00, 0xC0, 0x00, 0x60, 0x00, 0x30, 0x00, 0x18, 0x00,
  0x0C, 0xF0, 0x01, 0xFE, 0x00, 0xEF, 0xC0, 0x33, 0xB0, 0x1C, 0xEE, 0x0E,
  0x39, 0x83, 0x0E, 0x71, 0xC3, 0x8E, 0x60, 0xE1, 0xB8, 0x38, 0x7C, 0x0E,
  0x0F, 0x03, 0x83, 0x80, 0xE0, 0x40, 0x38, 0x00, 0x0E, 0x00, 0x03, 0x80,
  0x00, 0xE0, 0x00, 0x38, 0x00, 0x0E, 0x00, 0x03, 0x80, 0x00, 0xE0, 0x00,
  0x38, 0x00, 0x00, 0x00, 0x00, 0xC0, 0x00, 0x30, 0x00, 0x0C, 0x00, 0x03,
  0x00, 0x00, 0xC0, 0x00, 0x30, 0x00, 0x0C, 0x00, 0x03, 0x00, 0x80, 0xC0,
  0x20, 0x30, 0x1C, 0x0C, 0x0F, 0x83, 0x03, 0x60, 0xC1, 0xDC, 0x30, 0x63,
  0x0C, 0x38, 0xE3, 0x1C, 0x1C, 0xC7, 0x03, 0x33, 0x80, 0xEC, 0xC0, 0x1B,
  0x70, 0x07, 0xF8, 0x00, 0xF0, 0xE0, 0x00, 0x38, 0x00, 0x0E, 0x00, 0x03,
  0x80, 0x00, 0xE0, 0x00, 0x38, 0x00, 0x0E, 0x00, 0x03, 0x80, 0x00, 0xE0,
  0x40, 0x38, 0x18, 0x0E, 0x0E, 0x03, 0x87, 0xC0, 0xE1, 0xB0, 0x38, 0xEE,
  0x0E, 0x31, 0xC3, 0x9C, 0x70, 0xE6, 0x0E, 0x3B, 0x81, 0x8F, 0xC0, 0x73,
  0xE0, 0x0C, 0xF8, 0x03, 0xBC, 0x00, 0x70, 0xE0, 0x03, 0xDC, 0x01, 0xF3,
  0x80, 0x6C, 0xE0, 0x3B, 0x1C, 0x1C, 0xC3, 0x06, 0x30, 0xE3, 0x8C, 0x18,
  0xC3, 0x07, 0x70, 0xC0, 0xF8, 0x30, 0x1C, 0x0C, 0x07, 0x03, 0x00, 0x80,
  0xC0, 0x00, 0x30, 0x00, 0x0C, 0x00, 0x03, 0x00, 0x00, 0xC0, 0x00, 0x30,
  0x00, 0x0C, 0x00, 0x03, 0x00, 0x00, 0xC0, 0x00, 0x30, 0x0F, 0x80, 0x03,
  0xFE, 0x07, 0x7F, 0xF0, 0x77, 0x07, 0x07, 0xE0, 0x38, 0x7E, 0x01, 0xC7,
  0xC0, 0x1C, 0x7C, 0x00, 0xC7, 0xC0, 0x0E, 0x7E, 0x00, 0x67, 0xE0, 0x06,
  0x76, 0x00, 0x77, 0x70, 0x07, 0x76, 0x00, 0x37, 0x00, 0x03, 0x70, 0x00,
  0x3F, 0x00, 0x01, 0xF0, 0x00, 0x1F, 0x00, 0x01, 0xF0, 0x00, 0x1F, 0x00,
  0x01, 0xF0, 0x00, 0x0F, 0x00, 0x00, 0xF0, 0x00, 0x1E, 0x0E, 0x07, 0xFC,
  0xE0, 0xFF, 0xCE, 0x1C, 0x0E, 0xE1, 0x80, 0x6E, 0x38, 0x07, 0xE3, 0x00,
  0x7E, 0x70, 0x07, 0xE6, 0x00, 0x7E, 0x60, 0x07, 0xE6, 0x00, 0x6E, 0xE0,
  0x06, 0xEC, 0x00, 0xEE, 0xC0, 0x04, 0xEC, 0x00, 0x0F, 0xC0, 0x00, 0xF8,
  0x00, 0x0F, 0x80, 0x00, 0xF8, 0x00, 0x0F, 0x80, 0x00, 0xF0, 0x00, 0x0F,
  0x00, 0x00, 0xF0, 0x00, 0x00, 0x00, 0x00, 0xF0, 0x00, 0x0F, 0x00, 0x01,
  0xF0, 0x00, 0x1F, 0x00, 0x01, 0xF0, 0x00, 0x1F, 0x00, 0x03, 0xF0, 0x00,
  0x37, 0x00, 0x03, 0x77, 0x00, 0x37, 0x60, 0x07, 0x76, 0x00, 0x77, 0xE0,
  0x06, 0x7E, 0x00, 0x67, 0xC0, 0x0E, 0x7C, 0x00, 0xC7, 0xE0, 0x1C, 0x7E,
  0x01, 0x87, 0xE0, 0x38, 0x77, 0x07, 0x07, 0x3F, 0xE0, 0x71, 0xFC, 0x07,
  0xF0, 0x00, 0x0F, 0x00, 0x00, 0xF0, 0x00, 0x0F, 0x80, 0x00, 0xF8, 0x00,
  0x0F, 0x80, 0x00, 0xF8, 0x00, 0x0F, 0xC0, 0x00, 0xEC, 0x00, 0x0E, 0xC0,
  0x0E, 0xEC, 0x00, 0xEE, 0xE0, 0x06, 0xE6, 0x00, 0x7E, 0x60, 0x07, 0xE7,
  0x00, 0x7E, 0x30, 0x07, 0xE3, 0x00, 0x7E, 0x38, 0x07, 0xE1, 0xC0, 0x6E,
  0x0E, 0x0E, 0xE0, 0xFF, 0xCE, 0x03, 0xF8, 0xE0, 0x00, 0x1F, 0x80, 0x00,
  0x67, 0x00, 0x03, 0x9C, 0x00, 0x0C, 0x30, 0x00, 0x70, 0xE0, 0x01, 0x81,
  0x80, 0x0E, 0x07, 0x00, 0x30, 0x0F, 0xFF, 0xC0, 0x3F, 0xFE, 0x00, 0x7F,
  0xF8, 0x01, 0xC0, 0xC0, 0x03, 0x07, 0x00, 0x0E, 0x18, 0x00, 0x18, 0xE0,
  0x00, 0x73, 0x00, 0x00, 0xDC, 0x00, 0x03, 0xE0, 0x00, 0x07, 0x80, 0x00,
  0x1E, 0x00, 0x00, 0x30, 0x00, 0x00, 0xC0, 0x00, 0x00, 0x20, 0x00, 0x00,
  0xC0, 0x00, 0x07, 0x00, 0x00, 0x1E, 0x00, 0x00, 0xF8, 0x00, 0x03, 0xF0,
  0x00, 0x1C, 0xC0, 0x00, 0x73, 0x80, 0x03, 0x86, 0x00, 0x0E, 0x1C, 0x00,
  0x70, 0x30, 0x01, 0xC0, 0xE0, 0x07, 0xFF, 0x80, 0x3F, 0xFF, 0x00, 0xC0,
  0x1C, 0x07, 0x00, 0x38, 0x18, 0x00, 0xE0, 0xE0, 0x01, 0xC3, 0x00, 0x07,
  0x1C, 0x00, 0x0E, 0x60, 0x00, 0x3B, 0x80, 0x00, 0x7C, 0x00, 0x01, 0xC0,
  0x80, 0x00, 0x18, 0x00, 0x03, 0xC0, 0x00, 0x3E, 0x00, 0x01, 0xF0, 0x00,
  0x1F, 0x00, 0x00, 0xF8, 0x00, 0x0F, 0xC0, 0x01, 0xBE, 0x00, 0x31, 0xF0,
  0x06, 0x0F, 0x00, 0xC0, 0x70, 0x18, 0x1E, 0x03, 0x0F, 0x80, 0x67, 0xC0,
  0x0F, 0xE0, 0x01, 0xF0, 0x00, 0x78, 0x00, 0x3E, 0x00, 0x1F, 0x00, 0x0F,
  0x80, 0x01, 0xC0, 0x00, 0x20, 0x00, 0x00, 0x80, 0x00, 0x18, 0x00, 0x03,
  0xC0, 0x00, 0x3E, 0x00, 0x01, 0xF0, 0x00, 0x1F, 0x00, 0x00, 0xF8, 0x00,
  0x0F, 0xC0, 0x61, 0xBE, 0x0C, 0x31, 0xF1, 0x86, 0x0F, 0x30, 0xC0, 0x76,
  0x18, 0x1E, 0xC3, 0x0F, 0x98, 0x67, 0xC0, 0x0F, 0xE0, 0x01, 0xF0, 0x00,
  0x78, 0x00, 0x3E, 0x00, 0x1F, 0x00, 0x0F, 0x80, 0x01, 0xC0, 0x00, 0x20,
  0x00, 0x00, 0x80, 0x00, 0x18, 0x00, 0x03, 0xC0, 0x00, 0x3E, 0x00, 0x01,
  0xF0, 0x00, 0x1F, 0x00, 0x00, 0xF8, 0x00, 0x0F, 0xC0, 0x01, 0xBE, 0x00,
  0x31, 0xF1, 0xC6, 0x0F, 0x38, 0xC0, 0x77, 0x18, 0x1E, 0x03, 0x0F, 0x80,
  0x67, 0xC0, 0x0F, 0xE0, 0x01, 0xF0, 0x00, 0x78, 0x00, 0x3E, 0x00, 0x1F,
  0x00, 0x0F, 0x80, 0x01, 0xC0, 0x00, 0x20, 0x00, 0x00, 0x00, 0x00, 0x10,
  0x00, 0x07, 0x00, 0x01, 0xF0, 0x00, 0x3E, 0x00, 0x0F, 0x80, 0x03, 0xE0,
  0x00, 0xF8, 0x00, 0x3F, 0x80, 0x07, 0x98, 0x01, 0xE1, 0x80, 0x78, 0x18,
  0x0F, 0x01, 0x80, 0xF0, 0x18, 0x03, 0xC1, 0x80, 0x0F, 0x18, 0x00, 0x7D,
  0x80, 0x01, 0xF8, 0x00, 0x07, 0xC0, 0x00, 0x1F, 0x00, 0x00, 0x7C, 0x00,
  0x03, 0xF0, 0x00, 0x0F, 0x00, 0x00, 0x30, 0xE0, 0x00, 0x1F, 0x80, 0x00,
  0x67, 0x00, 0x03, 0x9F, 0xFF, 0xFC, 0x3F, 0xFF, 0xF0, 0xE0, 0x01, 0x81,
  0x80, 0x0E, 0x07, 0x00, 0x30, 0x0C, 0x01, 0xC0, 0x38, 0x06, 0x00, 0x60,
  0x38, 0x01, 0xC0, 0xC0, 0x03, 0x07, 0x00, 0x0E, 0x18, 0x00, 0x18, 0xE0,
  0x00, 0x73, 0x00, 0x00, 0xDC, 0x00, 0x03, 0xE0, 0x00, 0x07, 0x80, 0x00,
  0x1E, 0x00, 0x00, 0x30, 0x00, 0x00, 0xC0, 0x00, 0x00, 0x20, 0x00, 0x00,
  0xC0, 0x00, 0x07, 0x00, 0x00, 0x1E, 0x00, 0x00, 0xF8, 0x00, 0x03, 0xF0,
  0x00, 0x1C, 0xC0, 0x00, 0x73, 0x80, 0x03, 0x86, 0x00, 0x0E, 0x1C, 0x00,
  0x70, 0x30, 0x01, 0xC0, 0xE0, 0x06, 0x03, 0x80, 0x38, 0x07, 0x00, 0xC0,
  0x1C, 0x07, 0x00, 0x38, 0x18, 0x00, 0xE0, 0xFF, 0xFF, 0xC3, 0xFF, 0xFF,
  0x1F, 0xFF, 0xFE, 0x60, 0x00, 0x3B, 0x80, 0x00, 0x7C, 0x00, 0x01, 0xC0,
  0x80, 0x00, 0x18, 0x00, 0x03, 0xC0, 0x00, 0x3E, 0x00, 0x03, 0xF0, 0x00,
  0x7F, 0x00, 0x0C, 0xF8, 0x01, 0x87, 0xC0, 0x30, 0x3E, 0x06, 0x01, 0xF0,
  0xC0, 0x0F, 0x18, 0x00, 0x73, 0x00, 0x1E, 0x60, 0x0F, 0x8C, 0x07, 0xC1,
  0x83, 0xE0, 0x31, 0xF0, 0x06, 0x78, 0x00, 0xFE, 0x00, 0x1F, 0x00, 0x0F,
  0x80, 0x01, 0xC0, 0x00, 0x20, 0x00, 0x00, 0x80, 0x00, 0x18, 0x00, 0x03,
  0xC0, 0x00, 0x3E, 0x00, 0x03, 0xF0, 0x00, 0x7F, 0x00, 0x0C, 0xF8, 0x01,
  0x87, 0xC0, 0x30, 0x3E, 0x06, 0x01, 0xF0, 0xCC, 0x0F, 0x19, 0x80, 0x73,
  0x30, 0x1E, 0x66, 0x0F, 0x8C, 0x07, 0xC1, 0x83, 0xE0, 0x31, 0xF0, 0x06,
  0x78, 0x00, 0xFE, 0x00, 0x1F, 0x00, 0x0F, 0x80, 0x01, 0xC0, 0x00, 0x20,
  0x00, 0x00, 0x80, 0x00, 0x18, 0x00, 0x03, 0xC0, 0x00, 0x3E, 0x00, 0x03,
  0xF0, 0x00, 0x7F, 0x00, 0x0C, 0xF8, 0x01, 0x87, 0xC0, 0x30, 0x3E, 0x06,
  0x01, 0xF0, 0xC6, 0x0F, 0x18, 0xC0, 0x73, 0x18, 0x1E, 0x60, 0x0F, 0x8C,
  0x07, 0xC1, 0x83, 0xE0, 0x31, 0xF0, 0x06, 0x78, 0x00, 0xFE, 0x00, 0x1F,
  0x00, 0x0F, 0x80, 0x01, 0xC0, 0x00, 0x20, 0x00, 0x00, 0x00, 0x00, 0x10,
  0x00, 0x07, 0x00, 0x01, 0xF0, 0x00, 0x3E, 0x00, 0x0F, 0x80, 0x03, 0xF8,
  0x00, 0xF9, 0x80, 0x3E, 0x18, 0x07, 0x81, 0x81, 0xE0, 0x18, 0x78, 0x01,
  0x8F, 0x00, 0x18, 0xF0, 0x01, 0x83, 0xC0, 0x18, 0x0F, 0x01, 0x80, 0x7C,
  0x18, 0x01, 0xF1, 0x80, 0x07, 0xD8, 0x00, 0x1F, 0x80, 0x00, 0x7C, 0x00,
  0x03, 0xF0, 0x00, 0x0F, 0x00, 0x00, 0x30, 0xE0, 0x30, 0x1F, 0x80, 0xC0,
  0x67, 0x03, 0x03, 0x9C, 0x0C, 0x0C, 0x30, 0x30, 0x70, 0xE0, 0xC1, 0x81,
  0x83, 0x0E, 0x07, 0x0C, 0x30, 0x0C, 0x31, 0xC0, 0x38, 0xC6, 0x00, 0x63,
  0x38, 0x01, 0xCC, 0xC0, 0x03, 0x37, 0x00, 0x0E, 0xD8, 0x00, 0x1B, 0xE0,
  0x00, 0x7F, 0x00, 0x00, 0xFC, 0x00, 0x03, 0xE0, 0x00, 0x07, 0x80, 0x00,
  0x1E, 0x00, 0x00, 0x30, 0x00, 0x00, 0xC0, 0x00, 0x00, 0x20, 0x00, 0x00,
  0xC0, 0x00, 0x07, 0x00, 0x00, 0x1E, 0x00, 0x00, 0xF8, 0x00, 0x03, 0xF0,
  0x00, 0x1F, 0xC0, 0x00, 0x7F, 0x80, 0x03, 0xB6, 0x00, 0x0E, 0xDC, 0x00,
  0x73, 0x30, 0x01, 0xCC, 0xE0, 0x06, 0x33, 0x80, 0x38, 0xC7, 0x00, 0xC3,
  0x1C, 0x07, 0x0C, 0x38, 0x18, 0x30, 0xE0, 0xE0, 0xC1, 0xC3, 0x03, 0x07,
  0x1C, 0x0C, 0x0E, 0x60, 0x30, 0x3B, 0x80, 0xC0, 0x7C, 0x03, 0x01, 0xC0,
  0x80, 0x00, 0x18, 0x00, 0x03, 0xC0, 0x00, 0x3E, 0x00, 0x01, 0xF0, 0x00,
  0x1F, 0x00, 0x00, 0xF8, 0x00, 0x07, 0xC0, 0x00, 0x3E, 0x00, 0x01, 0xF0,
  0x00, 0x0F, 0x7F, 0xFF, 0xFF, 0xFF, 0xFE, 0x00, 0x0F, 0x80, 0x07, 0xC0,
  0x03, 0xE0, 0x01, 0xF0, 0x00, 0x78, 0x00, 0x3E, 0x00, 0x1F, 0x00, 0x0F,
  0x80, 0x01, 0xC0, 0x00, 0x20, 0x00, 0x00, 0x80, 0x00, 0x18, 0x00, 0x03,
  0xC0, 0x00, 0x3E, 0x00, 0x01, 0xF0, 0x00, 0x1F, 0x00, 0x00, 0xF8, 0x00,
  0x07, 0xC0, 0x00, 0x3E, 0x03, 0x81, 0xF0, 0x70, 0x0F, 0x7F, 0xFF, 0xFF,
  0xFF, 0xFE, 0x38, 0x0F, 0x87, 0x07, 0xC0, 0x03, 0xE0, 0x01, 0xF0, 0x00,
  0x78, 0x00, 0x3E, 0x00, 0x1F, 0x00, 0x0F, 0x80, 0x01, 0xC0, 0x00, 0x20,
  0x00, 0x00, 0x80, 0x00, 0x0E, 0x00, 0x00, 0xF8, 0x00, 0x03, 0xE0, 0x00,
  0x0F, 0x80, 0x00, 0x7C, 0x00, 0x01, 0xF0, 0x00, 0x07, 0xC0, 0x00, 0x1F,
  0x00, 0x70, 0x7C, 0x0F, 0x81, 0xEF, 0xFF, 0xFF, 0xFF, 0xFF, 0xF0, 0xF0,
  0x3E, 0x02, 0x0F, 0x80, 0x03, 0xE0, 0x00, 0xF8, 0x00, 0x3E, 0x00, 0x07,
  0xC0, 0x01, 0xF0, 0x00, 0x7C, 0x00, 0x0F, 0x00, 0x00, 0xC0, 0x00, 0x00,
  0x00, 0x00, 0x10, 0x00, 0x07, 0x00, 0x01, 0xF0, 0x00, 0x3E, 0x00, 0x0F,
  0x80, 0x03, 0xE0, 0x00, 0xF8, 0x00, 0x3E, 0x00, 0x07, 0x80, 0x01, 0xE0,
  0x00, 0x78, 0x00, 0x0F, 0xFF, 0xFF, 0xFF, 0xFF, 0xF3, 0xC0, 0x00, 0x0F,
  0x00, 0x00, 0x7C, 0x00, 0x01, 0xF0, 0x00, 0x07, 0xC0, 0x00, 0x1F, 0x00,
  0x00, 0x7C, 0x00, 0x03, 0xF0, 0x00, 0x0F, 0x00, 0x00, 0x30, 0xE0, 0x38,
  0x0E, 0xE0, 0x70, 0x39, 0xC0, 0xE0, 0x71, 0xC1, 0xC1, 0xC3, 0x83, 0x83,
  0x83, 0x87, 0x0E, 0x07, 0x0E, 0x1C, 0x07, 0xFF, 0xF0, 0x0F, 0xFF, 0xE0,
  0x0E, 0x73, 0x80, 0x1C, 0xE7, 0x00, 0x1D, 0xDC, 0x00, 0x3B, 0xB8, 0x00,
  0x37, 0x60, 0x00, 0x7F, 0xC0, 0x00, 0x7F, 0x00, 0x00, 0xFE, 0x00, 0x00,
  0xF8, 0x00, 0x01, 0xF0, 0x00, 0x01, 0xC0, 0x00, 0x03, 0x80, 0x00, 0x02,
  0x00, 0x00, 0x00, 0x20, 0x00, 0x00, 0xC0, 0x00, 0x07, 0x00, 0x00, 0x1E,
  0x00, 0x00, 0xF8, 0x00, 0x03, 0xF0, 0x00, 0x1F, 0xC0, 0x00, 0x7F, 0x80,
  0x03, 0xB6, 0x00, 0x0E, 0xDC, 0x00, 0x73, 0x30, 0x01, 0xCC, 0xE0, 0x06,
  0x33, 0x80, 0x38, 0xC7, 0x00, 0xFF, 0xFC, 0x07, 0xFF, 0xF8, 0x18, 0x30,
  0xE0, 0xE0, 0xC1, 0xC3, 0x03, 0x07, 0x1C, 0x0C, 0x0E, 0x60, 0x30, 0x3B,
  0x80, 0xC0, 0x7C, 0x03, 0x01, 0xC0, 0x80, 0x00, 0x18, 0x00, 0x03, 0xC0,
  0x00, 0x3E, 0x00, 0x01, 0xF0, 0x00, 0x1F, 0x00, 0x00, 0xF8, 0x00, 0x0F,
  0xC0, 0x01, 0xBE, 0x00, 0x31, 0xF0, 0x06, 0x0F, 0x7F, 0xFF, 0xFF, 0xFF,
  0xFE, 0x03, 0x0F, 0x80, 0x67, 0xC0, 0x0F, 0xE0, 0x01, 0xF0, 0x00, 0x78,
  0x00, 0x3E, 0x00, 0x1F, 0x00, 0x0F, 0x80, 0x01, 0xC0, 0x00, 0x20, 0x00,
  0x00, 0x80, 0x00, 0x18, 0x00, 0x03, 0xC0, 0x00, 0x3E, 0x00, 0x01, 0xF0,
  0x00, 0x1F, 0x00, 0x00, 0xF8, 0x00, 0x0F, 0xC0, 0x31, 0xBE, 0x06, 0x31,
  0xF0, 0xC6, 0x0F, 0x7F, 0xFF, 0xFF, 0xFF, 0xFE, 0x63, 0x0F, 0x8C, 0x67,
  0xC0, 0x0F, 0xE0, 0x01, 0xF0, 0x00, 0x78, 0x00, 0x3E, 0x00, 0x1F, 0x00,
  0x0F, 0x80, 0x01, 0xC0, 0x00, 0x20, 0x00, 0x00, 0x80, 0x00, 0x18, 0x00,
  0x03, 0xC0, 0x00, 0x3E, 0x00, 0x01, 0xF0, 0x00, 0x1F, 0x00, 0x00, 0xF8,
  0x00, 0x0F, 0xC0, 0x01, 0xBE, 0x02, 0x31, 0xF1, 0xE6, 0x0F, 0x7F, 0xFF,
  0xFF, 0xFF, 0xFE, 0x73, 0x0F, 0x80, 0x67, 0xC0, 0x0F, 0xE0, 0x01, 0xF0,
  0x00, 0x78, 0x00, 0x3E, 0x00, 0x1F, 0x00, 0x0F, 0x80, 0x01, 0xC0, 0x00,
  0x20, 0x00, 0x00, 0x00, 0x00, 0x10, 0x00, 0x07, 0x00, 0x01, 0xF0, 0x00,
  0x3E, 0x00, 0x0F, 0x80, 0x03, 0xE0, 0x00, 0xF8, 0x00, 0x3F, 0x80, 0x07,
  0x98, 0x01, 0xE1, 0x80, 0x78, 0x18, 0x0F, 0xFF, 0xFF, 0xFF, 0xFF, 0xF3,
  0xC1, 0x80, 0x0F, 0x18, 0x00, 0x7D, 0x80, 0x01, 0xF8, 0x00, 0x07, 0xC0,
  0x00, 0x1F, 0x00, 0x00, 0x7C, 0x00, 0x03, 0xF0, 0x00, 0x0F, 0x00, 0x00,
  0x30, 0xFF, 0xFF, 0xFF, 0xFF, 0xFF, 0xE0, 0x00, 0x7E, 0x00, 0x07, 0xE0,
  0x00, 0x7E, 0x00, 0x07, 0xE0, 0x00, 0x7E, 0x00, 0x07, 0xE0, 0x00, 0x7E,
  0x00, 0x07, 0xE0, 0x00, 0x7E, 0x00, 0x07, 0xE0, 0x00, 0x7E, 0x00, 0x07,
  0xE0, 0x00, 0x76, 0x00, 0x06, 0x60, 0x00, 0x67, 0x00, 0x0E, 0x38, 0x01,
  0xC3, 0xC0, 0x3C, 0x1F, 0xFF, 0x80, 0x7F, 0xE0, 0x01, 0xF8, 0x00, 0xFF,
  0xF0, 0x1F, 0x1F, 0x83, 0xC0, 0x3C, 0x70, 0x00, 0xE7, 0x00, 0x0E, 0x60,
  0x00, 0x66, 0x00, 0x06, 0xE0, 0x00, 0x7E, 0x00, 0x07, 0xE0, 0x00, 0x7E,
  0x00, 0x07, 0xE0, 0x00, 0x7E, 0x00, 0x07, 0xE0, 0x00, 0x7E, 0x00, 0x07,
  0xE0, 0x00, 0x7E, 0x00, 0x07, 0xE0, 0x00, 0x7E, 0x00, 0x07, 0xE0, 0x00,
  0x7F, 0xFF, 0xFF, 0xFF, 0xFF, 0xF0, 0xFF, 0xFC, 0x0F, 0xFF, 0xF0, 0xE0,
  0x07, 0x8E, 0x00, 0x1C, 0xE0, 0x00, 0xEE, 0x00, 0x0E, 0xE0, 0x00, 0x6E,
  0x00, 0x06, 0xE0, 0x00, 0x6E, 0x00, 0x06, 0xE0, 0x00, 0x7E, 0x00, 0x07,
  0xE0, 0x00, 0x6E, 0x00, 0x06, 0xE0, 0x00, 0x6E, 0x00, 0x0E, 0xE0, 0x00,
  0xEE, 0x00, 0x1C, 0xE0, 0x03, 0xCE, 0x01, 0xF8, 0xFF, 0xFF, 0x0F, 0xFF,
  0x80, 0xFF, 0xFC, 0x0F, 0xFF, 0xF0, 0xE0, 0x07, 0x8E, 0x00, 0x1C, 0xE0,
  0x00, 0xEE, 0x00, 0x0E, 0xE0, 0x00, 0x6E, 0x0C, 0x06, 0xE0, 0xC0, 0x6E,
  0x0C, 0x06, 0xE0, 0xC0, 0x7E, 0x0C, 0x07, 0xE0, 0xC0, 0x6E, 0x0C, 0x06,
  0xE0, 0xC0, 0x6E, 0x00, 0x0E, 0xE0, 0x00, 0xEE, 0x00, 0x1C, 0xE0, 0x03,
  0xCE, 0x01, 0xF8, 0xFF, 0xFF, 0x0F, 0xFF, 0x80, 0xFF, 0xFC, 0x0F, 0xFF,
  0xF0, 0xE0, 0x07, 0x8E, 0x00, 0x1C, 0xE0, 0x00, 0xEE, 0x00, 0x0E, 0xE0,
  0x00, 0x6E, 0x00, 0x06, 0xE0, 0x00, 0x6E, 0x0E, 0x06, 0xE0, 0xE0, 0x7E,
  0x0E, 0x07, 0xE0, 0x40, 0x6E, 0x00, 0x06, 0xE0, 0x00, 0x6E, 0x00, 0x0E,
  0xE0, 0x00, 0xEE, 0x00, 0x1C, 0xE0, 0x03, 0xCE, 0x01, 0xF8, 0xFF, 0xFF,
  0x0F, 0xFF, 0x80, 0x07, 0xFF, 0xF1, 0xFF, 0xFF, 0x3E, 0x00, 0x73, 0x80,
  0x07, 0x70, 0x00, 0x77, 0x00, 0x07, 0x60, 0x00, 0x7E, 0x00, 0x07, 0xE0,
  0x00, 0x7E, 0x00, 0x07, 0xE0, 0x00, 0x7E, 0x00, 0x07, 0xE0, 0x00, 0x7E,
  0x00, 0x07, 0xE0, 0x00, 0x76, 0x00, 0x07, 0x70, 0x00, 0x77, 0x00, 0x07,
  0x38, 0x00, 0x71, 0xF0, 0x07, 0x0F, 0xFF, 0xF0, 0x1F, 0xFF, 0xF0, 0x00,
  0xFF, 0x80, 0x1F, 0xFE, 0x07, 0xFE, 0xF0, 0xF7, 0xE3, 0xFC, 0x7E, 0x1F,
  0x87, 0xE0, 0x60, 0x7E, 0x00, 0x07, 0xE0, 0x00, 0x7E, 0x00, 0x07, 0xE0,
  0x00, 0x7E, 0x00, 0x07, 0xE0, 0x00, 0x7E, 0x00, 0x07, 0xE0, 0x00, 0x76,
  0x00, 0x06, 0x60, 0x00, 0x67, 0x00, 0x0E, 0x38, 0x01, 0xC3, 0xC0, 0x3C,
  0x1F, 0xFF, 0x80, 0x7F, 0xE0, 0x01, 0xF8, 0x00, 0xFF, 0xF0, 0x1F, 0x1F,
  0x83, 0xC0, 0x3C, 0x70, 0x00, 0xE7, 0x00, 0x0E, 0x60, 0x00, 0x66, 0x00,
  0x06, 0xE0, 0x00, 0x7E, 0x00, 0x07, 0xE0, 0x00, 0x7E, 0x00, 0x07, 0xE0,
  0x00, 0x7E, 0x00, 0x07, 0xE0, 0x00, 0x7E, 0x00, 0x07, 0xE0, 0xF0, 0x7E,
  0x1F, 0x87, 0xE7, 0x9E, 0x7E, 0xF0, 0xFF, 0xFC, 0x03, 0xFF, 0x80, 0x1F,
  0xE0, 0x00, 0x70, 0xFF, 0xFF, 0x07, 0xFF, 0xFE, 0x38, 0x00, 0xF8, 0xC0,
  0x01, 0xC7, 0x00, 0x07, 0x18, 0x00, 0x38, 0xE0, 0x00, 0xC3, 0x00, 0x07,
  0x18, 0x00, 0x38, 0xE0, 0x01, 0xC3, 0x00, 0x0E, 0x18, 0x00, 0x71, 0xC0,
  0x03, 0x8C, 0x00, 0x1C, 0xE0, 0x00, 0xE7, 0x00, 0x06, 0x30, 0x00, 0x73,
  0x80, 0x03, 0x98, 0x00, 0x39, 0xC0, 0x0F, 0x8F, 0xFF, 0xF8, 0x7F, 0xFE,
  0x00, 0xFF, 0xFF, 0x07, 0xFF, 0xFE, 0x38, 0x00, 0xF8, 0xC0, 0x01, 0xC7,
  0x00, 0x07, 0x18, 0x00, 0x38, 0xE0, 0x00, 0xC3, 0x07, 0x07, 0x18, 0x38,
  0x38, 0xE1, 0xC1, 0xC3, 0x0E, 0x0E, 0x18, 0x70, 0x71, 0xC3, 0x83, 0x8C,
  0x1C, 0x1C, 0xE0, 0xE0, 0xE7, 0x00, 0x06, 0x30, 0x00, 0x73, 0x80, 0x03,
  0x98, 0x00, 0x39, 0xC0, 0x0F, 0x8F, 0xFF, 0xF8, 0x7F, 0xFE, 0x00, 0xFF,
  0xFF, 0x07, 0xFF, 0xFE, 0x38, 0x00, 0xF8, 0xC0, 0x01, 0xC7, 0x00, 0x07,
  0x18, 0x00, 0x38, 0xE0, 0x00, 0xC3, 0x00, 0x07, 0x18, 0x00, 0x38, 0xE1,
  0xC1, 0xC3, 0x0F, 0x0E, 0x18, 0x70, 0x71, 0xC1, 0x03, 0x8C, 0x00, 0x1C,
  0xE0, 0x00, 0xE7, 0x00, 0x06, 0x30, 0x00, 0x73, 0x80, 0x03, 0x98, 0x00,
  0x39, 0xC0, 0x0F, 0x8F, 0xFF, 0xF8, 0x7F, 0xFE, 0x00, 0x07, 0xFF, 0xF8,
  0xFF, 0xFF, 0xCF, 0x80, 0x0E, 0x70, 0x00, 0x67, 0x00, 0x07, 0x38, 0x00,
  0x31, 0x80, 0x03, 0x9C, 0x00, 0x18, 0xE0, 0x01, 0xC7, 0x00, 0x0E, 0x38,
  0x00, 0x61, 0xC0, 0x03, 0x0E, 0x00, 0x1C, 0x70, 0x00, 0x63, 0x80, 0x03,
  0x8C, 0x00, 0x1C, 0x70, 0x00, 0x63, 0x80, 0x03, 0x8E, 0x00, 0x0C, 0x3E,
  0x00, 0x70, 0xFF, 0xFF, 0x80, 0xFF, 0xFC, 0xE0, 0x00, 0x7E, 0x00, 0x07,
  0xE0, 0x00, 0x7F, 0xFF, 0xFF, 0xFF, 0xFF, 0xFE, 0x00, 0x07, 0xE0, 0x00,
  0x7E, 0x00, 0x07, 0xE0, 0x00, 0x7E, 0x00, 0x07, 0xE0, 0x00, 0x7E, 0x00,
  0x07, 0xE0, 0x00, 0x7E, 0x00, 0x07, 0xE0, 0x00, 0x76, 0x00, 0x06, 0x60,
  0x00, 0x67, 0x00, 0x0E, 0x38, 0x01, 0xC3, 0xC0, 0x3C, 0x1F, 0xFF, 0x80,
  0x7F, 0xE0, 0x01, 0xF8, 0x00, 0xFF, 0xF0, 0x1F, 0xBF, 0x83, 0xC0, 0x3C,
  0x78, 0x00, 0xE7, 0x00, 0x0E, 0x60, 0x00, 0x66, 0x00, 0x06, 0xE0, 0x00,
  0x7E, 0x00, 0x07, 0xE0, 0x00, 0x7E, 0x00, 0x07, 0xE0, 0x00, 0x7E, 0x00,
  0x07, 0xE0, 0x00, 0x7E, 0x00, 0x07, 0xE0, 0x00, 0x7F, 0xFF, 0xFF, 0xFF,
  0xFF, 0xFE, 0x00, 0x07, 0xE0, 0x00, 0x7E, 0x00, 0x07, 0xE0, 0x00, 0x70,
  0xFF, 0xFF, 0x81, 0xFF, 0xFF, 0xC0, 0x70, 0x03, 0xC0, 0xE0, 0x01, 0xC1,
  0xC0, 0x01, 0xC3, 0x80, 0x03, 0x87, 0x00, 0x03, 0x0E, 0x00, 0x06, 0x1C,
  0x00, 0x0E, 0x38, 0x00, 0x1C, 0x70, 0x00, 0x38, 0xE0, 0x00, 0x71, 0xC0,
  0x00, 0xE3, 0x80, 0x01, 0x87, 0x00, 0x03, 0x0E, 0x00, 0x06, 0x1C, 0x00,
  0x1C, 0x38, 0x00, 0x38, 0x70, 0x01, 0xE0, 0xE0, 0x1F, 0x8F, 0xFF, 0xFE,
  0x1F, 0xFF, 0xE0, 0x00, 0xFF, 0xFF, 0x81, 0xFF, 0xFF, 0xC0, 0x70, 0x03,
  0xC0, 0xE0, 0x01, 0xC1, 0xC0, 0x01, 0xC3, 0x80, 0x03, 0x87, 0x00, 0x03,
  0x0E, 0x0C, 0x06, 0x1C, 0x18, 0x0E, 0x38, 0x30, 0x1C, 0x70, 0x60, 0x38,
  0xE0, 0xC0, 0x71, 0xC1, 0x80, 0xE3, 0x83, 0x01, 0x87, 0x06, 0x03, 0x0E,
  0x00, 0x0E, 0x1C, 0x00, 0x1C, 0x38, 0x00, 0x70, 0x70, 0x01, 0xE0, 0xE0,
  0x1F, 0x8F, 0xFF, 0xFE, 0x1F, 0xFF, 0xE0, 0x00, 0xFF, 0xFF, 0x81, 0xFF,
  0xFF, 0xC0, 0x70, 0x03, 0xC0, 0xE0, 0x01, 0xC1, 0xC0, 0x01, 0xC3, 0x80,
  0x03, 0x87, 0x00, 0x03, 0x0E, 0x00, 0x06, 0x1C, 0x00, 0x0E, 0x38, 0x38,
  0x1C, 0x70, 0xF0, 0x38, 0xE0, 0xE0, 0x71, 0xC0, 0x80, 0xE3, 0x80, 0x01,
  0x87, 0x00, 0x03, 0x0E, 0x00, 0x0E, 0x1C, 0x00, 0x1C, 0x38, 0x00, 0x70,
  0x70, 0x01, 0xE0, 0xE0, 0x1F, 0x8F, 0xFF, 0xFE, 0x1F, 0xFF, 0xE0, 0x00,
  0x03, 0xFF, 0xFE, 0x1F, 0xFF, 0xFC, 0x78, 0x01, 0xC1, 0xC0, 0x03, 0x87,
  0x00, 0x07, 0x0E, 0x00, 0x0E, 0x18, 0x00, 0x1C, 0x30, 0x00, 0x38, 0xE0,
  0x00, 0x71, 0xC0, 0x00, 0xE3, 0x80, 0x01, 0xC7, 0x00, 0x03, 0x8E, 0x00,
  0x07, 0x1C, 0x00, 0x0E, 0x18, 0x00, 0x1C, 0x30, 0x00, 0x38, 0x70, 0x00,
  0x70, 0xE0, 0x00, 0xE0, 0xF0, 0x01, 0xC0, 0xF8, 0x03, 0x80, 0xFF, 0xFF,
  0xE0, 0x3F, 0xFF, 0xC0, 0x06, 0x00, 0xC0, 0x18, 0x03, 0x00, 0x60, 0x0C,
  0x01, 0x80, 0x30, 0x06, 0x00, 0xC3, 0xFF, 0xFF, 0xF0, 0xE0, 0x18, 0x07,
  0xE0, 0x18, 0x07, 0xE0, 0x18, 0x07, 0xE0, 0x18, 0x07, 0xE0, 0x18, 0x07,
  0xE0, 0x18, 0x07, 0xE0, 0x18, 0x07, 0xE0, 0x18, 0x07, 0xE0, 0x18, 0x07,
  0xE0, 0x18, 0x07, 0xE0, 0x18, 0x07, 0xE0, 0x18, 0x07, 0xE0, 0x18, 0x07,
  0xE0, 0x18, 0x07, 0xE0, 0x18, 0x07, 0xE0, 0x18, 0x07, 0xE0, 0x38, 0x07,
  0xE0, 0x38, 0x06, 0x60, 0x3C, 0x06, 0x70, 0x7E, 0x0E, 0x3F, 0xE7, 0xFC,
  0x1F, 0xC3, 0xF8, 0x0F, 0x01, 0xF0, 0x3F, 0xC7, 0xFC, 0x7F, 0xEF, 0xBC,
  0x70, 0x7C, 0x0E, 0xE0, 0x3C, 0x06, 0xE0, 0x38, 0x06, 0xE0, 0x18, 0x07,
  0xE0, 0x18, 0x07, 0xE0, 0x18, 0x07, 0xE0, 0x18, 0x07, 0xE0, 0x18, 0x07,
  0xE0, 0x18, 0x07, 0xE0, 0x18, 0x07, 0xE0, 0x18, 0x07, 0xE0, 0x18, 0x07,
  0xE0, 0x18, 0x07, 0xE0, 0x18, 0x07, 0xE0, 0x18, 0x07, 0xE0, 0x18, 0x07,
  0xE0, 0x18, 0x07, 0xE0, 0x18, 0x07, 0xE0, 0x18, 0x07, 0xE0, 0x18, 0x07,
  0xFF, 0xFF, 0x3F, 0xFF, 0xE0, 0x00, 0x3C, 0x00, 0x07, 0x00, 0x00, 0xC0,
  0x00, 0x30, 0x00, 0x0C, 0x00, 0x07, 0x00, 0x01, 0x80, 0x01, 0xEF, 0xFF,
  0xE3, 0xFF, 0xFC, 0x00, 0x03, 0x80, 0x00, 0x70, 0x00, 0x1C, 0x00, 0x03,
  0x00, 0x00, 0xC0, 0x00, 0x70, 0x00, 0x1C, 0x00, 0x1E, 0xFF, 0xFF, 0x3F,
  0xFF, 0x80, 0xFF, 0xFF, 0x3F, 0xFF, 0xE0, 0x00, 0x3C, 0x00, 0x07, 0x00,
  0x00, 0xC0, 0x00, 0x30, 0x1C, 0x0C, 0x07, 0x07, 0x01, 0xC1, 0x80, 0x71,
  0xEF, 0xFF, 0xE3, 0xFF, 0xFC, 0x01, 0xC3, 0x80, 0x70, 0x70, 0x1C, 0x1C,
  0x07, 0x03, 0x00, 0x00, 0xC0, 0x00, 0x70, 0x00, 0x1C, 0x00, 0x1E, 0xFF,
  0xFF, 0x3F, 0xFF, 0x80, 0xFF, 0xFF, 0x3F, 0xFF, 0xE0, 0x00, 0x3C, 0x00,
  0x07, 0x00, 0x00, 0xC0, 0x00, 0x30, 0x00, 0x0C, 0x00, 0x07, 0x01, 0xC1,
  0x80, 0xF9, 0xEF, 0xFF, 0xE3, 0xFF, 0xFC, 0x03, 0xE3, 0x80, 0x70, 0x70,
  0x00, 0x1C, 0x00, 0x03, 0x00, 0x00, 0xC0, 0x00, 0x70, 0x00, 0x1C, 0x00,
  0x1E, 0xFF, 0xFF, 0x3F, 0xFF, 0x80, 0x1F, 0xFF, 0xDF, 0xFF, 0xF7, 0x00,
  0x03, 0x80, 0x00, 0xE0, 0x00, 0x38, 0x00, 0x0E, 0x00, 0x03, 0x80, 0x00,
  0x70, 0x00, 0x0F, 0x00, 0x01, 0xFF, 0xFC, 0xFF, 0xFF, 0x78, 0x00, 0x18,
  0x00, 0x0E, 0x00, 0x03, 0x80, 0x00, 0xE0, 0x00, 0x38, 0x00, 0x0E, 0x00,
  0x01, 0xE0, 0x00, 0x3F, 0xFF, 0xC3, 0xFF, 0xF0, 0xFF, 0xFF, 0xFF, 0xFF,
  0xFF, 0xFF, 0xE0, 0x18, 0x07, 0xE0, 0x18, 0x07, 0xE0, 0x18, 0x07, 0xE0,
  0x18, 0x07, 0xE0, 0x18, 0x07, 0xE0, 0x18, 0x07, 0xE0, 0x18, 0x07, 0xE0,
  0x18, 0x07, 0xE0, 0x18, 0x07, 0xE0, 0x18, 0x07, 0xE0, 0x18, 0x07, 0xE0,
  0x18, 0x07, 0xE0, 0x18, 0x07, 0xE0, 0x18, 0x07, 0xE0, 0x38, 0x07, 0xE0,
  0x38, 0x06, 0x60, 0x3C, 0x06, 0x70, 0x7E, 0x0E, 0x3F, 0xE7, 0xFC, 0x1F,
  0xC3, 0xF8, 0x0F, 0x01, 0xF0, 0x3F, 0xC7, 0xFC, 0x7F, 0xEF, 0xBC, 0x70,
  0x7C, 0x0E, 0xE0, 0x3C, 0x06, 0xE0, 0x38, 0x06, 0xE0, 0x18, 0x07, 0xE0,
  0x18, 0x07, 0xE0, 0x18, 0x07, 0xE0, 0x18, 0x07, 0xE0, 0x18, 0x07, 0xE0,
  0x18, 0x07, 0xE0, 0x18, 0x07, 0xE0, 0x18, 0x07, 0xE0, 0x18, 0x07, 0xE0,
  0x18, 0x07, 0xE0, 0x18, 0x07, 0xE0, 0x18, 0x07, 0xE0, 0x18, 0x07, 0xE0,
  0x18, 0x07, 0xE0, 0x18, 0x07, 0xFF, 0xFF, 0xFF, 0xFF, 0xFF, 0xFF, 0xFF,
  0xFF, 0x8F, 0xFF, 0xFC, 0xC0, 0x00, 0xEC, 0x00, 0x07, 0xC0, 0x00, 0x7C,
  0x00, 0x07, 0xC0, 0x00, 0x7C, 0x00, 0x06, 0xC0, 0x00, 0xEC, 0x00, 0x3C,
  0xFF, 0xFF, 0x8F, 0xFF, 0xFC, 0xC0, 0x01, 0xEC, 0x00, 0x06, 0xC0, 0x00,
  0x7C, 0x00, 0x07, 0xC0, 0x00, 0x7C, 0x00, 0x07, 0xC0, 0x00, 0xEC, 0x00,
  0x1E, 0xFF, 0xFF, 0xCF, 0xFF, 0xF0, 0xFF, 0xFF, 0x8F, 0xFF, 0xFC, 0xC0,
  0x00, 0xEC, 0x00, 0x07, 0xC0, 0x00, 0x7C, 0x00, 0x07, 0xC0, 0xE0, 0x7C,
  0x0E, 0x06, 0xC0, 0xE0, 0xEC, 0x0E, 0x3C, 0xFF, 0xFF, 0x8F, 0xFF, 0xFC,
  0xC0, 0xE1, 0xEC, 0x0E, 0x06, 0xC0, 0xE0, 0x7C, 0x0E, 0x07, 0xC0, 0x00,
  0x7C, 0x00, 0x07, 0xC0, 0x00, 0xEC, 0x00, 0x1E, 0xFF, 0xFF, 0xCF, 0xFF,
  0xF0, 0xFF, 0xFF, 0x8F, 0xFF, 0xFC, 0xC0, 0x00, 0xEC, 0x00, 0x07, 0xC0,
  0x00, 0x7C, 0x00, 0x07, 0xC0, 0x00, 0x7C, 0x00, 0x06, 0xC0, 0xE0, 0xEC,
  0x1F, 0x3C, 0xFF, 0xFF, 0x8F, 0xFF, 0xFC, 0xC1, 0xF1, 0xEC, 0x06, 0x06,
  0xC0, 0x00, 0x7C, 0x00, 0x07, 0xC0, 0x00, 0x7C, 0x00, 0x07, 0xC0, 0x00,
  0xEC, 0x00, 0x1E, 0xFF, 0xFF, 0xCF, 0xFF, 0xF0, 0x1F, 0xFF, 0xF7, 0xFF,
  0xFF, 0x70, 0x00, 0x7E, 0x00, 0x07, 0xE0, 0x00, 0x7E, 0x00, 0x07, 0xE0,
  0x00, 0x7E, 0x00, 0x07, 0x70, 0x00, 0x73, 0xC0, 0x07, 0x1F, 0xFF, 0xF3,
  0xFF, 0xFF, 0x78, 0x00, 0x76, 0x00, 0x07, 0xE0, 0x00, 0x7E, 0x00, 0x07,
  0xE0, 0x00, 0x7E, 0x00, 0x07, 0xE0, 0x00, 0x77, 0x80, 0x07, 0x3F, 0xFF,
  0xF0, 0xFF, 0xFF, 0xF0, 0x18, 0x0F, 0xFC, 0x18, 0x3F, 0xFF, 0x18, 0xFF,
  0xE7, 0xDB, 0xE7, 0xE1, 0xFF, 0x87, 0xE0, 0x7E, 0x07, 0xE0, 0x18, 0x07,
  0xE0, 0x18, 0x07, 0xE0, 0x18, 0x07, 0xE0, 0x18, 0x07, 0xE0, 0x18, 0x07,
  0xE0, 0x18, 0x07, 0xE0, 0x18, 0x07, 0xE0, 0x18, 0x07, 0xE0, 0x18, 0x07,
  0xE0, 0x18, 0x07, 0xE0, 0x38, 0x07, 0xE0, 0x38, 0x06, 0x60, 0x3C, 0x06,
  0x70, 0x7E, 0x0E, 0x3F, 0xE7, 0xFC, 0x1F, 0xC3, 0xF8, 0x0F, 0x01, 0xF0,
  0x3F, 0xC7, 0xFC, 0x7F, 0xEF, 0xBC, 0x70, 0x7C, 0x0E, 0xE0, 0x3C, 0x06,
  0xE0, 0x38, 0x06, 0xE0, 0x18, 0x07, 0xE0, 0x18, 0x07, 0xE0, 0x18, 0x07,
  0xE0, 0x18, 0x07, 0xE0, 0x18, 0x07, 0xE0, 0x18, 0x07, 0xE0, 0x18, 0x07,
  0xE0, 0x18, 0x07, 0xE0, 0x18, 0x07, 0xE0, 0x18, 0x07, 0xE0, 0x3C, 0x07,
  0xE0, 0xFF, 0x07, 0xE3, 0xFF, 0xC7, 0xEF, 0x99, 0xF7, 0xFE, 0x18, 0x7F,
  0xF8, 0x18, 0x1F, 0xE0, 0x18, 0x07, 0xFF, 0xFF, 0x9F, 0xFF, 0xFB, 0x80,
  0x07, 0xB0, 0x00, 0x37, 0x00, 0x06, 0x60, 0x00, 0xCE, 0x00, 0x18, 0xC0,
  0x03, 0x18, 0x00, 0xE3, 0x80, 0x7B, 0xFF, 0xFE, 0x7F, 0xFF, 0xC1, 0xC0,
  0x1E, 0x30, 0x01, 0xCE, 0x00, 0x19, 0xC0, 0x03, 0x30, 0x00, 0x6E, 0x00,
  0x0D, 0x80, 0x03, 0xF0, 0x01, 0xFF, 0xFF, 0xFD, 0xFF, 0xFE, 0x00, 0xFF,
  0xFF, 0x9F, 0xFF, 0xFB, 0x80, 0x07, 0xB0, 0x00, 0x37, 0x00, 0x06, 0x60,
  0x00, 0xCE, 0x1C, 0x18, 0xC3, 0x83, 0x18, 0x70, 0xE3, 0x8E, 0x7B, 0xFF,
  0xFE, 0x7F, 0xFF, 0xC1, 0xC7, 0x1E, 0x30, 0xE1, 0xCE, 0x1C, 0x19, 0xC3,
  0x83, 0x30, 0x00, 0x6E, 0x00, 0x0D, 0x80, 0x03, 0xF0, 0x01, 0xFF, 0xFF,
  0xFD, 0xFF, 0xFE, 0x00, 0xFF, 0xFF, 0x9F, 0xFF, 0xFB, 0x80, 0x07, 0xB0,
  0x00, 0x37, 0x00, 0x06, 0x60, 0x00, 0xCE, 0x00, 0x18, 0xC0, 0x03, 0x18,
  0x70, 0xE3, 0x9F, 0x7B, 0xFF, 0xFE, 0x7F, 0xFF, 0xC1, 0xCF, 0x9E, 0x30,
  0xC1, 0xCE, 0x00, 0x19, 0xC0, 0x03, 0x30, 0x00, 0x6E, 0x00, 0x0D, 0x80,
  0x03, 0xF0, 0x01, 0xFF, 0xFF, 0xFD, 0xFF, 0xFE, 0x00, 0x1F, 0xFF, 0xF7,
  0xFF, 0xFF, 0x70, 0x00, 0x6E, 0x00, 0x0E, 0xE0, 0x00, 0xCE, 0x00, 0x1C,
  0xE0, 0x01, 0x8E, 0x00, 0x18, 0x70, 0x03, 0x83, 0xC0, 0x30, 0x1F, 0xFF,
  0xF3, 0xFF, 0xFF, 0x78, 0x03, 0x06, 0x00, 0x38, 0xE0, 0x01, 0x8E, 0x00,
  0x1C, 0xE0, 0x00, 0xCE, 0x00, 0x0C, 0xE0, 0x00, 0xE7, 0x80, 0x06, 0x3F,
  0xFF, 0xF0, 0xFF, 0xFF, 0xE0, 0x7E, 0x0E, 0x70, 0xE7, 0x1C, 0x31, 0xC3,
  0xB8, 0x1B, 0x81, 0xF0, 0x1F, 0x00, 0xE0, 0x0E, 0x00, 0x40, 0xE0, 0x00,
  0x1C, 0x00, 0x03, 0x80, 0x00, 0x70, 0x00, 0x0E, 0x00, 0x01, 0xC0, 0x00,
  0x38, 0x00, 0x07, 0x00, 0x00, 0xE0, 0x00, 0x1C, 0x00, 0x03, 0x80, 0x00,
  0x70, 0x00, 0x0E, 0x00, 0x07, 0xC0, 0x00, 0xF8, 0x00, 0x1F, 0x00, 0x03,
  0x60, 0x00, 0xEC, 0x00, 0x1D, 0xC0, 0x07, 0x1E, 0x03, 0xC1, 0xFF, 0xF8,
  0x1F, 0xFC, 0x00, 0x01, 0xF8, 0x01, 0xFF, 0xE0, 0xFF, 0xFE, 0x3C, 0x01,
  0xE7, 0x00, 0x1D, 0xC0, 0x01, 0xF8, 0x00, 0x3E, 0x00, 0x07, 0xC0, 0x00,
  0x78, 0x00, 0x0C, 0x00, 0x01, 0x80, 0x00, 0x30, 0x00, 0x06, 0x00, 0x00,
  0xC0, 0x00, 0x18, 0x00, 0x03, 0x00, 0x00, 0x60, 0x00, 0x0C, 0x00, 0x01,
  0x80, 0x00, 0x30, 0x00, 0x06, 0x00, 0x00, 0xC0, 0x00, 0x18, 0xFF, 0xFC,
  0x0F, 0xFF, 0xF0, 0x00, 0x07, 0x80, 0x00, 0x1C, 0x00, 0x00, 0xE0, 0x00,
  0x0E, 0x00, 0x00, 0x60, 0x00, 0x07, 0x00, 0x00, 0x70, 0x00, 0x07, 0x00,
  0x00, 0x70, 0x00, 0x07, 0x00, 0x00, 0x70, 0x00, 0x07, 0x00, 0x00, 0x70,
  0x00, 0x06, 0x00, 0x00, 0xE0, 0x00, 0x1C, 0x00, 0x03, 0xC0, 0x01, 0xF8,
  0x00, 0xFE, 0x00, 0x0F, 0x80, 0xFF, 0xFC, 0x0F, 0xFF, 0xF0, 0x00, 0x07,
  0x80, 0x00, 0x1C, 0x00, 0x00, 0xE0, 0x00, 0x0E, 0x00, 0xC0, 0x60, 0x0C,
  0x07, 0x00, 0xC0, 0x70, 0x0C, 0x07, 0x00, 0xC0, 0x70, 0x0C, 0x07, 0x00,
  0xC0, 0x70, 0x0C, 0x07, 0x00, 0xC0, 0x70, 0x00, 0x06, 0x00, 0x00, 0xE0,
  0x00, 0x1C, 0x00, 0x03, 0xC0, 0x01, 0xF8, 0x00, 0xFE, 0x00, 0x0F, 0x80,
  0xFF, 0xFC, 0x0F, 0xFF, 0xF0, 0x00, 0x07, 0x80, 0x00, 0x1C, 0x00, 0x00,
  0xE0, 0x00, 0x0E, 0x00, 0x00, 0x60, 0x00, 0x07, 0x00, 0x00, 0x70, 0x38,
  0x07, 0x03, 0x80, 0x70, 0x38, 0x07, 0x01, 0x00, 0x70, 0x00, 0x07, 0x00,
  0x00, 0x70, 0x00, 0x06, 0x00, 0x00, 0xE0, 0x00, 0x1C, 0x00, 0x03, 0xC0,
  0x01, 0xF8, 0x00, 0xFE, 0x00, 0x0F, 0x80, 0x03, 0xF0, 0x00, 0x7F, 0x80,
  0x07, 0x80, 0x00, 0x70, 0x00, 0x07, 0x00, 0x00, 0x38, 0x00, 0x01, 0x80,
  0x00, 0x1C, 0x00, 0x00, 0xE0, 0x00, 0x07, 0x00, 0x00, 0x38, 0x00, 0x01,
  0xC0, 0x00, 0x0E, 0x00, 0x00, 0x70, 0x00, 0x03, 0x80, 0x00, 0x0C, 0x00,
  0x00, 0x70, 0x00, 0x03, 0xC0, 0x00, 0x0F, 0x00, 0x00, 0x3F, 0x00, 0x00,
  0xFF, 0xFF, 0x80, 0xFF, 0xFC, 0xE0, 0x00, 0x00, 0xE0, 0x00, 0x00, 0xE0,
  0x00, 0x00, 0xE0, 0x00, 0x00, 0xE0, 0x00, 0x00, 0xE0, 0x00, 0x00, 0xE0,
  0x00, 0x00, 0xE0, 0x00, 0x00, 0xE0, 0x00, 0x00, 0xE0, 0x00, 0x00, 0xE0,
  0x18, 0x07, 0xE0, 0x18, 0x07, 0xE0, 0x18, 0x07, 0xE0, 0x18, 0x07, 0xE0,
  0x18, 0x07, 0xE0, 0x18, 0x07, 0xE0, 0x18, 0x07, 0xE0, 0x3C, 0x06, 0x60,
  0x3C, 0x06, 0x70, 0x7E, 0x0E, 0x3F, 0xE7, 0xFC, 0x1F, 0xC3, 0xF8, 0x0F,
  0x01, 0xF0, 0x3F, 0xC7, 0xFC, 0x7F, 0xEF, 0xBC, 0x70, 0x7C, 0x0E, 0xE0,
  0x3C, 0x06, 0xE0, 0x38, 0x06, 0xE0, 0x18, 0x07, 0xE0, 0x18, 0x07, 0xE0,
  0x18, 0x07, 0xE0, 0x18, 0x07, 0xE0, 0x18, 0x07, 0xE0, 0x18, 0x07, 0xE0,
  0x18, 0x07, 0x00, 0x00, 0x07, 0x00, 0x00, 0x07, 0x00, 0x00, 0x07, 0x00,
  0x00, 0x07, 0x00, 0x00, 0x07, 0x00, 0x00, 0x07, 0x00, 0x00, 0x07, 0x00,
  0x00, 0x07, 0x00, 0x00, 0x07, 0x00, 0x00, 0x07, 0xFF, 0xFF, 0x1F, 0xFF,
  0xF8, 0x00, 0x07, 0x00, 0x00, 0x70, 0x00, 0x0E, 0x00, 0x01, 0xC0, 0x00,
  0x38, 0x00, 0x07, 0x00, 0x01, 0xC0, 0x00, 0xF8, 0x0F, 0xFC, 0x01, 0xFF,
  0xC0, 0x00, 0x3C, 0x00, 0x01, 0x80, 0x00, 0x38, 0x00, 0x07, 0x00, 0x00,
  0xE0, 0x00, 0x1C, 0x00, 0x03, 0x80, 0x01, 0xE0, 0x3F, 0xF8, 0x07, 0xFC,
  0x00, 0xFF, 0xFF, 0x1F, 0xFF, 0xF8, 0x00, 0x07, 0x00, 0x00, 0x70, 0x00,
  0x0E, 0x00, 0x01, 0xC0, 0xC0, 0x38, 0x18, 0x07, 0x03, 0x01, 0xC0, 0x60,
  0xF8, 0x0F, 0xFC, 0x01, 0xFF, 0xC0, 0x30, 0x3C, 0x06, 0x01, 0x80, 0xC0,
  0x38, 0x18, 0x07, 0x00, 0x00, 0xE0, 0x00, 0x1C, 0x00, 0x03, 0x80, 0x01,
  0xE0, 0x3F, 0xF8, 0x07, 0xFC, 0x00, 0xFF, 0xFF, 0x1F, 0xFF, 0xF8, 0x00,
  0x07, 0x00, 0x00, 0x70, 0x00, 0x0E, 0x00, 0x01, 0xC0, 0x00, 0x38, 0x00,
  0x07, 0x07, 0x81, 0xC1, 0xF0, 0xF8, 0x3F, 0xFC, 0x07, 0xFF, 0xC0, 0xF8,
  0x3C, 0x06, 0x01, 0x80, 0x00, 0x38, 0x00, 0x07, 0x00, 0x00, 0xE0, 0x00,
  0x1C, 0x00, 0x03, 0x80, 0x01, 0xE0, 0x3F, 0xF8, 0x07, 0xFC, 0x00, 0x1F,
  0xF8, 0x0F, 0xFF, 0x01, 0xC0, 0x00, 0x70, 0x00, 0x0E, 0x00, 0x01, 0xC0,
  0x00, 0x38, 0x00, 0x07, 0x00, 0x00, 0x70, 0x00, 0x0F, 0x80, 0x00, 0x7F,
  0xE0, 0x1F, 0xFC, 0x07, 0x80, 0x00, 0xC0, 0x00, 0x38, 0x00, 0x07, 0x00,
  0x00, 0xE0, 0x00, 0x1C, 0x00, 0x03, 0x80, 0x00, 0x3C, 0x00, 0x03, 0xFF,
  0xFE, 0x1F, 0xFF, 0xC0, 0x00, 0x0F, 0x80, 0xE0, 0x7F, 0xF0, 0xE0, 0xFD,
  0xF8, 0xE1, 0xE0, 0x3C, 0xE1, 0xC0, 0x1C, 0xE1, 0x80, 0x0E, 0xE3, 0x80,
  0x0E, 0xE3, 0x80, 0x06, 0xE3, 0x80, 0x06, 0xE1, 0x80, 0x07, 0xE1, 0xC0,
  0x07, 0xE0, 0xE1, 0x87, 0xE0, 0xFF, 0x87, 0xE0, 0x3F, 0x06, 0xE0, 0x00,
  0x06, 0xE0, 0x00, 0x06, 0x60, 0x00, 0x0E, 0x70, 0x00, 0x0C, 0x38, 0x00,
  0x1C, 0x3C, 0x00, 0x38, 0x1E, 0x00, 0xF0, 0x0F, 0xFF, 0xE0, 0x03, 0xFF,
  0x80, 0x00, 0x7E, 0x00, 0x03, 0xFF, 0xC0, 0x0F, 0xFF, 0xF0, 0x1E, 0x00,
  0x78, 0x38, 0x00, 0x1C, 0x38, 0x00, 0x1C, 0x70, 0x00, 0x0E, 0x60, 0x00,
  0x0E, 0xE0, 0x00, 0x06, 0xE0, 0x00, 0x06, 0xE1, 0xFE, 0x07, 0xE1, 0xFF,
  0x07, 0xE1, 0x07, 0x07, 0xE0, 0x03, 0x87, 0xE0, 0x01, 0x87, 0xE0, 0x01,
  0x87, 0x60, 0x01, 0x87, 0x70, 0x01, 0x87, 0x70, 0x03, 0x87, 0x38, 0x03,
  0x87, 0x3C, 0x07, 0x07, 0x1F, 0xFE, 0x07, 0x07, 0xFC, 0x07, 0x7F, 0xFF,
  0x01, 0xFF, 0xFF, 0x00, 0x00, 0x1E, 0x00, 0x00, 0x1C, 0x00, 0x00, 0x38,
  0x00, 0x00, 0xE0, 0x00, 0x01, 0x81, 0xF8, 0x07, 0x1F, 0xF8, 0x1C, 0xF8,
  0xF0, 0x77, 0x80, 0xC1, 0xDC, 0x00, 0x07, 0x60, 0x00, 0x1D, 0x80, 0x00,
  0x76, 0x00, 0x01, 0x98, 0x00, 0x0E, 0x60, 0x00, 0x39, 0xC0, 0x01, 0xC7,
  0x80, 0x0F, 0x0F, 0x00, 0xF8, 0x1F, 0xFF, 0x80, 0x1F, 0xFC, 0x00, 0x7F,
  0xFF, 0x01, 0xFF, 0xFF, 0x00, 0x00, 0x1E, 0x00, 0x00, 0x1C, 0x00, 0x00,
  0x38, 0x00, 0x00, 0xE0, 0x01, 0xC1, 0x80, 0x07, 0x07, 0x0F, 0xFC, 0x1C,
  0xFF, 0xF0, 0x77, 0x83, 0xC1, 0xDC, 0x07, 0x07, 0x60, 0x1C, 0x1D, 0x80,
  0x70, 0x76, 0x01, 0xC1, 0x98, 0x07, 0x0E, 0x60, 0x00, 0x39, 0xC0, 0x01,
  0xC7, 0x80, 0x0F, 0x0F, 0x00, 0xF8, 0x1F, 0xFF, 0x80, 0x1F, 0xFC, 0x00,
  0x7F, 0xFF, 0x01, 0xFF, 0xFF, 0x00, 0x00, 0x1E, 0x00, 0x00, 0x1C, 0x00,
  0x00, 0x38, 0x00, 0x00, 0xE0, 0x00, 0x01, 0x80, 0x00, 0x07, 0x1F, 0xF8,
  0x1C, 0xFF, 0xF0, 0x77, 0x87, 0xE1, 0xDC, 0x1F, 0x07, 0x60, 0x7C, 0x1D,
  0x80, 0xE0, 0x76, 0x00, 0x01, 0xD8, 0x00, 0x0E, 0x60, 0x00, 0x39, 0xC0,
  0x01, 0xC7, 0x80, 0x0F, 0x0F, 0x00, 0xF8, 0x1F, 0xFF, 0x80, 0x1F, 0xFC,
  0x00, 0x00, 0x7E, 0x00, 0x0F, 0xFF, 0x00, 0xFF, 0xFE, 0x07, 0x80, 0x3C,
  0x38, 0x00, 0x38, 0xE0, 0x00, 0xE7, 0x00, 0x01, 0x98, 0x00, 0x06, 0xE0,
  0x00, 0x1F, 0x80, 0x00, 0x6E, 0x00, 0x01, 0xB8, 0x20, 0x0E, 0xE0, 0xE0,
  0x73, 0x83, 0xFF, 0x8E, 0x07, 0xFC, 0x38, 0x01, 0x00, 0x60, 0x00, 0x01,
  0xC0, 0x00, 0x03, 0x80, 0x00, 0x0F, 0x00, 0x00, 0x1F, 0x00, 0x00, 0x3F,
  0xFF, 0xE0, 0x1F, 0xFF, 0x80, 0xFF, 0xFF, 0xFB, 0xFF, 0xFF, 0xE0, 0x1F,
  0x80, 0x01, 0xF0, 0x00, 0x0E, 0x00, 0x00, 0x70, 0x00, 0x03, 0x80, 0x00,
  0x1C, 0x01, 0x80, 0x60, 0x7F, 0xE3, 0x81, 0xFF, 0xCE, 0x04, 0x07, 0xB8,
  0x00, 0x0E, 0xE0, 0x00, 0x1B, 0x80, 0x00, 0x7E, 0x00, 0x01, 0xF8, 0x00,
  0x07, 0x60, 0x00, 0x19, 0xC0, 0x00, 0xE3, 0x80, 0x07, 0x07, 0x80, 0x7C,
  0x0F, 0xFF, 0xC0, 0x0F, 0xFC, 0x00, 0xFF, 0xFF, 0xFD, 0xFF, 0xFF, 0xF0,
  0x07, 0xE0, 0x00, 0x03, 0xE0, 0x00, 0x03, 0xC0, 0x00, 0x03, 0x80, 0x00,
  0x07, 0x00, 0xE0, 0x0E, 0x1F, 0xF8, 0x38, 0xFF, 0xE0, 0x67, 0x00, 0x81,
  0xD8, 0x00, 0x07, 0xE0, 0x00, 0x1F, 0x80, 0x00, 0x7E, 0x00, 0x01, 0xB8,
  0x00, 0x06, 0xE0, 0x00, 0x39, 0xC0, 0x00, 0xE7, 0x80, 0x07, 0x0F, 0x80,
  0x78, 0x1F, 0xFF, 0xC0, 0x1F, 0xFC, 0x00, 0x00, 0xFC, 0x00, 0x1F, 0xFE,
  0x01, 0xFF, 0xFC, 0x0F, 0x00, 0x38, 0x70, 0x00, 0x71, 0x80, 0x00, 0xEE,
  0x00, 0x03, 0xB8, 0x00, 0x06, 0xE0, 0x00, 0x1F, 0x80, 0x00, 0x7E, 0x00,
  0x01, 0xDC, 0x00, 0x07, 0x78, 0x18, 0x18, 0xFF, 0xE0, 0x60, 0xFF, 0x03,
  0x80, 0x00, 0x0C, 0x00, 0x00, 0x70, 0x00, 0x07, 0x80, 0x00, 0x3C, 0x00,
  0x07, 0xC0, 0x01, 0xFC, 0x03, 0xFF, 0xFF, 0xFF, 0xFF, 0xFF, 0xC0, 0x00,
  0x1F, 0x80, 0x70, 0x7F, 0xF0, 0x38, 0xFE, 0x7E, 0x1C, 0xF0, 0x07, 0x8E,
  0x60, 0x00, 0xE7, 0x60, 0x00, 0x73, 0xF0, 0x00, 0x1D, 0xF0, 0x00, 0x0E,
  0xF8, 0x00, 0x03, 0x78, 0x00, 0x01, 0xFC, 0x07, 0xC0, 0xFE, 0x0F, 0xF0,
  0x7E, 0x0F, 0x10, 0x3F, 0x07, 0x00, 0x1F, 0x87, 0x00, 0x0D, 0xC3, 0x80,
  0x06, 0xE1, 0xC0, 0x07, 0x70, 0xE0, 0x03, 0xB8, 0x70, 0x03, 0x9C, 0x1C,
  0x01, 0xCE, 0x0F, 0x03, 0xC7, 0x03, 0xFF, 0xC3, 0x80, 0x7F, 0x80, 0x00,
  0x1F, 0x80, 0x70, 0x7F, 0xF0, 0x38, 0xFE, 0x7E, 0x1C, 0xF0, 0x07, 0x8E,
  0x60, 0x00, 0xE7, 0x60, 0x00, 0x73, 0xF0, 0x00, 0x1D, 0xF0, 0x03, 0x0E,
  0xF8, 0x01, 0x83, 0x78, 0x00, 0xC1, 0xFC, 0x07, 0xE0, 0xFE, 0x0F, 0xF0,
  0x7E, 0x0F, 0xF8, 0x3F, 0x0E, 0x0C, 0x1F, 0x87, 0x06, 0x0D, 0xC3, 0x03,
  0x06, 0xE1, 0x81, 0x87, 0x70, 0xC0, 0x03, 0xB8, 0x70, 0x03, 0x9C, 0x38,
  0x01, 0xCE, 0x0F, 0x03, 0xC7, 0x03, 0xFF, 0xC3, 0x80, 0xFF, 0x80, 0x00,
  0x1F, 0x80, 0x70, 0x7F, 0xF0, 0x38, 0xFE, 0x7E, 0x1C, 0xF0, 0x07, 0x8E,
  0x60, 0x00, 0xE7, 0x60, 0x00, 0x73, 0xF0, 0x00, 0x1D, 0xF0, 0x00, 0x0E,
  0xF8, 0x00, 0x03, 0x78, 0x03, 0xC1, 0xFC, 0x07, 0xF0, 0xFE, 0x0F, 0xF8,
  0x7E, 0x0F, 0xFC, 0x3F, 0x0E, 0x3C, 0x1F, 0x87, 0x0C, 0x0D, 0xC3, 0x00,
  0x06, 0xE1, 0x80, 0x07, 0x70, 0xC0, 0x03, 0xB8, 0x70, 0x03, 0x9C, 0x38,
  0x01, 0xCE, 0x0F, 0x03, 0xC7, 0x03, 0xFF, 0xC3, 0x80, 0xFF, 0x80, 0x00,
  0x07, 0xC0, 0x70, 0x1F, 0xF8, 0x38, 0x1F, 0xBE, 0x1C, 0x1C, 0x03, 0x8E,
  0x0C, 0x00, 0xE7, 0x0E, 0x00, 0x33, 0x87, 0x00, 0x1D, 0xC3, 0x80, 0x06,
  0xE1, 0xC0, 0x03, 0x70, 0x60, 0x01, 0xB8, 0x38, 0x00, 0xFE, 0x0F, 0xF0,
  0x7F, 0x03, 0xF8, 0x3F, 0x80, 0x70, 0x1F, 0xC0, 0x00, 0x0D, 0xF0, 0x00,
  0x06, 0xF8, 0x00, 0x07, 0x76, 0x00, 0x03, 0xBB, 0x80, 0x03, 0x9C, 0xE0,
  0x03, 0x8E, 0x3C, 0x03, 0xC7, 0x0F, 0xFF, 0xC3, 0x81, 0xFF, 0x80, 0x01,
  0xF0, 0x00, 0x03, 0xFF, 0x01, 0xC7, 0xFF, 0xC0, 0xE7, 0x80, 0xF0, 0x73,
  0x80, 0x38, 0x3B, 0x80, 0x0C, 0x1D, 0xC0, 0x06, 0x0E, 0xC0, 0x03, 0x07,
  0xE0, 0x01, 0x83, 0xF0, 0x00, 0xC1, 0xF8, 0x00, 0xE1, 0xFC, 0x1F, 0xE0,
  0xFE, 0x0F, 0xE0, 0x7F, 0x03, 0xC0, 0x3F, 0x80, 0x00, 0x3F, 0xC0, 0x00,
  0x1F, 0x60, 0x00, 0x1F, 0xB8, 0x00, 0x0D, 0xCE, 0x00, 0x0E, 0xE7, 0x80,
  0x0E, 0x71, 0xE0, 0x1E, 0x38, 0x7F, 0xFE, 0x1C, 0x0F, 0xFC, 0x0E, 0x40,
  0x00, 0x00, 0x30, 0x01, 0xFF, 0xFE, 0x0F, 0xFF, 0xE7, 0x9F, 0xE0, 0x00,
  0xFE, 0x00, 0x00, 0x3C, 0x00, 0x00, 0x3C, 0x00, 0x00, 0x1C, 0x00, 0x00,
  0x1C, 0x01, 0xF8, 0x0C, 0x03, 0xFF, 0x0E, 0x01, 0xC3, 0xC7, 0x01, 0xC0,
  0xE3, 0x80, 0xC0, 0x39, 0xC0, 0x60, 0x1C, 0xE0, 0x30, 0x0E, 0x70, 0x1C,
  0x07, 0x38, 0x04, 0x03, 0x8E, 0x00, 0x01, 0x87, 0x00, 0x01, 0xC1, 0xC0,
  0x01, 0xC0, 0x78, 0x03, 0xC0, 0x1F, 0xFF, 0xC0, 0x03, 0xFF, 0x80, 0x00,
  0xFC, 0x00, 0x0F, 0xFF, 0x80, 0x1F, 0xFF, 0xE0, 0x3C, 0x00, 0xF0, 0x70,
  0x00, 0x38, 0xE0, 0x00, 0x38, 0xE0, 0x00, 0x1C, 0xC0, 0x70, 0x1C, 0xC0,
  0x30, 0x0C, 0xC0, 0x30, 0x0C, 0xC0, 0x38, 0x0C, 0xE0, 0x30, 0x0C, 0xE0,
  0x70, 0x1C, 0x7D, 0xF0, 0x1C, 0x3F, 0xE0, 0x18, 0x0F, 0x00, 0x38, 0x00,
  0x00, 0x70, 0x00, 0x00, 0xF0, 0x00, 0x03, 0xF0, 0x00, 0x0F, 0xF8, 0x03,
  0xFE, 0x1E, 0xFF, 0xF8, 0x0F, 0xFE, 0x00, 0x06, 0x40, 0x0F, 0xC0, 0x38,
  0x1F, 0xFE, 0x0F, 0x1F, 0xCF, 0xC1, 0xCF, 0x00, 0x78, 0x3F, 0x00, 0x07,
  0x07, 0x80, 0x00, 0xC1, 0xC0, 0x00, 0x38, 0x70, 0x00, 0x06, 0x38, 0x00,
  0x01, 0x8E, 0x00, 0x00, 0x73, 0x00, 0xF8, 0x1D, 0xC0, 0xFF, 0x07, 0x70,
  0x78, 0x81, 0xD8, 0x1C, 0x00, 0x76, 0x0E, 0x00, 0x19, 0x83, 0x80, 0x06,
  0x60, 0xE0, 0x03, 0xB8, 0x38, 0x00, 0xEE, 0x0E, 0x00, 0x33, 0x81, 0xC0,
  0x1C, 0xE0, 0x78, 0x1E, 0x38, 0x0F, 0xFF, 0x0E, 0x00, 0xFF, 0x80, 0x40,
  0x0F, 0xC0, 0x38, 0x1F, 0xFC, 0x0F, 0x1F, 0xCF, 0xC1, 0xCF, 0x00, 0x78,
  0x3F, 0x00, 0x07, 0x07, 0x80, 0x01, 0xC1, 0xC0, 0x00, 0x38, 0x70, 0x03,
  0x0E, 0x38, 0x00, 0xC1, 0x8E, 0x00, 0x30, 0x63, 0x00, 0xFC, 0x1D, 0xC0,
  0xFF, 0x07, 0x70, 0x79, 0xC1, 0xD8, 0x38, 0x30, 0x76, 0x0E, 0x0C, 0x19,
  0x83, 0x03, 0x06, 0x60, 0xC0, 0xC3, 0xB8, 0x30, 0x00, 0xEE, 0x0E, 0x00,
  0x73, 0x83, 0x80, 0x1C, 0xE0, 0x78, 0x1E, 0x38, 0x0F, 0xFF, 0x0E, 0x01,
  0xFF, 0x00, 0x40, 0x0F, 0xC0, 0x38, 0x1F, 0xFC, 0x0F, 0x1F, 0xCF, 0xC1,
  0xCF, 0x00, 0x78, 0x3F, 0x00, 0x07, 0x07, 0x80, 0x01, 0xC1, 0xC0, 0x00,
  0x38, 0x70, 0x00, 0x0E, 0x38, 0x00, 0x01, 0x8E, 0x01, 0xE0, 0x63, 0x00,
  0xFC, 0x1D, 0xC0, 0xFF, 0x07, 0x70, 0x7F, 0xC1, 0xD8, 0x39, 0xF0, 0x76,
  0x0E, 0x30, 0x19, 0x83, 0x00, 0x06, 0x60, 0xC0, 0x03, 0xB8, 0x30, 0x00,
  0xEE, 0x0E, 0x00, 0x73, 0x83, 0x80, 0x1C, 0xE0, 0x78, 0x1E, 0x38, 0x0F,
  0xFF, 0x0E, 0x01, 0xFF, 0x00, 0x01, 0xF0, 0x00, 0x01, 0xFF, 0x80, 0x71,
  0xFF, 0xF0, 0x1C, 0xF0, 0x1E, 0x07, 0x38, 0x03, 0x81, 0x9C, 0x00, 0x60,
  0x67, 0x00, 0x1C, 0x19, 0x80, 0x07, 0x06, 0xE0, 0x01, 0xC1, 0xB8, 0x00,
  0x60, 0xEE, 0x00, 0x38, 0x3B, 0x83, 0xFC, 0x0C, 0xE0, 0xFE, 0x03, 0x38,
  0x0E, 0x01, 0xCE, 0x00, 0x00, 0x73, 0x80, 0x00, 0x18, 0x60, 0x00, 0x0E,
  0x1C, 0x00, 0x07, 0x03, 0x80, 0x03, 0xE0, 0xF0, 0x01, 0xFC, 0x1E, 0x01,
  0xF3, 0x83, 0xFF, 0xF0, 0x70, 0x3F, 0xF0, 0x1C, 0x00, 0x00, 0x02, 0xFF,
  0xE0, 0x1F, 0xFF, 0x00, 0xC3, 0xC0, 0x06, 0x38, 0x00, 0x33, 0x80, 0x01,
  0xB8, 0x00, 0x0D, 0xC0, 0x00, 0x6C, 0x00, 0x03, 0xE0, 0x00, 0x1F, 0x00,
  0x00, 0xF8, 0x00, 0x07, 0xC0, 0x00, 0x3E, 0x00, 0x01, 0xF0, 0x00, 0x0F,
  0x80, 0x00, 0xEC, 0x00, 0x07, 0x70, 0x00, 0x3B, 0x80, 0x03, 0x8E, 0x00,
  0x1C, 0x3C, 0x03, 0xC0, 0xFF, 0xFC, 0x01, 0xFF, 0x80, 0x01, 0xF8, 0x00,
  0x7F, 0xF8, 0x07, 0xF7, 0xF0, 0x78, 0x03, 0xC7, 0x00, 0x0E, 0x38, 0x00,
  0x39, 0x80, 0x00, 0xDC, 0x00, 0x07, 0xE0, 0x00, 0x3F, 0x00, 0x00, 0xF8,
  0x00, 0x07, 0xC0, 0x00, 0x3E, 0x00, 0x01, 0xF0, 0x00, 0x1F, 0x80, 0x00,
  0xFC, 0x00, 0x06, 0xE0, 0x00, 0x37, 0x00, 0x03, 0xB8, 0x00, 0x39, 0xC0,
  0x07, 0x8E, 0x00, 0xF8, 0x70, 0x1F, 0xFF, 0x80, 0xFF, 0xE0, 0x00, 0x7C,
  0x03, 0x0F, 0xFE, 0x0C, 0x7F, 0xFE, 0x33, 0x80, 0x3C, 0xDC, 0x00, 0x73,
  0xE0, 0x00, 0xEF, 0x00, 0x01, 0xB8, 0x00, 0x07, 0xE0, 0x00, 0x1F, 0x80,
  0x00, 0x7C, 0x00, 0x01, 0xF0, 0x00, 0x07, 0x00, 0x00, 0x1C, 0x00, 0x00,
  0x70, 0x00, 0x01, 0xC0, 0x00, 0x07, 0x00, 0x00, 0x18, 0x00, 0x00, 0xE0,
  0x00, 0x07, 0x80, 0x00, 0x3C, 0x00, 0x07, 0xE3, 0xFF, 0xFE, 0x0F, 0xFF,
  0xC0, 0x00, 0x00, 0x7C, 0x03, 0x0F, 0xFE, 0x0C, 0x7F, 0xFE, 0x33, 0x80,
  0x3C, 0xDC, 0x00, 0x73, 0xE0, 0x00, 0xEF, 0x00, 0x01, 0xB8, 0x00, 0x07,
  0xE0, 0x30, 0x1F, 0x80, 0xC0, 0x7C, 0x03, 0x01, 0xF0, 0x0C, 0x07, 0x00,
  0x30, 0x1C, 0x00, 0xC0, 0x70, 0x03, 0x01, 0xC0, 0x0C, 0x07, 0x00, 0x00,
  0x18, 0x00, 0x00, 0xE0, 0x00, 0x07, 0x80, 0x00, 0x3C, 0x00, 0x07, 0xE3,
  0xFF, 0xFE, 0x0F, 0xFF, 0xC0, 0x00, 0x00, 0x7C, 0x03, 0x0F, 0xFE, 0x0C,
  0x7F, 0xFE, 0x33, 0x80, 0x3C, 0xDC, 0x00, 0x73, 0xE0, 0x00, 0xEF, 0x00,
  0x01, 0xB8, 0x00, 0x07, 0xE0, 0x00, 0x1F, 0x80, 0x00, 0x7C, 0x03, 0x01,
  0xF0, 0x1E, 0x07, 0x00, 0x78, 0x1C, 0x00, 0x40, 0x70, 0x00, 0x01, 0xC0,
  0x00, 0x07, 0x00, 0x00, 0x18, 0x00, 0x00, 0xE0, 0x00, 0x07, 0x80, 0x00,
  0x3C, 0x00, 0x07, 0xE3, 0xFF, 0xFE, 0x0F, 0xFF, 0xC0, 0x00, 0x00, 0xFC,
  0x00, 0x1F, 0xFC, 0x31, 0xFF, 0xFC, 0xCF, 0x00, 0x7B, 0x38, 0x00, 0x6D,
  0xC0, 0x00, 0xF7, 0x00, 0x03, 0xD8, 0x00, 0x07, 0xE0, 0x00, 0x1F, 0x80,
  0x00, 0x7E, 0x00, 0x00, 0xF8, 0x00, 0x03, 0xE0, 0x00, 0x03, 0x80, 0x00,
  0x0E, 0x00, 0x00, 0x38, 0x00, 0x00, 0x70, 0x00, 0x01, 0xC0, 0x00, 0x03,
  0x80, 0x00, 0x0F, 0x00, 0x00, 0x1F, 0xC0, 0x00, 0x1F, 0xFF, 0xF0, 0x0F,
  0xFF, 0xC0, 0x00, 0x00, 0x0E, 0x00, 0x00, 0x1F, 0x80, 0xFF, 0xFF, 0x01,
  0xFF, 0xFE, 0x00, 0x78, 0xFC, 0x00, 0x39, 0xF8, 0x00, 0x38, 0x70, 0x00,
  0x38, 0xE0, 0x00, 0x31, 0xC0, 0x00, 0x73, 0x80, 0x00, 0xE7, 0x00, 0x00,
  0xCE, 0x00, 0x01, 0x9C, 0x00, 0x03, 0x38, 0x00, 0x06, 0x70, 0x00, 0x0C,
  0xE0, 0x00, 0x39, 0xC0, 0x00, 0x71, 0x80, 0x00, 0xC3, 0x80, 0x03, 0x83,
  0x80, 0x0E, 0x07, 0x80, 0x78, 0x07, 0xFF, 0xE0, 0x03, 0xFF, 0x00, 0x01,
  0xF8, 0x00, 0x1F, 0xFE, 0x00, 0x7F, 0x7F, 0x01, 0xE0, 0x0F, 0x07, 0x00,
  0x0E, 0x0E, 0x00, 0x0E, 0x18, 0x00, 0x0C, 0x70, 0x00, 0x1C, 0xE0, 0x00,
  0x39, 0xC0, 0x00, 0x33, 0x80, 0x00, 0x67, 0x00, 0x00, 0xCE, 0x00, 0x01,
  0x9C, 0x00, 0x07, 0x38, 0x00, 0x0E, 0x70, 0x00, 0x18, 0xE0, 0x00, 0x31,
  0xC0, 0x00, 0xE3, 0x80, 0x03, 0x87, 0x00, 0x1E, 0x7E, 0x00, 0xF0, 0xFC,
  0x07, 0xFF, 0xF8, 0x0F, 0xFF, 0x80, 0x00, 0x07, 0x00, 0x00, 0x0E, 0xF8,
  0x1F, 0x00, 0xF8, 0xFF, 0xE0, 0x31, 0xFF, 0xF8, 0x33, 0x80, 0x3C, 0x36,
  0x00, 0x1C, 0x3C, 0x00, 0x0E, 0x3C, 0x00, 0x0E, 0x38, 0x00, 0x06, 0x38,
  0x00, 0x07, 0x38, 0x00, 0x07, 0x30, 0x00, 0x07, 0x30, 0x00, 0x07, 0x30,
  0x00, 0x07, 0x00, 0x00, 0x07, 0x00, 0x00, 0x07, 0x00, 0x00, 0x06, 0x00,
  0x00, 0x0E, 0x00, 0x00, 0x0E, 0x00, 0x00, 0x1C, 0x00, 0x00, 0x3C, 0x00,
  0x01, 0xF8, 0xFF, 0xFF, 0xE0, 0xFF, 0xFF, 0x80, 0xF8, 0x1F, 0x00, 0xF8,
  0xFF, 0xE0, 0x31, 0xFF, 0xF8, 0x33, 0x80, 0x3C, 0x36, 0x00, 0x1C, 0x3C,
  0x00, 0x0E, 0x3C, 0x00, 0x0E, 0x38, 0x00, 0x06, 0x38, 0x0C, 0x07, 0x38,
  0x0C, 0x07, 0x30, 0x0C, 0x07, 0x30, 0x0C, 0x07, 0x30, 0x0C, 0x07, 0x00,
  0x0C, 0x07, 0x00, 0x0C, 0x07, 0x00, 0x00, 0x06, 0x00, 0x00, 0x0E, 0x00,
  0x00, 0x0E, 0x00, 0x00, 0x1C, 0x00, 0x00, 0x3C, 0x00, 0x01, 0xF8, 0xFF,
  0xFF, 0xE0, 0xFF, 0xFF, 0x80, 0xF8, 0x1F, 0x00, 0xF8, 0xFF, 0xE0, 0x31,
  0xFF, 0xF8, 0x33, 0x80, 0x3C, 0x36, 0x00, 0x1C, 0x3C, 0x00, 0x0E, 0x3C,
  0x00, 0x0E, 0x38, 0x00, 0x06, 0x38, 0x00, 0x07, 0x38, 0x00, 0x07, 0x30,
  0x1C, 0x07, 0x30, 0x1E, 0x07, 0x30, 0x1C, 0x07, 0x00, 0x08, 0x07, 0x00,
  0x00, 0x07, 0x00, 0x00, 0x06, 0x00, 0x00, 0x0E, 0x00, 0x00, 0x0E, 0x00,
  0x00, 0x1C, 0x00, 0x00, 0x3C, 0x00, 0x01, 0xF8, 0xFF, 0xFF, 0xE0, 0xFF,
  0xFF, 0x80, 0x00, 0xF8, 0x1F, 0x07, 0xFF, 0x1F, 0x1F, 0xFF, 0x8C, 0x3C,
  0x01, 0xCC, 0x38, 0x00, 0x6C, 0x70, 0x00, 0x7C, 0x70, 0x00, 0x3C, 0x60,
  0x00, 0x1C, 0xE0, 0x00, 0x1C, 0xE0, 0x00, 0x1C, 0xE0, 0x00, 0x0C, 0xE0,
  0x00, 0x0C, 0xE0, 0x00, 0x0C, 0xE0, 0x00, 0x00, 0xE0, 0x00, 0x00, 0xE0,
  0x00, 0x00, 0x70, 0x00, 0x00, 0x70, 0x00, 0x00, 0x38, 0x00, 0x00, 0x3C,
  0x00, 0x00, 0x1F, 0xC0, 0x00, 0x07, 0xFF, 0xFF, 0x00, 0xFF, 0xFF, 0xFF,
  0x81, 0xFF, 0xFF, 0x81, 0xFF, 0x0F, 0x00, 0x70, 0x1C, 0x00, 0x38, 0x38,
  0x00, 0x1C, 0x30, 0x00, 0x0C, 0x70, 0x00, 0x0E, 0x60, 0x00, 0x06, 0x60,
  0x00, 0x06, 0xE0, 0x00, 0x07, 0xE0, 0x00, 0x07, 0xE0, 0x00, 0x07, 0xE0,
  0x00, 0x07, 0xE0, 0x00, 0x07, 0x60, 0x00, 0x06, 0x70, 0x00, 0x0E, 0x70,
  0x00, 0x0E, 0x38, 0x00, 0x1C, 0x1C, 0x00, 0x38, 0x1F, 0x00, 0xF8, 0x07,
  0xFF, 0xE0, 0x01, 0xFF, 0x80, 0x00, 0x7E, 0x00, 0x03, 0xFF, 0xC0, 0x0F,
  0xEF, 0xF0, 0x1E, 0x00, 0x78, 0x3C, 0x00, 0x3C, 0x38, 0x00, 0x1C, 0x70,
  0x00, 0x0E, 0x60, 0x00, 0x06, 0x60, 0x00, 0x06, 0xE0, 0x00, 0x07, 0xE0,
  0x00, 0x07, 0xE0, 0x00, 0x07, 0xE0, 0x00, 0x07, 0xE0, 0x00, 0x07, 0x60,
  0x00, 0x06, 0x60, 0x00, 0x06, 0x70, 0x00, 0x0E, 0x38, 0x00, 0x1C, 0x38,
  0x00, 0x1C, 0x1E, 0x00, 0x38, 0x0F, 0x00, 0xF0, 0xFF, 0x81, 0xFF, 0xFF,
  0x81, 0xFF, 0x00, 0x7C, 0x03, 0x0F, 0xFE, 0x0C, 0xFF, 0xFE, 0x37, 0x80,
  0x38, 0xD8, 0x00, 0x73, 0xC0, 0x00, 0xEF, 0x00, 0x03, 0xB8, 0x00, 0x06,
  0xC0, 0x00, 0x1C, 0x00, 0x00, 0x70, 0x00, 0x01, 0xC0, 0x00, 0x07, 0x00,
  0x00, 0x1C, 0x00, 0x00, 0x7C, 0x00, 0x01, 0xF8, 0x00, 0x07, 0xE0, 0x00,
  0x1B, 0xC0, 0x00, 0xEF, 0x80, 0x03, 0xB7, 0x00, 0x1C, 0xCF, 0x01, 0xE3,
  0x1F, 0xFF, 0x0C, 0x1F, 0xF0, 0x00, 0x00, 0x7C, 0x03, 0x0F, 0xFE, 0x0C,
  0xFF, 0xFE, 0x37, 0x80, 0x38, 0xD8, 0x00, 0x73, 0xC0, 0x00, 0xEF, 0x00,
  0x03, 0xB8, 0x00, 0x06, 0xC0, 0x30, 0x1C, 0x00, 0xC0, 0x70, 0x03, 0x01,
  0xC0, 0x0C, 0x07, 0x00, 0x30, 0x1C, 0x00, 0xC0, 0x7C, 0x03, 0x01, 0xF8,
  0x0C, 0x07, 0xE0, 0x00, 0x1B, 0xC0, 0x00, 0xEF, 0x80, 0x03, 0xB7, 0x00,
  0x1C, 0xCF, 0x01, 0xE3, 0x1F, 0xFF, 0x0C, 0x1F, 0xF0, 0x00, 0x00, 0x7C,
  0x03, 0x0F, 0xFE, 0x0C, 0xFF, 0xFE, 0x37, 0x80, 0x38, 0xD8, 0x00, 0x73,
  0xC0, 0x00, 0xEF, 0x00, 0x03, 0xB8, 0x00, 0x06, 0xC0, 0x00, 0x1C, 0x00,
  0x00, 0x70, 0x03, 0x01, 0xC0, 0x1E, 0x07, 0x00, 0x78, 0x1C, 0x00, 0x80,
  0x7C, 0x00, 0x01, 0xF8, 0x00, 0x07, 0xE0, 0x00, 0x1B, 0xC0, 0x00, 0xEF,
  0x80, 0x03, 0xB7, 0x00, 0x1C, 0xCF, 0x01, 0xE3, 0x1F, 0xFF, 0x0C, 0x1F,
  0xF0, 0x00, 0x00, 0xFC, 0x00, 0x1F, 0xFC, 0x30, 0xFF, 0xFC, 0xC7, 0x80,
  0x7B, 0x38, 0x00, 0x7D, 0xC0, 0x00, 0xF7, 0x00, 0x03, 0xD8, 0x00, 0x07,
  0xE0, 0x00, 0x0F, 0x80, 0x00, 0x0E, 0x00, 0x00, 0x38, 0x00, 0x00, 0xE0,
  0x00, 0x03, 0x80, 0x00, 0x0E, 0x00, 0x00, 0xD8, 0x00, 0x07, 0x60, 0x00,
  0x1D, 0xC0, 0x00, 0xF3, 0x80, 0x07, 0xCE, 0x00, 0x3B, 0x1E, 0x03, 0xCC,
  0x3F, 0xFE, 0x30, 0x3F, 0xF0, 0xC0, 0x00, 0x00, 0x01, 0xC0, 0x00, 0x00,
  0x7F, 0xF8, 0x1F, 0xFF, 0xFE, 0x07, 0xFF, 0x0E, 0x00, 0x71, 0xC7, 0x00,
  0x0E, 0x73, 0x80, 0x01, 0xC0, 0xC0, 0x00, 0x30, 0x70, 0x00, 0x0E, 0x18,
  0x00, 0x01, 0x86, 0x00, 0x00, 0x63, 0x80, 0x00, 0x1C, 0xE0, 0x00, 0x07,
  0x38, 0x00, 0x01, 0xCE, 0x00, 0x00, 0x73, 0x80, 0x00, 0x1C, 0x60, 0x00,
  0x06, 0x1C, 0x00, 0x03, 0x87, 0x00, 0x00, 0xE0, 0xE0, 0x00, 0x70, 0x1C,
  0x00, 0x38, 0x07, 0xC0, 0x3E, 0x00, 0x7F, 0xFE, 0x00, 0x07, 0xFE, 0x00,
  0x00, 0x1F, 0x80, 0x00, 0x3F, 0xFC, 0x00, 0x3F, 0xFF, 0x80, 0x1E, 0x00,
  0x78, 0x0E, 0x00, 0x0E, 0x07, 0x00, 0x01, 0xC1, 0xC0, 0x00, 0x38, 0x60,
  0x00, 0x0E, 0x38, 0x00, 0x01, 0x8E, 0x00, 0x00, 0x63, 0x80, 0x00, 0x18,
  0xC0, 0x00, 0x06, 0x38, 0x00, 0x01, 0x8E, 0x00, 0x00, 0x63, 0x80, 0x00,
  0x18, 0x60, 0x00, 0x0E, 0x1C, 0x00, 0x03, 0x07, 0x00, 0x01, 0xC0, 0xE0,
  0x00, 0xE3, 0x1C, 0x00, 0x70, 0xC3, 0xC0, 0x38, 0x3F, 0xF8, 0x3F, 0xFF,
  0xFE, 0x0F, 0xFF, 0x00, 0x00, 0x00, 0xC0, 0x00, 0x00, 0x00, 0xF8, 0x3F,
  0x01, 0xF1, 0xFF, 0x80, 0xCF, 0xFF, 0xC1, 0xBC, 0x03, 0xC3, 0x60, 0x03,
  0xC7, 0x80, 0x03, 0x8E, 0x00, 0x03, 0x9C, 0x00, 0x07, 0x30, 0x00, 0x06,
  0x60, 0x00, 0x0C, 0x00, 0x00, 0x18, 0x00, 0x00, 0x30, 0x00, 0x00, 0x60,
  0x00, 0x00, 0xCC, 0x00, 0x01, 0x98, 0x00, 0x03, 0x38, 0x00, 0x0E, 0x70,
  0x00, 0x18, 0xF0, 0x00, 0x71, 0xF0, 0x01, 0xC3, 0x78, 0x0F, 0x86, 0x7F,
  0xFC, 0x0C, 0x3F, 0xF0, 0x00, 0xF8, 0x3F, 0x01, 0xF1, 0xFF, 0x80, 0xCF,
  0xFF, 0xC1, 0xBC, 0x03, 0xC3, 0x60, 0x03, 0xC7, 0x80, 0x03, 0x8E, 0x00,
  0x03, 0x9C, 0x00, 0x07, 0x30, 0x1C, 0x06, 0x60, 0x38, 0x0C, 0x00, 0x70,
  0x18, 0x00, 0xE0, 0x30, 0x01, 0xC0, 0x60, 0x03, 0x80, 0xCC, 0x07, 0x01,
  0x98, 0x0E, 0x03, 0x38, 0x00, 0x0E, 0x70, 0x00, 0x18, 0xF0, 0x00, 0x71,
  0xF0, 0x01, 0xC3, 0x78, 0x0F, 0x86, 0x7F, 0xFC, 0x0C, 0x3F, 0xF0, 0x00,
  0xF8, 0x3F, 0x01, 0xF1, 0xFF, 0x80, 0xCF, 0xFF, 0xC1, 0xBC, 0x03, 0xC3,
  0x60, 0x03, 0xC7, 0x80, 0x03, 0x8E, 0x00, 0x03, 0x9C, 0x00, 0x07, 0x30,
  0x00, 0x06, 0x60, 0x00, 0x0C, 0x00, 0x70, 0x18, 0x00, 0xE0, 0x30, 0x01,
  0xC0, 0x60, 0x01, 0x00, 0xCC, 0x00, 0x01, 0x98, 0x00, 0x03, 0x38, 0x00,
  0x0E, 0x70, 0x00, 0x18, 0xF0, 0x00, 0x71, 0xF0, 0x01, 0xC3, 0x78, 0x0F,
  0x86, 0x7F, 0xFC, 0x0C, 0x3F, 0xF0, 0x00, 0x00, 0xF8, 0x1F, 0x07, 0xFF,
  0x1F, 0x0F, 0xFF, 0x8C, 0x1C, 0x01, 0xCC, 0x38, 0x00, 0xEC, 0x70, 0x00,
  0x7C, 0x70, 0x00, 0x3C, 0x60, 0x00, 0x1C, 0xE0, 0x00, 0x1C, 0xE0, 0x00,
  0x0C, 0xE0, 0x00, 0x00, 0xE0, 0x00, 0x00, 0xE0, 0x00, 0x00, 0xE0, 0x00,
  0x00, 0xE0, 0x00, 0x0C, 0x60, 0x00, 0x1C, 0x60, 0x00, 0x1C, 0x70, 0x00,
  0x3C, 0x30, 0x00, 0x7C, 0x38, 0x00, 0xEC, 0x1E, 0x03, 0xCC, 0x0F, 0xFF,
  0x8C, 0x03, 0xFE, 0x0C, 0x00, 0x00, 0x00, 0x70, 0x00, 0x00, 0x07, 0xFF,
  0xF0, 0xFF, 0xFF, 0xFF, 0x0F, 0xFF, 0x07, 0x80, 0x1E, 0x70, 0xE0, 0x00,
  0x77, 0x1C, 0x00, 0x03, 0x83, 0x80, 0x00, 0x1C, 0x30, 0x00, 0x00, 0xC7,
  0x00, 0x00, 0x0E, 0x60, 0x00, 0x00, 0x6E, 0x00, 0x00, 0x07, 0xE0, 0x00,
  0x00, 0x7E, 0x00, 0x00, 0x07, 0xC0, 0x00, 0x00, 0x7C, 0x00, 0x60, 0x07,
  0xE0, 0x06, 0x00, 0x7E, 0x00, 0x60, 0x07, 0xE0, 0x0F, 0x00, 0x76, 0x00,
  0xF0, 0x06, 0x70, 0x1F, 0x80, 0xE3, 0x83, 0x9C, 0x1C, 0x3F, 0xF0, 0xFF,
  0xC0, 0xFE, 0x07, 0xF0, 0x07, 0xC0, 0x3E, 0x01, 0xFF, 0x0F, 0xF8, 0x3E,
  0x79, 0xE7, 0xC7, 0x01, 0x98, 0x1E, 0x70, 0x0F, 0x00, 0xE6, 0x00, 0xF0,
  0x06, 0xE0, 0x0E, 0x00, 0x7E, 0x00, 0x60, 0x07, 0xE0, 0x06, 0x00, 0x7C,
  0x00, 0x60, 0x07, 0xE0, 0x00, 0x00, 0x7E, 0x00, 0x00, 0x07, 0xE0, 0x00,
  0x00, 0x7E, 0x00, 0x00, 0x06, 0x60, 0x00, 0x00, 0x67, 0x00, 0x00, 0x0E,
  0x38, 0x00, 0x01, 0xC1, 0x80, 0x00, 0x18, 0x1C, 0x00, 0x07, 0x00, 0x70,
  0x00, 0xE7, 0x03, 0xC0, 0x3C, 0x7F, 0xFF, 0x0F, 0xFF, 0xFF, 0xF0, 0xFF,
  0xF0, 0x00, 0x00, 0x07, 0x00, 0x00, 0x00, 0x70, 0xF8, 0x0F, 0xC1, 0xF0,
  0xFF, 0xF0, 0xC7, 0xFF, 0xF1, 0x9E, 0x00, 0xF3, 0x70, 0x00, 0xE7, 0x80,
  0x00, 0xCF, 0x00, 0x01, 0x9C, 0x00, 0x03, 0x30, 0x00, 0x0E, 0x60, 0x00,
  0x38, 0x00, 0x01, 0xF0, 0x00, 0x0F, 0x80, 0x00, 0x1F, 0x80, 0x00, 0x03,
  0x8C, 0x00, 0x03, 0x98, 0x00, 0x03, 0x38, 0x00, 0x06, 0x78, 0x00, 0x0C,
  0xF8, 0x00, 0x19, 0xB8, 0x00, 0x73, 0x3C, 0x03, 0xC6, 0x3F, 0xFF, 0x0C,
  0x1F, 0xF8, 0x00, 0xF8, 0x0F, 0xC1, 0xF0, 0xFF, 0xF0, 0xC7, 0xFF, 0xF1,
  0x9E, 0x00, 0xF3, 0x70, 0x00, 0xE7, 0x80, 0x00, 0xCF, 0x00, 0x01, 0x9C,
  0x00, 0x03, 0x30, 0x70, 0x0E, 0x60, 0xE0, 0x38, 0x01, 0xC1, 0xF0, 0x03,
  0x8F, 0x80, 0x07, 0x1F, 0x80, 0x0E, 0x03, 0x8C, 0x1C, 0x03, 0x98, 0x00,
  0x03, 0x38, 0x00, 0x06, 0x78, 0x00, 0x0C, 0xF8, 0x00, 0x19, 0xB8, 0x00,
  0x73, 0x3C, 0x03, 0xC6, 0x3F, 0xFF, 0x0C, 0x1F, 0xF8, 0x00, 0xF8, 0x0F,
  0xC1, 0xF0, 0xFF, 0xF0, 0xC7, 0xFF, 0xF1, 0x9E, 0x00, 0xF3, 0x70, 0x00,
  0xE7, 0x80, 0x00, 0xCF, 0x00, 0x01, 0x9C, 0x00, 0x03, 0x30, 0x00, 0x0E,
  0x60, 0x00, 0x38, 0x01, 0xC1, 0xF0, 0x03, 0xCF, 0x80, 0x07, 0x1F, 0x80,
  0x04, 0x03, 0x8C, 0x00, 0x03, 0x98, 0x00, 0x03, 0x38, 0x00, 0x06, 0x78,
  0x00, 0x0C, 0xF8, 0x00, 0x19, 0xB8, 0x00, 0x73, 0x3C, 0x03, 0xC6, 0x3F,
  0xFF, 0x0C, 0x1F, 0xF8, 0x00, 0x07, 0xF0, 0x3E, 0x3F, 0xFC, 0x7D, 0xFF,
  0xFE, 0x33, 0x80, 0x1E, 0x6E, 0x00, 0x0E, 0xDC, 0x00, 0x0D, 0xB8, 0x00,
  0x0F, 0x70, 0x00, 0x0E, 0x60, 0x00, 0x1C, 0xE0, 0x00, 0x18, 0xF0, 0x00,
  0x00, 0x78, 0x00, 0x03, 0xF0, 0x00, 0x0E, 0x00, 0x00, 0x18, 0x00, 0x03,
  0x70, 0x00, 0x0E, 0xE0, 0x00, 0x1D, 0xC0, 0x00, 0x7B, 0x80, 0x01, 0xB3,
  0x80, 0x07, 0x67, 0x80, 0x7C, 0xC7, 0xFF, 0xF1, 0x83, 0xFF, 0x83, 0x00,
  0xF0, 0x00, 0x3F, 0xE0, 0x01, 0xF1, 0x80, 0x07, 0x07, 0x00, 0x18, 0x1C,
  0x00, 0x60, 0x70, 0x01, 0x81, 0x80, 0x06, 0x0E, 0x00, 0x1C, 0x30, 0x00,
  0x30, 0xC0, 0x00, 0xE7, 0x00, 0x03, 0x98, 0x00, 0x06, 0x60, 0x00, 0x19,
  0x80, 0x00, 0x76, 0x00, 0x01, 0xD8, 0x00, 0x06, 0x70, 0x00, 0x19, 0xC0,
  0x00, 0xE3, 0x80, 0x07, 0x0F, 0x80, 0x3C, 0x1F, 0xFF, 0xE0, 0x1F, 0xFE,
  0x00, 0x01, 0xFE, 0x00, 0x3F, 0xFF, 0x01, 0xF8, 0x7E, 0x0F, 0x00, 0x3C,
  0x78, 0x00, 0x39, 0xC0, 0x00, 0xE6, 0x00, 0x01, 0x98, 0x00, 0x06, 0x60,
  0x00, 0x1D, 0x80, 0x00, 0x66, 0x00, 0x01, 0x9C, 0x00, 0x06, 0x70, 0x00,
  0x38, 0xC0, 0x00, 0xC3, 0x80, 0x03, 0x0E, 0x00, 0x1C, 0x18, 0x00, 0x60,
  0x70, 0x01, 0x81, 0xC0, 0x06, 0x07, 0x00, 0x18, 0x38, 0x00, 0x73, 0xE0,
  0x01, 0xFE, 0x00, 0x01, 0xC0, 0x00, 0x3F, 0x03, 0x87, 0xFF, 0x0F, 0xFF,
  0x3E, 0x1F, 0xC0, 0x1C, 0x00, 0x00, 0x38, 0x00, 0x00, 0xE0, 0x00, 0x01,
  0x80, 0x00, 0x07, 0x00, 0x00, 0x1C, 0x00, 0x00, 0x70, 0x00, 0x01, 0xC0,
  0x00, 0x07, 0x00, 0x00, 0x1C, 0x00, 0x00, 0x70, 0x00, 0x01, 0xC0, 0x00,
  0x07, 0x00, 0x00, 0x18, 0x00, 0x00, 0x60, 0x00, 0x03, 0x8F, 0x80, 0x1C,
  0x7F, 0x80, 0xF3, 0xDF, 0xFF, 0x8E, 0x07, 0xF8, 0x00, 0x00, 0x3F, 0x03,
  0x87, 0xFF, 0x0F, 0xFF, 0x3E, 0x1F, 0xC0, 0x1C, 0x00, 0x00, 0x38, 0x00,
  0x00, 0xE0, 0x00, 0x01, 0x80, 0x00, 0x07, 0x00, 0x38, 0x1C, 0x00, 0xE0,
  0x70, 0x03, 0x81, 0xC0, 0x0E, 0x07, 0x00, 0x38, 0x1C, 0x00, 0xE0, 0x70,
  0x03, 0x81, 0xC0, 0x0E, 0x07, 0x00, 0x00, 0x18, 0x00, 0x00, 0x60, 0x00,
  0x03, 0x8F, 0x80, 0x1C, 0x7F, 0x80, 0xF3, 0xDF, 0xFF, 0x8E, 0x07, 0xF8,
  0x00, 0x00, 0x3F, 0x03, 0x87, 0xFF, 0x0F, 0xFF, 0x3E, 0x1F, 0xC0, 0x1C,
  0x00, 0x00, 0x38, 0x00, 0x00, 0xE0, 0x00, 0x01, 0x80, 0x00, 0x07, 0x00,
  0x00, 0x1C, 0x00, 0x00, 0x70, 0x03, 0x81, 0xC0, 0x0F, 0x07, 0x00, 0x38,
  0x1C, 0x00, 0x40, 0x70, 0x00, 0x01, 0xC0, 0x00, 0x07, 0x00, 0x00, 0x18,
  0x00, 0x00, 0x60, 0x00, 0x03, 0x8F, 0x80, 0x1C, 0x7F, 0x80, 0xF3, 0xDF,
  0xFF, 0x8E, 0x07, 0xF8, 0x00, 0x03, 0xF0, 0x00, 0x3F, 0xF8, 0x71, 0xF3,
  0xFF, 0xCE, 0x00, 0xFE, 0x70, 0x00, 0x01, 0xC0, 0x00, 0x06, 0x00, 0x00,
  0x18, 0x00, 0x00, 0xE0, 0x00, 0x03, 0x80, 0x00, 0x0E, 0x00, 0x00, 0x38,
  0x00, 0x00, 0xE0, 0x00, 0x03, 0x80, 0x00, 0x0E, 0x00, 0x00, 0x38, 0x00,
  0x00, 0x60, 0x00, 0x01, 0x80, 0x00, 0x07, 0x00, 0x00, 0x0E, 0x00, 0x3C,
  0x3C, 0x07, 0xF8, 0x7F, 0xFE, 0x70, 0x7F, 0x80, 0xC0, 0xFF, 0xFF, 0xF0,
  0x38, 0x1C, 0x06, 0x03, 0x01, 0xC0, 0xE0, 0x30, 0x18, 0x0F, 0xFF, 0xFF,
  0x06, 0x00, 0x60, 0xFF, 0xFF, 0xFF, 0x06, 0xE0, 0x7C, 0x07, 0x80, 0x70,
  0x0E, 0x01, 0xE0, 0x3E, 0x07, 0x60, 0xFF, 0xFF, 0xFF, 0x06, 0x00, 0xF1,
  0xFE, 0x3F, 0xE7, 0xF9, 0xF1, 0x83, 0x07, 0x07, 0x0C, 0x18, 0x1C, 0x30,
  0x60, 0x70, 0xC1, 0x81, 0x83, 0x06, 0x0E, 0x0C, 0x1C, 0x30, 0x00, 0x30,
  0xC0, 0x00, 0xE7, 0x00, 0x03, 0x98, 0x00, 0x06, 0x60, 0x00, 0x19, 0x80,
  0x00, 0x76, 0x00, 0x01, 0xD8, 0x00, 0x06, 0x70, 0x00, 0x19, 0xC0, 0x00,
  0xE3, 0x80, 0x07, 0x0F, 0x80, 0x3C, 0x1F, 0xFF, 0xE0, 0x1F, 0xFE, 0x00,
  0x01, 0xFE, 0x00, 0x3F, 0xFF, 0x01, 0xF8, 0x7E, 0x0F, 0x00, 0x3C, 0x78,
  0x00, 0x39, 0xC0, 0x00, 0xE6, 0x00, 0x01, 0x98, 0x00, 0x06, 0x60, 0x00,
  0x1D, 0x80, 0x00, 0x66, 0x00, 0x01, 0x9C, 0x00, 0x06, 0x70, 0x00, 0x38,
  0xC0, 0x00, 0xC3, 0x83, 0x03, 0x0E, 0x0C, 0x1C, 0x18, 0x30, 0x60, 0x70,
  0xC1, 0x81, 0xC3, 0x06, 0x07, 0x0C, 0x18, 0x38, 0x30, 0x73, 0xE7, 0xF9,
  0xFE, 0x1F, 0xE1, 0xC0, 0x00, 0x3F, 0x03, 0x87, 0xFF, 0x0F, 0xFF, 0x3E,
  0x1F, 0xC0, 0x1C, 0x00, 0x00, 0x38, 0x00, 0x00, 0xE0, 0x00, 0x01, 0x80,
  0x00, 0x07, 0xE0, 0x00, 0x1F, 0x80, 0x00, 0x7E, 0x00, 0x01, 0xFF, 0xE0,
  0x07, 0xFF, 0x80, 0x1F, 0x80, 0x00, 0x7E, 0x00, 0x01, 0xF8, 0x00, 0x07,
  0x00, 0x00, 0x18, 0x00, 0x00, 0x60, 0x00, 0x03, 0x8F, 0x80, 0x1C, 0x7F,
  0x80, 0xF3, 0xDF, 0xFF, 0x8E, 0x07, 0xF8, 0x00, 0x00, 0x3F, 0x03, 0x87,
  0xFF, 0x0F, 0xFF, 0x3E, 0x1F, 0xC0, 0x1C, 0x00, 0x00, 0x38, 0x00, 0x00,
  0xE0, 0x00, 0x01, 0x80, 0x00, 0x07, 0xE0, 0x0E, 0x1F, 0x80, 0x38, 0x7E,
  0x00, 0xE1, 0xFF, 0xE3, 0x87, 0xFF, 0x8E, 0x1F, 0x80, 0x38, 0x7E, 0x00,
  0xE1, 0xF8, 0x03, 0x87, 0x00, 0x00, 0x18, 0x00, 0x00, 0x60, 0x00, 0x03,
  0x8F, 0x80, 0x1C, 0x7F, 0x80, 0xF3, 0xDF, 0xFF, 0x8E, 0x07, 0xF8, 0x00,
  0x00, 0x3F, 0x03, 0x87, 0xFF, 0x0F, 0xFF, 0x3E, 0x1F, 0xC0, 0x1C, 0x00,
  0x00, 0x38, 0x00, 0x00, 0xE0, 0x00, 0x01, 0x80, 0x00, 0x07, 0xE0, 0x00,
  0x1F, 0x80, 0x00, 0x7E, 0x00, 0x61, 0xFF, 0xE3, 0xC7, 0xFF, 0x8F, 0x1F,
  0x80, 0x10, 0x7E, 0x00, 0x01, 0xF8, 0x00, 0x07, 0x00, 0x00, 0x18, 0x00,
  0x00, 0x60, 0x00, 0x03, 0x8F, 0x80, 0x1C, 0x7F, 0x80, 0xF3, 0xDF, 0xFF,
  0x8E, 0x07, 0xF8, 0x00, 0x03, 0xF0, 0x00, 0x3F, 0xF8, 0x71, 0xF3, 0xFF,
  0xCE, 0x00, 0xFE, 0x70, 0x00, 0x01, 0xC0, 0x00, 0x06, 0x00, 0x00, 0x18,
  0x00, 0x00, 0xE0, 0x00, 0x1F, 0x80, 0x00, 0x7E, 0x00, 0x01, 0xF8, 0x01,
  0xFF, 0xE0, 0x07, 0xFF, 0x80, 0x00, 0x7E, 0x00, 0x01, 0xF8, 0x00, 0x07,
  0x60, 0x00, 0x01, 0x80, 0x00, 0x07, 0x00, 0x00, 0x0E, 0x00, 0x3C, 0x3C,
  0x07, 0xF8, 0x7F, 0xFE, 0x70, 0x7F, 0x80, 0xC0, 0xF0, 0x1C, 0x07, 0xFC,
  0x0E, 0x07, 0xC6, 0x07, 0x07, 0x03, 0x83, 0x83, 0x81, 0xC1, 0xC1, 0xC0,
  0xE0, 0xE0, 0xE0, 0x60, 0x70, 0x70, 0x30, 0x38, 0x18, 0x38, 0x1C, 0x0E,
  0x18, 0x0E, 0x07, 0x0C, 0x07, 0x01, 0x8E, 0x03, 0x80, 0xE6, 0x01, 0xC0,
  0x73, 0x00, 0xE0, 0x19, 0x80, 0x70, 0x0C, 0xC0, 0x38, 0x06, 0x60, 0x1C,
  0x03, 0x30, 0x0E, 0x03, 0x9C, 0x0F, 0x01, 0xCF, 0x0E, 0xC1, 0xC3, 0xFF,
  0x7F, 0xE0, 0xFE, 0x1F, 0xE0, 0x07, 0x80, 0xF0, 0x0F, 0xF1, 0xFE, 0x0F,
  0xFD, 0xFF, 0x8E, 0x06, 0xC0, 0xE7, 0x01, 0xC0, 0x73, 0x00, 0xE0, 0x19,
  0x80, 0x70, 0x0C, 0xC0, 0x38, 0x06, 0x60, 0x1C, 0x03, 0x30, 0x0E, 0x01,
  0x9C, 0x07, 0x01, 0xCE, 0x03, 0x80, 0xE3, 0x01, 0xC0, 0x61, 0x80, 0xE0,
  0x70, 0xE0, 0x70, 0x38, 0x30, 0x38, 0x18, 0x18, 0x1C, 0x1C, 0x0E, 0x0E,
  0x0E, 0x07, 0x07, 0x07, 0x03, 0x83, 0x83, 0x83, 0x81, 0xC1, 0xE7, 0xC0,
  0xE0, 0x7F, 0x80, 0x70, 0x0E, 0x00, 0x1F, 0x8E, 0x1F, 0xFC, 0xFF, 0xF1,
  0xE7, 0xF0, 0x07, 0x00, 0x00, 0x30, 0x00, 0x03, 0x00, 0x00, 0x30, 0x00,
  0x03, 0x00, 0x00, 0x70, 0x00, 0x0E, 0x00, 0x03, 0xEF, 0xFF, 0xF8, 0xFF,
  0xFF, 0xC0, 0x00, 0x1E, 0x00, 0x00, 0x70, 0x00, 0x03, 0x00, 0x00, 0x30,
  0x00, 0x03, 0x00, 0x00, 0x33, 0xE0, 0x07, 0x7F, 0xC0, 0xFF, 0x7F, 0xFE,
  0xE0, 0x7F, 0xC0, 0x00, 0x1F, 0x8E, 0x1F, 0xFC, 0xFF, 0xF1, 0xE7, 0xF0,
  0x07, 0x00, 0x00, 0x30, 0x00, 0x03, 0x00, 0x00, 0x30, 0x06, 0x03, 0x00,
  0x60, 0x70, 0x06, 0x0E, 0x00, 0x63, 0xEF, 0xFF, 0xF8, 0xFF, 0xFF, 0xC0,
  0x06, 0x1E, 0x00, 0x60, 0x70, 0x06, 0x03, 0x00, 0x60, 0x30, 0x00, 0x03,
  0x00, 0x00, 0x33, 0xE0, 0x07, 0x7F, 0xC0, 0xFF, 0x7F, 0xFE, 0xE0, 0x7F,
  0xC0, 0x00, 0x1F, 0x8E, 0x1F, 0xFC, 0xFF, 0xF1, 0xE7, 0xF0, 0x07, 0x00,
  0x00, 0x30, 0x00, 0x03, 0x00, 0x00, 0x30, 0x00, 0x03, 0x00, 0x00, 0x70,
  0x0E, 0x0E, 0x01, 0xF3, 0xEF, 0xFF, 0xF8, 0xFF, 0xFF, 0xC0, 0x1F, 0x1E,
  0x00, 0xE0, 0x70, 0x00, 0x03, 0x00, 0x00, 0x30, 0x00, 0x03, 0x00, 0x00,
  0x33, 0xE0, 0x07, 0x7F, 0xC0, 0xFF, 0x7F, 0xFE, 0xE0, 0x7F, 0xC0, 0x0F,
  0xC0, 0x01, 0xFF, 0xC1, 0xDF, 0x3F, 0xFC, 0xE0, 0x1F, 0xEE, 0x00, 0x00,
  0x70, 0x00, 0x03, 0x80, 0x00, 0x1C, 0x00, 0x00, 0x60, 0x00, 0x03, 0x80,
  0x00, 0x0F, 0x80, 0x00, 0x1F, 0xFF, 0xE1, 0xFF, 0xFF, 0x3C, 0x00, 0x01,
  0xC0, 0x00, 0x1C, 0x00, 0x00, 0xE0, 0x00, 0x07, 0x00, 0x00, 0x38, 0x00,
  0x01, 0xC0, 0x07, 0xC7, 0x01, 0xFF, 0x1F, 0xFF, 0x38, 0x7F, 0xC0, 0xE0,
  0xF0, 0x1C, 0x07, 0xFC, 0x0E, 0x07, 0xC6, 0x07, 0x07, 0x03, 0x83, 0x83,
  0x81, 0xC1, 0xC1, 0xC0, 0xFF, 0xFF, 0xE0, 0x7F, 0xFF, 0xF0, 0x30, 0x38,
  0x18, 0x38, 0x1C, 0x0E, 0x18, 0x0E, 0x07, 0x0C, 0x07, 0x01, 0x8E, 0x03,
  0x80, 0xE6, 0x01, 0xC0, 0x73, 0x00, 0xE0, 0x19, 0x80, 0x70, 0x0C, 0xC0,
  0x38, 0x06, 0x60, 0x1C, 0x03, 0x30, 0x0E, 0x03, 0x9C, 0x0F, 0x01, 0xCF,
  0x0E, 0xC1, 0xC3, 0xFF, 0x7F, 0xE0, 0xFE, 0x1F, 0xE0, 0x07, 0x80, 0xF0,
  0x0F, 0xF1, 0xFE, 0x0F, 0xFD, 0xFF, 0x8E, 0x06, 0xC0, 0xE7, 0x01, 0xC0,
  0x73, 0x00, 0xE0, 0x19, 0x80, 0x70, 0x0C, 0xC0, 0x38, 0x06, 0x60, 0x1C,
  0x03, 0x30, 0x0E, 0x01, 0x9C, 0x07, 0x01, 0xCE, 0x03, 0x80, 0xE3, 0x01,
  0xC0, 0x61, 0x80, 0xE0, 0x70, 0xE0, 0x70, 0x38, 0x3F, 0xFF, 0xF8, 0x1F,
  0xFF, 0xFC, 0x0E, 0x0E, 0x0E, 0x07, 0x07, 0x07, 0x03, 0x83, 0x83, 0x83,
  0x81, 0xC1, 0xE7, 0xC0, 0xE0, 0x7F, 0x80, 0x70, 0x0E, 0x00, 0x1F, 0x8E,
  0x1F, 0xFC, 0xFF, 0xF1, 0xE7, 0xF0, 0x07, 0x06, 0x00, 0x30, 0x60, 0x03,
  0x06, 0x00, 0x30, 0x60, 0x03, 0x06, 0x00, 0x70, 0x60, 0x0E, 0x06, 0x03,
  0xEF, 0xFF, 0xF8, 0xFF, 0xFF, 0xC0, 0x60, 0x1E, 0x06, 0x00, 0x70, 0x60,
  0x03, 0x06, 0x00, 0x30, 0x60, 0x03, 0x06, 0x00, 0x33, 0xE0, 0x07, 0x7F,
  0xC0, 0xFF, 0x7F, 0xFE, 0xE0, 0x7F, 0xC0, 0x00, 0x1F, 0x8E, 0x1F, 0xFC,
  0xFF, 0xF1, 0xE7, 0xF0, 0x07, 0x06, 0x00, 0x30, 0x60, 0x03, 0x06, 0x00,
  0x30, 0x61, 0x83, 0x06, 0x18, 0x70, 0x61, 0x8E, 0x06, 0x1B, 0xEF, 0xFF,
  0xF8, 0xFF, 0xFF, 0xC0, 0x61, 0x9E, 0x06, 0x18, 0x70, 0x61, 0x83, 0x06,
  0x18, 0x30, 0x60, 0x03, 0x06, 0x00, 0x33, 0xE0, 0x07, 0x7F, 0xC0, 0xFF,
  0x7F, 0xFE, 0xE0, 0x7F, 0xC0, 0x00, 0x1F, 0x8E, 0x1F, 0xFC, 0xFF, 0xF1,
  0xE7, 0xF0, 0x07, 0x06, 0x00, 0x30, 0x60, 0x03, 0x06, 0x00, 0x30, 0x60,
  0x03, 0x06, 0x00, 0x70, 0x63, 0xCE, 0x06, 0x7F, 0xEF, 0xFF, 0xF8, 0xFF,
  0xFF, 0xC0, 0x63, 0xDE, 0x06, 0x18, 0x70, 0x60, 0x03, 0x06, 0x00, 0x30,
  0x60, 0x03, 0x06, 0x00, 0x33, 0xE0, 0x07, 0x7F, 0xC0, 0xFF, 0x7F, 0xFE,
  0xE0, 0x7F, 0xC0, 0x0F, 0xC0, 0x01, 0xFF, 0xC1, 0xDF, 0x3F, 0xFC, 0xE0,
  0x1F, 0xEE, 0x00, 0x70, 0x70, 0x03, 0x83, 0x80, 0x1C, 0x1C, 0x00, 0xE0,
  0x60, 0x07, 0x03, 0x80, 0x38, 0x0F, 0x81, 0xC0, 0x1F, 0xFF, 0xE1, 0xFF,
  0xFF, 0x3C, 0x03, 0x81, 0xC0, 0x1C, 0x1C, 0x00, 0xE0, 0xE0, 0x07, 0x07,
  0x00, 0x38, 0x38, 0x01, 0xC1, 0xC0, 0x0F, 0xC7, 0x01, 0xFF, 0x1F, 0xFF,
  0x38, 0x7F, 0xC0, 0xE0, 0x06, 0x00, 0x60, 0x3F, 0xE7, 0xFE, 0xE6, 0x0E,
  0x60, 0xE6, 0x07, 0xFE, 0x3F, 0xE0, 0x67, 0x06, 0x70, 0x6E, 0x7F, 0xE7,
  0xF8, 0x06, 0x00, 0xF0, 0xFF, 0x87, 0xFC, 0x7F, 0xC7, 0xC6, 0x07, 0x07,
  0x03, 0x83, 0x83, 0x81, 0xC1, 0xC1, 0xC0, 0xE0, 0xE0, 0xE0, 0x7F, 0xFF,
  0xF0, 0x3F, 0xFF, 0xF8, 0x38, 0x1C, 0x0E, 0x18, 0x0E, 0x07, 0x0C, 0x07,
  0x01, 0x8E, 0x03, 0x80, 0xE6, 0x01, 0xC0, 0x73, 0x00, 0xE0, 0x19, 0x80,
  0x70, 0x0C, 0xC0, 0x38, 0x06, 0x60, 0x1C, 0x03, 0x30, 0x0E, 0x03, 0x9C,
  0x0F, 0x01, 0xCF, 0x0E, 0xC1, 0xC3, 0xFF, 0x7F, 0xE0, 0xFE, 0x1F, 0xE0,
  0x07, 0x80, 0xF0, 0x0F, 0xF1, 0xFE, 0x0F, 0xFD, 0xFF, 0x8E, 0x06, 0xC0,
  0xE7, 0x01, 0xC0, 0x73, 0x00, 0xE0, 0x19, 0x80, 0x70, 0x0C, 0xC0, 0x38,
  0x06, 0x60, 0x1C, 0x03, 0x30, 0x0E, 0x01, 0x9C, 0x07, 0x01, 0xCE, 0x03,
  0x80, 0xE3, 0x01, 0xC0, 0x61, 0x80, 0xE0, 0x70, 0xE0, 0x70, 0x38, 0x3F,
  0xFF, 0xF8, 0x1F, 0xFF, 0xFC, 0x0E, 0x0E, 0x0E, 0x07, 0x07, 0x07, 0x03,
  0x83, 0x83, 0x83, 0x81, 0xC1, 0xE7, 0xC7, 0xFC, 0x7F, 0x83, 0xFE, 0x0E,
  0x00, 0x1F, 0x8E, 0x1F, 0xFC, 0xFF, 0xF1, 0xE7, 0xF0, 0x07, 0x07, 0x00,
  0x30, 0x70, 0x03, 0x07, 0x00, 0x30, 0x70, 0x03, 0xE7, 0x00, 0x7E, 0x70,
  0x0E, 0xE7, 0x03, 0xEF, 0xFF, 0xF8, 0xFF, 0xFF, 0xCE, 0x70, 0x1E, 0xE7,
  0x00, 0x7E, 0x70, 0x03, 0x07, 0x00, 0x30, 0x70, 0x03, 0x07, 0x00, 0x33,
  0xF0, 0x07, 0x7F, 0xC0, 0xFF, 0x7F, 0xFE, 0xE0, 0x7F, 0xC0, 0x00, 0x1F,
  0x8E, 0x1F, 0xFC, 0xFF, 0xF1, 0xE7, 0xF0, 0x07, 0x07, 0x00, 0x30, 0x70,
  0x03, 0x07, 0x00, 0x30, 0x71, 0x83, 0xE7, 0x18, 0x7E, 0x71, 0x8E, 0xE7,
  0x1B, 0xEF, 0xFF, 0xF8, 0xFF, 0xFF, 0xCE, 0x71, 0x9E, 0xE7, 0x18, 0x7E,
  0x71, 0x83, 0x07, 0x18, 0x30, 0x70, 0x03, 0x07, 0x00, 0x33, 0xF0, 0x07,
  0x7F, 0xC0, 0xFF, 0x7F, 0xFE, 0xE0, 0x7F, 0xC0, 0x00, 0x1F, 0x8E, 0x1F,
  0xFC, 0xFF, 0xF1, 0xE7, 0xF0, 0x07, 0x07, 0x00, 0x30, 0x70, 0x03, 0x07,
  0x00, 0x30, 0x70, 0x03, 0xE7, 0x00, 0x7E, 0x73, 0xCE, 0xE7, 0x7F, 0xEF,
  0xFF, 0xF8, 0xFF, 0xFF, 0xCE, 0x73, 0xDE, 0xE7, 0x18, 0x7E, 0x70, 0x03,
  0x07, 0x00, 0x30, 0x70, 0x03, 0x07, 0x00, 0x33, 0xF0, 0x07, 0x7F, 0xC0,
  0xFF, 0x7F, 0xFE, 0xE0, 0x7F, 0xC0, 0x0F, 0xC0, 0x01, 0xFF, 0xC1, 0xDF,
  0x3F, 0xFC, 0xE0, 0x1F, 0xEE, 0x00, 0x60, 0x70, 0x03, 0x03, 0x80, 0x18,
  0x1C, 0x00, 0xC0, 0x60, 0x06, 0x33, 0x80, 0x31, 0x8F, 0x81, 0x8C, 0x1F,
  0xFF, 0xE1, 0xFF, 0xFF, 0x3C, 0x03, 0x19, 0xC0, 0x18, 0xDC, 0x00, 0xC6,
  0xE0, 0x06, 0x07, 0x00, 0x30, 0x38, 0x01, 0x81, 0xC0, 0x0F, 0xC7, 0x01,
  0xFF, 0x1F, 0xFF, 0x38, 0x7F, 0xC0, 0xE0, 0xF0, 0xFF, 0x87, 0xFC, 0x7F,
  0xC7, 0xC6, 0x07, 0x07, 0x03, 0x83, 0x83, 0x81, 0xC1, 0xC1, 0xC0, 0xE0,
  0xE0, 0xE0, 0x60, 0x70, 0x70, 0x30, 0x38, 0x18, 0x38, 0x1C, 0x0E, 0x18,
  0x0E, 0x07, 0x0C, 0x07, 0x01, 0x8E, 0x03, 0x80, 0xE6, 0x01, 0xC0, 0x73,
  0x00, 0xE0, 0x19, 0x80, 0x70, 0x0C, 0xC0, 0x38, 0x06, 0x60, 0x1C, 0x03,
  0x30, 0x0E, 0x03, 0x9C, 0x0F, 0x01, 0xCF, 0x0E, 0xC1, 0xC3, 0xFF, 0x7F,
  0xE0, 0xFE, 0x1F, 0xE0, 0x07, 0x80, 0xF0, 0x0F, 0xF1, 0xFE, 0x0F, 0xFD,
  0xFF, 0x8E, 0x06, 0xC0, 0xE7, 0x01, 0xC0, 0x73, 0x00, 0xE0, 0x19, 0x80,
  0x70, 0x0C, 0xC0, 0x38, 0x06, 0x60, 0x1C, 0x03, 0x30, 0x0E, 0x01, 0x9C,
  0x07, 0x01, 0xCE, 0x03, 0x80, 0xE3, 0x01, 0xC0, 0x61, 0x80, 0xE0, 0x70,
  0xE0, 0x70, 0x38, 0x30, 0x38, 0x18, 0x18, 0x1C, 0x1C, 0x0E, 0x0E, 0x0E,
  0x07, 0x07, 0x07, 0x03, 0x83, 0x83, 0x83, 0x81, 0xC1, 0xE7, 0xC7, 0xFC,
  0x7F, 0x83, 0xFE, 0x0E, 0x00, 0x1F, 0x8E, 0x1F, 0xFC, 0xFF, 0xF1, 0xE7,
  0xF0, 0x07, 0x00, 0x00, 0x30, 0x00, 0x03, 0x00, 0x00, 0x30, 0x00, 0x03,
  0xE0, 0x00, 0x7E, 0x00, 0x0E, 0xE0, 0x03, 0xEF, 0xFF, 0xF8, 0xFF, 0xFF,
  0xCE, 0x00, 0x1E, 0xE0, 0x00, 0x7E, 0x00, 0x03, 0x00, 0x00, 0x30, 0x00,
  0x03, 0x00, 0x00, 0x33, 0xE0, 0x07, 0x7F, 0xC0, 0xFF, 0x7F, 0xFE, 0xE0,
  0x7F, 0xC0, 0x00, 0x1F, 0x8E, 0x1F, 0xFC, 0xFF, 0xF1, 0xE7, 0xF0, 0x07,
  0x00, 0x00, 0x30, 0x00, 0x03, 0x00, 0x00, 0x30, 0x07, 0x03, 0xE0, 0x70,
  0x7E, 0x07, 0x0E, 0xE0, 0x73, 0xEF, 0xFF, 0xF8, 0xFF, 0xFF, 0xCE, 0x07,
  0x1E, 0xE0, 0x70, 0x7E, 0x07, 0x03, 0x00, 0x70, 0x30, 0x00, 0x03, 0x00,
  0x00, 0x33, 0xE0, 0x07, 0x7F, 0xC0, 0xFF, 0x7F, 0xFE, 0xE0, 0x7F, 0xC0,
  0x00, 0x1F, 0x8E, 0x1F, 0xFC, 0xFF, 0xF1, 0xE7, 0xF0, 0x07, 0x00, 0x00,
  0x30, 0x00, 0x03, 0x00, 0x00, 0x30, 0x00, 0x03, 0xE0, 0x00, 0x7E, 0x07,
  0x0E, 0xE0, 0xFB, 0xEF, 0xFF, 0xF8, 0xFF, 0xFF, 0xCE, 0x0F, 0x9E, 0xE0,
  0x70, 0x7E, 0x00, 0x03, 0x00, 0x00, 0x30, 0x00, 0x03, 0x00, 0x00, 0x33,
  0xE0, 0x07, 0x7F, 0xC0, 0xFF, 0x7F, 0xFE, 0xE0, 0x7F, 0xC0, 0x0F, 0xC0,
  0x01, 0xFF, 0xC1, 0xDF, 0x3F, 0xFC, 0xE0, 0x1F, 0xEE, 0x00, 0x00, 0x70,
  0x00, 0x03, 0x80, 0x00, 0x1C, 0x00, 0x00, 0x60, 0x00, 0x33, 0x80, 0x01,
  0x8F, 0x80, 0x0C, 0x1F, 0xFF, 0xE1, 0xFF, 0xFF, 0x3C, 0x00, 0x19, 0xC0,
  0x00, 0xDC, 0x00, 0x06, 0xE0, 0x00, 0x07, 0x00, 0x00, 0x38, 0x00, 0x01,
  0xC0, 0x07, 0xC7, 0x01, 0xFF, 0x1F, 0xFF, 0x38, 0x7F, 0xC0, 0xE0, 0xF0,
  0xFF, 0x87, 0xFC, 0x7F, 0xC7, 0xC6, 0x07, 0x07, 0x03, 0xC3, 0x87, 0x81,
  0xF1, 0xC7, 0xC0, 0xFE, 0xEF, 0xE0, 0x67, 0xFF, 0x70, 0x30, 0xFE, 0x18,
  0x38, 0x3E, 0x0E, 0x18, 0x0E, 0x07, 0x0C, 0x07, 0x01, 0x8E, 0x03, 0x80,
  0xE6, 0x01, 0xC0, 0x73, 0x00, 0xE0, 0x19, 0x80, 0x70, 0x0C, 0xC0, 0x38,
  0x06, 0x60, 0x1C, 0x03, 0x30, 0x0E, 0x03, 0x9C, 0x0F, 0x01, 0xCF, 0x0E,
  0xC1, 0xC3, 0xFF, 0x7F, 0xE0, 0xFE, 0x1F, 0xE0, 0x07, 0x80, 0xF0, 0x0F,
  0xF1, 0xFE, 0x0F, 0xFD, 0xFF, 0x8E, 0x06, 0xC0, 0xE7, 0x01, 0xC0, 0x73,
  0x00, 0xE0, 0x19, 0x80, 0x70, 0x0C, 0xC0, 0x38, 0x06, 0x60, 0x1C, 0x03,
  0x30, 0x0E, 0x01, 0x9C, 0x07, 0x01, 0xCE, 0x03, 0x80, 0xE3, 0x01, 0xC0,
  0x61, 0x80, 0xE0, 0x70, 0xE0, 0xF8, 0x38, 0x31, 0xFF, 0x18, 0x19, 0xFF,
  0xDC, 0x0F, 0xCE, 0x7E, 0x07, 0xC7, 0x1F, 0x03, 0x83, 0x83, 0x83, 0x81,
  0xC1, 0xE7, 0xC7, 0xFC, 0x7F, 0x83, 0xFE, 0x0E, 0x00, 0x1F, 0x8E, 0x1F,
  0xFC, 0xFF, 0xF1, 0xE7, 0xF0, 0x07, 0x1C, 0x00, 0x30, 0xC0, 0x03, 0x0E,
  0x00, 0x30, 0x60, 0x03, 0xE7, 0x00, 0x7E, 0x30, 0x0E, 0xE3, 0x83, 0xEF,
  0xFF, 0xF8, 0xFF, 0xFF, 0xCE, 0x30, 0x1E, 0xE3, 0x00, 0x7E, 0x70, 0x03,
  0x06, 0x00, 0x30, 0xE0, 0x03, 0x0C, 0x00, 0x33, 0xE0, 0x07, 0x7F, 0xC0,
  0xFF, 0x7F, 0xFE, 0xE0, 0x7F, 0xC0, 0x00, 0x1F, 0x8E, 0x1F, 0xFC, 0xFF,
  0xF1, 0xE7, 0xF0, 0x07, 0x1C, 0x00, 0x30, 0xC0, 0x03, 0x0E, 0x00, 0x30,
  0x61, 0x83, 0xE7, 0x18, 0x7E, 0x31, 0x8E, 0xE3, 0x9B, 0xEF, 0xFF, 0xF8,
  0xFF, 0xFF, 0xCE, 0x31, 0x9E, 0xE3, 0x18, 0x7E, 0x71, 0x83, 0x06, 0x18,
  0x30, 0xE0, 0x03, 0x0C, 0x00, 0x33, 0xE0, 0x07, 0x7F, 0xC0, 0xFF, 0x7F,
  0xFE, 0xE0, 0x7F, 0xC0, 0x00, 0x1F, 0x8E, 0x1F, 0xFC, 0xFF, 0xF1, 0xE7,
  0xF0, 0x07, 0x1C, 0x00, 0x30, 0xC0, 0x03, 0x0E, 0x00, 0x30, 0x60, 0x03,
  0xE7, 0x00, 0x7E, 0x33, 0xCE, 0xE3, 0xFF, 0xEF, 0xFF, 0xF8, 0xFF, 0xFF,
  0xCE, 0x33, 0xDE, 0xE3, 0x18, 0x7E, 0x70, 0x03, 0x06, 0x00, 0x30, 0xE0,
  0x03, 0x0C, 0x00, 0x33, 0xE0, 0x07, 0x7F, 0xC0, 0xFF, 0x7F, 0xFE, 0xE0,
  0x7F, 0xC0, 0x0F, 0xC0, 0x01, 0xFF, 0xC1, 0xDF, 0x3F, 0xFC, 0xE0, 0x1F,
  0xEE, 0x00, 0x18, 0x70, 0x01, 0xC3, 0x80, 0x0C, 0x1C, 0x00, 0xE0, 0x60,
  0x06, 0x33, 0x80, 0x71, 0x8F, 0x83, 0x0C, 0x1F, 0xFF, 0xE1, 0xFF, 0xFF,
  0x3C, 0x07, 0x19, 0xC0, 0x18, 0xDC, 0x00, 0xC6, 0xE0, 0x07, 0x07, 0x00,
  0x18, 0x38, 0x00, 0xE1, 0xC0, 0x07, 0xC7, 0x01, 0xFF, 0x1F, 0xFF, 0x38,
  0x7F, 0xC0, 0xE0, 0xE0, 0x07, 0x70, 0x0E, 0x38, 0x0C, 0x38, 0x1C, 0x1C,
  0x38, 0x0C, 0x38, 0x0E, 0x70, 0x07, 0x60, 0x07, 0xE0, 0x03, 0xC0, 0x01,
  0xC0, 0x03, 0xC0, 0x03, 0xE0, 0x07, 0xE0, 0x0E, 0x70, 0x0E, 0x70, 0x1C,
  0x38, 0x1C, 0x18, 0x38, 0x1C, 0x30, 0x0E, 0x70, 0x0E, 0xE0, 0x07, 0xE1,
  0xB9, 0x8F, 0x83, 0xC0, 0xC0, 0xF0, 0xDC, 0xE6, 0xE1, 0x80, 0x00, 0x00,
  0xF0, 0x1F, 0x81, 0xFF, 0x1F, 0xC1, 0xFF, 0xDC, 0x01, 0xC0, 0xEE, 0x01,
  0xC0, 0x3F, 0x00, 0xE0, 0x0D, 0xFC, 0x60, 0x06, 0x7E, 0x30, 0x03, 0x03,
  0x18, 0x01, 0x81, 0x8C, 0x00, 0xC0, 0xC7, 0x00, 0x60, 0x63, 0x80, 0x70,
  0x00, 0xE0, 0x38, 0x00, 0x78, 0x3C, 0x00, 0x1F, 0xFE, 0x00, 0x03, 0xFB,
  0x00, 0x00, 0x01, 0x80, 0x00, 0x00, 0xC0, 0x00, 0x00, 0x60, 0x00, 0x00,
  0x30, 0x00, 0x00, 0x18, 0x00, 0x00, 0x0C, 0x00, 0x00, 0x06, 0x38, 0x00,
  0x03, 0xE0, 0x7E, 0x00, 0x07, 0xFE, 0x33, 0x80, 0x07, 0xFF, 0x98, 0xC0,
  0x07, 0x01, 0xCC, 0xE0, 0x07, 0x00, 0x77, 0xFE, 0x03, 0x80, 0x19, 0xFF,
  0x01, 0x80, 0x0C, 0x03, 0x80, 0xC0, 0x06, 0x01, 0xC6, 0x60, 0x03, 0x80,
  0xE3, 0x30, 0x01, 0xC0, 0x33, 0x80, 0x00, 0xE0, 0x1F, 0x80, 0x00, 0x70,
  0x07, 0x80, 0x00, 0x38, 0x00, 0x00, 0x00, 0x1C, 0x00, 0x00, 0x00, 0x0E,
  0x00, 0x00, 0x00, 0x07, 0x00, 0x00, 0x00, 0x03, 0x80, 0x00, 0x00, 0x01,
  0xC0, 0x00, 0x00, 0x00, 0xE0, 0x00, 0x00, 0x00, 0x70, 0x00, 0x00, 0x00,
  0x38, 0x00, 0x00, 0x00, 0x1C, 0x00, 0x00, 0x00, 0x0E, 0x38, 0x38, 0x00,
  0x01, 0xF8, 0x3F, 0x1F, 0x80, 0x01, 0xFF, 0x8C, 0xEE, 0x60, 0x00, 0xFD,
  0xF3, 0x1B, 0x18, 0x00, 0x70, 0x0E, 0xCE, 0xE6, 0x00, 0x1C, 0x01, 0xBF,
  0xFF, 0xF0, 0x06, 0x00, 0x77, 0xFF, 0xFC, 0x03, 0x80, 0x1C, 0x00, 0x03,
  0x00, 0xE0, 0x07, 0x00, 0x00, 0xC6, 0x38, 0x01, 0xC0, 0x00, 0x31, 0x8E,
  0x00, 0x30, 0x00, 0x0E, 0x63, 0x80, 0x00, 0x00, 0x01, 0xF8, 0xE0, 0x00,
  0x00, 0x00, 0x3C, 0x38, 0x00, 0x00, 0x00, 0x00, 0x0E, 0x00, 0x00, 0x00,
  0x00, 0x03, 0x80, 0x00, 0x00, 0x00, 0x00, 0xE0, 0x00, 0x00, 0x00, 0x00,
  0x38, 0x00, 0x00, 0x00, 0x00, 0x0E, 0x00, 0x00, 0x00, 0x00, 0x03, 0x80,
  0x00, 0x00, 0x00, 0x00, 0xE0, 0x00, 0x00, 0x00, 0x00, 0x38, 0x00, 0x00,
  0x00, 0x00, 0x0E, 0x00, 0x00, 0x00, 0x00, 0x03, 0x80, 0x00, 0x00, 0x00,
  0x00, 0x00, 0xE0, 0x00, 0x00, 0x00, 0x00, 0x70, 0x00, 0x00, 0x00, 0x00,
  0x38, 0x00, 0x00, 0x00, 0x00, 0x08, 0x00, 0x00, 0x00, 0x00, 0x00, 0x00,
  0x00, 0x00, 0x00, 0x00, 0x00, 0xE0, 0xE0, 0x00, 0x07, 0xC1, 0xF8, 0xFC,
  0x00, 0x0F, 0xFC, 0xCE, 0xE6, 0x00, 0x0F, 0xFF, 0x63, 0x63, 0x00, 0x0E,
  0x03, 0xB3, 0xB9, 0x80, 0x0E, 0x00, 0xFF, 0xFF, 0xF8, 0x07, 0x00, 0x37,
  0xFF, 0xFC, 0x03, 0x00, 0x18, 0x00, 0x06, 0x01, 0x80, 0x0C, 0x00, 0x03,
  0x18, 0xC0, 0x06, 0x00, 0x01, 0x8C, 0x60, 0x03, 0x00, 0x00, 0xE6, 0x30,
  0x00, 0x00, 0x00, 0x3F, 0x18, 0x00, 0x00, 0x00, 0x0F, 0x0C, 0x00, 0x00,
  0x00, 0x00, 0x06, 0x00, 0x00, 0x00, 0x00, 0x03, 0x00, 0x00, 0x00, 0x00,
  0x01, 0x80, 0x00, 0x00, 0x00, 0x00, 0xC0, 0x00, 0x00, 0x00, 0x00, 0x60,
  0x00, 0x00, 0x00, 0x00, 0x30, 0x00, 0x00, 0x00, 0x00, 0x18, 0x00, 0x00,
  0x00, 0x00, 0x0C, 0x00, 0x00, 0x00, 0x00, 0x06, 0x00, 0x00, 0x00, 0x00,
  0x03, 0x00, 0x00, 0x38, 0x38, 0x00, 0x00, 0x1F, 0x8F, 0xC0, 0x00, 0x1F,
  0x3B, 0x98, 0x00, 0x03, 0xE3, 0x63, 0x00, 0x00, 0x7C, 0xEE, 0x60, 0x00,
  0x0F, 0xFF, 0xFF, 0x80, 0x01, 0xDF, 0xFF, 0xF0, 0x00, 0x38, 0x00, 0x06,
  0x00, 0x07, 0x00, 0x00, 0xC6, 0x00, 0xE0, 0x00, 0x18, 0xC0, 0x1C, 0x00,
  0x03, 0x98, 0x03, 0x80, 0x00, 0x3F, 0x00, 0x70, 0x00, 0x03, 0xC0, 0x0E,
  0x00, 0x00, 0x00, 0x01, 0xC0, 0x00, 0x00, 0x00, 0x38, 0x00, 0x00, 0x00,
  0x07, 0x00, 0x00, 0x1C, 0x00, 0xE0, 0x00, 0x03, 0x80, 0x18, 0x00, 0x00,
  0x70, 0x03, 0x00, 0x00, 0x06, 0x00, 0xE0, 0x00, 0x00, 0xF0, 0x38, 0x00,
  0x00, 0x0F, 0xFF, 0x00, 0x00, 0x00, 0xFF, 0x80, 0x00, 0x00, 0x00, 0x00,
  0xE0, 0x00, 0x00, 0x00, 0x1C, 0x00, 0x00, 0x00, 0x03, 0x80, 0x00, 0x00,
  0x00, 0x30, 0x00, 0x00, 0x00, 0x00, 0x00, 0x00, 0x00, 0x00, 0x0E, 0x0E,
  0x00, 0x00, 0x07, 0xE3, 0xF0, 0x00, 0x07, 0xCE, 0xE6, 0x00, 0x00, 0xF8,
  0xD8, 0xC0, 0x00, 0x1F, 0x3B, 0x98, 0x00, 0x03, 0xFF, 0xFF, 0xE0, 0x00,
  0x77, 0xFF, 0xFC, 0x00, 0x0E, 0x00, 0x01, 0x80, 0x01, 0xC0, 0x00, 0x31,
  0x80, 0x38, 0x00, 0x06, 0x30, 0x07, 0x00, 0x00, 0xE6, 0x00, 0xE0, 0x00,
  0x0F, 0xC0, 0x1C, 0x00, 0x00, 0xF0, 0x03, 0x80, 0x00, 0x00, 0x00, 0x70,
  0x00, 0x00, 0x00, 0x0E, 0x00, 0x00, 0x00, 0x01, 0xC0, 0x00, 0x07, 0x00,
  0x38, 0x00, 0x00, 0xE0, 0x06, 0x00, 0x00, 0x1C, 0x00, 0xC0, 0x00, 0x01,
  0x80, 0x38, 0x00, 0x00, 0x3C, 0x0E, 0x00, 0x00, 0x03, 0xFF, 0xC0, 0x00,
  0x00, 0x3F, 0xE0, 0x38, 0x38, 0x00, 0x00, 0x00, 0x3F, 0x1F, 0x80, 0x0E,
  0x00, 0x0C, 0xEE, 0x60, 0x03, 0x80, 0x03, 0x1B, 0x18, 0x00, 0xE0, 0x00,
  0xCE, 0xE6, 0x00, 0x38, 0x00, 0x3F, 0xFF, 0xF0, 0x0E, 0x00, 0x07, 0xFF,
  0xFC, 0x03, 0x80, 0x00, 0x00, 0x03, 0x00, 0xE0, 0x00, 0x00, 0x00, 0xC6,
  0x38, 0x00, 0x00, 0x00, 0x31, 0x8E, 0x00, 0x00, 0x00, 0x0E, 0x63, 0x80,
  0x00, 0x00, 0x01, 0xF8, 0xE0, 0x00, 0x00, 0x00, 0x3C, 0x38, 0x00, 0x00,
  0x00, 0x00, 0x0E, 0x00, 0x30, 0x00, 0x00, 0x03, 0x80, 0x0C, 0x00, 0x00,
  0x00, 0xE0, 0x07, 0x00, 0x00, 0x00, 0x38, 0x01, 0xC0, 0x00, 0x00, 0x06,
  0x00, 0x70, 0x00, 0x00, 0x01, 0x80, 0x18, 0x00, 0x00, 0x00, 0x70, 0x0E,
  0x00, 0x00, 0x00, 0x0E, 0x07, 0x80, 0x00, 0x00, 0x03, 0xFF, 0xC0, 0x00,
  0x00, 0x00, 0x3F, 0xE0
 };

const GFXglyph NotoSansCanadianAboriginal_Regular_CanAborig_16pt16bGlyphs[] PROGMEM = {
// bmpOff,   w,   h,xAdv, xOff, yOff      range 0 (0x1403 - 0x1675)
  {     0,  21,  23,  24,    2,  -22 },   // 0x1403 uni1403  (#0)
  {    61,  21,  29,  24,    2,  -28 },   // 0x1404 uni1404  (#1)
  {   138,  20,  23,  23,    2,  -22 },   // 0x1405 uni1405  (#2)
  {   196,  20,  29,  23,    2,  -28 },   // 0x1406 uni1406  (#3)
  {   269,  20,  29,  23,    2,  -28 },   // 0x1407 uni1407  (#4)
  {   342,  20,  23,  23,    2,  -22 },   // 0x1408 uni1408  (#5)
  {   400,  20,  23,  23,    2,  -22 },   // 0x1409 uni1409  (#6)
  {   458,  20,  23,  23,    1,  -22 },   // 0x140A uni140A  (#7)
  {   516,  20,  29,  23,    1,  -28 },   // 0x140B uni140B  (#8)
  {   589,  23,  22,  26,    1,  -21 },   // 0x140C uni140C  (#9)
  {   653,  22,  22,  26,    2,  -21 },   // 0x140D uni140D  (#10)
  {   714,  23,  23,  26,    1,  -22 },   // 0x140E uni140E  (#11)
  {   781,  22,  23,  26,    2,  -22 },   // 0x140F uni140F  (#12)
  {   845,  23,  29,  26,    1,  -28 },   // 0x1410 uni1410  (#13)
  {   929,  22,  29,  26,    2,  -28 },   // 0x1411 uni1411  (#14)
  {  1009,  25,  23,  27,    1,  -22 },   // 0x1412 uni1412  (#15)
  {  1081,  25,  23,  28,    2,  -22 },   // 0x1413 uni1413  (#16)
  {  1153,  25,  29,  27,    1,  -28 },   // 0x1414 uni1414  (#17)
  {  1244,  25,  29,  28,    2,  -28 },   // 0x1415 uni1415  (#18)
  {  1335,  20,  27,  23,    2,  -26 },   // 0x1416 uni1416  (#19)
  {  1403,  24,  23,  28,    1,  -22 },   // 0x1417 uni1417  (#20)
  {  1472,  26,  23,  27,    1,  -22 },   // 0x1418 uni1418  (#21)
  {  1547,  25,  29,  28,    1,  -28 },   // 0x1419 uni1419  (#22)
  {  1638,  26,  29,  27,    1,  -28 },   // 0x141A uni141A  (#23)
  {  1733,  20,  27,  23,    1,  -26 },   // 0x141B uni141B  (#24)
  {  1801,  16,  12,  19,    1,  -21 },   // 0x141C uni141C  (#25)
  {  1825,  15,  13,  17,    1,  -22 },   // 0x141D uni141D  (#26)
  {  1850,  13,  12,  15,    1,  -22 },   // 0x141E uni141E  (#27)
  {  1870,   8,  11,  10,    1,  -21 },   // 0x141F uni141F  (#28)
  {  1881,   8,  11,  10,    1,  -21 },   // 0x1420 uni1420  (#29)
  {  1892,  10,  10,  13,    1,  -21 },   // 0x1421 uni1421  (#30)
  {  1905,  10,  11,  13,    1,  -22 },   // 0x1422 uni1422  (#31)
  {  1919,   9,  11,  11,    1,  -21 },   // 0x1423 uni1423  (#32)
  {  1932,  11,  11,  13,    1,  -22 },   // 0x1424 uni1424  (#33)
  {  1948,  13,  11,  14,    1,  -21 },   // 0x1425 uni1425  (#34)
  {  1966,   7,  11,  10,    1,  -21 },   // 0x1426 uni1426  (#35)
  {  1976,   3,   4,   7,    2,  -12 },   // 0x1427 uni1427  (#36)
  {  1978,  12,   2,  14,    1,  -17 },   // 0x1428 uni1428  (#37)
  {  1981,  12,  11,  14,    1,  -21 },   // 0x1429 uni1429  (#38)
  {  1998,  11,  11,  13,    1,  -21 },   // 0x142A uni142A  (#39)
  {  2014,  30,  22,  33,    2,  -21 },   // 0x142B uni142B  (#40)
  {  2097,  22,  23,  25,    2,  -22 },   // 0x142C uni142C  (#41)
  {  2161,  25,  23,  28,    2,  -22 },   // 0x142D uni142D  (#42)
  {  2233,  29,  23,  31,    1,  -22 },   // 0x142E uni142E  (#43)
  {  2317,  21,  22,  24,    2,  -21 },   // 0x142F uni142F  (#44)
  {  2375,  21,  31,  24,    2,  -30 },   // 0x1430 uni1430  (#45)
  {  2457,  21,  23,  24,    2,  -22 },   // 0x1431 uni1431  (#46)
  {  2518,  21,  29,  24,    2,  -28 },   // 0x1432 uni1432  (#47)
  {  2595,  19,  23,  22,    2,  -22 },   // 0x1433 uni1433  (#48)
  {  2650,  20,  29,  22,    1,  -28 },   // 0x1434 uni1434  (#49)
  {  2723,  19,  29,  22,    2,  -28 },   // 0x1435 uni1435  (#50)
  {  2792,  19,  23,  22,    2,  -22 },   // 0x1436 uni1436  (#51)
  {  2847,  19,  23,  22,    2,  -22 },   // 0x1437 uni1437  (#52)
  {  2902,  20,  23,  22,    1,  -22 },   // 0x1438 uni1438  (#53)
  {  2960,  20,  29,  22,    1,  -28 },   // 0x1439 uni1439  (#54)
  {  3033,  23,  22,  26,    1,  -21 },   // 0x143A uni143A  (#55)
  {  3097,  22,  22,  26,    2,  -21 },   // 0x143B uni143B  (#56)
  {  3158,  23,  23,  26,    1,  -22 },   // 0x143C uni143C  (#57)
  {  3225,  22,  23,  26,    2,  -22 },   // 0x143D uni143D  (#58)
  {  3289,  23,  29,  26,    1,  -28 },   // 0x143E uni143E  (#59)
  {  3373,  22,  29,  26,    2,  -28 },   // 0x143F uni143F  (#60)
  {  3453,  23,  23,  25,    1,  -22 },   // 0x1440 uni1440  (#61)
  {  3520,  24,  23,  27,    2,  -22 },   // 0x1441 uni1441  (#62)
  {  3589,  23,  29,  25,    1,  -28 },   // 0x1442 uni1442  (#63)
  {  3673,  25,  29,  27,    1,  -28 },   // 0x1443 uni1443  (#64)
  {  3764,  25,  23,  27,    1,  -22 },   // 0x1444 uni1444  (#65)
  {  3836,  23,  23,  25,    1,  -22 },   // 0x1445 uni1445  (#66)
  {  3903,  25,  29,  27,    1,  -28 },   // 0x1446 uni1446  (#67)
  {  3994,  23,  29,  25,    1,  -28 },   // 0x1447 uni1447  (#68)
  {  4078,  20,  27,  22,    1,  -26 },   // 0x1448 uni1448  (#69)
  {  4146,   9,  13,  12,    1,  -22 },   // 0x1449 uni1449  (#70)
  {  4161,   2,  11,   6,    2,  -21 },   // 0x144A uni144A  (#71)
  {  4164,   9,  12,  11,    1,  -16 },   // 0x144B uni144B  (#72)
  {  4178,  20,  22,  24,    2,  -21 },   // 0x144C uni144C  (#73)
  {  4233,  20,  31,  24,    2,  -30 },   // 0x144D uni144D  (#74)
  {  4311,  20,  23,  24,    2,  -22 },   // 0x144E uni144E  (#75)
  {  4369,  20,  29,  24,    2,  -28 },   // 0x144F uni144F  (#76)
  {  4442,  17,  22,  21,    2,  -21 },   // 0x1450 uni1450  (#77)
  {  4489,  17,  29,  21,    2,  -28 },   // 0x1451 uni1451  (#78)
  {  4551,  17,  29,  21,    2,  -28 },   // 0x1452 uni1452  (#79)
  {  4613,  17,  22,  21,    2,  -21 },   // 0x1453 uni1453  (#80)
  {  4660,  17,  22,  21,    2,  -21 },   // 0x1454 uni1454  (#81)
  {  4707,  18,  22,  21,    2,  -21 },   // 0x1455 uni1455  (#82)
  {  4757,  18,  29,  21,    2,  -28 },   // 0x1456 uni1456  (#83)
  {  4823,  26,  22,  29,    1,  -21 },   // 0x1457 uni1457  (#84)
  {  4895,  26,  22,  29,    2,  -21 },   // 0x1458 uni1458  (#85)
  {  4967,  26,  23,  29,    1,  -22 },   // 0x1459 uni1459  (#86)
  {  5042,  26,  23,  29,    2,  -22 },   // 0x145A uni145A  (#87)
  {  5117,  26,  29,  29,    1,  -28 },   // 0x145B uni145B  (#88)
  {  5212,  26,  29,  29,    2,  -28 },   // 0x145C uni145C  (#89)
  {  5307,  21,  22,  24,    1,  -21 },   // 0x145D uni145D  (#90)
  {  5365,  23,  22,  26,    2,  -21 },   // 0x145E uni145E  (#91)
  {  5429,  21,  29,  24,    1,  -28 },   // 0x145F uni145F  (#92)
  {  5506,  23,  29,  26,    2,  -28 },   // 0x1460 uni1460  (#93)
  {  5590,  23,  22,  26,    2,  -21 },   // 0x1461 uni1461  (#94)
  {  5654,  21,  22,  24,    2,  -21 },   // 0x1462 uni1462  (#95)
  {  5712,  23,  29,  26,    2,  -28 },   // 0x1463 uni1463  (#96)
  {  5796,  21,  29,  24,    2,  -28 },   // 0x1464 uni1464  (#97)
  {  5873,  23,  22,  26,    2,  -21 },   // 0x1465 uni1465  (#98)
  {  5937,   7,  11,  10,    1,  -21 },   // 0x1466 uni1466  (#99)
  {  5947,  24,  22,  28,    2,  -21 },   // 0x1467 uni1467  (#100)
  {  6013,  24,  23,  28,    2,  -22 },   // 0x1468 uni1468  (#101)
  {  6082,  21,  22,  25,    2,  -21 },   // 0x1469 uni1469  (#102)
  {  6140,  22,  22,  25,    2,  -21 },   // 0x146A uni146A  (#103)
  {  6201,  14,  23,  19,    2,  -22 },   // 0x146B uni146B  (#104)
  {  6242,  15,  31,  19,    2,  -30 },   // 0x146C uni146C  (#105)
  {  6301,  15,  23,  19,    2,  -22 },   // 0x146D uni146D  (#106)
  {  6345,  15,  29,  19,    2,  -28 },   // 0x146E uni146E  (#107)
  {  6400,  14,  22,  19,    2,  -21 },   // 0x146F uni146F  (#108)
  {  6439,  15,  29,  19,    2,  -28 },   // 0x1470 uni1470  (#109)
  {  6494,  19,  29,  19,    2,  -28 },   // 0x1471 uni1471  (#110)
  {  6563,  15,  22,  19,    2,  -21 },   // 0x1472 uni1472  (#111)
  {  6605,  15,  29,  19,    2,  -28 },   // 0x1473 uni1473  (#112)
  {  6660,  20,  23,  23,    1,  -22 },   // 0x1474 uni1474  (#113)
  {  6718,  20,  23,  24,    2,  -22 },   // 0x1475 uni1475  (#114)
  {  6776,  21,  23,  24,    1,  -22 },   // 0x1476 uni1476  (#115)
  {  6837,  20,  23,  23,    2,  -22 },   // 0x1477 uni1477  (#116)
  {  6895,  21,  29,  24,    1,  -28 },   // 0x1478 uni1478  (#117)
  {  6972,  20,  29,  23,    2,  -28 },   // 0x1479 uni1479  (#118)
  {  7045,  20,  22,  23,    1,  -21 },   // 0x147A uni147A  (#119)
  {  7100,  20,  22,  24,    2,  -21 },   // 0x147B uni147B  (#120)
  {  7155,  21,  29,  23,    1,  -28 },   // 0x147C uni147C  (#121)
  {  7232,  20,  29,  24,    2,  -28 },   // 0x147D uni147D  (#122)
  {  7305,  21,  22,  24,    1,  -21 },   // 0x147E uni147E  (#123)
  {  7363,  20,  22,  23,    2,  -21 },   // 0x147F uni147F  (#124)
  {  7418,  21,  29,  24,    1,  -28 },   // 0x1480 uni1480  (#125)
  {  7495,  20,  29,  23,    2,  -28 },   // 0x1481 uni1481  (#126)
  {  7568,  21,  22,  24,    1,  -21 },   // 0x1482 uni1482  (#127)
  {  7626,   9,  12,  12,    2,  -21 },   // 0x1483 uni1483  (#128)
  {  7640,   9,  12,  12,    1,  -21 },   // 0x1484 uni1484  (#129)
  {  7654,  19,  23,  23,    2,  -22 },   // 0x1485 uni1485  (#130)
  {  7709,  18,  23,  22,    2,  -22 },   // 0x1486 uni1486  (#131)
  {  7761,  19,  22,  23,    2,  -21 },   // 0x1487 uni1487  (#132)
  {  7814,  18,  22,  22,    2,  -21 },   // 0x1488 uni1488  (#133)
  {  7864,  16,  23,  20,    2,  -22 },   // 0x1489 uni1489  (#134)
  {  7910,  16,  31,  20,    2,  -30 },   // 0x148A uni148A  (#135)
  {  7972,  16,  23,  20,    2,  -22 },   // 0x148B uni148B  (#136)
  {  8018,  16,  29,  20,    2,  -28 },   // 0x148C uni148C  (#137)
  {  8076,  16,  22,  20,    2,  -21 },   // 0x148D uni148D  (#138)
  {  8120,  16,  29,  20,    2,  -28 },   // 0x148E uni148E  (#139)
  {  8178,  20,  29,  20,    2,  -28 },   // 0x148F uni148F  (#140)
  {  8251,  16,  22,  20,    2,  -21 },   // 0x1490 uni1490  (#141)
  {  8295,  16,  29,  20,    2,  -28 },   // 0x1491 uni1491  (#142)
  {  8353,  22,  23,  25,    1,  -22 },   // 0x1492 uni1492  (#143)
  {  8417,  22,  23,  25,    2,  -22 },   // 0x1493 uni1493  (#144)
  {  8481,  21,  23,  25,    2,  -22 },   // 0x1494 uni1494  (#145)
  {  8542,  22,  23,  25,    2,  -22 },   // 0x1495 uni1495  (#146)
  {  8606,  21,  29,  25,    2,  -28 },   // 0x1496 uni1496  (#147)
  {  8683,  22,  29,  25,    2,  -28 },   // 0x1497 uni1497  (#148)
  {  8763,  22,  22,  25,    1,  -21 },   // 0x1498 uni1498  (#149)
  {  8824,  22,  22,  25,    2,  -21 },   // 0x1499 uni1499  (#150)
  {  8885,  22,  29,  24,    1,  -28 },   // 0x149A uni149A  (#151)
  {  8965,  22,  29,  25,    2,  -28 },   // 0x149B uni149B  (#152)
  {  9045,  21,  22,  25,    2,  -21 },   // 0x149C uni149C  (#153)
  {  9103,  22,  22,  25,    2,  -21 },   // 0x149D uni149D  (#154)
  {  9164,  21,  29,  25,    2,  -28 },   // 0x149E uni149E  (#155)
  {  9241,  22,  29,  25,    2,  -28 },   // 0x149F uni149F  (#156)
  {  9321,  21,  22,  25,    2,  -21 },   // 0x14A0 uni14A0  (#157)
  {  9379,   9,  12,  12,    2,  -21 },   // 0x14A1 uni14A1  (#158)
  {  9393,   9,  12,  12,    2,  -21 },   // 0x14A2 uni14A2  (#159)
  {  9407,  14,  22,  19,    2,  -21 },   // 0x14A3 uni14A3  (#160)
  {  9446,  15,  31,  19,    2,  -30 },   // 0x14A4 uni14A4  (#161)
  {  9505,  15,  22,  19,    2,  -21 },   // 0x14A5 uni14A5  (#162)
  {  9547,  15,  29,  19,    2,  -28 },   // 0x14A6 uni14A6  (#163)
  {  9602,  14,  22,  19,    2,  -21 },   // 0x14A7 uni14A7  (#164)
  {  9641,  15,  29,  19,    2,  -28 },   // 0x14A8 uni14A8  (#165)
  {  9696,  19,  29,  19,    2,  -28 },   // 0x14A9 uni14A9  (#166)
  {  9765,  15,  22,  19,    2,  -21 },   // 0x14AA uni14AA  (#167)
  {  9807,  16,  29,  18,    1,  -28 },   // 0x14AB uni14AB  (#168)
  {  9865,  18,  22,  21,    1,  -21 },   // 0x14AC uni14AC  (#169)
  {  9915,  20,  22,  24,    2,  -21 },   // 0x14AD uni14AD  (#170)
  {  9970,  21,  22,  24,    1,  -21 },   // 0x14AE uni14AE  (#171)
  { 10028,  18,  22,  21,    2,  -21 },   // 0x14AF uni14AF  (#172)
  { 10078,  21,  29,  24,    1,  -28 },   // 0x14B0 uni14B0  (#173)
  { 10155,  18,  29,  21,    2,  -28 },   // 0x14B1 uni14B1  (#174)
  { 10221,  18,  22,  21,    1,  -21 },   // 0x14B2 uni14B2  (#175)
  { 10271,  20,  22,  24,    2,  -21 },   // 0x14B3 uni14B3  (#176)
  { 10326,  19,  29,  21,    1,  -28 },   // 0x14B4 uni14B4  (#177)
  { 10395,  20,  29,  24,    2,  -28 },   // 0x14B5 uni14B5  (#178)
  { 10468,  21,  22,  24,    1,  -21 },   // 0x14B6 uni14B6  (#179)
  { 10526,  18,  22,  21,    2,  -21 },   // 0x14B7 uni14B7  (#180)
  { 10576,  21,  29,  24,    1,  -28 },   // 0x14B8 uni14B8  (#181)
  { 10653,  18,  29,  21,    2,  -28 },   // 0x14B9 uni14B9  (#182)
  { 10719,  21,  22,  24,    1,  -21 },   // 0x14BA uni14BA  (#183)
  { 10777,   9,  11,  11,    1,  -21 },   // 0x14BB uni14BB  (#184)
  { 10790,   9,  11,  11,    1,  -21 },   // 0x14BC uni14BC  (#185)
  { 10803,   9,  11,  11,    1,  -21 },   // 0x14BD uni14BD  (#186)
  { 10816,   9,  12,  12,    1,  -22 },   // 0x14BE uni14BE  (#187)
  { 10830,  14,  23,  18,    2,  -22 },   // 0x14BF uni14BF  (#188)
  { 10871,  25,  16,  28,    2,  -15 },   // 0x14C0 uni14C0  (#189)
  { 10921,  25,  25,  28,    2,  -24 },   // 0x14C1 uni14C1  (#190)
  { 11000,  25,  16,  28,    2,  -15 },   // 0x14C2 uni14C2  (#191)
  { 11050,  25,  23,  28,    2,  -22 },   // 0x14C3 uni14C3  (#192)
  { 11122,  25,  16,  28,    2,  -15 },   // 0x14C4 uni14C4  (#193)
  { 11172,  25,  23,  28,    2,  -22 },   // 0x14C5 uni14C5  (#194)
  { 11244,  25,  23,  28,    2,  -22 },   // 0x14C6 uni14C6  (#195)
  { 11316,  25,  16,  28,    2,  -15 },   // 0x14C7 uni14C7  (#196)
  { 11366,  25,  23,  28,    2,  -22 },   // 0x14C8 uni14C8  (#197)
  { 11438,  30,  16,  33,    1,  -15 },   // 0x14C9 uni14C9  (#198)
  { 11498,  30,  16,  33,    2,  -15 },   // 0x14CA uni14CA  (#199)
  { 11558,  30,  16,  33,    1,  -15 },   // 0x14CB uni14CB  (#200)
  { 11618,  25,  16,  28,    2,  -15 },   // 0x14CC uni14CC  (#201)
  { 11668,  30,  23,  33,    1,  -22 },   // 0x14CD uni14CD  (#202)
  { 11755,  25,  23,  28,    2,  -22 },   // 0x14CE uni14CE  (#203)
  { 11827,  25,  23,  28,    2,  -22 },   // 0x14CF uni14CF  (#204)
  { 11899,  16,  11,  18,    1,  -22 },   // 0x14D0 uni14D0  (#205)
  { 11921,  11,  12,  13,    1,  -16 },   // 0x14D1 uni14D1  (#206)
  { 11938,  16,  11,  18,    1,  -22 },   // 0x14D2 uni14D2  (#207)
  { 11960,  24,  16,  28,    2,  -15 },   // 0x14D3 uni14D3  (#208)
  { 12008,  24,  25,  28,    2,  -24 },   // 0x14D4 uni14D4  (#209)
  { 12083,  24,  16,  28,    2,  -15 },   // 0x14D5 uni14D5  (#210)
  { 12131,  24,  23,  28,    2,  -22 },   // 0x14D6 uni14D6  (#211)
  { 12200,  24,  16,  28,    2,  -15 },   // 0x14D7 uni14D7  (#212)
  { 12248,  24,  23,  28,    2,  -22 },   // 0x14D8 uni14D8  (#213)
  { 12317,  24,  23,  28,    2,  -22 },   // 0x14D9 uni14D9  (#214)
  { 12386,  24,  16,  28,    2,  -15 },   // 0x14DA uni14DA  (#215)
  { 12434,  24,  23,  28,    2,  -22 },   // 0x14DB uni14DB  (#216)
  { 12503,  30,  16,  32,    1,  -15 },   // 0x14DC uni14DC  (#217)
  { 12563,  29,  16,  32,    2,  -15 },   // 0x14DD uni14DD  (#218)
  { 12621,  30,  16,  32,    1,  -15 },   // 0x14DE uni14DE  (#219)
  { 12681,  29,  16,  32,    2,  -15 },   // 0x14DF uni14DF  (#220)
  { 12739,  30,  23,  32,    1,  -22 },   // 0x14E0 uni14E0  (#221)
  { 12826,  29,  23,  32,    2,  -22 },   // 0x14E1 uni14E1  (#222)
  { 12910,  24,  16,  28,    2,  -15 },   // 0x14E2 uni14E2  (#223)
  { 12958,  29,  16,  32,    2,  -15 },   // 0x14E3 uni14E3  (#224)
  { 13016,  24,  23,  28,    2,  -22 },   // 0x14E4 uni14E4  (#225)
  { 13085,  29,  23,  33,    2,  -22 },   // 0x14E5 uni14E5  (#226)
  { 13169,  30,  16,  32,    1,  -15 },   // 0x14E6 uni14E6  (#227)
  { 13229,  24,  16,  28,    2,  -15 },   // 0x14E7 uni14E7  (#228)
  { 13277,  30,  23,  32,    1,  -22 },   // 0x14E8 uni14E8  (#229)
  { 13364,  24,  23,  28,    2,  -22 },   // 0x14E9 uni14E9  (#230)
  { 13433,  14,  10,  16,    1,  -21 },   // 0x14EA uni14EA  (#231)
  { 13451,   9,  13,  11,    1,  -22 },   // 0x14EB uni14EB  (#232)
  { 13466,  16,  23,  19,    2,  -22 },   // 0x14EC uni14EC  (#233)
  { 13512,  14,  22,  18,    2,  -21 },   // 0x14ED uni14ED  (#234)
  { 13551,  16,  31,  18,    2,  -30 },   // 0x14EE uni14EE  (#235)
  { 13613,  14,  22,  18,    2,  -21 },   // 0x14EF uni14EF  (#236)
  { 13652,  15,  29,  18,    2,  -28 },   // 0x14F0 uni14F0  (#237)
  { 13707,  14,  22,  18,    2,  -21 },   // 0x14F1 uni14F1  (#238)
  { 13746,  15,  29,  18,    2,  -28 },   // 0x14F2 uni14F2  (#239)
  { 13801,  18,  29,  18,    2,  -28 },   // 0x14F3 uni14F3  (#240)
  { 13867,  14,  22,  18,    2,  -21 },   // 0x14F4 uni14F4  (#241)
  { 13906,  14,  29,  18,    2,  -28 },   // 0x14F5 uni14F5  (#242)
  { 13957,  19,  22,  22,    1,  -21 },   // 0x14F6 uni14F6  (#243)
  { 14010,  20,  22,  23,    2,  -21 },   // 0x14F7 uni14F7  (#244)
  { 14065,  20,  22,  23,    1,  -21 },   // 0x14F8 uni14F8  (#245)
  { 14120,  19,  22,  22,    2,  -21 },   // 0x14F9 uni14F9  (#246)
  { 14173,  21,  29,  23,    1,  -28 },   // 0x14FA uni14FA  (#247)
  { 14250,  19,  29,  22,    2,  -28 },   // 0x14FB uni14FB  (#248)
  { 14319,  19,  22,  22,    1,  -21 },   // 0x14FC uni14FC  (#249)
  { 14372,  20,  22,  23,    2,  -21 },   // 0x14FD uni14FD  (#250)
  { 14427,  20,  29,  22,    1,  -28 },   // 0x14FE uni14FE  (#251)
  { 14500,  20,  29,  23,    2,  -28 },   // 0x14FF uni14FF  (#252)
  { 14573,  20,  22,  23,    1,  -21 },   // 0x1500 uni1500  (#253)
  { 14628,  19,  22,  22,    2,  -21 },   // 0x1501 uni1501  (#254)
  { 14681,  20,  29,  23,    1,  -28 },   // 0x1502 uni1502  (#255)
  { 14754,  19,  29,  22,    2,  -28 },   // 0x1503 uni1503  (#256)
  { 14823,  20,  22,  23,    1,  -21 },   // 0x1504 uni1504  (#257)
  { 14878,   9,  11,  11,    1,  -21 },   // 0x1505 uni1505  (#258)
  { 14891,   9,  12,  11,    1,  -16 },   // 0x1506 uni1506  (#259)
  { 14905,   9,  11,  11,    1,  -21 },   // 0x1507 uni1507  (#260)
  { 14918,  11,  11,  13,    1,  -21 },   // 0x1508 uni1508  (#261)
  { 14934,   9,  14,  11,    1,  -21 },   // 0x1509 uni1509  (#262)
  { 14950,   9,  14,  11,    1,  -21 },   // 0x150A uni150A  (#263)
  { 14966,   9,  20,  11,    1,  -25 },   // 0x150B uni150B  (#264)
  { 14989,  20,  29,  22,    1,  -28 },   // 0x150C uni150C  (#265)
  { 15062,  29,  26,  31,    1,  -25 },   // 0x150D uni150D  (#266)
  { 15157,  26,  26,  28,    1,  -25 },   // 0x150E uni150E  (#267)
  { 15242,  27,  26,  30,    1,  -25 },   // 0x150F uni150F  (#268)
  { 15330,  23,  23,  26,    2,  -22 },   // 0x1510 uni1510  (#269)
  { 15397,  23,  23,  26,    2,  -22 },   // 0x1511 uni1511  (#270)
  { 15464,  23,  29,  26,    2,  -28 },   // 0x1512 uni1512  (#271)
  { 15548,  27,  14,  31,    2,  -12 },   // 0x1513 uni1513  (#272)
  { 15596,  27,  24,  31,    2,  -22 },   // 0x1514 uni1514  (#273)
  { 15677,  27,  14,  31,    2,  -12 },   // 0x1515 uni1515  (#274)
  { 15725,  27,  24,  31,    2,  -22 },   // 0x1516 uni1516  (#275)
  { 15806,  28,  23,  31,    1,  -22 },   // 0x1517 uni1517  (#276)
  { 15887,  28,  23,  31,    2,  -22 },   // 0x1518 uni1518  (#277)
  { 15968,  28,  23,  31,    1,  -22 },   // 0x1519 uni1519  (#278)
  { 16049,  28,  23,  31,    2,  -22 },   // 0x151A uni151A  (#279)
  { 16130,  28,  29,  31,    1,  -28 },   // 0x151B uni151B  (#280)
  { 16232,  28,  29,  31,    2,  -28 },   // 0x151C uni151C  (#281)
  { 16334,  33,  14,  36,    1,  -12 },   // 0x151D uni151D  (#282)
  { 16392,  32,  14,  36,    2,  -12 },   // 0x151E uni151E  (#283)
  { 16448,  33,  24,  36,    1,  -22 },   // 0x151F uni151F  (#284)
  { 16547,  32,  24,  36,    2,  -22 },   // 0x1520 uni1520  (#285)
  { 16643,  33,  14,  36,    1,  -12 },   // 0x1521 uni1521  (#286)
  { 16701,  32,  14,  36,    2,  -12 },   // 0x1522 uni1522  (#287)
  { 16757,  33,  24,  36,    1,  -22 },   // 0x1523 uni1523  (#288)
  { 16856,  32,  24,  36,    2,  -22 },   // 0x1524 uni1524  (#289)
  { 16952,  17,  11,  20,    1,  -22 },   // 0x1525 uni1525  (#290)
  { 16976,  15,  23,  18,    1,  -22 },   // 0x1526 uni1526  (#291)
  { 17020,  14,  31,  18,    2,  -30 },   // 0x1527 uni1527  (#292)
  { 17075,  14,  23,  18,    2,  -22 },   // 0x1528 uni1528  (#293)
  { 17116,  14,  29,  18,    2,  -28 },   // 0x1529 uni1529  (#294)
  { 17167,  15,  22,  18,    1,  -21 },   // 0x152A uni152A  (#295)
  { 17209,  15,  29,  18,    1,  -28 },   // 0x152B uni152B  (#296)
  { 17264,  19,  29,  18,    1,  -28 },   // 0x152C uni152C  (#297)
  { 17333,  14,  22,  18,    2,  -21 },   // 0x152D uni152D  (#298)
  { 17372,  15,  29,  18,    1,  -28 },   // 0x152E uni152E  (#299)
  { 17427,  19,  23,  22,    1,  -22 },   // 0x152F uni152F  (#300)
  { 17482,  20,  23,  22,    1,  -22 },   // 0x1530 uni1530  (#301)
  { 17540,  20,  23,  22,    1,  -22 },   // 0x1531 uni1531  (#302)
  { 17598,  19,  23,  22,    2,  -22 },   // 0x1532 uni1532  (#303)
  { 17653,  20,  29,  22,    1,  -28 },   // 0x1533 uni1533  (#304)
  { 17726,  19,  29,  22,    2,  -28 },   // 0x1534 uni1534  (#305)
  { 17795,  19,  22,  22,    1,  -21 },   // 0x1535 uni1535  (#306)
  { 17848,  20,  22,  23,    1,  -21 },   // 0x1536 uni1536  (#307)
  { 17903,  20,  29,  22,    1,  -28 },   // 0x1537 uni1537  (#308)
  { 17976,  20,  29,  23,    1,  -28 },   // 0x1538 uni1538  (#309)
  { 18049,  20,  22,  22,    1,  -21 },   // 0x1539 uni1539  (#310)
  { 18104,  19,  22,  22,    2,  -21 },   // 0x153A uni153A  (#311)
  { 18157,  20,  29,  22,    1,  -28 },   // 0x153B uni153B  (#312)
  { 18230,  20,  29,  22,    1,  -28 },   // 0x153C uni153C  (#313)
  { 18303,  20,  22,  22,    1,  -21 },   // 0x153D uni153D  (#314)
  { 18358,   8,  12,  11,    2,  -21 },   // 0x153E uni153E  (#315)
  { 18370,  15,  11,  17,    1,  -21 },   // 0x153F uni153F  (#316)
  { 18391,  10,  11,  12,    1,  -16 },   // 0x1540 uni1540  (#317)
  { 18405,  10,  10,  12,    1,  -16 },   // 0x1541 uni1541  (#318)
  { 18418,  25,  16,  28,    2,  -15 },   // 0x1542 uni1542  (#319)
  { 18468,  24,  16,  28,    2,  -15 },   // 0x1543 uni1543  (#320)
  { 18516,  24,  16,  28,    2,  -15 },   // 0x1544 uni1544  (#321)
  { 18564,  25,  25,  28,    2,  -24 },   // 0x1545 uni1545  (#322)
  { 18643,  25,  16,  28,    2,  -15 },   // 0x1546 uni1546  (#323)
  { 18693,  25,  23,  28,    2,  -22 },   // 0x1547 uni1547  (#324)
  { 18765,  15,  22,  18,    2,  -21 },   // 0x1548 uni1548  (#325)
  { 18807,  15,  29,  18,    2,  -28 },   // 0x1549 uni1549  (#326)
  { 18862,  15,  22,  18,    2,  -21 },   // 0x154A uni154A  (#327)
  { 18904,  14,  22,  18,    2,  -21 },   // 0x154B uni154B  (#328)
  { 18943,  14,  29,  18,    2,  -28 },   // 0x154C uni154C  (#329)
  { 18994,  14,  22,  18,    2,  -21 },   // 0x154D uni154D  (#330)
  { 19033,  20,  29,  23,    1,  -28 },   // 0x154E uni154E  (#331)
  { 19106,  20,  29,  23,    2,  -28 },   // 0x154F uni154F  (#332)
  { 19179,   8,  11,  11,    1,  -21 },   // 0x1550 uni1550  (#333)
  { 19190,   9,  13,  12,    1,  -22 },   // 0x1551 uni1551  (#334)
  { 19205,  16,  23,  19,    2,  -22 },   // 0x1552 uni1552  (#335)
  { 19251,  21,  23,  25,    2,  -22 },   // 0x1553 uni1553  (#336)
  { 19312,  21,  31,  25,    2,  -30 },   // 0x1554 uni1554  (#337)
  { 19394,  21,  23,  25,    2,  -22 },   // 0x1555 uni1555  (#338)
  { 19455,  21,  29,  25,    2,  -28 },   // 0x1556 uni1556  (#339)
  { 19532,  22,  23,  25,    2,  -22 },   // 0x1557 uni1557  (#340)
  { 19596,  22,  29,  25,    2,  -28 },   // 0x1558 uni1558  (#341)
  { 19676,  22,  23,  25,    1,  -22 },   // 0x1559 uni1559  (#342)
  { 19740,  22,  29,  25,    1,  -28 },   // 0x155A uni155A  (#343)
  { 19820,  27,  29,  30,    1,  -28 },   // 0x155B uni155B  (#344)
  { 19918,  27,  29,  29,    1,  -28 },   // 0x155C uni155C  (#345)
  { 20016,  14,  13,  16,    1,  -22 },   // 0x155D uni155D  (#346)
  { 20039,  20,  23,  24,    2,  -22 },   // 0x155E uni155E  (#347)
  { 20097,  20,  23,  24,    2,  -22 },   // 0x155F uni155F  (#348)
  { 20155,  20,  23,  24,    2,  -22 },   // 0x1560 uni1560  (#349)
  { 20213,  20,  23,  24,    2,  -22 },   // 0x1561 uni1561  (#350)
  { 20271,  20,  29,  24,    2,  -28 },   // 0x1562 uni1562  (#351)
  { 20344,  20,  29,  24,    2,  -28 },   // 0x1563 uni1563  (#352)
  { 20417,  19,  22,  23,    2,  -21 },   // 0x1564 uni1564  (#353)
  { 20470,  19,  29,  23,    2,  -28 },   // 0x1565 uni1565  (#354)
  { 20539,  20,  22,  23,    2,  -21 },   // 0x1566 uni1566  (#355)
  { 20594,  20,  29,  23,    2,  -28 },   // 0x1567 uni1567  (#356)
  { 20667,  26,  29,  28,    1,  -28 },   // 0x1568 uni1568  (#357)
  { 20762,  24,  29,  27,    2,  -28 },   // 0x1569 uni1569  (#358)
  { 20849,  11,  12,  14,    2,  -22 },   // 0x156A uni156A  (#359)
  { 20866,  20,  22,  24,    2,  -21 },   // 0x156B uni156B  (#360)
  { 20921,  20,  23,  24,    2,  -22 },   // 0x156C uni156C  (#361)
  { 20979,  17,  22,  21,    2,  -21 },   // 0x156D uni156D  (#362)
  { 21026,  18,  22,  21,    2,  -21 },   // 0x156E uni156E  (#363)
  { 21076,  25,  10,  27,    1,  -21 },   // 0x156F uni156F  (#364)
  { 21108,  20,  22,  24,    2,  -21 },   // 0x1570 uni1570  (#365)
  { 21163,  20,  23,  24,    2,  -22 },   // 0x1571 uni1571  (#366)
  { 21221,  17,  22,  21,    2,  -21 },   // 0x1572 uni1572  (#367)
  { 21268,  18,  22,  21,    2,  -21 },   // 0x1573 uni1573  (#368)
  { 21318,  23,  23,  25,    2,  -22 },   // 0x1574 uni1574  (#369)
  { 21385,  23,  23,  25,    1,  -22 },   // 0x1575 uni1575  (#370)
  { 21452,  23,  29,  25,    1,  -28 },   // 0x1576 uni1576  (#371)
  { 21536,  23,  22,  25,    2,  -21 },   // 0x1577 uni1577  (#372)
  { 21600,  23,  29,  25,    2,  -28 },   // 0x1578 uni1578  (#373)
  { 21684,  23,  22,  25,    1,  -21 },   // 0x1579 uni1579  (#374)
  { 21748,  23,  29,  25,    1,  -28 },   // 0x157A uni157A  (#375)
  { 21832,  14,  12,  16,    1,  -21 },   // 0x157B uni157B  (#376)
  { 21853,  16,  22,  21,    2,  -21 },   // 0x157C uni157C  (#377)
  { 21897,  10,  10,  12,    1,  -21 },   // 0x157D uni157D  (#378)
  { 21910,  26,  31,  28,    1,  -30 },   // 0x157E uni157E  (#379)
  { 22011,  26,  23,  28,    1,  -22 },   // 0x157F uni157F  (#380)
  { 22086,  26,  29,  28,    1,  -28 },   // 0x1580 uni1580  (#381)
  { 22181,  25,  22,  28,    1,  -21 },   // 0x1581 uni1581  (#382)
  { 22250,  25,  29,  28,    1,  -28 },   // 0x1582 uni1582  (#383)
  { 22341,  26,  22,  28,    1,  -21 },   // 0x1583 uni1583  (#384)
  { 22413,  26,  29,  28,    1,  -28 },   // 0x1584 uni1584  (#385)
  { 22508,  20,  12,  22,    1,  -21 },   // 0x1585 uni1585  (#386)
  { 22538,  14,  23,  19,    2,  -22 },   // 0x1586 uni1586  (#387)
  { 22579,  15,  23,  19,    2,  -22 },   // 0x1587 uni1587  (#388)
  { 22623,  14,  22,  19,    2,  -21 },   // 0x1588 uni1588  (#389)
  { 22662,  15,  22,  19,    2,  -21 },   // 0x1589 uni1589  (#390)
  { 22704,  24,  23,  27,    2,  -22 },   // 0x158A uni158A  (#391)
  { 22773,  24,  23,  27,    1,  -22 },   // 0x158B uni158B  (#392)
  { 22842,  24,  22,  27,    2,  -21 },   // 0x158C uni158C  (#393)
  { 22908,  24,  22,  27,    1,  -21 },   // 0x158D uni158D  (#394)
  { 22974,  33,  31,  37,    2,  -30 },   // 0x158E uni158E  (#395)
  { 23102,  33,  23,  37,    2,  -22 },   // 0x158F uni158F  (#396)
  { 23197,  33,  29,  37,    2,  -28 },   // 0x1590 uni1590  (#397)
  { 23317,  25,  23,  29,    2,  -22 },   // 0x1591 uni1591  (#398)
  { 23389,  25,  29,  29,    2,  -28 },   // 0x1592 uni1592  (#399)
  { 23480,  33,  23,  37,    2,  -22 },   // 0x1593 uni1593  (#400)
  { 23575,  33,  29,  37,    2,  -28 },   // 0x1594 uni1594  (#401)
  { 23695,  15,  13,  18,    2,  -22 },   // 0x1595 uni1595  (#402)
  { 23720,  23,  13,  27,    2,  -22 },   // 0x1596 uni1596  (#403)
  { 23758,  14,  23,  19,    2,  -22 },   // 0x1597 uni1597  (#404)
  { 23799,  15,  23,  19,    2,  -22 },   // 0x1598 uni1598  (#405)
  { 23843,  14,  22,  19,    2,  -21 },   // 0x1599 uni1599  (#406)
  { 23882,  15,  22,  19,    2,  -21 },   // 0x159A uni159A  (#407)
  { 23924,  25,  21,  28,    2,  -20 },   // 0x159B uni159B  (#408)
  { 23990,  25,  21,  28,    2,  -20 },   // 0x159C uni159C  (#409)
  { 24056,  25,  21,  28,    2,  -20 },   // 0x159D uni159D  (#410)
  { 24122,  25,  21,  28,    2,  -20 },   // 0x159E uni159E  (#411)
  { 24188,  16,  14,  19,    1,  -25 },   // 0x159F uni159F  (#412)
  { 24216,  24,  24,  28,    2,  -23 },   // 0x15A0 uni15A0  (#413)
  { 24288,  24,  29,  28,    2,  -28 },   // 0x15A1 uni15A1  (#414)
  { 24375,  24,  24,  28,    2,  -15 },   // 0x15A2 uni15A2  (#415)
  { 24447,  24,  31,  28,    2,  -22 },   // 0x15A3 uni15A3  (#416)
  { 24540,  24,  24,  28,    2,  -15 },   // 0x15A4 uni15A4  (#417)
  { 24612,  24,  31,  28,    2,  -22 },   // 0x15A5 uni15A5  (#418)
  { 24705,  16,  14,  18,    1,  -21 },   // 0x15A6 uni15A6  (#419)
  { 24733,  17,  23,  19,    1,  -22 },   // 0x15A7 uni15A7  (#420)
  { 24782,  16,  23,  19,    2,  -22 },   // 0x15A8 uni15A8  (#421)
  { 24828,  16,  29,  19,    2,  -28 },   // 0x15A9 uni15A9  (#422)
  { 24886,  17,  22,  19,    1,  -21 },   // 0x15AA uni15AA  (#423)
  { 24933,  17,  29,  19,    1,  -28 },   // 0x15AB uni15AB  (#424)
  { 24995,  16,  22,  19,    2,  -21 },   // 0x15AC uni15AC  (#425)
  { 25039,  16,  29,  19,    2,  -28 },   // 0x15AD uni15AD  (#426)
  { 25097,   9,  12,  12,    1,  -21 },   // 0x15AE uni15AE  (#427)
  { 25111,  15,  22,  19,    2,  -21 },   // 0x15AF uni15AF  (#428)
  { 25153,  12,  23,  16,    2,  -22 },   // 0x15B0 uni15B0  (#429)
  { 25188,  12,  22,  16,    2,  -21 },   // 0x15B1 uni15B1  (#430)
  { 25221,  12,  22,  16,    2,  -21 },   // 0x15B2 uni15B2  (#431)
  { 25254,  12,  23,  16,    2,  -22 },   // 0x15B3 uni15B3  (#432)
  { 25289,  14,  22,  18,    2,  -21 },   // 0x15B4 uni15B4  (#433)
  { 25328,  13,  22,  18,    2,  -21 },   // 0x15B5 uni15B5  (#434)
  { 25364,  14,  22,  18,    2,  -21 },   // 0x15B6 uni15B6  (#435)
  { 25403,  13,  22,  18,    2,  -21 },   // 0x15B7 uni15B7  (#436)
  { 25439,  18,  22,  21,    2,  -21 },   // 0x15B8 uni15B8  (#437)
  { 25489,  17,  22,  21,    2,  -21 },   // 0x15B9 uni15B9  (#438)
  { 25536,  18,  22,  21,    2,  -21 },   // 0x15BA uni15BA  (#439)
  { 25586,  17,  22,  21,    2,  -21 },   // 0x15BB uni15BB  (#440)
  { 25633,  18,  22,  21,    2,  -21 },   // 0x15BC uni15BC  (#441)
  { 25683,  18,  22,  21,    1,  -21 },   // 0x15BD uni15BD  (#442)
  { 25733,  18,  22,  21,    2,  -21 },   // 0x15BE uni15BE  (#443)
  { 25783,  18,  22,  21,    1,  -21 },   // 0x15BF uni15BF  (#444)
  { 25833,  20,  23,  24,    2,  -22 },   // 0x15C0 uni15C0  (#445)
  { 25891,  20,  23,  24,    2,  -22 },   // 0x15C1 uni15C1  (#446)
  { 25949,  20,  22,  24,    2,  -21 },   // 0x15C2 uni15C2  (#447)
  { 26004,  20,  22,  24,    2,  -21 },   // 0x15C3 uni15C3  (#448)
  { 26059,  22,  22,  26,    2,  -21 },   // 0x15C4 uni15C4  (#449)
  { 26120,  22,  23,  26,    2,  -22 },   // 0x15C5 uni15C5  (#450)
  { 26184,  19,  23,  22,    2,  -22 },   // 0x15C6 uni15C6  (#451)
  { 26239,  19,  23,  22,    2,  -22 },   // 0x15C7 uni15C7  (#452)
  { 26294,  19,  23,  22,    2,  -22 },   // 0x15C8 uni15C8  (#453)
  { 26349,  20,  23,  22,    1,  -22 },   // 0x15C9 uni15C9  (#454)
  { 26407,  22,  22,  26,    2,  -21 },   // 0x15CA uni15CA  (#455)
  { 26468,  22,  23,  26,    2,  -22 },   // 0x15CB uni15CB  (#456)
  { 26532,  19,  23,  22,    2,  -22 },   // 0x15CC uni15CC  (#457)
  { 26587,  19,  23,  22,    2,  -22 },   // 0x15CD uni15CD  (#458)
  { 26642,  19,  23,  22,    2,  -22 },   // 0x15CE uni15CE  (#459)
  { 26697,  20,  23,  22,    1,  -22 },   // 0x15CF uni15CF  (#460)
  { 26755,  22,  22,  26,    2,  -21 },   // 0x15D0 uni15D0  (#461)
  { 26816,  22,  23,  26,    2,  -22 },   // 0x15D1 uni15D1  (#462)
  { 26880,  19,  23,  22,    2,  -22 },   // 0x15D2 uni15D2  (#463)
  { 26935,  19,  23,  22,    2,  -22 },   // 0x15D3 uni15D3  (#464)
  { 26990,  20,  23,  25,    2,  -22 },   // 0x15D4 uni15D4  (#465)
  { 27048,  20,  23,  22,    1,  -22 },   // 0x15D5 uni15D5  (#466)
  { 27106,  23,  22,  25,    1,  -21 },   // 0x15D6 uni15D6  (#467)
  { 27170,  22,  23,  26,    2,  -22 },   // 0x15D7 uni15D7  (#468)
  { 27234,  19,  23,  22,    2,  -22 },   // 0x15D8 uni15D8  (#469)
  { 27289,  19,  23,  22,    2,  -22 },   // 0x15D9 uni15D9  (#470)
  { 27344,  19,  23,  22,    2,  -22 },   // 0x15DA uni15DA  (#471)
  { 27399,  20,  23,  22,    1,  -22 },   // 0x15DB uni15DB  (#472)
  { 27457,  20,  22,  24,    2,  -21 },   // 0x15DC uni15DC  (#473)
  { 27512,  20,  23,  24,    2,  -22 },   // 0x15DD uni15DD  (#474)
  { 27570,  20,  22,  24,    2,  -21 },   // 0x15DE uni15DE  (#475)
  { 27625,  20,  22,  24,    2,  -21 },   // 0x15DF uni15DF  (#476)
  { 27680,  20,  22,  24,    2,  -21 },   // 0x15E0 uni15E0  (#477)
  { 27735,  20,  22,  24,    2,  -21 },   // 0x15E1 uni15E1  (#478)
  { 27790,  20,  22,  24,    2,  -21 },   // 0x15E2 uni15E2  (#479)
  { 27845,  20,  23,  24,    2,  -22 },   // 0x15E3 uni15E3  (#480)
  { 27903,  21,  22,  25,    2,  -21 },   // 0x15E4 uni15E4  (#481)
  { 27961,  21,  22,  25,    2,  -21 },   // 0x15E5 uni15E5  (#482)
  { 28019,  21,  22,  25,    2,  -21 },   // 0x15E6 uni15E6  (#483)
  { 28077,  21,  22,  25,    2,  -21 },   // 0x15E7 uni15E7  (#484)
  { 28135,  20,  22,  24,    2,  -21 },   // 0x15E8 uni15E8  (#485)
  { 28190,  20,  23,  24,    2,  -22 },   // 0x15E9 uni15E9  (#486)
  { 28248,  23,  22,  27,    2,  -21 },   // 0x15EA uni15EA  (#487)
  { 28312,  23,  22,  27,    2,  -21 },   // 0x15EB uni15EB  (#488)
  { 28376,  23,  22,  27,    2,  -21 },   // 0x15EC uni15EC  (#489)
  { 28440,  23,  22,  27,    2,  -21 },   // 0x15ED uni15ED  (#490)
  { 28504,  11,  12,  13,    1,  -16 },   // 0x15EE uni15EE  (#491)
  { 28521,  24,  22,  28,    2,  -21 },   // 0x15EF uni15EF  (#492)
  { 28587,  24,  23,  28,    2,  -22 },   // 0x15F0 uni15F0  (#493)
  { 28656,  18,  22,  22,    2,  -21 },   // 0x15F1 uni15F1  (#494)
  { 28706,  18,  22,  22,    2,  -21 },   // 0x15F2 uni15F2  (#495)
  { 28756,  18,  22,  22,    2,  -21 },   // 0x15F3 uni15F3  (#496)
  { 28806,  18,  22,  22,    2,  -21 },   // 0x15F4 uni15F4  (#497)
  { 28856,  24,  22,  28,    2,  -21 },   // 0x15F5 uni15F5  (#498)
  { 28922,  24,  23,  28,    2,  -22 },   // 0x15F6 uni15F6  (#499)
  { 28991,  20,  22,  24,    2,  -21 },   // 0x15F7 uni15F7  (#500)
  { 29046,  20,  22,  24,    2,  -21 },   // 0x15F8 uni15F8  (#501)
  { 29101,  20,  22,  24,    2,  -21 },   // 0x15F9 uni15F9  (#502)
  { 29156,  20,  22,  24,    2,  -21 },   // 0x15FA uni15FA  (#503)
  { 29211,  24,  22,  28,    2,  -21 },   // 0x15FB uni15FB  (#504)
  { 29277,  24,  23,  28,    2,  -22 },   // 0x15FC uni15FC  (#505)
  { 29346,  19,  22,  24,    2,  -21 },   // 0x15FD uni15FD  (#506)
  { 29399,  19,  22,  24,    2,  -21 },   // 0x15FE uni15FE  (#507)
  { 29452,  19,  22,  24,    2,  -21 },   // 0x15FF uni15FF  (#508)
  { 29505,  20,  22,  24,    2,  -21 },   // 0x1600 uni1600  (#509)
  { 29560,  12,  12,  13,    1,  -16 },   // 0x1601 uni1601  (#510)
  { 29578,  19,  22,  23,    2,  -21 },   // 0x1602 uni1602  (#511)
  { 29631,  19,  23,  23,    2,  -22 },   // 0x1603 uni1603  (#512)
  { 29686,  20,  22,  24,    2,  -21 },   // 0x1604 uni1604  (#513)
  { 29741,  20,  22,  24,    2,  -21 },   // 0x1605 uni1605  (#514)
  { 29796,  20,  22,  24,    2,  -21 },   // 0x1606 uni1606  (#515)
  { 29851,  21,  22,  24,    2,  -21 },   // 0x1607 uni1607  (#516)
  { 29909,  24,  22,  28,    2,  -21 },   // 0x1608 uni1608  (#517)
  { 29975,  24,  23,  28,    2,  -22 },   // 0x1609 uni1609  (#518)
  { 30044,  19,  22,  23,    2,  -21 },   // 0x160A uni160A  (#519)
  { 30097,  19,  22,  23,    2,  -21 },   // 0x160B uni160B  (#520)
  { 30150,  19,  22,  23,    2,  -21 },   // 0x160C uni160C  (#521)
  { 30203,  19,  22,  23,    2,  -21 },   // 0x160D uni160D  (#522)
  { 30256,  24,  23,  28,    2,  -22 },   // 0x160E uni160E  (#523)
  { 30325,  24,  23,  28,    2,  -22 },   // 0x160F uni160F  (#524)
  { 30394,  22,  22,  25,    1,  -21 },   // 0x1610 uni1610  (#525)
  { 30455,  22,  22,  25,    1,  -21 },   // 0x1611 uni1611  (#526)
  { 30516,  22,  22,  25,    1,  -21 },   // 0x1612 uni1612  (#527)
  { 30577,  22,  23,  25,    2,  -22 },   // 0x1613 uni1613  (#528)
  { 30641,  22,  22,  26,    2,  -21 },   // 0x1614 uni1614  (#529)
  { 30702,  22,  22,  26,    2,  -21 },   // 0x1615 uni1615  (#530)
  { 30763,  22,  23,  26,    2,  -22 },   // 0x1616 uni1616  (#531)
  { 30827,  25,  23,  29,    2,  -22 },   // 0x1617 uni1617  (#532)
  { 30899,  25,  23,  29,    2,  -22 },   // 0x1618 uni1618  (#533)
  { 30971,  25,  23,  29,    2,  -22 },   // 0x1619 uni1619  (#534)
  { 31043,  25,  23,  29,    2,  -22 },   // 0x161A uni161A  (#535)
  { 31115,  25,  23,  29,    2,  -22 },   // 0x161B uni161B  (#536)
  { 31187,  25,  23,  28,    2,  -22 },   // 0x161C uni161C  (#537)
  { 31259,  24,  23,  28,    2,  -22 },   // 0x161D uni161D  (#538)
  { 31328,  26,  23,  30,    2,  -22 },   // 0x161E uni161E  (#539)
  { 31403,  26,  23,  30,    2,  -22 },   // 0x161F uni161F  (#540)
  { 31478,  26,  23,  30,    2,  -22 },   // 0x1620 uni1620  (#541)
  { 31553,  26,  24,  30,    2,  -22 },   // 0x1621 uni1621  (#542)
  { 31631,  21,  22,  25,    2,  -21 },   // 0x1622 uni1622  (#543)
  { 31689,  21,  23,  25,    2,  -22 },   // 0x1623 uni1623  (#544)
  { 31750,  22,  23,  26,    2,  -22 },   // 0x1624 uni1624  (#545)
  { 31814,  22,  23,  26,    2,  -22 },   // 0x1625 uni1625  (#546)
  { 31878,  22,  23,  26,    2,  -22 },   // 0x1626 uni1626  (#547)
  { 31942,  22,  23,  26,    2,  -22 },   // 0x1627 uni1627  (#548)
  { 32006,  23,  24,  27,    2,  -23 },   // 0x1628 uni1628  (#549)
  { 32075,  23,  25,  27,    2,  -22 },   // 0x1629 uni1629  (#550)
  { 32147,  24,  23,  28,    2,  -22 },   // 0x162A uni162A  (#551)
  { 32216,  24,  23,  28,    2,  -22 },   // 0x162B uni162B  (#552)
  { 32285,  24,  23,  28,    2,  -22 },   // 0x162C uni162C  (#553)
  { 32354,  24,  23,  28,    2,  -22 },   // 0x162D uni162D  (#554)
  { 32423,  24,  22,  28,    2,  -21 },   // 0x162E uni162E  (#555)
  { 32489,  24,  23,  28,    2,  -22 },   // 0x162F uni162F  (#556)
  { 32558,  22,  23,  26,    2,  -22 },   // 0x1630 uni1630  (#557)
  { 32622,  22,  23,  26,    2,  -22 },   // 0x1631 uni1631  (#558)
  { 32686,  22,  23,  26,    2,  -22 },   // 0x1632 uni1632  (#559)
  { 32750,  22,  23,  26,    2,  -22 },   // 0x1633 uni1633  (#560)
  { 32814,  26,  24,  30,    2,  -23 },   // 0x1634 uni1634  (#561)
  { 32892,  26,  25,  30,    2,  -22 },   // 0x1635 uni1635  (#562)
  { 32974,  23,  23,  28,    2,  -22 },   // 0x1636 uni1636  (#563)
  { 33041,  23,  23,  28,    2,  -22 },   // 0x1637 uni1637  (#564)
  { 33108,  23,  23,  28,    2,  -22 },   // 0x1638 uni1638  (#565)
  { 33175,  24,  23,  28,    2,  -22 },   // 0x1639 uni1639  (#566)
  { 33244,  28,  24,  32,    2,  -23 },   // 0x163A uni163A  (#567)
  { 33328,  28,  25,  32,    2,  -22 },   // 0x163B uni163B  (#568)
  { 33416,  23,  23,  27,    2,  -22 },   // 0x163C uni163C  (#569)
  { 33483,  23,  23,  27,    2,  -22 },   // 0x163D uni163D  (#570)
  { 33550,  23,  23,  27,    2,  -22 },   // 0x163E uni163E  (#571)
  { 33617,  23,  23,  27,    2,  -22 },   // 0x163F uni163F  (#572)
  { 33684,  22,  22,  26,    2,  -21 },   // 0x1640 uni1640  (#573)
  { 33745,  22,  23,  26,    2,  -22 },   // 0x1641 uni1641  (#574)
  { 33809,  22,  23,  26,    2,  -22 },   // 0x1642 uni1642  (#575)
  { 33873,  22,  23,  26,    2,  -22 },   // 0x1643 uni1643  (#576)
  { 33937,  22,  23,  26,    2,  -22 },   // 0x1644 uni1644  (#577)
  { 34001,  22,  23,  26,    2,  -22 },   // 0x1645 uni1645  (#578)
  { 34065,  10,  12,  12,    1,  -16 },   // 0x1646 uni1646  (#579)
  { 34080,  12,  15,  15,    1,  -18 },   // 0x1647 uni1647  (#580)
  { 34103,  22,  22,  26,    2,  -21 },   // 0x1648 uni1648  (#581)
  { 34164,  22,  23,  26,    2,  -22 },   // 0x1649 uni1649  (#582)
  { 34228,  22,  23,  26,    2,  -22 },   // 0x164A uni164A  (#583)
  { 34292,  22,  23,  26,    2,  -22 },   // 0x164B uni164B  (#584)
  { 34356,  22,  23,  26,    2,  -22 },   // 0x164C uni164C  (#585)
  { 34420,  22,  23,  26,    2,  -22 },   // 0x164D uni164D  (#586)
  { 34484,  25,  22,  29,    2,  -21 },   // 0x164E uni164E  (#587)
  { 34553,  25,  23,  29,    2,  -22 },   // 0x164F uni164F  (#588)
  { 34625,  20,  23,  25,    2,  -22 },   // 0x1650 uni1650  (#589)
  { 34683,  20,  23,  25,    2,  -22 },   // 0x1651 uni1651  (#590)
  { 34741,  20,  23,  25,    2,  -22 },   // 0x1652 uni1652  (#591)
  { 34799,  21,  23,  25,    2,  -22 },   // 0x1653 uni1653  (#592)
  { 34860,  25,  22,  29,    2,  -21 },   // 0x1654 uni1654  (#593)
  { 34929,  25,  23,  29,    2,  -22 },   // 0x1655 uni1655  (#594)
  { 35001,  20,  23,  25,    2,  -22 },   // 0x1656 uni1656  (#595)
  { 35059,  20,  23,  25,    2,  -22 },   // 0x1657 uni1657  (#596)
  { 35117,  20,  23,  25,    2,  -22 },   // 0x1658 uni1658  (#597)
  { 35175,  21,  23,  25,    2,  -22 },   // 0x1659 uni1659  (#598)
  { 35236,  12,  15,  14,    1,  -18 },   // 0x165A uni165A  (#599)
  { 35259,  25,  22,  29,    2,  -21 },   // 0x165B uni165B  (#600)
  { 35328,  25,  23,  29,    2,  -22 },   // 0x165C uni165C  (#601)
  { 35400,  20,  23,  25,    2,  -22 },   // 0x165D uni165D  (#602)
  { 35458,  20,  23,  25,    2,  -22 },   // 0x165E uni165E  (#603)
  { 35516,  20,  23,  25,    2,  -22 },   // 0x165F uni165F  (#604)
  { 35574,  21,  23,  25,    2,  -22 },   // 0x1660 uni1660  (#605)
  { 35635,  25,  22,  29,    2,  -21 },   // 0x1661 uni1661  (#606)
  { 35704,  25,  23,  29,    2,  -22 },   // 0x1662 uni1662  (#607)
  { 35776,  20,  23,  25,    2,  -22 },   // 0x1663 uni1663  (#608)
  { 35834,  20,  23,  25,    2,  -22 },   // 0x1664 uni1664  (#609)
  { 35892,  20,  23,  25,    2,  -22 },   // 0x1665 uni1665  (#610)
  { 35950,  21,  23,  25,    2,  -22 },   // 0x1666 uni1666  (#611)
  { 36011,  25,  22,  29,    2,  -21 },   // 0x1667 uni1667  (#612)
  { 36080,  25,  23,  29,    2,  -22 },   // 0x1668 uni1668  (#613)
  { 36152,  20,  23,  25,    2,  -22 },   // 0x1669 uni1669  (#614)
  { 36210,  20,  23,  25,    2,  -22 },   // 0x166A uni166A  (#615)
  { 36268,  20,  23,  25,    2,  -22 },   // 0x166B uni166B  (#616)
  { 36326,  21,  23,  25,    2,  -22 },   // 0x166C uni166C  (#617)
  { 36387,  16,  22,  18,    1,  -21 },   // 0x166D uni166D  (#618)
  { 36431,   9,   9,  12,    1,   -8 },   // 0x166E uni166E  (#619)
  { 36442,  25,  23,  28,    1,  -22 },   // 0x166F uni166F  (#620)
  { 36514,  33,  23,  37,    2,  -22 },   // 0x1670 uni1670  (#621)
  { 36609,  42,  23,  45,    2,  -22 },   // 0x1671 uni1671  (#622)
  { 36730,  41,  29,  45,    2,  -28 },   // 0x1672 uni1672  (#623)
  { 36879,  35,  23,  39,    2,  -22 },   // 0x1673 uni1673  (#624)
  { 36980,  35,  29,  39,    2,  -28 },   // 0x1674 uni1674  (#625)
  { 37107,  42,  23,  45,    2,  -22 } }; // 0x1675 uni1675  (#626)

const GFXfont NotoSansCanadianAboriginal_Regular_CanAborig_16pt16b PROGMEM = {
  (uint8_t  *)NotoSansCanadianAboriginal_Regular_CanAborig_16pt16bBitmaps,
  (GFXglyph *)NotoSansCanadianAboriginal_Regular_CanAborig_16pt16bGlyphs,
  0x1403, // first
  0x1675, // last
  40   //height
 };

// Approx. 41624 bytes
