#pragma once

// /tmp/fontconvert_pinned -f /home/user/qmk_firmware/keyboards/handwired/polykybd/fonts/noto-sans-ethiopic/NotoSansEthiopic-Regular.ttf -s 16 -v _Ethiopic_ -r 40 4608 4988 
// Visualize your font via https://tchapi.github.io/Adafruit-GFX-Font-Customiser

/* num ranges: 1 */
const uint8_t NotoSansEthiopic_Regular_Ethiopic_16pt16bBitmaps[] PROGMEM = {
  /* range 0 (0x1200 - 0x137c): */  0xE0, 0x1F, 0x80, 0x7E, 0x01, 0xF8, 0x07, 0xE0, 0x1F, 0x80, 0x7E, 0x01,
  0xF8, 0x07, 0xE0, 0x1F, 0x80, 0x7E, 0x01, 0xF8, 0x07, 0xE0, 0x1F, 0x80,
  0x7E, 0x01, 0xF8, 0x06, 0xE0, 0x3B, 0x80, 0xEF, 0x03, 0x9E, 0x3C, 0x3F,
  0xF0, 0x7F, 0x00, 0xE0, 0x1C, 0x0E, 0x01, 0xC0, 0xE0, 0x1C, 0x0E, 0x01,
  0xC0, 0xE0, 0x1C, 0x0E, 0x01, 0xC0, 0xE0, 0x1C, 0x0E, 0x01, 0xC0, 0xE0,
  0x1C, 0x0E, 0x01, 0xFE, 0xE0, 0x1F, 0xEE, 0x01, 0xFE, 0xE0, 0x1C, 0x7E,
  0x01, 0xC3, 0xE0, 0x1C, 0x0E, 0x01, 0x80, 0xE0, 0x38, 0x0E, 0x03, 0x80,
  0xF0, 0x38, 0x07, 0x8F, 0x00, 0x3F, 0xF0, 0x01, 0xFC, 0x00, 0xC0, 0x3E,
  0x01, 0xF0, 0x1D, 0x80, 0xEC, 0x06, 0x70, 0x73, 0x83, 0x9E, 0x38, 0x79,
  0xC1, 0xFC, 0x07, 0xE0, 0x07, 0x00, 0x70, 0x03, 0x80, 0x18, 0x01, 0xC0,
  0x0E, 0x00, 0xE0, 0x47, 0x06, 0x30, 0x73, 0xFF, 0x9F, 0xFC, 0x00, 0xE0,
  0x03, 0x00, 0x08, 0xC0, 0x3E, 0x01, 0xF0, 0x1D, 0x80, 0xEC, 0x06, 0x70,
  0x73, 0x83, 0x9E, 0x38, 0x79, 0xC1, 0xFC, 0x07, 0xE0, 0x07, 0x00, 0x70,
  0x03, 0x80, 0x18, 0x01, 0xC0, 0x0E, 0x00, 0xE0, 0x07, 0x00, 0x70, 0x03,
  0x80, 0x3C, 0x00, 0xC0, 0x3B, 0x00, 0xEC, 0x07, 0x30, 0x1C, 0xC0, 0x63,
  0x83, 0x8E, 0x0E, 0x3C, 0x70, 0x79, 0xC0, 0xFE, 0x01, 0xF8, 0x00, 0xE0,
  0x07, 0x00, 0x1C, 0x00, 0xFF, 0x83, 0xFE, 0x0E, 0x1C, 0x70, 0x71, 0xC1,
  0xCE, 0x0F, 0x3F, 0xF8, 0xFF, 0x80, 0xC0, 0x01, 0xF0, 0x00, 0x7C, 0x00,
  0x1F, 0x80, 0x07, 0xE0, 0x01, 0xFF, 0x80, 0x77, 0xE0, 0x1C, 0xF8, 0x07,
  0x0E, 0x01, 0xC3, 0x80, 0x70, 0xE0, 0x1C, 0x38, 0x07, 0x0E, 0x01, 0xC3,
  0x80, 0x70, 0xE0, 0x1C, 0x38, 0x07, 0x0E, 0x01, 0xC3, 0xC0, 0x70, 0x70,
  0x38, 0x1E, 0x1E, 0x03, 0xFF, 0x00, 0x7F, 0x80, 0x00, 0x03, 0xC7, 0x00,
  0xFF, 0xB8, 0x07, 0xFD, 0xC0, 0x38, 0x7E, 0x01, 0xC3, 0xF0, 0x0E, 0x1F,
  0x80, 0x7F, 0xDC, 0x03, 0xFC, 0xE0, 0x1F, 0x87, 0x00, 0xE0, 0x38, 0x07,
  0x01, 0xC0, 0x38, 0x0E, 0x01, 0xC0, 0x70, 0x0E, 0x03, 0x80, 0x70, 0x1C,
  0x03, 0x80, 0xE0, 0x18, 0x07, 0x01, 0xC0, 0x38, 0x0E, 0x01, 0xE0, 0x70,
  0x07, 0x8F, 0x00, 0x1F, 0xF8, 0x00, 0x7F, 0x00, 0x00, 0x00, 0x00, 0x07,
  0x80, 0x1C, 0x03, 0xFE, 0x01, 0xC0, 0x3F, 0xE0, 0x1C, 0x03, 0x07, 0x01,
  0xC0, 0x30, 0x70, 0x1C, 0x03, 0x06, 0x01, 0xC0, 0x3F, 0xE0, 0x1C, 0x03,
  0xFC, 0x81, 0xC0, 0x3F, 0x06, 0x1C, 0x03, 0x00, 0x71, 0xC0, 0x30, 0x07,
  0xFC, 0x03, 0x00, 0x7F, 0xC0, 0x30, 0x07, 0xFC, 0x03, 0x00, 0x61, 0xC0,
  0x30, 0x06, 0x1C, 0x03, 0x00, 0x81, 0xC0, 0x30, 0x00, 0x1C, 0x07, 0x00,
  0x01, 0xC0, 0x70, 0x00, 0x1E, 0x07, 0x00, 0x00, 0xF1, 0xE0, 0x00, 0x07,
  0xFC, 0x00, 0x00, 0x3F, 0x80, 0x00, 0x01, 0xC0, 0x00, 0xE0, 0x00, 0x38,
  0x00, 0x1C, 0x00, 0x0E, 0x00, 0x1F, 0x80, 0x1F, 0xC0, 0x1C, 0xE0, 0x1C,
  0x38, 0x0E, 0x1C, 0x0E, 0x0E, 0x07, 0x07, 0x03, 0x01, 0xC1, 0x80, 0xE1,
  0xC0, 0x70, 0xE0, 0x1C, 0x70, 0x0E, 0x38, 0x07, 0x18, 0x01, 0xCC, 0x00,
  0xEE, 0x00, 0x77, 0x00, 0x1C, 0x01, 0xC0, 0x00, 0x38, 0x00, 0x03, 0x80,
  0x00, 0x70, 0x00, 0x0E, 0x00, 0x07, 0xE0, 0x01, 0xFC, 0x00, 0x73, 0x80,
  0x1C, 0x38, 0x03, 0x87, 0x00, 0xE0, 0xE0, 0x1C, 0x1F, 0xF3, 0x01, 0xFE,
  0x60, 0x39, 0xDC, 0x07, 0x1B, 0x80, 0x71, 0x70, 0x0E, 0x0E, 0x01, 0xC1,
  0x80, 0x1C, 0x30, 0x03, 0x8E, 0x00, 0x71, 0xC0, 0x07, 0x00, 0x01, 0xC0,
  0x00, 0x07, 0x00, 0x00, 0x0E, 0x00, 0x00, 0x38, 0x00, 0x00, 0xE0, 0x00,
  0x0F, 0xC0, 0x00, 0x7F, 0x00, 0x03, 0x9C, 0x00, 0x1C, 0x38, 0x00, 0x70,
  0xE0, 0x03, 0x83, 0x80, 0x0E, 0x0E, 0x00, 0x30, 0x1C, 0x00, 0xC0, 0x70,
  0x07, 0x01, 0xC0, 0x1C, 0x03, 0x80, 0x70, 0x0E, 0x01, 0xC0, 0x38, 0x36,
  0x00, 0x71, 0xD8, 0x01, 0xC7, 0xE0, 0x07, 0xFB, 0x80, 0x0F, 0xE0, 0x00,
  0x01, 0xC0, 0x00, 0x03, 0x00, 0x00, 0x04, 0x03, 0x80, 0x01, 0xC0, 0x01,
  0xC0, 0x01, 0xC0, 0x01, 0xE0, 0x07, 0xE0, 0x0F, 0xE0, 0x1E, 0x70, 0x1C,
  0x70, 0x38, 0x70, 0x30, 0x70, 0x70, 0x38, 0x70, 0x38, 0x70, 0x38, 0x60,
  0x1C, 0xE0, 0x1C, 0x00, 0x1C, 0x00, 0x0E, 0x00, 0x0E, 0x00, 0x0E, 0x00,
  0x07, 0x00, 0x07, 0x01, 0xC0, 0x00, 0x03, 0x80, 0x00, 0x03, 0x80, 0x00,
  0x07, 0x00, 0x00, 0x0E, 0x00, 0x00, 0x7E, 0x00, 0x01, 0xFC, 0x00, 0x07,
  0x38, 0x00, 0x1C, 0x38, 0x00, 0x38, 0x70, 0x00, 0xE0, 0xE0, 0x01, 0xC1,
  0xC0, 0x03, 0x01, 0xC0, 0x06, 0x03, 0x80, 0x1C, 0x07, 0xFE, 0x38, 0x07,
  0xFE, 0x70, 0x0E, 0x1C, 0xE0, 0x1C, 0x1D, 0x80, 0x1C, 0x3B, 0x00, 0x38,
  0xEE, 0x00, 0x7F, 0x9C, 0x00, 0x7E, 0x00, 0x01, 0xC0, 0x00, 0x38, 0x00,
  0x03, 0x80, 0x00, 0x70, 0x00, 0x0F, 0x00, 0x07, 0xE0, 0x01, 0xFE, 0x00,
  0x79, 0xC0, 0x1E, 0x38, 0x03, 0x83, 0x80, 0x60, 0x70, 0x1C, 0x07, 0x03,
  0x80, 0xE0, 0x60, 0x0E, 0x1F, 0xE1, 0xC3, 0xFE, 0x38, 0x70, 0xE3, 0x8E,
  0x1C, 0x71, 0xC3, 0x87, 0x30, 0xF0, 0xEF, 0xFC, 0x0F, 0xFE, 0x01, 0xC0,
  0x01, 0xC0, 0x00, 0x00, 0xE0, 0x00, 0x00, 0x38, 0x00, 0x00, 0x1C, 0x00,
  0x00, 0x0E, 0x00, 0x00, 0x1F, 0x80, 0x00, 0x1F, 0xC0, 0x00, 0x1C, 0xE0,
  0xFE, 0x1C, 0x3F, 0xFF, 0x8E, 0x1F, 0xE1, 0xCE, 0x0E, 0x70, 0x67, 0x07,
  0x38, 0x33, 0x01, 0xCE, 0x39, 0x80, 0xE7, 0xF9, 0xC0, 0x70, 0xF8, 0xE0,
  0x1C, 0x00, 0x70, 0x0E, 0x00, 0x38, 0x07, 0x00, 0x18, 0x01, 0xC0, 0x0C,
  0x00, 0xE0, 0x0E, 0x00, 0x70, 0x07, 0x00, 0x1C, 0x00, 0x03, 0x80, 0x00,
  0x1C, 0x00, 0x01, 0xC0, 0x00, 0x1C, 0x00, 0x01, 0xE0, 0x00, 0x7E, 0x00,
  0x0F, 0xE0, 0x01, 0xE7, 0x00, 0x1C, 0x70, 0x03, 0x87, 0x00, 0x30, 0x70,
  0x07, 0x03, 0x80, 0x70, 0x38, 0x07, 0x03, 0x80, 0x60, 0x1C, 0x0E, 0x01,
  0xC0, 0x00, 0x1C, 0x00, 0x00, 0xE0, 0x00, 0x0E, 0x00, 0x00, 0xE0, 0x1F,
  0xFF, 0xE1, 0xFF, 0xFE, 0x18, 0x00, 0x73, 0x80, 0x07, 0x20, 0x00, 0x10,
  0x00, 0xE0, 0x00, 0x1C, 0x00, 0x03, 0x80, 0x00, 0x70, 0x00, 0x0E, 0x00,
  0x01, 0xC0, 0x00, 0x38, 0x00, 0x07, 0x00, 0x01, 0xF8, 0x01, 0xFF, 0xE0,
  0x7F, 0xFE, 0x1E, 0x71, 0xE7, 0x8E, 0x1E, 0xE1, 0xC1, 0xF8, 0x38, 0x3F,
  0x07, 0x07, 0xE0, 0xE0, 0x7C, 0x1C, 0x0F, 0x83, 0x81, 0xF0, 0x70, 0x3E,
  0x0E, 0x07, 0xC1, 0xC0, 0xC0, 0x00, 0xE0, 0x00, 0x00, 0x70, 0x00, 0x00,
  0x38, 0x00, 0x00, 0x1C, 0x00, 0x00, 0x0E, 0x00, 0x00, 0x07, 0x00, 0x00,
  0x03, 0x80, 0x00, 0x01, 0xC0, 0x00, 0x01, 0xF8, 0x00, 0x07, 0xFF, 0x80,
  0x07, 0xFF, 0xE0, 0x07, 0x9C, 0x78, 0x07, 0x8E, 0x1E, 0x03, 0x87, 0x07,
  0xFB, 0x83, 0x83, 0xFD, 0xC1, 0xC1, 0xCE, 0xE0, 0xE0, 0x63, 0x70, 0x70,
  0x30, 0xF8, 0x38, 0x18, 0x1C, 0x1C, 0x0C, 0x0E, 0x0E, 0x06, 0x07, 0x07,
  0x03, 0x00, 0x00, 0xE0, 0x00, 0x00, 0x70, 0x00, 0x00, 0x38, 0x00, 0x00,
  0x1C, 0x00, 0x00, 0x0E, 0x00, 0x00, 0x07, 0x00, 0x00, 0x03, 0x80, 0x00,
  0x01, 0xC0, 0x00, 0x01, 0xF8, 0x00, 0x07, 0xFF, 0x80, 0x07, 0xFF, 0xE0,
  0x07, 0x9C, 0x78, 0x07, 0x8E, 0x1E, 0x03, 0x87, 0x07, 0x03, 0x83, 0x83,
  0x81, 0xC1, 0xC1, 0xC0, 0xE0, 0xE0, 0x60, 0x70, 0x70, 0x30, 0xF8, 0x38,
  0x18, 0xFC, 0x1C, 0x0C, 0x7E, 0x0E, 0x07, 0xFF, 0x07, 0x03, 0xFC, 0x00,
  0x00, 0x0E, 0x00, 0x00, 0x03, 0x00, 0x00, 0x00, 0x80, 0x00, 0xE0, 0x00,
  0x1C, 0x00, 0x03, 0x80, 0x00, 0x70, 0x00, 0x0E, 0x00, 0x01, 0xC0, 0x00,
  0x38, 0x00, 0x07, 0x00, 0x03, 0xFC, 0x03, 0xFF, 0xE0, 0xFF, 0xFF, 0x3C,
  0x71, 0xE7, 0x0E, 0x1E, 0xE1, 0xC1, 0xF8, 0x38, 0x3F, 0x07, 0x07, 0xE0,
  0xE0, 0x60, 0x00, 0x0C, 0x00, 0x01, 0x80, 0x00, 0x30, 0x00, 0x06, 0x00,
  0x00, 0xC0, 0x00, 0xE0, 0x00, 0x00, 0x1C, 0x00, 0x00, 0x03, 0x80, 0x00,
  0x00, 0x70, 0x00, 0x00, 0x0E, 0x00, 0x00, 0x01, 0xC0, 0x00, 0x00, 0x38,
  0x00, 0x00, 0x07, 0x00, 0x00, 0x01, 0xF8, 0x00, 0x01, 0xFF, 0xE0, 0x00,
  0x7F, 0xFE, 0x00, 0x1E, 0x71, 0xE0, 0x07, 0x8E, 0x1E, 0x00, 0xE1, 0xC1,
  0xC0, 0x38, 0x38, 0x3F, 0xE7, 0x07, 0x07, 0xFE, 0xE0, 0xE0, 0x61, 0xDC,
  0x1C, 0x0C, 0x1F, 0x83, 0x81, 0x83, 0x70, 0x70, 0x30, 0xEE, 0x0E, 0x07,
  0xF9, 0xC1, 0xC0, 0xFE, 0x00, 0x30, 0x00, 0x03, 0x00, 0x00, 0x70, 0x00,
  0x0F, 0xF0, 0x01, 0xFE, 0x00, 0x01, 0xC0, 0x00, 0x38, 0x00, 0x07, 0x00,
  0x00, 0xE0, 0x00, 0x1C, 0x00, 0x03, 0x80, 0x00, 0xFC, 0x00, 0xFF, 0xF0,
  0x3F, 0xFF, 0x0F, 0x38, 0xF3, 0xC7, 0x0F, 0x70, 0xE0, 0xFC, 0x1C, 0x1F,
  0x83, 0x83, 0xF0, 0x70, 0x3E, 0x0E, 0x07, 0xC1, 0xC0, 0xF8, 0x38, 0x1F,
  0x07, 0x03, 0xE0, 0xE0, 0x60, 0x00, 0xE0, 0x00, 0x1C, 0x00, 0x03, 0x80,
  0x00, 0x70, 0x00, 0x0E, 0x00, 0x01, 0xC0, 0x00, 0x38, 0x00, 0x07, 0x00,
  0x03, 0xFC, 0x03, 0xFF, 0xE0, 0xFF, 0xFE, 0x3C, 0x71, 0xE7, 0x0E, 0x1E,
  0xE1, 0xC1, 0xF8, 0x38, 0x3F, 0x07, 0x07, 0xE0, 0xE0, 0x7C, 0x00, 0x03,
  0x80, 0x00, 0x70, 0x00, 0x0E, 0x00, 0x01, 0xC0, 0x00, 0x00, 0x00, 0xE0,
  0x00, 0x00, 0x38, 0x00, 0x00, 0x0E, 0x00, 0x00, 0x03, 0x80, 0x00, 0x00,
  0xE0, 0x00, 0x00, 0x38, 0x00, 0x00, 0x0E, 0x00, 0x00, 0x03, 0x80, 0x00,
  0x03, 0xFC, 0x00, 0x07, 0xFF, 0xC0, 0x03, 0xFF, 0xFC, 0x01, 0xE3, 0x8F,
  0x00, 0x70, 0xE1, 0xE0, 0x1C, 0x38, 0x38, 0x0E, 0x0E, 0x0E, 0x03, 0x83,
  0x83, 0x80, 0xE0, 0xE0, 0x60, 0x00, 0x00, 0x18, 0x00, 0x00, 0x06, 0x00,
  0x00, 0x01, 0x80, 0x00, 0x1F, 0xFF, 0x80, 0x07, 0xFF, 0xE0, 0x03, 0x80,
  0x38, 0x00, 0xE0, 0x06, 0x00, 0x20, 0x00, 0xC0, 0x07, 0xFF, 0xFE, 0x03,
  0xFF, 0xFF, 0xC1, 0xC7, 0x1C, 0x78, 0xE1, 0xC7, 0x0E, 0x30, 0x71, 0xC3,
  0x9C, 0x1C, 0x70, 0x77, 0x07, 0x1C, 0x1D, 0x81, 0xC7, 0x07, 0xE0, 0x71,
  0xC1, 0xF8, 0x1C, 0x70, 0x7E, 0x07, 0x1C, 0x1F, 0x81, 0xC7, 0x07, 0xE0,
  0x71, 0xC1, 0xF8, 0x1C, 0x70, 0x7E, 0x07, 0x1C, 0x1B, 0x81, 0xC7, 0x0E,
  0xE0, 0x71, 0xC3, 0x9C, 0x1C, 0x7F, 0xC7, 0x07, 0x1F, 0xE1, 0xE3, 0x87,
  0xE0, 0x3F, 0xC0, 0x00, 0x07, 0xE0, 0x00, 0x00, 0x07, 0xFF, 0xFE, 0x00,
  0x0F, 0xFF, 0xFF, 0x00, 0x1C, 0x71, 0xC7, 0x80, 0x38, 0x71, 0xC3, 0x80,
  0x30, 0x71, 0xC3, 0x80, 0x70, 0x71, 0xC1, 0xC0, 0x70, 0x71, 0xC1, 0xC1,
  0x60, 0x71, 0xC1, 0xC7, 0xE0, 0x71, 0xC1, 0xC6, 0xE0, 0x71, 0xC1, 0xFE,
  0xE0, 0x71, 0xC1, 0xFE, 0xE0, 0x71, 0xC1, 0xC6, 0xE0, 0x71, 0xC1, 0xC7,
  0xE0, 0x71, 0xC1, 0xC3, 0xE0, 0x71, 0xC1, 0x80, 0xE0, 0x71, 0xC3, 0x80,
  0xE0, 0x71, 0xC3, 0x80, 0x70, 0x71, 0xFF, 0x00, 0x70, 0x71, 0xFE, 0x00,
  0x78, 0xE1, 0xF8, 0x00, 0x3F, 0xC0, 0x00, 0x00, 0x1F, 0x80, 0x00, 0x00,
  0x0F, 0xFF, 0xFF, 0x01, 0xFF, 0xFF, 0xFC, 0x1E, 0x1C, 0x70, 0xF0, 0xE0,
  0xE3, 0x83, 0x86, 0x07, 0x1C, 0x1C, 0x70, 0x38, 0xC0, 0xE3, 0x81, 0xC6,
  0x06, 0x1C, 0x0E, 0x38, 0x70, 0xE0, 0x71, 0xF3, 0x87, 0x83, 0x87, 0xF8,
  0x1C, 0x3C, 0x0F, 0xC0, 0x7F, 0xC0, 0x0E, 0x01, 0xF8, 0x00, 0xE0, 0x00,
  0x00, 0x07, 0x00, 0x00, 0x00, 0x70, 0x00, 0x00, 0x03, 0x80, 0x00, 0x00,
  0x38, 0x00, 0x00, 0x01, 0xC0, 0xC0, 0x00, 0x0E, 0x0C, 0x00, 0x00, 0xE0,
  0xE0, 0x00, 0x07, 0xFF, 0x00, 0x00, 0x3F, 0xF8, 0x00, 0x00, 0x01, 0xC0,
  0x00, 0x00, 0x06, 0x00, 0x00, 0x00, 0x18, 0x0F, 0xFF, 0xFF, 0x0F, 0xFF,
  0xFF, 0xE7, 0x87, 0x1C, 0x3D, 0xC1, 0xC7, 0x07, 0x60, 0x71, 0xC1, 0xF8,
  0x1C, 0x60, 0x7E, 0x07, 0x18, 0x1B, 0x81, 0xC7, 0x0E, 0xE0, 0x71, 0xF3,
  0xBC, 0x1C, 0x3F, 0xC7, 0x0F, 0x03, 0xF0, 0xFF, 0x80, 0x1C, 0x1F, 0x80,
  0x0E, 0x00, 0x00, 0x03, 0x80, 0x00, 0x01, 0xC0, 0x00, 0x00, 0x70, 0x00,
  0x00, 0x38, 0x00, 0x00, 0x0E, 0x00, 0x00, 0x03, 0x80, 0x00, 0x01, 0xC0,
  0x00, 0x00, 0x70, 0x00, 0x00, 0x38, 0x00, 0x0F, 0xFF, 0xFF, 0x03, 0xFF,
  0xFF, 0xF8, 0x78, 0x71, 0xC3, 0xC7, 0x07, 0x1C, 0x1C, 0x60, 0x71, 0xC1,
  0xCE, 0x07, 0x18, 0x1C, 0xE0, 0x71, 0x81, 0x8E, 0x07, 0x1C, 0x38, 0xE0,
  0x71, 0xF3, 0x8F, 0x07, 0x0F, 0xF0, 0x70, 0xF0, 0x3F, 0x03, 0xFE, 0x00,
  0x70, 0x1F, 0x80, 0x0E, 0x00, 0x00, 0x00, 0xE0, 0x00, 0x00, 0x1F, 0xE0,
  0x00, 0x01, 0xFF, 0x00, 0x00, 0x38, 0x70, 0x00, 0x03, 0x83, 0x00, 0x00,
  0x38, 0x70, 0x00, 0x07, 0x07, 0x00, 0x00, 0x7F, 0xE0, 0x00, 0x07, 0xFC,
  0x0F, 0xFF, 0xFE, 0x0F, 0xFF, 0xFF, 0xE7, 0x87, 0x1C, 0x39, 0xC1, 0xC7,
  0x06, 0x60, 0x71, 0xC1, 0xF8, 0x1C, 0x70, 0x7E, 0x07, 0x1C, 0x1B, 0x81,
  0xC7, 0x0E, 0xE0, 0x71, 0xCF, 0xBC, 0x1C, 0x7F, 0xC7, 0x0F, 0x1F, 0x80,
  0xFF, 0xC0, 0x00, 0x1F, 0xE0, 0x00, 0x00, 0x38, 0x00, 0x00, 0x1C, 0x00,
  0x00, 0x07, 0x00, 0x00, 0x01, 0xC0, 0x00, 0x00, 0xE0, 0x00, 0x00, 0x38,
  0x00, 0x00, 0x1C, 0x00, 0x00, 0x07, 0x00, 0x00, 0x03, 0xC0, 0x00, 0x00,
  0x0F, 0xFF, 0xFE, 0x0F, 0xFF, 0xFF, 0xE7, 0x87, 0x1C, 0x39, 0xC1, 0xC7,
  0x06, 0x60, 0x71, 0xC1, 0xF8, 0x1C, 0x70, 0x7E, 0x07, 0x1C, 0x1B, 0x81,
  0xC7, 0x0E, 0xE0, 0x71, 0xCF, 0xBC, 0x1C, 0x7F, 0xC7, 0x0F, 0x1F, 0x80,
  0xFF, 0xC0, 0x00, 0x1F, 0xF0, 0x00, 0x00, 0x1C, 0x00, 0x00, 0x07, 0x00,
  0x00, 0x01, 0xC0, 0x00, 0x00, 0x70, 0x00, 0x00, 0x1C, 0x00, 0x00, 0x07,
  0x00, 0x00, 0x01, 0xC0, 0x00, 0x00, 0x70, 0x00, 0x00, 0x1C, 0x00, 0x00,
  0x0F, 0xFF, 0xFF, 0x0F, 0xFF, 0xFF, 0xE7, 0x87, 0x1C, 0x3D, 0xC1, 0xC7,
  0x07, 0x60, 0x71, 0xC1, 0xF8, 0x1C, 0x60, 0x7E, 0x07, 0x18, 0x1B, 0x81,
  0xC7, 0x0E, 0xE0, 0x71, 0xF3, 0xBC, 0x1C, 0x3F, 0xC7, 0x0F, 0x03, 0xF0,
  0xFF, 0x80, 0x1C, 0x1F, 0x80, 0x0E, 0x00, 0x00, 0x03, 0x80, 0x00, 0x01,
  0xC0, 0x00, 0x00, 0x70, 0x00, 0x00, 0x38, 0x00, 0x00, 0x0E, 0x00, 0x00,
  0x03, 0x80, 0x00, 0x01, 0xC0, 0x00, 0x1F, 0xFF, 0x80, 0x07, 0xFF, 0xE0,
  0x01, 0x80, 0x38, 0x00, 0xE0, 0x06, 0x00, 0x20, 0x00, 0x40, 0xE0, 0x60,
  0x7E, 0x06, 0x07, 0xE0, 0x60, 0x7E, 0x06, 0x07, 0xE0, 0x60, 0x7E, 0x06,
  0x07, 0xE0, 0x60, 0x7E, 0x06, 0x07, 0xE0, 0x60, 0x7E, 0x06, 0x07, 0xE0,
  0x60, 0x7E, 0x06, 0x07, 0xE0, 0x60, 0x7E, 0x07, 0x07, 0xE0, 0x70, 0x7E,
  0x07, 0x07, 0xE0, 0x78, 0xEE, 0x0F, 0xFE, 0xE0, 0xEF, 0x87, 0x1C, 0x00,
  0x7F, 0xC0, 0x03, 0xF8, 0x00, 0xE0, 0x60, 0x70, 0x1C, 0x0C, 0x0E, 0x03,
  0x81, 0x81, 0xC0, 0x70, 0x30, 0x38, 0x0E, 0x06, 0x07, 0x01, 0xC0, 0xC0,
  0xE0, 0x38, 0x18, 0x1C, 0x3F, 0x03, 0x03, 0x86, 0xE0, 0x60, 0x7F, 0xDC,
  0x0C, 0x0F, 0xFB, 0x81, 0x81, 0xFF, 0x70, 0x30, 0x38, 0x6E, 0x06, 0x07,
  0x0F, 0xC0, 0xE0, 0xE0, 0x38, 0x1C, 0x1C, 0x07, 0x03, 0x83, 0x80, 0xE0,
  0x78, 0xE0, 0x1C, 0x1F, 0xFC, 0x03, 0x83, 0xBE, 0x00, 0x38, 0xE0, 0x00,
  0x07, 0xFC, 0x00, 0x00, 0x7F, 0x00, 0x00, 0x00, 0xE0, 0x60, 0x71, 0xC0,
  0xC0, 0xE3, 0x81, 0x81, 0xC7, 0x03, 0x03, 0x8E, 0x07, 0x07, 0x1C, 0x0E,
  0x0E, 0x38, 0x1C, 0x1C, 0x70, 0x3C, 0x78, 0xE0, 0xFF, 0xE1, 0xC1, 0xFF,
  0xC3, 0xC7, 0x07, 0x03, 0xFE, 0x0E, 0x03, 0xF8, 0x38, 0x00, 0xC0, 0x70,
  0x00, 0x00, 0xE0, 0x00, 0x03, 0x80, 0x00, 0x07, 0x00, 0x00, 0x1C, 0x0C,
  0x00, 0x38, 0x38, 0x00, 0x70, 0x70, 0x01, 0xFF, 0xC0, 0x03, 0xFF, 0x80,
  0x00, 0x03, 0x80, 0x00, 0x07, 0x00, 0x00, 0x02, 0xE0, 0x60, 0x7E, 0x06,
  0x07, 0xE0, 0x60, 0x7E, 0x06, 0x07, 0xE0, 0x70, 0x7E, 0x07, 0x07, 0xE0,
  0x70, 0x7E, 0x07, 0x8F, 0xE0, 0xFF, 0xEE, 0x0F, 0xFE, 0xF1, 0xC1, 0xC7,
  0xFC, 0x1C, 0x3F, 0x81, 0xC0, 0x60, 0x38, 0x00, 0x03, 0x80, 0x00, 0x70,
  0x00, 0x07, 0x00, 0x00, 0x70, 0x00, 0x0E, 0x00, 0x00, 0xE0, 0x00, 0x1C,
  0x00, 0x01, 0xC0, 0xE0, 0x60, 0x71, 0xC0, 0xC0, 0xE3, 0x81, 0x81, 0xC7,
  0x03, 0x03, 0x8E, 0x07, 0x07, 0x1C, 0x0E, 0x0E, 0x38, 0x1C, 0x1C, 0x70,
  0x3C, 0x78, 0xE0, 0xFF, 0xE1, 0xC1, 0xFF, 0xC3, 0xC7, 0x07, 0x03, 0xFE,
  0x0E, 0x03, 0xF8, 0x1C, 0x00, 0xC0, 0x70, 0x00, 0x00, 0xFF, 0x00, 0x03,
  0xFF, 0x00, 0x07, 0x0E, 0x00, 0x1E, 0x1C, 0x00, 0x38, 0x38, 0x00, 0x70,
  0x70, 0x01, 0xFF, 0xC0, 0x03, 0xFF, 0x00, 0x07, 0x03, 0x81, 0x83, 0x81,
  0xC0, 0xC1, 0xC0, 0xE0, 0x60, 0xE0, 0x70, 0x30, 0x70, 0x38, 0x18, 0x38,
  0x1C, 0x1C, 0x1C, 0x0E, 0x0E, 0x0E, 0x07, 0x8F, 0x07, 0x03, 0xFF, 0x03,
  0x83, 0xBF, 0x01, 0xE1, 0xC0, 0x01, 0xFF, 0xC0, 0x00, 0xFF, 0xC0, 0x00,
  0x71, 0x00, 0x00, 0x70, 0x00, 0x00, 0x38, 0x00, 0x00, 0x38, 0x00, 0x00,
  0x1C, 0x00, 0x00, 0x0E, 0x00, 0x00, 0x0E, 0x00, 0x00, 0x07, 0x00, 0x00,
  0x07, 0x00, 0x00, 0x00, 0xE0, 0x60, 0x7E, 0x06, 0x07, 0xE0, 0x60, 0x7E,
  0x06, 0x07, 0xE0, 0x70, 0x7E, 0x07, 0x07, 0xE0, 0x70, 0x7E, 0x07, 0x8E,
  0xE0, 0xFF, 0xEE, 0x0F, 0xFC, 0xF1, 0xC0, 0x07, 0xFC, 0x00, 0x3F, 0xC0,
  0x00, 0x78, 0x00, 0x03, 0x80, 0x00, 0x30, 0x00, 0x07, 0x00, 0x00, 0x70,
  0x00, 0x0E, 0x00, 0x00, 0xE0, 0x00, 0x1C, 0x00, 0x01, 0xC0, 0x00, 0xE0,
  0x60, 0x7E, 0x06, 0x07, 0xE0, 0x60, 0x7E, 0x06, 0x07, 0xE0, 0x70, 0x7E,
  0x07, 0x07, 0xE0, 0x70, 0x7E, 0x07, 0x8F, 0xE0, 0xFF, 0xEE, 0x0F, 0xFE,
  0xF1, 0xC1, 0xC7, 0xFC, 0x1C, 0x3F, 0x81, 0xC0, 0x60, 0x38, 0x00, 0x03,
  0x80, 0x00, 0x70, 0x00, 0x07, 0x00, 0x00, 0x70, 0x00, 0x0E, 0x00, 0x00,
  0xE0, 0x07, 0xFF, 0xE0, 0x7F, 0xFE, 0x07, 0x00, 0x60, 0x60, 0x07, 0x08,
  0x00, 0x10, 0x00, 0x70, 0x01, 0xC0, 0x07, 0x00, 0x38, 0x00, 0xE0, 0x07,
  0x00, 0x38, 0x01, 0xC0, 0x0E, 0x00, 0x70, 0x03, 0x80, 0x1C, 0x00, 0xF0,
  0x03, 0x80, 0x0E, 0x00, 0x38, 0x00, 0xE0, 0x03, 0x80, 0x3E, 0x00, 0xDE,
  0x07, 0x7F, 0xFC, 0x7F, 0xF0, 0x01, 0xC0, 0x03, 0x00, 0x04, 0x00, 0x70,
  0x00, 0x38, 0x00, 0x3C, 0x00, 0x1C, 0x00, 0x3C, 0x00, 0x7C, 0x00, 0x7C,
  0x00, 0xF8, 0x00, 0xF0, 0x00, 0x70, 0x00, 0x38, 0x00, 0x18, 0x00, 0x0E,
  0x00, 0x07, 0x80, 0x03, 0xFF, 0xFC, 0x7F, 0xFE, 0x00, 0xE3, 0x00, 0x71,
  0xC0, 0x38, 0x60, 0x1C, 0x00, 0x0E, 0x00, 0x07, 0x00, 0x00, 0x70, 0x01,
  0xC0, 0x07, 0x00, 0x38, 0x00, 0xE0, 0x07, 0x00, 0x38, 0x01, 0xC0, 0x0E,
  0x00, 0x70, 0x03, 0x80, 0x1C, 0x00, 0xF0, 0x03, 0x80, 0x0E, 0x00, 0xF8,
  0x07, 0xE0, 0x1F, 0x80, 0x7E, 0x03, 0xDE, 0x1E, 0x7F, 0xF0, 0x7F, 0x00,
  0x00, 0x70, 0x00, 0x1C, 0x00, 0x07, 0x00, 0x03, 0x80, 0x00, 0xE0, 0x00,
  0x70, 0x00, 0x38, 0x00, 0x1C, 0x00, 0x0E, 0x00, 0x07, 0x00, 0x03, 0x80,
  0x01, 0xC0, 0x00, 0xF0, 0x0F, 0xB8, 0x0F, 0xFE, 0x07, 0xFF, 0x83, 0xC7,
  0xE0, 0xE0, 0xF8, 0x70, 0x0E, 0x1C, 0x01, 0xE7, 0x00, 0x7F, 0xC0, 0x07,
  0xF0, 0x00, 0x00, 0x70, 0x00, 0x70, 0x00, 0x70, 0x00, 0xE0, 0x00, 0xE0,
  0x01, 0xC0, 0x03, 0x80, 0x07, 0x00, 0x0E, 0x00, 0x1C, 0x00, 0x38, 0x00,
  0x70, 0x00, 0xF0, 0x00, 0xE0, 0x00, 0xE0, 0xFE, 0xE1, 0xFF, 0xE3, 0x87,
  0xE3, 0x87, 0xE3, 0x87, 0x7B, 0xC7, 0x7F, 0xFE, 0x1F, 0xFC, 0x07, 0xF8,
  0x7F, 0xE1, 0xC3, 0x8E, 0x06, 0x70, 0x05, 0xC0, 0x07, 0x00, 0x18, 0x00,
  0xE0, 0x03, 0x80, 0x0E, 0x00, 0x38, 0x00, 0xE0, 0x03, 0x80, 0x0E, 0x00,
  0x38, 0x00, 0xE0, 0x03, 0xC0, 0x67, 0x03, 0x9F, 0x0E, 0x3F, 0xF8, 0x3F,
  0xE0, 0x03, 0x80, 0x06, 0x00, 0x08, 0x07, 0xFE, 0x1F, 0xFF, 0x1F, 0x87,
  0x3B, 0x87, 0x73, 0x87, 0x73, 0xC7, 0x71, 0xFE, 0x60, 0xFC, 0xE0, 0x00,
  0xE0, 0x00, 0xE0, 0x00, 0xE0, 0x00, 0xE0, 0x00, 0xE0, 0x00, 0xE0, 0x00,
  0xE0, 0x00, 0xE0, 0x00, 0xF0, 0x18, 0x70, 0x38, 0x7C, 0x38, 0x3F, 0xF8,
  0x0F, 0xF8, 0x00, 0x38, 0x00, 0x18, 0x00, 0x08, 0x30, 0x00, 0xC6, 0x00,
  0x71, 0xC0, 0x18, 0x7F, 0xFE, 0x1F, 0xFF, 0x80, 0x1C, 0x00, 0x0E, 0x00,
  0x03, 0x80, 0x01, 0xC0, 0x00, 0xE0, 0x00, 0x70, 0x00, 0x38, 0x00, 0x1C,
  0x00, 0x0E, 0x00, 0x07, 0x00, 0x03, 0xC0, 0x3E, 0xE0, 0x3F, 0xF8, 0x1F,
  0xFE, 0x0F, 0x1F, 0x83, 0x83, 0xE1, 0xC0, 0x38, 0x70, 0x07, 0x9C, 0x01,
  0xFF, 0x00, 0x1F, 0xC0, 0x00, 0x07, 0x00, 0x1C, 0x00, 0x70, 0x01, 0xC0,
  0x07, 0x00, 0x7F, 0x03, 0xFF, 0x1E, 0x3C, 0x70, 0x3B, 0x80, 0xEE, 0x03,
  0xB8, 0x06, 0xE0, 0x1F, 0x80, 0x7E, 0x01, 0xF8, 0x07, 0xE0, 0x1F, 0x80,
  0x7E, 0x01, 0xF8, 0x07, 0xE0, 0x1F, 0x80, 0x7E, 0x01, 0xF8, 0x07, 0x07,
  0x00, 0x00, 0xE0, 0x00, 0x1C, 0x00, 0x03, 0x80, 0x00, 0x70, 0x00, 0x3F,
  0x80, 0x0F, 0xFC, 0x03, 0xC7, 0x80, 0x70, 0x38, 0x1C, 0x07, 0x03, 0x80,
  0xE0, 0x70, 0x0C, 0x7E, 0x01, 0xCF, 0xC0, 0x3F, 0xB8, 0x07, 0xF7, 0x00,
  0xE6, 0xE0, 0x1C, 0xFC, 0x03, 0x8F, 0x80, 0x70, 0x70, 0x0E, 0x0E, 0x01,
  0xC1, 0xC0, 0x38, 0x38, 0x07, 0x07, 0x00, 0xE0, 0x07, 0x00, 0x00, 0x70,
  0x00, 0x07, 0x00, 0x00, 0x70, 0x00, 0x07, 0x00, 0x01, 0xFC, 0x00, 0x3F,
  0xF0, 0x07, 0x8F, 0x00, 0x70, 0x38, 0x0E, 0x03, 0x80, 0xE0, 0x38, 0x0E,
  0x01, 0x80, 0xE0, 0x1C, 0x0E, 0x01, 0xC0, 0xE0, 0x1C, 0x0E, 0x01, 0xC0,
  0xE0, 0x1C, 0x0E, 0x01, 0xC0, 0xE0, 0x1C, 0x0E, 0x01, 0xC3, 0xE0, 0x1C,
  0x7E, 0x01, 0xC6, 0xE0, 0x1F, 0xEE, 0x01, 0xFE, 0x00, 0x00, 0x60, 0x00,
  0x07, 0x00, 0x00, 0x10, 0x07, 0x00, 0x1C, 0x00, 0x70, 0x01, 0xC0, 0x07,
  0x00, 0x7F, 0x03, 0xFF, 0x1E, 0x3C, 0x70, 0x3B, 0x80, 0xEE, 0x03, 0xB8,
  0x07, 0xE0, 0x1F, 0x80, 0x7E, 0x01, 0xF8, 0x07, 0x00, 0x1C, 0x00, 0x70,
  0x01, 0xC0, 0x07, 0x00, 0x1C, 0x00, 0x70, 0x01, 0xC0, 0x07, 0x07, 0x00,
  0x00, 0x38, 0x00, 0x01, 0xC0, 0x00, 0x0E, 0x00, 0x00, 0x70, 0x00, 0x0F,
  0xE0, 0x00, 0xFF, 0xC0, 0x0F, 0x1E, 0x00, 0x70, 0x38, 0x07, 0x01, 0xC0,
  0x38, 0x0E, 0x01, 0xC0, 0x30, 0x0E, 0x01, 0xC0, 0x70, 0x0E, 0x03, 0x80,
  0x70, 0x1C, 0x03, 0x80, 0xE0, 0x1F, 0xE7, 0x00, 0xFF, 0xB8, 0x07, 0x1F,
  0xC0, 0x38, 0x7E, 0x01, 0xC3, 0xF0, 0x0E, 0x3B, 0x80, 0x7F, 0xDC, 0x03,
  0xF8, 0x1C, 0x00, 0x70, 0x00, 0xE0, 0x03, 0x80, 0x07, 0x00, 0x7F, 0x03,
  0xFF, 0x1E, 0x3C, 0x70, 0x3B, 0x80, 0xEE, 0x03, 0xB8, 0x06, 0xE0, 0x1F,
  0x80, 0x7E, 0x01, 0xF8, 0x07, 0xE0, 0x1F, 0x80, 0x7E, 0x01, 0xF8, 0x07,
  0xE0, 0x1F, 0x80, 0x7E, 0x01, 0xF8, 0x07, 0x07, 0x00, 0x1C, 0x00, 0x70,
  0x01, 0xC0, 0x07, 0x00, 0x7F, 0x03, 0xFE, 0x1E, 0x3C, 0xF0, 0x3B, 0x80,
  0xEE, 0x03, 0xB8, 0x06, 0xE0, 0x1F, 0x80, 0x7E, 0x01, 0xF8, 0x07, 0xE0,
  0x03, 0x80, 0x0E, 0x00, 0x38, 0x00, 0xE0, 0x03, 0x80, 0x0E, 0x00, 0x38,
  0x00, 0x00, 0xE0, 0x00, 0x07, 0x00, 0x00, 0x38, 0x00, 0x01, 0xC0, 0x00,
  0x0E, 0x00, 0x01, 0xFC, 0x00, 0x1F, 0xF8, 0x01, 0xE3, 0xC0, 0x0E, 0x07,
  0x00, 0xE0, 0x38, 0x07, 0x01, 0xC0, 0x38, 0x07, 0x01, 0xC0, 0x38, 0x0E,
  0x01, 0xC0, 0x70, 0x0E, 0x03, 0x80, 0x70, 0x00, 0x03, 0x80, 0x00, 0x1C,
  0x00, 0x00, 0xE0, 0x00, 0x07, 0x00, 0x00, 0x38, 0x00, 0x01, 0xC1, 0xFF,
  0xFF, 0xCF, 0xFF, 0xFF, 0x70, 0x00, 0x3B, 0x00, 0x00, 0xF0, 0x00, 0x02,
  0xC0, 0x01, 0xB0, 0x01, 0xDC, 0x00, 0xCF, 0xFF, 0xE7, 0xFF, 0xF3, 0x8E,
  0x19, 0x87, 0x0F, 0x83, 0x83, 0x07, 0xF0, 0x07, 0xFE, 0x07, 0x8F, 0x03,
  0x81, 0xC3, 0x80, 0xE1, 0xC0, 0x70, 0xE0, 0x18, 0x70, 0x0E, 0x38, 0x07,
  0x1C, 0x03, 0x8E, 0x01, 0xC7, 0x00, 0xE3, 0x80, 0x71, 0xC0, 0x38, 0xE0,
  0x1C, 0x70, 0x0E, 0x38, 0x07, 0x1C, 0x03, 0x8E, 0x01, 0xC0, 0xC0, 0x01,
  0x81, 0x80, 0x0E, 0x07, 0x00, 0x30, 0x1F, 0xFF, 0xC0, 0x7F, 0xFF, 0x01,
  0xC7, 0x0C, 0x06, 0x1C, 0x38, 0x30, 0x70, 0x60, 0x07, 0xF0, 0x00, 0x3F,
  0xF0, 0x01, 0xE3, 0xC0, 0x07, 0x03, 0x80, 0x38, 0x0E, 0x00, 0xE0, 0x38,
  0x03, 0x80, 0x60, 0xCE, 0x01, 0xC7, 0x38, 0x07, 0x18, 0xE0, 0x1F, 0xE3,
  0x80, 0x7F, 0x8E, 0x01, 0xC6, 0x38, 0x07, 0x1C, 0xE0, 0x1C, 0x33, 0x80,
  0x70, 0x0E, 0x01, 0xC0, 0x38, 0x07, 0x00, 0xE0, 0x1C, 0x03, 0x80, 0x70,
  0x00, 0xC0, 0x01, 0x81, 0x80, 0x0E, 0x07, 0x00, 0x30, 0x1F, 0xFF, 0xC0,
  0x7F, 0xFF, 0x01, 0xC7, 0x0C, 0x06, 0x1C, 0x38, 0x30, 0x70, 0x60, 0x07,
  0xF0, 0x00, 0x3F, 0xF0, 0x01, 0xE3, 0xC0, 0x07, 0x03, 0x80, 0x38, 0x0E,
  0x00, 0xE0, 0x38, 0x03, 0x80, 0x60, 0x0E, 0x01, 0xC0, 0x38, 0x07, 0x00,
  0xE0, 0x1C, 0x03, 0x80, 0x70, 0x0E, 0x01, 0xC0, 0x38, 0x07, 0x00, 0xE0,
  0x1C, 0x03, 0x80, 0x70, 0xCE, 0x01, 0xC6, 0x38, 0x07, 0x38, 0xE0, 0x1F,
  0xE3, 0x80, 0x7F, 0x80, 0x00, 0x0E, 0x00, 0x00, 0x18, 0x00, 0x00, 0x30,
  0xC0, 0x01, 0xB0, 0x01, 0xDC, 0x00, 0xCF, 0xFF, 0xE7, 0xFF, 0xF3, 0x8E,
  0x19, 0x87, 0x0F, 0x83, 0x83, 0x07, 0xF0, 0x07, 0xFE, 0x07, 0x8F, 0x03,
  0x81, 0xC3, 0x80, 0xE1, 0xC0, 0x70, 0xE0, 0x1C, 0x70, 0x0E, 0x38, 0x07,
  0x1C, 0x03, 0x8E, 0x01, 0xC0, 0x00, 0xE0, 0x00, 0x70, 0x00, 0x38, 0x00,
  0x1C, 0x00, 0x0E, 0x00, 0x07, 0x00, 0x03, 0x80, 0x01, 0xC0, 0xC0, 0x01,
  0x80, 0xC0, 0x07, 0x01, 0xC0, 0x0C, 0x03, 0xFF, 0xF8, 0x07, 0xFF, 0xF0,
  0x0E, 0x38, 0x60, 0x18, 0x70, 0xE0, 0x60, 0xE0, 0xC0, 0x07, 0xF0, 0x00,
  0x1F, 0xF8, 0x00, 0x78, 0xF0, 0x00, 0xE0, 0x70, 0x03, 0x80, 0xE0, 0x07,
  0x01, 0xC0, 0x0E, 0x01, 0x80, 0x1C, 0x03, 0x80, 0x38, 0x07, 0x00, 0x70,
  0x0E, 0x00, 0xE0, 0x1C, 0x01, 0xC0, 0x3F, 0xC3, 0x80, 0x7F, 0xC7, 0x00,
  0xE3, 0xCE, 0x01, 0xC3, 0x9C, 0x03, 0x87, 0x38, 0x07, 0x1C, 0x70, 0x0F,
  0xF8, 0xE0, 0x1F, 0xC0, 0xC0, 0x01, 0xB0, 0x01, 0xDC, 0x00, 0xEF, 0xFF,
  0xE7, 0xFF, 0xF3, 0x8E, 0x1D, 0x87, 0x0F, 0x81, 0xC1, 0x03, 0xF8, 0x03,
  0xFF, 0x03, 0xC7, 0x81, 0xC0, 0xE1, 0xC0, 0x70, 0xE0, 0x38, 0x70, 0x0C,
  0x38, 0x07, 0x1C, 0x03, 0x8E, 0x01, 0xC7, 0x00, 0xE3, 0x80, 0x71, 0xC0,
  0x38, 0xE0, 0x1C, 0x70, 0x0E, 0x38, 0x07, 0x1C, 0x03, 0x8E, 0x01, 0xC7,
  0x00, 0xE0, 0xC0, 0x01, 0xB0, 0x01, 0xDC, 0x00, 0xEF, 0xFF, 0xE7, 0xFF,
  0xF3, 0x8E, 0x1D, 0x87, 0x0F, 0x83, 0x83, 0x07, 0xF0, 0x07, 0xFC, 0x07,
  0x8F, 0x07, 0x81, 0xC3, 0x80, 0xE1, 0xC0, 0x70, 0xE0, 0x18, 0x70, 0x0E,
  0x38, 0x07, 0x1C, 0x03, 0x8E, 0x01, 0xC7, 0x00, 0x03, 0x80, 0x01, 0xC0,
  0x00, 0xE0, 0x00, 0x70, 0x00, 0x38, 0x00, 0x1C, 0x00, 0x0E, 0x00, 0x00,
  0x60, 0x00, 0xC1, 0x80, 0x0E, 0x0E, 0x00, 0x70, 0x7F, 0xFF, 0x03, 0xFF,
  0xF8, 0x1C, 0x70, 0xE0, 0xC3, 0x87, 0x0C, 0x1C, 0x08, 0x03, 0xF8, 0x00,
  0x3F, 0xF0, 0x03, 0xC7, 0x80, 0x1C, 0x0E, 0x01, 0xC0, 0x70, 0x0E, 0x03,
  0x80, 0x70, 0x0E, 0x03, 0x80, 0x70, 0x1C, 0x03, 0x80, 0xE0, 0x1C, 0x07,
  0x00, 0xE0, 0x00, 0x07, 0x00, 0x00, 0x38, 0x00, 0x01, 0xC0, 0x00, 0x0E,
  0x00, 0x00, 0x70, 0x00, 0x03, 0x83, 0xFF, 0xFF, 0x9F, 0xFF, 0xFE, 0xE0,
  0x00, 0x76, 0x00, 0x01, 0xE0, 0x00, 0x04, 0x00, 0xE0, 0x00, 0x38, 0x00,
  0x0E, 0x00, 0x03, 0x80, 0x0F, 0xFC, 0x0F, 0xFF, 0xC7, 0xFF, 0xF9, 0xC3,
  0x8F, 0xE0, 0xE1, 0xF8, 0x38, 0x7E, 0x0E, 0x1D, 0xC3, 0x8F, 0x7E, 0xFF,
  0x8F, 0xFF, 0xC0, 0x7F, 0xC0, 0x03, 0x80, 0x00, 0xE0, 0x00, 0x38, 0x00,
  0x0E, 0x00, 0x03, 0x80, 0x00, 0xE0, 0x00, 0x38, 0x00, 0x00, 0xE0, 0x00,
  0x38, 0x00, 0x0E, 0x00, 0x3F, 0xF0, 0x3F, 0xFF, 0x1F, 0x3B, 0xE7, 0x0E,
  0x1F, 0x83, 0x87, 0xE0, 0xE1, 0xF8, 0x38, 0x77, 0x0E, 0x3D, 0xFF, 0xFE,
  0x3F, 0xFF, 0x01, 0xFE, 0x00, 0x0E, 0x30, 0x03, 0x8C, 0x00, 0xFF, 0x00,
  0x3F, 0xC0, 0x0F, 0xF0, 0x03, 0x9C, 0x00, 0xE3, 0x00, 0x38, 0x00, 0x00,
  0xE0, 0x00, 0x38, 0x00, 0x0E, 0x00, 0x03, 0x80, 0x0F, 0xFC, 0x0F, 0xFF,
  0xC7, 0xEF, 0xF9, 0xC3, 0x8F, 0xE0, 0xE1, 0xF8, 0x38, 0x7E, 0x0E, 0x1D,
  0xC3, 0x8F, 0x7F, 0xFF, 0x8F, 0xFF, 0xC0, 0x7F, 0x80, 0x03, 0x80, 0x00,
  0xE0, 0x00, 0x38, 0x60, 0x0E, 0x38, 0x03, 0x8E, 0x00, 0xFF, 0x00, 0x3F,
  0xE0, 0x00, 0x38, 0x00, 0x06, 0x00, 0x00, 0x80, 0x00, 0x60, 0x00, 0x0C,
  0x00, 0x01, 0x80, 0x00, 0x30, 0x00, 0x7F, 0xE0, 0x3F, 0xFF, 0x0F, 0xFB,
  0xF3, 0xC3, 0x0E, 0x70, 0x60, 0xEE, 0x0C, 0x1D, 0xC1, 0x83, 0xBC, 0x30,
  0xE3, 0xF6, 0xFC, 0x3F, 0xFF, 0x01, 0xFF, 0x00, 0x03, 0x00, 0x00, 0xE0,
  0x00, 0x1C, 0x00, 0x03, 0x80, 0x01, 0xE0, 0x07, 0xF8, 0x00, 0xFE, 0x00,
  0x1C, 0x00, 0x03, 0x00, 0x00, 0xC0, 0x00, 0x00, 0x00, 0xE0, 0x00, 0x38,
  0x00, 0x0E, 0x00, 0x3F, 0xF8, 0x3F, 0xFF, 0x9E, 0x39, 0xFF, 0x0E, 0x1F,
  0x83, 0x87, 0xE0, 0xE1, 0xDC, 0x38, 0xF7, 0xFF, 0xF8, 0xFF, 0xFC, 0x07,
  0xF8, 0x00, 0x38, 0x00, 0x0E, 0x00, 0x03, 0xFC, 0x00, 0xFF, 0x80, 0x38,
  0xE0, 0x0E, 0x18, 0x03, 0x8E, 0x00, 0xFF, 0x80, 0x3F, 0x80, 0x60, 0x00,
  0x1C, 0x00, 0x03, 0x00, 0x00, 0xFF, 0x80, 0x3F, 0xE0, 0x00, 0x38, 0x00,
  0x0E, 0x00, 0x03, 0x80, 0x00, 0xE0, 0x03, 0xFF, 0x03, 0xFF, 0xF1, 0xFF,
  0xFE, 0x70, 0xE3, 0xF8, 0x38, 0x7E, 0x0E, 0x1F, 0x83, 0x87, 0x70, 0xE3,
  0xDF, 0xBF, 0xE3, 0xFF, 0xF0, 0x1F, 0xF0, 0x00, 0xE0, 0x00, 0x38, 0x00,
  0x0E, 0x00, 0x03, 0x80, 0x00, 0xE0, 0x00, 0x38, 0x00, 0x0E, 0x00, 0x01,
  0xF0, 0x00, 0xFE, 0x00, 0x73, 0x80, 0x1C, 0x70, 0x07, 0x18, 0x01, 0xEE,
  0x00, 0x3F, 0x80, 0x07, 0xC0, 0x00, 0xE0, 0x00, 0x38, 0x00, 0xFF, 0xE0,
  0xFF, 0xFC, 0x7C, 0xEF, 0x9C, 0x38, 0x7E, 0x0E, 0x1F, 0x83, 0x87, 0xE0,
  0xE1, 0xDC, 0x38, 0xF7, 0xFF, 0xF8, 0x7F, 0xFC, 0x07, 0xF8, 0x00, 0x38,
  0x00, 0x0E, 0x00, 0x03, 0x80, 0x01, 0xF0, 0x01, 0xFE, 0x00, 0x73, 0x80,
  0x1C, 0x70, 0x07, 0x38, 0x01, 0xFE, 0x00, 0x1F, 0x00, 0x03, 0x80, 0x00,
  0xE0, 0x03, 0xFF, 0x03, 0xFF, 0xF1, 0xF3, 0xBE, 0xF0, 0xE1, 0xF8, 0x38,
  0x7E, 0x0E, 0x1F, 0xC3, 0x87, 0x7C, 0xEF, 0x8F, 0xFF, 0xC0, 0xFF, 0xC1,
  0x83, 0x80, 0x70, 0xE0, 0x0C, 0x38, 0x03, 0xFE, 0x00, 0xFF, 0x80, 0x70,
  0x00, 0x1C, 0x00, 0x04, 0x00, 0x00, 0x00, 0xE0, 0x00, 0x01, 0xC0, 0x00,
  0x03, 0x80, 0x00, 0x7F, 0xF0, 0x03, 0xFF, 0xF8, 0x0F, 0x9D, 0xF0, 0x3C,
  0x38, 0x70, 0x70, 0x70, 0xE0, 0xE0, 0xE1, 0xC0, 0xE1, 0xC3, 0x81, 0xFF,
  0xFE, 0x01, 0xFF, 0xF8, 0x00, 0x7F, 0xC0, 0x00, 0x1C, 0x00, 0x00, 0x38,
  0x7C, 0x00, 0x7F, 0xFE, 0x00, 0xFF, 0x1C, 0x01, 0xCC, 0x1C, 0x03, 0xB8,
  0x38, 0x07, 0x38, 0xE0, 0x0E, 0x7F, 0xC0, 0x1C, 0x7F, 0x00, 0x00, 0xE0,
  0x00, 0x00, 0x0E, 0x00, 0x00, 0x00, 0xE0, 0x00, 0x00, 0x0E, 0x00, 0x00,
  0x0F, 0xFC, 0x00, 0x03, 0xFF, 0xF0, 0x00, 0x7F, 0xFF, 0x86, 0x07, 0x0E,
  0x3C, 0x60, 0xE0, 0xE1, 0xC6, 0x0E, 0x0E, 0x1F, 0xE0, 0xE0, 0xE1, 0xFE,
  0x07, 0x0E, 0x3C, 0x7E, 0x7E, 0xFF, 0x87, 0xF3, 0xFF, 0xF0, 0x07, 0x07,
  0xFC, 0x00, 0x70, 0x0E, 0x00, 0x03, 0x00, 0xE0, 0x00, 0x00, 0x0E, 0x00,
  0x00, 0x00, 0xE0, 0x00, 0x00, 0x0E, 0x00, 0x00, 0x00, 0xE0, 0x00, 0x00,
  0x0E, 0x00, 0x00, 0x00, 0xE0, 0x00, 0x38, 0x00, 0x0E, 0x00, 0x7F, 0xF8,
  0x3F, 0xFF, 0x9E, 0x38, 0xFF, 0x0E, 0x1F, 0x83, 0x87, 0xE0, 0xE1, 0xFC,
  0x38, 0x77, 0x8E, 0x38, 0xFF, 0xFE, 0x1F, 0xFE, 0x00, 0x38, 0x00, 0x0E,
  0x00, 0x03, 0x80, 0x7F, 0xFF, 0x9F, 0xFF, 0xE7, 0x00, 0x39, 0x80, 0x0E,
  0xC0, 0x03, 0x80, 0x00, 0xE0, 0x00, 0xE0, 0x00, 0x38, 0x00, 0x0E, 0x00,
  0x3F, 0xF8, 0x3F, 0xFF, 0x9E, 0x39, 0xFF, 0x0E, 0x1F, 0x83, 0x87, 0xE0,
  0xE1, 0xDC, 0x38, 0xF7, 0xFF, 0xF8, 0xFF, 0xFC, 0x07, 0xF8, 0x00, 0x38,
  0x00, 0x0E, 0x00, 0x03, 0xFC, 0x00, 0xFF, 0x80, 0x38, 0xE0, 0x0E, 0x18,
  0x03, 0x8E, 0x7F, 0xFF, 0x1F, 0xFF, 0x87, 0x00, 0x01, 0x80, 0x00, 0x40,
  0x00, 0x00, 0x00, 0xE0, 0x00, 0x00, 0x0E, 0x00, 0x00, 0x00, 0xE0, 0x00,
  0x00, 0x0E, 0x00, 0x60, 0x0F, 0xFC, 0x06, 0x03, 0xFF, 0xF0, 0x60, 0x7F,
  0xFF, 0x86, 0x07, 0x0E, 0x3C, 0x60, 0xE0, 0xE1, 0xFF, 0xEE, 0x0E, 0x1F,
  0xFE, 0xE0, 0xE1, 0xFF, 0xE7, 0x0E, 0x3C, 0x07, 0x7E, 0xFF, 0x80, 0x33,
  0xFF, 0xF0, 0x00, 0x07, 0xFC, 0x00, 0x00, 0x0E, 0x00, 0x00, 0x00, 0xE0,
  0x00, 0x00, 0x0E, 0x00, 0x00, 0x00, 0xE0, 0x00, 0x00, 0x0E, 0x00, 0x00,
  0x00, 0xE0, 0x00, 0x00, 0x0E, 0x00, 0x00, 0x60, 0x00, 0x9C, 0x00, 0x67,
  0x00, 0x38, 0xFF, 0xFE, 0x3F, 0xFF, 0x9C, 0x38, 0xE7, 0x0E, 0x19, 0x03,
  0x82, 0x00, 0xE0, 0x03, 0xFF, 0x03, 0xFF, 0xF1, 0xFF, 0xFE, 0x70, 0xE3,
  0xF8, 0x38, 0x7E, 0x0E, 0x1F, 0x83, 0x87, 0x70, 0xE3, 0xDF, 0xBF, 0xE3,
  0xFF, 0xF0, 0x1F, 0xF0, 0x00, 0xE0, 0x00, 0x38, 0x00, 0x0E, 0x00, 0x03,
  0x80, 0x00, 0xE0, 0x00, 0x38, 0x00, 0x0E, 0x00, 0x40, 0x00, 0x98, 0x00,
  0xE7, 0x00, 0x39, 0xFF, 0xFE, 0x7F, 0xFF, 0x9C, 0x38, 0xE6, 0x0E, 0x19,
  0x03, 0x82, 0x0F, 0xFC, 0x0F, 0xFF, 0xC7, 0xCE, 0xF9, 0xC3, 0x87, 0xE0,
  0xE1, 0xF8, 0x38, 0x7E, 0x0E, 0x1D, 0xC3, 0x8F, 0x7F, 0xFF, 0x8F, 0xFF,
  0xC0, 0x7F, 0x80, 0x03, 0x8C, 0x00, 0xE3, 0x00, 0x3F, 0xC0, 0x0F, 0xF0,
  0x03, 0xFC, 0x00, 0xE7, 0x00, 0x38, 0xC0, 0x0E, 0x00, 0x60, 0x00, 0x9C,
  0x00, 0x67, 0x00, 0x38, 0xFF, 0xFE, 0x3F, 0xFF, 0x9C, 0x38, 0xE7, 0x0E,
  0x19, 0x03, 0x82, 0x00, 0xE0, 0x03, 0xFF, 0x03, 0xFF, 0xF1, 0xFF, 0xFE,
  0x70, 0xE3, 0xF8, 0x38, 0x7E, 0x0E, 0x1F, 0x83, 0x87, 0x70, 0xE3, 0xDF,
  0xBF, 0xE3, 0xFF, 0xF0, 0x1F, 0xF0, 0x00, 0xE0, 0x00, 0x38, 0x00, 0x0E,
  0x18, 0x03, 0x86, 0x00, 0xE3, 0x80, 0x3F, 0xE0, 0x0F, 0xF8, 0x00, 0x0E,
  0x00, 0x01, 0x80, 0x00, 0x20, 0x60, 0x00, 0xC6, 0x00, 0x38, 0xE0, 0x06,
  0x1F, 0xFF, 0xC3, 0xFF, 0xF8, 0x71, 0xC3, 0x0C, 0x38, 0x73, 0x07, 0x06,
  0x00, 0xE0, 0x00, 0xFF, 0x80, 0x7F, 0xFE, 0x1F, 0xFF, 0xE7, 0x0E, 0x1C,
  0xE1, 0xC1, 0x9C, 0x38, 0x3B, 0x87, 0x06, 0x70, 0xE1, 0xC7, 0xFF, 0xF8,
  0x7F, 0xFC, 0x03, 0xFE, 0x00, 0x0E, 0x00, 0x01, 0xC0, 0x00, 0x38, 0x00,
  0x0F, 0x00, 0x03, 0xC0, 0x0F, 0xF0, 0x01, 0xFC, 0x00, 0x38, 0x00, 0x0E,
  0x00, 0x01, 0x80, 0x00, 0x00, 0x60, 0x01, 0x9C, 0x00, 0xE3, 0xFF, 0xF8,
  0xFF, 0xFE, 0x70, 0xE3, 0x9C, 0x38, 0x66, 0x0E, 0x18, 0x03, 0x80, 0x0F,
  0xFE, 0x0F, 0xFF, 0xE7, 0x8E, 0x7F, 0xC3, 0x87, 0xE0, 0xE1, 0xF8, 0x38,
  0x77, 0x0E, 0x3D, 0xFF, 0xFE, 0x3F, 0xFF, 0x01, 0xFE, 0x00, 0x0E, 0x00,
  0x03, 0x80, 0x00, 0xFF, 0x00, 0x3F, 0xE0, 0x0E, 0x38, 0x03, 0x86, 0x00,
  0xE3, 0x80, 0x3F, 0xE0, 0x0F, 0xE0, 0xC0, 0x03, 0x01, 0x80, 0x1C, 0x07,
  0x00, 0x70, 0x1F, 0xFF, 0x80, 0x7F, 0xFE, 0x01, 0xC7, 0x1C, 0x06, 0x1C,
  0x70, 0x30, 0x70, 0x40, 0x01, 0xFE, 0x00, 0x03, 0xF8, 0x00, 0x03, 0xE0,
  0x00, 0x03, 0x80, 0x00, 0x3F, 0x80, 0x0F, 0xFF, 0xC0, 0x7F, 0xFF, 0x81,
  0xC3, 0x8F, 0x0E, 0x0E, 0x1C, 0x38, 0x38, 0x70, 0xE0, 0xE1, 0xC1, 0xE3,
  0x9F, 0x03, 0xFF, 0xF8, 0x07, 0xFF, 0x80, 0x00, 0xE0, 0x00, 0x03, 0x80,
  0x00, 0x0E, 0x00, 0x00, 0x38, 0x00, 0x00, 0xE0, 0x00, 0xE0, 0x00, 0x36,
  0x00, 0x06, 0x70, 0x00, 0xE7, 0xFF, 0xFE, 0x7F, 0xFF, 0xE7, 0x39, 0xCE,
  0x63, 0x0C, 0x68, 0x39, 0xC1, 0x03, 0x9C, 0x00, 0x1F, 0x80, 0x00, 0xF0,
  0x00, 0x07, 0x00, 0x00, 0x60, 0x00, 0xFF, 0xF0, 0x3F, 0xFF, 0xC3, 0x86,
  0x1C, 0x70, 0x60, 0xE7, 0x06, 0x0E, 0x70, 0x60, 0xE7, 0x06, 0x0E, 0x3C,
  0x63, 0xC1, 0xFF, 0xF8, 0x0F, 0xFF, 0x00, 0x06, 0x00, 0x00, 0x60, 0x00,
  0x06, 0x00, 0x00, 0x60, 0x00, 0x60, 0x01, 0x83, 0x80, 0x1C, 0x1F, 0xFF,
  0xE0, 0xFF, 0xFE, 0x07, 0x0E, 0x38, 0x30, 0x71, 0xC1, 0x83, 0x86, 0x00,
  0x1C, 0x00, 0x0F, 0xFE, 0x01, 0xFF, 0xFC, 0x1E, 0x39, 0xF1, 0xE1, 0xC3,
  0x8E, 0x0E, 0x1C, 0x70, 0x70, 0xE1, 0xC3, 0x8F, 0x0F, 0xFF, 0xF0, 0x3F,
  0xFF, 0x00, 0x3F, 0xC0, 0x00, 0x38, 0x00, 0x01, 0xC0, 0x00, 0x0F, 0xFE,
  0x00, 0x7F, 0xF8, 0x03, 0xF0, 0xE0, 0x1D, 0x87, 0x00, 0xEE, 0x38, 0x07,
  0x7F, 0x80, 0x39, 0xF8, 0x60, 0x00, 0x80, 0x07, 0x00, 0x18, 0x00, 0x70,
  0x03, 0x80, 0x03, 0xFF, 0xF8, 0x00, 0x3F, 0xFF, 0x80, 0x07, 0x0E, 0x38,
  0x00, 0x70, 0xE1, 0x80, 0x04, 0x0E, 0x08, 0x00, 0x00, 0xE0, 0x00, 0x00,
  0xFF, 0xC0, 0x00, 0x3F, 0xFF, 0x00, 0x07, 0xFF, 0xF8, 0x60, 0x70, 0xE3,
  0xC6, 0x0E, 0x0E, 0x1C, 0x60, 0xE0, 0xE1, 0xFE, 0x0E, 0x0E, 0x1F, 0xE0,
  0x70, 0xE3, 0xC7, 0xE7, 0xEF, 0xF8, 0x7F, 0x3F, 0xFF, 0x00, 0x70, 0x7F,
  0xC0, 0x07, 0x00, 0xE0, 0x00, 0x30, 0x0E, 0x00, 0x00, 0x00, 0xE0, 0x00,
  0x00, 0x0E, 0x00, 0x00, 0x00, 0xE0, 0x00, 0x00, 0x0E, 0x00, 0x00, 0x00,
  0xE0, 0x00, 0x00, 0x60, 0x00, 0x9C, 0x00, 0x67, 0x00, 0x39, 0xFF, 0xFE,
  0x7F, 0xFF, 0x9C, 0x38, 0xE6, 0x0E, 0x19, 0x03, 0x82, 0x0F, 0xFC, 0x0F,
  0xFF, 0xE7, 0xCE, 0xFB, 0xC3, 0x87, 0xE0, 0xE1, 0xF8, 0x38, 0x7F, 0x0E,
  0x1D, 0xFF, 0xFE, 0x3F, 0xFF, 0x01, 0xFF, 0x00, 0x0E, 0x00, 0x03, 0x80,
  0x00, 0xE0, 0x1F, 0xFF, 0xE7, 0xFF, 0xF9, 0xC0, 0x0E, 0x60, 0x03, 0xB0,
  0x00, 0xE0, 0x00, 0x38, 0x60, 0x01, 0x9C, 0x00, 0xE3, 0xFF, 0xF8, 0xFF,
  0xFE, 0x70, 0xE3, 0x9C, 0x38, 0x66, 0x0E, 0x18, 0x03, 0x80, 0x0F, 0xFE,
  0x0F, 0xFF, 0xE7, 0x8E, 0x7F, 0xC3, 0x87, 0xE0, 0xE1, 0xF8, 0x38, 0x77,
  0x0E, 0x3D, 0xFF, 0xFE, 0x3F, 0xFF, 0x01, 0xFE, 0x00, 0x0E, 0x00, 0x03,
  0x80, 0x00, 0xFF, 0x00, 0x3F, 0xE0, 0x0E, 0x38, 0x03, 0x86, 0x00, 0xE3,
  0x9F, 0xFF, 0xE7, 0xFF, 0xE1, 0xC0, 0x00, 0x60, 0x00, 0x30, 0x00, 0x00,
  0x60, 0x00, 0x80, 0x07, 0x00, 0x18, 0x00, 0x70, 0x03, 0x80, 0x03, 0xFF,
  0xF8, 0x00, 0x3F, 0xFF, 0x80, 0x07, 0x0E, 0x38, 0x00, 0x70, 0xE1, 0x80,
  0x04, 0x0E, 0x08, 0x00, 0x00, 0xE0, 0x06, 0x00, 0xFF, 0xC0, 0x60, 0x3F,
  0xFF, 0x06, 0x07, 0xFF, 0xF8, 0x60, 0x70, 0xE3, 0xC6, 0x0E, 0x0E, 0x1F,
  0xFE, 0xE0, 0xE1, 0xFF, 0xEE, 0x0E, 0x1F, 0xFE, 0x70, 0xE3, 0xC0, 0x77,
  0xEF, 0xF8, 0x03, 0x3F, 0xFF, 0x00, 0x00, 0x7F, 0xC0, 0x00, 0x00, 0xE0,
  0x00, 0x00, 0x0E, 0x00, 0x00, 0x00, 0xE0, 0x00, 0x00, 0x0E, 0x00, 0x00,
  0x00, 0xE0, 0x00, 0x00, 0x0E, 0x00, 0x00, 0x00, 0xE0, 0x00, 0x00, 0x07,
  0x80, 0x7F, 0x83, 0xFF, 0x1C, 0x1E, 0xE0, 0x3B, 0x80, 0xEE, 0x01, 0xB8,
  0x07, 0xE0, 0x1F, 0x80, 0x7E, 0x01, 0xF8, 0x07, 0xE0, 0x1F, 0x80, 0x7E,
  0x01, 0xF8, 0x07, 0xE0, 0x1F, 0x80, 0x7E, 0x01, 0xF8, 0x07, 0xE0, 0x1F,
  0x80, 0x7E, 0x01, 0xC0, 0x07, 0x80, 0x01, 0xFE, 0x00, 0x3F, 0xF0, 0x07,
  0x07, 0x80, 0xE0, 0x38, 0x0E, 0x03, 0x80, 0xE0, 0x18, 0x0E, 0x01, 0xC0,
  0xE0, 0x1C, 0x0E, 0x01, 0xC1, 0xE0, 0x1C, 0x7E, 0x01, 0xC6, 0xE0, 0x1F,
  0xEE, 0x01, 0xFE, 0xE0, 0x1C, 0xEE, 0x01, 0xC6, 0xE0, 0x1C, 0x3E, 0x01,
  0xC0, 0xE0, 0x1C, 0x0E, 0x01, 0xC0, 0xE0, 0x1C, 0x0E, 0x01, 0xC0, 0xE0,
  0x1C, 0x00, 0x07, 0x80, 0x01, 0xFE, 0x00, 0x3F, 0xF0, 0x07, 0x07, 0x80,
  0xE0, 0x38, 0x0E, 0x03, 0x80, 0xE0, 0x18, 0x0E, 0x01, 0xC0, 0xE0, 0x1C,
  0x0E, 0x01, 0xC0, 0xE0, 0x1C, 0x0E, 0x01, 0xC0, 0xE0, 0x1C, 0x0E, 0x01,
  0xC0, 0xE0, 0x1C, 0x0E, 0x01, 0xC0, 0xE0, 0x1C, 0x0E, 0x01, 0xC0, 0xE0,
  0x1C, 0x3E, 0x01, 0xC6, 0xE0, 0x1C, 0xEE, 0x01, 0xFE, 0xE0, 0x1F, 0xE0,
  0x00, 0x0E, 0x00, 0x00, 0x60, 0x00, 0x03, 0x07, 0x81, 0xFF, 0x1F, 0xFC,
  0xE0, 0xEE, 0x03, 0xF0, 0x1F, 0x80, 0xF8, 0x07, 0xC0, 0x3E, 0x01, 0xF0,
  0x0F, 0x80, 0x7C, 0x03, 0xE0, 0x1F, 0x00, 0xE0, 0x07, 0x00, 0x38, 0x01,
  0xC0, 0x0E, 0x00, 0x70, 0x03, 0x80, 0x1C, 0x00, 0xE0, 0x07, 0x80, 0x00,
  0xFF, 0x00, 0x0F, 0xFC, 0x00, 0xE0, 0xF0, 0x0E, 0x03, 0x80, 0x70, 0x1C,
  0x03, 0x80, 0x60, 0x1C, 0x03, 0x80, 0xE0, 0x1C, 0x07, 0x00, 0xE0, 0x38,
  0x07, 0x01, 0xC0, 0x38, 0x0E, 0x01, 0xC0, 0x70, 0x0E, 0x03, 0x80, 0x70,
  0x1C, 0x03, 0xFC, 0xE0, 0x1F, 0xF7, 0x00, 0xE3, 0xF8, 0x07, 0x0F, 0xC0,
  0x38, 0x7E, 0x01, 0xC7, 0x70, 0x0F, 0xFB, 0x80, 0x7F, 0x00, 0x00, 0x0F,
  0x00, 0x07, 0xFC, 0x00, 0xFF, 0xE0, 0x0E, 0x0F, 0x01, 0xC0, 0x70, 0x1C,
  0x07, 0x01, 0xC0, 0x70, 0x1C, 0x03, 0x01, 0xC0, 0x30, 0x1C, 0x03, 0x01,
  0xC0, 0x30, 0x1C, 0x03, 0x7F, 0xC0, 0x37, 0xFC, 0x03, 0x71, 0xC0, 0x36,
  0x1C, 0x03, 0xC1, 0xC0, 0x30, 0x1C, 0x03, 0x01, 0xC0, 0x30, 0x1C, 0x03,
  0x01, 0xC0, 0x30, 0x1C, 0x03, 0x01, 0xC0, 0x30, 0x07, 0x80, 0xFF, 0x87,
  0xFF, 0x1C, 0x1E, 0xE0, 0x3B, 0x80, 0xEE, 0x01, 0xB8, 0x07, 0xE0, 0x1F,
  0x80, 0x7E, 0x01, 0xF8, 0x07, 0xE0, 0x1F, 0x80, 0x7E, 0x01, 0xF8, 0x00,
  0xE0, 0x03, 0x80, 0x0E, 0x00, 0x38, 0x00, 0xE0, 0x03, 0x80, 0x0E, 0x00,
  0x00, 0x00, 0xF0, 0x00, 0x1F, 0xE0, 0x01, 0xFF, 0x80, 0x1E, 0x1E, 0x00,
  0xE0, 0x70, 0x0E, 0x01, 0xC0, 0x70, 0x0E, 0x03, 0x80, 0x70, 0x1C, 0x03,
  0x80, 0xE0, 0x1C, 0x07, 0x00, 0xE0, 0x38, 0x07, 0x01, 0xC0, 0x38, 0x0E,
  0x01, 0xC0, 0x70, 0x0E, 0x00, 0x00, 0x70, 0x00, 0x03, 0x80, 0x00, 0x1C,
  0x00, 0x00, 0xE0, 0x00, 0x07, 0x00, 0x00, 0x38, 0x3F, 0xFF, 0xF9, 0xFF,
  0xFF, 0xEE, 0x00, 0x07, 0x60, 0x00, 0x1E, 0x00, 0x00, 0x40, 0xC0, 0x03,
  0xC0, 0x0F, 0x80, 0x3B, 0xFF, 0xF7, 0xFF, 0xFC, 0x01, 0xF8, 0x01, 0xC0,
  0x01, 0x0F, 0xE0, 0x3F, 0xF0, 0xF1, 0xE1, 0xC0, 0xE7, 0x01, 0xCE, 0x03,
  0x9C, 0x03, 0x38, 0x07, 0x70, 0x0E, 0xE0, 0x1D, 0xC0, 0x3B, 0x80, 0x77,
  0x00, 0xEE, 0x01, 0xDC, 0x03, 0xB8, 0x07, 0x70, 0x0E, 0xE0, 0x1D, 0xC0,
  0x38, 0xC0, 0x02, 0x03, 0x80, 0x18, 0x0E, 0x00, 0xE0, 0x1F, 0xFF, 0x80,
  0x7F, 0xFE, 0x03, 0x80, 0x38, 0x0E, 0x00, 0x60, 0x20, 0x00, 0x80, 0x0F,
  0xE0, 0x00, 0x7F, 0xE0, 0x03, 0xC7, 0x80, 0x0E, 0x07, 0x00, 0x70, 0x1C,
  0x01, 0xC0, 0x70, 0x07, 0x00, 0xC0, 0x1C, 0x03, 0x83, 0x70, 0x0E, 0x19,
  0xC0, 0x38, 0xE7, 0x00, 0xFF, 0x9C, 0x03, 0xFE, 0x70, 0x0E, 0x39, 0xC0,
  0x38, 0x67, 0x00, 0xE0, 0xDC, 0x03, 0x80, 0x70, 0x0E, 0x01, 0xC0, 0x38,
  0x07, 0x00, 0xE0, 0x00, 0xC0, 0x02, 0x07, 0x00, 0x30, 0x38, 0x03, 0x80,
  0xFF, 0xFC, 0x07, 0xFF, 0xE0, 0x70, 0x07, 0x03, 0x80, 0x18, 0x10, 0x00,
  0x40, 0x0F, 0xE0, 0x00, 0xFF, 0xC0, 0x0F, 0x1E, 0x00, 0x70, 0x38, 0x07,
  0x01, 0xC0, 0x38, 0x0E, 0x01, 0xC0, 0x30, 0x0E, 0x01, 0xC0, 0x70, 0x0E,
  0x03, 0x80, 0x70, 0x1C, 0x03, 0x80, 0xE0, 0x1C, 0x07, 0x00, 0xE0, 0x38,
  0x07, 0x01, 0xC0, 0x38, 0x6E, 0x01, 0xC6, 0x70, 0x0E, 0x73, 0x80, 0x7F,
  0x9C, 0x03, 0xFC, 0x00, 0x00, 0xE0, 0x00, 0x03, 0x00, 0x00, 0x0C, 0xC0,
  0x03, 0xC0, 0x0F, 0x80, 0x3B, 0xFF, 0xF7, 0xFF, 0xFC, 0x01, 0xF8, 0x01,
  0xC0, 0x01, 0x0F, 0xE0, 0x3F, 0xE0, 0xF1, 0xE3, 0x81, 0xE7, 0x01, 0xCE,
  0x03, 0x98, 0x07, 0x70, 0x0E, 0xE0, 0x1D, 0xC0, 0x3B, 0x80, 0x70, 0x00,
  0xE0, 0x01, 0xC0, 0x03, 0x80, 0x07, 0x00, 0x0E, 0x00, 0x1C, 0x00, 0x38,
  0x00, 0x70, 0xC0, 0x02, 0x03, 0x80, 0x18, 0x0E, 0x00, 0xE0, 0x1F, 0xFF,
  0x80, 0x7F, 0xFE, 0x03, 0x80, 0x38, 0x0E, 0x00, 0x60, 0x20, 0x00, 0x80,
  0x0F, 0xE0, 0x00, 0x7F, 0xE0, 0x03, 0xC7, 0x80, 0x0E, 0x07, 0x00, 0x70,
  0x1C, 0x01, 0xC0, 0x70, 0x07, 0x00, 0xC0, 0x1C, 0x03, 0x80, 0x70, 0x0E,
  0x01, 0xC0, 0x38, 0x07, 0x00, 0xE0, 0x1C, 0x03, 0xFC, 0x70, 0x0F, 0xF9,
  0xC0, 0x38, 0xF7, 0x00, 0xE1, 0xDC, 0x03, 0x87, 0x70, 0x0E, 0x39, 0xC0,
  0x3F, 0xE7, 0x00, 0xFE, 0x00, 0x06, 0x00, 0x18, 0x18, 0x01, 0xC0, 0xE0,
  0x0E, 0x07, 0xFF, 0xE0, 0x3F, 0xFF, 0x01, 0xC0, 0x1C, 0x0C, 0x00, 0xE0,
  0xC0, 0x01, 0x00, 0x3F, 0x80, 0x07, 0xFE, 0x00, 0x3C, 0x78, 0x03, 0x81,
  0xC0, 0x1C, 0x07, 0x00, 0xC0, 0x38, 0x0E, 0x01, 0xC0, 0x70, 0x0E, 0x03,
  0x80, 0x73, 0xFC, 0x03, 0x9F, 0xE0, 0x1C, 0xFF, 0x00, 0xE7, 0x38, 0x07,
  0x31, 0xC0, 0x3A, 0x0E, 0x01, 0xC0, 0x70, 0x0E, 0x03, 0x80, 0x70, 0x1C,
  0x03, 0x80, 0xE0, 0x1C, 0x80, 0x03, 0xC0, 0x0F, 0x80, 0x3F, 0xFF, 0xFF,
  0xFF, 0xFC, 0x01, 0xF0, 0x01, 0xC0, 0x01, 0x0F, 0xE0, 0x3F, 0xE0, 0xF1,
  0xE3, 0xC0, 0xE7, 0x01, 0xCE, 0x03, 0x9C, 0x03, 0x38, 0x07, 0x70, 0x0E,
  0xE0, 0x1D, 0xC0, 0x3B, 0x80, 0x07, 0x00, 0x0E, 0x00, 0x1C, 0x00, 0x38,
  0x00, 0x70, 0x00, 0xE0, 0x01, 0xC0, 0x00, 0x30, 0x00, 0x81, 0xC0, 0x0C,
  0x0E, 0x00, 0xE0, 0x3F, 0xFF, 0x01, 0xFF, 0xF8, 0x1C, 0x01, 0xC0, 0xE0,
  0x06, 0x04, 0x00, 0x10, 0x03, 0xF8, 0x00, 0x3F, 0xE0, 0x03, 0xC7, 0x80,
  0x38, 0x1E, 0x01, 0xC0, 0x70, 0x0E, 0x03, 0x80, 0x60, 0x1C, 0x07, 0x00,
  0xE0, 0x38, 0x07, 0x01, 0xC0, 0x38, 0x0E, 0x01, 0xC0, 0x00, 0x0E, 0x00,
  0x00, 0x70, 0x00, 0x03, 0x80, 0x00, 0x1C, 0x00, 0x00, 0xE0, 0x00, 0x07,
  0x03, 0xFF, 0xFF, 0x9F, 0xFF, 0xFE, 0xE0, 0x00, 0x76, 0x00, 0x01, 0xE0,
  0x00, 0x04, 0x00, 0xE0, 0x00, 0x38, 0x00, 0x0E, 0x00, 0x03, 0x80, 0x00,
  0xE0, 0x1F, 0xFF, 0xE7, 0xFF, 0xFD, 0xC3, 0x87, 0x60, 0xE1, 0xF8, 0x38,
  0x30, 0x0E, 0x00, 0x03, 0x80, 0x00, 0xE0, 0x00, 0x38, 0x00, 0x0E, 0x00,
  0x03, 0x80, 0x00, 0xE0, 0x00, 0x38, 0x00, 0x0E, 0x00, 0x03, 0x80, 0x00,
  0xE0, 0x00, 0x38, 0x00, 0x00, 0xE0, 0x00, 0x38, 0x00, 0x0E, 0x00, 0x03,
  0x80, 0x00, 0xE0, 0x1F, 0xFF, 0xE7, 0xFF, 0xFD, 0xC3, 0x87, 0x60, 0xE1,
  0xF8, 0x38, 0x30, 0x0E, 0x00, 0x03, 0x80, 0x00, 0xE1, 0x80, 0x38, 0xE0,
  0x0F, 0xF8, 0x03, 0xFC, 0x00, 0xFF, 0x00, 0x38, 0xE0, 0x0E, 0x18, 0x03,
  0x80, 0x00, 0xE0, 0x00, 0x38, 0x00, 0x00, 0xE0, 0x00, 0x38, 0x00, 0x0E,
  0x00, 0x03, 0x80, 0x00, 0xE0, 0x1F, 0xFF, 0xE7, 0xFF, 0xFD, 0xC3, 0x87,
  0x60, 0xE1, 0xF8, 0x38, 0x30, 0x0E, 0x00, 0x03, 0x80, 0x00, 0xE0, 0x00,
  0x38, 0x00, 0x0E, 0x00, 0x03, 0x80, 0x00, 0xE0, 0x00, 0x38, 0x60, 0x0E,
  0x38, 0x03, 0x8E, 0x00, 0xFF, 0x80, 0x3F, 0xE0, 0x00, 0x38, 0x00, 0x06,
  0x00, 0x00, 0x80, 0x00, 0x60, 0x00, 0x0C, 0x00, 0x01, 0x80, 0x00, 0x30,
  0x00, 0x06, 0x00, 0x7F, 0xFF, 0x8F, 0xFF, 0xF1, 0xFF, 0xFE, 0x70, 0x60,
  0xEC, 0x0C, 0x0C, 0x01, 0x80, 0x00, 0x30, 0x00, 0x06, 0x00, 0x00, 0xC0,
  0x00, 0x18, 0x00, 0x03, 0x00, 0x00, 0xE0, 0x00, 0x1C, 0x00, 0x03, 0x80,
  0x01, 0xE0, 0x07, 0xF8, 0x00, 0xFE, 0x00, 0x1C, 0x00, 0x03, 0x00, 0x00,
  0xC0, 0x00, 0x00, 0x00, 0xE0, 0x00, 0x38, 0x00, 0x0E, 0x00, 0x03, 0x80,
  0x00, 0xE0, 0x1F, 0xFF, 0xE7, 0xFF, 0xFD, 0xC3, 0x87, 0x60, 0xE1, 0xF8,
  0x38, 0x30, 0x0E, 0x00, 0x03, 0x80, 0x00, 0xE0, 0x00, 0x38, 0x00, 0x0F,
  0xF0, 0x03, 0xFE, 0x00, 0xE1, 0xC0, 0x38, 0x70, 0x0E, 0x1C, 0x03, 0x8F,
  0x00, 0xFF, 0x80, 0x3F, 0xC0, 0x1C, 0x00, 0x07, 0x00, 0x01, 0xC0, 0x00,
  0x70, 0x00, 0x1C, 0x00, 0x03, 0xF8, 0x00, 0x7E, 0x00, 0x07, 0x80, 0x00,
  0xE0, 0x00, 0x38, 0x07, 0xFF, 0xF9, 0xFF, 0xFF, 0x70, 0xE1, 0xD8, 0x38,
  0x3C, 0x0E, 0x04, 0x03, 0x80, 0x00, 0xE0, 0x00, 0x38, 0x00, 0x0E, 0x00,
  0x03, 0x80, 0x00, 0xE0, 0x00, 0x38, 0x00, 0x0E, 0x00, 0x03, 0x80, 0x00,
  0xE0, 0x00, 0x01, 0xF0, 0x00, 0xFE, 0x00, 0x71, 0xC0, 0x1C, 0x70, 0x07,
  0x1C, 0x00, 0xE7, 0x00, 0x3F, 0x80, 0x03, 0xC0, 0x00, 0xE0, 0x00, 0x38,
  0x07, 0xFF, 0xF9, 0xFF, 0xFF, 0x7F, 0xFF, 0xDC, 0x38, 0x76, 0x0E, 0x0E,
  0x03, 0x80, 0x00, 0xE0, 0x00, 0x38, 0x00, 0x0E, 0x00, 0x03, 0x80, 0x00,
  0xE0, 0x00, 0x38, 0x00, 0x0E, 0x00, 0x03, 0x80, 0x00, 0xE0, 0x00, 0x38,
  0x00, 0x0E, 0x00, 0x03, 0x80, 0x00, 0xE0, 0x1F, 0xFF, 0xE7, 0xFF, 0xFD,
  0xFF, 0xFF, 0x60, 0xE1, 0xF8, 0x38, 0x30, 0x0E, 0x00, 0x03, 0x80, 0x00,
  0xE0, 0x00, 0x38, 0x00, 0x0E, 0x00, 0x03, 0x80, 0x00, 0xE0, 0x00, 0x38,
  0x00, 0x0E, 0x00, 0x03, 0x80, 0x7F, 0xFF, 0x9F, 0xFF, 0xF7, 0x00, 0x1D,
  0x80, 0x03, 0xC0, 0x00, 0x40, 0xC0, 0x01, 0x98, 0x00, 0xE7, 0x00, 0x31,
  0xFF, 0xFC, 0x7F, 0xFF, 0x1C, 0x70, 0xC6, 0x1C, 0x3B, 0x07, 0x06, 0x01,
  0xC0, 0x00, 0x70, 0x07, 0xFF, 0xFB, 0xFF, 0xFE, 0xFF, 0xFF, 0xB8, 0x70,
  0x6C, 0x1C, 0x1C, 0x07, 0x00, 0x01, 0xC0, 0x00, 0x70, 0x00, 0x1C, 0x00,
  0x07, 0x00, 0x01, 0xC0, 0x00, 0x70, 0x00, 0x1C, 0x00, 0x07, 0x00, 0x01,
  0xC0, 0x00, 0x70, 0x00, 0x1C, 0x00, 0xC0, 0x01, 0x98, 0x00, 0xE7, 0x00,
  0x31, 0xFF, 0xFC, 0x7F, 0xFF, 0x1C, 0x70, 0xC6, 0x1C, 0x3B, 0x07, 0x06,
  0x01, 0xC0, 0x00, 0x70, 0x07, 0xFF, 0xFB, 0xFF, 0xFE, 0xFF, 0xFF, 0xB8,
  0x70, 0x6C, 0x1C, 0x1C, 0x07, 0x00, 0x01, 0xC0, 0x00, 0x70, 0xE0, 0x1C,
  0x30, 0x07, 0xFC, 0x01, 0xFF, 0x00, 0x7F, 0xC0, 0x1C, 0x30, 0x07, 0x0E,
  0x01, 0xC0, 0x00, 0x70, 0x00, 0x1C, 0x00, 0xC0, 0x01, 0x98, 0x00, 0xE7,
  0x00, 0x31, 0xFF, 0xFC, 0x7F, 0xFF, 0x1C, 0x70, 0xC6, 0x1C, 0x3B, 0x07,
  0x06, 0x01, 0xC0, 0x00, 0x70, 0x07, 0xFF, 0xFB, 0xFF, 0xFE, 0xFF, 0xFF,
  0xB8, 0x70, 0x6C, 0x1C, 0x1C, 0x07, 0x00, 0x01, 0xC0, 0x00, 0x70, 0x00,
  0x1C, 0x00, 0x07, 0x00, 0x01, 0xC0, 0x00, 0x70, 0x00, 0x1C, 0x30, 0x07,
  0x1C, 0x01, 0xC7, 0x00, 0x7F, 0x80, 0x1F, 0xE0, 0x00, 0x1C, 0x00, 0x03,
  0x00, 0x00, 0x40, 0x20, 0x00, 0x46, 0x00, 0x38, 0xE0, 0x07, 0x1F, 0xFF,
  0xE3, 0xFF, 0xFC, 0x70, 0xC3, 0x8C, 0x18, 0x31, 0x03, 0x02, 0x00, 0x60,
  0x00, 0x0C, 0x00, 0xFF, 0xFF, 0x1F, 0xFF, 0xE3, 0xFF, 0xFC, 0xE0, 0xC1,
  0xD8, 0x18, 0x18, 0x03, 0x00, 0x00, 0x60, 0x00, 0x0C, 0x00, 0x01, 0x80,
  0x00, 0x30, 0x00, 0x06, 0x00, 0x01, 0xC0, 0x00, 0x38, 0x00, 0x07, 0x00,
  0x03, 0xC0, 0x0F, 0xF0, 0x01, 0xFC, 0x00, 0x38, 0x00, 0x06, 0x00, 0x01,
  0x80, 0x00, 0x00, 0x60, 0x00, 0xDC, 0x00, 0x63, 0x00, 0x38, 0xFF, 0xFE,
  0x3F, 0xFF, 0x8C, 0x38, 0xE7, 0x0E, 0x19, 0x83, 0x83, 0x00, 0xE0, 0x00,
  0x38, 0x00, 0x0E, 0x01, 0xFF, 0xFE, 0x7F, 0xFF, 0xDC, 0x38, 0x76, 0x0E,
  0x0F, 0x03, 0x81, 0x00, 0xE0, 0x00, 0x38, 0x00, 0x0E, 0x00, 0x03, 0xFC,
  0x00, 0xFF, 0x80, 0x38, 0x70, 0x0E, 0x1C, 0x03, 0x87, 0x00, 0xE3, 0xC0,
  0x3F, 0xE0, 0x0F, 0xF0, 0xC0, 0x03, 0x01, 0x80, 0x1C, 0x07, 0x00, 0x70,
  0x1F, 0xFF, 0x80, 0x7F, 0xFE, 0x00, 0x07, 0x1C, 0x00, 0x1C, 0x70, 0x00,
  0x70, 0x40, 0x01, 0xE0, 0x00, 0x03, 0xF8, 0x00, 0x07, 0xE0, 0x00, 0x03,
  0x80, 0x03, 0xFF, 0xF8, 0x1F, 0xFF, 0xF0, 0x7F, 0xFF, 0xC1, 0xC3, 0x87,
  0x06, 0x0E, 0x0C, 0x00, 0x38, 0x00, 0x00, 0xE0, 0x00, 0x03, 0x80, 0x00,
  0x0E, 0x00, 0x00, 0x38, 0x00, 0x00, 0xE0, 0x00, 0x03, 0x80, 0x00, 0x0E,
  0x00, 0x00, 0x38, 0x00, 0x00, 0xE0, 0x00, 0xC0, 0x00, 0xF8, 0x00, 0x77,
  0xFF, 0xF9, 0xFF, 0xFE, 0x7F, 0xFF, 0xB9, 0xCE, 0x0C, 0x61, 0x80, 0x1C,
  0xE0, 0x07, 0x38, 0x00, 0xFC, 0x00, 0x1F, 0x00, 0x03, 0x80, 0x00, 0xC0,
  0x1F, 0xFF, 0xE7, 0xFF, 0xFB, 0xFF, 0xFE, 0xE0, 0xC1, 0xB0, 0x30, 0x70,
  0x0C, 0x00, 0x03, 0x00, 0x00, 0xC0, 0x00, 0x30, 0x00, 0x0C, 0x00, 0x03,
  0x00, 0x00, 0xC0, 0x00, 0x30, 0x00, 0x0C, 0x00, 0x60, 0x00, 0xC6, 0x00,
  0x38, 0xE0, 0x06, 0x1F, 0xFF, 0xC3, 0xFF, 0xF8, 0x71, 0xC3, 0x0C, 0x38,
  0x73, 0x07, 0x06, 0x00, 0xE0, 0x00, 0x1C, 0x00, 0xFF, 0xFF, 0x3F, 0xFF,
  0xE7, 0xFF, 0xFC, 0xE1, 0xC1, 0x98, 0x38, 0x38, 0x07, 0x00, 0x00, 0xE0,
  0x00, 0x1C, 0x00, 0x03, 0x80, 0x00, 0x70, 0x00, 0x0E, 0x00, 0x01, 0xC0,
  0x00, 0x38, 0x00, 0x07, 0x00, 0x00, 0xE0, 0x0F, 0xFF, 0xF1, 0xFF, 0xFF,
  0x38, 0x00, 0xE6, 0x00, 0x0D, 0x80, 0x00, 0x80, 0x03, 0x80, 0x0E, 0x07,
  0xF8, 0x1F, 0xE0, 0x73, 0xC1, 0x87, 0xFC, 0x0F, 0xC0, 0x07, 0x00, 0x1C,
  0x00, 0x70, 0x01, 0xC0, 0x07, 0x00, 0x1C, 0x00, 0x70, 0x01, 0xC0, 0x07,
  0x00, 0x1C, 0x00, 0x70, 0x01, 0xC0, 0x07, 0x00, 0x1C, 0x00, 0x70, 0x03,
  0x80, 0x00, 0x38, 0x00, 0x7F, 0x80, 0x07, 0xF8, 0x00, 0x73, 0xC0, 0x06,
  0x1F, 0xC0, 0xC0, 0xFC, 0x00, 0x01, 0xC0, 0x00, 0x1C, 0x00, 0x01, 0xC0,
  0x00, 0x1C, 0x00, 0x01, 0xC0, 0x00, 0x1F, 0xE0, 0x01, 0xFE, 0x00, 0x1C,
  0x70, 0x01, 0xC7, 0x00, 0x1C, 0x30, 0x01, 0xC0, 0x00, 0x1C, 0x00, 0x01,
  0xC0, 0x00, 0x1C, 0x00, 0x01, 0xC0, 0x03, 0x80, 0x00, 0x1C, 0x00, 0x1F,
  0xE0, 0x00, 0xFF, 0x00, 0x07, 0x3C, 0x00, 0x30, 0xFE, 0x03, 0x03, 0xF0,
  0x00, 0x03, 0x80, 0x00, 0x1C, 0x00, 0x00, 0xE0, 0x00, 0x07, 0x00, 0x00,
  0x38, 0x00, 0x01, 0xC0, 0x00, 0x0E, 0x00, 0x00, 0x70, 0x00, 0x03, 0x80,
  0x00, 0x1C, 0x00, 0x00, 0xE0, 0xC0, 0x07, 0x0C, 0x00, 0x38, 0xE0, 0x01,
  0xFF, 0x00, 0x0F, 0xF8, 0x00, 0x01, 0xC0, 0x00, 0x06, 0x00, 0x00, 0x18,
  0x01, 0xC0, 0x03, 0x80, 0xFF, 0x01, 0xFE, 0x07, 0x1C, 0x0E, 0x3F, 0xD8,
  0x3F, 0x80, 0x0F, 0x00, 0x0E, 0x00, 0x1C, 0x00, 0x38, 0x00, 0x70, 0x00,
  0xE0, 0x01, 0xC0, 0x03, 0x80, 0x07, 0x00, 0x0E, 0x00, 0x18, 0x00, 0x70,
  0x03, 0xE7, 0xFF, 0x8F, 0xFC, 0x1C, 0x00, 0x30, 0x00, 0xC0, 0x00, 0x03,
  0x80, 0x00, 0x1C, 0x00, 0x1F, 0xE0, 0x00, 0xFF, 0x00, 0x07, 0x3C, 0x00,
  0x30, 0xFE, 0x03, 0x03, 0xF0, 0x00, 0x03, 0x80, 0x00, 0x1C, 0x00, 0x00,
  0xE0, 0x00, 0x07, 0x00, 0x00, 0x38, 0x00, 0x01, 0xC0, 0x00, 0x0E, 0x00,
  0x00, 0x7F, 0xC0, 0x03, 0xFF, 0x00, 0x1C, 0x38, 0x00, 0xE0, 0xC0, 0x07,
  0x0E, 0x00, 0x38, 0x70, 0x01, 0xFF, 0x00, 0x0F, 0xF0, 0x03, 0x80, 0x0E,
  0x00, 0xF8, 0x0F, 0xE0, 0x7B, 0xC1, 0xC7, 0xFE, 0x0F, 0xF8, 0x07, 0xE0,
  0x1F, 0x80, 0x70, 0x01, 0xC0, 0x07, 0x00, 0x1C, 0x00, 0x70, 0x01, 0xC0,
  0x07, 0x00, 0x1C, 0x00, 0x70, 0x01, 0xC0, 0x07, 0x00, 0x1C, 0x00, 0x70,
  0x00, 0x1F, 0xF0, 0x01, 0xFF, 0xE0, 0x0F, 0xE1, 0xC0, 0x3B, 0x07, 0x01,
  0xCE, 0x1C, 0x07, 0x38, 0xE0, 0x38, 0x7F, 0x8F, 0xE0, 0xF8, 0x7F, 0x80,
  0x01, 0xFE, 0x00, 0x07, 0x38, 0x00, 0x18, 0xFF, 0x80, 0x83, 0xFE, 0x00,
  0x0F, 0xF8, 0x00, 0x00, 0xE0, 0x00, 0x03, 0x80, 0x00, 0x0E, 0x00, 0x00,
  0x38, 0x00, 0x00, 0xE0, 0x00, 0x03, 0x80, 0x00, 0x0E, 0x00, 0x00, 0x38,
  0x00, 0x00, 0x1F, 0xF0, 0x01, 0xFF, 0xE0, 0x0F, 0xE1, 0xC0, 0x3B, 0x07,
  0x01, 0xCE, 0x1C, 0x07, 0x38, 0xE0, 0x38, 0x7F, 0x8F, 0xE0, 0xF8, 0x7F,
  0x80, 0x01, 0xFE, 0x00, 0x07, 0x38, 0x00, 0x18, 0xFF, 0x80, 0x83, 0xFE,
  0x00, 0x0F, 0xF8, 0x00, 0x00, 0xE0, 0x00, 0x03, 0x80, 0x00, 0x0E, 0x00,
  0x0C, 0x38, 0x00, 0x38, 0xE0, 0x00, 0xE3, 0x80, 0x01, 0xFE, 0x00, 0x07,
  0xF8, 0x00, 0x38, 0x00, 0x00, 0xE0, 0x00, 0x02, 0x00, 0x00, 0x03, 0x80,
  0x00, 0x01, 0xC0, 0x00, 0x1F, 0xE0, 0x00, 0x0F, 0xF0, 0x00, 0x07, 0x3C,
  0x00, 0x03, 0x0F, 0xE0, 0x03, 0x03, 0xF0, 0x00, 0x00, 0x38, 0x00, 0x00,
  0x1C, 0x00, 0x00, 0x0E, 0x00, 0x00, 0x07, 0x00, 0x00, 0x03, 0xFF, 0xC0,
  0x01, 0xFF, 0xF0, 0x00, 0xFE, 0x18, 0x00, 0x77, 0x0E, 0x00, 0x39, 0xCE,
  0x00, 0x1C, 0xFF, 0x00, 0x0E, 0x3F, 0x00, 0x07, 0x00, 0x00, 0x03, 0x80,
  0x00, 0x01, 0xC0, 0x00, 0x00, 0xE0, 0x00, 0x03, 0x80, 0x00, 0x01, 0xC0,
  0x00, 0x1F, 0xE0, 0x00, 0x0F, 0xF0, 0x00, 0x07, 0x3C, 0x00, 0x03, 0x0F,
  0xE0, 0x03, 0x03, 0xF0, 0x00, 0x00, 0x38, 0x00, 0x00, 0x1C, 0x70, 0x00,
  0x0E, 0x38, 0x00, 0x07, 0x1C, 0x00, 0x03, 0xFE, 0x00, 0x01, 0xFF, 0x00,
  0x00, 0xE3, 0xF8, 0x00, 0x71, 0xFC, 0x00, 0x38, 0xFF, 0x00, 0x1C, 0x03,
  0x80, 0x0E, 0x00, 0xC0, 0x07, 0x00, 0x00, 0x03, 0x80, 0x00, 0x01, 0xC0,
  0x00, 0x00, 0xE0, 0x00, 0x03, 0x80, 0x00, 0x70, 0x01, 0xFE, 0x00, 0x3F,
  0xC0, 0x07, 0x1C, 0x00, 0xC3, 0xFC, 0x30, 0x3F, 0x80, 0x00, 0xF0, 0x00,
  0x0E, 0x00, 0x01, 0xC0, 0x00, 0x38, 0x00, 0x07, 0x00, 0x00, 0xE0, 0x00,
  0x1C, 0x00, 0x03, 0x80, 0x00, 0x70, 0x1F, 0xFF, 0xE7, 0xFF, 0xFC, 0xE0,
  0x01, 0x98, 0x00, 0x32, 0x00, 0x06, 0x00, 0x00, 0xC0, 0x03, 0x80, 0x00,
  0x1C, 0x00, 0x1F, 0xE0, 0x00, 0xFF, 0x00, 0x07, 0x3C, 0x00, 0x30, 0xFE,
  0x03, 0x03, 0xF0, 0x00, 0x03, 0x80, 0x00, 0x1C, 0x00, 0x00, 0xE0, 0x00,
  0x07, 0x00, 0x00, 0x38, 0x00, 0x01, 0xC0, 0x00, 0x0E, 0x00, 0x00, 0x7F,
  0xC0, 0x03, 0xFF, 0x00, 0x1C, 0x38, 0x00, 0xE0, 0xC0, 0x07, 0x0E, 0x00,
  0x38, 0x70, 0xFF, 0xFF, 0x0F, 0xFF, 0xF0, 0x70, 0x00, 0x03, 0x00, 0x00,
  0x10, 0x00, 0x00, 0x03, 0x80, 0x00, 0x03, 0x80, 0x00, 0x7F, 0x80, 0x00,
  0x7F, 0x80, 0x00, 0x73, 0xC0, 0x00, 0x61, 0xFC, 0x00, 0xC0, 0xFC, 0x00,
  0x00, 0x1C, 0x00, 0x00, 0x1C, 0x70, 0x00, 0x1C, 0x70, 0x00, 0x1C, 0x70,
  0x00, 0x1F, 0xFE, 0x00, 0x1F, 0xFE, 0x00, 0x1F, 0xFF, 0x00, 0x1C, 0x07,
  0x00, 0x1C, 0x03, 0x00, 0x1C, 0x00, 0x00, 0x1C, 0x00, 0x00, 0x1C, 0x00,
  0x00, 0x1C, 0x00, 0x00, 0x1C, 0x00, 0x00, 0x1C, 0x00, 0xE0, 0xE0, 0xE0,
  0xE0, 0xF0, 0x7F, 0x3F, 0x07, 0x07, 0x07, 0x07, 0x07, 0x07, 0x07, 0x07,
  0x07, 0x07, 0x07, 0x07, 0x07, 0x07, 0x07, 0xE0, 0x03, 0x80, 0x0E, 0x00,
  0x38, 0x00, 0xF0, 0x01, 0xFC, 0x03, 0xF0, 0x01, 0xC0, 0x07, 0x00, 0x1C,
  0x00, 0x70, 0x01, 0xFE, 0x07, 0xF8, 0x1C, 0x60, 0x71, 0xC1, 0xC3, 0x07,
  0x00, 0x1C, 0x00, 0x70, 0x01, 0xC0, 0x07, 0x00, 0x1C, 0x00, 0xE0, 0x03,
  0x80, 0x0E, 0x00, 0x38, 0x00, 0xF0, 0x01, 0xFC, 0x03, 0xF0, 0x01, 0xC0,
  0x07, 0x00, 0x1C, 0x00, 0x70, 0x01, 0xC0, 0x07, 0x00, 0x1C, 0x00, 0x70,
  0x01, 0xC0, 0x07, 0x00, 0x1C, 0x30, 0x71, 0xC1, 0xC7, 0x07, 0xF8, 0x1F,
  0xE0, 0x01, 0xC0, 0x07, 0x00, 0x04, 0x07, 0xF8, 0x7F, 0xE1, 0xE3, 0x8E,
  0x06, 0x70, 0x05, 0xC0, 0x07, 0x00, 0x18, 0x00, 0xE0, 0x03, 0x80, 0x0E,
  0x00, 0x3F, 0xE0, 0xFF, 0x83, 0xFE, 0x00, 0x38, 0x00, 0xE0, 0x03, 0x80,
  0x0E, 0x00, 0x38, 0x00, 0xE0, 0x03, 0x80, 0x0E, 0x00, 0xE0, 0x0E, 0x00,
  0xE0, 0x0E, 0x00, 0xF0, 0x07, 0xFC, 0x3F, 0x80, 0xF8, 0x07, 0x00, 0x70,
  0x0F, 0x00, 0xE0, 0x0E, 0x01, 0xC0, 0x1F, 0xE3, 0xFE, 0x38, 0x73, 0x87,
  0x70, 0x77, 0x0F, 0x7F, 0xE7, 0xF8, 0x7F, 0x00, 0xFF, 0x01, 0xCF, 0x03,
  0x0E, 0x08, 0x1C, 0x00, 0x38, 0x00, 0x70, 0x80, 0xFE, 0x01, 0xFC, 0x00,
  0x70, 0x00, 0xE0, 0x01, 0xC0, 0x07, 0x00, 0x0E, 0x00, 0x38, 0x00, 0x70,
  0x01, 0xC0, 0x03, 0x80, 0x0E, 0x00, 0x1C, 0x00, 0x78, 0x00, 0xE0, 0x00,
  0x07, 0xFE, 0x0F, 0xFF, 0x1F, 0x87, 0x3B, 0x87, 0x73, 0x87, 0x73, 0xC7,
  0x71, 0xFE, 0x60, 0xFC, 0xE0, 0x00, 0xE0, 0x00, 0xE0, 0x00, 0xFF, 0x80,
  0xFF, 0x80, 0xFF, 0x80, 0x03, 0x80, 0x03, 0x80, 0x03, 0x80, 0x03, 0x80,
  0x03, 0x80, 0x03, 0x80, 0x03, 0x80, 0x03, 0x80, 0x00, 0xFE, 0x00, 0xFF,
  0xC0, 0x78, 0x70, 0x3C, 0x0C, 0x0E, 0x00, 0x03, 0x80, 0x01, 0xC0, 0x00,
  0x70, 0x00, 0x1C, 0x00, 0x07, 0x00, 0x01, 0xC0, 0x00, 0x7F, 0x80, 0x1F,
  0xE0, 0x07, 0xF8, 0x00, 0x0E, 0x00, 0x03, 0x80, 0x00, 0xE0, 0x00, 0x38,
  0x00, 0x0E, 0x00, 0x03, 0x80, 0x7F, 0xFF, 0x9F, 0xFF, 0xF7, 0x00, 0x1D,
  0x80, 0x03, 0xC0, 0x00, 0x40, 0xC0, 0x03, 0x60, 0x07, 0x70, 0x07, 0x7F,
  0xFE, 0x7F, 0xFE, 0x71, 0xC7, 0x61, 0xC3, 0x81, 0xC0, 0x01, 0xC0, 0x01,
  0xE0, 0x00, 0xFE, 0x00, 0x7E, 0x00, 0x0E, 0x00, 0x0E, 0x00, 0x0E, 0x00,
  0x0E, 0x00, 0x0E, 0x00, 0x0E, 0x00, 0x0E, 0x00, 0x0E, 0x00, 0x0E, 0x00,
  0x0E, 0x00, 0x0E, 0x00, 0x0E, 0x00, 0x0E, 0xC0, 0x03, 0x01, 0x80, 0x1C,
  0x07, 0x00, 0x70, 0x1F, 0xFF, 0x80, 0x7F, 0xFE, 0x01, 0xC7, 0x1C, 0x06,
  0x1C, 0x30, 0x20, 0x70, 0x00, 0x01, 0xC0, 0x00, 0x07, 0x80, 0x00, 0x0F,
  0xE0, 0x00, 0x1F, 0x80, 0x00, 0x0E, 0x00, 0x00, 0x38, 0x00, 0x00, 0xFF,
  0x80, 0x03, 0xFE, 0x00, 0x0E, 0x38, 0x00, 0x38, 0x60, 0x00, 0xE0, 0xC0,
  0x03, 0x80, 0x00, 0x0E, 0x00, 0x00, 0x38, 0x00, 0x00, 0xE0, 0x00, 0x03,
  0x80, 0x00, 0x0E, 0x00, 0xC0, 0x03, 0x01, 0x80, 0x1C, 0x07, 0x00, 0x70,
  0x1F, 0xFF, 0x80, 0x7F, 0xFE, 0x01, 0xC7, 0x1C, 0x06, 0x1C, 0x30, 0x20,
  0x70, 0x00, 0x01, 0xC0, 0x00, 0x07, 0x80, 0x00, 0x0F, 0xE0, 0x00, 0x1F,
  0x80, 0x00, 0x0E, 0x00, 0x00, 0x38, 0x00, 0x00, 0xE0, 0x00, 0x03, 0x80,
  0x00, 0x0E, 0x00, 0x00, 0x38, 0x00, 0x00, 0xE0, 0x00, 0x03, 0x80, 0x00,
  0x0E, 0x0C, 0x00, 0x38, 0x60, 0x00, 0xE3, 0x80, 0x03, 0xFE, 0x00, 0x0F,
  0xF8, 0x00, 0x00, 0xE0, 0x00, 0x01, 0x80, 0x00, 0x03, 0xE0, 0x01, 0xB0,
  0x01, 0xDF, 0xFF, 0xCF, 0xFF, 0xE7, 0xFF, 0xF3, 0x8E, 0x1D, 0x87, 0x07,
  0x03, 0xF0, 0x03, 0xF8, 0x07, 0xFC, 0x03, 0x87, 0x03, 0x81, 0x81, 0xC0,
  0x01, 0xC0, 0x00, 0xE0, 0x00, 0x70, 0x00, 0x3F, 0xE0, 0x1F, 0xF0, 0x00,
  0x38, 0x00, 0x1C, 0x00, 0x0E, 0x00, 0x07, 0x00, 0x03, 0x80, 0x01, 0xC0,
  0x00, 0xE0, 0x00, 0xE0, 0x01, 0x9C, 0x00, 0xE7, 0xFF, 0xF1, 0xFF, 0xFC,
  0x7F, 0xFF, 0x1C, 0x30, 0xE6, 0x0C, 0x1A, 0x03, 0x00, 0x00, 0xC0, 0x00,
  0x30, 0x00, 0x0F, 0xE0, 0x03, 0xF0, 0x00, 0x1C, 0x00, 0x0E, 0x00, 0x03,
  0x80, 0x00, 0xE0, 0x00, 0x70, 0x00, 0x1F, 0xC0, 0x0F, 0xF8, 0x03, 0x87,
  0x00, 0xE1, 0xC0, 0x70, 0x70, 0x1C, 0x38, 0x07, 0xFE, 0x01, 0xFE, 0x00,
  0xC0, 0x06, 0x60, 0x0E, 0x70, 0x0E, 0x7F, 0xFC, 0x7F, 0xFC, 0x03, 0x80,
  0x03, 0x80, 0x03, 0x80, 0x1F, 0xC0, 0x1F, 0xE0, 0x1C, 0xF0, 0x18, 0x70,
  0x10, 0x7F, 0x00, 0x7E, 0x00, 0x7E, 0x00, 0x1C, 0x00, 0x1C, 0x00, 0x38,
  0x00, 0x38, 0x00, 0x78, 0x00, 0x70, 0x00, 0x70, 0x00, 0xE0, 0x00, 0xE0,
  0x01, 0xC0, 0xC0, 0x03, 0x9C, 0x00, 0x61, 0xFF, 0xFC, 0x3F, 0xFF, 0x87,
  0xFF, 0xF1, 0xC3, 0x8E, 0x30, 0x70, 0xC0, 0x0E, 0x04, 0x03, 0xFF, 0xC1,
  0xFF, 0xFC, 0x79, 0xC3, 0x9E, 0x38, 0x73, 0x87, 0x0E, 0x70, 0xF1, 0xDC,
  0x0F, 0xF3, 0x80, 0xFC, 0x7F, 0xC0, 0x0F, 0xF8, 0x00, 0x03, 0x00, 0x00,
  0x60, 0x00, 0x0C, 0x00, 0x01, 0x80, 0x00, 0x30, 0x00, 0x06, 0x00, 0x00,
  0xC0, 0x00, 0xE0, 0x01, 0x98, 0x00, 0xE7, 0xFF, 0xF1, 0xFF, 0xFC, 0x7F,
  0xFF, 0x1C, 0x70, 0xE6, 0x1C, 0x1A, 0x07, 0xE0, 0x03, 0xF8, 0x03, 0xFE,
  0x00, 0xE1, 0xC0, 0x70, 0x30, 0x1C, 0x00, 0x0E, 0x00, 0x03, 0x80, 0x00,
  0xE0, 0x00, 0x3F, 0xE0, 0x0F, 0xF8, 0x00, 0x0E, 0x00, 0x03, 0x80, 0x00,
  0xE0, 0x00, 0x38, 0x00, 0x0E, 0x01, 0xFF, 0xFE, 0x7F, 0xFF, 0xDC, 0x00,
  0x76, 0x00, 0x0F, 0x00, 0x01, 0xE0, 0x01, 0xC0, 0x03, 0x80, 0x07, 0x00,
  0x0F, 0x00, 0x0F, 0xF8, 0x0F, 0xE0, 0x07, 0xC0, 0x07, 0x00, 0x0E, 0x00,
  0x3E, 0x00, 0x7E, 0x00, 0xFE, 0x03, 0x9E, 0x07, 0x1E, 0x1E, 0x1C, 0x38,
  0x3C, 0x70, 0x39, 0xC0, 0x73, 0x80, 0xEF, 0x00, 0xDC, 0x01, 0xC0, 0xE0,
  0x00, 0x1C, 0x00, 0x03, 0x80, 0x00, 0x70, 0x00, 0x0F, 0x00, 0x00, 0xFF,
  0x80, 0x0F, 0xE0, 0x00, 0x7C, 0x00, 0x07, 0x00, 0x00, 0xE0, 0x00, 0x3E,
  0x00, 0x07, 0xE0, 0x00, 0xFE, 0x00, 0x39, 0xE0, 0x07, 0x1F, 0xF1, 0xE1,
  0xFE, 0x38, 0x3C, 0xE7, 0x03, 0x9D, 0xC0, 0x70, 0xB8, 0x0E, 0x0F, 0x00,
  0xC1, 0xC0, 0x1C, 0x00, 0xE0, 0x00, 0x0E, 0x00, 0x00, 0xE0, 0x00, 0x0E,
  0x00, 0x00, 0xF0, 0x00, 0x07, 0xFC, 0x00, 0x3F, 0x80, 0x00, 0xF8, 0x00,
  0x07, 0x00, 0x00, 0x70, 0x00, 0x0F, 0x80, 0x00, 0xFC, 0x00, 0x0F, 0xE0,
  0x01, 0xCF, 0x00, 0x1C, 0x78, 0x03, 0xC3, 0x80, 0x38, 0x3C, 0x03, 0x81,
  0xC3, 0x70, 0x1C, 0x77, 0x01, 0xC6, 0xF0, 0x0F, 0xEE, 0x00, 0xFE, 0x00,
  0x00, 0x60, 0x00, 0x07, 0x00, 0x00, 0x10, 0xE0, 0x03, 0x80, 0x0E, 0x00,
  0x38, 0x00, 0xE0, 0x01, 0xFE, 0x07, 0xF8, 0x03, 0xE0, 0x07, 0x00, 0x1C,
  0x00, 0xF8, 0x03, 0xF0, 0x1F, 0xE0, 0x73, 0xC1, 0xC7, 0x8E, 0x0E, 0x38,
  0x39, 0x00, 0x70, 0x01, 0xC0, 0x07, 0x00, 0x1C, 0x00, 0x70, 0xE0, 0x00,
  0x07, 0x00, 0x00, 0x38, 0x00, 0x01, 0xC0, 0x00, 0x0F, 0x00, 0x00, 0x3F,
  0xE0, 0x00, 0xFE, 0x00, 0x01, 0xF0, 0x00, 0x07, 0x00, 0x00, 0x38, 0x00,
  0x03, 0xE0, 0x00, 0x1F, 0x80, 0x00, 0xFE, 0x00, 0x0E, 0x78, 0x00, 0x71,
  0xFF, 0x87, 0x87, 0xFE, 0x38, 0x3C, 0x79, 0xC0, 0xE1, 0xDC, 0x07, 0x0E,
  0xE0, 0x38, 0xEF, 0x00, 0xFF, 0x70, 0x07, 0xE0, 0xE0, 0x01, 0xC0, 0x03,
  0xC0, 0x03, 0xF0, 0x03, 0xE0, 0x03, 0x80, 0x07, 0x00, 0x0F, 0xC0, 0x3F,
  0x00, 0x0E, 0x00, 0x3E, 0x00, 0x7E, 0x00, 0xFE, 0x03, 0x9E, 0x07, 0x1E,
  0x1C, 0x1C, 0x38, 0x3C, 0x70, 0x39, 0xC0, 0x73, 0x80, 0xEF, 0x00, 0xDC,
  0x01, 0xC0, 0xE0, 0x03, 0x80, 0x0E, 0x00, 0x38, 0x00, 0xF0, 0x01, 0xFF,
  0x03, 0xF8, 0x03, 0xE0, 0x07, 0x00, 0x1C, 0x00, 0xF8, 0x03, 0xF0, 0x0F,
  0xE0, 0x73, 0xC1, 0xC7, 0x8F, 0x0E, 0x38, 0x1C, 0xE0, 0x77, 0x00, 0x1C,
  0x00, 0xF0, 0x03, 0x80, 0x00, 0xC0, 0x03, 0x0C, 0x00, 0xE1, 0xC0, 0x1C,
  0x3F, 0xFF, 0x07, 0xFF, 0xE0, 0xE3, 0x8E, 0x18, 0x70, 0xC4, 0x0E, 0x00,
  0x01, 0xC4, 0x00, 0x3F, 0x00, 0x07, 0xE0, 0x00, 0x38, 0x00, 0x07, 0x00,
  0x00, 0xF0, 0x00, 0x3F, 0x80, 0x07, 0xF8, 0x01, 0xCF, 0x00, 0x38, 0xF0,
  0x0F, 0x0E, 0x01, 0xC0, 0xE0, 0x38, 0x1C, 0x0E, 0x03, 0x81, 0xC0, 0x70,
  0x78, 0x06, 0x0E, 0x00, 0xE0, 0xC0, 0x01, 0x80, 0x03, 0x00, 0x06, 0x00,
  0x0E, 0x00, 0x1C, 0xFE, 0x3F, 0xFF, 0x3F, 0x1E, 0x1C, 0x0E, 0x70, 0x1C,
  0xE0, 0x39, 0xC0, 0x33, 0x80, 0x67, 0x00, 0xCE, 0x01, 0x9C, 0x03, 0x38,
  0x06, 0x70, 0x0C, 0xE0, 0x19, 0xC0, 0x33, 0x80, 0x67, 0x00, 0xCE, 0x01,
  0x9C, 0x03, 0xC0, 0x00, 0x03, 0x00, 0x00, 0x0C, 0x00, 0x00, 0x30, 0x00,
  0x00, 0xE0, 0x00, 0x03, 0x9F, 0xC0, 0x0F, 0xFF, 0xC0, 0x1F, 0x8F, 0x00,
  0x1C, 0x0E, 0x00, 0xE0, 0x38, 0x03, 0x80, 0xE0, 0xCE, 0x01, 0x86, 0x38,
  0x06, 0x38, 0xE0, 0x1F, 0xE3, 0x80, 0x7F, 0x8E, 0x01, 0x8E, 0x38, 0x06,
  0x18, 0xE0, 0x18, 0x33, 0x80, 0x60, 0x0E, 0x01, 0x80, 0x38, 0x06, 0x00,
  0xE0, 0x18, 0x03, 0x80, 0x60, 0x0E, 0x01, 0x80, 0xC0, 0x00, 0x03, 0x00,
  0x00, 0x0C, 0x00, 0x00, 0x30, 0x00, 0x00, 0xE0, 0x00, 0x03, 0x9F, 0xC0,
  0x0F, 0xFF, 0xC0, 0x1F, 0x8F, 0x00, 0x1C, 0x0E, 0x00, 0xE0, 0x38, 0x03,
  0x80, 0xE0, 0x0E, 0x01, 0x80, 0x38, 0x06, 0x00, 0xE0, 0x18, 0x03, 0x80,
  0x60, 0x0E, 0x01, 0x80, 0x38, 0x06, 0x00, 0xE0, 0x18, 0x03, 0x80, 0x60,
  0x0E, 0x01, 0x83, 0x38, 0x06, 0x18, 0xE0, 0x18, 0xE3, 0x80, 0x7F, 0x8E,
  0x01, 0xFE, 0x00, 0x00, 0x38, 0x00, 0x00, 0x60, 0x00, 0x00, 0xC0, 0xC0,
  0x01, 0x80, 0x03, 0x00, 0x06, 0x00, 0x0E, 0x00, 0x1C, 0xFE, 0x3F, 0xFE,
  0x3F, 0x1E, 0x38, 0x1E, 0x70, 0x1C, 0xE0, 0x39, 0x80, 0x77, 0x00, 0xEE,
  0x01, 0xDC, 0x03, 0xB8, 0x07, 0x00, 0x0E, 0x00, 0x1C, 0x00, 0x38, 0x00,
  0x70, 0x00, 0xE0, 0x01, 0xC0, 0x03, 0x80, 0x07, 0xC0, 0x00, 0x01, 0x80,
  0x00, 0x03, 0x00, 0x00, 0x06, 0x00, 0x00, 0x0E, 0x00, 0x00, 0x1C, 0xFE,
  0x00, 0x3F, 0xFF, 0x00, 0x3F, 0x1E, 0x00, 0x1C, 0x0E, 0x00, 0x70, 0x1C,
  0x00, 0xE0, 0x38, 0x01, 0xC0, 0x30, 0x03, 0x80, 0x60, 0x07, 0x00, 0xC0,
  0x0E, 0x01, 0x80, 0x1C, 0x03, 0x00, 0x38, 0x07, 0xF8, 0x70, 0x0F, 0xF8,
  0xE0, 0x18, 0x71, 0xC0, 0x30, 0x73, 0x80, 0x60, 0xE7, 0x00, 0xC3, 0x8E,
  0x01, 0xFF, 0x1C, 0x03, 0xF8, 0xC0, 0x01, 0x80, 0x03, 0x00, 0x06, 0x00,
  0x0E, 0x00, 0x1C, 0xFE, 0x3F, 0xFF, 0x3F, 0x1E, 0x1C, 0x0E, 0x70, 0x1C,
  0xE0, 0x39, 0xC0, 0x33, 0x80, 0x61, 0xE0, 0xC7, 0xC1, 0x9E, 0x03, 0x38,
  0x06, 0x70, 0x0C, 0xE0, 0x19, 0xC0, 0x33, 0x80, 0x67, 0x00, 0xCE, 0x01,
  0x9C, 0x03, 0xC0, 0x00, 0xC0, 0x00, 0xC0, 0x00, 0xC0, 0x00, 0xE0, 0x00,
  0xE7, 0xF0, 0xFF, 0xFC, 0x7E, 0x3C, 0x1C, 0x0E, 0x38, 0x0E, 0x38, 0x07,
  0x38, 0x07, 0x38, 0x07, 0x38, 0x07, 0x38, 0x07, 0x38, 0x07, 0x38, 0x00,
  0x38, 0x00, 0x38, 0x00, 0x38, 0x00, 0x38, 0x00, 0x38, 0x00, 0x38, 0x00,
  0x38, 0x00, 0x0E, 0x00, 0x00, 0xE0, 0x00, 0x0E, 0x00, 0x00, 0xE0, 0x00,
  0x0E, 0x00, 0x00, 0xF3, 0xF8, 0x07, 0xFF, 0xC0, 0x3F, 0x1E, 0x01, 0xE0,
  0xF0, 0x1C, 0x07, 0x01, 0xC0, 0x78, 0x1C, 0x07, 0x61, 0xC0, 0x77, 0x1C,
  0x03, 0x7F, 0xC0, 0x37, 0xFC, 0x03, 0x71, 0xC0, 0x06, 0x1C, 0x00, 0xE1,
  0xC0, 0x00, 0x1C, 0x00, 0x01, 0xC0, 0x00, 0x1C, 0x00, 0x01, 0xC0, 0x00,
  0x1C, 0x00, 0xC0, 0x00, 0x00, 0x0C, 0x00, 0x00, 0x00, 0xC0, 0x00, 0x00,
  0x0C, 0x00, 0x00, 0x00, 0xE0, 0x00, 0x00, 0x0E, 0x7F, 0x00, 0x00, 0xFF,
  0xFC, 0x00, 0x07, 0xE3, 0xC0, 0x00, 0x1C, 0x0E, 0x00, 0x03, 0x80, 0xE0,
  0x00, 0x38, 0x0E, 0x1F, 0xC3, 0x80, 0x7F, 0xFE, 0x38, 0x07, 0xF8, 0x73,
  0x80, 0x63, 0x07, 0x38, 0x06, 0x38, 0x73, 0x80, 0x63, 0x8E, 0x38, 0x06,
  0x1F, 0xE3, 0x80, 0x60, 0xF8, 0x38, 0x06, 0x00, 0x03, 0x80, 0x60, 0x00,
  0x38, 0x06, 0x00, 0x03, 0x80, 0x60, 0x00, 0x38, 0x06, 0x00, 0x03, 0x80,
  0x60, 0x00, 0xC0, 0x00, 0x00, 0x30, 0x00, 0x00, 0x0C, 0x00, 0x00, 0x03,
  0x00, 0x00, 0x00, 0xE0, 0x00, 0x00, 0x39, 0xFC, 0x00, 0x0F, 0xFF, 0xC0,
  0x01, 0xF8, 0xF0, 0x00, 0x1C, 0x0E, 0x00, 0x0E, 0x03, 0x8E, 0x03, 0x80,
  0xE3, 0x80, 0xE0, 0x18, 0xE0, 0x38, 0x07, 0xF8, 0x0E, 0x01, 0xFE, 0x03,
  0x80, 0x63, 0x80, 0xE0, 0x18, 0xFE, 0x38, 0x06, 0x3F, 0x8E, 0x01, 0x80,
  0x63, 0x80, 0x60, 0x1C, 0xE0, 0x18, 0x00, 0x38, 0x06, 0x00, 0x0E, 0x01,
  0x80, 0x03, 0x80, 0x60, 0x00, 0xE0, 0x18, 0x00, 0xC0, 0x00, 0x30, 0x00,
  0x0C, 0x00, 0x03, 0x00, 0x00, 0xE0, 0x00, 0x39, 0xFC, 0x0F, 0xFF, 0x81,
  0xF8, 0xF0, 0x38, 0x1E, 0x0E, 0x03, 0x83, 0x80, 0xE0, 0xC0, 0x38, 0x70,
  0x0E, 0x1C, 0x03, 0x87, 0x00, 0xE0, 0x00, 0x38, 0x00, 0x0E, 0x03, 0xFF,
  0xF0, 0xFF, 0xFC, 0x3F, 0xFF, 0x1C, 0x01, 0xC6, 0x00, 0x70, 0x00, 0x1C,
  0x00, 0x07, 0xC0, 0x00, 0x03, 0x00, 0x00, 0x0C, 0x00, 0x00, 0x30, 0x00,
  0x00, 0xE0, 0x00, 0x03, 0x9F, 0xC0, 0x0F, 0xFF, 0x80, 0x1F, 0x8F, 0x00,
  0x38, 0x1E, 0x00, 0xE0, 0x38, 0x03, 0x80, 0xE0, 0x0C, 0x03, 0x80, 0x70,
  0x0E, 0x01, 0xC0, 0x38, 0x07, 0x00, 0xE0, 0x1C, 0x03, 0x80, 0x00, 0x0F,
  0xF8, 0x00, 0x3F, 0xF0, 0x00, 0xE1, 0xC0, 0x03, 0x87, 0x00, 0x0E, 0x1C,
  0x00, 0x38, 0x70, 0xFF, 0xFF, 0x83, 0xFF, 0xFC, 0x0E, 0x00, 0x00, 0x30,
  0x00, 0x01, 0x80, 0x00, 0x00, 0xC0, 0x00, 0x00, 0x60, 0x00, 0x00, 0x30,
  0x00, 0x00, 0x18, 0x00, 0x00, 0x0E, 0x00, 0x00, 0x07, 0x3F, 0x81, 0xC3,
  0xFF, 0xF0, 0xE0, 0xFC, 0x78, 0x70, 0x1C, 0x0E, 0x38, 0x1C, 0x07, 0x1C,
  0x0E, 0x03, 0xFF, 0xC7, 0x00, 0xFF, 0xF3, 0x80, 0x60, 0x39, 0xC0, 0x30,
  0x1C, 0xE0, 0x18, 0x06, 0x70, 0x0C, 0x00, 0x38, 0x06, 0x00, 0x1C, 0x03,
  0x00, 0x0E, 0x01, 0x80, 0x07, 0x00, 0xC0, 0x03, 0x80, 0x60, 0x01, 0xC0,
  0x30, 0x00, 0xE0, 0x18, 0x00, 0x70, 0x0C, 0x00, 0xC0, 0x03, 0x00, 0xC0,
  0x0E, 0x01, 0xC0, 0x1C, 0x03, 0xFF, 0xF0, 0x07, 0xFF, 0xE0, 0x0E, 0x38,
  0xE0, 0x18, 0x71, 0xC0, 0x60, 0xE0, 0x80, 0x01, 0xC0, 0x00, 0x03, 0x80,
  0x00, 0x07, 0xBF, 0xC0, 0x07, 0xFF, 0xC0, 0x07, 0xC3, 0xC0, 0x07, 0x03,
  0x80, 0x0E, 0x03, 0x80, 0x38, 0x07, 0x00, 0x70, 0x0E, 0x00, 0xE0, 0x1C,
  0x01, 0xC0, 0x38, 0x03, 0x80, 0x70, 0x07, 0x00, 0xE0, 0x0E, 0x01, 0xC0,
  0x1C, 0x03, 0x80, 0x38, 0x07, 0x00, 0x70, 0x0E, 0x00, 0xE0, 0x1C, 0x01,
  0xC0, 0x38, 0xC0, 0x03, 0x00, 0x03, 0x00, 0x38, 0x00, 0x1C, 0x01, 0xC0,
  0x00, 0xFF, 0xFC, 0x00, 0x07, 0xFF, 0xE0, 0x00, 0x38, 0xE3, 0x80, 0x01,
  0x87, 0x1C, 0x00, 0x18, 0x38, 0x20, 0x00, 0x01, 0xC0, 0x00, 0x00, 0x0E,
  0x00, 0x00, 0x00, 0x7B, 0xFC, 0x00, 0x01, 0xFF, 0xF0, 0x00, 0x07, 0xC3,
  0xC0, 0x00, 0x1C, 0x0E, 0x00, 0x00, 0xE0, 0x38, 0x00, 0x0E, 0x01, 0xC0,
  0x00, 0x70, 0x0E, 0x00, 0x03, 0x80, 0x7F, 0x80, 0x1C, 0x03, 0xFC, 0x00,
  0xE0, 0x1F, 0xF0, 0x07, 0x00, 0xE3, 0x80, 0x38, 0x07, 0x0C, 0x01, 0xC0,
  0x38, 0x00, 0x0E, 0x01, 0xC0, 0x00, 0x70, 0x0E, 0x00, 0x03, 0x80, 0x70,
  0x00, 0x1C, 0x03, 0x80, 0xC0, 0x03, 0x00, 0x03, 0x00, 0x38, 0x00, 0x1C,
  0x01, 0xC0, 0x00, 0xFF, 0xFC, 0x00, 0x07, 0xFF, 0xE0, 0x00, 0x38, 0xE3,
  0x80, 0x01, 0x87, 0x1C, 0x00, 0x18, 0x38, 0x20, 0x00, 0x01, 0xC0, 0x00,
  0x00, 0x0E, 0x00, 0x00, 0x00, 0x7B, 0xFC, 0x00, 0x01, 0xFF, 0xF0, 0x00,
  0x07, 0xC3, 0xC0, 0x00, 0x1C, 0x0E, 0x00, 0x00, 0xE0, 0x38, 0x00, 0x0E,
  0x01, 0xC0, 0x00, 0x70, 0x0E, 0x00, 0x03, 0x80, 0x70, 0x00, 0x1C, 0x03,
  0x80, 0x00, 0xE0, 0x1C, 0x00, 0x07, 0x00, 0xE0, 0x00, 0x38, 0x07, 0x00,
  0x01, 0xC0, 0x38, 0x60, 0x0E, 0x01, 0xC7, 0x00, 0x70, 0x0E, 0x38, 0x03,
  0x80, 0x7F, 0x80, 0x1C, 0x03, 0xFE, 0x00, 0x00, 0x00, 0x70, 0x00, 0x00,
  0x01, 0x80, 0x00, 0x00, 0x04, 0xC0, 0x03, 0x00, 0xC0, 0x0E, 0x01, 0xC0,
  0x1C, 0x03, 0xFF, 0xF0, 0x07, 0xFF, 0xE0, 0x0E, 0x38, 0xE0, 0x18, 0x71,
  0xC0, 0x60, 0xE0, 0x80, 0x01, 0xC0, 0x00, 0x03, 0x80, 0x00, 0x07, 0xBF,
  0xC0, 0x07, 0xFF, 0xC0, 0x07, 0xC3, 0xC0, 0x07, 0x03, 0x80, 0x1C, 0x03,
  0x80, 0x38, 0x07, 0x00, 0x70, 0x0E, 0x00, 0xE0, 0x1C, 0x01, 0xC0, 0x38,
  0x00, 0x00, 0x70, 0x00, 0x00, 0xE0, 0x00, 0x01, 0xC0, 0x00, 0x03, 0x80,
  0x00, 0x07, 0x00, 0x00, 0x0E, 0x00, 0x00, 0x1C, 0x00, 0x00, 0x38, 0xC0,
  0x03, 0x00, 0x01, 0x80, 0x1C, 0x00, 0x07, 0x00, 0x70, 0x00, 0x1F, 0xFF,
  0x80, 0x00, 0x7F, 0xFE, 0x00, 0x01, 0xC7, 0x1C, 0x00, 0x06, 0x1C, 0x70,
  0x00, 0x30, 0x70, 0x40, 0x00, 0x01, 0xC0, 0x00, 0x00, 0x07, 0x00, 0x00,
  0x00, 0x1E, 0xFF, 0x00, 0x00, 0x3F, 0xFE, 0x00, 0x00, 0x7C, 0x3C, 0x00,
  0x00, 0xE0, 0x70, 0x00, 0x03, 0x80, 0xE0, 0x00, 0x1C, 0x03, 0x80, 0x00,
  0x70, 0x0E, 0x00, 0x01, 0xC0, 0x38, 0x00, 0x07, 0x00, 0xE0, 0x00, 0x1C,
  0x03, 0xFE, 0x00, 0x70, 0x0F, 0xFC, 0x01, 0xC0, 0x38, 0x70, 0x07, 0x00,
  0xE1, 0xC0, 0x1C, 0x03, 0x87, 0x00, 0x70, 0x0E, 0x3C, 0x01, 0xC0, 0x3F,
  0xE0, 0x07, 0x00, 0xFF, 0x00, 0xC0, 0x03, 0x00, 0xC0, 0x0E, 0x01, 0xC0,
  0x1C, 0x03, 0xFF, 0xF0, 0x07, 0xFF, 0xE0, 0x0E, 0x38, 0xE0, 0x18, 0x71,
  0xC0, 0x60, 0xE0, 0x80, 0x01, 0xC0, 0x00, 0x03, 0x80, 0x00, 0x07, 0x9F,
  0xC0, 0x07, 0xFF, 0xC0, 0x07, 0xC3, 0xC0, 0x07, 0x03, 0x80, 0x0E, 0x03,
  0x80, 0x38, 0x07, 0x00, 0x70, 0x0E, 0x00, 0xE4, 0x1C, 0x00, 0x78, 0x38,
  0x01, 0xF0, 0x70, 0x03, 0x80, 0xE0, 0x0E, 0x01, 0xC0, 0x1C, 0x03, 0x80,
  0x38, 0x07, 0x00, 0x70, 0x0E, 0x00, 0xE0, 0x1C, 0x01, 0xC0, 0x38, 0xC0,
  0x03, 0x00, 0xC0, 0x0E, 0x01, 0xC0, 0x1C, 0x03, 0xFF, 0xF0, 0x07, 0xFF,
  0xE0, 0x0E, 0x38, 0xE0, 0x18, 0x71, 0xC0, 0x60, 0xE0, 0x80, 0x01, 0xC0,
  0x00, 0x03, 0x87, 0x80, 0x07, 0xBF, 0xC0, 0x07, 0xFF, 0xC0, 0x07, 0xC1,
  0xC0, 0x07, 0x03, 0xC0, 0x0E, 0x03, 0x80, 0x18, 0x07, 0x00, 0x70, 0x0E,
  0x00, 0xE0, 0x1C, 0x01, 0xC0, 0x38, 0x03, 0x80, 0x70, 0x07, 0x00, 0xE0,
  0x0E, 0x00, 0x00, 0x1C, 0x00, 0x00, 0x38, 0x00, 0x00, 0x70, 0x00, 0x00,
  0xE0, 0x00, 0x01, 0xC0, 0x00, 0xC0, 0x03, 0x00, 0x00, 0x0C, 0x00, 0xE0,
  0x00, 0x01, 0xC0, 0x1C, 0x00, 0x00, 0x3F, 0xFF, 0x00, 0x00, 0x07, 0xFF,
  0xE0, 0x00, 0x00, 0xE3, 0x8E, 0x00, 0x00, 0x18, 0x71, 0xC0, 0x00, 0x06,
  0x0E, 0x08, 0x00, 0x00, 0x01, 0xC0, 0x00, 0x00, 0x00, 0x38, 0x00, 0x00,
  0x00, 0x07, 0xBF, 0xC0, 0x00, 0x00, 0x7F, 0xFC, 0x00, 0x00, 0x07, 0xC3,
  0xC0, 0x00, 0x00, 0x70, 0x38, 0x00, 0x00, 0x0E, 0x03, 0x87, 0xE0, 0x03,
  0x80, 0x7F, 0xFE, 0x00, 0x70, 0x0F, 0xF1, 0xE0, 0x0E, 0x01, 0xCC, 0x1C,
  0x01, 0xC0, 0x39, 0x83, 0x80, 0x38, 0x07, 0x38, 0x70, 0x07, 0x00, 0xE7,
  0xFC, 0x00, 0xE0, 0x1C, 0x7F, 0x00, 0x1C, 0x03, 0x80, 0x00, 0x03, 0x80,
  0x70, 0x00, 0x00, 0x70, 0x0E, 0x00, 0x00, 0x0E, 0x01, 0xC0, 0x00, 0x01,
  0xC0, 0x38, 0x00, 0x00, 0xC0, 0x03, 0x00, 0x00, 0x30, 0x03, 0x80, 0x00,
  0x1C, 0x01, 0xC0, 0x00, 0x0F, 0xFF, 0xC0, 0x00, 0x07, 0xFF, 0xE0, 0x00,
  0x03, 0x8E, 0x38, 0x00, 0x01, 0x87, 0x1C, 0x00, 0x01, 0x83, 0x82, 0x00,
  0x00, 0x01, 0xC0, 0x00, 0x00, 0x00, 0xE0, 0x00, 0x00, 0x00, 0x7B, 0xFC,
  0x00, 0x00, 0x1F, 0xFF, 0x00, 0x00, 0x07, 0xC3, 0xC0, 0x00, 0x01, 0xC0,
  0xE1, 0x80, 0x00, 0xE0, 0x38, 0xC0, 0x00, 0xE0, 0x1F, 0xE0, 0x00, 0x70,
  0x0F, 0xF0, 0x00, 0x38, 0x07, 0xF8, 0x00, 0x1C, 0x03, 0x8F, 0xC0, 0x0E,
  0x01, 0xC7, 0xE0, 0x07, 0x00, 0xE0, 0x38, 0x03, 0x80, 0x70, 0x1C, 0x01,
  0xC0, 0x38, 0x02, 0x00, 0xE0, 0x1C, 0x00, 0x00, 0x70, 0x0E, 0x00, 0x00,
  0x38, 0x07, 0x00, 0x00, 0x1C, 0x03, 0x80, 0x00, 0xC0, 0x06, 0x00, 0x18,
  0x03, 0x80, 0x07, 0x00, 0xE0, 0x01, 0xFF, 0xF8, 0x00, 0x7F, 0xFC, 0x00,
  0x00, 0x60, 0x00, 0x00, 0x18, 0x00, 0x00, 0x06, 0x00, 0x00, 0x01, 0x80,
  0x00, 0x00, 0x70, 0x00, 0x00, 0x1C, 0xFF, 0x00, 0x07, 0xFF, 0xE0, 0x00,
  0xFC, 0x38, 0x00, 0x1E, 0x07, 0x00, 0x07, 0x01, 0xC0, 0x01, 0xC0, 0x70,
  0x00, 0x70, 0x0C, 0x00, 0x1C, 0x03, 0x00, 0x07, 0x00, 0xC0, 0x00, 0x00,
  0x30, 0x00, 0x00, 0x0C, 0x00, 0x00, 0x03, 0x00, 0x00, 0x00, 0xC0, 0x00,
  0x00, 0x30, 0x00, 0x00, 0x0C, 0x00, 0x03, 0xFF, 0xF0, 0x00, 0xFF, 0xFC,
  0x00, 0x70, 0x07, 0x00, 0x1C, 0x00, 0xC0, 0x04, 0x00, 0x10, 0xC0, 0x03,
  0x00, 0x01, 0x80, 0x1C, 0x00, 0x07, 0x00, 0x70, 0x00, 0x1F, 0xFF, 0x80,
  0x00, 0x7F, 0xFE, 0x00, 0x01, 0xC7, 0x1C, 0x00, 0x06, 0x1C, 0x70, 0x00,
  0x30, 0x70, 0x40, 0x00, 0x01, 0xC0, 0x00, 0x00, 0x07, 0x00, 0x00, 0x00,
  0x1E, 0xFF, 0x00, 0x00, 0x3F, 0xFE, 0x00, 0x00, 0x7C, 0x3C, 0x00, 0x00,
  0xE0, 0x70, 0x00, 0x07, 0x00, 0xE0, 0x00, 0x1C, 0x03, 0x80, 0x00, 0x70,
  0x0E, 0x00, 0x01, 0xC0, 0x38, 0x00, 0x07, 0x00, 0xE0, 0x00, 0x00, 0x03,
  0xFC, 0x00, 0x00, 0x0F, 0xF8, 0x00, 0x00, 0x38, 0x70, 0x00, 0x00, 0xE1,
  0xC0, 0x00, 0x03, 0x87, 0x00, 0x00, 0x0E, 0x3C, 0x00, 0x1F, 0xFF, 0xE0,
  0x00, 0x7F, 0xFF, 0x00, 0x03, 0x80, 0x00, 0x00, 0x0E, 0x00, 0x00, 0x00,
  0x20, 0x00, 0x00, 0xC0, 0x03, 0x00, 0x00, 0x60, 0x07, 0x00, 0x00, 0x70,
  0x07, 0x00, 0x00, 0x7F, 0xFE, 0x00, 0x00, 0x7F, 0xFE, 0x00, 0x00, 0x71,
  0xC7, 0x00, 0x00, 0x61, 0xC7, 0x00, 0x00, 0xC1, 0xC1, 0x00, 0x00, 0x01,
  0xC0, 0x00, 0x00, 0x01, 0xC0, 0x00, 0x60, 0x01, 0xEF, 0xF0, 0x60, 0x00,
  0xFF, 0xF8, 0x60, 0x00, 0x7C, 0x3C, 0x60, 0x00, 0x38, 0x1C, 0x60, 0x00,
  0x38, 0x0F, 0xFE, 0x00, 0x70, 0x0F, 0xFE, 0x00, 0x70, 0x0E, 0x0E, 0x00,
  0x70, 0x0E, 0x06, 0x00, 0x70, 0x0E, 0x03, 0x00, 0x70, 0x0E, 0x00, 0x00,
  0x70, 0x0E, 0x00, 0x00, 0x70, 0x0E, 0x00, 0x00, 0x70, 0x0E, 0x00, 0x00,
  0x70, 0x0E, 0x00, 0x00, 0x70, 0x0E, 0x00, 0x00, 0x70, 0x0E, 0x00, 0x00,
  0x70, 0x0E, 0x00, 0x07, 0xFF, 0x80, 0xFF, 0xFC, 0x1C, 0x71, 0xC3, 0x87,
  0x0E, 0x30, 0x70, 0xE7, 0x07, 0x0E, 0x70, 0x70, 0x66, 0x07, 0x06, 0xE0,
  0x70, 0x6E, 0x07, 0x07, 0xE0, 0x70, 0x6E, 0x07, 0x06, 0xE0, 0x70, 0x6E,
  0x07, 0x0E, 0xE0, 0x70, 0xEE, 0x07, 0x0E, 0xE0, 0x71, 0xC7, 0x07, 0xFC,
  0x70, 0x7F, 0x87, 0x8F, 0xE0, 0x3F, 0xC0, 0x01, 0xF8, 0x00, 0x07, 0xFF,
  0x80, 0x0F, 0xFF, 0xC0, 0x1C, 0x71, 0xC0, 0x38, 0x70, 0xE0, 0x30, 0x70,
  0xE0, 0x70, 0x70, 0xE0, 0x70, 0x70, 0x60, 0x60, 0x70, 0x60, 0xE0, 0x70,
  0x60, 0xE0, 0x70, 0x70, 0xE0, 0x70, 0x60, 0xE0, 0x70, 0x60, 0xE0, 0x70,
  0x60, 0xE0, 0x70, 0xE0, 0xE0, 0x70, 0xE0, 0xE0, 0x70, 0xE3, 0xE0, 0x71,
  0xC7, 0x70, 0x7F, 0xFF, 0x70, 0x7F, 0xFE, 0x78, 0xFF, 0xFF, 0x3F, 0xC0,
  0x07, 0x1F, 0x80, 0x03, 0x0F, 0xFF, 0x83, 0xFF, 0xFC, 0x78, 0x70, 0xE7,
  0x07, 0x0E, 0x60, 0x70, 0x7E, 0x07, 0x07, 0xE0, 0x70, 0x6E, 0x07, 0x0E,
  0xE0, 0x73, 0xEF, 0x07, 0xFC, 0x70, 0xFE, 0x03, 0xFF, 0x00, 0x1F, 0xF0,
  0x00, 0x07, 0x00, 0x00, 0x70, 0x00, 0x07, 0x00, 0x00, 0x70, 0x00, 0x07,
  0x0C, 0x00, 0x71, 0xC0, 0x07, 0x18, 0x00, 0x7F, 0x80, 0x07, 0xF8, 0x00,
  0x01, 0x80, 0x00, 0x1C, 0x00, 0x00, 0x40, 0x0F, 0xFF, 0x83, 0xFF, 0xFC,
  0x78, 0x70, 0xE7, 0x07, 0x0E, 0x60, 0x70, 0x7E, 0x07, 0x07, 0xE0, 0x70,
  0x6E, 0x07, 0x0E, 0xE0, 0x73, 0xEF, 0x07, 0xFC, 0x70, 0xFE, 0x03, 0xFF,
  0x00, 0x1F, 0xF0, 0x00, 0x07, 0x00, 0x00, 0x70, 0x00, 0x07, 0x00, 0x00,
  0x70, 0x00, 0x07, 0x00, 0x00, 0x70, 0x00, 0x07, 0x00, 0x00, 0x70, 0x00,
  0x07, 0x00, 0x0F, 0xFF, 0x83, 0xFF, 0xFC, 0x78, 0x70, 0xE7, 0x07, 0x0E,
  0x60, 0x70, 0x7E, 0x07, 0x07, 0xE0, 0x70, 0x6E, 0x07, 0x0E, 0xE0, 0x73,
  0xEF, 0x07, 0xFC, 0x70, 0xFE, 0x03, 0xFF, 0x00, 0x1F, 0xF0, 0x00, 0x07,
  0x00, 0x00, 0x70, 0x00, 0x07, 0xF8, 0x00, 0x7F, 0xC0, 0x07, 0x0E, 0x00,
  0x70, 0xE0, 0x07, 0x1C, 0x00, 0x7F, 0xC0, 0x07, 0xF0, 0x07, 0xFF, 0x80,
  0x07, 0xFF, 0xE0, 0x07, 0x1C, 0x70, 0x07, 0x0E, 0x1C, 0x03, 0x07, 0x0E,
  0x03, 0x83, 0x87, 0x01, 0xC1, 0xC1, 0x86, 0xC0, 0xE0, 0xC7, 0xE0, 0x70,
  0x63, 0x70, 0x38, 0x3F, 0xB8, 0x1C, 0x1F, 0xDC, 0x0E, 0x0C, 0x6E, 0x07,
  0x06, 0x3F, 0x03, 0x87, 0x0F, 0x81, 0xC3, 0x81, 0xC0, 0xE1, 0xC0, 0xE0,
  0x71, 0xC0, 0x38, 0x3F, 0xE0, 0x1C, 0x1F, 0xE0, 0x0F, 0x1F, 0xC0, 0x03,
  0xFC, 0x00, 0x00, 0xFC, 0x00, 0x00, 0x0F, 0xFF, 0x83, 0xFF, 0xFC, 0x78,
  0x70, 0xE7, 0x07, 0x0E, 0x60, 0x70, 0x7E, 0x07, 0x07, 0xE0, 0x70, 0x6E,
  0x07, 0x0E, 0xE0, 0x73, 0xEF, 0x07, 0xFC, 0x70, 0xFE, 0x03, 0xFF, 0x00,
  0x1F, 0xE0, 0x00, 0x1E, 0x00, 0x01, 0xC0, 0x00, 0x3C, 0x00, 0x03, 0x80,
  0x00, 0x78, 0x00, 0x07, 0x00, 0x00, 0xE0, 0x00, 0x0E, 0x00, 0x01, 0xC0,
  0x00, 0x00, 0x3F, 0xFF, 0x00, 0x1F, 0xFF, 0xE0, 0x0F, 0x0E, 0x1E, 0x03,
  0x83, 0x87, 0x61, 0xC0, 0xE1, 0xDC, 0x70, 0x38, 0x77, 0xFC, 0x0E, 0x1D,
  0xFF, 0x03, 0x87, 0x71, 0xC0, 0xE7, 0x98, 0x70, 0x3F, 0xCE, 0x0E, 0x1F,
  0xC0, 0x03, 0xFF, 0x00, 0x00, 0x3F, 0xC0, 0x00, 0x00, 0xE0, 0x00, 0x00,
  0x38, 0x00, 0x00, 0x1C, 0x00, 0x00, 0x07, 0x00, 0x00, 0x03, 0x80, 0x00,
  0x00, 0xE0, 0x00, 0x00, 0x70, 0x00, 0x00, 0x1C, 0x00, 0x00, 0x0E, 0x00,
  0x00, 0x07, 0x80, 0x3F, 0xE0, 0xFF, 0xE3, 0xC1, 0xC7, 0x01, 0xCC, 0x03,
  0xB8, 0x07, 0x70, 0x07, 0xE0, 0x0F, 0xC0, 0x1F, 0x80, 0x3F, 0x00, 0x7E,
  0x00, 0xFC, 0x01, 0xF8, 0x03, 0xF0, 0x07, 0xE0, 0x0D, 0xC0, 0x39, 0xC0,
  0x73, 0x80, 0xE7, 0xC7, 0x87, 0xFE, 0x03, 0xF8, 0x00, 0x07, 0x80, 0x00,
  0xFF, 0x80, 0x0F, 0xFE, 0x00, 0xF0, 0x70, 0x07, 0x01, 0xC0, 0x30, 0x0E,
  0x03, 0x80, 0x70, 0x1C, 0x01, 0xC0, 0xE0, 0x0E, 0x07, 0x00, 0x70, 0x38,
  0x03, 0x81, 0xC0, 0x1F, 0xEE, 0x00, 0xFF, 0x70, 0x07, 0x1B, 0x80, 0x38,
  0xFC, 0x01, 0xC0, 0xE0, 0x0C, 0x07, 0x00, 0xE0, 0x1C, 0x07, 0x00, 0xE0,
  0x38, 0x07, 0xC7, 0x80, 0x1F, 0xF8, 0x00, 0x3F, 0x80, 0x00, 0x0F, 0x00,
  0x07, 0xF8, 0x01, 0xE7, 0x80, 0x70, 0x70, 0x0E, 0x07, 0x01, 0xC0, 0xE0,
  0x38, 0x1C, 0x07, 0x03, 0x80, 0xE0, 0x70, 0x1C, 0x0E, 0x03, 0x81, 0xC0,
  0x38, 0x70, 0x87, 0xFF, 0xE0, 0x3F, 0xFC, 0x00, 0x07, 0x00, 0x00, 0xE0,
  0x00, 0x3C, 0x00, 0x07, 0x00, 0x00, 0xE1, 0x80, 0x38, 0x70, 0x07, 0x0C,
  0x00, 0xFF, 0x80, 0x1F, 0xF0, 0x00, 0x06, 0x00, 0x00, 0xE0, 0x00, 0x04,
  0x0F, 0x00, 0x3F, 0xC0, 0x79, 0xE0, 0xE0, 0xE0, 0xE0, 0x70, 0xE0, 0x70,
  0xE0, 0x70, 0xE0, 0x70, 0xE0, 0x70, 0xE0, 0x70, 0xE0, 0x70, 0x70, 0xE1,
  0x7F, 0xFE, 0x1F, 0xFE, 0x00, 0x1C, 0x00, 0x1C, 0x00, 0x3C, 0x00, 0x38,
  0x00, 0x38, 0x00, 0x70, 0x00, 0x70, 0x00, 0xF0, 0x00, 0xE0, 0x0F, 0x00,
  0x03, 0xFC, 0x00, 0x79, 0xE0, 0x0E, 0x0E, 0x00, 0xE0, 0x70, 0x0E, 0x07,
  0x00, 0xE0, 0x70, 0x0E, 0x07, 0x00, 0xE0, 0x70, 0x0E, 0x07, 0x00, 0xE0,
  0x70, 0x07, 0x0E, 0x10, 0x7F, 0xFE, 0x01, 0xFF, 0xE0, 0x00, 0x1C, 0x00,
  0x01, 0xFE, 0x00, 0x3F, 0xF0, 0x03, 0x87, 0x00, 0x38, 0x70, 0x07, 0x07,
  0x00, 0x70, 0xF0, 0x07, 0xFE, 0x00, 0x7F, 0x80, 0x03, 0x80, 0x07, 0x00,
  0x0E, 0x00, 0x1C, 0x00, 0x38, 0x03, 0xFC, 0x0F, 0xFE, 0x3C, 0x1C, 0x70,
  0x1C, 0xC0, 0x3B, 0x80, 0x77, 0x00, 0x7E, 0x00, 0xFC, 0x01, 0xF8, 0x03,
  0xF0, 0x07, 0xE0, 0x0F, 0xC0, 0x1B, 0x80, 0x73, 0x80, 0xE7, 0x01, 0xCF,
  0x8F, 0x0F, 0xFC, 0x07, 0xF0, 0x01, 0xC0, 0x1F, 0xC0, 0xF7, 0x87, 0x07,
  0x1C, 0x1C, 0x70, 0x71, 0xC1, 0xC7, 0x07, 0x0E, 0x18, 0x3C, 0xE0, 0x7F,
  0x00, 0x78, 0x07, 0xC0, 0x3C, 0x01, 0xE0, 0x0F, 0x00, 0x38, 0x01, 0xC0,
  0x07, 0x00, 0x1C, 0x00, 0xE0, 0x03, 0x80, 0x0E, 0x00, 0x00, 0xE0, 0x7C,
  0x0F, 0x81, 0xF0, 0x3E, 0x07, 0xC0, 0xF8, 0x1F, 0x03, 0xE0, 0x7F, 0xFF,
  0xFF, 0xFF, 0xFE, 0x07, 0xC0, 0xF8, 0x1F, 0x03, 0xE0, 0x7C, 0x0F, 0x81,
  0xF0, 0x3E, 0x07, 0xC0, 0xC0, 0xE0, 0x60, 0x38, 0x18, 0x0E, 0x06, 0x03,
  0x81, 0x80, 0xE0, 0x60, 0x38, 0x18, 0x0E, 0x06, 0x03, 0x81, 0x87, 0xE0,
  0x61, 0xBF, 0xFF, 0xEF, 0xFF, 0xFB, 0xFF, 0xFE, 0xE0, 0x61, 0xB8, 0x18,
  0x3E, 0x06, 0x03, 0x81, 0x80, 0xE0, 0x60, 0x38, 0x18, 0x0E, 0x06, 0x03,
  0x81, 0x80, 0xE0, 0x60, 0x38, 0x18, 0x00, 0xE0, 0x60, 0x38, 0x18, 0x0E,
  0x06, 0x03, 0x81, 0x80, 0xE0, 0x60, 0x38, 0x18, 0x0E, 0x06, 0x03, 0x81,
  0x80, 0xE0, 0x60, 0x3F, 0xF8, 0x0F, 0xFE, 0x03, 0xFF, 0x80, 0xE0, 0x60,
  0x38, 0x18, 0x0E, 0x06, 0x03, 0x81, 0x80, 0xE0, 0x60, 0x38, 0x18, 0x3E,
  0x06, 0x1B, 0x81, 0x8E, 0xE0, 0x7F, 0xB8, 0x1F, 0xE0, 0x00, 0x18, 0x00,
  0x07, 0x00, 0x00, 0xC0, 0xE0, 0x7C, 0x0F, 0x81, 0xF0, 0x3E, 0x07, 0xC0,
  0xF8, 0x1F, 0x03, 0xE0, 0x7F, 0xFF, 0xFF, 0xFF, 0xFE, 0x07, 0xC0, 0xF8,
  0x1F, 0x03, 0x00, 0x60, 0x0C, 0x01, 0x80, 0x30, 0x06, 0x00, 0xC0, 0xE0,
  0x60, 0x1C, 0x0C, 0x03, 0x81, 0x80, 0x70, 0x30, 0x0E, 0x06, 0x01, 0xC0,
  0xC0, 0x38, 0x18, 0x07, 0x03, 0x00, 0xE0, 0x60, 0x1F, 0xFC, 0x03, 0xFF,
  0x80, 0x7F, 0xF0, 0x0E, 0x06, 0x01, 0xC0, 0xC0, 0x38, 0x1F, 0xE7, 0x03,
  0xFE, 0xE0, 0x61, 0xDC, 0x0C, 0x1F, 0x81, 0x83, 0x70, 0x30, 0xEE, 0x07,
  0xFD, 0xC0, 0xFE, 0x00, 0x7F, 0x01, 0xDF, 0xE0, 0x77, 0x38, 0x1D, 0x8F,
  0x07, 0x81, 0xC1, 0xC0, 0x70, 0x70, 0x1C, 0x1C, 0x07, 0x07, 0x01, 0xC1,
  0xC0, 0x7F, 0xF0, 0x1F, 0xFC, 0x07, 0xFF, 0x01, 0xC1, 0xC0, 0x70, 0x70,
  0x1C, 0x1C, 0x07, 0x07, 0x01, 0xC1, 0xC0, 0x70, 0x70, 0x1C, 0x1C, 0x07,
  0x07, 0x01, 0xC1, 0xC0, 0x70, 0x70, 0xE0, 0x7C, 0x0F, 0x81, 0xF0, 0x3E,
  0x07, 0xC0, 0xF8, 0x1F, 0x03, 0xE0, 0x7F, 0xFF, 0xFF, 0xFF, 0xFE, 0x07,
  0xC0, 0xF8, 0x1F, 0x03, 0xE0, 0x1C, 0x03, 0x80, 0x70, 0x0E, 0x01, 0xC0,
  0x00, 0xE0, 0x60, 0xE0, 0x60, 0xE0, 0x60, 0xE0, 0x60, 0xE0, 0x60, 0xE0,
  0x60, 0xE0, 0x60, 0xE0, 0x60, 0xE0, 0x60, 0xFF, 0xE0, 0xFF, 0xE0, 0xFF,
  0xE0, 0xE0, 0x60, 0xE0, 0x60, 0xE0, 0x60, 0xE0, 0x60, 0x00, 0x60, 0x00,
  0x60, 0x00, 0x60, 0x00, 0x60, 0x7F, 0xFE, 0x7F, 0xFE, 0x70, 0x06, 0x60,
  0x07, 0xC0, 0x01, 0x7F, 0x00, 0x7F, 0x3F, 0xC0, 0x7F, 0x9C, 0xE0, 0x39,
  0xCC, 0x78, 0x1C, 0x68, 0x1C, 0x0C, 0x08, 0x0E, 0x0E, 0x00, 0x07, 0x07,
  0x00, 0x03, 0x83, 0x80, 0x01, 0xC1, 0xC0, 0x00, 0xFF, 0xE0, 0x00, 0x7F,
  0xF0, 0x00, 0x3F, 0xF8, 0x00, 0x1C, 0x1C, 0x00, 0x0E, 0x0E, 0x00, 0x07,
  0x07, 0x00, 0x03, 0x83, 0x80, 0x01, 0xC1, 0xC0, 0x00, 0xE0, 0xE0, 0x00,
  0x70, 0x70, 0x00, 0x38, 0x38, 0x00, 0x1C, 0x1C, 0x00, 0x0E, 0x0E, 0x00,
  0x7F, 0x00, 0x7F, 0x3F, 0xC0, 0x7F, 0x9C, 0xE0, 0x39, 0xCC, 0x78, 0x1C,
  0x68, 0x1C, 0x0C, 0x08, 0x0E, 0x0E, 0x00, 0x07, 0x07, 0x00, 0x03, 0x83,
  0x80, 0x01, 0xC1, 0xC0, 0x00, 0xFF, 0xFF, 0x80, 0x7F, 0xFF, 0xC0, 0x3F,
  0xFF, 0xE0, 0x1C, 0x1C, 0x30, 0x0E, 0x0E, 0x1C, 0x07, 0x07, 0x00, 0x03,
  0x83, 0x80, 0x01, 0xC1, 0xC0, 0x00, 0xE0, 0xE0, 0x00, 0x70, 0x70, 0x00,
  0x38, 0x38, 0x00, 0x1C, 0x1C, 0x00, 0x0E, 0x0E, 0x00, 0x7F, 0x00, 0x7F,
  0x3F, 0xC0, 0x7F, 0x9C, 0xE0, 0x39, 0xCC, 0x78, 0x1C, 0x68, 0x1C, 0x0C,
  0x08, 0x0E, 0x0E, 0x00, 0x07, 0x07, 0x00, 0x03, 0x83, 0x80, 0x01, 0xC1,
  0xC0, 0x00, 0xFF, 0xE0, 0x00, 0x7F, 0xF0, 0x00, 0x3F, 0xF8, 0x00, 0x1C,
  0x1C, 0x00, 0x0E, 0x0E, 0x00, 0x07, 0x07, 0x00, 0x03, 0x83, 0x80, 0x01,
  0xC1, 0xC0, 0x00, 0xE0, 0xE0, 0xC0, 0x70, 0x70, 0xC0, 0x38, 0x38, 0xE0,
  0x1C, 0x1F, 0xF0, 0x0E, 0x0F, 0xF8, 0x00, 0x00, 0x1C, 0x00, 0x00, 0x06,
  0x00, 0x00, 0x01, 0x80, 0x7F, 0x00, 0x7F, 0x3F, 0xC0, 0x7F, 0x9C, 0xE0,
  0x39, 0xCC, 0x78, 0x1C, 0x68, 0x1C, 0x0C, 0x08, 0x0E, 0x0E, 0x00, 0x07,
  0x07, 0x00, 0x03, 0x83, 0x80, 0x01, 0xC1, 0xC0, 0x00, 0xFF, 0xE0, 0x00,
  0x7F, 0xF0, 0x00, 0x3F, 0xF8, 0x00, 0x1C, 0x1C, 0x00, 0x0E, 0x0E, 0x00,
  0x07, 0x07, 0x00, 0x03, 0x83, 0x80, 0x00, 0x01, 0xC0, 0x00, 0x00, 0xE0,
  0x00, 0x00, 0x70, 0x00, 0x00, 0x38, 0x00, 0x00, 0x1C, 0x00, 0x00, 0x0E,
  0x00, 0x7F, 0x00, 0x7F, 0x1F, 0xE0, 0x3F, 0xC7, 0x38, 0x0E, 0x71, 0x8F,
  0x03, 0x8C, 0x81, 0xC0, 0xC0, 0x80, 0x70, 0x70, 0x00, 0x1C, 0x1C, 0x00,
  0x07, 0x07, 0x00, 0x01, 0xC1, 0xC0, 0x00, 0x7F, 0xF0, 0x00, 0x1F, 0xFC,
  0x00, 0x07, 0xFF, 0x00, 0x01, 0xC1, 0xC0, 0x00, 0x70, 0x70, 0x00, 0x1C,
  0x1F, 0xF0, 0x07, 0x07, 0xFE, 0x01, 0xC1, 0xC3, 0x80, 0x70, 0x70, 0x70,
  0x1C, 0x1C, 0x18, 0x07, 0x07, 0x0E, 0x01, 0xC1, 0xFF, 0x80, 0x70, 0x7F,
  0x80, 0xC0, 0x06, 0x00, 0x30, 0x07, 0x00, 0x1C, 0x03, 0x80, 0x0F, 0xFF,
  0xC0, 0x07, 0xFF, 0xC0, 0x00, 0x1C, 0x00, 0x00, 0x0E, 0x00, 0x00, 0x07,
  0x00, 0x00, 0x03, 0x80, 0x00, 0x01, 0xC0, 0x00, 0x0F, 0xE0, 0x07, 0xE7,
  0xF0, 0x0F, 0xF3, 0xBC, 0x07, 0x3B, 0x8E, 0x07, 0x8D, 0x87, 0x03, 0x82,
  0x01, 0x81, 0xC0, 0x00, 0xC0, 0xE0, 0x00, 0x7F, 0xF0, 0x00, 0x3F, 0xF8,
  0x00, 0x18, 0x1C, 0x00, 0x0C, 0x0E, 0x00, 0x06, 0x07, 0x00, 0x03, 0x03,
  0x80, 0x01, 0x81, 0xC0, 0x00, 0xC0, 0xE0, 0x00, 0x60, 0x70, 0x00, 0x30,
  0x38, 0x00, 0x7F, 0x00, 0x7F, 0x3F, 0xC0, 0x7F, 0x9C, 0xE0, 0x39, 0xCC,
  0x78, 0x1C, 0x68, 0x1C, 0x0C, 0x08, 0x0E, 0x0E, 0x00, 0x07, 0x07, 0x00,
  0x03, 0x83, 0x80, 0x01, 0xC1, 0xC0, 0x00, 0xFF, 0xE0, 0x00, 0x7F, 0xF0,
  0x00, 0x3F, 0xF8, 0x00, 0x1C, 0x1C, 0x00, 0x0E, 0x0E, 0x00, 0x07, 0x07,
  0x00, 0x03, 0x83, 0x80, 0x01, 0xC0, 0x00, 0x00, 0xE0, 0x00, 0x00, 0x70,
  0x00, 0x00, 0x38, 0x00, 0x00, 0x1C, 0x00, 0x00, 0x0E, 0x00, 0x00, 0x7F,
  0x00, 0x7F, 0x3F, 0xC0, 0x7F, 0x9C, 0xE0, 0x39, 0xCC, 0x78, 0x1C, 0x68,
  0x1C, 0x0C, 0x08, 0x0E, 0x0E, 0x00, 0x07, 0x07, 0x00, 0x03, 0x83, 0x80,
  0x01, 0xC1, 0xC0, 0x00, 0xFF, 0xE0, 0x00, 0x7F, 0xF0, 0x00, 0x3F, 0xF8,
  0x00, 0x1C, 0x1C, 0x00, 0x0E, 0x0E, 0x00, 0x07, 0x07, 0x00, 0x03, 0x83,
  0x80, 0x00, 0x01, 0xC0, 0x00, 0x00, 0xE0, 0x00, 0x00, 0x70, 0x00, 0x00,
  0x38, 0x00, 0x07, 0xFF, 0xC0, 0x07, 0xFF, 0xF0, 0x03, 0x80, 0x38, 0x01,
  0x80, 0x0C, 0x00, 0x80, 0x02, 0x00, 0x0F, 0x07, 0xF9, 0xEF, 0xF0, 0x7E,
  0x0F, 0x80, 0xF0, 0x1F, 0x07, 0xE0, 0xEE, 0x79, 0xFE, 0x1F, 0x03, 0xC0,
  0x38, 0x07, 0x00, 0x70, 0x0E, 0x01, 0xC0, 0x38, 0x07, 0x00, 0xE0, 0x1C,
  0x03, 0x80, 0x0F, 0x00, 0xFF, 0x07, 0xBE, 0x38, 0x38, 0xE0, 0xE3, 0x01,
  0x8C, 0x06, 0x38, 0x38, 0xE0, 0xE1, 0xCF, 0x07, 0xF8, 0x0F, 0x80, 0x3C,
  0x00, 0x70, 0x01, 0xC0, 0x03, 0xFE, 0x0F, 0xF8, 0x38, 0xE0, 0xE1, 0x83,
  0x87, 0x0E, 0x00, 0x38, 0x00, 0xE0, 0x00, 0x0F, 0x00, 0x0F, 0xF0, 0x07,
  0xBE, 0x03, 0x83, 0x80, 0xE0, 0xE0, 0x30, 0x18, 0x0C, 0x06, 0x03, 0x83,
  0x80, 0xE0, 0xE0, 0x1C, 0xF0, 0x07, 0xF8, 0x00, 0xF8, 0x00, 0x3C, 0x38,
  0x07, 0x0E, 0x01, 0xFF, 0x80, 0x3F, 0xE0, 0x0F, 0xF8, 0x03, 0x8F, 0xE0,
  0xE3, 0xF8, 0x38, 0x0E, 0x0E, 0x01, 0x83, 0x80, 0x30, 0xE0, 0x00, 0x03,
  0xC0, 0x3F, 0xC1, 0xF7, 0x8E, 0x0F, 0x38, 0x1C, 0xE0, 0x73, 0x81, 0xCE,
  0x07, 0x3C, 0x38, 0x71, 0xE0, 0xFF, 0x03, 0xF0, 0x07, 0x00, 0x1C, 0x00,
  0x38, 0x00, 0xE0, 0x03, 0x80, 0x0E, 0x0C, 0x18, 0x18, 0x60, 0x71, 0x81,
  0xFE, 0x07, 0xF8, 0x1C, 0x00, 0x60, 0x03, 0x00, 0x00, 0x0F, 0x00, 0x1F,
  0xE0, 0x1E, 0xF8, 0x1C, 0x1C, 0x0E, 0x0E, 0x06, 0x03, 0x03, 0x01, 0x81,
  0xC1, 0xC0, 0xE0, 0xE0, 0x39, 0xE0, 0x1F, 0xE0, 0x07, 0xC0, 0x03, 0xC0,
  0x00, 0xE0, 0x00, 0x7F, 0xFC, 0x1F, 0xFF, 0x0F, 0xE3, 0x87, 0x70, 0xC3,
  0xB8, 0xE1, 0xCF, 0xF0, 0xE3, 0xF0, 0x70, 0x00, 0x38, 0x00, 0x01, 0xE0,
  0x00, 0xFF, 0x00, 0x3C, 0xF0, 0x07, 0x0E, 0x01, 0xC0, 0xC0, 0x38, 0x18,
  0x07, 0x07, 0x00, 0xC1, 0xE0, 0x1F, 0xF8, 0x03, 0xFE, 0x00, 0x7E, 0x00,
  0x0E, 0x00, 0x01, 0xC0, 0x00, 0x38, 0x00, 0x07, 0x00, 0x00, 0xF0, 0x03,
  0x0E, 0x00, 0x61, 0xE0, 0x1C, 0x1C, 0x03, 0x83, 0xC0, 0xF0, 0x3F, 0xFC,
  0xFF, 0xFF, 0x1F, 0xFF, 0xC7, 0x00, 0x00, 0xE0, 0x00, 0x10, 0x00, 0x00,
  0x0F, 0x00, 0x1F, 0xE0, 0x1E, 0xF8, 0x1C, 0x1C, 0x0E, 0x0E, 0x06, 0x03,
  0xFB, 0x01, 0xFF, 0xC1, 0xC7, 0xE0, 0xE1, 0xB9, 0xE0, 0x5F, 0xE0, 0x07,
  0xC0, 0x03, 0xC0, 0x00, 0xE0, 0x00, 0x70, 0x00, 0x1C, 0x00, 0x0E, 0x00,
  0x07, 0x00, 0x03, 0x80, 0x01, 0xC0, 0x00, 0xE0, 0x00, 0x70, 0x00, 0x38,
  0x00, 0x00, 0x78, 0x00, 0x03, 0xFC, 0x00, 0x0F, 0xBC, 0x00, 0x3C, 0x3C,
  0x00, 0x70, 0x38, 0x00, 0xE0, 0x7F, 0x81, 0xC0, 0xFF, 0x43, 0x81, 0xC6,
  0x63, 0x87, 0x0E, 0xE7, 0x1E, 0x0D, 0xFF, 0xF0, 0x03, 0xFF, 0xC0, 0x07,
  0x0E, 0x00, 0x0C, 0x1E, 0x00, 0x30, 0x1C, 0x00, 0x00, 0x38, 0x00, 0x00,
  0x70, 0x00, 0x00, 0x60, 0x00, 0x00, 0xC0, 0x00, 0x01, 0xC0, 0x00, 0x03,
  0x80, 0x00, 0x07, 0x00, 0x00, 0x0E, 0x00, 0x00, 0x00, 0x78, 0x00, 0x7F,
  0x80, 0x3C, 0xF0, 0x1C, 0x1C, 0x07, 0x07, 0x01, 0x81, 0xC0, 0xE0, 0x70,
  0x38, 0x38, 0x0F, 0xFE, 0x03, 0xFE, 0x00, 0xFC, 0x00, 0x38, 0x00, 0x07,
  0x00, 0x01, 0xC0, 0x00, 0x70, 0x00, 0x0E, 0x00, 0x03, 0xC0, 0x00, 0x78,
  0x07, 0xFF, 0xF9, 0xFF, 0xFF, 0x70, 0x01, 0xD8, 0x00, 0x7E, 0x00, 0x0C,
  0x00, 0x3C, 0x00, 0x00, 0x3F, 0x80, 0x00, 0x1F, 0xF0, 0x00, 0x0E, 0x0E,
  0x00, 0x03, 0x83, 0x80, 0x00, 0xE0, 0xE0, 0x00, 0x38, 0x38, 0x00, 0x0E,
  0x3C, 0x00, 0x03, 0xFE, 0x00, 0x00, 0xFF, 0x00, 0x00, 0x3C, 0x00, 0x00,
  0x07, 0x00, 0x00, 0x00, 0xE0, 0x00, 0x00, 0x3E, 0x00, 0x07, 0xFF, 0xFF,
  0x01, 0xFF, 0xFF, 0xC0, 0x70, 0x00, 0x70, 0x18, 0x00, 0x1F, 0xEC, 0x00,
  0x07, 0xF8, 0x00, 0x01, 0xC7, 0x00, 0x00, 0x71, 0xC0, 0x00, 0x1C, 0x30,
  0x00, 0x07, 0x00, 0x00, 0x3C, 0x00, 0x00, 0x3F, 0x80, 0x00, 0x1F, 0xF0,
  0x00, 0x0E, 0x0E, 0x00, 0x03, 0x83, 0x80, 0x00, 0xE0, 0xE0, 0x00, 0x38,
  0x38, 0x00, 0x0E, 0x3C, 0x00, 0x03, 0xFE, 0x00, 0x00, 0xFF, 0x00, 0x00,
  0x3C, 0x00, 0x00, 0x07, 0x00, 0x00, 0x00, 0xE0, 0x00, 0x00, 0x3E, 0x00,
  0x07, 0xFF, 0xFF, 0x01, 0xFF, 0xFF, 0xC0, 0x70, 0x00, 0x70, 0x18, 0x00,
  0x1C, 0x0C, 0x00, 0x07, 0x0C, 0x00, 0x01, 0xC7, 0x00, 0x00, 0x71, 0xC0,
  0x00, 0x1F, 0xF0, 0x00, 0x07, 0xFC, 0x00, 0x00, 0x07, 0x00, 0x00, 0x00,
  0xC0, 0x00, 0x00, 0x10, 0x00, 0x3C, 0x00, 0x0F, 0xE0, 0x01, 0xFF, 0x00,
  0x38, 0x38, 0x03, 0x83, 0x80, 0x38, 0x38, 0x03, 0x83, 0x80, 0x38, 0xF0,
  0x03, 0xFE, 0x00, 0x3F, 0xC0, 0x03, 0xC0, 0x00, 0x1C, 0x00, 0x00, 0xE0,
  0x00, 0x0F, 0x80, 0x7F, 0xFF, 0xF7, 0xFF, 0xFF, 0x70, 0x00, 0x76, 0x00,
  0x07, 0xC0, 0x00, 0x70, 0x00, 0x07, 0x00, 0x00, 0x70, 0x00, 0x07, 0x00,
  0x00, 0x70, 0x00, 0x3C, 0x00, 0x07, 0xF8, 0x00, 0x3E, 0xF0, 0x00, 0xE1,
  0xC0, 0x07, 0x03, 0x80, 0x1C, 0x0E, 0x00, 0x70, 0x70, 0x01, 0xC3, 0xC0,
  0x07, 0xFE, 0x00, 0x1F, 0xE0, 0x00, 0x70, 0x00, 0x01, 0xC0, 0x00, 0x03,
  0x80, 0x00, 0x0E, 0x00, 0x00, 0x1C, 0x00, 0x00, 0x3C, 0x00, 0x7F, 0xFF,
  0xE1, 0xFF, 0xFF, 0xE7, 0xFF, 0xF3, 0xD8, 0x01, 0xC7, 0x60, 0x07, 0x1E,
  0x00, 0x1E, 0xF0, 0x00, 0x3F, 0x80, 0x00, 0x78, 0x00, 0x78, 0x00, 0x07,
  0xF8, 0x00, 0x3C, 0xF0, 0x01, 0xC1, 0xC0, 0x07, 0x07, 0xF8, 0x18, 0x1F,
  0xE0, 0xE0, 0x7F, 0x83, 0x83, 0x86, 0x0F, 0xFE, 0x1C, 0x3F, 0xE0, 0x00,
  0xFC, 0x00, 0x03, 0x80, 0x00, 0x07, 0x00, 0x00, 0x1C, 0x00, 0x00, 0x70,
  0x00, 0x00, 0xE0, 0x00, 0x03, 0xC0, 0x00, 0x07, 0x80, 0x07, 0xFF, 0xF8,
  0x1F, 0xFF, 0xF0, 0x70, 0x01, 0xC1, 0x80, 0x07, 0x0E, 0x00, 0x0C, 0x00,
  0x00, 0x78, 0x00, 0x0F, 0xE0, 0x00, 0xF7, 0x80, 0x0E, 0x0E, 0x00, 0x70,
  0x70, 0x03, 0x83, 0x80, 0x18, 0x38, 0x00, 0xC3, 0xC0, 0x07, 0xFC, 0x00,
  0x3F, 0xC0, 0x01, 0xE0, 0x00, 0x07, 0x00, 0x00, 0x3C, 0x00, 0x00, 0xF8,
  0x00, 0x7F, 0xFF, 0xC7, 0xFF, 0xFE, 0x78, 0x00, 0x3B, 0x80, 0x01, 0xF8,
  0x00, 0x07, 0xC0, 0x00, 0x0E, 0x00, 0x00, 0x70, 0x00, 0x03, 0x80, 0x00,
  0x00, 0x00, 0xF0, 0x00, 0x0F, 0xE0, 0x00, 0x7F, 0xC0, 0x03, 0x83, 0x80,
  0x0E, 0x0E, 0x00, 0x30, 0x38, 0x00, 0xC1, 0xC0, 0x03, 0x0F, 0x00, 0x0F,
  0xF8, 0x00, 0x3F, 0xC0, 0x00, 0xE0, 0x00, 0x01, 0xC0, 0x00, 0x07, 0x80,
  0x00, 0x0F, 0x80, 0x07, 0xFF, 0xF8, 0x1F, 0xFF, 0xE0, 0x70, 0x03, 0x81,
  0x80, 0x0E, 0x0C, 0x00, 0x38, 0x00, 0x00, 0xE0, 0x00, 0x03, 0x80, 0x07,
  0xFF, 0xE0, 0x1F, 0xFF, 0x80, 0x70, 0x07, 0x01, 0x80, 0x1C, 0x0C, 0x00,
  0x10, 0x00, 0x70, 0x00, 0x1C, 0x00, 0x07, 0x00, 0x01, 0xC0, 0x00, 0x78,
  0x00, 0x7F, 0x80, 0x3D, 0xE0, 0x1C, 0x1C, 0x07, 0x07, 0x01, 0x81, 0xC0,
  0xE0, 0x70, 0x38, 0x78, 0x0F, 0xFC, 0x01, 0xFC, 0x00, 0x70, 0x00, 0x1C,
  0x00, 0x07, 0x80, 0x00, 0xE0, 0x00, 0x1C, 0x01, 0xFF, 0xFE, 0x7F, 0xFF,
  0xDC, 0x00, 0x76, 0x00, 0x1F, 0x80, 0x03, 0x00, 0x38, 0x00, 0x00, 0x0E,
  0x00, 0x00, 0x03, 0x80, 0x00, 0x00, 0xE0, 0x00, 0x00, 0x7E, 0x00, 0x00,
  0x7F, 0xC0, 0x00, 0x3C, 0x70, 0x00, 0x0E, 0x0E, 0x00, 0x03, 0x83, 0x80,
  0x00, 0xC0, 0xE0, 0x00, 0x30, 0xF0, 0x00, 0x0F, 0xF8, 0x00, 0x03, 0xFC,
  0x00, 0x00, 0xF0, 0x00, 0x00, 0x1E, 0x00, 0x00, 0x03, 0xE0, 0x00, 0x7F,
  0xFF, 0xF0, 0x1F, 0xFF, 0xFC, 0x07, 0x00, 0x07, 0xF9, 0x80, 0x01, 0xFE,
  0xC0, 0x00, 0x73, 0x80, 0x00, 0x1C, 0x60, 0x00, 0x07, 0x0C, 0x00, 0x01,
  0xC0, 0x00, 0x38, 0x00, 0x00, 0x0E, 0x00, 0x00, 0x03, 0x80, 0x00, 0x00,
  0xE0, 0x00, 0x00, 0x7E, 0x00, 0x00, 0x7F, 0xC0, 0x00, 0x3C, 0x70, 0x00,
  0x0E, 0x0E, 0x00, 0x03, 0x83, 0x80, 0x00, 0xC0, 0xE0, 0x00, 0x30, 0xF0,
  0x00, 0x0F, 0xF8, 0x00, 0x03, 0xFC, 0x00, 0x00, 0xF0, 0x00, 0x00, 0x1E,
  0x00, 0x00, 0x03, 0xE0, 0x00, 0x7F, 0xFF, 0xF0, 0x1F, 0xFF, 0xFC, 0x07,
  0x00, 0x07, 0x01, 0x80, 0x01, 0xC3, 0xC0, 0x00, 0x71, 0xC0, 0x00, 0x1C,
  0xE0, 0x00, 0x07, 0xF8, 0x00, 0x01, 0xFE, 0x00, 0x00, 0x01, 0x80, 0x00,
  0x00, 0x70, 0x00, 0x00, 0x04, 0x00, 0x38, 0x00, 0x03, 0x80, 0x00, 0x38,
  0x00, 0x03, 0x80, 0x00, 0x7E, 0x00, 0x1F, 0xF0, 0x03, 0xC7, 0x00, 0x38,
  0x38, 0x03, 0x83, 0x80, 0x30, 0x38, 0x03, 0x0F, 0x00, 0x3F, 0xE0, 0x03,
  0xFC, 0x00, 0x3C, 0x00, 0x01, 0xE0, 0x00, 0x0F, 0x80, 0x7F, 0xFF, 0xF7,
  0xFF, 0xFF, 0x70, 0x00, 0x76, 0x00, 0x07, 0xC0, 0x00, 0x70, 0x00, 0x07,
  0x00, 0x00, 0x70, 0x00, 0x07, 0x00, 0x70, 0x00, 0x03, 0x80, 0x00, 0x1C,
  0x00, 0x00, 0xE0, 0x00, 0x0F, 0xC0, 0x01, 0xFF, 0x00, 0x0E, 0x1C, 0x00,
  0xE0, 0xE0, 0x07, 0x03, 0x00, 0x38, 0x38, 0x01, 0x83, 0xC0, 0x0F, 0xFC,
  0x00, 0x7F, 0x80, 0x03, 0x80, 0x00, 0x1E, 0x00, 0x00, 0x78, 0x00, 0x01,
  0xE0, 0x03, 0xFF, 0xFE, 0x1F, 0xFF, 0xFC, 0xFF, 0xFE, 0xF6, 0x00, 0xE3,
  0xB0, 0x07, 0x1E, 0x00, 0x3D, 0xE0, 0x00, 0xFE, 0x00, 0x01, 0xC0, 0x00,
  0x70, 0x00, 0x03, 0x80, 0x00, 0x1C, 0x00, 0x00, 0xE0, 0x00, 0x07, 0x80,
  0x00, 0xFF, 0x00, 0x0F, 0x78, 0x00, 0xE0, 0xE0, 0x07, 0x07, 0xF8, 0x30,
  0x3F, 0xC3, 0x81, 0xCE, 0x1C, 0x3C, 0x30, 0xFF, 0xC0, 0x83, 0xF8, 0x00,
  0x1C, 0x00, 0x00, 0xE0, 0x00, 0x07, 0x80, 0x00, 0x1C, 0x00, 0x00, 0x70,
  0x00, 0xFF, 0xFF, 0x07, 0xFF, 0xFC, 0x38, 0x00, 0xE1, 0x80, 0x07, 0x1C,
  0x00, 0x18, 0x00, 0x70, 0x00, 0x03, 0x80, 0x00, 0x1C, 0x00, 0x00, 0xE0,
  0x00, 0x0F, 0xC0, 0x01, 0xFF, 0x00, 0x1E, 0x38, 0x00, 0xE0, 0xE0, 0x07,
  0x07, 0x00, 0x30, 0x38, 0x01, 0x83, 0x80, 0x0E, 0x7C, 0x00, 0x7F, 0xC0,
  0x03, 0xF8, 0x00, 0x1E, 0x00, 0x00, 0x78, 0x00, 0x01, 0xE0, 0x00, 0x07,
  0xE0, 0x0F, 0xFF, 0xFC, 0xFF, 0xFF, 0xE7, 0x00, 0x03, 0xB8, 0x00, 0x1F,
  0x80, 0x00, 0x3C, 0x00, 0x00, 0x00, 0x70, 0x00, 0x00, 0xE0, 0x00, 0x01,
  0xC0, 0x00, 0x03, 0x80, 0x00, 0x1F, 0x80, 0x00, 0x7F, 0x80, 0x01, 0xC3,
  0x80, 0x03, 0x87, 0x00, 0x0E, 0x06, 0x00, 0x1C, 0x1C, 0x00, 0x38, 0x78,
  0x00, 0x7F, 0xE0, 0x00, 0x7F, 0x00, 0x00, 0xF0, 0x00, 0x00, 0xF0, 0x00,
  0x00, 0xF8, 0x00, 0x7F, 0xFF, 0xC0, 0xFF, 0xFF, 0x81, 0xC0, 0x07, 0x03,
  0x00, 0x0E, 0x0C, 0x00, 0x1C, 0x00, 0x00, 0x38, 0x00, 0x3F, 0xFF, 0x00,
  0x7F, 0xFE, 0x00, 0xE0, 0x0C, 0x01, 0x80, 0x1C, 0x04, 0x00, 0x08, 0x60,
  0x01, 0xDC, 0x00, 0x63, 0xFF, 0xF8, 0xFF, 0xFE, 0x3F, 0xFF, 0x9C, 0x38,
  0x66, 0x0F, 0x1C, 0x0F, 0xF0, 0x07, 0x9E, 0x03, 0x83, 0x80, 0xE0, 0xE0,
  0x38, 0x38, 0x0C, 0x0E, 0x03, 0x8F, 0x00, 0xFF, 0xC0, 0x3F, 0xC0, 0x0E,
  0x00, 0x01, 0xC0, 0x00, 0x78, 0x00, 0x0F, 0x00, 0x7F, 0xFF, 0x9F, 0xFF,
  0xF7, 0x00, 0x1D, 0x80, 0x07, 0xE0, 0x00, 0xC0, 0x30, 0x00, 0x38, 0x0E,
  0x00, 0x0C, 0x03, 0xFF, 0xFF, 0x00, 0xFF, 0xFF, 0xC0, 0x38, 0x38, 0x70,
  0x0E, 0x0E, 0x0C, 0x03, 0x07, 0xE1, 0x80, 0x07, 0xFC, 0x00, 0x01, 0xC7,
  0x80, 0x00, 0xE0, 0xE0, 0x00, 0x38, 0x38, 0x00, 0x0E, 0x0E, 0x00, 0x03,
  0x87, 0x00, 0x00, 0xFF, 0x80, 0x00, 0x3F, 0xC0, 0x00, 0x07, 0x00, 0x00,
  0x01, 0xE0, 0x00, 0x00, 0x3F, 0x00, 0x07, 0xFF, 0xFF, 0x01, 0xFF, 0xFF,
  0xC0, 0x70, 0x00, 0x7F, 0x98, 0x00, 0x1F, 0xEC, 0x00, 0x07, 0x1C, 0x00,
  0x01, 0xC3, 0x00, 0x00, 0x70, 0x00, 0x30, 0x00, 0x38, 0x0E, 0x00, 0x0C,
  0x03, 0xFF, 0xFF, 0x00, 0xFF, 0xFF, 0xC0, 0x38, 0x38, 0x70, 0x0E, 0x0E,
  0x0C, 0x03, 0x07, 0xE1, 0x80, 0x07, 0xFC, 0x00, 0x01, 0xC7, 0x80, 0x00,
  0xE0, 0xE0, 0x00, 0x38, 0x38, 0x00, 0x0E, 0x0E, 0x00, 0x03, 0x87, 0x00,
  0x00, 0xFF, 0x80, 0x00, 0x3F, 0xC0, 0x00, 0x07, 0x00, 0x00, 0x01, 0xE0,
  0x00, 0x00, 0x3F, 0x00, 0x07, 0xFF, 0xFF, 0x01, 0xFF, 0xFF, 0xC0, 0x70,
  0x00, 0x70, 0xD8, 0x00, 0x1C, 0x7C, 0x00, 0x07, 0x18, 0x00, 0x01, 0xFE,
  0x00, 0x00, 0x7F, 0x80, 0x00, 0x00, 0x60, 0x00, 0x00, 0x1C, 0x00, 0x00,
  0x01, 0x30, 0x00, 0x39, 0xC0, 0x01, 0x8F, 0xFF, 0xFC, 0x7F, 0xFF, 0xE3,
  0x83, 0x87, 0x1C, 0x1C, 0x18, 0xC1, 0xF8, 0x60, 0x3F, 0xE0, 0x01, 0xC7,
  0x80, 0x1C, 0x1C, 0x00, 0xE0, 0xE0, 0x07, 0x07, 0x00, 0x38, 0x70, 0x01,
  0xFF, 0x00, 0x0F, 0xF0, 0x00, 0x38, 0x00, 0x01, 0xE0, 0x00, 0x07, 0xE0,
  0x1F, 0xFF, 0xFC, 0xFF, 0xFF, 0xE7, 0x00, 0x07, 0x30, 0x00, 0x3B, 0x00,
  0x01, 0xC0, 0x00, 0x0E, 0x00, 0x00, 0x70, 0x30, 0x00, 0x18, 0x70, 0x00,
  0x70, 0x7F, 0xFF, 0xC0, 0xFF, 0xFF, 0x81, 0xFF, 0xFF, 0x07, 0x07, 0x07,
  0x0C, 0x1F, 0x86, 0x00, 0xFF, 0x80, 0x01, 0xC7, 0x80, 0x07, 0x07, 0x00,
  0x0E, 0x0E, 0x00, 0x1C, 0x1C, 0x00, 0x38, 0x70, 0x00, 0x7F, 0xC0, 0x00,
  0xFF, 0x00, 0x00, 0xE0, 0x00, 0x01, 0xE0, 0x00, 0x01, 0xF8, 0x01, 0xFF,
  0xFF, 0xF3, 0xFF, 0xFF, 0xF7, 0x00, 0x18, 0xEC, 0x00, 0x70, 0xF0, 0x00,
  0xE1, 0x80, 0x00, 0xFF, 0x00, 0x00, 0xFC, 0x60, 0x01, 0xC3, 0x80, 0x0C,
  0x0F, 0xFF, 0xE0, 0x7F, 0xFF, 0x03, 0xFF, 0xF8, 0x38, 0x70, 0xC1, 0x83,
  0xC7, 0x00, 0x7F, 0x80, 0x07, 0x9E, 0x00, 0x70, 0x70, 0x03, 0x83, 0xFC,
  0x1C, 0x1F, 0xE0, 0xC0, 0xE3, 0x87, 0x1E, 0x1C, 0x3F, 0xF0, 0x61, 0xFE,
  0x00, 0x0E, 0x00, 0x00, 0x38, 0x00, 0x01, 0xE0, 0x00, 0x07, 0x80, 0x07,
  0xFF, 0xF8, 0x3F, 0xFF, 0xE1, 0xC0, 0x07, 0x0C, 0x00, 0x38, 0xE0, 0x00,
  0xC0, 0x70, 0x00, 0x31, 0x80, 0x03, 0x8F, 0xFF, 0xFC, 0x7F, 0xFF, 0xC3,
  0x87, 0x07, 0x18, 0x38, 0x39, 0x83, 0xF0, 0xC0, 0x3F, 0xC0, 0x03, 0x8F,
  0x00, 0x38, 0x38, 0x01, 0xC1, 0xC0, 0x0E, 0x0E, 0x00, 0x70, 0xE0, 0x03,
  0xFF, 0x00, 0x1F, 0xE0, 0x00, 0x70, 0x00, 0x01, 0xC0, 0x00, 0x07, 0xC0,
  0x07, 0xFF, 0xFC, 0x7F, 0xFF, 0xE7, 0x80, 0x03, 0xB8, 0x00, 0x1F, 0x80,
  0x00, 0x7C, 0x00, 0x00, 0xE0, 0x00, 0x00, 0x38, 0x00, 0x18, 0x1C, 0x00,
  0x1C, 0x07, 0xFF, 0xFE, 0x03, 0xFF, 0xFE, 0x01, 0x83, 0x83, 0x81, 0xC1,
  0xC1, 0xC0, 0xC1, 0xF8, 0x60, 0x03, 0xFE, 0x00, 0x01, 0xC7, 0x80, 0x01,
  0xC1, 0xC0, 0x00, 0xE0, 0xE0, 0x00, 0x70, 0x70, 0x00, 0x38, 0x70, 0x00,
  0x1F, 0xF0, 0x00, 0x0F, 0xF0, 0x00, 0x03, 0x80, 0x00, 0x01, 0xE0, 0x00,
  0x00, 0x7E, 0x00, 0x1F, 0xFF, 0xF8, 0x0F, 0xFF, 0xFC, 0x07, 0x00, 0x06,
  0x03, 0x00, 0x03, 0x03, 0x00, 0x01, 0x80, 0x00, 0x3F, 0xFE, 0x00, 0x3F,
  0xFF, 0x00, 0x1C, 0x01, 0xC0, 0x0C, 0x00, 0xE0, 0x04, 0x00, 0x10, 0x7F,
  0xE0, 0xFF, 0xE1, 0xC1, 0xE3, 0x01, 0xE8, 0x01, 0xC0, 0x01, 0xC0, 0x03,
  0x80, 0x07, 0x00, 0x0E, 0x00, 0x1C, 0x00, 0x38, 0x00, 0x70, 0x00, 0xE0,
  0x01, 0xC0, 0x03, 0x80, 0x07, 0x00, 0x0E, 0x00, 0x1C, 0x00, 0x38, 0x00,
  0x70, 0x00, 0xE0, 0x01, 0xC0, 0x7F, 0xE0, 0x03, 0xFF, 0x80, 0x1C, 0x1E,
  0x00, 0xC0, 0x78, 0x08, 0x01, 0xC0, 0x00, 0x07, 0x00, 0x00, 0x38, 0x00,
  0x01, 0xFE, 0x00, 0x0F, 0xF8, 0x00, 0x7F, 0xC0, 0x03, 0x8E, 0x00, 0x1C,
  0x30, 0x00, 0xE0, 0x00, 0x07, 0x00, 0x00, 0x38, 0x00, 0x01, 0xC0, 0x00,
  0x0E, 0x00, 0x00, 0x70, 0x00, 0x03, 0x80, 0x00, 0x1C, 0x00, 0x00, 0xE0,
  0x00, 0x07, 0x00, 0x7F, 0xE0, 0x03, 0xFF, 0x80, 0x1C, 0x1E, 0x00, 0xC0,
  0x78, 0x08, 0x01, 0xC0, 0x00, 0x07, 0x00, 0x00, 0x38, 0x00, 0x01, 0xC0,
  0x00, 0x0E, 0x00, 0x00, 0x70, 0x00, 0x03, 0x80, 0x00, 0x1C, 0x00, 0x00,
  0xE0, 0x00, 0x07, 0x00, 0x00, 0x38, 0x00, 0x01, 0xC0, 0x00, 0x0E, 0x00,
  0x00, 0x70, 0x40, 0x03, 0x86, 0x00, 0x1C, 0x70, 0x00, 0xFF, 0x80, 0x07,
  0xFC, 0x00, 0x00, 0xE0, 0x00, 0x03, 0x00, 0x00, 0x08, 0x3F, 0xE0, 0x7F,
  0xF8, 0x70, 0x7C, 0x60, 0x1C, 0x00, 0x0E, 0x00, 0x0E, 0x00, 0x0E, 0x00,
  0x0E, 0x00, 0x06, 0x00, 0x07, 0x00, 0x07, 0x00, 0x07, 0x00, 0x07, 0x00,
  0x07, 0x00, 0x07, 0x00, 0x06, 0x00, 0x06, 0x00, 0x0E, 0x00, 0x0E, 0x00,
  0x3C, 0x7F, 0xF8, 0x7F, 0xE0, 0x70, 0x00, 0x60, 0x00, 0xC0, 0x00, 0x7F,
  0xE0, 0x01, 0xFF, 0xC0, 0x07, 0x07, 0x80, 0x18, 0x0F, 0x00, 0x80, 0x1C,
  0x00, 0x00, 0x38, 0x00, 0x00, 0xE0, 0x00, 0x03, 0x80, 0x00, 0x0E, 0x00,
  0x00, 0x38, 0x00, 0x00, 0xE0, 0x00, 0x03, 0x80, 0x00, 0x0E, 0x00, 0x00,
  0x38, 0x00, 0x00, 0xFF, 0x80, 0x03, 0xFF, 0x00, 0x0E, 0x1C, 0x00, 0x38,
  0x70, 0x00, 0xE1, 0xC0, 0x03, 0x87, 0x00, 0x0F, 0xF8, 0x00, 0x3F, 0xC0,
  0x7F, 0xFE, 0x0F, 0xFF, 0xF8, 0xE1, 0xC3, 0xCE, 0x1C, 0x1E, 0xE1, 0xC0,
  0xEF, 0x3C, 0x0E, 0x7F, 0x80, 0x73, 0xE0, 0x07, 0x00, 0x00, 0x70, 0x00,
  0x07, 0x00, 0x00, 0x70, 0x00, 0x07, 0x00, 0x00, 0x70, 0x00, 0x07, 0x00,
  0x00, 0x70, 0x00, 0x07, 0x00, 0x00, 0x70, 0x00, 0x07, 0x00, 0x00, 0x70,
  0x00, 0x07, 0x00, 0x00, 0x70, 0x00, 0x07, 0x03, 0x80, 0x07, 0x00, 0x0E,
  0x00, 0x1C, 0x00, 0x38, 0x0F, 0xF8, 0x1F, 0xFC, 0x38, 0x7C, 0x60, 0x3D,
  0x80, 0x38, 0x00, 0x38, 0x00, 0x70, 0x00, 0xE0, 0x01, 0xC0, 0x03, 0x80,
  0x07, 0x00, 0x0E, 0x00, 0x1C, 0x00, 0x38, 0x00, 0x70, 0x00, 0xE0, 0x01,
  0xC0, 0x03, 0x80, 0x07, 0x03, 0x80, 0x07, 0x00, 0x0E, 0x00, 0x1C, 0x00,
  0x38, 0x0F, 0xF8, 0x1F, 0xFC, 0x38, 0x7C, 0x60, 0x3D, 0x80, 0x38, 0x00,
  0x78, 0x00, 0x70, 0x00, 0xE0, 0x01, 0xC0, 0x03, 0x80, 0x07, 0x00, 0x0E,
  0x00, 0x1C, 0x00, 0x3E, 0x00, 0x76, 0x00, 0xEE, 0x01, 0xDF, 0xFF, 0xBF,
  0xFF, 0x70, 0x00, 0xC0, 0x03, 0x00, 0x00, 0x03, 0x80, 0x00, 0x00, 0xE0,
  0x00, 0x00, 0x38, 0x00, 0x00, 0x0E, 0x00, 0x00, 0x03, 0x80, 0x00, 0x1F,
  0xF0, 0x00, 0x07, 0xFF, 0x00, 0x01, 0xC3, 0xE0, 0x00, 0x60, 0x3C, 0x00,
  0x30, 0x07, 0x00, 0x00, 0x00, 0xE0, 0x00, 0x00, 0x38, 0x00, 0x00, 0x0F,
  0xFF, 0x00, 0x03, 0xFF, 0xE0, 0x00, 0xFE, 0x18, 0x00, 0x3B, 0x87, 0x00,
  0x0E, 0x73, 0x80, 0x03, 0x9F, 0xE0, 0x00, 0xE3, 0xE0, 0x00, 0x38, 0x00,
  0x00, 0x0E, 0x00, 0x00, 0x03, 0x80, 0x00, 0x00, 0xE0, 0x00, 0x00, 0x38,
  0x00, 0x7F, 0xE0, 0x00, 0x1F, 0xFC, 0x00, 0x07, 0x07, 0x80, 0x01, 0x80,
  0xF0, 0x00, 0x80, 0x1C, 0x38, 0x00, 0x03, 0x8E, 0x00, 0x00, 0xE3, 0x80,
  0x00, 0x3F, 0xE0, 0x00, 0x0F, 0xF8, 0x00, 0x03, 0x8E, 0x00, 0x00, 0xE3,
  0xF8, 0x00, 0x38, 0xFE, 0x00, 0x0E, 0x03, 0x80, 0x03, 0x80, 0x60, 0x00,
  0xE0, 0x04, 0x00, 0x38, 0x00, 0x00, 0x0E, 0x00, 0x00, 0x03, 0x80, 0x00,
  0x00, 0xE0, 0x00, 0x00, 0x38, 0x00, 0x00, 0x0E, 0x00, 0x00, 0x03, 0x80,
  0x00, 0x7F, 0x00, 0xFF, 0x01, 0xCF, 0x03, 0x0E, 0x08, 0x1C, 0x00, 0x1C,
  0x00, 0x38, 0x00, 0x70, 0x7F, 0xE0, 0xFF, 0xE1, 0xC7, 0xE3, 0x01, 0xEC,
  0x01, 0xC0, 0x03, 0xC0, 0x03, 0x80, 0x07, 0x00, 0x0E, 0x00, 0x1C, 0x00,
  0x38, 0x00, 0x70, 0x00, 0xE0, 0x01, 0xC0, 0x7F, 0xE0, 0x01, 0xFF, 0xC0,
  0x07, 0x07, 0x80, 0x18, 0x0F, 0x00, 0x80, 0x1C, 0x00, 0x00, 0x38, 0x00,
  0x00, 0xE0, 0x00, 0x03, 0x80, 0x00, 0x0E, 0x00, 0x00, 0x38, 0x00, 0x00,
  0xE0, 0x00, 0x03, 0x80, 0x00, 0x0E, 0x00, 0x00, 0x38, 0x00, 0x00, 0xFF,
  0x80, 0x03, 0xFF, 0x00, 0x0E, 0x1C, 0x00, 0x38, 0x70, 0x00, 0xE1, 0xC0,
  0x03, 0x87, 0x7F, 0xFF, 0xF9, 0xFF, 0xFF, 0xC7, 0x00, 0x00, 0x18, 0x00,
  0x00, 0xC0, 0x00, 0x00, 0x7F, 0xE0, 0x00, 0x3F, 0xF8, 0x00, 0x1C, 0x1E,
  0x00, 0x0C, 0x07, 0x87, 0x08, 0x01, 0xC3, 0x80, 0x00, 0x71, 0xC0, 0x00,
  0x38, 0xE0, 0x00, 0x1C, 0x70, 0x00, 0x0F, 0xFF, 0x00, 0x07, 0xFF, 0x80,
  0x03, 0xFF, 0xE0, 0x01, 0xC0, 0x70, 0x00, 0xE0, 0x18, 0x00, 0x70, 0x00,
  0x00, 0x38, 0x00, 0x00, 0x1C, 0x00, 0x00, 0x0E, 0x00, 0x00, 0x07, 0x00,
  0x00, 0x03, 0x80, 0x00, 0x01, 0xC0, 0x00, 0x00, 0xE0, 0x00, 0x00, 0x70,
  0x00, 0xC0, 0x03, 0x60, 0x07, 0x70, 0x07, 0x7F, 0xFE, 0x7F, 0xFE, 0x71,
  0xC7, 0x61, 0xC3, 0x81, 0xC0, 0x01, 0xC0, 0x3F, 0xC0, 0x3F, 0xF0, 0x70,
  0xFC, 0x70, 0x3C, 0x60, 0x1E, 0x00, 0x0E, 0x00, 0x0E, 0x00, 0x0E, 0x00,
  0x07, 0x00, 0x07, 0x00, 0x07, 0x00, 0x07, 0x00, 0x07, 0x00, 0x07, 0x00,
  0x07, 0x00, 0x07, 0xC0, 0x03, 0x01, 0x80, 0x1C, 0x07, 0x00, 0x70, 0x1F,
  0xFF, 0x80, 0x7F, 0xFE, 0x01, 0xC7, 0x1C, 0x06, 0x1C, 0x30, 0x20, 0x70,
  0x00, 0x01, 0xC0, 0x00, 0xFF, 0x00, 0x03, 0xFF, 0x00, 0x1C, 0x3F, 0x00,
  0x70, 0x3C, 0x01, 0x80, 0x78, 0x00, 0x00, 0xE0, 0x00, 0x03, 0xFE, 0x00,
  0x0F, 0xF8, 0x00, 0x1C, 0x60, 0x00, 0x71, 0xC0, 0x01, 0xC3, 0x00, 0x07,
  0x00, 0x00, 0x1C, 0x00, 0x00, 0x70, 0x00, 0x01, 0xC0, 0x00, 0x07, 0x00,
  0xC0, 0x03, 0x01, 0x80, 0x1C, 0x07, 0x00, 0x70, 0x1F, 0xFF, 0x80, 0x7F,
  0xFE, 0x01, 0xC7, 0x1C, 0x06, 0x1C, 0x30, 0x20, 0x70, 0x00, 0x01, 0xC0,
  0x00, 0xFF, 0x00, 0x03, 0xFF, 0x00, 0x1C, 0x3F, 0x00, 0x70, 0x3C, 0x01,
  0x80, 0x78, 0x00, 0x00, 0xE0, 0x00, 0x03, 0x80, 0x00, 0x0E, 0x00, 0x00,
  0x1C, 0x00, 0x00, 0x70, 0x00, 0x01, 0xC0, 0x00, 0x07, 0x0C, 0x00, 0x1C,
  0x60, 0x00, 0x73, 0x80, 0x01, 0xFE, 0x00, 0x07, 0xF8, 0x00, 0x00, 0xE0,
  0x00, 0x01, 0x80, 0x00, 0x03, 0xC0, 0x03, 0x60, 0x07, 0x70, 0x07, 0x7F,
  0xFE, 0x7F, 0xFE, 0x71, 0xC7, 0x61, 0xC3, 0x81, 0xC0, 0x01, 0xC0, 0x3F,
  0xF0, 0x3F, 0xFC, 0x38, 0x1E, 0x30, 0x0E, 0x00, 0x07, 0x00, 0x07, 0x00,
  0x07, 0x00, 0x07, 0x00, 0x07, 0x00, 0x07, 0x00, 0x07, 0x00, 0x07, 0x00,
  0x0E, 0x00, 0x3E, 0x3F, 0xFC, 0x3F, 0xF0, 0x30, 0x00, 0x70, 0x00, 0x40,
  0x00, 0xC0, 0x03, 0x00, 0xC0, 0x0E, 0x01, 0xC0, 0x1C, 0x03, 0xFF, 0xF0,
  0x07, 0xFF, 0xE0, 0x0E, 0x38, 0xE0, 0x18, 0x70, 0xC0, 0x40, 0xE0, 0x00,
  0x01, 0xC0, 0x00, 0x7F, 0x80, 0x00, 0xFF, 0xC0, 0x03, 0x87, 0xE0, 0x07,
  0x03, 0xC0, 0x0C, 0x03, 0xC0, 0x00, 0x03, 0x80, 0x00, 0x07, 0x00, 0x00,
  0x0E, 0x00, 0x00, 0x0F, 0xF0, 0x00, 0x1F, 0xF0, 0x00, 0x38, 0xF0, 0x00,
  0x70, 0xE0, 0x00, 0xE1, 0xC0, 0x01, 0xC7, 0x00, 0x03, 0xFE, 0x00, 0x07,
  0xF0, 0xC0, 0x01, 0x83, 0x00, 0x1C, 0x1C, 0x00, 0xE0, 0xFF, 0xFE, 0x07,
  0xFF, 0xF0, 0x38, 0xE1, 0xC1, 0x87, 0x0E, 0x10, 0x38, 0x00, 0x01, 0xC0,
  0x00, 0xFF, 0xFC, 0x0F, 0xFF, 0xF0, 0xE1, 0xC3, 0xC7, 0x07, 0x07, 0x38,
  0x30, 0x38, 0xE3, 0x80, 0xE7, 0xF8, 0x07, 0x0F, 0x80, 0x38, 0x00, 0x01,
  0xC0, 0x00, 0x0E, 0x00, 0x00, 0x70, 0x00, 0x03, 0x80, 0x00, 0x1C, 0x00,
  0x00, 0xE0, 0x00, 0x07, 0x00, 0x00, 0x38, 0xE0, 0x00, 0x36, 0x00, 0x06,
  0x70, 0x00, 0xE7, 0xFF, 0xFE, 0x7F, 0xFF, 0xE7, 0x39, 0xCE, 0x63, 0x8C,
  0x68, 0x38, 0xC1, 0x03, 0x9C, 0x00, 0x1F, 0x80, 0x00, 0xF8, 0x00, 0x07,
  0x00, 0x0F, 0xF0, 0x00, 0xFF, 0xC0, 0x1C, 0x3F, 0x01, 0xC0, 0xF0, 0x18,
  0x07, 0x80, 0x00, 0x38, 0x00, 0x03, 0x80, 0x00, 0x38, 0x00, 0x01, 0xC0,
  0x00, 0x1C, 0x00, 0x01, 0xC0, 0x00, 0x1C, 0x00, 0x01, 0xC0, 0x00, 0x1C,
  0x00, 0x01, 0xC0, 0xC0, 0x03, 0x07, 0x00, 0x30, 0x18, 0x03, 0x80, 0xFF,
  0xFC, 0x07, 0xFF, 0xE0, 0x30, 0xC3, 0x03, 0x86, 0x18, 0x00, 0x30, 0x20,
  0x01, 0x80, 0x03, 0xFE, 0x00, 0x1F, 0xFC, 0x00, 0xE3, 0xF0, 0x06, 0x03,
  0xC0, 0x20, 0x0E, 0x00, 0x00, 0x38, 0x00, 0x01, 0xC0, 0x00, 0x0E, 0x00,
  0x00, 0x70, 0x00, 0x03, 0x80, 0x00, 0x1C, 0x00, 0x00, 0xE0, 0x00, 0x07,
  0x00, 0x00, 0x38, 0x01, 0xFF, 0xFE, 0x0F, 0xFF, 0xF0, 0x60, 0x01, 0xC7,
  0x00, 0x0E, 0x20, 0x00, 0x10, 0x07, 0xFD, 0xFC, 0x0F, 0xFF, 0xFF, 0x0F,
  0x87, 0x83, 0xCF, 0x03, 0x80, 0xE7, 0x01, 0xC0, 0x77, 0x80, 0xE0, 0x1F,
  0x80, 0x70, 0x0F, 0xC0, 0x38, 0x07, 0xE0, 0x1C, 0x03, 0xF0, 0x0E, 0x01,
  0xF8, 0x07, 0x00, 0xFC, 0x03, 0x80, 0x7E, 0x01, 0xC0, 0x3F, 0x00, 0xE0,
  0x1F, 0x80, 0x70, 0x0F, 0xC0, 0x38, 0x07, 0xE0, 0x1C, 0x03, 0xF0, 0x0E,
  0x01, 0xF8, 0x07, 0x00, 0xFC, 0x03, 0x80, 0x7E, 0x01, 0xC0, 0x3F, 0x00,
  0xE0, 0x1C, 0x07, 0xFD, 0xFC, 0x00, 0x3F, 0xFF, 0xFC, 0x00, 0xF8, 0x78,
  0x3C, 0x03, 0xC0, 0xE0, 0x38, 0x07, 0x01, 0xC0, 0x70, 0x1E, 0x03, 0x80,
  0x70, 0x38, 0x07, 0x00, 0xE0, 0x70, 0x0E, 0x01, 0xC0, 0xE0, 0x1C, 0x03,
  0x87, 0xC0, 0x38, 0x07, 0x1B, 0x80, 0x70, 0x0E, 0x77, 0x00, 0xE0, 0x1F,
  0xEE, 0x01, 0xC0, 0x3F, 0xDC, 0x03, 0x80, 0x73, 0xB8, 0x07, 0x00, 0xE3,
  0x70, 0x0E, 0x01, 0xC3, 0xE0, 0x1C, 0x03, 0x81, 0xC0, 0x38, 0x07, 0x03,
  0x80, 0x70, 0x0E, 0x07, 0x00, 0xE0, 0x1C, 0x0E, 0x01, 0xC0, 0x38, 0x1C,
  0x03, 0x80, 0x70, 0x00, 0x07, 0xFD, 0xFC, 0x00, 0x3F, 0xFF, 0xFC, 0x00,
  0xF8, 0x78, 0x3C, 0x03, 0xC0, 0xE0, 0x38, 0x07, 0x01, 0xC0, 0x70, 0x1E,
  0x03, 0x80, 0x70, 0x38, 0x07, 0x00, 0xE0, 0x70, 0x0E, 0x01, 0xC0, 0xE0,
  0x1C, 0x03, 0x81, 0xC0, 0x38, 0x07, 0x03, 0x80, 0x70, 0x0E, 0x07, 0x00,
  0xE0, 0x1C, 0x0E, 0x01, 0xC0, 0x38, 0x1C, 0x03, 0x80, 0x70, 0x38, 0x07,
  0x00, 0xE0, 0x70, 0x0E, 0x01, 0xC0, 0xE0, 0x1C, 0x03, 0x81, 0xC0, 0x38,
  0x07, 0x0F, 0x80, 0x70, 0x0E, 0x37, 0x00, 0xE0, 0x1C, 0xEE, 0x01, 0xC0,
  0x3F, 0xDC, 0x03, 0x80, 0x7F, 0x80, 0x00, 0x00, 0x07, 0x00, 0x00, 0x00,
  0x06, 0x00, 0x00, 0x00, 0x06, 0x07, 0xFB, 0xF8, 0x1F, 0xFF, 0xFC, 0x3E,
  0x1E, 0x1E, 0x78, 0x18, 0x0F, 0x70, 0x18, 0x07, 0xF0, 0x18, 0x07, 0xE0,
  0x18, 0x07, 0xE0, 0x18, 0x07, 0xE0, 0x18, 0x07, 0xE0, 0x18, 0x07, 0xE0,
  0x18, 0x07, 0xE0, 0x18, 0x07, 0xE0, 0x18, 0x07, 0xE0, 0x18, 0x07, 0xE0,
  0x18, 0x07, 0x00, 0x00, 0x07, 0x00, 0x00, 0x07, 0x00, 0x00, 0x07, 0x00,
  0x00, 0x07, 0x00, 0x00, 0x07, 0x00, 0x00, 0x07, 0x00, 0x00, 0x07, 0x07,
  0xFD, 0xFC, 0x00, 0x1F, 0xFF, 0xFE, 0x00, 0x3E, 0x1E, 0x0F, 0x00, 0x78,
  0x1C, 0x07, 0x00, 0x70, 0x1C, 0x07, 0x00, 0xF0, 0x1C, 0x03, 0x80, 0xE0,
  0x1C, 0x03, 0x80, 0xE0, 0x1C, 0x03, 0x80, 0xE0, 0x1C, 0x03, 0x80, 0xE0,
  0x1C, 0x03, 0x80, 0xE0, 0x1C, 0x03, 0x80, 0xE0, 0x1C, 0x03, 0x80, 0xE0,
  0x1C, 0x03, 0x80, 0xE0, 0x1C, 0x03, 0x80, 0xE0, 0x1C, 0x03, 0xFC, 0xE0,
  0x1C, 0x03, 0xFE, 0xE0, 0x1C, 0x03, 0x87, 0xE0, 0x1C, 0x03, 0x87, 0xE0,
  0x1C, 0x03, 0x87, 0xE0, 0x1C, 0x03, 0x8F, 0xE0, 0x1C, 0x03, 0xFE, 0xE0,
  0x1C, 0x03, 0xF8, 0x0F, 0xFB, 0xFC, 0x0F, 0xFF, 0xFF, 0x0F, 0x0F, 0x83,
  0xCF, 0x07, 0x00, 0xF7, 0x03, 0x80, 0x3F, 0x01, 0xC0, 0x1F, 0x80, 0xE0,
  0x0F, 0xC0, 0x70, 0x07, 0xE0, 0x3E, 0x03, 0xF0, 0x1F, 0x01, 0xF8, 0x03,
  0x80, 0xFC, 0x01, 0xC0, 0x7E, 0x00, 0xE0, 0x3F, 0x00, 0x70, 0x1F, 0x80,
  0x38, 0x0E, 0x00, 0x1C, 0x00, 0x00, 0x0E, 0x00, 0x00, 0x07, 0x00, 0x00,
  0x03, 0x80, 0x00, 0x01, 0xC0, 0x00, 0x00, 0xE0, 0x00, 0x00, 0x70, 0x00,
  0x07, 0xFB, 0xF8, 0x1F, 0xFF, 0xFC, 0x3E, 0x1E, 0x1E, 0x78, 0x18, 0x0F,
  0x70, 0x18, 0x07, 0xF0, 0x18, 0x07, 0xE0, 0x18, 0x07, 0xE0, 0x18, 0x07,
  0xE0, 0x18, 0x07, 0xE0, 0x18, 0x07, 0xE0, 0x18, 0x07, 0xE0, 0x18, 0x07,
  0xE0, 0x18, 0x07, 0xE0, 0x18, 0x07, 0xE0, 0x18, 0x07, 0xE0, 0x00, 0x00,
  0xE0, 0x00, 0x00, 0xE0, 0x00, 0x00, 0xE0, 0x00, 0x00, 0xE0, 0x00, 0x00,
  0xE0, 0x00, 0x00, 0xE0, 0x00, 0x00, 0x07, 0xFB, 0xF8, 0x01, 0xFF, 0xFF,
  0xC0, 0x3E, 0x1E, 0x1E, 0x07, 0x81, 0x80, 0xF0, 0x70, 0x18, 0x07, 0x0F,
  0x01, 0x80, 0x70, 0xE0, 0x18, 0x07, 0x0E, 0x01, 0x80, 0x70, 0xE0, 0x18,
  0x07, 0x0E, 0x01, 0x80, 0x70, 0xE0, 0x18, 0x07, 0x0E, 0x01, 0x80, 0x70,
  0xE0, 0x18, 0x07, 0x0E, 0x01, 0x80, 0x70, 0xE0, 0x18, 0x07, 0x00, 0x00,
  0x00, 0x70, 0x00, 0x00, 0x07, 0x00, 0x00, 0x00, 0x70, 0x00, 0x00, 0x07,
  0x00, 0x00, 0x00, 0x70, 0x00, 0x03, 0xFF, 0xE0, 0x00, 0x7F, 0xFF, 0x00,
  0x07, 0x00, 0x70, 0x00, 0x60, 0x03, 0x00, 0x04, 0x00, 0x10, 0x07, 0xFD,
  0xFC, 0x00, 0x3F, 0xFF, 0xFC, 0x00, 0xF8, 0x78, 0x3C, 0x03, 0xC0, 0xE0,
  0x38, 0x07, 0x01, 0xC0, 0x70, 0x1E, 0x03, 0x80, 0x70, 0x38, 0x07, 0x00,
  0xE0, 0x70, 0x0E, 0x01, 0xC0, 0xE0, 0x1C, 0x03, 0x81, 0xC0, 0x38, 0x07,
  0x03, 0x80, 0x70, 0x0E, 0x07, 0x00, 0xE0, 0x1C, 0x0E, 0x01, 0xC0, 0x38,
  0x1C, 0x03, 0x80, 0x70, 0x3F, 0x87, 0xF0, 0xFE, 0x7F, 0x8F, 0xF1, 0xFE,
  0xE3, 0x9C, 0x73, 0x8F, 0xC7, 0x38, 0xE7, 0x1F, 0x8E, 0x71, 0xCE, 0x3F,
  0x38, 0xE7, 0x1C, 0xEF, 0xF1, 0xFE, 0x3F, 0xDF, 0x83, 0xF0, 0x7E, 0x00,
  0x07, 0xFD, 0xFC, 0x00, 0x3F, 0xFF, 0xFC, 0x00, 0xF8, 0x78, 0x3C, 0x03,
  0xC0, 0xE0, 0x38, 0x07, 0x01, 0xC0, 0x70, 0x1E, 0x03, 0x80, 0x7F, 0x38,
  0x07, 0x00, 0xFE, 0x70, 0x0E, 0x01, 0xCE, 0xE0, 0x1C, 0x03, 0x9D, 0xC0,
  0x38, 0x07, 0x1B, 0x80, 0x70, 0x0E, 0x07, 0x00, 0xE0, 0x1C, 0x0E, 0x01,
  0xC0, 0x38, 0x1C, 0x03, 0x80, 0x70, 0x3F, 0x87, 0xF0, 0xFE, 0x7F, 0x8F,
  0xF1, 0xFE, 0xE3, 0x9C, 0x73, 0x8F, 0xC7, 0x38, 0xE7, 0x1F, 0x8E, 0x71,
  0xCE, 0x3F, 0x38, 0xE7, 0x1C, 0xEF, 0xF1, 0xFE, 0x3F, 0xDF, 0x83, 0xF0,
  0x7E, 0x00, 0x07, 0xFD, 0xFC, 0x00, 0x3F, 0xFF, 0xFC, 0x00, 0xF8, 0x78,
  0x3C, 0x03, 0xC0, 0xE0, 0x38, 0x07, 0x01, 0xC0, 0x70, 0x1E, 0x03, 0x80,
  0x70, 0x38, 0x07, 0x00, 0xE0, 0x70, 0x0E, 0x01, 0xC0, 0xE0, 0x1C, 0x03,
  0x81, 0xC0, 0x38, 0x07, 0x03, 0x80, 0x70, 0x0E, 0x07, 0x00, 0xE0, 0x1C,
  0x0E, 0x01, 0xC0, 0x38, 0x1C, 0x03, 0x80, 0x70, 0x3F, 0x87, 0xF0, 0xE0,
  0x7F, 0x8F, 0xF1, 0xC0, 0xE3, 0x9C, 0x73, 0x81, 0xC7, 0x38, 0xE7, 0x03,
  0x8E, 0x71, 0xCE, 0x07, 0x38, 0xE7, 0x1C, 0x0F, 0xF1, 0xFE, 0x3F, 0xDF,
  0x83, 0xF0, 0x7F, 0x80, 0x00, 0x00, 0x03, 0x80, 0x00, 0x00, 0x07, 0x00,
  0x00, 0x00, 0x02, 0x07, 0xFD, 0xFC, 0x00, 0x3F, 0xFF, 0xFC, 0x00, 0xF8,
  0x78, 0x3C, 0x03, 0xC0, 0xE0, 0x38, 0x07, 0x01, 0xC0, 0x70, 0x1E, 0x03,
  0x80, 0x70, 0x3F, 0x07, 0xE0, 0xE0, 0x7F, 0x8F, 0xF1, 0xC0, 0xEF, 0x1D,
  0xE3, 0x81, 0xC7, 0x38, 0xE7, 0x03, 0x8E, 0x71, 0xCE, 0x07, 0x1C, 0xE3,
  0x9C, 0x0F, 0xF1, 0xFE, 0x38, 0x1F, 0xC3, 0xF8, 0x70, 0x3C, 0x07, 0x80,
  0xFE, 0x00, 0x00, 0x01, 0xFE, 0x00, 0x00, 0x03, 0x8E, 0x00, 0x00, 0x07,
  0x1C, 0x00, 0x00, 0x0E, 0x38, 0x00, 0x00, 0x1C, 0xE0, 0x00, 0x00, 0x3F,
  0xC0, 0x00, 0x00, 0x7E, 0x00, 0x07, 0xFD, 0xFC, 0x00, 0x01, 0xFF, 0xFF,
  0xE0, 0x00, 0x3E, 0x1E, 0x0F, 0x00, 0x07, 0x81, 0xC0, 0x70, 0x00, 0x70,
  0x1C, 0x07, 0x00, 0x0F, 0x01, 0xC0, 0x38, 0x30, 0xE0, 0x1C, 0x03, 0xFF,
  0xEE, 0x01, 0xC0, 0x3F, 0xEE, 0xE0, 0x1C, 0x03, 0xF8, 0x7E, 0x01, 0xC0,
  0x39, 0x87, 0xE0, 0x1C, 0x03, 0x9C, 0xEE, 0x01, 0xC0, 0x39, 0xFE, 0xE0,
  0x1C, 0x03, 0x87, 0x8E, 0x01, 0xC0, 0x38, 0x00, 0xFE, 0x1F, 0xC3, 0xF8,
  0x0F, 0xF1, 0xFE, 0x3F, 0xC0, 0xE3, 0x9C, 0x73, 0x8E, 0x0E, 0x39, 0xC7,
  0x38, 0xE0, 0xE3, 0x9C, 0x73, 0x8E, 0x0E, 0x71, 0xCE, 0x39, 0xC0, 0xFF,
  0x1F, 0xE3, 0xFC, 0x0F, 0xC1, 0xF8, 0x3F, 0x00, 0x07, 0xFD, 0xFE, 0x00,
  0x1F, 0xFF, 0xFF, 0x00, 0x3E, 0x1F, 0x0F, 0x80, 0x78, 0x1C, 0x03, 0x80,
  0x70, 0x1C, 0x01, 0xC0, 0xF0, 0x1C, 0x01, 0xC0, 0xF8, 0x1C, 0x01, 0xF8,
  0xFF, 0x1C, 0x01, 0xFE, 0xFF, 0x1C, 0x01, 0xCF, 0xE3, 0x9F, 0x81, 0xC7,
  0xE3, 0x9F, 0x81, 0xC7, 0xE3, 0x83, 0x81, 0xC7, 0xEF, 0x03, 0x81, 0xFE,
  0xFE, 0x03, 0x81, 0xFC, 0xF8, 0x03, 0xF9, 0xE0, 0x00, 0x03, 0xFC, 0x00,
  0x00, 0x03, 0x8E, 0x00, 0x00, 0x03, 0x8E, 0x00, 0x00, 0x03, 0x8E, 0x00,
  0x00, 0x03, 0x9C, 0x00, 0x00, 0x03, 0xFC, 0x00, 0x00, 0x03, 0xF0, 0x00,
  0x07, 0xFD, 0xFC, 0x00, 0x3F, 0xFF, 0xFC, 0x00, 0xF8, 0x78, 0x3C, 0x03,
  0xC0, 0xE0, 0x38, 0x07, 0x01, 0xC0, 0x70, 0x1E, 0x03, 0x80, 0x70, 0x38,
  0x07, 0xE0, 0xFC, 0x70, 0x0F, 0xF1, 0xFE, 0xE0, 0x1D, 0xE3, 0xBD, 0xC0,
  0x38, 0xE7, 0x1F, 0x80, 0x71, 0xCE, 0x3F, 0x00, 0xE3, 0x9C, 0x7E, 0x01,
  0xFE, 0x3F, 0xDC, 0x03, 0xF8, 0x7F, 0x3F, 0x87, 0x80, 0xF0, 0x7F, 0x80,
  0x00, 0x00, 0xE3, 0x80, 0x00, 0x01, 0xC7, 0x00, 0x00, 0x03, 0x8E, 0x00,
  0x00, 0x07, 0x38, 0x00, 0x00, 0x0F, 0xF0, 0x00, 0x00, 0x1F, 0x80, 0x00,
  0x00, 0x00, 0x07, 0xFD, 0xFC, 0x00, 0x7F, 0xFF, 0xF8, 0x03, 0xE1, 0xE0,
  0xF0, 0x1E, 0x07, 0x01, 0xC0, 0x70, 0x1C, 0x07, 0x03, 0xC0, 0x70, 0x0E,
  0x0F, 0xC1, 0xF8, 0x38, 0x3F, 0xC7, 0xF8, 0xE0, 0xEF, 0x1D, 0xE3, 0x83,
  0x8E, 0x71, 0xCE, 0x0E, 0x39, 0xC7, 0x38, 0x38, 0xE7, 0x1C, 0xE0, 0xFF,
  0x1F, 0xE3, 0x83, 0xF8, 0x7F, 0x0E, 0x0F, 0x01, 0xE0, 0x38, 0x00, 0x00,
  0x00, 0xE0, 0x00, 0x00, 0x03, 0x80, 0x00, 0x00, 0x0E, 0x00, 0x00, 0x00,
  0x38, 0x00, 0x00, 0x00, 0xE0, 0x00, 0x07, 0xFF, 0xFC, 0x00, 0x1F, 0xFF,
  0xF0, 0x00, 0x70, 0x01, 0xC0, 0x01, 0x80, 0x03, 0x00, 0x04, 0x00, 0x04,
  0x03, 0x80, 0x07, 0x00, 0x0E, 0x00, 0x1E, 0x00, 0xFF, 0x03, 0xDE, 0x0E,
  0x0E, 0x1C, 0x1C, 0x38, 0x38, 0x70, 0x70, 0xE0, 0xE0, 0xF3, 0x80, 0xFE,
  0x00, 0x78, 0x01, 0xF0, 0x07, 0xF8, 0x1C, 0xF8, 0x70, 0x79, 0xC0, 0x73,
  0x80, 0x7E, 0x00, 0xFC, 0x01, 0xF8, 0x03, 0xF0, 0x07, 0x03, 0x80, 0x00,
  0x1C, 0x00, 0x00, 0xE0, 0x00, 0x07, 0x80, 0x00, 0xFF, 0x00, 0x0F, 0x78,
  0x00, 0xE0, 0xE0, 0x07, 0x07, 0x00, 0x38, 0x38, 0x01, 0xC1, 0xC0, 0x0E,
  0x0E, 0x00, 0x3C, 0xE0, 0x00, 0xFE, 0x00, 0x01, 0xE0, 0x00, 0x1F, 0x00,
  0x01, 0xFE, 0x00, 0x1C, 0xF8, 0x01, 0xC1, 0xFF, 0x9C, 0x07, 0xFE, 0xE0,
  0x1C, 0x7E, 0x00, 0xE1, 0xF0, 0x07, 0x0F, 0x80, 0x38, 0x1C, 0x01, 0xC0,
  0x03, 0x80, 0x00, 0x1C, 0x00, 0x00, 0xE0, 0x00, 0x07, 0x80, 0x00, 0xFF,
  0x00, 0x0F, 0x78, 0x00, 0xE0, 0xE0, 0x07, 0x07, 0x00, 0x38, 0x38, 0x01,
  0xC1, 0xC0, 0x0E, 0x0E, 0x00, 0x3C, 0xE0, 0x00, 0xFE, 0x00, 0x01, 0xE0,
  0x00, 0x1F, 0x00, 0x01, 0xFE, 0x00, 0x1C, 0xF8, 0x01, 0xC1, 0xE0, 0x1C,
  0x07, 0x00, 0xE0, 0x1C, 0x3E, 0x00, 0xE3, 0xF0, 0x07, 0x1F, 0x80, 0x3F,
  0xDC, 0x01, 0xFE, 0x00, 0x00, 0x38, 0x00, 0x01, 0xC0, 0x00, 0x02, 0x03,
  0x80, 0x07, 0x00, 0x0E, 0x00, 0x3E, 0x01, 0xFE, 0x07, 0x9E, 0x0E, 0x1E,
  0x18, 0x1C, 0x30, 0x38, 0x70, 0x70, 0xE1, 0xC0, 0xE7, 0x80, 0xFE, 0x00,
  0xF8, 0x03, 0xE0, 0x0F, 0xF0, 0x3C, 0xF8, 0xF0, 0x71, 0xC0, 0x77, 0x00,
  0xEE, 0x00, 0xE0, 0x01, 0xC0, 0x03, 0x80, 0x07, 0x03, 0x80, 0x00, 0x1C,
  0x00, 0x00, 0xE0, 0x00, 0x07, 0x80, 0x00, 0xFF, 0x00, 0x0F, 0x78, 0x00,
  0xE0, 0xE0, 0x07, 0x07, 0x00, 0x38, 0x38, 0x01, 0xC1, 0xC0, 0x0E, 0x0E,
  0x00, 0x3C, 0xE0, 0x00, 0xFE, 0x00, 0x01, 0xE0, 0x00, 0x1E, 0x00, 0x01,
  0xFC, 0x00, 0x1C, 0xF8, 0xC1, 0xC1, 0xFF, 0x9C, 0x07, 0xFE, 0xE0, 0x1C,
  0x3E, 0x00, 0xE1, 0xF0, 0x03, 0x0F, 0x80, 0x1F, 0xFC, 0x00, 0x7E, 0x00,
  0x00, 0xC0, 0x03, 0x80, 0x00, 0x70, 0x00, 0x0E, 0x00, 0x01, 0xE0, 0x00,
  0xFF, 0x00, 0x3D, 0xE0, 0x0E, 0x0E, 0x01, 0xC1, 0xFE, 0x38, 0x3F, 0xC7,
  0x07, 0x18, 0xE0, 0xE3, 0x8F, 0x38, 0x30, 0xFE, 0x00, 0x07, 0x80, 0x01,
  0xF0, 0x00, 0x7F, 0x80, 0x1C, 0xF8, 0x07, 0x07, 0x81, 0xC0, 0x70, 0x38,
  0x07, 0x0E, 0x00, 0xE1, 0xC0, 0x1C, 0x38, 0x03, 0x87, 0x00, 0x70, 0x03,
  0x80, 0x07, 0x00, 0x0E, 0x00, 0x1E, 0x00, 0xFF, 0x03, 0xDE, 0x0E, 0x0E,
  0x1C, 0x1C, 0x38, 0x38, 0x70, 0x70, 0xE0, 0xE0, 0xF3, 0x80, 0xFE, 0x00,
  0x78, 0x01, 0xE0, 0x07, 0xF8, 0x1C, 0xF8, 0x70, 0x79, 0xC0, 0x73, 0x80,
  0x7E, 0x00, 0x1C, 0x00, 0x38, 0x00, 0x70, 0x00, 0x03, 0x80, 0x00, 0x38,
  0x00, 0x03, 0x80, 0x00, 0x7C, 0x00, 0x1F, 0xE0, 0x03, 0xCF, 0x00, 0x38,
  0x78, 0x03, 0x03, 0x80, 0x30, 0x38, 0x03, 0x83, 0x80, 0x38, 0x70, 0x01,
  0xCF, 0x00, 0x0F, 0xE0, 0x00, 0x7C, 0x00, 0x0F, 0x80, 0x01, 0xFE, 0x00,
  0x3C, 0xF8, 0x07, 0x83, 0x80, 0x70, 0x1C, 0x0E, 0x01, 0xC0, 0xE0, 0x0E,
  0x00, 0x00, 0xE0, 0x07, 0xFF, 0xE0, 0x7F, 0xFE, 0x07, 0x00, 0x60, 0x60,
  0x07, 0x08, 0x00, 0x10, 0x03, 0x80, 0x1F, 0xC0, 0x7F, 0xC1, 0xC1, 0xC3,
  0x83, 0x87, 0x07, 0x0E, 0x0E, 0x1C, 0x1C, 0x1C, 0x70, 0x1F, 0xC0, 0x1F,
  0x00, 0x3C, 0x00, 0xFE, 0x03, 0x9E, 0x0E, 0x0E, 0x3C, 0x0E, 0x70, 0x1C,
  0xE0, 0x1F, 0x80, 0x3F, 0x00, 0x7E, 0x00, 0xFC, 0x01, 0xF8, 0x03, 0x80,
  0x03, 0x80, 0x00, 0x7F, 0x00, 0x07, 0xFC, 0x00, 0x70, 0x70, 0x03, 0x83,
  0x80, 0x1C, 0x1C, 0x00, 0xE0, 0xE0, 0x07, 0x07, 0x00, 0x1C, 0x70, 0x00,
  0x7F, 0x00, 0x01, 0xF0, 0x00, 0x0F, 0x00, 0x00, 0xFE, 0x00, 0x0E, 0x78,
  0x00, 0xE0, 0xE0, 0x0F, 0x03, 0x80, 0x70, 0x1F, 0xF3, 0x80, 0x7F, 0xB8,
  0x03, 0xFD, 0xC0, 0x1C, 0x6E, 0x00, 0xE3, 0xF0, 0x07, 0x03, 0x80, 0x38,
  0x00, 0x03, 0x80, 0x00, 0x7F, 0x00, 0x07, 0xFC, 0x00, 0x70, 0x70, 0x03,
  0x83, 0x80, 0x1C, 0x1C, 0x00, 0xE0, 0xE0, 0x07, 0x07, 0x00, 0x1C, 0x70,
  0x00, 0x7F, 0x00, 0x01, 0xF0, 0x00, 0x0F, 0x00, 0x00, 0xFE, 0x00, 0x0E,
  0x78, 0x00, 0xE0, 0xE0, 0x0F, 0x03, 0x80, 0x70, 0x1C, 0x03, 0x80, 0x70,
  0x38, 0x03, 0x87, 0xC0, 0x1C, 0x7E, 0x00, 0xE3, 0xF0, 0x07, 0xFB, 0x80,
  0x3F, 0xC0, 0x00, 0x07, 0x00, 0x00, 0x18, 0x00, 0x00, 0x40, 0x03, 0x80,
  0x1F, 0xC0, 0x7F, 0xC1, 0xC3, 0xC3, 0x83, 0x86, 0x07, 0x0E, 0x0E, 0x1C,
  0x38, 0x1C, 0x70, 0x3F, 0xC0, 0x1F, 0x00, 0x3C, 0x01, 0xFE, 0x07, 0x9E,
  0x0E, 0x1E, 0x38, 0x1E, 0x70, 0x1D, 0xC0, 0x3B, 0x80, 0x38, 0x00, 0x70,
  0x00, 0xE0, 0x01, 0xC0, 0x03, 0x80, 0x03, 0x80, 0x00, 0x7F, 0x00, 0x07,
  0xFC, 0x00, 0x70, 0x70, 0x03, 0x83, 0x80, 0x1C, 0x1C, 0x00, 0xE0, 0xE0,
  0x07, 0x07, 0x00, 0x1C, 0x70, 0x00, 0x7F, 0x00, 0x01, 0xF0, 0x00, 0x0F,
  0x00, 0x00, 0xFE, 0x00, 0x0E, 0x78, 0x00, 0xE0, 0xE0, 0x0F, 0x07, 0x18,
  0x70, 0x1F, 0xF3, 0x80, 0xFF, 0xF8, 0x03, 0x87, 0xC0, 0x1C, 0x3E, 0x00,
  0xE1, 0xF0, 0x03, 0xFF, 0x80, 0x0F, 0xC0, 0x00, 0x18, 0x03, 0x80, 0x01,
  0xFC, 0x00, 0x7F, 0xC0, 0x1C, 0x1C, 0x03, 0x83, 0xFC, 0x70, 0x7F, 0x8E,
  0x0E, 0x71, 0xC1, 0xC6, 0x1C, 0x70, 0x61, 0xFC, 0x00, 0x1F, 0x00, 0x03,
  0xC0, 0x00, 0xFE, 0x00, 0x39, 0xE0, 0x0E, 0x0E, 0x03, 0xC0, 0xE0, 0x70,
  0x1C, 0x0E, 0x01, 0xC3, 0x80, 0x38, 0x70, 0x07, 0x0E, 0x00, 0xE1, 0xC0,
  0x1C, 0x38, 0x03, 0x80, 0x03, 0x80, 0x1F, 0xC0, 0x7F, 0xC1, 0xC1, 0xC3,
  0x83, 0x87, 0x07, 0x0E, 0x0E, 0x1C, 0x1C, 0x1C, 0x70, 0x1F, 0xC0, 0x1F,
  0x00, 0x3C, 0x00, 0xFE, 0x03, 0x9E, 0x0E, 0x0E, 0x3C, 0x0E, 0x70, 0x1C,
  0xE0, 0x1F, 0x80, 0x3F, 0x00, 0x0E, 0x00, 0x1C, 0x00, 0x38, 0x00, 0x00,
  0x03, 0x80, 0x00, 0x7F, 0x00, 0x07, 0xFC, 0x00, 0x70, 0xF0, 0x03, 0x83,
  0x80, 0x18, 0x1C, 0x00, 0xE0, 0xE0, 0x07, 0x0E, 0x00, 0x1C, 0x70, 0x00,
  0xFF, 0x00, 0x01, 0xF0, 0x00, 0x0F, 0x00, 0x01, 0xFE, 0x00, 0x1E, 0x78,
  0x00, 0xE1, 0xE0, 0x0E, 0x07, 0x80, 0x70, 0x1C, 0x07, 0x00, 0xE0, 0x38,
  0x03, 0x80, 0x00, 0x1C, 0x00, 0x00, 0xE0, 0x01, 0xFF, 0xF8, 0x0F, 0xFF,
  0xC0, 0x60, 0x0E, 0x07, 0x00, 0x30, 0x20, 0x00, 0xC0, 0x07, 0x80, 0x3F,
  0xE0, 0xFF, 0xE3, 0xC1, 0xC7, 0x01, 0xCC, 0x03, 0xB8, 0x07, 0x70, 0x07,
  0xE0, 0x0F, 0xC0, 0x1F, 0x80, 0x3F, 0xFF, 0xFF, 0xFF, 0xFC, 0x01, 0xF8,
  0x03, 0xF0, 0x07, 0xE0, 0x0D, 0xC0, 0x39, 0xC0, 0x73, 0x80, 0xE7, 0xC7,
  0x87, 0xFE, 0x03, 0xF8, 0x00, 0x07, 0x80, 0x00, 0xFF, 0x80, 0x0F, 0xFE,
  0x00, 0xF0, 0x70, 0x07, 0x01, 0xC0, 0x30, 0x0E, 0x03, 0x80, 0x70, 0x1C,
  0x01, 0xC0, 0xE0, 0x0E, 0x07, 0x00, 0x70, 0x38, 0x03, 0x81, 0xFF, 0xFF,
  0xEF, 0xFF, 0xFF, 0x70, 0x07, 0x3B, 0x80, 0x38, 0xDC, 0x01, 0xC1, 0xE0,
  0x0C, 0x07, 0x00, 0xE0, 0x1C, 0x07, 0x00, 0xE0, 0x38, 0x07, 0xC7, 0x80,
  0x1F, 0xF8, 0x00, 0x3F, 0x80, 0x00, 0x07, 0x80, 0x1F, 0xE0, 0x3D, 0xF0,
  0x70, 0x70, 0x60, 0x70, 0xE0, 0x38, 0xFF, 0xF8, 0xFF, 0xF8, 0xE0, 0x70,
  0x60, 0x70, 0x70, 0xF0, 0x78, 0xE0, 0x3F, 0xE0, 0x0F, 0xC0, 0x01, 0xC0,
  0x03, 0x80, 0x03, 0x80, 0x03, 0x00, 0x07, 0x03, 0x07, 0x06, 0x07, 0x0E,
  0x07, 0xFE, 0x0F, 0xFE, 0x00, 0x06, 0x00, 0x07, 0x00, 0x03, 0x07, 0x80,
  0xFF, 0x0F, 0x7C, 0xE0, 0xE6, 0x07, 0x70, 0x1F, 0xFF, 0xFF, 0xFF, 0xE0,
  0x73, 0x03, 0x9C, 0x3C, 0xF1, 0xC3, 0xFE, 0x07, 0xE0, 0x07, 0x00, 0x70,
  0x03, 0x80, 0x18, 0x01, 0xC0, 0x0E, 0x00, 0x70, 0x03, 0x80, 0x38, 0x00,
  0x07, 0x80, 0x1F, 0xE0, 0x3D, 0xF0, 0x70, 0x70, 0x60, 0x70, 0xE0, 0x38,
  0xFF, 0xF8, 0xFF, 0xF8, 0xE0, 0x70, 0x60, 0x70, 0x70, 0xF0, 0x78, 0xE0,
  0x3F, 0xE0, 0x0F, 0xC0, 0x01, 0xC0, 0x03, 0xFC, 0x03, 0xFE, 0x03, 0x0E,
  0x07, 0x07, 0x07, 0x07, 0x07, 0x0E, 0x07, 0xFE, 0x0F, 0xF8, 0x03, 0x80,
  0x07, 0x00, 0x0E, 0x00, 0x1C, 0x00, 0x38, 0x03, 0xFC, 0x0F, 0xFE, 0x3C,
  0x1C, 0x70, 0x1C, 0xC0, 0x3B, 0x80, 0x77, 0x00, 0x7E, 0x00, 0xFF, 0xFF,
  0xFF, 0xFF, 0xF0, 0x07, 0xE0, 0x0F, 0xC0, 0x1B, 0x80, 0x73, 0x80, 0xE7,
  0x01, 0xCF, 0x8F, 0x0F, 0xFC, 0x07, 0xF0, 0x01, 0xC0, 0x1F, 0xC0, 0xF7,
  0x87, 0x07, 0x1C, 0x1C, 0x7F, 0xF1, 0xFF, 0xC7, 0x07, 0x0E, 0x18, 0x3C,
  0xE0, 0x7F, 0x00, 0x78, 0x07, 0xC0, 0x3C, 0x01, 0xE0, 0x0F, 0x00, 0x38,
  0x01, 0xC0, 0x07, 0x00, 0x1C, 0x00, 0xE0, 0x03, 0x80, 0x0E, 0x00, 0x00,
  0x00, 0x1C, 0x00, 0x1F, 0xCC, 0x0F, 0x79, 0x87, 0x0E, 0x71, 0xC1, 0xDF,
  0xFF, 0xF7, 0xFF, 0xFD, 0xC7, 0x06, 0x61, 0xC3, 0xB0, 0x39, 0xE0, 0x07,
  0xF0, 0x00, 0xF8, 0x00, 0x78, 0x00, 0x3C, 0x00, 0x1C, 0x00, 0x0E, 0x00,
  0x07, 0x00, 0x01, 0xC0, 0x00, 0x60, 0x00, 0x38, 0x00, 0x0E, 0x00, 0x03,
  0x80, 0x00, 0xE0, 0x00, 0x00, 0x18, 0x00, 0x06, 0x00, 0x03, 0x80, 0x00,
  0xE0, 0x00, 0x38, 0x00, 0x0E, 0x00, 0x07, 0x00, 0x01, 0xC0, 0x00, 0xE0,
  0x00, 0x70, 0x00, 0x78, 0x00, 0x7C, 0x00, 0x3F, 0x00, 0x1F, 0xE0, 0x0E,
  0x1C, 0x03, 0x87, 0x00, 0xC0, 0xE0, 0x30, 0x38, 0x0C, 0x0C, 0x0F, 0x87,
  0x07, 0xF3, 0x81, 0xDF, 0xFF, 0xF3, 0xFF, 0xFC, 0x00, 0x07, 0x00, 0x00,
  0xC0, 0x00, 0x10, 0x00, 0x38, 0x00, 0x1C, 0x00, 0x0E, 0x00, 0x0E, 0x00,
  0x0E, 0x00, 0x1E, 0x00, 0x7C, 0x00, 0xFF, 0x00, 0xFF, 0xC0, 0x70, 0xE0,
  0x38, 0x70, 0x18, 0x18, 0x0C, 0x0C, 0x07, 0x0E, 0x0F, 0x87, 0x0D, 0xFF,
  0x0E, 0x7F, 0xFF, 0x0F, 0xFF, 0x8F, 0x01, 0xC7, 0x00, 0x67, 0x00, 0x0B,
  0x80, 0x01, 0xC0, 0x01, 0xC0, 0x00, 0x00, 0x38, 0x00, 0x0E, 0x00, 0x03,
  0x80, 0x00, 0xE0, 0x00, 0x38, 0x00, 0x1C, 0x00, 0x07, 0x00, 0x03, 0x80,
  0x01, 0xE0, 0x00, 0xF0, 0x00, 0xF8, 0x00, 0x78, 0x00, 0x3F, 0x00, 0x1D,
  0xE0, 0x0E, 0x1C, 0x03, 0x87, 0x07, 0xC0, 0xC1, 0xF0, 0x30, 0x7C, 0x0C,
  0x1F, 0x87, 0x0E, 0xF3, 0xCF, 0x9F, 0xFF, 0xC3, 0xFF, 0xC0, 0x00, 0x38,
  0x00, 0x1C, 0x00, 0x0E, 0x00, 0x0E, 0x00, 0x0E, 0x00, 0x1E, 0x00, 0x7C,
  0x00, 0xFE, 0x00, 0xFF, 0x80, 0x70, 0xE0, 0x38, 0x70, 0x18, 0x38, 0x0C,
  0x1C, 0x07, 0x0E, 0x03, 0x87, 0x01, 0xFF, 0xFE, 0x7F, 0xFF, 0x00, 0xE1,
  0xC0, 0x70, 0xE0, 0x38, 0x30, 0x1C, 0x00, 0x0E, 0x00, 0x07, 0x00, 0x03,
  0x80, 0x00, 0x38, 0x00, 0x03, 0x80, 0x00, 0x38, 0x00, 0x03, 0x80, 0x00,
  0x38, 0x00, 0x07, 0x00, 0x00, 0x70, 0x00, 0x0E, 0x00, 0x01, 0xE0, 0x00,
  0x3C, 0x00, 0x0F, 0x80, 0x01, 0xE0, 0x00, 0x3F, 0x00, 0x07, 0x78, 0x00,
  0xE1, 0xC0, 0x0E, 0x1C, 0x00, 0xC0, 0xC7, 0xEC, 0x0C, 0xFF, 0xC0, 0xDC,
  0x3E, 0x1D, 0xC3, 0xF3, 0xFC, 0x77, 0xFF, 0xFF, 0x3E, 0x07, 0xC0, 0x07,
  0xFF, 0x0F, 0xFF, 0x8F, 0x00, 0xEF, 0x00, 0x37, 0x00, 0x07, 0x00, 0x03,
  0x80, 0x01, 0xFC, 0x00, 0xFF, 0x80, 0x71, 0xE0, 0x38, 0x70, 0x1C, 0x38,
  0x0F, 0x0E, 0x03, 0x87, 0x01, 0xFF, 0xFC, 0x7F, 0xFE, 0x07, 0xFF, 0x80,
  0x71, 0xC0, 0x38, 0x60, 0x1C, 0x00, 0x0E, 0x00, 0x07, 0x00, 0x07, 0xFE,
  0x07, 0xFF, 0xC1, 0xF8, 0x70, 0xEE, 0x1C, 0x73, 0x87, 0x1C, 0xF1, 0xC7,
  0x1F, 0xE1, 0x83, 0xF0, 0xE0, 0x00, 0x38, 0x00, 0x0E, 0x00, 0x03, 0x80,
  0x00, 0xE0, 0x00, 0x38, 0x00, 0x0F, 0xF8, 0x03, 0xFF, 0x00, 0xE1, 0xC0,
  0x38, 0x70, 0x3E, 0x1C, 0x1F, 0x8F, 0x07, 0xFF, 0xFF, 0xBF, 0xFF, 0xE0,
  0x00, 0x1C, 0x00, 0x07, 0x00, 0x00, 0x40, 0x00, 0x70, 0x00, 0x0E, 0x00,
  0x03, 0xC0, 0x00, 0xF0, 0x00, 0x3C, 0x00, 0x1F, 0x00, 0x0F, 0x80, 0x03,
  0xFC, 0x00, 0xF3, 0xC0, 0x1C, 0x1C, 0x03, 0x83, 0x80, 0x70, 0x70, 0x0F,
  0x8E, 0x00, 0xFF, 0xFF, 0x87, 0xFF, 0xF0, 0x07, 0x0E, 0x00, 0xE0, 0xC0,
  0x1C, 0x08, 0x03, 0x80, 0x00, 0x70, 0x03, 0xFF, 0xFC, 0xFF, 0xFF, 0x9C,
  0x00, 0x73, 0x00, 0x06, 0x40, 0x00, 0x60, 0x7F, 0xFF, 0x9F, 0xFF, 0xF7,
  0x0E, 0x1D, 0x83, 0x83, 0x80, 0xE0, 0x00, 0x38, 0x00, 0x0E, 0x00, 0x03,
  0x80, 0x00, 0xE0, 0x00, 0x38, 0x00, 0x0E, 0x00, 0x03, 0x80, 0x00, 0xE0,
  0x00, 0x38, 0x00, 0x0E, 0x00, 0x03, 0x80, 0x00, 0xE0, 0x00, 0x38, 0x00,
  0x0E, 0x00, 0x03, 0x80, 0x00, 0xE0, 0x00, 0x38, 0x00, 0x7F, 0xFF, 0x9F,
  0xFF, 0xF7, 0x0E, 0x1D, 0x83, 0x83, 0x80, 0xE0, 0x00, 0x38, 0x00, 0x0E,
  0x00, 0x03, 0x80, 0x00, 0xE1, 0x80, 0x38, 0xE0, 0x0E, 0x38, 0x03, 0xFE,
  0x00, 0xFF, 0x80, 0x38, 0xE0, 0x0E, 0x18, 0x03, 0x82, 0x00, 0xE0, 0x00,
  0x38, 0x00, 0x0E, 0x00, 0x03, 0x80, 0x00, 0xE0, 0x00, 0x38, 0x00, 0x7F,
  0xFF, 0x9F, 0xFF, 0xF7, 0x0E, 0x1D, 0x83, 0x83, 0x80, 0xE0, 0x00, 0x38,
  0x00, 0x0E, 0x00, 0x03, 0x80, 0x00, 0xE0, 0x00, 0x38, 0x00, 0x0E, 0x00,
  0x03, 0x80, 0x00, 0xE0, 0x00, 0x38, 0x00, 0x0E, 0x00, 0x03, 0x80, 0x00,
  0xE0, 0x00, 0x38, 0x60, 0x0E, 0x38, 0x03, 0x8E, 0x00, 0xFF, 0x00, 0x3F,
  0xC0, 0x00, 0x38, 0x00, 0x0E, 0x00, 0x00, 0x80, 0x3F, 0xFF, 0xCF, 0xFF,
  0xF9, 0xC1, 0x87, 0x30, 0x30, 0x60, 0x06, 0x02, 0x00, 0xC0, 0x00, 0x18,
  0x00, 0x03, 0x00, 0x00, 0x60, 0x00, 0x0C, 0x00, 0x01, 0x80, 0x00, 0x30,
  0x00, 0x06, 0x00, 0x00, 0xC0, 0x00, 0x18, 0x00, 0x03, 0x00, 0x00, 0xE0,
  0x00, 0x1C, 0x00, 0x03, 0x80, 0x01, 0xE0, 0x07, 0xF8, 0x00, 0xFE, 0x00,
  0x1C, 0x00, 0x03, 0x00, 0x00, 0xC0, 0x00, 0x00, 0x7F, 0xFF, 0x9F, 0xFF,
  0xF7, 0x0E, 0x1D, 0x83, 0x83, 0x80, 0xE0, 0x00, 0x38, 0x00, 0x0E, 0x00,
  0x03, 0x80, 0x00, 0xE0, 0x00, 0x38, 0x00, 0x0E, 0x00, 0x03, 0x80, 0x00,
  0xE0, 0x00, 0x38, 0x00, 0x0F, 0xF0, 0x03, 0xFE, 0x00, 0xE1, 0xC0, 0x38,
  0x70, 0x0E, 0x1C, 0x03, 0x8F, 0x00, 0xFF, 0x80, 0x3F, 0xC0, 0x7F, 0xFF,
  0x9F, 0xFF, 0xF7, 0x0E, 0x1D, 0x83, 0x83, 0x80, 0xE0, 0x00, 0x38, 0x00,
  0x0E, 0x00, 0x03, 0x80, 0x00, 0xFE, 0x00, 0x3F, 0x80, 0x00, 0xE0, 0x00,
  0x38, 0x00, 0x0E, 0x00, 0x03, 0x80, 0x00, 0xE0, 0x00, 0x38, 0x00, 0x0E,
  0x00, 0x03, 0x80, 0x00, 0xE0, 0x00, 0x38, 0x00, 0x0E, 0x00, 0x03, 0x80,
  0x3F, 0xFF, 0xCF, 0xFF, 0xF9, 0xC3, 0x87, 0x30, 0x70, 0x60, 0x0E, 0x02,
  0x01, 0xC0, 0x00, 0x78, 0x00, 0x0E, 0x00, 0x03, 0xC0, 0x00, 0xF0, 0x00,
  0x3C, 0x00, 0x0F, 0x00, 0x03, 0xC0, 0x00, 0x70, 0x00, 0x1C, 0x00, 0x07,
  0x80, 0x00, 0xE0, 0x00, 0x1C, 0x00, 0x03, 0x80, 0x00, 0x60, 0x00, 0x0C,
  0x00, 0x01, 0x80, 0x00, 0x00, 0x7F, 0xFF, 0x9F, 0xFF, 0xF7, 0x0E, 0x1D,
  0x83, 0x83, 0x80, 0xE0, 0x00, 0x38, 0x00, 0x0E, 0x00, 0x03, 0x80, 0x00,
  0xE0, 0x00, 0x38, 0x00, 0x0E, 0x00, 0x03, 0x80, 0x00, 0xE0, 0x00, 0x38,
  0x00, 0x0E, 0x00, 0x03, 0x80, 0x00, 0xE0, 0x00, 0x38, 0x00, 0x0E, 0x00,
  0x03, 0x80, 0x7F, 0xFF, 0x9F, 0xFF, 0xF7, 0x00, 0x1D, 0x80, 0x03, 0xC0,
  0x00, 0x40, 0x30, 0x00, 0x46, 0x00, 0x71, 0xC0, 0x18, 0x7F, 0xFE, 0x1F,
  0xFF, 0x80, 0x1C, 0x00, 0x07, 0x00, 0x03, 0x80, 0x00, 0xE0, 0x00, 0xF0,
  0x00, 0x78, 0x00, 0x3C, 0x00, 0x3E, 0x00, 0x1E, 0x00, 0x07, 0x00, 0x03,
  0x80, 0x00, 0xE0, 0x0C, 0x38, 0x07, 0x0E, 0x01, 0xC3, 0x80, 0x70, 0xE0,
  0x3C, 0x3E, 0x1E, 0x07, 0xFF, 0x00, 0xFF, 0x80, 0x0C, 0x00, 0x0C, 0x00,
  0x18, 0x00, 0x70, 0x00, 0x70, 0x01, 0xC0, 0x01, 0xFF, 0xFE, 0x00, 0x07,
  0xFF, 0xF8, 0x00, 0x00, 0x38, 0x00, 0x00, 0x00, 0xE0, 0x00, 0x00, 0xFF,
  0xFF, 0x00, 0x1F, 0xFF, 0xFF, 0x00, 0xFD, 0xC7, 0x1E, 0x07, 0x87, 0x1C,
  0x1C, 0x1C, 0x1C, 0x70, 0x70, 0xE0, 0x71, 0xC1, 0xC3, 0x81, 0xC6, 0x07,
  0x0E, 0x07, 0x1C, 0x38, 0x38, 0x1C, 0x70, 0xE0, 0xE0, 0x71, 0xFF, 0x81,
  0xC1, 0xC3, 0xFC, 0x07, 0x8F, 0x00, 0x70, 0x0F, 0xF8, 0x03, 0x80, 0x1F,
  0x80, 0x0E, 0x00, 0x00, 0x00, 0x38, 0x30, 0x00, 0x01, 0xC1, 0xC0, 0x00,
  0x07, 0x07, 0x00, 0x00, 0x1F, 0xF8, 0x00, 0x00, 0x7F, 0xE0, 0x00, 0x00,
  0x01, 0xC0, 0x00, 0x00, 0x07, 0x00, 0x00, 0x00, 0x04, 0x18, 0x00, 0x21,
  0x80, 0x1C, 0x38, 0x03, 0x07, 0xFF, 0xE0, 0xFF, 0xFC, 0x00, 0x70, 0x00,
  0x1C, 0x00, 0x03, 0x80, 0x00, 0xE0, 0x00, 0x3C, 0x00, 0x0F, 0x00, 0x07,
  0xC0, 0x01, 0xE0, 0x00, 0x7E, 0x00, 0x1D, 0xE0, 0x07, 0x0E, 0x00, 0xE1,
  0xC1, 0xD8, 0x18, 0x3B, 0x03, 0x07, 0x60, 0x60, 0xEE, 0x1C, 0x39, 0xE7,
  0x8F, 0x1F, 0xFF, 0xC1, 0xFF, 0xE0, 0xF1, 0xE3, 0xFC, 0x78, 0xFF, 0x1E,
  0x3D, 0xC3, 0x87, 0xFF, 0xF7, 0xF0, 0xFF, 0x0F, 0xF0, 0xF7, 0x07, 0xE0,
  0x70, 0x3B, 0x87, 0x83, 0x8E, 0x1C, 0x38, 0x38, 0xE3, 0x80, 0xE0, 0x38,
  0x03, 0x01, 0x80, 0x1C, 0x1C, 0x00, 0x71, 0xC0, 0x01, 0xDC, 0x07, 0x07,
  0xC1, 0xFC, 0x1C, 0x1F, 0xC1, 0xE0, 0xFE, 0x0F, 0x83, 0x80, 0xEE, 0x00,
  0x0E, 0x38, 0x00, 0xE0, 0xE0, 0x0E, 0x03, 0x80, 0xE0, 0x0E, 0x06, 0x1C,
  0x30, 0x71, 0xE1, 0xC7, 0x07, 0x07, 0x70, 0x38, 0x1C, 0xFF, 0xF7, 0x00,
  0x00, 0x0F, 0xFF, 0x70, 0xF1, 0xFE, 0x3F, 0xC7, 0xB8, 0x70, 0x00, 0x00,
  0x00, 0x00, 0x00, 0x00, 0x1E, 0x3F, 0xC7, 0xF8, 0xF7, 0x0E, 0xFF, 0xFF,
  0x00, 0x00, 0x1C, 0x3C, 0x3C, 0x3C, 0x00, 0x00, 0x1C, 0x3C, 0x3C, 0x3C,
  0xFF, 0xFF, 0xFF, 0x00, 0x18, 0x3C, 0x3C, 0x3C, 0x18, 0x00, 0x18, 0x3C,
  0x3C, 0x3C, 0x18, 0x00, 0xFF, 0xFF, 0xFF, 0x3C, 0x3C, 0x3C, 0x18, 0x00,
  0x00, 0xFF, 0xFF, 0xFF, 0x00, 0x00, 0x1C, 0x3C, 0x3C, 0x3C, 0x70, 0x03,
  0xC0, 0x0F, 0x00, 0x1C, 0x00, 0x00, 0x00, 0x0F, 0xF0, 0x3F, 0xC0, 0xFF,
  0x00, 0x03, 0xC0, 0x0F, 0x00, 0x3C, 0x00, 0x70, 0x00, 0xFF, 0xF7, 0x00,
  0x00, 0xFF, 0xF7, 0x00, 0x0F, 0xFF, 0x70, 0x03, 0xC0, 0x07, 0x80, 0x0F,
  0x07, 0x8E, 0xFF, 0x01, 0xFE, 0x03, 0xDC, 0x03, 0x80, 0x00, 0x03, 0xC0,
  0x07, 0x80, 0x0F, 0x00, 0x0E, 0x0F, 0x01, 0xFE, 0x03, 0xFC, 0x07, 0xB9,
  0xE7, 0x03, 0xC0, 0x07, 0x80, 0x07, 0x00, 0x3F, 0xFF, 0x3F, 0xFF, 0x9F,
  0xFF, 0xCE, 0x00, 0x76, 0x00, 0x18, 0x07, 0x00, 0x07, 0x00, 0x07, 0x00,
  0x03, 0x80, 0x03, 0xE0, 0x03, 0xFC, 0x03, 0xDF, 0x01, 0xC3, 0xC0, 0xE0,
  0xE0, 0x60, 0x30, 0x70, 0x1C, 0x18, 0x0C, 0x0E, 0x0E, 0x07, 0x8F, 0x01,
  0xFF, 0x00, 0x7F, 0x00, 0x00, 0x00, 0x00, 0x00, 0xFF, 0xFE, 0x7F, 0xFF,
  0x38, 0x01, 0xD8, 0x00, 0xF8, 0x00, 0x30, 0x3F, 0xFF, 0x3F, 0xFF, 0x9F,
  0xFF, 0xCE, 0x00, 0x76, 0x00, 0x18, 0x02, 0x00, 0x0F, 0xE0, 0x0F, 0xF0,
  0x0E, 0x1C, 0x0E, 0x0E, 0x07, 0x07, 0x03, 0xFF, 0x01, 0xFF, 0x00, 0xE0,
  0x00, 0x70, 0x00, 0x3F, 0xE0, 0x1F, 0xF0, 0x07, 0x1C, 0x03, 0x8E, 0x00,
  0xFE, 0x00, 0x3E, 0x00, 0x00, 0x00, 0x00, 0x00, 0xFF, 0xFE, 0x7F, 0xFF,
  0x38, 0x01, 0xD8, 0x00, 0xF8, 0x00, 0x30, 0x3F, 0xFF, 0x3F, 0xFF, 0x9F,
  0xFF, 0xCE, 0x00, 0x76, 0x00, 0x18, 0x00, 0x00, 0x00, 0x00, 0x03, 0xF8,
  0x03, 0xFE, 0x03, 0xC7, 0x03, 0xC1, 0x81, 0xC0, 0x00, 0xE0, 0x00, 0x70,
  0x00, 0x38, 0x00, 0x18, 0x00, 0x0C, 0x00, 0x06, 0x00, 0x03, 0x00, 0x01,
  0x80, 0x00, 0xC0, 0x00, 0x00, 0x00, 0x00, 0x00, 0xFF, 0xFE, 0x7F, 0xFF,
  0x38, 0x01, 0xD8, 0x00, 0xF8, 0x00, 0x30, 0x3F, 0xFF, 0x3F, 0xFF, 0x9F,
  0xFF, 0xCE, 0x00, 0x76, 0x00, 0x18, 0x00, 0x00, 0x0F, 0xC0, 0x0F, 0xF0,
  0x0E, 0x38, 0x07, 0x0C, 0x03, 0x87, 0x01, 0xC3, 0x80, 0xC1, 0xC0, 0x60,
  0xE0, 0x30, 0x70, 0x1C, 0x38, 0x0E, 0x1C, 0x07, 0x1C, 0x03, 0xCE, 0x00,
  0xFE, 0x00, 0x3E, 0x00, 0x00, 0x00, 0x00, 0x00, 0xFF, 0xFE, 0x7F, 0xFF,
  0x38, 0x01, 0xD8, 0x00, 0xF8, 0x00, 0x30, 0x3F, 0xFF, 0x3F, 0xFF, 0x9F,
  0xFF, 0xCE, 0x00, 0x76, 0x00, 0x18, 0x03, 0x80, 0x01, 0xC0, 0x00, 0xE0,
  0x00, 0xE0, 0x00, 0xFF, 0x01, 0xFF, 0xC1, 0xFF, 0xE1, 0xE0, 0x71, 0xC0,
  0x18, 0xC0, 0x00, 0x60, 0x06, 0x38, 0x07, 0x1F, 0xFF, 0x87, 0xFF, 0x80,
  0x3F, 0xE0, 0x00, 0x70, 0x00, 0x18, 0x00, 0x00, 0xFF, 0xFE, 0x7F, 0xFF,
  0x38, 0x01, 0xD8, 0x00, 0xF8, 0x00, 0x30, 0x3F, 0xFF, 0x3F, 0xFF, 0x9F,
  0xFF, 0xCE, 0x00, 0x76, 0xC0, 0x18, 0x70, 0x00, 0x1F, 0xE0, 0x0F, 0xF0,
  0x07, 0xF8, 0x03, 0x18, 0x03, 0x9C, 0x00, 0x0C, 0x00, 0x0E, 0x00, 0x07,
  0xF0, 0x03, 0xF8, 0x03, 0x8E, 0x01, 0x87, 0x01, 0xC3, 0x80, 0xE3, 0xC0,
  0x7F, 0xC0, 0x3F, 0x80, 0x00, 0x00, 0x00, 0x00, 0xFF, 0xFE, 0x7F, 0xFF,
  0x38, 0x01, 0xD8, 0x00, 0xF8, 0x00, 0x30, 0x3F, 0xFF, 0x3F, 0xFF, 0x9F,
  0xFF, 0xCE, 0x00, 0x76, 0x00, 0x18, 0x00, 0x00, 0x3F, 0x80, 0x3F, 0xE0,
  0x1C, 0x70, 0x0C, 0x38, 0x04, 0x1C, 0x00, 0x0E, 0x00, 0x06, 0x00, 0x07,
  0x00, 0x03, 0x00, 0x03, 0x8C, 0x01, 0xCE, 0x01, 0xFF, 0x00, 0xFF, 0x00,
  0x01, 0xC0, 0x00, 0xE0, 0x00, 0x30, 0x00, 0x00, 0xFF, 0xFE, 0x7F, 0xFF,
  0x38, 0x01, 0xD8, 0x00, 0xF8, 0x00, 0x30, 0x3F, 0xFF, 0x8F, 0xFF, 0xE3,
  0xFF, 0xF8, 0xC0, 0x0E, 0x70, 0x01, 0x80, 0x00, 0x10, 0x00, 0x01, 0xFF,
  0xFE, 0x7F, 0xFF, 0xDC, 0x38, 0x76, 0x0E, 0x0F, 0x03, 0x81, 0x00, 0xE0,
  0x00, 0x38, 0x00, 0x0E, 0x00, 0x03, 0x80, 0x3F, 0xFF, 0x0F, 0xFF, 0xE3,
  0xFF, 0xF8, 0xC0, 0x0E, 0x30, 0x01, 0x90, 0x00, 0x00, 0x00, 0x00, 0xFF,
  0xFE, 0x3F, 0xFF, 0x8C, 0x00, 0xE7, 0x00, 0x19, 0x80, 0x03, 0x3F, 0xFF,
  0x3F, 0xFF, 0x9F, 0xFF, 0xCE, 0x00, 0x76, 0x00, 0x18, 0x00, 0x00, 0x00,
  0x00, 0x1C, 0x38, 0x0E, 0x1C, 0x07, 0x0E, 0x03, 0xFF, 0x01, 0xFF, 0x80,
  0xE1, 0xC0, 0x70, 0xE0, 0x38, 0x70, 0x1C, 0x38, 0x0E, 0x1C, 0x07, 0x0C,
  0x03, 0xCE, 0x00, 0xFF, 0x00, 0x3F, 0x00, 0x00, 0x00, 0x00, 0x00, 0xFF,
  0xFE, 0x7F, 0xFF, 0x38, 0x01, 0xD8, 0x00, 0xF8, 0x00, 0x30, 0x3F, 0xFF,
  0x3F, 0xFF, 0x9F, 0xFF, 0xCE, 0x00, 0x66, 0x00, 0x3C, 0x00, 0x00, 0x07,
  0x00, 0x03, 0x80, 0x01, 0xC0, 0x00, 0xE0, 0x00, 0x70, 0x00, 0x38, 0x00,
  0x1C, 0x00, 0x0E, 0x00, 0x07, 0x00, 0x03, 0x80, 0x01, 0xC0, 0x00, 0xE0,
  0x00, 0x70, 0x00, 0x38, 0x00, 0x1C, 0x00, 0x00, 0x00, 0x00, 0x00, 0xFF,
  0xFE, 0x7F, 0xFF, 0x38, 0x01, 0x98, 0x00, 0xF8, 0x00, 0x30, 0x3F, 0xFF,
  0x8F, 0xFF, 0xE3, 0xFF, 0xF8, 0xC0, 0x0E, 0x70, 0x01, 0x80, 0x00, 0x10,
  0x00, 0x01, 0xFF, 0xFE, 0x7F, 0xFF, 0xDC, 0x38, 0x76, 0x0E, 0x0F, 0x03,
  0x81, 0x01, 0xC0, 0x00, 0xF0, 0x00, 0x3E, 0x00, 0x1F, 0xE0, 0x0F, 0x3C,
  0x03, 0x87, 0x00, 0xE0, 0xE0, 0x30, 0x38, 0x0C, 0x0E, 0x00, 0x00, 0x00,
  0x00, 0x00, 0xFF, 0xFE, 0x3F, 0xFF, 0x8C, 0x00, 0xE7, 0x00, 0x19, 0x80,
  0x03, 0x3F, 0xFF, 0x3F, 0xFF, 0x9F, 0xFF, 0xCE, 0x00, 0x76, 0x00, 0x18,
  0x00, 0x00, 0x00, 0x00, 0x00, 0xFC, 0x60, 0xFF, 0x30, 0x73, 0xD8, 0x38,
  0xEC, 0x38, 0x76, 0x1C, 0x3B, 0x0E, 0x1D, 0x87, 0x0E, 0xC3, 0x87, 0x71,
  0xC3, 0xB8, 0xE1, 0xDF, 0xF0, 0xE7, 0xF0, 0x71, 0xF0, 0x38, 0x00, 0x00,
  0x00, 0x00, 0xFF, 0xFE, 0x7F, 0xFF, 0x38, 0x01, 0xD8, 0x00, 0xF8, 0x00,
  0x30, 0x3F, 0xFF, 0x8F, 0xFF, 0xE3, 0xFF, 0xF8, 0xC0, 0x0E, 0x70, 0x01,
  0x80, 0x00, 0x10, 0x00, 0x03, 0x83, 0x87, 0xE0, 0xE1, 0xF8, 0x38, 0x7E,
  0x0F, 0x1D, 0xC3, 0xFE, 0x71, 0xFF, 0x9F, 0xE1, 0xE3, 0xF0, 0x70, 0x00,
  0x1C, 0x00, 0x06, 0x00, 0x03, 0x80, 0x00, 0xC0, 0x00, 0x70, 0x00, 0x1C,
  0x00, 0x00, 0x00, 0x00, 0x00, 0xFF, 0xFE, 0x3F, 0xFF, 0x8C, 0x00, 0xE7,
  0x00, 0x19, 0x80, 0x03, 0x3F, 0xFF, 0x3F, 0xFF, 0x9F, 0xFF, 0xCE, 0x00,
  0x76, 0x00, 0x18, 0x00, 0x00, 0x00, 0x00, 0x18, 0x38, 0x0C, 0x1C, 0x06,
  0x0E, 0x03, 0x07, 0x01, 0xC3, 0x80, 0xF3, 0x80, 0x3F, 0xC0, 0x0F, 0xE0,
  0x00, 0xE0, 0x00, 0x70, 0x00, 0x70, 0x00, 0x38, 0x00, 0x18, 0x00, 0x1C,
  0x00, 0x00, 0x00, 0x00, 0x00, 0xFF, 0xFE, 0x7F, 0xFF, 0x38, 0x01, 0xD8,
  0x00, 0xF8, 0x00, 0x30, 0x1F, 0xFF, 0x83, 0xFF, 0xF0, 0xFF, 0xFE, 0x1C,
  0x00, 0xE3, 0x00, 0x0C, 0x00, 0x00, 0x00, 0x00, 0x01, 0xFF, 0xFE, 0x7F,
  0xFF, 0xCE, 0x1C, 0x39, 0x83, 0x83, 0x20, 0xF8, 0x30, 0x1F, 0x00, 0x03,
  0xE0, 0x00, 0x38, 0x00, 0x07, 0x00, 0x3F, 0xFF, 0xCF, 0xFF, 0xF9, 0xFF,
  0xFF, 0xB8, 0x00, 0x76, 0x00, 0x07, 0x00, 0x00, 0x00, 0x00, 0x00, 0xFF,
  0xFC, 0x3F, 0xFF, 0xC7, 0x00, 0x38, 0xC0, 0x07, 0x18, 0x00, 0x60, 0x3F,
  0xFF, 0x3F, 0xFF, 0x9F, 0xFF, 0xCE, 0x00, 0x76, 0x00, 0x18, 0x00, 0x00,
  0x07, 0xF8, 0x0F, 0xFE, 0x1F, 0xC3, 0x8E, 0xE1, 0xCE, 0x79, 0xC7, 0x1F,
  0xE3, 0x80, 0x01, 0x80, 0x00, 0xC0, 0x00, 0x70, 0x30, 0x38, 0x38, 0x1F,
  0xFC, 0x07, 0xFC, 0x00, 0x07, 0x00, 0x03, 0x80, 0x00, 0xC0, 0x00, 0x00,
  0xFF, 0xFE, 0x7F, 0xFF, 0x38, 0x01, 0xD8, 0x00, 0xF8, 0x00, 0x30, 0x07,
  0xFF, 0xE0, 0x07, 0xFF, 0xE0, 0x07, 0xFF, 0xF0, 0x0E, 0x00, 0x70, 0x0C,
  0x00, 0x30, 0x00, 0x00, 0x00, 0x00, 0x00, 0x00, 0x7F, 0xFF, 0xFE, 0x7F,
  0xFF, 0xFE, 0x70, 0xE7, 0x06, 0x60, 0xE7, 0x07, 0xC0, 0xE7, 0x03, 0x00,
  0xE7, 0x00, 0x00, 0xE7, 0x00, 0x00, 0xE7, 0x00, 0x00, 0xE7, 0x00, 0x00,
  0xE7, 0x00, 0x00, 0xE7, 0x00, 0x00, 0xE7, 0x00, 0x00, 0xE7, 0x00, 0x00,
  0xE7, 0x00, 0x00, 0x00, 0x00, 0x00, 0x00, 0x00, 0x07, 0xFF, 0xF0, 0x07,
  0xFF, 0xF0, 0x0E, 0x00, 0x70, 0x0E, 0x00, 0x30, 0x0C, 0x00, 0x10, 0x3F,
  0xFF, 0x3F, 0xFF, 0x9F, 0xFF, 0xCE, 0x00, 0x76, 0x00, 0x18, 0x00, 0x00,
  0x1F, 0xC0, 0x1F, 0xF0, 0x0E, 0x38, 0x06, 0x1C, 0x00, 0x0E, 0x00, 0x06,
  0x00, 0x07, 0x20, 0x03, 0xE0, 0x03, 0xF0, 0x00, 0x30, 0x00, 0x38, 0x00,
  0x1C, 0x00, 0x1C, 0x00, 0x0E, 0x00, 0x0E, 0x00, 0x00, 0x00, 0x00, 0x00,
  0xFF, 0xFE, 0x7F, 0xFF, 0x38, 0x01, 0xD8, 0x00, 0xF8, 0x00, 0x30, 0x3F,
  0xFF, 0x3F, 0xFF, 0x9F, 0xFF, 0xCE, 0x00, 0x76, 0x00, 0x18, 0x0F, 0x00,
  0x0F, 0xC0, 0x0F, 0xF0, 0x07, 0x38, 0x03, 0x9C, 0x01, 0xCE, 0x00, 0xEF,
  0x00, 0x3F, 0x00, 0x1E, 0x00, 0x07, 0x00, 0x03, 0x80, 0x01, 0xC0, 0x00,
  0x60, 0x00, 0x30, 0x00, 0x18, 0x00, 0x0C, 0x00, 0x00, 0x00, 0x00, 0x00,
  0xFF, 0xFE, 0x7F, 0xFF, 0x38, 0x01, 0xD8, 0x00, 0xF8, 0x00, 0x30, 0x1F,
  0xFF, 0x87, 0xFF, 0xF0, 0xFF, 0xFE, 0x1C, 0x00, 0xE3, 0x00, 0x0C, 0x00,
  0x00, 0x00, 0x00, 0x01, 0xF0, 0x7E, 0x7F, 0x1F, 0xEE, 0x73, 0x9F, 0x8E,
  0x73, 0xF1, 0xCE, 0x77, 0x71, 0xCE, 0xFE, 0x1F, 0x8F, 0x03, 0xE1, 0xC3,
  0xF0, 0x3B, 0xE7, 0x03, 0xE0, 0xE0, 0x70, 0x1C, 0x0E, 0x03, 0x81, 0xC0,
  0x70, 0x00, 0x00, 0x00, 0x00, 0x01, 0xFF, 0xFC, 0x3F, 0xFF, 0x87, 0x00,
  0x38, 0xC0, 0x07, 0x30, 0x00, 0x60
 };

const GFXglyph NotoSansEthiopic_Regular_Ethiopic_16pt16bGlyphs[] PROGMEM = {
// bmpOff,   w,   h,xAdv, xOff, yOff      range 0 (0x1200 - 0x137c)
  {     0,  14,  22,  19,    3,  -21 },   // 0x1200 ha.eth  (#0)
  {    39,  20,  22,  23,    3,  -21 },   // 0x1201 hu.eth  (#1)
  {    94,  13,  25,  16,    2,  -21 },   // 0x1202 hi.eth  (#2)
  {   135,  13,  22,  16,    2,  -21 },   // 0x1203 haa.eth  (#3)
  {   171,  14,  22,  17,    2,  -21 },   // 0x1204 hee.eth  (#4)
  {   210,  18,  22,  23,    2,  -21 },   // 0x1205 uni05D4.eth  (#5)
  {   260,  21,  23,  24,    3,  -22 },   // 0x1206 ho.eth  (#6)
  {   321,  28,  23,  28,    0,  -22 },   // 0x1207 hoa.eth  (#7)
  {   402,  17,  22,  18,    1,  -21 },   // 0x1208 la.eth  (#8)
  {   449,  19,  22,  21,    1,  -21 },   // 0x1209 lu.eth  (#9)
  {   502,  22,  25,  24,    1,  -21 },   // 0x120A li.eth  (#10)
  {   571,  16,  22,  18,    1,  -21 },   // 0x120B laa.eth  (#11)
  {   615,  23,  22,  24,    1,  -21 },   // 0x120C lee.eth  (#12)
  {   679,  19,  22,  21,    1,  -21 },   // 0x120D le.eth  (#13)
  {   732,  25,  22,  27,    1,  -21 },   // 0x120E lo.eth  (#14)
  {   801,  20,  25,  22,    1,  -21 },   // 0x120F lwa.eth  (#15)
  {   864,  19,  22,  24,    2,  -21 },   // 0x1210 hha.eth  (#16)
  {   917,  25,  22,  27,    2,  -21 },   // 0x1211 hhu.eth  (#17)
  {   986,  25,  25,  28,    2,  -21 },   // 0x1212 hhi.eth  (#18)
  {  1065,  19,  22,  24,    2,  -21 },   // 0x1213 hhaa.eth  (#19)
  {  1118,  27,  22,  29,    2,  -21 },   // 0x1214 hhee.eth  (#20)
  {  1193,  19,  25,  24,    2,  -24 },   // 0x1215 hhe.eth  (#21)
  {  1253,  19,  22,  24,    2,  -21 },   // 0x1216 hho.eth  (#22)
  {  1306,  26,  25,  28,    2,  -21 },   // 0x1217 hhwa.eth  (#23)
  {  1388,  26,  22,  30,    2,  -21 },   // 0x1218 ma.eth  (#24)
  {  1460,  32,  22,  34,    2,  -21 },   // 0x1219 uni03BC.eth  (#25)
  {  1548,  29,  25,  30,    1,  -21 },   // 0x121A mi.eth  (#26)
  {  1639,  26,  22,  28,    1,  -21 },   // 0x121B maa.eth  (#27)
  {  1711,  28,  22,  30,    1,  -21 },   // 0x121C mee.eth  (#28)
  {  1788,  26,  22,  27,    1,  -21 },   // 0x121D me.eth  (#29)
  {  1860,  26,  22,  27,    1,  -21 },   // 0x121E mo.eth  (#30)
  {  1932,  26,  25,  28,    1,  -21 },   // 0x121F mwa.eth  (#31)
  {  2014,  20,  22,  26,    3,  -21 },   // 0x1220 sza.eth  (#32)
  {  2069,  27,  22,  30,    3,  -21 },   // 0x1221 szu.eth  (#33)
  {  2144,  23,  25,  27,    3,  -21 },   // 0x1222 szi.eth  (#34)
  {  2216,  20,  22,  26,    3,  -21 },   // 0x1223 szaa.eth  (#35)
  {  2271,  23,  22,  27,    3,  -21 },   // 0x1224 szee.eth  (#36)
  {  2335,  25,  22,  29,    1,  -21 },   // 0x1225 sze.eth  (#37)
  {  2404,  20,  22,  26,    3,  -21 },   // 0x1226 szo.eth  (#38)
  {  2459,  20,  25,  26,    3,  -21 },   // 0x1227 szwa.eth  (#39)
  {  2522,  14,  25,  17,    2,  -21 },   // 0x1228 ra.eth  (#40)
  {  2566,  17,  22,  19,    2,  -21 },   // 0x1229 ru.eth  (#41)
  {  2613,  14,  22,  18,    2,  -21 },   // 0x122A ri.eth  (#42)
  {  2652,  18,  22,  21,    2,  -21 },   // 0x122B raa.eth  (#43)
  {  2702,  16,  22,  19,    2,  -21 },   // 0x122C ree.eth  (#44)
  {  2746,  14,  25,  16,    2,  -21 },   // 0x122D re.eth  (#45)
  {  2790,  16,  25,  19,    2,  -21 },   // 0x122E ro.eth  (#46)
  {  2840,  18,  25,  21,    2,  -24 },   // 0x122F rwa.eth  (#47)
  {  2897,  14,  24,  19,    3,  -23 },   // 0x1230 sa.eth  (#48)
  {  2939,  19,  24,  22,    3,  -23 },   // 0x1231 su.eth  (#49)
  {  2996,  20,  27,  23,    3,  -23 },   // 0x1232 si.eth  (#50)
  {  3064,  14,  24,  19,    3,  -23 },   // 0x1233 saa.eth  (#51)
  {  3106,  21,  24,  24,    3,  -23 },   // 0x1234 see.eth  (#52)
  {  3169,  14,  24,  19,    3,  -23 },   // 0x1235 se.eth  (#53)
  {  3211,  14,  24,  19,    3,  -23 },   // 0x1236 so.eth  (#54)
  {  3253,  21,  27,  22,    0,  -23 },   // 0x1237 swa.eth  (#55)
  {  3324,  17,  27,  19,    1,  -26 },   // 0x1238 sha.eth  (#56)
  {  3382,  22,  27,  23,    1,  -26 },   // 0x1239 shu.eth  (#57)
  {  3457,  22,  30,  23,    1,  -26 },   // 0x123A shi.eth  (#58)
  {  3540,  17,  27,  19,    1,  -26 },   // 0x123B shaa.eth  (#59)
  {  3598,  23,  27,  24,    1,  -26 },   // 0x123C shee.eth  (#60)
  {  3676,  17,  27,  20,    0,  -26 },   // 0x123D she.eth  (#61)
  {  3734,  17,  27,  19,    1,  -26 },   // 0x123E uni03F8.eth  (#62)
  {  3792,  21,  30,  22,    0,  -26 },   // 0x123F shwa.eth  (#63)
  {  3871,  18,  22,  20,    1,  -21 },   // 0x1240 qa.eth  (#64)
  {  3921,  18,  22,  20,    1,  -21 },   // 0x1241 qu.eth  (#65)
  {  3971,  18,  25,  20,    1,  -21 },   // 0x1242 qi.eth  (#66)
  {  4028,  19,  25,  20,    0,  -21 },   // 0x1243 qaa.eth  (#67)
  {  4088,  18,  22,  20,    1,  -21 },   // 0x1244 qee.eth  (#68)
  {  4138,  18,  27,  20,    1,  -26 },   // 0x1245 qe.eth  (#69)
  {  4199,  18,  24,  20,    1,  -23 },   // 0x1246 qo.eth  (#70)
  {  4253,  18,  27,  20,    1,  -23 },   // 0x1247 qoa.eth  (#71)
  {  4314,  23,  22,  24,    1,  -21 },   // 0x1248 qwa.eth  (#72)
  {     0,   0,   0,   0,    0,    0 },   // 0x1249   (#73)
  {  4378,  28,  22,  30,    1,  -21 },   // 0x124A qwi.eth  (#74)
  {  4455,  18,  22,  20,    1,  -21 },   // 0x124B qwaa.eth  (#75)
  {  4505,  18,  25,  20,    1,  -21 },   // 0x124C qwee.eth  (#76)
  {  4562,  28,  22,  29,    1,  -21 },   // 0x124D qwe.eth  (#77)
  {     0,   0,   0,   0,    0,    0 },   // 0x124E   (#78)
  {     0,   0,   0,   0,    0,    0 },   // 0x124F   (#79)
  {  4639,  18,  27,  20,    1,  -26 },   // 0x1250 qha.eth  (#80)
  {  4700,  18,  27,  20,    1,  -26 },   // 0x1251 qhu.eth  (#81)
  {  4761,  18,  30,  20,    1,  -26 },   // 0x1252 qhi.eth  (#82)
  {  4829,  19,  30,  21,    1,  -26 },   // 0x1253 qhaa.eth  (#83)
  {  4901,  18,  27,  20,    1,  -26 },   // 0x1254 qhee.eth  (#84)
  {  4962,  22,  27,  23,    0,  -26 },   // 0x1255 qhe.eth  (#85)
  {  5037,  20,  27,  20,    0,  -26 },   // 0x1256 qho.eth  (#86)
  {     0,   0,   0,   0,    0,    0 },   // 0x1257   (#87)
  {  5105,  21,  27,  23,    1,  -26 },   // 0x1258 qhwa.eth  (#88)
  {     0,   0,   0,   0,    0,    0 },   // 0x1259   (#89)
  {  5176,  28,  27,  30,    1,  -26 },   // 0x125A qhwi.eth  (#90)
  {  5271,  18,  27,  20,    1,  -26 },   // 0x125B qhwaa.eth  (#91)
  {  5332,  18,  30,  20,    1,  -26 },   // 0x125C qhwee.eth  (#92)
  {  5400,  28,  27,  29,    1,  -26 },   // 0x125D qhwe.eth  (#93)
  {     0,   0,   0,   0,    0,    0 },   // 0x125E   (#94)
  {     0,   0,   0,   0,    0,    0 },   // 0x125F   (#95)
  {  5495,  14,  23,  19,    3,  -22 },   // 0x1260 ba.eth  (#96)
  {  5536,  20,  23,  23,    3,  -22 },   // 0x1261 bu.eth  (#97)
  {  5594,  20,  26,  23,    3,  -22 },   // 0x1262 bi.eth  (#98)
  {  5659,  13,  23,  19,    3,  -22 },   // 0x1263 baa.eth  (#99)
  {  5697,  21,  23,  24,    3,  -22 },   // 0x1264 bee.eth  (#100)
  {  5758,  20,  23,  23,    0,  -22 },   // 0x1265 be.eth  (#101)
  {  5816,  14,  23,  19,    3,  -22 },   // 0x1266 bo.eth  (#102)
  {  5857,  21,  26,  22,    0,  -22 },   // 0x1267 bwa.eth  (#103)
  {  5926,  15,  27,  19,    2,  -26 },   // 0x1268 va.eth  (#104)
  {  5977,  22,  27,  24,    2,  -26 },   // 0x1269 vu.eth  (#105)
  {  6052,  21,  30,  23,    2,  -26 },   // 0x126A vi.eth  (#106)
  {  6131,  15,  27,  19,    2,  -26 },   // 0x126B vaa.eth  (#107)
  {  6182,  22,  27,  24,    2,  -26 },   // 0x126C vee.eth  (#108)
  {  6257,  21,  27,  23,    0,  -26 },   // 0x126D ve.eth  (#109)
  {  6328,  15,  27,  19,    2,  -26 },   // 0x126E vo.eth  (#110)
  {  6379,  21,  30,  22,    0,  -26 },   // 0x126F vwa.eth  (#111)
  {  6458,  18,  22,  19,    0,  -21 },   // 0x1270 ta.eth  (#112)
  {  6508,  18,  22,  19,    0,  -21 },   // 0x1271 tu.eth  (#113)
  {  6558,  18,  25,  19,    0,  -21 },   // 0x1272 ti.eth  (#114)
  {  6615,  19,  25,  19,    0,  -21 },   // 0x1273 taa.eth  (#115)
  {  6675,  18,  22,  19,    0,  -21 },   // 0x1274 tee.eth  (#116)
  {  6725,  18,  25,  19,    0,  -24 },   // 0x1275 te.eth  (#117)
  {  6782,  18,  24,  19,    0,  -23 },   // 0x1276 to.eth  (#118)
  {  6836,  18,  25,  19,    0,  -21 },   // 0x1277 twa.eth  (#119)
  {  6893,  18,  27,  19,    1,  -26 },   // 0x1278 ca.eth  (#120)
  {  6954,  18,  27,  19,    1,  -26 },   // 0x1279 cu.eth  (#121)
  {  7015,  18,  30,  19,    1,  -26 },   // 0x127A ci.eth  (#122)
  {  7083,  19,  30,  19,    0,  -26 },   // 0x127B caa.eth  (#123)
  {  7155,  18,  27,  19,    0,  -26 },   // 0x127C cee.eth  (#124)
  {  7216,  22,  27,  23,    0,  -26 },   // 0x127D ce.eth  (#125)
  {  7291,  18,  27,  20,    1,  -26 },   // 0x127E co.eth  (#126)
  {  7352,  19,  30,  19,    0,  -26 },   // 0x127F cwa.eth  (#127)
  {  7424,  14,  22,  17,    0,  -21 },   // 0x1280 xa.eth  (#128)
  {  7463,  20,  22,  21,    0,  -21 },   // 0x1281 xu.eth  (#129)
  {  7518,  21,  25,  21,    0,  -21 },   // 0x1282 xi.eth  (#130)
  {  7584,  15,  25,  18,    0,  -21 },   // 0x1283 xaa.eth  (#131)
  {  7631,  21,  22,  22,    0,  -21 },   // 0x1284 xee.eth  (#132)
  {  7689,  14,  22,  18,    1,  -21 },   // 0x1285 xe.eth  (#133)
  {  7728,  22,  22,  23,    0,  -21 },   // 0x1286 xo.eth  (#134)
  {  7789,  22,  25,  23,    0,  -21 },   // 0x1287 xoa.eth  (#135)
  {  7858,  25,  22,  25,    0,  -21 },   // 0x1288 xwa.eth  (#136)
  {     0,   0,   0,   0,    0,    0 },   // 0x1289   (#137)
  {  7927,  25,  22,  26,    0,  -21 },   // 0x128A xwi.eth  (#138)
  {  7996,  19,  22,  20,    0,  -21 },   // 0x128B xwaa.eth  (#139)
  {  8049,  21,  25,  22,    0,  -21 },   // 0x128C xwee.eth  (#140)
  {  8115,  24,  22,  25,    0,  -21 },   // 0x128D xwe.eth  (#141)
  {     0,   0,   0,   0,    0,    0 },   // 0x128E   (#142)
  {     0,   0,   0,   0,    0,    0 },   // 0x128F   (#143)
  {  8181,   8,  22,  13,    2,  -21 },   // 0x1290 na.eth  (#144)
  {  8203,  14,  22,  16,    2,  -21 },   // 0x1291 nu.eth  (#145)
  {  8242,  14,  25,  17,    2,  -21 },   // 0x1292 ni.eth  (#146)
  {  8286,  14,  22,  16,    2,  -21 },   // 0x1293 naa.eth  (#147)
  {  8325,  12,  22,  15,    2,  -21 },   // 0x1294 nee.eth  (#148)
  {  8358,  15,  22,  15,    0,  -21 },   // 0x1295 ne.eth  (#149)
  {  8400,  16,  22,  19,    2,  -21 },   // 0x1296 no.eth  (#150)
  {  8444,  18,  25,  19,    0,  -21 },   // 0x1297 nwa.eth  (#151)
  {  8501,  16,  25,  18,    0,  -24 },   // 0x1298 nya.eth  (#152)
  {  8551,  22,  25,  22,    0,  -24 },   // 0x1299 nyu.eth  (#153)
  {  8620,  22,  28,  22,    0,  -24 },   // 0x129A nyi.eth  (#154)
  {  8697,  17,  25,  18,    0,  -24 },   // 0x129B nyaa.eth  (#155)
  {  8751,  18,  25,  18,    0,  -24 },   // 0x129C nyee.eth  (#156)
  {  8808,  16,  25,  17,    0,  -24 },   // 0x129D nye.eth  (#157)
  {  8858,  19,  25,  21,    1,  -24 },   // 0x129E nyo.eth  (#158)
  {  8918,  18,  28,  19,    0,  -24 },   // 0x129F nywa.eth  (#159)
  {  8981,  15,  22,  17,    2,  -21 },   // 0x12A0 aGlottal.eth  (#160)
  {  9023,  19,  22,  21,    2,  -21 },   // 0x12A1 uGlottal.eth  (#161)
  {  9076,  20,  25,  22,    2,  -21 },   // 0x12A2 iGlottal.eth  (#162)
  {  9139,  14,  22,  17,    2,  -21 },   // 0x12A3 aaGlottal.eth  (#163)
  {  9178,  21,  22,  23,    2,  -21 },   // 0x12A4 eeGlottal.eth  (#164)
  {  9236,  15,  22,  17,    2,  -21 },   // 0x12A5 eGlottal.eth  (#165)
  {  9278,  14,  22,  17,    2,  -21 },   // 0x12A6 oGlottal.eth  (#166)
  {  9317,  19,  25,  19,    0,  -24 },   // 0x12A7 waGlottal.eth  (#167)
  {  9377,  15,  24,  20,    2,  -23 },   // 0x12A8 ka.eth  (#168)
  {  9422,  22,  24,  24,    2,  -23 },   // 0x12A9 ku.eth  (#169)
  {  9488,  22,  27,  24,    2,  -23 },   // 0x12AA ki.eth  (#170)
  {  9563,  15,  24,  20,    2,  -23 },   // 0x12AB kaa.eth  (#171)
  {  9608,  23,  24,  25,    2,  -23 },   // 0x12AC kee.eth  (#172)
  {  9677,  15,  24,  20,    2,  -23 },   // 0x12AD ke.eth  (#173)
  {  9722,  16,  24,  20,    2,  -23 },   // 0x12AE ko.eth  (#174)
  {  9770,  20,  24,  23,    0,  -23 },   // 0x12AF koa.eth  (#175)
  {  9830,  28,  24,  31,    2,  -23 },   // 0x12B0 kwa.eth  (#176)
  {     0,   0,   0,   0,    0,    0 },   // 0x12B1   (#177)
  {  9914,  26,  24,  28,    2,  -23 },   // 0x12B2 kwi.eth  (#178)
  {  9992,  18,  24,  21,    2,  -23 },   // 0x12B3 kwaa.eth  (#179)
  { 10046,  22,  27,  25,    2,  -23 },   // 0x12B4 kwee.eth  (#180)
  { 10121,  25,  24,  28,    2,  -23 },   // 0x12B5 kwe.eth  (#181)
  {     0,   0,   0,   0,    0,    0 },   // 0x12B6   (#182)
  {     0,   0,   0,   0,    0,    0 },   // 0x12B7   (#183)
  { 10196,  23,  27,  26,    0,  -26 },   // 0x12B8 kxa.eth  (#184)
  { 10274,  29,  27,  30,    0,  -26 },   // 0x12B9 kxu.eth  (#185)
  { 10372,  29,  30,  30,    0,  -26 },   // 0x12BA kxi.eth  (#186)
  { 10481,  23,  27,  26,    0,  -26 },   // 0x12BB kxaa.eth  (#187)
  { 10559,  30,  27,  31,    0,  -26 },   // 0x12BC kxee.eth  (#188)
  { 10661,  23,  27,  26,    0,  -26 },   // 0x12BD kxe.eth  (#189)
  { 10739,  23,  27,  26,    0,  -26 },   // 0x12BE kxo.eth  (#190)
  {     0,   0,   0,   0,    0,    0 },   // 0x12BF   (#191)
  { 10817,  35,  27,  36,    0,  -26 },   // 0x12C0 kxwa.eth  (#192)
  {     0,   0,   0,   0,    0,    0 },   // 0x12C1   (#193)
  { 10936,  33,  27,  33,    0,  -26 },   // 0x12C2 kxwi.eth  (#194)
  { 11048,  26,  30,  27,    0,  -26 },   // 0x12C3 kxwaa.eth  (#195)
  { 11146,  30,  30,  31,    0,  -26 },   // 0x12C4 kxwee.eth  (#196)
  { 11259,  32,  27,  32,    0,  -26 },   // 0x12C5 kxwe.eth  (#197)
  {     0,   0,   0,   0,    0,    0 },   // 0x12C6   (#198)
  {     0,   0,   0,   0,    0,    0 },   // 0x12C7   (#199)
  { 11367,  20,  22,  24,    2,  -21 },   // 0x12C8 wa.eth  (#200)
  { 11422,  24,  22,  27,    2,  -21 },   // 0x12C9 wu.eth  (#201)
  { 11488,  20,  25,  21,    1,  -21 },   // 0x12CA wi.eth  (#202)
  { 11551,  20,  22,  21,    1,  -21 },   // 0x12CB waa.eth  (#203)
  { 11606,  20,  22,  21,    1,  -21 },   // 0x12CC wee.eth  (#204)
  { 11661,  25,  22,  27,    2,  -21 },   // 0x12CD we.eth  (#205)
  { 11730,  20,  22,  21,    1,  -21 },   // 0x12CE wo.eth  (#206)
  { 11785,  26,  22,  27,    0,  -21 },   // 0x12CF woa.eth  (#207)
  { 11857,  15,  23,  19,    2,  -22 },   // 0x12D0 aPhr.eth  (#208)
  { 11901,  21,  23,  23,    2,  -22 },   // 0x12D1 uPhr.eth  (#209)
  { 11962,  19,  26,  20,    1,  -22 },   // 0x12D2 iPhr.eth  (#210)
  { 12024,  16,  23,  18,    1,  -22 },   // 0x12D3 aaPhr.eth  (#211)
  { 12070,  20,  23,  22,    1,  -22 },   // 0x12D4 eePhr.eth  (#212)
  { 12128,  15,  24,  19,    2,  -23 },   // 0x12D5 ePhr.eth  (#213)
  { 12173,  14,  23,  16,    1,  -22 },   // 0x12D6 oPhr.eth  (#214)
  {     0,   0,   0,   0,    0,    0 },   // 0x12D7   (#215)
  { 12214,  11,  22,  17,    3,  -21 },   // 0x12D8 za.eth  (#216)
  { 12245,  18,  22,  21,    3,  -21 },   // 0x12D9 zu.eth  (#217)
  { 12295,  18,  25,  21,    3,  -21 },   // 0x12DA zi.eth  (#218)
  { 12352,  11,  22,  17,    3,  -21 },   // 0x12DB zaa.eth  (#219)
  { 12383,  19,  22,  22,    3,  -21 },   // 0x12DC zee.eth  (#220)
  { 12436,  18,  22,  21,    0,  -21 },   // 0x12DD ze.eth  (#221)
  { 12486,  11,  22,  17,    3,  -21 },   // 0x12DE zo.eth  (#222)
  { 12517,  16,  25,  19,    3,  -21 },   // 0x12DF zwa.eth  (#223)
  { 12567,  25,  22,  25,    0,  -21 },   // 0x12E0 zha.eth  (#224)
  { 12636,  25,  22,  25,    0,  -21 },   // 0x12E1 zhu.eth  (#225)
  { 12705,  25,  25,  25,    0,  -21 },   // 0x12E2 zhi.eth  (#226)
  { 12784,  25,  22,  25,    0,  -21 },   // 0x12E3 zhaa.eth  (#227)
  { 12853,  26,  22,  26,    0,  -21 },   // 0x12E4 zhee.eth  (#228)
  { 12925,  25,  27,  26,    0,  -26 },   // 0x12E5 zhe.eth  (#229)
  { 13010,  25,  22,  25,    0,  -21 },   // 0x12E6 zho.eth  (#230)
  { 13079,  25,  25,  25,    0,  -21 },   // 0x12E7 zhwa.eth  (#231)
  { 13158,  11,  23,  15,    2,  -22 },   // 0x12E8 ya.eth  (#232)
  { 13190,  14,  23,  16,    2,  -22 },   // 0x12E9 yu.eth  (#233)
  { 13231,  18,  23,  20,    2,  -22 },   // 0x12EA yi.eth  (#234)
  { 13283,  14,  26,  15,    0,  -22 },   // 0x12EB yaa.eth  (#235)
  { 13329,  17,  23,  20,    2,  -22 },   // 0x12EC yee.eth  (#236)
  { 13378,  19,  26,  22,    1,  -22 },   // 0x12ED ye.eth  (#237)
  { 13440,  17,  23,  20,    2,  -22 },   // 0x12EE yo.eth  (#238)
  { 13489,  23,  23,  23,    0,  -22 },   // 0x12EF yoa.eth  (#239)
  { 13556,  18,  23,  19,    0,  -22 },   // 0x12F0 da.eth  (#240)
  { 13608,  26,  23,  27,    0,  -22 },   // 0x12F1 du.eth  (#241)
  { 13683,  26,  26,  27,    0,  -22 },   // 0x12F2 di.eth  (#242)
  { 13768,  20,  23,  22,    0,  -22 },   // 0x12F3 daa.eth  (#243)
  { 13826,  22,  24,  23,    0,  -22 },   // 0x12F4 dee.eth  (#244)
  { 13892,  22,  23,  22,    0,  -22 },   // 0x12F5 de.eth  (#245)
  { 13956,  21,  23,  22,    0,  -22 },   // 0x12F6 do.eth  (#246)
  { 14017,  22,  26,  22,    0,  -22 },   // 0x12F7 dwa.eth  (#247)
  { 14089,  18,  24,  19,    0,  -23 },   // 0x12F8 dda.eth  (#248)
  { 14143,  26,  24,  26,    0,  -23 },   // 0x12F9 ddu.eth  (#249)
  { 14221,  26,  27,  26,    0,  -23 },   // 0x12FA ddi.eth  (#250)
  { 14309,  20,  24,  22,    0,  -23 },   // 0x12FB ddaa.eth  (#251)
  { 14369,  21,  25,  22,    0,  -23 },   // 0x12FC ddee.eth  (#252)
  { 14435,  21,  24,  22,    0,  -23 },   // 0x12FD dde.eth  (#253)
  { 14498,  21,  24,  22,    0,  -23 },   // 0x12FE ddo.eth  (#254)
  { 14561,  23,  27,  23,    0,  -23 },   // 0x12FF ddwa.eth  (#255)
  { 14639,  18,  25,  19,    0,  -24 },   // 0x1300 ja.eth  (#256)
  { 14696,  26,  25,  27,    0,  -24 },   // 0x1301 ju.eth  (#257)
  { 14778,  26,  28,  26,    0,  -24 },   // 0x1302 ji.eth  (#258)
  { 14869,  21,  25,  22,    0,  -24 },   // 0x1303 jaa.eth  (#259)
  { 14935,  23,  25,  24,    0,  -24 },   // 0x1304 jee.eth  (#260)
  { 15007,  21,  25,  21,    0,  -24 },   // 0x1305 je.eth  (#261)
  { 15073,  21,  25,  22,    0,  -24 },   // 0x1306 jo.eth  (#262)
  { 15139,  25,  28,  26,    0,  -24 },   // 0x1307 jwa.eth  (#263)
  { 15227,  15,  22,  18,    0,  -21 },   // 0x1308 ga.eth  (#264)
  { 15269,  21,  22,  22,    0,  -21 },   // 0x1309 gu.eth  (#265)
  { 15327,  21,  25,  22,    0,  -21 },   // 0x130A gi.eth  (#266)
  { 15393,  16,  25,  18,    0,  -21 },   // 0x130B gaa.eth  (#267)
  { 15443,  22,  22,  23,    0,  -21 },   // 0x130C gee.eth  (#268)
  { 15504,  20,  22,  24,    1,  -21 },   // 0x130D ge.eth  (#269)
  { 15559,  15,  24,  18,    0,  -23 },   // 0x130E go.eth  (#270)
  { 15604,  15,  27,  19,    1,  -23 },   // 0x130F goa.eth  (#271)
  { 15655,  26,  24,  26,    0,  -23 },   // 0x1310 gwa.eth  (#272)
  {     0,   0,   0,   0,    0,    0 },   // 0x1311   (#273)
  { 15733,  26,  22,  26,    0,  -21 },   // 0x1312 gwi.eth  (#274)
  { 15805,  15,  22,  18,    0,  -21 },   // 0x1313 gwaa.eth  (#275)
  { 15847,  22,  25,  23,    0,  -21 },   // 0x1314 gwee.eth  (#276)
  { 15916,  25,  22,  26,    0,  -21 },   // 0x1315 gwe.eth  (#277)
  {     0,   0,   0,   0,    0,    0 },   // 0x1316   (#278)
  {     0,   0,   0,   0,    0,    0 },   // 0x1317   (#279)
  { 15985,  16,  25,  19,    0,  -24 },   // 0x1318 gga.eth  (#280)
  { 16035,  22,  25,  22,    0,  -24 },   // 0x1319 ggu.eth  (#281)
  { 16104,  22,  28,  22,    0,  -24 },   // 0x131A ggi.eth  (#282)
  { 16181,  16,  28,  19,    0,  -24 },   // 0x131B ggaa.eth  (#283)
  { 16237,  23,  25,  23,    0,  -24 },   // 0x131C ggee.eth  (#284)
  { 16309,  21,  25,  24,    0,  -24 },   // 0x131D gge.eth  (#285)
  { 16375,  20,  27,  20,    0,  -26 },   // 0x131E ggo.eth  (#286)
  { 16443,  21,  28,  23,    1,  -24 },   // 0x131F ggwaa.eth  (#287)
  { 16517,  25,  22,  31,    3,  -21 },   // 0x1320 tha.eth  (#288)
  { 16586,  31,  22,  34,    3,  -21 },   // 0x1321 thu.eth  (#289)
  { 16672,  31,  25,  34,    3,  -21 },   // 0x1322 thi.eth  (#290)
  { 16769,  24,  22,  30,    3,  -21 },   // 0x1323 thaa.eth  (#291)
  { 16835,  32,  22,  35,    3,  -21 },   // 0x1324 thee.eth  (#292)
  { 16923,  25,  22,  31,    3,  -21 },   // 0x1325 the.eth  (#293)
  { 16992,  24,  22,  30,    3,  -21 },   // 0x1326 tho.eth  (#294)
  { 17058,  28,  25,  32,    3,  -21 },   // 0x1327 thwa.eth  (#295)
  { 17146,  31,  22,  34,    3,  -21 },   // 0x1328 cha.eth  (#296)
  { 17232,  31,  22,  34,    3,  -21 },   // 0x1329 chu.eth  (#297)
  { 17318,  31,  25,  34,    3,  -21 },   // 0x132A chi.eth  (#298)
  { 17415,  31,  22,  34,    3,  -21 },   // 0x132B chaa.eth  (#299)
  { 17501,  36,  22,  39,    3,  -21 },   // 0x132C chee.eth  (#300)
  { 17600,  32,  22,  36,    3,  -21 },   // 0x132D che.eth  (#301)
  { 17688,  31,  22,  34,    3,  -21 },   // 0x132E cho.eth  (#302)
  { 17774,  30,  25,  34,    3,  -21 },   // 0x132F chwa.eth  (#303)
  { 17868,  15,  24,  17,    1,  -23 },   // 0x1330 pha.eth  (#304)
  { 17913,  21,  24,  23,    1,  -23 },   // 0x1331 phu.eth  (#305)
  { 17976,  21,  27,  23,    1,  -23 },   // 0x1332 phi.eth  (#306)
  { 18047,  15,  24,  17,    1,  -23 },   // 0x1333 phaa.eth  (#307)
  { 18092,  21,  25,  23,    1,  -23 },   // 0x1334 phee.eth  (#308)
  { 18158,  19,  24,  20,    1,  -23 },   // 0x1335 phe.eth  (#309)
  { 18215,  15,  24,  17,    1,  -23 },   // 0x1336 pho.eth  (#310)
  { 18260,  20,  27,  21,    1,  -23 },   // 0x1337 phwa.eth  (#311)
  { 18328,  15,  23,  17,    1,  -22 },   // 0x1338 tsa.eth  (#312)
  { 18372,  21,  23,  22,    1,  -22 },   // 0x1339 tsu.eth  (#313)
  { 18433,  21,  26,  23,    1,  -22 },   // 0x133A tsi.eth  (#314)
  { 18502,  15,  23,  17,    1,  -22 },   // 0x133B tsaa.eth  (#315)
  { 18546,  21,  24,  23,    1,  -22 },   // 0x133C tsee.eth  (#316)
  { 18609,  19,  23,  20,    1,  -22 },   // 0x133D tse.eth  (#317)
  { 18664,  15,  23,  17,    1,  -22 },   // 0x133E tso.eth  (#318)
  { 18708,  21,  26,  22,    1,  -22 },   // 0x133F tswa.eth  (#319)
  { 18777,  15,  23,  19,    2,  -22 },   // 0x1340 tza.eth  (#320)
  { 18821,  21,  23,  23,    2,  -22 },   // 0x1341 tzu.eth  (#321)
  { 18882,  16,  26,  17,    1,  -22 },   // 0x1342 tzi.eth  (#322)
  { 18934,  13,  23,  15,    1,  -22 },   // 0x1343 tzaa.eth  (#323)
  { 18972,  16,  23,  17,    1,  -22 },   // 0x1344 tzee.eth  (#324)
  { 19018,  15,  24,  19,    2,  -23 },   // 0x1345 tze.eth  (#325)
  { 19063,  14,  23,  16,    1,  -22 },   // 0x1346 tzo.eth  (#326)
  { 19104,  18,  23,  19,    0,  -22 },   // 0x1347 tzoa.eth  (#327)
  { 19156,  18,  26,  21,    2,  -22 },   // 0x1348 fa.eth  (#328)
  { 19215,  17,  24,  19,    2,  -23 },   // 0x1349 fu.eth  (#329)
  { 19266,  18,  23,  20,    2,  -22 },   // 0x134A fi.eth  (#330)
  { 19318,  17,  24,  20,    2,  -23 },   // 0x134B faa.eth  (#331)
  { 19369,  20,  23,  23,    2,  -22 },   // 0x134C fee.eth  (#332)
  { 19427,  17,  22,  20,    2,  -21 },   // 0x134D fe.eth  (#333)
  { 19474,  18,  25,  20,    2,  -21 },   // 0x134E fo.eth  (#334)
  { 19531,  19,  25,  20,    1,  -21 },   // 0x134F fwa.eth  (#335)
  { 19591,  18,  22,  19,    0,  -21 },   // 0x1350 pa.eth  (#336)
  { 19641,  18,  22,  19,    0,  -21 },   // 0x1351 pu.eth  (#337)
  { 19691,  18,  25,  19,    0,  -21 },   // 0x1352 pi.eth  (#338)
  { 19748,  19,  25,  19,    0,  -21 },   // 0x1353 paa.eth  (#339)
  { 19808,  18,  22,  19,    0,  -21 },   // 0x1354 pee.eth  (#340)
  { 19858,  18,  22,  19,    0,  -21 },   // 0x1355 uni05E4.eth  (#341)
  { 19908,  19,  22,  21,    2,  -21 },   // 0x1356 po.eth  (#342)
  { 19961,  18,  25,  19,    0,  -21 },   // 0x1357 pwa.eth  (#343)
  { 20018,  18,  24,  20,    2,  -23 },   // 0x1358 rya.eth  (#344)
  { 20072,  30,  29,  32,    1,  -25 },   // 0x1359 mya.eth  (#345)
  { 20181,  19,  24,  21,    2,  -23 },   // 0x135A fya.eth  (#346)
  {     0,   0,   0,   0,    0,    0 },   // 0x135B   (#347)
  {     0,   0,   0,   0,    0,    0 },   // 0x135C   (#348)
  { 20238,  18,   4,   0,   -9,  -28 },   // 0x135D uni135D  (#349)
  { 20247,   4,   4,   0,   -2,  -28 },   // 0x135E uni135E  (#350)
  { 20249,  12,   4,   0,   -6,  -28 },   // 0x135F uni135F  (#351)
  { 20255,  21,  22,  23,    1,  -21 },   // 0x1360 sectionmark.eth  (#352)
  { 20313,   4,  13,   8,    2,  -17 },   // 0x1361 wordspace.eth  (#353)
  { 20320,  11,  13,  16,    2,  -17 },   // 0x1362 period.eth  (#354)
  { 20338,   8,  14,  12,    2,  -17 },   // 0x1363 comma.eth  (#355)
  { 20352,   8,  19,  12,    2,  -20 },   // 0x1364 semicolon.eth  (#356)
  { 20371,   8,  15,  12,    2,  -18 },   // 0x1365 colon.eth  (#357)
  { 20386,  14,  13,  18,    2,  -17 },   // 0x1366 prefacecolon.eth  (#358)
  { 20409,   4,  19,   8,    2,  -20 },   // 0x1367 question.eth  (#359)
  { 20419,  15,  19,  20,    2,  -20 },   // 0x1368 uni2029.eth  (#360)
  { 20455,  17,  28,  18,    0,  -24 },   // 0x1369 one.eth  (#361)
  { 20515,  17,  28,  18,    0,  -24 },   // 0x136A two.eth  (#362)
  { 20575,  17,  28,  18,    0,  -24 },   // 0x136B three.eth  (#363)
  { 20635,  17,  28,  18,    0,  -24 },   // 0x136C four.eth  (#364)
  { 20695,  17,  28,  18,    0,  -24 },   // 0x136D five.eth  (#365)
  { 20755,  17,  28,  18,    0,  -24 },   // 0x136E six.eth  (#366)
  { 20815,  17,  28,  18,    0,  -24 },   // 0x136F seven.eth  (#367)
  { 20875,  18,  28,  19,    0,  -24 },   // 0x1370 eight.eth  (#368)
  { 20938,  17,  28,  18,    0,  -24 },   // 0x1371 nine.eth  (#369)
  { 20998,  17,  28,  17,    0,  -24 },   // 0x1372 ten.eth  (#370)
  { 21058,  18,  28,  19,    0,  -24 },   // 0x1373 twenty.eth  (#371)
  { 21121,  17,  28,  18,    0,  -24 },   // 0x1374 thirty.eth  (#372)
  { 21181,  18,  28,  19,    0,  -24 },   // 0x1375 forty.eth  (#373)
  { 21244,  17,  28,  18,    0,  -24 },   // 0x1376 fifty.eth  (#374)
  { 21304,  19,  28,  20,    0,  -24 },   // 0x1377 sixty.eth  (#375)
  { 21371,  17,  28,  18,    0,  -24 },   // 0x1378 seventy.eth  (#376)
  { 21431,  24,  28,  24,    0,  -24 },   // 0x1379 eighty.eth  (#377)
  { 21515,  17,  28,  18,    0,  -24 },   // 0x137A ninety.eth  (#378)
  { 21575,  17,  28,  18,    0,  -24 },   // 0x137B hundred.eth  (#379)
  { 21635,  19,  28,  20,    0,  -24 } }; // 0x137C tenthousand.eth  (#380)

const GFXfont NotoSansEthiopic_Regular_Ethiopic_16pt16b PROGMEM = {
  (uint8_t  *)NotoSansEthiopic_Regular_Ethiopic_16pt16bBitmaps,
  (GFXglyph *)NotoSansEthiopic_Regular_Ethiopic_16pt16bGlyphs,
  0x1200, // first
  0x137C, // last
  40   //height
 };

// Approx. 24376 bytes
