#pragma once

// /tmp/fontconvert_pinned -f /home/user/qmk_firmware/keyboards/handwired/polykybd/fonts/noto-sans/NotoSans-Regular.ttf -s 14 -v _Base_ 32 126 
// Visualize your font via https://tchapi.github.io/Adafruit-GFX-Font-Customiser

/* num ranges: 1 */
const uint8_t NotoSans_Regular_Base_14pt7bBitmaps[] PROGMEM = {
  /* range 0 (0x20 - 0x7e): */  0x00, 0xFF, 0xFF, 0xDB, 0x6D, 0xB6, 0xC0, 0x1F, 0xF0, 0xC7, 0x8F, 0x1E,
  0x3C, 0x78, 0xF1, 0xE3, 0x03, 0x0C, 0x03, 0x08, 0x06, 0x18, 0x06, 0x18,
  0x06, 0x18, 0x06, 0x18, 0x7F, 0xFF, 0x7F, 0xFF, 0x0C, 0x30, 0x0C, 0x30,
  0x0C, 0x30, 0x0C, 0x30, 0xFF, 0xFE, 0xFF, 0xFE, 0x18, 0x60, 0x18, 0x60,
  0x18, 0x60, 0x18, 0xC0, 0x30, 0xC0, 0x30, 0xC0, 0x06, 0x00, 0x60, 0x06,
  0x03, 0xFF, 0x7F, 0xEE, 0x62, 0xC6, 0x0C, 0x60, 0xE6, 0x0F, 0xE0, 0x7F,
  0x01, 0xFC, 0x07, 0xE0, 0x67, 0x06, 0x30, 0x63, 0x86, 0x7F, 0x7E, 0xFF,
  0xC1, 0xE0, 0x06, 0x00, 0x60, 0x06, 0x00, 0x1C, 0x01, 0x87, 0xE0, 0x30,
  0x63, 0x03, 0x06, 0x30, 0x60, 0xC3, 0x0E, 0x0C, 0x30, 0xC0, 0xC3, 0x1C,
  0x0C, 0x31, 0x80, 0x63, 0x33, 0xC6, 0x33, 0x7E, 0x77, 0x66, 0x33, 0xE6,
  0x63, 0x00, 0xCC, 0x30, 0x1C, 0xC3, 0x01, 0x8C, 0x30, 0x38, 0xC3, 0x03,
  0x06, 0x30, 0x60, 0x63, 0x06, 0x07, 0x70, 0xC0, 0x3E, 0x07, 0xC0, 0x03,
  0xFC, 0x00, 0x71, 0xC0, 0x1C, 0x18, 0x03, 0x83, 0x00, 0x70, 0xE0, 0x06,
  0x1C, 0x00, 0xE7, 0x00, 0x0F, 0xC0, 0x01, 0xE0, 0x00, 0x7E, 0x07, 0x1C,
  0xE0, 0xC7, 0x0E, 0x18, 0xC0, 0xE7, 0x38, 0x0E, 0xC7, 0x00, 0xF8, 0x60,
  0x1E, 0x0E, 0x07, 0xE0, 0xFF, 0xCE, 0x0F, 0xF0, 0xF0, 0xFF, 0xFF, 0x0C,
  0x71, 0x8E, 0x31, 0xC6, 0x18, 0xE3, 0x8E, 0x38, 0xE3, 0x8E, 0x38, 0xE1,
  0x86, 0x1C, 0x30, 0xE1, 0x87, 0xC1, 0x87, 0x0C, 0x38, 0xE1, 0x87, 0x1C,
  0x70, 0xC3, 0x0C, 0x30, 0xC7, 0x1C, 0x71, 0x8E, 0x38, 0xC6, 0x38, 0x07,
  0x00, 0x38, 0x01, 0xC0, 0x04, 0x0E, 0x21, 0xFF, 0xFF, 0xFF, 0xE0, 0xE0,
  0x0D, 0x80, 0xEE, 0x0E, 0x38, 0x71, 0xC0, 0x88, 0x00, 0x03, 0x00, 0x18,
  0x00, 0xC0, 0x06, 0x00, 0x30, 0x7F, 0xFF, 0xFF, 0xE0, 0x60, 0x03, 0x00,
  0x18, 0x00, 0xC0, 0x06, 0x00, 0x30, 0x00, 0x77, 0x76, 0x6C, 0xC0, 0xFF,
  0xFC, 0xFF, 0x80, 0x00, 0xC0, 0x70, 0x18, 0x0E, 0x03, 0x00, 0xC0, 0x70,
  0x18, 0x06, 0x03, 0x80, 0xC0, 0x70, 0x18, 0x06, 0x03, 0x80, 0xC0, 0x30,
  0x1C, 0x06, 0x03, 0x80, 0x0F, 0x80, 0xFF, 0x0E, 0x3C, 0xE0, 0x67, 0x03,
  0xB0, 0x1D, 0x80, 0x7C, 0x03, 0xE0, 0x1F, 0x00, 0xF8, 0x07, 0xC0, 0x3E,
  0x01, 0xB0, 0x0D, 0x80, 0x6C, 0x07, 0x70, 0x31, 0xC3, 0x87, 0xF8, 0x1F,
  0x80, 0x03, 0x0F, 0x1F, 0x3F, 0xF7, 0x67, 0x07, 0x07, 0x07, 0x07, 0x07,
  0x07, 0x07, 0x07, 0x07, 0x07, 0x07, 0x07, 0x07, 0x07, 0x0F, 0x81, 0xFF,
  0x1E, 0x3C, 0xC0, 0xE0, 0x03, 0x00, 0x18, 0x00, 0xC0, 0x06, 0x00, 0x70,
  0x07, 0x00, 0x30, 0x03, 0x80, 0x38, 0x03, 0x80, 0x38, 0x03, 0x80, 0x38,
  0x03, 0x80, 0x3F, 0xFF, 0xFF, 0xF0, 0x0F, 0x83, 0xFF, 0x3C, 0x3C, 0x80,
  0x60, 0x03, 0x80, 0x18, 0x00, 0xC0, 0x0E, 0x00, 0xE0, 0xFC, 0x07, 0xF8,
  0x00, 0xE0, 0x03, 0x80, 0x1C, 0x00, 0x60, 0x07, 0x00, 0x3E, 0x03, 0xBF,
  0xF8, 0xFF, 0x80, 0x00, 0x60, 0x03, 0x80, 0x1E, 0x00, 0x78, 0x03, 0x60,
  0x19, 0x80, 0xE6, 0x03, 0x18, 0x18, 0x60, 0xE1, 0x83, 0x06, 0x18, 0x18,
  0xE0, 0x63, 0xFF, 0xFF, 0xFF, 0xFF, 0xFF, 0x00, 0x60, 0x01, 0x80, 0x06,
  0x00, 0x18, 0x7F, 0xE7, 0xFE, 0x7F, 0xE6, 0x00, 0x60, 0x06, 0x00, 0xE0,
  0x0E, 0x00, 0xFF, 0x8F, 0xFC, 0x00, 0xE0, 0x07, 0x00, 0x70, 0x03, 0x00,
  0x30, 0x07, 0x00, 0x78, 0x0E, 0xFF, 0xCF, 0xF8, 0x03, 0xE1, 0xFE, 0x3C,
  0x07, 0x00, 0x60, 0x0E, 0x00, 0xC0, 0x0C, 0x00, 0xCF, 0xCF, 0xFE, 0xF0,
  0x7E, 0x03, 0xC0, 0x3C, 0x03, 0xC0, 0x3C, 0x03, 0xE0, 0x77, 0x06, 0x3F,
  0xE1, 0xF8, 0xFF, 0xFF, 0xFF, 0xFF, 0xFE, 0x00, 0x70, 0x03, 0x00, 0x38,
  0x01, 0x80, 0x1C, 0x00, 0xE0, 0x06, 0x00, 0x70, 0x03, 0x00, 0x38, 0x01,
  0x80, 0x1C, 0x00, 0xC0, 0x0E, 0x00, 0x70, 0x07, 0x00, 0x38, 0x00, 0x0F,
  0x81, 0xFF, 0x0E, 0x1C, 0xE0, 0x76, 0x03, 0xB0, 0x1D, 0xC0, 0xC7, 0x0E,
  0x1F, 0xE0, 0x7C, 0x07, 0xF8, 0x71, 0xE7, 0x03, 0xB0, 0x0F, 0x80, 0x7C,
  0x03, 0xE0, 0x1B, 0x81, 0xCF, 0xFC, 0x3F, 0x80, 0x0F, 0x80, 0xFF, 0x0E,
  0x3C, 0xE0, 0x66, 0x03, 0xF0, 0x0F, 0x80, 0x7C, 0x03, 0x60, 0x3B, 0x81,
  0xDE, 0x3E, 0x7F, 0xB0, 0xF1, 0x80, 0x1C, 0x00, 0xC0, 0x06, 0x00, 0x70,
  0x07, 0x0F, 0xF0, 0x7E, 0x00, 0xFF, 0xA0, 0x00, 0x00, 0x0F, 0xF8, 0x77,
  0x72, 0x00, 0x00, 0x00, 0x00, 0x77, 0x66, 0xEC, 0xC0, 0x00, 0x08, 0x00,
  0xC0, 0x1E, 0x03, 0xC0, 0x78, 0x0F, 0x01, 0xE0, 0x1C, 0x00, 0x7C, 0x00,
  0xF8, 0x00, 0xF0, 0x01, 0xF0, 0x03, 0x80, 0x04, 0xFF, 0xFF, 0xFF, 0x00,
  0x00, 0x00, 0x00, 0x0F, 0xFF, 0xFF, 0xF0, 0x80, 0x07, 0x00, 0x3E, 0x00,
  0x3C, 0x00, 0x78, 0x00, 0xF0, 0x01, 0xE0, 0x07, 0x00, 0xF0, 0x1E, 0x07,
  0xC0, 0xF8, 0x0E, 0x00, 0x40, 0x00, 0x1F, 0x1F, 0xF9, 0x87, 0x80, 0x70,
  0x06, 0x00, 0xC0, 0x18, 0x07, 0x01, 0xC0, 0x70, 0x1C, 0x07, 0x00, 0xC0,
  0x18, 0x00, 0x00, 0x00, 0x00, 0x03, 0x80, 0x78, 0x0E, 0x00, 0x00, 0x38,
  0x00, 0x1F, 0xF8, 0x03, 0xE1, 0xF0, 0x38, 0x01, 0xC3, 0x80, 0x07, 0x38,
  0x00, 0x19, 0x83, 0xF8, 0xD8, 0x3F, 0xC3, 0xC3, 0x06, 0x1E, 0x38, 0x30,
  0xF1, 0x81, 0x87, 0x8C, 0x0C, 0x3C, 0x60, 0x61, 0xE3, 0x07, 0x0F, 0x0C,
  0x38, 0xD8, 0x7F, 0x7C, 0xC1, 0xF1, 0xC3, 0x00, 0x00, 0x1C, 0x00, 0x00,
  0x70, 0x02, 0x01, 0xF0, 0xF0, 0x03, 0xFF, 0x00, 0x00, 0xC0, 0x00, 0x70,
  0x00, 0x1E, 0x00, 0x0F, 0x80, 0x03, 0x60, 0x00, 0xCC, 0x00, 0x73, 0x00,
  0x18, 0xE0, 0x0E, 0x18, 0x03, 0x86, 0x00, 0xC1, 0xC0, 0x70, 0x30, 0x1F,
  0xFE, 0x07, 0xFF, 0x83, 0x80, 0x60, 0xC0, 0x1C, 0x70, 0x03, 0x18, 0x00,
  0xE6, 0x00, 0x3B, 0x80, 0x07, 0xFE, 0x07, 0xFF, 0x3F, 0xFD, 0x80, 0xEC,
  0x03, 0xE0, 0x1F, 0x00, 0xF8, 0x06, 0xC0, 0xE7, 0xFE, 0x3F, 0xF9, 0x80,
  0xEC, 0x03, 0xE0, 0x0F, 0x00, 0x78, 0x03, 0xC0, 0x3E, 0x03, 0xFF, 0xFD,
  0xFF, 0x80, 0x03, 0xF0, 0x3F, 0xF1, 0xE1, 0xCE, 0x00, 0x70, 0x01, 0x80,
  0x0E, 0x00, 0x38, 0x00, 0xC0, 0x03, 0x00, 0x0C, 0x00, 0x30, 0x00, 0xC0,
  0x03, 0x80, 0x0E, 0x00, 0x1C, 0x00, 0x70, 0x00, 0xF0, 0x11, 0xFF, 0xC3,
  0xFF, 0xFE, 0x01, 0xFF, 0xC3, 0xFF, 0xC6, 0x01, 0xCC, 0x01, 0xD8, 0x01,
  0xF0, 0x03, 0xE0, 0x07, 0xC0, 0x07, 0x80, 0x0F, 0x00, 0x1E, 0x00, 0x3C,
  0x00, 0xF8, 0x01, 0xF0, 0x03, 0xE0, 0x0E, 0xC0, 0x39, 0x81, 0xF3, 0xFF,
  0x87, 0xFC, 0x00, 0xFF, 0xFF, 0xFF, 0xFF, 0xE0, 0x0C, 0x01, 0x80, 0x30,
  0x06, 0x00, 0xC0, 0x1F, 0xFB, 0xFF, 0x60, 0x0C, 0x01, 0x80, 0x30, 0x06,
  0x00, 0xC0, 0x18, 0x03, 0xFF, 0xFF, 0xF0, 0xFF, 0xFF, 0xFF, 0xFF, 0xE0,
  0x0C, 0x01, 0x80, 0x30, 0x06, 0x00, 0xC0, 0x18, 0x03, 0xFF, 0x7F, 0xEC,
  0x01, 0x80, 0x30, 0x06, 0x00, 0xC0, 0x18, 0x03, 0x00, 0x60, 0x00, 0x01,
  0xF8, 0x0F, 0xFF, 0x1F, 0x0E, 0x38, 0x00, 0x70, 0x00, 0x60, 0x00, 0xE0,
  0x00, 0xE0, 0x00, 0xC0, 0x00, 0xC0, 0x00, 0xC0, 0x7F, 0xC0, 0x7F, 0xC0,
  0x07, 0xE0, 0x07, 0xE0, 0x07, 0x70, 0x07, 0x78, 0x07, 0x3C, 0x07, 0x1F,
  0xFF, 0x07, 0xFE, 0xC0, 0x0F, 0x80, 0x1F, 0x00, 0x3E, 0x00, 0x7C, 0x00,
  0xF8, 0x01, 0xF0, 0x03, 0xE0, 0x07, 0xC0, 0x0F, 0xFF, 0xFF, 0xFF, 0xFE,
  0x00, 0x7C, 0x00, 0xF8, 0x01, 0xF0, 0x03, 0xE0, 0x07, 0xC0, 0x0F, 0x80,
  0x1F, 0x00, 0x3E, 0x00, 0x70, 0xFF, 0xFC, 0xE1, 0xC3, 0x87, 0x0E, 0x1C,
  0x38, 0x70, 0xE1, 0xC3, 0x87, 0x0E, 0x1C, 0x38, 0x73, 0xFF, 0xF0, 0x06,
  0x0C, 0x18, 0x30, 0x60, 0xC1, 0x83, 0x06, 0x0C, 0x18, 0x30, 0x60, 0xC1,
  0x83, 0x06, 0x0C, 0x18, 0x30, 0xE1, 0xC3, 0x7E, 0xF8, 0xC0, 0x1F, 0x00,
  0xEC, 0x07, 0x30, 0x38, 0xC1, 0xC3, 0x0E, 0x0C, 0x70, 0x33, 0x80, 0xCC,
  0x03, 0x70, 0x0F, 0xE0, 0x39, 0xC0, 0xC7, 0x83, 0x0E, 0x0C, 0x1C, 0x30,
  0x38, 0xC0, 0xE3, 0x01, 0xCC, 0x03, 0xB0, 0x07, 0xC0, 0x18, 0x03, 0x00,
  0x60, 0x0C, 0x01, 0x80, 0x30, 0x06, 0x00, 0xC0, 0x18, 0x03, 0x00, 0x60,
  0x0C, 0x01, 0x80, 0x30, 0x06, 0x00, 0xC0, 0x18, 0x03, 0xFF, 0xFF, 0xF0,
  0xE0, 0x00, 0xFE, 0x00, 0x3F, 0xC0, 0x07, 0xF8, 0x01, 0xFF, 0x80, 0x37,
  0xB0, 0x06, 0xF7, 0x01, 0x9E, 0x60, 0x33, 0xCC, 0x0E, 0x79, 0xC1, 0x8F,
  0x18, 0x31, 0xE3, 0x0E, 0x3C, 0x71, 0x87, 0x86, 0x30, 0xF0, 0xEC, 0x1E,
  0x0D, 0x83, 0xC1, 0xF0, 0x78, 0x3C, 0x0F, 0x03, 0x81, 0xE0, 0x70, 0x30,
  0xE0, 0x07, 0xC0, 0x0F, 0xC0, 0x1F, 0xC0, 0x3F, 0x80, 0x7B, 0x80, 0xF3,
  0x01, 0xE7, 0x03, 0xC7, 0x07, 0x86, 0x0F, 0x0E, 0x1E, 0x0E, 0x3C, 0x1C,
  0x78, 0x1C, 0xF0, 0x1D, 0xE0, 0x3B, 0xC0, 0x3F, 0x80, 0x3F, 0x00, 0x7E,
  0x00, 0x70, 0x03, 0xF0, 0x07, 0xFF, 0x03, 0xE1, 0xE1, 0xE0, 0x1C, 0x70,
  0x03, 0xB8, 0x00, 0xEE, 0x00, 0x1B, 0x80, 0x07, 0xC0, 0x01, 0xF0, 0x00,
  0x7C, 0x00, 0x1F, 0x00, 0x07, 0xC0, 0x01, 0xF8, 0x00, 0x6E, 0x00, 0x39,
  0xC0, 0x0E, 0x70, 0x07, 0x0F, 0x03, 0x81, 0xFF, 0xC0, 0x1F, 0xE0, 0xFC,
  0x0F, 0xFC, 0xFF, 0xEC, 0x0F, 0xC0, 0x7C, 0x03, 0xC0, 0x3C, 0x07, 0xC0,
  0x7C, 0x0E, 0xFF, 0xCF, 0xF8, 0xC0, 0x0C, 0x00, 0xC0, 0x0C, 0x00, 0xC0,
  0x0C, 0x00, 0xC0, 0x0C, 0x00, 0x03, 0xF0, 0x07, 0xFF, 0x03, 0xE1, 0xE1,
  0xE0, 0x1C, 0x70, 0x03, 0xB8, 0x00, 0xEE, 0x00, 0x1B, 0x80, 0x07, 0xC0,
  0x01, 0xF0, 0x00, 0x7C, 0x00, 0x1F, 0x00, 0x07, 0xC0, 0x01, 0xF8, 0x00,
  0x6E, 0x00, 0x39, 0xC0, 0x0E, 0x70, 0x07, 0x0F, 0x03, 0xC1, 0xFF, 0xC0,
  0x1F, 0xE0, 0x00, 0x38, 0x00, 0x0F, 0x00, 0x01, 0xE0, 0x00, 0x3C, 0x00,
  0x07, 0x80, 0xFE, 0x03, 0xFF, 0x0F, 0xFE, 0x30, 0x1C, 0xC0, 0x73, 0x00,
  0xCC, 0x03, 0x30, 0x1C, 0xC0, 0x73, 0x07, 0x8F, 0xFC, 0x3F, 0xC0, 0xC3,
  0x83, 0x07, 0x0C, 0x0C, 0x30, 0x38, 0xC0, 0x73, 0x01, 0xCC, 0x03, 0xB0,
  0x0F, 0x0F, 0xC1, 0xFF, 0x9E, 0x1C, 0xE0, 0x06, 0x00, 0x30, 0x01, 0x80,
  0x0E, 0x00, 0x3C, 0x00, 0xF8, 0x01, 0xF0, 0x03, 0xE0, 0x07, 0x00, 0x1C,
  0x00, 0xE0, 0x07, 0x00, 0x3E, 0x03, 0xBF, 0xF8, 0xFF, 0x80, 0xFF, 0xFF,
  0xFF, 0xFF, 0xFF, 0xF8, 0x1C, 0x00, 0x38, 0x00, 0x70, 0x00, 0xE0, 0x01,
  0xC0, 0x03, 0x80, 0x07, 0x00, 0x0E, 0x00, 0x1C, 0x00, 0x38, 0x00, 0x70,
  0x00, 0xE0, 0x01, 0xC0, 0x03, 0x80, 0x07, 0x00, 0x0E, 0x00, 0x1C, 0x00,
  0xE0, 0x07, 0xE0, 0x07, 0xE0, 0x07, 0xE0, 0x07, 0xE0, 0x07, 0xE0, 0x07,
  0xE0, 0x07, 0xE0, 0x07, 0xE0, 0x07, 0xE0, 0x07, 0xE0, 0x07, 0xE0, 0x07,
  0xE0, 0x07, 0xE0, 0x07, 0x60, 0x06, 0x60, 0x06, 0x70, 0x0E, 0x38, 0x1C,
  0x1F, 0xF8, 0x0F, 0xF0, 0xE0, 0x03, 0xE0, 0x07, 0x60, 0x07, 0x70, 0x06,
  0x70, 0x0E, 0x30, 0x0E, 0x38, 0x0C, 0x18, 0x1C, 0x18, 0x1C, 0x1C, 0x18,
  0x0C, 0x38, 0x0C, 0x38, 0x0E, 0x30, 0x06, 0x70, 0x07, 0x60, 0x07, 0x60,
  0x03, 0xE0, 0x03, 0xC0, 0x03, 0xC0, 0x01, 0xC0, 0xE0, 0x1C, 0x01, 0xB0,
  0x0E, 0x01, 0xD8, 0x07, 0x80, 0xEE, 0x07, 0xC0, 0x67, 0x03, 0x60, 0x31,
  0x81, 0xB0, 0x38, 0xC0, 0xDC, 0x1C, 0x70, 0xE6, 0x0C, 0x38, 0x63, 0x06,
  0x0C, 0x31, 0xC7, 0x06, 0x38, 0x63, 0x03, 0x98, 0x31, 0x80, 0xCC, 0x1C,
  0xC0, 0x66, 0x06, 0xE0, 0x37, 0x03, 0x60, 0x1F, 0x01, 0xB0, 0x07, 0x80,
  0xF8, 0x03, 0xC0, 0x3C, 0x01, 0xC0, 0x1C, 0x00, 0xE0, 0x0E, 0x00, 0x60,
  0x07, 0x70, 0x0E, 0x38, 0x0C, 0x18, 0x1C, 0x1C, 0x38, 0x0C, 0x30, 0x0E,
  0x70, 0x07, 0xE0, 0x03, 0xC0, 0x03, 0xC0, 0x03, 0xC0, 0x03, 0xE0, 0x06,
  0x60, 0x0E, 0x70, 0x0C, 0x30, 0x1C, 0x38, 0x38, 0x1C, 0x30, 0x0C, 0x70,
  0x0E, 0xE0, 0x07, 0xE0, 0x07, 0x60, 0x0E, 0x70, 0x0C, 0x30, 0x1C, 0x38,
  0x18, 0x18, 0x38, 0x1C, 0x30, 0x0C, 0x70, 0x0E, 0x60, 0x06, 0xE0, 0x07,
  0xC0, 0x03, 0xC0, 0x01, 0x80, 0x01, 0x80, 0x01, 0x80, 0x01, 0x80, 0x01,
  0x80, 0x01, 0x80, 0x01, 0x80, 0x01, 0x80, 0xFF, 0xFB, 0xFF, 0xEF, 0xFF,
  0x80, 0x0E, 0x00, 0x70, 0x03, 0x80, 0x0E, 0x00, 0x70, 0x03, 0x80, 0x0E,
  0x00, 0x70, 0x03, 0x80, 0x0E, 0x00, 0x70, 0x03, 0x80, 0x0E, 0x00, 0x70,
  0x03, 0x80, 0x0F, 0xFF, 0xFF, 0xFF, 0xFF, 0xFE, 0x38, 0xE3, 0x8E, 0x38,
  0xE3, 0x8E, 0x38, 0xE3, 0x8E, 0x38, 0xE3, 0x8E, 0x38, 0xE3, 0x8F, 0xFF,
  0xE0, 0x18, 0x06, 0x01, 0xC0, 0x30, 0x0E, 0x01, 0x80, 0x60, 0x1C, 0x03,
  0x00, 0xC0, 0x38, 0x06, 0x01, 0xC0, 0x30, 0x0C, 0x03, 0x80, 0x60, 0x18,
  0x07, 0xFF, 0xF1, 0xC7, 0x1C, 0x71, 0xC7, 0x1C, 0x71, 0xC7, 0x1C, 0x71,
  0xC7, 0x1C, 0x71, 0xC7, 0x1C, 0x7F, 0xFF, 0x02, 0x00, 0x1C, 0x00, 0x70,
  0x03, 0x60, 0x0D, 0x80, 0x63, 0x01, 0x8C, 0x0E, 0x18, 0x30, 0x60, 0xC0,
  0xC6, 0x03, 0x98, 0x06, 0xC0, 0x1C, 0xFF, 0xFF, 0xFF, 0xE1, 0xC3, 0x07,
  0x0F, 0xC3, 0xFE, 0x30, 0x70, 0x07, 0x00, 0x30, 0x03, 0x07, 0xF3, 0xFF,
  0x70, 0x3E, 0x03, 0xE0, 0x3E, 0x07, 0xE0, 0xF7, 0xFB, 0x3F, 0x30, 0xE0,
  0x07, 0x00, 0x38, 0x01, 0xC0, 0x0E, 0x00, 0x70, 0x03, 0x9F, 0x1F, 0xFC,
  0xF8, 0x77, 0x81, 0xF8, 0x0F, 0xC0, 0x3E, 0x01, 0xF0, 0x0F, 0x80, 0x7C,
  0x03, 0xE0, 0x3F, 0x01, 0xFC, 0x1D, 0xBF, 0xEC, 0xFC, 0x00, 0x0F, 0x8F,
  0xF7, 0x8F, 0x80, 0xE0, 0x30, 0x0C, 0x03, 0x00, 0xC0, 0x30, 0x0C, 0x03,
  0x80, 0x70, 0x5F, 0xF1, 0xFC, 0x00, 0x38, 0x01, 0xC0, 0x0E, 0x00, 0x70,
  0x03, 0x80, 0x1C, 0x7C, 0xE7, 0xFF, 0x70, 0xFF, 0x03, 0xF0, 0x0F, 0x80,
  0x7C, 0x03, 0xE0, 0x1F, 0x00, 0xF8, 0x07, 0xC0, 0x3F, 0x03, 0xDC, 0x1E,
  0xFF, 0xF3, 0xFB, 0x80, 0x1F, 0x83, 0xFC, 0x70, 0xEE, 0x06, 0xC0, 0x7C,
  0x07, 0xFF, 0xFF, 0xFF, 0xC0, 0x0C, 0x00, 0xC0, 0x0E, 0x00, 0x70, 0x13,
  0xFE, 0x1F, 0xE0, 0x07, 0xE1, 0xF8, 0x70, 0x0E, 0x01, 0x80, 0x30, 0x0F,
  0xE7, 0xFC, 0x18, 0x03, 0x00, 0x60, 0x0C, 0x01, 0x80, 0x30, 0x06, 0x00,
  0xC0, 0x18, 0x03, 0x00, 0x60, 0x0C, 0x01, 0x80, 0x1F, 0x19, 0xFD, 0xDC,
  0x3F, 0xC0, 0xFE, 0x03, 0xE0, 0x1F, 0x00, 0xF8, 0x07, 0xC0, 0x3E, 0x01,
  0xF0, 0x0F, 0xC0, 0x77, 0x07, 0xBF, 0xFC, 0xFE, 0xE0, 0x07, 0x00, 0x30,
  0x01, 0xA0, 0x1C, 0xF3, 0xC7, 0xFC, 0x07, 0x00, 0xE0, 0x07, 0x00, 0x38,
  0x01, 0xC0, 0x0E, 0x00, 0x70, 0x03, 0x9F, 0x1F, 0xFE, 0xF8, 0x77, 0x81,
  0xF8, 0x0F, 0xC0, 0x7E, 0x03, 0xF0, 0x1F, 0x80, 0xFC, 0x07, 0xE0, 0x3F,
  0x01, 0xF8, 0x0F, 0xC0, 0x7E, 0x03, 0x80, 0xFD, 0x81, 0xFF, 0xFF, 0xFF,
  0xFF, 0xFF, 0xF0, 0x0E, 0x1C, 0x18, 0x00, 0x01, 0xC3, 0x87, 0x0E, 0x1C,
  0x38, 0x70, 0xE1, 0xC3, 0x87, 0x0E, 0x1C, 0x38, 0x70, 0xE1, 0xC3, 0x87,
  0x9D, 0xF9, 0xC0, 0xE0, 0x0E, 0x00, 0xE0, 0x0E, 0x00, 0xE0, 0x0E, 0x00,
  0xE0, 0x7E, 0x0E, 0xE1, 0xCE, 0x38, 0xE7, 0x0E, 0xE0, 0xFC, 0x0F, 0xE0,
  0xF6, 0x0E, 0x70, 0xE3, 0x8E, 0x1C, 0xE0, 0xEE, 0x0E, 0xE0, 0x70, 0xFF,
  0xFF, 0xFF, 0xFF, 0xFF, 0xFF, 0xFF, 0xFE, 0xC7, 0xC3, 0xE7, 0xFF, 0x3F,
  0xBE, 0x3F, 0x0F, 0xE0, 0xF0, 0x3E, 0x03, 0x01, 0xF0, 0x18, 0x0F, 0x80,
  0xC0, 0x7C, 0x06, 0x03, 0xE0, 0x30, 0x1F, 0x01, 0x80, 0xF8, 0x0C, 0x07,
  0xC0, 0x60, 0x3E, 0x03, 0x01, 0xF0, 0x18, 0x0F, 0x80, 0xC0, 0x60, 0xC7,
  0xC7, 0xFF, 0xBE, 0x1D, 0xE0, 0x7E, 0x03, 0xF0, 0x1F, 0x80, 0xFC, 0x07,
  0xE0, 0x3F, 0x01, 0xF8, 0x0F, 0xC0, 0x7E, 0x03, 0xF0, 0x1F, 0x80, 0xE0,
  0x0F, 0x81, 0xFF, 0x1C, 0x3D, 0xC0, 0x6E, 0x03, 0xE0, 0x1F, 0x00, 0x78,
  0x03, 0xC0, 0x1E, 0x01, 0xF0, 0x0F, 0xC0, 0x67, 0x07, 0x1F, 0xF0, 0x7F,
  0x00, 0xC7, 0xC7, 0xFF, 0x3E, 0x1D, 0xE0, 0x7E, 0x03, 0xF0, 0x0F, 0x80,
  0x7C, 0x03, 0xE0, 0x1F, 0x00, 0xF8, 0x0F, 0xC0, 0x7F, 0x07, 0x7F, 0xFB,
  0xBF, 0x1C, 0x00, 0xE0, 0x07, 0x00, 0x38, 0x01, 0xC0, 0x0E, 0x00, 0x70,
  0x00, 0x1F, 0x19, 0xFD, 0xDC, 0x3F, 0xC0, 0xFC, 0x03, 0xE0, 0x1F, 0x00,
  0xF8, 0x07, 0xC0, 0x3E, 0x01, 0xF0, 0x0F, 0xC0, 0xF7, 0x07, 0xBF, 0xFC,
  0xFE, 0xE0, 0x07, 0x00, 0x38, 0x01, 0xC0, 0x0E, 0x00, 0x70, 0x03, 0x80,
  0x1C, 0xC7, 0xE7, 0xFF, 0x1E, 0x0E, 0x07, 0x03, 0x81, 0xC0, 0xE0, 0x70,
  0x38, 0x1C, 0x0E, 0x07, 0x03, 0x80, 0x1F, 0x8F, 0xFD, 0x81, 0x70, 0x0E,
  0x00, 0xE0, 0x1F, 0x00, 0xFC, 0x07, 0xC0, 0x1C, 0x03, 0x80, 0x38, 0x0F,
  0xFF, 0x9F, 0xE0, 0x18, 0x0C, 0x06, 0x07, 0xFF, 0xF8, 0xC0, 0x60, 0x30,
  0x18, 0x0C, 0x06, 0x03, 0x01, 0x80, 0xC0, 0x60, 0x30, 0x1F, 0x87, 0xC0,
  0xE0, 0x3F, 0x01, 0xF8, 0x0F, 0xC0, 0x7E, 0x03, 0xF0, 0x1F, 0x80, 0xFC,
  0x07, 0xE0, 0x3F, 0x01, 0xF8, 0x0F, 0xC0, 0xF7, 0x07, 0xBF, 0xFC, 0xFE,
  0x60, 0xE0, 0x1F, 0x80, 0x66, 0x01, 0x9C, 0x0E, 0x30, 0x30, 0xC1, 0xC3,
  0x87, 0x06, 0x18, 0x1C, 0xE0, 0x73, 0x00, 0xCC, 0x03, 0xF0, 0x07, 0x80,
  0x1E, 0x00, 0x78, 0x00, 0xE0, 0x70, 0x1B, 0x03, 0x81, 0xD8, 0x1E, 0x0E,
  0xE1, 0xF0, 0x67, 0x0D, 0x83, 0x18, 0x6E, 0x38, 0xC3, 0x31, 0xC7, 0x31,
  0x8C, 0x19, 0x8E, 0x60, 0xCC, 0x37, 0x06, 0xE1, 0xB0, 0x3E, 0x0D, 0x80,
  0xF0, 0x3C, 0x07, 0x81, 0xE0, 0x38, 0x0E, 0x00, 0x70, 0x1C, 0xC0, 0xE3,
  0x83, 0x07, 0x18, 0x0C, 0xE0, 0x3F, 0x00, 0x78, 0x00, 0xE0, 0x07, 0x80,
  0x3B, 0x00, 0xCE, 0x07, 0x1C, 0x38, 0x30, 0xC0, 0xEF, 0x01, 0xC0, 0xE0,
  0x1D, 0x80, 0x76, 0x01, 0x9C, 0x0E, 0x30, 0x30, 0xE1, 0xC1, 0x87, 0x06,
  0x18, 0x1C, 0xE0, 0x33, 0x80, 0xCC, 0x01, 0xF0, 0x07, 0x80, 0x1E, 0x00,
  0x38, 0x00, 0xC0, 0x07, 0x00, 0x18, 0x00, 0xE0, 0x27, 0x00, 0xF8, 0x01,
  0x80, 0x00, 0x7F, 0xEF, 0xFC, 0x03, 0x00, 0xE0, 0x38, 0x06, 0x01, 0xC0,
  0x70, 0x1C, 0x03, 0x00, 0xE0, 0x38, 0x06, 0x01, 0xFF, 0xFF, 0xF8, 0x01,
  0x83, 0xC3, 0xC3, 0x81, 0xC0, 0xE0, 0x70, 0x38, 0x1C, 0x0C, 0x0E, 0x1E,
  0x0E, 0x03, 0xC0, 0x60, 0x38, 0x1C, 0x0E, 0x07, 0x03, 0x81, 0xC0, 0xE0,
  0x3E, 0x0F, 0xFF, 0xFF, 0xFF, 0xFF, 0xFF, 0xFF, 0xFF, 0x80, 0x78, 0x1E,
  0x03, 0x01, 0x80, 0xC0, 0x60, 0x30, 0x18, 0x0C, 0x07, 0x01, 0xF0, 0x38,
  0x70, 0x70, 0x30, 0x18, 0x0C, 0x06, 0x03, 0x01, 0x81, 0xC3, 0xE1, 0xC0,
  0x7E, 0x0F, 0xFF, 0xE0, 0x7C
 };

const GFXglyph NotoSans_Regular_Base_14pt7bGlyphs[] PROGMEM = {
// bmpOff,   w,   h,xAdv, xOff, yOff      range 0 (0x20 - 0x7e)
  {     0,   1,   1,   7,    0,    0 },   // 0x20 space  ' ' (#0)
  {     1,   3,  20,   7,    2,  -19 },   // 0x21 exclam  '!' (#1)
  {     9,   7,   8,  11,    2,  -19 },   // 0x22 quotedbl  '"' (#2)
  {    16,  16,  20,  18,    1,  -19 },   // 0x23 numbersign  '#' (#3)
  {    56,  12,  23,  16,    2,  -20 },   // 0x24 dollar  '$' (#4)
  {    91,  20,  20,  23,    1,  -19 },   // 0x25 percent  '%' (#5)
  {   141,  19,  20,  20,    1,  -19 },   // 0x26 ampersand  '&' (#6)
  {   189,   2,   8,   6,    2,  -19 },   // 0x27 quotesingle  ''' (#7)
  {   191,   6,  24,   8,    1,  -19 },   // 0x28 parenleft  '(' (#8)
  {   209,   6,  24,   8,    1,  -19 },   // 0x29 parenright  ')' (#9)
  {   227,  13,  13,  15,    1,  -20 },   // 0x2A asterisk  '*' (#10)
  {   249,  13,  13,  16,    1,  -15 },   // 0x2B plus  '+' (#11)
  {   271,   4,   7,   7,    1,   -2 },   // 0x2C comma  ',' (#12)
  {   275,   7,   2,   9,    1,   -7 },   // 0x2D hyphen  '-' (#13)
  {   277,   3,   3,   7,    2,   -2 },   // 0x2E period  '.' (#14)
  {   279,  10,  20,  10,    0,  -19 },   // 0x2F slash  '/' (#15)
  {   304,  13,  20,  16,    1,  -19 },   // 0x30 zero  '0' (#16)
  {   337,   8,  20,  16,    2,  -19 },   // 0x31 one  '1' (#17)
  {   357,  13,  20,  16,    1,  -19 },   // 0x32 two  '2' (#18)
  {   390,  13,  20,  16,    1,  -19 },   // 0x33 three  '3' (#19)
  {   423,  14,  20,  16,    1,  -19 },   // 0x34 four  '4' (#20)
  {   458,  12,  20,  16,    2,  -19 },   // 0x35 five  '5' (#21)
  {   488,  12,  20,  16,    2,  -19 },   // 0x36 six  '6' (#22)
  {   518,  13,  20,  16,    1,  -19 },   // 0x37 seven  '7' (#23)
  {   551,  13,  20,  16,    1,  -19 },   // 0x38 eight  '8' (#24)
  {   584,  13,  20,  16,    1,  -19 },   // 0x39 nine  '9' (#25)
  {   617,   3,  15,   7,    2,  -14 },   // 0x3A colon  ':' (#26)
  {   623,   4,  19,   7,    1,  -14 },   // 0x3B semicolon  ';' (#27)
  {   633,  13,  14,  16,    1,  -16 },   // 0x3C less  '<' (#28)
  {   656,  12,   7,  16,    2,  -12 },   // 0x3D equal  '=' (#29)
  {   667,  13,  14,  16,    1,  -16 },   // 0x3E greater  '>' (#30)
  {   690,  11,  20,  12,    0,  -19 },   // 0x3F question  '?' (#31)
  {   718,  21,  22,  25,    2,  -19 },   // 0x40 at  '@' (#32)
  {   776,  18,  20,  18,    0,  -19 },   // 0x41 A  'A' (#33)
  {   821,  13,  20,  18,    3,  -19 },   // 0x42 B  'B' (#34)
  {   854,  14,  20,  17,    2,  -19 },   // 0x43 C  'C' (#35)
  {   889,  15,  20,  20,    3,  -19 },   // 0x44 D  'D' (#36)
  {   927,  11,  20,  15,    3,  -19 },   // 0x45 E  'E' (#37)
  {   955,  11,  20,  14,    3,  -19 },   // 0x46 F  'F' (#38)
  {   983,  16,  20,  20,    2,  -19 },   // 0x47 G  'G' (#39)
  {  1023,  15,  20,  20,    3,  -19 },   // 0x48 H  'H' (#40)
  {  1061,   7,  20,   9,    1,  -19 },   // 0x49 I  'I' (#41)
  {  1079,   7,  25,   7,   -2,  -19 },   // 0x4A J  'J' (#42)
  {  1101,  14,  20,  17,    3,  -19 },   // 0x4B K  'K' (#43)
  {  1136,  11,  20,  14,    3,  -19 },   // 0x4C L  'L' (#44)
  {  1164,  19,  20,  25,    3,  -19 },   // 0x4D M  'M' (#45)
  {  1212,  15,  20,  21,    3,  -19 },   // 0x4E N  'N' (#46)
  {  1250,  18,  20,  21,    2,  -19 },   // 0x4F O  'O' (#47)
  {  1295,  12,  20,  17,    3,  -19 },   // 0x50 P  'P' (#48)
  {  1325,  18,  25,  21,    2,  -19 },   // 0x51 Q  'Q' (#49)
  {  1382,  14,  20,  17,    3,  -19 },   // 0x52 R  'R' (#50)
  {  1417,  13,  20,  15,    1,  -19 },   // 0x53 S  'S' (#51)
  {  1450,  15,  20,  15,    0,  -19 },   // 0x54 T  'T' (#52)
  {  1488,  16,  20,  20,    2,  -19 },   // 0x55 U  'U' (#53)
  {  1528,  16,  20,  16,    0,  -19 },   // 0x56 V  'V' (#54)
  {  1568,  25,  20,  26,    0,  -19 },   // 0x57 W  'W' (#55)
  {  1631,  16,  20,  16,    0,  -19 },   // 0x58 X  'X' (#56)
  {  1671,  16,  20,  16,    0,  -19 },   // 0x59 Y  'Y' (#57)
  {  1711,  14,  20,  16,    1,  -19 },   // 0x5A Z  'Z' (#58)
  {  1746,   6,  24,   9,    2,  -19 },   // 0x5B bracketleft  '[' (#59)
  {  1764,  10,  20,  10,    0,  -19 },   // 0x5C backslash  '\' (#60)
  {  1789,   6,  24,   9,    1,  -19 },   // 0x5D bracketright  ']' (#61)
  {  1807,  14,  13,  16,    1,  -19 },   // 0x5E asciicircum  '^' (#62)
  {  1830,  12,   2,  12,    0,    3 },   // 0x5F underscore  '_' (#63)
  {  1833,   6,   4,   8,    1,  -20 },   // 0x60 grave  '`' (#64)
  {  1836,  12,  15,  15,    1,  -14 },   // 0x61 a  'a' (#65)
  {  1859,  13,  21,  17,    2,  -20 },   // 0x62 b  'b' (#66)
  {  1894,  10,  15,  13,    2,  -14 },   // 0x63 c  'c' (#67)
  {  1913,  13,  21,  17,    2,  -20 },   // 0x64 d  'd' (#68)
  {  1948,  12,  15,  15,    2,  -14 },   // 0x65 e  'e' (#69)
  {  1971,  11,  21,   9,    0,  -20 },   // 0x66 f  'f' (#70)
  {  2000,  13,  22,  17,    2,  -14 },   // 0x67 g  'g' (#71)
  {  2036,  13,  21,  17,    2,  -20 },   // 0x68 h  'h' (#72)
  {  2071,   3,  20,   7,    2,  -19 },   // 0x69 i  'i' (#73)
  {  2079,   7,  27,   7,   -2,  -19 },   // 0x6A j  'j' (#74)
  {  2103,  12,  21,  15,    2,  -20 },   // 0x6B k  'k' (#75)
  {  2135,   3,  21,   7,    2,  -20 },   // 0x6C l  'l' (#76)
  {  2143,  21,  15,  26,    2,  -14 },   // 0x6D m  'm' (#77)
  {  2183,  13,  15,  17,    2,  -14 },   // 0x6E n  'n' (#78)
  {  2208,  13,  15,  17,    2,  -14 },   // 0x6F o  'o' (#79)
  {  2233,  13,  22,  17,    2,  -14 },   // 0x70 p  'p' (#80)
  {  2269,  13,  22,  17,    2,  -14 },   // 0x71 q  'q' (#81)
  {  2305,   9,  15,  11,    2,  -14 },   // 0x72 r  'r' (#82)
  {  2322,  11,  15,  13,    1,  -14 },   // 0x73 s  's' (#83)
  {  2343,   9,  18,  10,    0,  -17 },   // 0x74 t  't' (#84)
  {  2364,  13,  15,  17,    2,  -14 },   // 0x75 u  'u' (#85)
  {  2389,  14,  15,  14,    0,  -14 },   // 0x76 v  'v' (#86)
  {  2416,  21,  15,  22,    0,  -14 },   // 0x77 w  'w' (#87)
  {  2456,  14,  15,  15,    0,  -14 },   // 0x78 x  'x' (#88)
  {  2483,  14,  22,  14,    0,  -14 },   // 0x79 y  'y' (#89)
  {  2522,  11,  15,  13,    1,  -14 },   // 0x7A z  'z' (#90)
  {  2543,   9,  24,  10,    1,  -19 },   // 0x7B braceleft  '{' (#91)
  {  2570,   2,  28,  15,    7,  -20 },   // 0x7C bar  '|' (#92)
  {  2577,   9,  24,  10,    1,  -19 },   // 0x7D braceright  '}' (#93)
  {  2604,  13,   3,  16,    1,  -10 } }; // 0x7E asciitilde  '~' (#94)

const GFXfont NotoSans_Regular_Base_14pt7b PROGMEM = {
  (uint8_t  *)NotoSans_Regular_Base_14pt7bBitmaps,
  (GFXglyph *)NotoSans_Regular_Base_14pt7bGlyphs,
  0x20, // first
  0x7E, // last
  37   //height
 };

// Approx. 3281 bytes

// /tmp/fontconvert_pinned -f /home/user/qmk_firmware/keyboards/handwired/polykybd/fonts/noto-sans/NotoSans-Regular.ttf -s 14 -v _LatinExtB_ -r 44 384 591 
// Visualize your font via https://tchapi.github.io/Adafruit-GFX-Font-Customiser

/* num ranges: 1 */
const uint8_t NotoSans_Regular_LatinExtB_14pt16bBitmaps[] PROGMEM = {
  /* range 0 (0x180 - 0x24f): */  0x38, 0x00, 0x70, 0x00, 0xE0, 0x07, 0xFF, 0x03, 0x80, 0x07, 0x00, 0x0E,
  0x7C, 0x1F, 0xFC, 0x3E, 0x1C, 0x78, 0x1C, 0xE0, 0x39, 0xC0, 0x33, 0x80,
  0x67, 0x00, 0xCE, 0x01, 0x9C, 0x03, 0x38, 0x0E, 0x70, 0x1C, 0xF0, 0x71,
  0xBF, 0xE3, 0x3F, 0x00, 0x1F, 0xF0, 0x0F, 0xFF, 0xE3, 0xFF, 0xFE, 0x73,
  0x01, 0xEE, 0x60, 0x1C, 0x0C, 0x03, 0x81, 0x80, 0x70, 0x30, 0x0C, 0x06,
  0x07, 0x80, 0xFF, 0xC0, 0x1F, 0xFC, 0x03, 0x01, 0xE0, 0x60, 0x1C, 0x0C,
  0x01, 0x81, 0x80, 0x38, 0x30, 0x06, 0x06, 0x01, 0xC0, 0xC0, 0x78, 0x1F,
  0xFE, 0x03, 0xFF, 0x00, 0xFF, 0xEF, 0xFE, 0xFF, 0xEC, 0x00, 0xC0, 0x0C,
  0x00, 0xC0, 0x0C, 0x00, 0xC0, 0x0F, 0xFC, 0xFF, 0xEC, 0x07, 0xC0, 0x3C,
  0x03, 0xC0, 0x3C, 0x03, 0xC0, 0x7C, 0x0F, 0xFF, 0xEF, 0xF8, 0xFF, 0xF7,
  0xFF, 0xB8, 0x01, 0xC0, 0x0E, 0x00, 0x70, 0x03, 0x9F, 0x1F, 0xFC, 0xF8,
  0x77, 0x81, 0xF8, 0x0F, 0xC0, 0x3E, 0x01, 0xF0, 0x0F, 0x80, 0x7C, 0x03,
  0xE0, 0x3F, 0x01, 0xFC, 0x1D, 0xBF, 0xEC, 0xFC, 0x00, 0xE0, 0x03, 0x80,
  0x0E, 0x00, 0x38, 0x00, 0xE0, 0x03, 0x80, 0x0E, 0x00, 0x38, 0x00, 0xE0,
  0x03, 0xFF, 0x8F, 0xFF, 0xB8, 0x0E, 0xE0, 0x1F, 0x80, 0x7E, 0x01, 0xD8,
  0x07, 0x60, 0x1D, 0xC0, 0xE3, 0xFF, 0x07, 0xF8, 0xE0, 0x07, 0x00, 0x38,
  0x01, 0xC0, 0x0E, 0x00, 0x70, 0x03, 0x9F, 0x1F, 0xFC, 0xF8, 0x77, 0x81,
  0xF8, 0x0F, 0xC0, 0x3E, 0x01, 0xF0, 0x0F, 0x80, 0x7C, 0x03, 0x60, 0x3B,
  0x81, 0xDC, 0x1C, 0x7F, 0xC1, 0xFC, 0x00, 0x3F, 0x81, 0xFF, 0xC3, 0x87,
  0xC0, 0x03, 0xC0, 0x03, 0x80, 0x03, 0x80, 0x07, 0x00, 0x06, 0x00, 0x0E,
  0x00, 0x1C, 0x00, 0x38, 0x00, 0x70, 0x00, 0xC0, 0x01, 0x80, 0x07, 0x00,
  0x0E, 0x00, 0x39, 0x01, 0xE1, 0xFF, 0x83, 0xFE, 0x00, 0x00, 0x01, 0x00,
  0x03, 0xC0, 0x03, 0xE0, 0x01, 0x80, 0x3F, 0xC0, 0x7F, 0xE0, 0x78, 0x70,
  0x70, 0x00, 0x70, 0x00, 0x30, 0x00, 0x38, 0x00, 0x1C, 0x00, 0x0C, 0x00,
  0x06, 0x00, 0x03, 0x00, 0x01, 0x80, 0x00, 0xC0, 0x00, 0x70, 0x00, 0x38,
  0x00, 0x0E, 0x00, 0x07, 0x00, 0x01, 0xE0, 0x20, 0x7F, 0xF0, 0x1F, 0xF8,
  0x00, 0x78, 0x03, 0xC0, 0x38, 0x01, 0x80, 0x0C, 0x00, 0x60, 0x3F, 0x07,
  0xF8, 0x78, 0xC7, 0x00, 0x38, 0x01, 0x80, 0x0C, 0x00, 0x60, 0x03, 0x00,
  0x18, 0x00, 0xC0, 0x07, 0x00, 0x1C, 0x10, 0xFF, 0x81, 0xFC, 0x00, 0x3F,
  0x80, 0x1F, 0xFC, 0x0F, 0xFF, 0x06, 0x01, 0xC3, 0x00, 0x71, 0x80, 0x1C,
  0xC0, 0x0E, 0x60, 0x07, 0x30, 0x01, 0xFF, 0xC0, 0xFF, 0xE0, 0x66, 0x00,
  0x33, 0x00, 0x39, 0x80, 0x1C, 0xC0, 0x0E, 0x60, 0x0E, 0x30, 0x0E, 0x18,
  0x1F, 0x0F, 0xFE, 0x07, 0xFC, 0x00, 0x1F, 0xF0, 0x03, 0xFF, 0xF8, 0x3F,
  0xFF, 0xF1, 0xCC, 0x03, 0xCE, 0x60, 0x0E, 0x03, 0x00, 0x38, 0x18, 0x01,
  0xC0, 0xC0, 0x06, 0x06, 0x00, 0x30, 0x30, 0x01, 0xC1, 0x80, 0x0E, 0x0C,
  0x00, 0x60, 0x60, 0x03, 0x03, 0x00, 0x38, 0x18, 0x01, 0xC0, 0xC0, 0x1C,
  0x06, 0x01, 0xE0, 0x30, 0x3E, 0x01, 0xFF, 0xC0, 0x0F, 0xF8, 0x00, 0x3F,
  0xF9, 0xFF, 0xCF, 0xFE, 0x00, 0x30, 0x01, 0x80, 0x0C, 0x00, 0x60, 0x03,
  0x00, 0x18, 0x7F, 0xCF, 0xFE, 0xF0, 0x36, 0x01, 0xF0, 0x0F, 0x80, 0x7C,
  0x03, 0x70, 0x1B, 0xC0, 0xCF, 0xFE, 0x1F, 0xF0, 0x7F, 0xFB, 0xFF, 0xC0,
  0x0E, 0x00, 0x70, 0x03, 0x80, 0x1C, 0x7C, 0xE7, 0xFF, 0x70, 0xFF, 0x03,
  0xF0, 0x0F, 0x80, 0x7C, 0x03, 0xE0, 0x1F, 0x00, 0xF8, 0x07, 0xC0, 0x3F,
  0x03, 0xDC, 0x1E, 0xFF, 0xF3, 0xFB, 0x80, 0x0F, 0x81, 0xFF, 0x1C, 0x1C,
  0xC0, 0x7E, 0x03, 0xE0, 0x0F, 0x00, 0x78, 0x03, 0xE0, 0x1F, 0x01, 0xDC,
  0x1C, 0x71, 0xC1, 0xFC, 0x07, 0xC0, 0x0F, 0x00, 0x1C, 0x00, 0xE0, 0x03,
  0x18, 0x38, 0xFF, 0x83, 0xF8, 0x00, 0xFF, 0xFF, 0xFF, 0xFF, 0x80, 0x70,
  0x0E, 0x01, 0xC0, 0x38, 0x07, 0x00, 0xFF, 0xFF, 0xFF, 0x80, 0x70, 0x0E,
  0x01, 0xC0, 0x38, 0x07, 0x00, 0xE0, 0x1F, 0xFF, 0xFF, 0xF0, 0x1F, 0xC0,
  0x3F, 0xFC, 0x1C, 0x1F, 0x00, 0x03, 0xC0, 0x00, 0xE0, 0x00, 0x38, 0x00,
  0x1C, 0x00, 0x06, 0x00, 0x03, 0x7F, 0xFF, 0xFF, 0xFF, 0xF8, 0x00, 0x6C,
  0x00, 0x36, 0x00, 0x1B, 0x80, 0x1D, 0xC0, 0x0E, 0x70, 0x0E, 0x3C, 0x0E,
  0x0F, 0xFE, 0x01, 0xFE, 0x00, 0x07, 0xE0, 0x7F, 0xE3, 0xC3, 0xCC, 0x02,
  0x70, 0x01, 0xC0, 0x03, 0x00, 0x0E, 0x00, 0x1E, 0x00, 0x1F, 0xC1, 0xFF,
  0x0E, 0x00, 0x70, 0x01, 0x80, 0x0E, 0x00, 0x18, 0x00, 0x70, 0x01, 0xE0,
  0x33, 0xFF, 0xC3, 0xFE, 0x07, 0xFF, 0x07, 0xFF, 0x07, 0xFF, 0x07, 0x00,
  0x07, 0x00, 0x07, 0x00, 0x07, 0x00, 0x07, 0x00, 0x07, 0x00, 0x07, 0xFE,
  0x07, 0xFE, 0x07, 0x00, 0x07, 0x00, 0x07, 0x00, 0x07, 0x00, 0x07, 0x00,
  0x07, 0x00, 0x07, 0x00, 0x07, 0x00, 0x07, 0x00, 0x07, 0x00, 0x87, 0x00,
  0xC7, 0x00, 0xC6, 0x00, 0xFE, 0x00, 0xFC, 0x00, 0x38, 0x00, 0x01, 0xF8,
  0x1F, 0x81, 0xC0, 0x0E, 0x00, 0x60, 0x03, 0x00, 0x3F, 0x87, 0xFC, 0x06,
  0x00, 0x30, 0x01, 0x80, 0x0C, 0x00, 0x60, 0x03, 0x00, 0x18, 0x00, 0xC0,
  0x06, 0x00, 0x30, 0x01, 0x80, 0x0C, 0x00, 0x60, 0x03, 0x00, 0x18, 0x18,
  0xC0, 0xC6, 0x07, 0x70, 0x3F, 0x00, 0x70, 0x00, 0x00, 0x00, 0x80, 0x00,
  0xF0, 0x00, 0x3C, 0x00, 0x0C, 0x01, 0xFB, 0x03, 0xFF, 0xC1, 0xF0, 0xE0,
  0xE0, 0x00, 0x70, 0x00, 0x18, 0x00, 0x0E, 0x00, 0x03, 0x80, 0x00, 0xC0,
  0x00, 0x30, 0x00, 0x0C, 0x07, 0xF3, 0x01, 0xFC, 0xC0, 0x07, 0x38, 0x01,
  0xCE, 0x00, 0x71, 0xC0, 0x1C, 0x78, 0x07, 0x0F, 0x01, 0xC1, 0xFF, 0xF0,
  0x1F, 0xF8, 0xE0, 0x07, 0xE0, 0x06, 0x60, 0x0E, 0x70, 0x0C, 0x30, 0x1C,
  0x30, 0x1C, 0x38, 0x18, 0x18, 0x38, 0x1C, 0x30, 0x0C, 0x30, 0x0C, 0x70,
  0x0E, 0x60, 0x06, 0xE0, 0x06, 0xE0, 0x07, 0xC0, 0x03, 0xC0, 0x03, 0x80,
  0x03, 0x80, 0x03, 0xC0, 0x07, 0xC0, 0x06, 0xE0, 0x06, 0x60, 0x06, 0x60,
  0x06, 0x60, 0x07, 0xE0, 0x07, 0xC0, 0x01, 0x80, 0xE0, 0x00, 0x07, 0x00,
  0x00, 0x38, 0x00, 0x01, 0xC0, 0x00, 0x0E, 0x00, 0x00, 0x70, 0x00, 0x03,
  0x9F, 0x00, 0x7F, 0xFC, 0x03, 0xF8, 0xF0, 0x1F, 0x83, 0x80, 0xF8, 0x0C,
  0x07, 0xC0, 0x60, 0x3E, 0x03, 0x01, 0xF0, 0x18, 0x0F, 0x80, 0xC0, 0x7C,
  0x06, 0x03, 0xE0, 0x30, 0x1F, 0x01, 0x80, 0xF8, 0x0E, 0x0F, 0xC0, 0x3F,
  0xEE, 0x00, 0xFE, 0x00, 0xE1, 0xC3, 0x87, 0x0E, 0x1C, 0x38, 0x70, 0xE1,
  0xC3, 0x87, 0x0E, 0x1C, 0x38, 0x70, 0xE0, 0xC1, 0xF9, 0xF0, 0xFF, 0xFC,
  0xE1, 0xC3, 0x87, 0x0E, 0x1C, 0x39, 0xFF, 0xF9, 0xC3, 0x87, 0x0E, 0x1C,
  0x38, 0x73, 0xFF, 0xF0, 0xC0, 0x1F, 0x01, 0xFC, 0x07, 0x30, 0x38, 0xC1,
  0xC3, 0x0E, 0x0C, 0x70, 0x33, 0x80, 0xCC, 0x03, 0x70, 0x0F, 0xE0, 0x39,
  0xC0, 0xC3, 0x83, 0x0E, 0x0C, 0x1C, 0x30, 0x38, 0xC0, 0x63, 0x01, 0xCC,
  0x03, 0xB0, 0x07, 0x38, 0x07, 0x80, 0xE0, 0x0E, 0x00, 0xE0, 0x0E, 0x00,
  0xE0, 0x7E, 0x0E, 0xE1, 0xCE, 0x38, 0xE7, 0x0E, 0xE0, 0xFC, 0x0F, 0xE0,
  0xF6, 0x0E, 0x70, 0xE3, 0x8E, 0x1C, 0xE0, 0xEE, 0x0E, 0xE0, 0x70, 0x38,
  0x70, 0xE1, 0xC3, 0x87, 0x0E, 0x1C, 0x39, 0xFF, 0xF9, 0xC3, 0x87, 0x0E,
  0x1C, 0x38, 0x70, 0xE1, 0xC3, 0x80, 0x78, 0x00, 0xF8, 0x00, 0x3F, 0x00,
  0x7F, 0x03, 0xF0, 0x04, 0x60, 0x00, 0xE0, 0x01, 0xC0, 0x07, 0x80, 0x0F,
  0x80, 0x3B, 0x00, 0x66, 0x00, 0xCE, 0x03, 0x8C, 0x06, 0x18, 0x1C, 0x38,
  0x30, 0x30, 0xE0, 0x71, 0x80, 0xE7, 0x00, 0xFE, 0x01, 0xE0, 0xE0, 0x18,
  0x07, 0xE0, 0x18, 0x07, 0xE0, 0x18, 0x07, 0xE0, 0x18, 0x07, 0xE0, 0x18,
  0x07, 0xE0, 0x18, 0x07, 0xE0, 0x18, 0x07, 0xE0, 0x18, 0x07, 0xE0, 0x18,
  0x07, 0xE0, 0x18, 0x07, 0xE0, 0x18, 0x07, 0xE0, 0x18, 0x07, 0xE0, 0x18,
  0x07, 0xE0, 0x18, 0x07, 0xE0, 0x18, 0x07, 0xE0, 0x38, 0x07, 0x60, 0x3C,
  0x0F, 0x70, 0x7C, 0x1F, 0x7F, 0xCF, 0xF7, 0x1F, 0x87, 0xE3, 0x1C, 0x00,
  0xC7, 0x00, 0x31, 0xE0, 0x0C, 0x7C, 0x03, 0x1F, 0x00, 0xC6, 0xE0, 0x31,
  0x98, 0x0C, 0x67, 0x03, 0x18, 0xE0, 0xC6, 0x18, 0x31, 0x87, 0x0C, 0x60,
  0xE3, 0x18, 0x38, 0xC6, 0x07, 0x31, 0x80, 0xEC, 0x60, 0x3B, 0x18, 0x07,
  0xC6, 0x00, 0xF1, 0x80, 0x3C, 0x60, 0x07, 0x18, 0x00, 0x06, 0x00, 0x01,
  0x80, 0x00, 0xE0, 0x00, 0xF8, 0x00, 0x3C, 0x00, 0x0C, 0x00, 0x00, 0xC7,
  0xCF, 0xFE, 0xF8, 0x7F, 0x03, 0xE0, 0x3E, 0x03, 0xE0, 0x3E, 0x03, 0xE0,
  0x3E, 0x03, 0xE0, 0x3E, 0x03, 0xE0, 0x3E, 0x03, 0xE0, 0x30, 0x03, 0x00,
  0x30, 0x03, 0x00, 0x30, 0x03, 0x00, 0x30, 0x03, 0x03, 0xF0, 0x07, 0xFF,
  0x03, 0xE1, 0xE1, 0xE0, 0x1C, 0x70, 0x03, 0xB8, 0x00, 0xEE, 0x00, 0x1B,
  0x00, 0x07, 0xC0, 0x01, 0xFF, 0xFF, 0xFF, 0xFF, 0xFF, 0x00, 0x07, 0xC0,
  0x01, 0xF8, 0x00, 0x6E, 0x00, 0x39, 0x80, 0x0E, 0x70, 0x07, 0x0F, 0x03,
  0x81, 0xFF, 0xC0, 0x1F, 0xE0, 0x00, 0x00, 0x70, 0x3F, 0x07, 0x1F, 0xFC,
  0x63, 0xE1, 0xEE, 0x78, 0x07, 0xC7, 0x00, 0x38, 0xE0, 0x03, 0x8E, 0x00,
  0x18, 0xE0, 0x01, 0x8C, 0x00, 0x1C, 0xC0, 0x01, 0xCC, 0x00, 0x1C, 0xC0,
  0x01, 0xCC, 0x00, 0x1C, 0xE0, 0x01, 0x8E, 0x00, 0x38, 0x60, 0x03, 0x87,
  0x00, 0x70, 0x3C, 0x0E, 0x01, 0xFF, 0xC0, 0x07, 0xF8, 0x00, 0x00, 0x07,
  0x00, 0x06, 0x0F, 0x86, 0x3F, 0xEE, 0x70, 0xFC, 0xE0, 0x30, 0xC0, 0x38,
  0xC0, 0x38, 0xC0, 0x18, 0xC0, 0x18, 0xC0, 0x18, 0xC0, 0x38, 0xC0, 0x38,
  0xE0, 0x30, 0x70, 0x70, 0x3F, 0xE0, 0x1F, 0xC0, 0x07, 0xE0, 0x7C, 0x0F,
  0xFC, 0xFF, 0x8F, 0x0F, 0x61, 0xCF, 0x01, 0xE0, 0x77, 0x00, 0x70, 0x3F,
  0x00, 0x38, 0x0F, 0x80, 0x0C, 0x07, 0x80, 0x07, 0x03, 0xC0, 0x03, 0x81,
  0xE0, 0x01, 0xC0, 0xF0, 0x00, 0xE0, 0x78, 0x00, 0x70, 0x3C, 0x00, 0x38,
  0x1F, 0x00, 0x1C, 0x0F, 0x80, 0x0C, 0x06, 0xC0, 0x0E, 0x03, 0x70, 0x0E,
  0x01, 0x9C, 0x0F, 0x00, 0xC7, 0xFF, 0x00, 0x61, 0xFE, 0x00, 0x30, 0x1F,
  0x0F, 0x87, 0xFB, 0xF9, 0xC3, 0xC7, 0xF0, 0x38, 0x7C, 0x07, 0x0F, 0x80,
  0x60, 0xF0, 0x0C, 0x1E, 0x01, 0x83, 0xC0, 0x30, 0x78, 0x06, 0x0F, 0x00,
  0xC1, 0xF0, 0x38, 0x37, 0x0E, 0x06, 0x7F, 0x80, 0xC7, 0xE0, 0x18, 0x00,
  0x03, 0x00, 0x00, 0x60, 0x00, 0x0C, 0x00, 0x01, 0x80, 0x00, 0x30, 0x00,
  0x06, 0x00, 0x00, 0xC0, 0x1F, 0xF0, 0x3F, 0xFF, 0x3F, 0xFF, 0xDC, 0xC0,
  0x7E, 0x60, 0x38, 0x30, 0x0C, 0x18, 0x06, 0x0C, 0x03, 0x06, 0x03, 0x83,
  0x03, 0x81, 0xFF, 0xC0, 0xFF, 0x80, 0x60, 0x00, 0x30, 0x00, 0x18, 0x00,
  0x0C, 0x00, 0x06, 0x00, 0x03, 0x00, 0x01, 0x80, 0x00, 0xC0, 0x00, 0x38,
  0x03, 0xC0, 0x38, 0x01, 0xC0, 0x0E, 0x00, 0x70, 0x03, 0x9F, 0x1F, 0xFC,
  0xF8, 0x77, 0x81, 0xF8, 0x0F, 0xC0, 0x3E, 0x01, 0xF0, 0x0F, 0x80, 0x7C,
  0x03, 0xE0, 0x3F, 0x01, 0xFC, 0x1D, 0xFF, 0xEE, 0xFC, 0x70, 0x03, 0x80,
  0x1C, 0x00, 0xE0, 0x07, 0x00, 0x38, 0x01, 0xC0, 0x00, 0xC0, 0x03, 0x00,
  0x0C, 0x00, 0x3F, 0xC0, 0xFF, 0xC3, 0x07, 0x8C, 0x07, 0x30, 0x1C, 0xC0,
  0x33, 0x00, 0xCC, 0x07, 0x30, 0x1C, 0xC3, 0xE3, 0xFE, 0x0F, 0xF8, 0x30,
  0x60, 0xC1, 0xC3, 0x03, 0x0C, 0x0E, 0x30, 0x1C, 0x00, 0x70, 0x00, 0xE0,
  0x01, 0xC0, 0x0F, 0x83, 0xFF, 0x0E, 0x3C, 0x00, 0x60, 0x03, 0x80, 0x1C,
  0x00, 0xE0, 0x0E, 0x01, 0xF0, 0x3F, 0x07, 0xE0, 0x78, 0x07, 0x00, 0x70,
  0x03, 0x80, 0x1C, 0x00, 0x60, 0x03, 0x80, 0xCF, 0xFE, 0x3F, 0xE0, 0x3F,
  0x0F, 0xF8, 0x83, 0x00, 0x70, 0x0E, 0x03, 0x81, 0xF0, 0xF8, 0x7C, 0x1E,
  0x03, 0x80, 0x70, 0x0E, 0x02, 0xFF, 0xCF, 0xF0, 0xFF, 0xFB, 0xFF, 0xEF,
  0xFF, 0x9C, 0x00, 0x38, 0x00, 0x70, 0x00, 0xE0, 0x01, 0xC0, 0x07, 0x00,
  0x0E, 0x00, 0x38, 0x01, 0xC0, 0x0E, 0x00, 0x30, 0x01, 0xC0, 0x0E, 0x00,
  0x70, 0x03, 0x80, 0x0F, 0xFF, 0xFF, 0xFF, 0x78, 0x1F, 0x83, 0x38, 0x67,
  0x0F, 0xE0, 0xFC, 0x03, 0x80, 0x70, 0x0E, 0x01, 0xC0, 0x38, 0x07, 0x00,
  0xE0, 0x1C, 0x03, 0x80, 0x70, 0x0E, 0x01, 0xC0, 0x38, 0x07, 0x00, 0xE0,
  0x1C, 0x03, 0x80, 0x70, 0x0E, 0x00, 0xE4, 0x1F, 0x80, 0xE0, 0x18, 0x0C,
  0x06, 0x07, 0xFF, 0xF8, 0xC0, 0x60, 0x30, 0x18, 0x0C, 0x06, 0x03, 0x01,
  0x80, 0xC0, 0x60, 0x30, 0x1F, 0x87, 0xC0, 0x60, 0x30, 0x18, 0x0C, 0x3E,
  0x1F, 0x06, 0x00, 0x1F, 0xFF, 0x7F, 0xFF, 0xFF, 0xFF, 0xE1, 0x80, 0xE1,
  0x80, 0x01, 0x80, 0x01, 0x80, 0x01, 0x80, 0x01, 0x80, 0x01, 0x80, 0x01,
  0x80, 0x01, 0x80, 0x01, 0x80, 0x01, 0x80, 0x01, 0x80, 0x01, 0x80, 0x01,
  0x80, 0x01, 0x80, 0x01, 0x80, 0x01, 0x80, 0x0F, 0x8F, 0xC6, 0x03, 0x01,
  0x80, 0xC0, 0xFF, 0xFF, 0x18, 0x0C, 0x06, 0x03, 0x01, 0x80, 0xC0, 0x60,
  0x30, 0x18, 0x0C, 0x06, 0x03, 0xF0, 0xF8, 0xFF, 0xFF, 0xFF, 0xFF, 0xFF,
  0xF8, 0x1C, 0x00, 0x38, 0x00, 0x70, 0x00, 0xE0, 0x01, 0xC0, 0x03, 0x80,
  0x07, 0x00, 0x0E, 0x00, 0x1C, 0x00, 0x38, 0x00, 0x70, 0x00, 0xE0, 0x01,
  0xC0, 0x03, 0x80, 0x07, 0x00, 0x0E, 0x00, 0x1C, 0x00, 0x38, 0x00, 0x70,
  0x00, 0xE0, 0x01, 0xC0, 0x01, 0xF0, 0x03, 0xE0, 0x01, 0x80, 0x00, 0x00,
  0x3E, 0x00, 0x73, 0xE0, 0x07, 0x7E, 0x00, 0x76, 0xE0, 0x07, 0xCE, 0x00,
  0x78, 0xE0, 0x07, 0x0E, 0x00, 0x70, 0xE0, 0x07, 0x0E, 0x00, 0x70, 0xE0,
  0x07, 0x0E, 0x00, 0x70, 0xE0, 0x07, 0x0E, 0x00, 0x70, 0xE0, 0x07, 0x06,
  0x00, 0x60, 0x60, 0x06, 0x07, 0x00, 0xE0, 0x38, 0x1C, 0x01, 0xFF, 0x80,
  0x0F, 0xF0, 0x00, 0x00, 0x01, 0x80, 0x00, 0xF8, 0x0E, 0xFC, 0x07, 0x6E,
  0x03, 0xE7, 0x01, 0xC3, 0x80, 0xE1, 0xC0, 0x70, 0xE0, 0x38, 0x70, 0x1C,
  0x38, 0x0E, 0x1C, 0x07, 0x0E, 0x03, 0x87, 0x03, 0xC1, 0xC1, 0xE0, 0xFF,
  0xF0, 0x3F, 0x98, 0x00, 0xFF, 0x1F, 0xFF, 0xE3, 0xFF, 0xFC, 0x3F, 0x87,
  0x03, 0x81, 0xC0, 0x30, 0x70, 0x07, 0x0C, 0x00, 0x73, 0x80, 0x0E, 0x70,
  0x00, 0xCC, 0x00, 0x1D, 0x80, 0x03, 0xB0, 0x00, 0x76, 0x00, 0x0E, 0xE0,
  0x01, 0xDC, 0x00, 0x33, 0x80, 0x0E, 0x38, 0x03, 0x83, 0x80, 0xF0, 0x3F,
  0xFC, 0x03, 0xFE, 0x00, 0xE0, 0x3C, 0xE0, 0x7E, 0xE0, 0x4E, 0xE0, 0x07,
  0xE0, 0x07, 0xE0, 0x07, 0xE0, 0x06, 0xE0, 0x06, 0xE0, 0x06, 0xE0, 0x06,
  0xE0, 0x0E, 0xE0, 0x0C, 0xE0, 0x0C, 0xE0, 0x1C, 0xE0, 0x18, 0x60, 0x38,
  0x60, 0x70, 0x70, 0xE0, 0x7F, 0xC0, 0x3F, 0x80, 0xE0, 0x07, 0x60, 0x0F,
  0x70, 0x1C, 0x30, 0x18, 0x38, 0x38, 0x18, 0x30, 0x1C, 0x70, 0x0C, 0x60,
  0x0E, 0xE0, 0x06, 0xC0, 0x07, 0xC0, 0x03, 0x80, 0x01, 0x80, 0x01, 0x80,
  0x01, 0x80, 0x01, 0x80, 0x01, 0x80, 0x01, 0x80, 0x01, 0x80, 0x01, 0x80,
  0xE0, 0x0E, 0xC0, 0x3D, 0x80, 0x63, 0x81, 0xC3, 0x03, 0x07, 0x06, 0x06,
  0x1C, 0x0C, 0x30, 0x1C, 0xE0, 0x19, 0x80, 0x33, 0x00, 0x3E, 0x00, 0x78,
  0x00, 0xF0, 0x00, 0xE0, 0x01, 0x80, 0x07, 0x00, 0x0C, 0x00, 0x38, 0x04,
  0xE0, 0x0F, 0xC0, 0x0C, 0x00, 0x00, 0xFF, 0xFB, 0xFF, 0xEF, 0xFF, 0x80,
  0x0E, 0x00, 0x70, 0x03, 0x80, 0x0E, 0x00, 0x70, 0x03, 0x81, 0xFF, 0xC7,
  0xFF, 0x03, 0x80, 0x0E, 0x00, 0x70, 0x03, 0x80, 0x0E, 0x00, 0x70, 0x03,
  0x80, 0x0F, 0xFF, 0xFF, 0xFF, 0x7F, 0xEF, 0xFC, 0x03, 0x00, 0xE0, 0x38,
  0x06, 0x1F, 0xF3, 0xFE, 0x0C, 0x03, 0x00, 0xE0, 0x38, 0x06, 0x01, 0xFF,
  0xFF, 0xF8, 0x7F, 0xF9, 0xFF, 0xE7, 0xFF, 0x80, 0x1C, 0x00, 0xC0, 0x06,
  0x00, 0x30, 0x03, 0x80, 0x1C, 0x00, 0x7F, 0x01, 0xFF, 0x00, 0x1E, 0x00,
  0x38, 0x00, 0x60, 0x01, 0xC0, 0x06, 0x00, 0x3A, 0x01, 0xEF, 0xFF, 0x1F,
  0xF0, 0xFF, 0xFF, 0xFF, 0xFF, 0xFE, 0xE0, 0x03, 0x80, 0x06, 0x00, 0x18,
  0x00, 0x60, 0x1F, 0x81, 0xFC, 0x1C, 0x01, 0xC0, 0x0C, 0x00, 0x60, 0x03,
  0x00, 0x18, 0x00, 0xE0, 0x07, 0x80, 0x5F, 0xFE, 0x3F, 0xE0, 0x7F, 0xF7,
  0xFF, 0x70, 0x03, 0x80, 0x18, 0x00, 0xC0, 0x06, 0x00, 0x30, 0x03, 0x81,
  0xFC, 0x3F, 0xC7, 0x00, 0xE0, 0x0E, 0x00, 0xC0, 0x0C, 0x00, 0xE0, 0x0E,
  0x00, 0x70, 0x17, 0xC7, 0x1F, 0xF0, 0x38, 0xFF, 0xFF, 0xFC, 0x07, 0x01,
  0xC0, 0x70, 0x1C, 0x0F, 0x01, 0xFC, 0x07, 0xC0, 0x1C, 0x01, 0x80, 0x30,
  0x06, 0x00, 0xC0, 0x39, 0xFE, 0xFF, 0x18, 0x03, 0x00, 0x79, 0xC7, 0xF8,
  0x38, 0x00, 0x1F, 0x81, 0xFE, 0x1C, 0x38, 0x80, 0xC0, 0x07, 0x00, 0x38,
  0x01, 0x80, 0x0C, 0x00, 0xE0, 0x06, 0x1F, 0xFE, 0x07, 0x00, 0x30, 0x03,
  0x00, 0x38, 0x03, 0x80, 0x38, 0x01, 0x80, 0x18, 0x01, 0xFF, 0xFF, 0xFF,
  0x80, 0xFF, 0xFB, 0xFF, 0xEF, 0xFF, 0x86, 0x00, 0x18, 0x00, 0x60, 0x01,
  0x80, 0x06, 0x00, 0x1F, 0xC0, 0x7F, 0x80, 0x07, 0x00, 0x0E, 0x00, 0x18,
  0x00, 0x70, 0x01, 0x80, 0x06, 0x00, 0x3A, 0x01, 0xCF, 0xFF, 0x1F, 0xF0,
  0xFF, 0xDF, 0xF8, 0xC0, 0x18, 0x03, 0x00, 0x60, 0x0F, 0xE1, 0xFE, 0x00,
  0xE0, 0x0C, 0x01, 0x80, 0x38, 0x0F, 0xFF, 0xBF, 0xE0, 0x08, 0x06, 0x01,
  0x80, 0xFE, 0xFF, 0x86, 0x01, 0x80, 0x60, 0x18, 0x07, 0x01, 0xF0, 0x1F,
  0x01, 0xC0, 0x30, 0x0E, 0x03, 0xFF, 0xFF, 0xC0, 0xC7, 0xC7, 0xFF, 0x3E,
  0x3D, 0xE0, 0x6E, 0x03, 0xF0, 0x1F, 0x80, 0xFC, 0x07, 0xE0, 0x37, 0x03,
  0xB8, 0x1D, 0xC1, 0xCE, 0x3C, 0x7F, 0xC3, 0xF8, 0x1C, 0x00, 0xE0, 0x07,
  0x00, 0x38, 0x01, 0xC0, 0x0E, 0x00, 0x70, 0x00, 0xFF, 0xFF, 0xFF, 0xFF,
  0xFF, 0xC0, 0xC3, 0xC3, 0xC3, 0xC3, 0xC3, 0xC3, 0xC3, 0xC3, 0xC3, 0xC3,
  0xC3, 0xC3, 0xC3, 0xC3, 0xC3, 0xC3, 0xC3, 0xC3, 0xC3, 0xC3, 0xC3, 0x0C,
  0x03, 0x00, 0xC0, 0x30, 0x0C, 0x03, 0x00, 0xC3, 0xFF, 0xFF, 0xC3, 0x00,
  0xC0, 0x30, 0xFF, 0xFF, 0xF0, 0xC0, 0x30, 0x0C, 0x03, 0x00, 0xC0, 0x30,
  0x0C, 0x00, 0xFF, 0xFF, 0xDB, 0x6D, 0xB6, 0xC0, 0x1F, 0xF0, 0x00, 0x00,
  0x0C, 0x18, 0x00, 0x00, 0x07, 0x30, 0x00, 0x00, 0x03, 0xE0, 0x00, 0x00,
  0x01, 0xC0, 0x00, 0x00, 0x00, 0x00, 0x00, 0x00, 0x00, 0x00, 0xFE, 0x00,
  0x3F, 0xFE, 0xFF, 0xE0, 0x3F, 0xFE, 0xFF, 0xF0, 0x3F, 0xFE, 0xC0, 0x38,
  0x00, 0x0E, 0xC0, 0x1C, 0x00, 0x1C, 0xC0, 0x0E, 0x00, 0x38, 0xC0, 0x0E,
  0x00, 0x38, 0xC0, 0x0E, 0x00, 0x70, 0xC0, 0x06, 0x00, 0xE0, 0xC0, 0x06,
  0x00, 0xE0, 0xC0, 0x06, 0x01, 0xC0, 0xC0, 0x06, 0x03, 0x80, 0xC0, 0x0E,
  0x03, 0x80, 0xC0, 0x0E, 0x07, 0x00, 0xC0, 0x0E, 0x0E, 0x00, 0xC0, 0x1C,
  0x0E, 0x00, 0xC0, 0x38, 0x1C, 0x00, 0xC0, 0xF8, 0x38, 0x00, 0xFF, 0xE0,
  0x3F, 0xFF, 0xFF, 0x80, 0x3F, 0xFF, 0x00, 0x00, 0x18, 0x37, 0xF0, 0x00,
  0x73, 0x3F, 0xF8, 0x01, 0xF1, 0xFF, 0xE0, 0x07, 0x0C, 0x03, 0x80, 0x00,
  0x60, 0x0E, 0x00, 0x03, 0x00, 0x38, 0x7F, 0xF8, 0x01, 0xC3, 0xFF, 0xC0,
  0x0E, 0x00, 0x36, 0x00, 0x30, 0x03, 0xB0, 0x01, 0x80, 0x39, 0x80, 0x0C,
  0x01, 0x8C, 0x00, 0x60, 0x1C, 0x60, 0x07, 0x01, 0xC3, 0x00, 0x38, 0x1C,
  0x18, 0x01, 0xC0, 0xC0, 0xC0, 0x1C, 0x0E, 0x06, 0x01, 0xC0, 0xE0, 0x30,
  0x3E, 0x06, 0x01, 0xFF, 0xC0, 0x7F, 0xFF, 0xF8, 0x03, 0xFF, 0x80, 0x00,
  0x38, 0x60, 0xC0, 0x07, 0x07, 0x30, 0x00, 0xE0, 0x7C, 0x00, 0x1C, 0x07,
  0x00, 0x03, 0x80, 0x00, 0x00, 0x70, 0x00, 0x07, 0xCE, 0x1F, 0xF9, 0xFF,
  0xC3, 0xFF, 0x70, 0xF8, 0x00, 0xDC, 0x0F, 0x00, 0x3B, 0x00, 0xE0, 0x0E,
  0x60, 0x1C, 0x01, 0x8C, 0x03, 0x80, 0x71, 0x80, 0x70, 0x1C, 0x30, 0x0E,
  0x07, 0x06, 0x01, 0xC0, 0xC0, 0xC0, 0x38, 0x38, 0x1C, 0x0F, 0x0E, 0x01,
  0xC1, 0xE1, 0x80, 0x3F, 0xFC, 0x7F, 0xF3, 0xFB, 0x8F, 0xFE, 0xC0, 0x03,
  0xC0, 0x03, 0xC0, 0x03, 0xC0, 0x03, 0xC0, 0x03, 0xC0, 0x03, 0xC0, 0x03,
  0xC0, 0x03, 0xC0, 0x03, 0xC0, 0x03, 0xC0, 0x03, 0xC0, 0x03, 0xC0, 0x03,
  0xC0, 0x03, 0xC0, 0x03, 0xC0, 0x03, 0xC0, 0x03, 0xC0, 0x03, 0xFF, 0xE3,
  0xFF, 0xE3, 0x00, 0x07, 0x00, 0x07, 0x00, 0x06, 0x00, 0x7E, 0x00, 0x7C,
  0xC0, 0x07, 0xC0, 0x07, 0xC0, 0x03, 0xC0, 0x00, 0xC0, 0x00, 0xC0, 0x07,
  0xC0, 0x07, 0xC0, 0x07, 0xC0, 0x07, 0xC0, 0x07, 0xC0, 0x07, 0xC0, 0x07,
  0xC0, 0x07, 0xC0, 0x07, 0xC0, 0x07, 0xC0, 0x07, 0xC0, 0x07, 0xC0, 0x07,
  0xFF, 0xE7, 0xFF, 0xE7, 0x00, 0x07, 0x00, 0x07, 0x00, 0x07, 0x00, 0x07,
  0x00, 0x4E, 0x00, 0x7E, 0x00, 0x38, 0xE0, 0x38, 0x7E, 0x1F, 0x83, 0xE0,
  0x38, 0x0E, 0x1F, 0x87, 0xE1, 0xF8, 0x7E, 0x1F, 0x87, 0xE1, 0xF8, 0x7E,
  0x1F, 0x87, 0xE1, 0xF8, 0x7E, 0x1F, 0x87, 0xE1, 0xC0, 0x70, 0x1C, 0x07,
  0x01, 0xC4, 0xE1, 0xF8, 0x38, 0xE0, 0x06, 0x07, 0xC0, 0x0C, 0x0F, 0xC0,
  0x18, 0x1F, 0xC0, 0x30, 0x3F, 0x80, 0x60, 0x7B, 0x80, 0xC0, 0xF3, 0x01,
  0x81, 0xE7, 0x03, 0x03, 0xC7, 0x06, 0x07, 0x86, 0x0C, 0x0F, 0x0E, 0x18,
  0x1E, 0x0E, 0x30, 0x3C, 0x1C, 0x60, 0x78, 0x1C, 0xC0, 0xF0, 0x1D, 0x81,
  0xE0, 0x3B, 0x03, 0xC0, 0x3E, 0x07, 0x80, 0x3C, 0x0F, 0x00, 0x78, 0x1E,
  0x00, 0x70, 0x30, 0x00, 0x00, 0xE0, 0x00, 0x01, 0xC0, 0x00, 0x03, 0x00,
  0x00, 0x7E, 0x00, 0x00, 0xF8, 0xE0, 0x06, 0x0F, 0xC0, 0x0C, 0x1F, 0xC0,
  0x18, 0x1F, 0xC0, 0x30, 0x0F, 0x80, 0x60, 0x1B, 0x80, 0xC1, 0xF3, 0x01,
  0x83, 0xE7, 0x03, 0x07, 0xC7, 0x06, 0x0F, 0x86, 0x0C, 0x1F, 0x0E, 0x18,
  0x3E, 0x0E, 0x30, 0x7C, 0x1C, 0x60, 0xF8, 0x1C, 0xC1, 0xF0, 0x1D, 0x83,
  0xE0, 0x3B, 0x07, 0xC0, 0x3E, 0x0F, 0x80, 0x3C, 0x1F, 0x00, 0x78, 0x3E,
  0x00, 0x70, 0x70, 0x00, 0x00, 0xE0, 0x00, 0x01, 0xC0, 0x00, 0x03, 0x80,
  0x00, 0x07, 0x00, 0x00, 0x9C, 0x00, 0x01, 0xF8, 0x00, 0x01, 0xC0, 0x00,
  0x00, 0x70, 0x00, 0x07, 0x00, 0x00, 0x30, 0x00, 0x00, 0x00, 0x00, 0x0C,
  0x7C, 0x07, 0xFF, 0xF0, 0x7F, 0x87, 0x07, 0xF0, 0x38, 0x7E, 0x03, 0x87,
  0xE0, 0x38, 0x7E, 0x03, 0x87, 0xE0, 0x38, 0x7E, 0x03, 0x87, 0xE0, 0x38,
  0x7E, 0x03, 0x87, 0xE0, 0x38, 0x7E, 0x03, 0x87, 0xE0, 0x38, 0x7E, 0x03,
  0x87, 0x00, 0x00, 0x70, 0x00, 0x07, 0x00, 0x00, 0x70, 0x00, 0x07, 0x00,
  0x04, 0xE0, 0x00, 0x7E, 0x00, 0x03, 0x80, 0x0C, 0x18, 0x01, 0xCC, 0x00,
  0x3E, 0x00, 0x07, 0x00, 0x00, 0x00, 0x00, 0x00, 0x00, 0x0C, 0x00, 0x07,
  0x00, 0x01, 0xE0, 0x00, 0xF8, 0x00, 0x36, 0x00, 0x0C, 0xC0, 0x07, 0x30,
  0x01, 0x8E, 0x00, 0xE1, 0x80, 0x38, 0x60, 0x0C, 0x1C, 0x07, 0x03, 0x01,
  0xFF, 0xE0, 0x7F, 0xF8, 0x38, 0x06, 0x0C, 0x01, 0xC7, 0x00, 0x31, 0x80,
  0x0E, 0x60, 0x03, 0xB8, 0x00, 0x70, 0x30, 0x61, 0xCC, 0x0F, 0x80, 0x70,
  0x00, 0x00, 0x00, 0x0F, 0xC3, 0xFE, 0x30, 0x70, 0x07, 0x00, 0x30, 0x03,
  0x07, 0xF3, 0xFF, 0x70, 0x3E, 0x03, 0xE0, 0x3E, 0x07, 0xE0, 0xF7, 0xFB,
  0x3F, 0x30, 0xC1, 0xB9, 0x8F, 0x83, 0x80, 0x00, 0x01, 0xFC, 0xFE, 0x1C,
  0x0E, 0x07, 0x03, 0x81, 0xC0, 0xE0, 0x70, 0x38, 0x1C, 0x0E, 0x07, 0x03,
  0x81, 0xC0, 0xE0, 0x70, 0x38, 0x7F, 0x3F, 0x80, 0xC1, 0xB9, 0x8F, 0x83,
  0x80, 0x00, 0x00, 0x70, 0x38, 0x1C, 0x0E, 0x07, 0x03, 0x81, 0xC0, 0xE0,
  0x70, 0x38, 0x1C, 0x0E, 0x07, 0x03, 0x81, 0xC0, 0x0C, 0x18, 0x01, 0xCC,
  0x00, 0x3E, 0x00, 0x07, 0x00, 0x00, 0x00, 0x00, 0x00, 0x00, 0x3F, 0x00,
  0x7F, 0xF0, 0x3E, 0x1E, 0x1E, 0x01, 0xC7, 0x00, 0x3B, 0x80, 0x0E, 0xE0,
  0x01, 0xB8, 0x00, 0x7C, 0x00, 0x1F, 0x00, 0x07, 0xC0, 0x01, 0xF0, 0x00,
  0x7C, 0x00, 0x1F, 0x80, 0x06, 0xE0, 0x03, 0x9C, 0x00, 0xE7, 0x00, 0x70,
  0xF0, 0x38, 0x1F, 0xFC, 0x01, 0xFE, 0x00, 0x30, 0x60, 0xE6, 0x03, 0xE0,
  0x0E, 0x00, 0x00, 0x00, 0x00, 0x3E, 0x07, 0xFC, 0x70, 0xF7, 0x01, 0xB8,
  0x0F, 0x80, 0x7C, 0x01, 0xE0, 0x0F, 0x00, 0x78, 0x07, 0xC0, 0x3F, 0x01,
  0x9C, 0x1C, 0x7F, 0xC1, 0xFC, 0x00, 0x18, 0x30, 0x0E, 0x60, 0x07, 0xC0,
  0x03, 0x80, 0x00, 0x00, 0x00, 0x00, 0xE0, 0x07, 0xE0, 0x07, 0xE0, 0x07,
  0xE0, 0x07, 0xE0, 0x07, 0xE0, 0x07, 0xE0, 0x07, 0xE0, 0x07, 0xE0, 0x07,
  0xE0, 0x07, 0xE0, 0x07, 0xE0, 0x07, 0xE0, 0x07, 0xE0, 0x07, 0x60, 0x06,
  0x60, 0x06, 0x70, 0x0E, 0x38, 0x1C, 0x1F, 0xF8, 0x0F, 0xF0, 0x30, 0x60,
  0xE6, 0x03, 0xE0, 0x0E, 0x00, 0x00, 0x00, 0x03, 0x80, 0xFC, 0x07, 0xE0,
  0x3F, 0x01, 0xF8, 0x0F, 0xC0, 0x7E, 0x03, 0xF0, 0x1F, 0x80, 0xFC, 0x07,
  0xE0, 0x3F, 0x03, 0xDC, 0x1E, 0xFF, 0xF3, 0xF9, 0x80, 0x0F, 0xF0, 0x0F,
  0xF0, 0x00, 0x00, 0x00, 0x00, 0x0E, 0x30, 0x0E, 0x70, 0x04, 0x20, 0x00,
  0x00, 0xE0, 0x07, 0xE0, 0x07, 0xE0, 0x07, 0xE0, 0x07, 0xE0, 0x07, 0xE0,
  0x07, 0xE0, 0x07, 0xE0, 0x07, 0xE0, 0x07, 0xE0, 0x07, 0xE0, 0x07, 0xE0,
  0x07, 0xE0, 0x07, 0xE0, 0x07, 0x60, 0x06, 0x60, 0x06, 0x70, 0x0E, 0x38,
  0x1C, 0x1F, 0xF8, 0x0F, 0xF0, 0x3F, 0xE1, 0xFF, 0x00, 0x00, 0x00, 0x01,
  0x8C, 0x0C, 0x60, 0x41, 0x00, 0x00, 0xE0, 0x3F, 0x01, 0xF8, 0x0F, 0xC0,
  0x7E, 0x03, 0xF0, 0x1F, 0x80, 0xFC, 0x07, 0xE0, 0x3F, 0x01, 0xF8, 0x0F,
  0xC0, 0xF7, 0x07, 0xBF, 0xFC, 0xFE, 0x60, 0x00, 0x70, 0x00, 0xE0, 0x00,
  0xC0, 0x01, 0x80, 0x00, 0x00, 0x0E, 0x30, 0x0E, 0x70, 0x04, 0x20, 0x00,
  0x00, 0xE0, 0x07, 0xE0, 0x07, 0xE0, 0x07, 0xE0, 0x07, 0xE0, 0x07, 0xE0,
  0x07, 0xE0, 0x07, 0xE0, 0x07, 0xE0, 0x07, 0xE0, 0x07, 0xE0, 0x07, 0xE0,
  0x07, 0xE0, 0x07, 0xE0, 0x07, 0x60, 0x06, 0x60, 0x06, 0x70, 0x0E, 0x38,
  0x1C, 0x1F, 0xF8, 0x0F, 0xF0, 0x01, 0xE0, 0x0E, 0x00, 0xC0, 0x0C, 0x00,
  0x00, 0x0C, 0x60, 0x63, 0x02, 0x08, 0x00, 0x07, 0x01, 0xF8, 0x0F, 0xC0,
  0x7E, 0x03, 0xF0, 0x1F, 0x80, 0xFC, 0x07, 0xE0, 0x3F, 0x01, 0xF8, 0x0F,
  0xC0, 0x7E, 0x07, 0xB8, 0x3D, 0xFF, 0xE7, 0xF3, 0x1C, 0x30, 0x06, 0x60,
  0x03, 0xC0, 0x03, 0xC0, 0x00, 0x00, 0x0E, 0x30, 0x0E, 0x70, 0x04, 0x20,
  0x00, 0x00, 0xE0, 0x07, 0xE0, 0x07, 0xE0, 0x07, 0xE0, 0x07, 0xE0, 0x07,
  0xE0, 0x07, 0xE0, 0x07, 0xE0, 0x07, 0xE0, 0x07, 0xE0, 0x07, 0xE0, 0x07,
  0xE0, 0x07, 0xE0, 0x07, 0xE0, 0x07, 0x60, 0x06, 0x60, 0x06, 0x70, 0x0E,
  0x38, 0x1C, 0x1F, 0xF8, 0x0F, 0xF0, 0x30, 0xE0, 0xEE, 0x03, 0xE0, 0x0E,
  0x00, 0x00, 0x0C, 0x60, 0x63, 0x02, 0x08, 0x00, 0x07, 0x01, 0xF8, 0x0F,
  0xC0, 0x7E, 0x03, 0xF0, 0x1F, 0x80, 0xFC, 0x07, 0xE0, 0x3F, 0x01, 0xF8,
  0x0F, 0xC0, 0x7E, 0x07, 0xB8, 0x3D, 0xFF, 0xE7, 0xF3, 0x0E, 0x00, 0x07,
  0x00, 0x03, 0x00, 0x01, 0x80, 0x00, 0x40, 0x0E, 0x30, 0x0E, 0x70, 0x04,
  0x20, 0x00, 0x00, 0xE0, 0x07, 0xE0, 0x07, 0xE0, 0x07, 0xE0, 0x07, 0xE0,
  0x07, 0xE0, 0x07, 0xE0, 0x07, 0xE0, 0x07, 0xE0, 0x07, 0xE0, 0x07, 0xE0,
  0x07, 0xE0, 0x07, 0xE0, 0x07, 0xE0, 0x07, 0x60, 0x06, 0x60, 0x06, 0x70,
  0x0E, 0x38, 0x1C, 0x1F, 0xF8, 0x0F, 0xF0, 0x3C, 0x00, 0xE0, 0x03, 0x80,
  0x06, 0x00, 0x00, 0x0C, 0x60, 0x63, 0x02, 0x08, 0x00, 0x07, 0x01, 0xF8,
  0x0F, 0xC0, 0x7E, 0x03, 0xF0, 0x1F, 0x80, 0xFC, 0x07, 0xE0, 0x3F, 0x01,
  0xF8, 0x0F, 0xC0, 0x7E, 0x07, 0xB8, 0x3D, 0xFF, 0xE7, 0xF3, 0x3F, 0x83,
  0xFF, 0x18, 0x38, 0x00, 0xE0, 0x03, 0x80, 0x1C, 0x00, 0xFF, 0xFF, 0xFF,
  0xFF, 0x01, 0xD8, 0x0E, 0xC0, 0x67, 0x07, 0x1F, 0xF0, 0x7F, 0x00, 0x07,
  0xF8, 0x01, 0xFE, 0x00, 0x00, 0x00, 0x00, 0x00, 0x06, 0x30, 0x01, 0x8E,
  0x00, 0x21, 0x00, 0x00, 0x00, 0x00, 0xC0, 0x00, 0x70, 0x00, 0x1E, 0x00,
  0x0F, 0x80, 0x03, 0x60, 0x00, 0xCC, 0x00, 0x73, 0x00, 0x18, 0xE0, 0x0E,
  0x18, 0x03, 0x86, 0x00, 0xC1, 0xC0, 0x70, 0x30, 0x1F, 0xFE, 0x07, 0xFF,
  0x83, 0x80, 0x60, 0xC0, 0x1C, 0x70, 0x03, 0x18, 0x00, 0xE6, 0x00, 0x3B,
  0x80, 0x07, 0x1F, 0xE1, 0xFE, 0x00, 0x00, 0x00, 0x18, 0xC1, 0x8E, 0x08,
  0x40, 0x00, 0x0F, 0xC3, 0xFE, 0x30, 0x70, 0x07, 0x00, 0x30, 0x03, 0x07,
  0xF3, 0xFF, 0x70, 0x3E, 0x03, 0xE0, 0x3E, 0x07, 0xE0, 0xF7, 0xFB, 0x3F,
  0x30, 0x07, 0xF8, 0x01, 0xFE, 0x00, 0x00, 0x00, 0x03, 0x00, 0x01, 0xC0,
  0x00, 0x30, 0x00, 0x00, 0x00, 0x03, 0x00, 0x01, 0xC0, 0x00, 0x78, 0x00,
  0x3E, 0x00, 0x0D, 0x80, 0x03, 0x30, 0x01, 0xCC, 0x00, 0x63, 0x80, 0x38,
  0x60, 0x0E, 0x18, 0x03, 0x07, 0x01, 0xC0, 0xC0, 0x7F, 0xF8, 0x1F, 0xFE,
  0x0E, 0x01, 0x83, 0x00, 0x71, 0xC0, 0x0C, 0x60, 0x03, 0x98, 0x00, 0xEE,
  0x00, 0x1C, 0x1F, 0xE1, 0xFE, 0x00, 0x00, 0x20, 0x07, 0x00, 0x70, 0x00,
  0x00, 0x00, 0x0F, 0xC3, 0xFE, 0x30, 0x70, 0x07, 0x00, 0x30, 0x03, 0x07,
  0xF3, 0xFF, 0x70, 0x3E, 0x03, 0xE0, 0x3E, 0x07, 0xE0, 0xF7, 0xFB, 0x3F,
  0x30, 0x00, 0x7F, 0x80, 0x00, 0xFF, 0x00, 0x00, 0x00, 0x00, 0x00, 0x00,
  0x00, 0x07, 0xFF, 0xE0, 0x0F, 0xFF, 0xC0, 0x3F, 0xFF, 0x80, 0x67, 0x00,
  0x01, 0xCE, 0x00, 0x03, 0x1C, 0x00, 0x0E, 0x38, 0x00, 0x18, 0x70, 0x00,
  0x70, 0xE0, 0x00, 0xC1, 0xFF, 0x83, 0x83, 0xFF, 0x07, 0x07, 0x00, 0x0F,
  0xFE, 0x00, 0x3F, 0xFC, 0x00, 0x60, 0x38, 0x01, 0xC0, 0x70, 0x03, 0x00,
  0xE0, 0x0E, 0x01, 0xC0, 0x18, 0x03, 0xFF, 0xF0, 0x07, 0xFF, 0x01, 0xFE,
  0x00, 0x0F, 0xF0, 0x00, 0x00, 0x00, 0x00, 0x00, 0x01, 0xF8, 0x7C, 0x3F,
  0xE7, 0xF0, 0xC3, 0xF1, 0xC0, 0x0F, 0x07, 0x00, 0x70, 0x18, 0x03, 0x80,
  0xC3, 0xFF, 0xFE, 0x7F, 0xFF, 0xF7, 0x07, 0x00, 0x70, 0x38, 0x03, 0x81,
  0xC0, 0x1C, 0x0F, 0x00, 0xE0, 0xDC, 0x0B, 0xFC, 0xFF, 0xCF, 0xC1, 0xFC,
  0x01, 0xF8, 0x03, 0xFF, 0xC1, 0xF0, 0xE0, 0xE0, 0x00, 0x70, 0x00, 0x18,
  0x00, 0x0E, 0x00, 0x03, 0x80, 0x00, 0xC0, 0x00, 0x30, 0x1F, 0xCC, 0x07,
  0xF3, 0x01, 0xFC, 0xC0, 0x07, 0x38, 0x01, 0xCE, 0x07, 0xFD, 0xC1, 0xFF,
  0x70, 0x07, 0x0F, 0x01, 0xC1, 0xFF, 0xF0, 0x1F, 0xF8, 0x1F, 0x18, 0xFE,
  0xE7, 0x0F, 0xB8, 0x1E, 0xC0, 0x3B, 0x00, 0xEC, 0x03, 0xB0, 0x0E, 0xC0,
  0x3B, 0x00, 0xEE, 0x03, 0xB8, 0x1E, 0x7B, 0xF8, 0xFE, 0xE0, 0x43, 0x80,
  0x0E, 0x07, 0xFC, 0x1F, 0xF8, 0x07, 0x1E, 0x78, 0x7F, 0xC0, 0x3C, 0x00,
  0x0C, 0x18, 0x07, 0x30, 0x03, 0xE0, 0x01, 0xC0, 0x00, 0x00, 0x00, 0x00,
  0x01, 0xF8, 0x0F, 0xFF, 0x1F, 0x0E, 0x38, 0x00, 0x70, 0x00, 0x60, 0x00,
  0xE0, 0x00, 0xE0, 0x00, 0xC0, 0x00, 0xC0, 0x00, 0xC0, 0x7F, 0xC0, 0x7F,
  0xC0, 0x07, 0xE0, 0x07, 0xE0, 0x07, 0x70, 0x07, 0x78, 0x07, 0x3C, 0x07,
  0x1F, 0xFF, 0x07, 0xFE, 0x60, 0xC1, 0xCC, 0x07, 0xC0, 0x1C, 0x00, 0x00,
  0x00, 0x00, 0x7C, 0x67, 0xF7, 0x70, 0xFF, 0x03, 0xF8, 0x0F, 0x80, 0x7C,
  0x03, 0xE0, 0x1F, 0x00, 0xF8, 0x07, 0xC0, 0x3F, 0x01, 0xDC, 0x1E, 0xFF,
  0xF3, 0xFB, 0x80, 0x1C, 0x00, 0xC0, 0x06, 0x80, 0x73, 0xCF, 0x1F, 0xF0,
  0x1C, 0x00, 0x30, 0x60, 0x73, 0x00, 0xF8, 0x01, 0xC0, 0x00, 0x00, 0x00,
  0x0C, 0x01, 0xF0, 0x0E, 0xC0, 0x73, 0x03, 0x8C, 0x1C, 0x30, 0xE0, 0xC7,
  0x03, 0x38, 0x0C, 0xC0, 0x37, 0x00, 0xFE, 0x03, 0x9C, 0x0C, 0x78, 0x30,
  0xE0, 0xC1, 0xC3, 0x03, 0x8C, 0x0E, 0x30, 0x1C, 0xC0, 0x3B, 0x00, 0x70,
  0xC1, 0x80, 0xE6, 0x00, 0xF8, 0x00, 0xE0, 0x00, 0x00, 0x00, 0x00, 0x07,
  0x00, 0x0E, 0x00, 0x1C, 0x00, 0x38, 0x00, 0x70, 0x00, 0xE0, 0x01, 0xC0,
  0xE3, 0x83, 0x87, 0x0E, 0x0E, 0x38, 0x1C, 0xE0, 0x3B, 0x80, 0x7E, 0x00,
  0xFE, 0x01, 0xEC, 0x03, 0x9C, 0x07, 0x1C, 0x0E, 0x1C, 0x1C, 0x1C, 0x38,
  0x38, 0x70, 0x38, 0x03, 0xF0, 0x07, 0xFF, 0x03, 0xE1, 0xE1, 0xE0, 0x1C,
  0x70, 0x03, 0xB8, 0x00, 0xEE, 0x00, 0x1B, 0x80, 0x07, 0xC0, 0x01, 0xF0,
  0x00, 0x7C, 0x00, 0x1F, 0x00, 0x07, 0xC0, 0x01, 0xF8, 0x00, 0x6E, 0x00,
  0x39, 0xC0, 0x0E, 0x70, 0x07, 0x0F, 0x03, 0x81, 0xFF, 0xC0, 0x1F, 0xE0,
  0x00, 0x40, 0x00, 0x30, 0x00, 0x18, 0x00, 0x06, 0x00, 0x01, 0xF0, 0x00,
  0x3C, 0x00, 0x0F, 0x81, 0xFF, 0x1C, 0x3D, 0xC0, 0x6E, 0x03, 0xE0, 0x1F,
  0x00, 0x78, 0x03, 0xC0, 0x1E, 0x01, 0xF0, 0x0F, 0xC0, 0x67, 0x07, 0x1F,
  0xF0, 0x7F, 0x00, 0x40, 0x06, 0x00, 0x60, 0x03, 0x00, 0x1F, 0x00, 0x78,
  0x00, 0x07, 0xF8, 0x01, 0xFE, 0x00, 0x00, 0x00, 0x00, 0x00, 0x03, 0xF0,
  0x07, 0xFF, 0x03, 0xE1, 0xE1, 0xE0, 0x1C, 0x70, 0x03, 0xB8, 0x00, 0xEE,
  0x00, 0x1B, 0x80, 0x07, 0xC0, 0x01, 0xF0, 0x00, 0x7C, 0x00, 0x1F, 0x00,
  0x07, 0xC0, 0x01, 0xF8, 0x00, 0x6E, 0x00, 0x39, 0xC0, 0x0E, 0x70, 0x07,
  0x0F, 0x03, 0x81, 0xFF, 0xC0, 0x1F, 0xE0, 0x00, 0x40, 0x00, 0x30, 0x00,
  0x18, 0x00, 0x06, 0x00, 0x01, 0xF0, 0x00, 0x3C, 0x00, 0x3F, 0xC1, 0xFE,
  0x00, 0x00, 0x00, 0x00, 0xF8, 0x1F, 0xF1, 0xC3, 0xDC, 0x06, 0xE0, 0x3E,
  0x01, 0xF0, 0x07, 0x80, 0x3C, 0x01, 0xE0, 0x1F, 0x00, 0xFC, 0x06, 0x70,
  0x71, 0xFF, 0x07, 0xF0, 0x04, 0x00, 0x60, 0x06, 0x00, 0x30, 0x01, 0xF0,
  0x07, 0x80, 0x30, 0x60, 0x73, 0x00, 0xF8, 0x01, 0xC0, 0x00, 0x00, 0x00,
  0x07, 0xFF, 0x9F, 0xFE, 0x7F, 0xF8, 0x01, 0xC0, 0x0C, 0x00, 0x60, 0x03,
  0x00, 0x38, 0x01, 0xC0, 0x07, 0xF0, 0x1F, 0xF0, 0x01, 0xE0, 0x03, 0x80,
  0x06, 0x00, 0x1C, 0x00, 0x60, 0x03, 0xA0, 0x1E, 0xFF, 0xF1, 0xFF, 0x00,
  0x30, 0x60, 0xE6, 0x03, 0xE0, 0x0E, 0x00, 0x00, 0x00, 0x01, 0xFF, 0xCF,
  0xFE, 0x00, 0x70, 0x07, 0x00, 0x70, 0x07, 0x00, 0x70, 0x07, 0x00, 0x30,
  0x03, 0xF0, 0x1F, 0xE0, 0x07, 0x80, 0x0C, 0x00, 0x70, 0x03, 0x80, 0x1C,
  0x00, 0xE0, 0x06, 0x80, 0x77, 0x8F, 0x3F, 0xF0, 0x1C, 0x00, 0x60, 0xCE,
  0x61, 0xF0, 0x38, 0x00, 0x00, 0x00, 0xE0, 0x38, 0x0E, 0x03, 0x80, 0xE0,
  0x38, 0x0E, 0x03, 0x80, 0xE0, 0x38, 0x0E, 0x03, 0x80, 0xE0, 0x38, 0x0E,
  0x03, 0x80, 0xE0, 0x38, 0x0E, 0x27, 0x0F, 0xC1, 0xC0, 0xFE, 0x00, 0x3F,
  0xFE, 0xFF, 0xE0, 0x3F, 0xFE, 0xFF, 0xF0, 0x3F, 0xFE, 0xC0, 0x38, 0x00,
  0x0E, 0xC0, 0x1C, 0x00, 0x1C, 0xC0, 0x0E, 0x00, 0x38, 0xC0, 0x0E, 0x00,
  0x38, 0xC0, 0x0E, 0x00, 0x70, 0xC0, 0x06, 0x00, 0xE0, 0xC0, 0x06, 0x00,
  0xE0, 0xC0, 0x06, 0x01, 0xC0, 0xC0, 0x06, 0x03, 0x80, 0xC0, 0x0E, 0x03,
  0x80, 0xC0, 0x0E, 0x07, 0x00, 0xC0, 0x0E, 0x0E, 0x00, 0xC0, 0x1C, 0x0E,
  0x00, 0xC0, 0x38, 0x1C, 0x00, 0xC0, 0xF8, 0x38, 0x00, 0xFF, 0xE0, 0x3F,
  0xFF, 0xFF, 0x80, 0x3F, 0xFF, 0xFE, 0x00, 0x00, 0x07, 0xFF, 0x00, 0x00,
  0x3F, 0xFC, 0x00, 0x01, 0x80, 0x70, 0x00, 0x0C, 0x01, 0xC0, 0x00, 0x60,
  0x07, 0x0F, 0xFF, 0x00, 0x38, 0x7F, 0xF8, 0x01, 0xC0, 0x06, 0xC0, 0x06,
  0x00, 0x76, 0x00, 0x30, 0x07, 0x30, 0x01, 0x80, 0x31, 0x80, 0x0C, 0x03,
  0x8C, 0x00, 0xE0, 0x38, 0x60, 0x07, 0x03, 0x83, 0x00, 0x38, 0x18, 0x18,
  0x03, 0x81, 0xC0, 0xC0, 0x38, 0x1C, 0x06, 0x07, 0xC0, 0xC0, 0x3F, 0xF8,
  0x0F, 0xFF, 0xFF, 0x00, 0x7F, 0xF0, 0x00, 0x38, 0x00, 0x00, 0x07, 0x00,
  0x00, 0x00, 0xE0, 0x00, 0x00, 0x1C, 0x00, 0x00, 0x03, 0x80, 0x00, 0x00,
  0x70, 0x00, 0x07, 0xCE, 0x1F, 0xF9, 0xFF, 0xC3, 0xFF, 0x70, 0xF8, 0x00,
  0xDC, 0x0F, 0x00, 0x3B, 0x00, 0xE0, 0x0E, 0x60, 0x1C, 0x01, 0x8C, 0x03,
  0x80, 0x71, 0x80, 0x70, 0x1C, 0x30, 0x0E, 0x07, 0x06, 0x01, 0xC0, 0xC0,
  0xC0, 0x38, 0x38, 0x1C, 0x0F, 0x0E, 0x01, 0xC1, 0xE1, 0x80, 0x3F, 0xFC,
  0x7F, 0xF3, 0xFB, 0x8F, 0xFE, 0x00, 0x3C, 0x00, 0x38, 0x00, 0x70, 0x00,
  0xE0, 0x00, 0x00, 0x00, 0x00, 0x01, 0xF8, 0x0F, 0xFF, 0x1F, 0x0E, 0x38,
  0x00, 0x70, 0x00, 0x60, 0x00, 0xE0, 0x00, 0xE0, 0x00, 0xC0, 0x00, 0xC0,
  0x00, 0xC0, 0x7F, 0xC0, 0x7F, 0xC0, 0x07, 0xE0, 0x07, 0xE0, 0x07, 0x70,
  0x07, 0x78, 0x07, 0x3C, 0x07, 0x1F, 0xFF, 0x07, 0xFE, 0x01, 0xE0, 0x0E,
  0x00, 0xE0, 0x0E, 0x00, 0x00, 0x00, 0x00, 0x7C, 0x67, 0xF7, 0x70, 0xFF,
  0x03, 0xF8, 0x0F, 0x80, 0x7C, 0x03, 0xE0, 0x1F, 0x00, 0xF8, 0x07, 0xC0,
  0x3F, 0x01, 0xDC, 0x1E, 0xFF, 0xF3, 0xFB, 0x80, 0x1C, 0x00, 0xC0, 0x06,
  0x80, 0x73, 0xCF, 0x1F, 0xF0, 0x1C, 0x00, 0xC0, 0x38, 0x0C, 0x03, 0x80,
  0xC0, 0x38, 0x0C, 0x03, 0x80, 0xC0, 0x38, 0x0C, 0x03, 0x83, 0xC0, 0x38,
  0x3C, 0x03, 0x83, 0xC0, 0x38, 0x3F, 0xFF, 0x83, 0xFF, 0xF8, 0x3C, 0x03,
  0x83, 0xC0, 0x38, 0x3C, 0x03, 0x83, 0xC0, 0x38, 0x3C, 0x03, 0x83, 0xC0,
  0x38, 0x3C, 0x01, 0x87, 0xC0, 0x1F, 0xEC, 0x00, 0xFC, 0xC7, 0xC3, 0x3F,
  0xCD, 0x87, 0xBC, 0x0E, 0xE0, 0x1B, 0x80, 0x7C, 0x01, 0xF0, 0x07, 0xC0,
  0x1B, 0x00, 0x6C, 0x03, 0xB0, 0x0E, 0xC0, 0x73, 0x01, 0xCC, 0x0E, 0x30,
  0x70, 0xC7, 0x83, 0x78, 0x0F, 0xC0, 0x3C, 0x00, 0xC0, 0x03, 0x00, 0x0C,
  0x00, 0x30, 0x00, 0xC0, 0x03, 0x00, 0x0C, 0x00, 0x00, 0x0E, 0x00, 0x0E,
  0x00, 0x0C, 0x00, 0x0C, 0x00, 0x04, 0x00, 0x00, 0x38, 0x01, 0xF0, 0x03,
  0xF0, 0x07, 0xF0, 0x0F, 0xE0, 0x1E, 0xE0, 0x3C, 0xC0, 0x79, 0xC0, 0xF1,
  0xC1, 0xE1, 0x83, 0xC3, 0x87, 0x83, 0x8F, 0x07, 0x1E, 0x07, 0x3C, 0x07,
  0x78, 0x0E, 0xF0, 0x0F, 0xE0, 0x0F, 0xC0, 0x1F, 0x80, 0x1C, 0x1C, 0x00,
  0x70, 0x01, 0x80, 0x06, 0x00, 0x08, 0x00, 0x03, 0x1F, 0x1F, 0xFE, 0xF8,
  0x77, 0x81, 0xF8, 0x0F, 0xC0, 0x7E, 0x03, 0xF0, 0x1F, 0x80, 0xFC, 0x07,
  0xE0, 0x3F, 0x01, 0xF8, 0x0F, 0xC0, 0x7E, 0x03, 0x80, 0x00, 0x78, 0x00,
  0x18, 0x00, 0x0C, 0x00, 0x04, 0x00, 0x01, 0xE0, 0x00, 0xDC, 0x00, 0x23,
  0x00, 0x08, 0xC0, 0x03, 0xE0, 0x00, 0x78, 0x00, 0x1E, 0x00, 0x0D, 0x80,
  0x03, 0x30, 0x01, 0xCC, 0x00, 0x63, 0x80, 0x38, 0x60, 0x0C, 0x1C, 0x03,
  0x03, 0x01, 0xC0, 0xC0, 0x7F, 0xF8, 0x3F, 0xFE, 0x0C, 0x01, 0xC7, 0x00,
  0x71, 0xC0, 0x0C, 0x60, 0x03, 0xB8, 0x00, 0x70, 0x01, 0xE0, 0x38, 0x06,
  0x00, 0x00, 0x07, 0x80, 0xCC, 0x08, 0xC0, 0xCC, 0x07, 0x80, 0x00, 0x00,
  0x00, 0xFC, 0x3F, 0xE3, 0x07, 0x00, 0x70, 0x03, 0x00, 0x30, 0x7F, 0x3F,
  0xF7, 0x03, 0xE0, 0x3E, 0x03, 0xE0, 0x7E, 0x0F, 0x7F, 0xB3, 0xF3, 0x00,
  0x03, 0xC0, 0x00, 0x07, 0x00, 0x00, 0x1C, 0x00, 0x00, 0x70, 0x00, 0x00,
  0x00, 0x00, 0x00, 0x00, 0x00, 0x1F, 0xFF, 0x80, 0x3F, 0xFF, 0x00, 0xFF,
  0xFE, 0x01, 0x9C, 0x00, 0x07, 0x38, 0x00, 0x0C, 0x70, 0x00, 0x38, 0xE0,
  0x00, 0x61, 0xC0, 0x01, 0xC3, 0x80, 0x03, 0x07, 0xFE, 0x0E, 0x0F, 0xFC,
  0x1C, 0x1C, 0x00, 0x3F, 0xF8, 0x00, 0xFF, 0xF0, 0x01, 0x80, 0xE0, 0x07,
  0x01, 0xC0, 0x0C, 0x03, 0x80, 0x38, 0x07, 0x00, 0x60, 0x0F, 0xFF, 0xC0,
  0x1F, 0xFC, 0x00, 0x1E, 0x00, 0x00, 0xE0, 0x00, 0x0E, 0x00, 0x00, 0xE0,
  0x00, 0x00, 0x00, 0x00, 0x00, 0x00, 0x7E, 0x1F, 0x0F, 0xF9, 0xFC, 0x30,
  0xFC, 0x70, 0x03, 0xC1, 0xC0, 0x1C, 0x06, 0x00, 0xE0, 0x30, 0xFF, 0xFF,
  0x9F, 0xFF, 0xFD, 0xC1, 0xC0, 0x1C, 0x0E, 0x00, 0xE0, 0x70, 0x07, 0x03,
  0xC0, 0x38, 0x37, 0x02, 0xFF, 0x3F, 0xF3, 0xF0, 0x7F, 0x00, 0x00, 0x78,
  0x00, 0x1C, 0x00, 0x0E, 0x00, 0x07, 0x00, 0x00, 0x00, 0x00, 0x00, 0x00,
  0x3F, 0x38, 0x7F, 0xFC, 0x3E, 0x1E, 0x1E, 0x03, 0xC7, 0x01, 0xFB, 0x80,
  0x6E, 0xE0, 0x31, 0xB8, 0x1C, 0x7C, 0x06, 0x1F, 0x03, 0x07, 0xC1, 0xC1,
  0xF0, 0xE0, 0x7C, 0x30, 0x1F, 0x9C, 0x06, 0xEE, 0x03, 0x9F, 0x00, 0xE7,
  0x80, 0x70, 0xF0, 0x38, 0x3F, 0xFC, 0x19, 0xFE, 0x02, 0x00, 0x00, 0x01,
  0xE0, 0x0E, 0x00, 0xE0, 0x0E, 0x00, 0x00, 0x00, 0x10, 0x3E, 0xE7, 0xFE,
  0x70, 0xF7, 0x07, 0xB8, 0x7F, 0x83, 0x7C, 0x31, 0xE3, 0x8F, 0x18, 0x79,
  0x87, 0xDC, 0x3F, 0xC1, 0x9C, 0x1C, 0xFF, 0xCF, 0xFC, 0x20, 0x00, 0x1C,
  0xE0, 0x03, 0x38, 0x00, 0x67, 0x00, 0x18, 0xC0, 0x01, 0x08, 0x00, 0x00,
  0x00, 0x0C, 0x00, 0x07, 0x00, 0x01, 0xE0, 0x00, 0xF8, 0x00, 0x36, 0x00,
  0x0C, 0xC0, 0x07, 0x30, 0x01, 0x8E, 0x00, 0xE1, 0x80, 0x38, 0x60, 0x0C,
  0x1C, 0x07, 0x03, 0x01, 0xFF, 0xE0, 0x7F, 0xF8, 0x38, 0x06, 0x0C, 0x01,
  0xC7, 0x00, 0x31, 0x80, 0x0E, 0x60, 0x03, 0xB8, 0x00, 0x70, 0x73, 0x83,
  0x38, 0x19, 0xC1, 0x8C, 0x04, 0x20, 0x00, 0x0F, 0xC3, 0xFE, 0x30, 0x70,
  0x07, 0x00, 0x30, 0x03, 0x07, 0xF3, 0xFF, 0x70, 0x3E, 0x03, 0xE0, 0x3E,
  0x07, 0xE0, 0xF7, 0xFB, 0x3F, 0x30, 0x03, 0xF0, 0x01, 0xFE, 0x00, 0x61,
  0x80, 0x00, 0x00, 0x00, 0x00, 0x00, 0x30, 0x00, 0x1C, 0x00, 0x07, 0x80,
  0x03, 0xE0, 0x00, 0xD8, 0x00, 0x33, 0x00, 0x1C, 0xC0, 0x06, 0x38, 0x03,
  0x86, 0x00, 0xE1, 0x80, 0x30, 0x70, 0x1C, 0x0C, 0x07, 0xFF, 0x81, 0xFF,
  0xE0, 0xE0, 0x18, 0x30, 0x07, 0x1C, 0x00, 0xC6, 0x00, 0x39, 0x80, 0x0E,
  0xE0, 0x01, 0xC0, 0x0F, 0xC1, 0xFE, 0x18, 0x60, 0x00, 0x00, 0x00, 0xFC,
  0x3F, 0xE3, 0x07, 0x00, 0x70, 0x03, 0x00, 0x30, 0x7F, 0x3F, 0xF7, 0x03,
  0xE0, 0x3E, 0x03, 0xE0, 0x7E, 0x0F, 0x7F, 0xB3, 0xF3, 0xE7, 0x06, 0x70,
  0x33, 0x83, 0x18, 0x08, 0x40, 0x00, 0x7F, 0xF7, 0xFF, 0x7F, 0xF6, 0x00,
  0x60, 0x06, 0x00, 0x60, 0x06, 0x00, 0x60, 0x07, 0xFE, 0x7F, 0xE6, 0x00,
  0x60, 0x06, 0x00, 0x60, 0x06, 0x00, 0x60, 0x06, 0x00, 0x7F, 0xF7, 0xFF,
  0xE7, 0x06, 0x70, 0x33, 0x83, 0x18, 0x08, 0x40, 0x00, 0x1F, 0x83, 0xFC,
  0x70, 0xEE, 0x06, 0xC0, 0x7C, 0x07, 0xFF, 0xFF, 0xFF, 0xC0, 0x0C, 0x00,
  0xC0, 0x0E, 0x00, 0x70, 0x13, 0xFE, 0x1F, 0xE0, 0x3F, 0x0F, 0xF1, 0x86,
  0x00, 0x00, 0x01, 0xFF, 0xFF, 0xFF, 0xFF, 0xC0, 0x18, 0x03, 0x00, 0x60,
  0x0C, 0x01, 0x80, 0x3F, 0xF7, 0xFE, 0xC0, 0x18, 0x03, 0x00, 0x60, 0x0C,
  0x01, 0x80, 0x30, 0x07, 0xFF, 0xFF, 0xE0, 0x1F, 0x83, 0xFC, 0x30, 0xC0,
  0x00, 0x00, 0x01, 0xF8, 0x3F, 0xC7, 0x0E, 0xE0, 0x6C, 0x07, 0xC0, 0x7F,
  0xFF, 0xFF, 0xFC, 0x00, 0xC0, 0x0C, 0x00, 0xE0, 0x07, 0x01, 0x3F, 0xE1,
  0xFE, 0xE7, 0x19, 0xC3, 0x38, 0xC6, 0x08, 0x40, 0x03, 0xF8, 0xFE, 0x0E,
  0x03, 0x80, 0xE0, 0x38, 0x0E, 0x03, 0x80, 0xE0, 0x38, 0x0E, 0x03, 0x80,
  0xE0, 0x38, 0x0E, 0x03, 0x80, 0xE0, 0x38, 0x3F, 0x8F, 0xE0, 0xE7, 0x19,
  0xC3, 0x38, 0xC6, 0x08, 0x40, 0x00, 0xE0, 0x38, 0x0E, 0x03, 0x80, 0xE0,
  0x38, 0x0E, 0x03, 0x80, 0xE0, 0x38, 0x0E, 0x03, 0x80, 0xE0, 0x38, 0x0E,
  0x00, 0x7E, 0xFF, 0xC3, 0x00, 0x00, 0xFE, 0xFE, 0x38, 0x38, 0x38, 0x38,
  0x38, 0x38, 0x38, 0x38, 0x38, 0x38, 0x38, 0x38, 0x38, 0x38, 0x38, 0x38,
  0xFE, 0xFE, 0x7E, 0xFF, 0xC3, 0x00, 0x00, 0x38, 0x38, 0x38, 0x38, 0x38,
  0x38, 0x38, 0x38, 0x38, 0x38, 0x38, 0x38, 0x38, 0x38, 0x38, 0x1C, 0xE0,
  0x03, 0x38, 0x00, 0x67, 0x00, 0x18, 0xC0, 0x01, 0x08, 0x00, 0x00, 0x00,
  0x3F, 0x00, 0x7F, 0xF0, 0x3E, 0x1E, 0x1E, 0x01, 0xC7, 0x00, 0x3B, 0x80,
  0x0E, 0xE0, 0x01, 0xB8, 0x00, 0x7C, 0x00, 0x1F, 0x00, 0x07, 0xC0, 0x01,
  0xF0, 0x00, 0x7C, 0x00, 0x1F, 0x80, 0x06, 0xE0, 0x03, 0x9C, 0x00, 0xE7,
  0x00, 0x70, 0xF0, 0x38, 0x1F, 0xFC, 0x01, 0xFE, 0x00, 0xE7, 0x03, 0x38,
  0x0C, 0xE0, 0x63, 0x00, 0x84, 0x00, 0x00, 0x3E, 0x07, 0xFC, 0x70, 0xF7,
  0x01, 0xB8, 0x0F, 0x80, 0x7C, 0x01, 0xE0, 0x0F, 0x00, 0x78, 0x07, 0xC0,
  0x3F, 0x01, 0x9C, 0x1C, 0x7F, 0xC1, 0xFC, 0x00, 0x03, 0xF0, 0x01, 0xFE,
  0x00, 0x61, 0x80, 0x00, 0x00, 0x00, 0x00, 0x00, 0xFC, 0x01, 0xFF, 0xC0,
  0xF8, 0x78, 0x78, 0x07, 0x1C, 0x00, 0xEE, 0x00, 0x3B, 0x80, 0x06, 0xE0,
  0x01, 0xF0, 0x00, 0x7C, 0x00, 0x1F, 0x00, 0x07, 0xC0, 0x01, 0xF0, 0x00,
  0x7E, 0x00, 0x1B, 0x80, 0x0E, 0x70, 0x03, 0x9C, 0x01, 0xC3, 0xC0, 0xE0,
  0x7F, 0xF0, 0x07, 0xF8, 0x00, 0x1F, 0x81, 0xFE, 0x0C, 0x30, 0x00, 0x00,
  0x00, 0x07, 0xC0, 0xFF, 0x8E, 0x1E, 0xE0, 0x37, 0x01, 0xF0, 0x0F, 0x80,
  0x3C, 0x01, 0xE0, 0x0F, 0x00, 0xF8, 0x07, 0xE0, 0x33, 0x83, 0x8F, 0xF8,
  0x3F, 0x80, 0xE7, 0x01, 0x9C, 0x03, 0x38, 0x0C, 0x60, 0x08, 0x40, 0x00,
  0x0F, 0xE0, 0x3F, 0xF0, 0xFF, 0xE3, 0x01, 0xCC, 0x07, 0x30, 0x0C, 0xC0,
  0x33, 0x01, 0xCC, 0x07, 0x30, 0x78, 0xFF, 0xC3, 0xFC, 0x0C, 0x38, 0x30,
  0x70, 0xC0, 0xC3, 0x03, 0x8C, 0x07, 0x30, 0x1C, 0xC0, 0x3B, 0x00, 0xF0,
  0xE7, 0x19, 0xC3, 0x38, 0xC6, 0x08, 0x40, 0x06, 0x3D, 0x9F, 0x7E, 0x1E,
  0x07, 0x01, 0xC0, 0x70, 0x1C, 0x07, 0x01, 0xC0, 0x70, 0x1C, 0x07, 0x01,
  0xC0, 0x70, 0x00, 0x1F, 0x80, 0xFF, 0x03, 0x0C, 0x00, 0x00, 0x00, 0x03,
  0xF8, 0x0F, 0xFC, 0x3F, 0xF8, 0xC0, 0x73, 0x01, 0xCC, 0x03, 0x30, 0x0C,
  0xC0, 0x73, 0x01, 0xCC, 0x1E, 0x3F, 0xF0, 0xFF, 0x03, 0x0E, 0x0C, 0x1C,
  0x30, 0x30, 0xC0, 0xE3, 0x01, 0xCC, 0x07, 0x30, 0x0E, 0xC0, 0x3C, 0x3F,
  0x3F, 0xD8, 0x60, 0x00, 0x06, 0x3F, 0x3F, 0xF8, 0xF0, 0x70, 0x38, 0x1C,
  0x0E, 0x07, 0x03, 0x81, 0xC0, 0xE0, 0x70, 0x38, 0x1C, 0x00, 0x39, 0xC0,
  0x19, 0xC0, 0x0C, 0xE0, 0x0C, 0x60, 0x02, 0x10, 0x00, 0x00, 0xE0, 0x07,
  0xE0, 0x07, 0xE0, 0x07, 0xE0, 0x07, 0xE0, 0x07, 0xE0, 0x07, 0xE0, 0x07,
  0xE0, 0x07, 0xE0, 0x07, 0xE0, 0x07, 0xE0, 0x07, 0xE0, 0x07, 0xE0, 0x07,
  0xE0, 0x07, 0x60, 0x06, 0x60, 0x06, 0x70, 0x0E, 0x38, 0x1C, 0x1F, 0xF8,
  0x0F, 0xF0, 0x73, 0x81, 0x9C, 0x06, 0x70, 0x31, 0x80, 0x42, 0x00, 0x03,
  0x80, 0xFC, 0x07, 0xE0, 0x3F, 0x01, 0xF8, 0x0F, 0xC0, 0x7E, 0x03, 0xF0,
  0x1F, 0x80, 0xFC, 0x07, 0xE0, 0x3F, 0x03, 0xDC, 0x1E, 0xFF, 0xF3, 0xF9,
  0x80, 0x07, 0xE0, 0x0F, 0xF0, 0x0C, 0x30, 0x00, 0x00, 0x00, 0x00, 0xE0,
  0x07, 0xE0, 0x07, 0xE0, 0x07, 0xE0, 0x07, 0xE0, 0x07, 0xE0, 0x07, 0xE0,
  0x07, 0xE0, 0x07, 0xE0, 0x07, 0xE0, 0x07, 0xE0, 0x07, 0xE0, 0x07, 0xE0,
  0x07, 0xE0, 0x07, 0x60, 0x06, 0x60, 0x06, 0x70, 0x0E, 0x38, 0x1C, 0x1F,
  0xF8, 0x0F, 0xF0, 0x1F, 0x81, 0xFE, 0x0C, 0x30, 0x00, 0x00, 0x00, 0x70,
  0x1F, 0x80, 0xFC, 0x07, 0xE0, 0x3F, 0x01, 0xF8, 0x0F, 0xC0, 0x7E, 0x03,
  0xF0, 0x1F, 0x80, 0xFC, 0x07, 0xE0, 0x7B, 0x83, 0xDF, 0xFE, 0x7F, 0x30,
  0x0F, 0xC1, 0xFF, 0x9E, 0x1C, 0xE0, 0x06, 0x00, 0x30, 0x01, 0x80, 0x0E,
  0x00, 0x3C, 0x00, 0xF8, 0x01, 0xF0, 0x03, 0xE0, 0x07, 0x00, 0x1C, 0x00,
  0xE0, 0x07, 0x00, 0x3E, 0x03, 0xBF, 0xF8, 0xFF, 0x80, 0x00, 0x00, 0x00,
  0x1C, 0x00, 0xC0, 0x06, 0x00, 0x60, 0x00, 0x1F, 0x8F, 0xFD, 0x81, 0x70,
  0x0E, 0x00, 0xE0, 0x1F, 0x00, 0xFC, 0x07, 0xC0, 0x1C, 0x03, 0x80, 0x38,
  0x0F, 0xFF, 0x9F, 0xE0, 0x00, 0x00, 0x00, 0xE0, 0x18, 0x03, 0x00, 0xC0,
  0xFF, 0xFF, 0xFF, 0xFF, 0xFF, 0xF8, 0x1C, 0x00, 0x38, 0x00, 0x70, 0x00,
  0xE0, 0x01, 0xC0, 0x03, 0x80, 0x07, 0x00, 0x0E, 0x00, 0x1C, 0x00, 0x38,
  0x00, 0x70, 0x00, 0xE0, 0x01, 0xC0, 0x03, 0x80, 0x07, 0x00, 0x0E, 0x00,
  0x1C, 0x00, 0x00, 0x00, 0x00, 0x00, 0x70, 0x00, 0xC0, 0x01, 0x80, 0x06,
  0x00, 0x18, 0x0C, 0x06, 0x07, 0xFF, 0xF8, 0xC0, 0x60, 0x30, 0x18, 0x0C,
  0x06, 0x03, 0x01, 0x80, 0xC0, 0x60, 0x30, 0x1F, 0x87, 0xC0, 0x00, 0x00,
  0x70, 0x30, 0x18, 0x18, 0x0F, 0x83, 0xFF, 0x3C, 0x1C, 0x80, 0x70, 0x03,
  0x80, 0x1C, 0x00, 0xE0, 0x0E, 0x00, 0xE0, 0x3E, 0x07, 0xF8, 0x30, 0xE0,
  0x03, 0x80, 0x1C, 0x00, 0x60, 0x03, 0x00, 0x38, 0x01, 0xC0, 0x1C, 0x01,
  0xE0, 0x3E, 0x07, 0xC3, 0xFC, 0x1F, 0x00, 0xC0, 0x00, 0x3F, 0x1F, 0xF9,
  0x07, 0x00, 0x70, 0x0E, 0x01, 0xC0, 0x30, 0x1E, 0x0F, 0x07, 0xF8, 0x43,
  0x80, 0x70, 0x06, 0x00, 0xC0, 0x18, 0x07, 0x01, 0xC0, 0x70, 0x7C, 0x7F,
  0x0F, 0x01, 0x00, 0x00, 0x30, 0x60, 0x39, 0x80, 0x3E, 0x00, 0x38, 0x00,
  0x00, 0x00, 0x00, 0x30, 0x03, 0xE0, 0x07, 0xC0, 0x0F, 0x80, 0x1F, 0x00,
  0x3E, 0x00, 0x7C, 0x00, 0xF8, 0x01, 0xF0, 0x03, 0xFF, 0xFF, 0xFF, 0xFF,
  0x80, 0x1F, 0x00, 0x3E, 0x00, 0x7C, 0x00, 0xF8, 0x01, 0xF0, 0x03, 0xE0,
  0x07, 0xC0, 0x0F, 0x80, 0x1C, 0xC1, 0x80, 0x73, 0x00, 0x3E, 0x00, 0x1C,
  0x00, 0x00, 0x00, 0x00, 0x00, 0x1C, 0x00, 0x1C, 0x00, 0x1C, 0x00, 0x1C,
  0x00, 0x1C, 0x00, 0x1C, 0x00, 0x1C, 0xF8, 0x1F, 0xFE, 0x1F, 0x0E, 0x1E,
  0x07, 0x1C, 0x07, 0x1C, 0x07, 0x1C, 0x07, 0x1C, 0x07, 0x1C, 0x07, 0x1C,
  0x07, 0x1C, 0x07, 0x1C, 0x07, 0x1C, 0x07, 0x1C, 0x07, 0x1C, 0x07, 0xC3,
  0xE1, 0x9F, 0xF3, 0xF1, 0xF7, 0x80, 0xEE, 0x00, 0xFC, 0x01, 0xF0, 0x03,
  0xE0, 0x07, 0xC0, 0x0F, 0x80, 0x1F, 0x00, 0x3E, 0x00, 0x7C, 0x00, 0xF8,
  0x01, 0xF0, 0x03, 0xE0, 0x07, 0xC0, 0x0F, 0x80, 0x1F, 0x00, 0x3E, 0x00,
  0x70, 0x00, 0xE0, 0x01, 0xC0, 0x03, 0x80, 0x07, 0x00, 0x0E, 0x00, 0x1C,
  0x00, 0x38, 0x00, 0x38, 0x00, 0x01, 0xC0, 0x00, 0x0E, 0x00, 0x00, 0x70,
  0x00, 0x03, 0x80, 0x00, 0x1C, 0x00, 0x7C, 0xE0, 0x07, 0xFF, 0x00, 0x70,
  0xF8, 0x07, 0x03, 0xC0, 0x30, 0x0E, 0x01, 0x80, 0x70, 0x0C, 0x03, 0x80,
  0x60, 0x1C, 0x03, 0x00, 0xE0, 0x18, 0x07, 0x3F, 0xC0, 0x3B, 0xFF, 0x03,
  0xF0, 0xDC, 0x1F, 0x86, 0xFF, 0x9F, 0xF3, 0xF8, 0xFE, 0x00, 0x06, 0x00,
  0x00, 0x70, 0x00, 0x03, 0x00, 0x60, 0x1C, 0xC0, 0x39, 0x80, 0x73, 0x00,
  0xE6, 0x01, 0xCE, 0x03, 0x0E, 0x0E, 0x0F, 0xF8, 0x1F, 0xF0, 0xF0, 0xF3,
  0x80, 0x77, 0x00, 0x6C, 0x00, 0xF8, 0x01, 0xF0, 0x03, 0xF0, 0x07, 0xE0,
  0x1C, 0xE0, 0x78, 0xFF, 0xE0, 0xFF, 0x00, 0x70, 0x19, 0xC0, 0x67, 0x01,
  0x9C, 0x06, 0x70, 0x19, 0xC0, 0xE3, 0x03, 0x8F, 0x1C, 0x1F, 0xE0, 0xFF,
  0xC7, 0x03, 0x9C, 0x06, 0x60, 0x1F, 0x80, 0x7E, 0x01, 0xF8, 0x07, 0x60,
  0x1D, 0xC0, 0x67, 0x03, 0x8F, 0xFC, 0x0F, 0xE0, 0xFF, 0xFB, 0xFF, 0xEF,
  0xFF, 0x80, 0x0E, 0x00, 0x70, 0x03, 0x80, 0x0E, 0x00, 0x70, 0x03, 0x80,
  0x0E, 0x00, 0x70, 0x03, 0x80, 0x0E, 0x00, 0x70, 0x03, 0x80, 0x0E, 0x00,
  0x70, 0x03, 0x80, 0x0F, 0xFF, 0xFF, 0xFF, 0x00, 0x1C, 0x00, 0x70, 0x01,
  0xC0, 0x1E, 0x00, 0x78, 0x7F, 0xEF, 0xFC, 0x03, 0x00, 0xE0, 0x38, 0x06,
  0x01, 0xC0, 0x70, 0x1C, 0x03, 0x00, 0xE0, 0x38, 0x06, 0x01, 0xFF, 0xFF,
  0xF8, 0x03, 0x00, 0x60, 0x0C, 0x0F, 0x81, 0xE0, 0x01, 0xC0, 0x00, 0x70,
  0x00, 0x08, 0x00, 0x00, 0x00, 0x00, 0x00, 0x00, 0x30, 0x00, 0x1C, 0x00,
  0x07, 0x80, 0x03, 0xE0, 0x00, 0xD8, 0x00, 0x33, 0x00, 0x1C, 0xC0, 0x06,
  0x38, 0x03, 0x86, 0x00, 0xE1, 0x80, 0x30, 0x70, 0x1C, 0x0C, 0x07, 0xFF,
  0x81, 0xFF, 0xE0, 0xE0, 0x18, 0x30, 0x07, 0x1C, 0x00, 0xC6, 0x00, 0x39,
  0x80, 0x0E, 0xE0, 0x01, 0xC0, 0x07, 0x00, 0x70, 0x02, 0x00, 0x00, 0x00,
  0x00, 0xFC, 0x3F, 0xE3, 0x07, 0x00, 0x70, 0x03, 0x00, 0x30, 0x7F, 0x3F,
  0xF7, 0x03, 0xE0, 0x3E, 0x03, 0xE0, 0x7E, 0x0F, 0x7F, 0xB3, 0xF3, 0xFF,
  0xFF, 0xFF, 0xFF, 0xE0, 0x0C, 0x01, 0x80, 0x30, 0x06, 0x00, 0xC0, 0x1F,
  0xFB, 0xFF, 0x60, 0x0C, 0x01, 0x80, 0x30, 0x06, 0x00, 0xC0, 0x18, 0x03,
  0xFF, 0xFF, 0xF0, 0xC0, 0x18, 0x07, 0x80, 0x18, 0x03, 0x07, 0xC0, 0x60,
  0x00, 0x1F, 0x83, 0xFC, 0x70, 0xEE, 0x06, 0xC0, 0x7C, 0x07, 0xFF, 0xFF,
  0xFF, 0xC0, 0x0C, 0x00, 0xC0, 0x0E, 0x00, 0x70, 0x13, 0xFE, 0x1F, 0xE0,
  0x60, 0x06, 0x00, 0xF0, 0x01, 0x80, 0x18, 0x1F, 0x00, 0xC0, 0x07, 0xF8,
  0x01, 0xFE, 0x00, 0x00, 0x00, 0x00, 0x00, 0x06, 0x30, 0x01, 0x8E, 0x00,
  0x21, 0x00, 0x00, 0x00, 0x03, 0xF0, 0x07, 0xFF, 0x03, 0xE1, 0xE1, 0xE0,
  0x1C, 0x70, 0x03, 0xB8, 0x00, 0xEE, 0x00, 0x1B, 0x80, 0x07, 0xC0, 0x01,
  0xF0, 0x00, 0x7C, 0x00, 0x1F, 0x00, 0x07, 0xC0, 0x01, 0xF8, 0x00, 0x6E,
  0x00, 0x39, 0xC0, 0x0E, 0x70, 0x07, 0x0F, 0x03, 0x81, 0xFF, 0xC0, 0x1F,
  0xE0, 0x3F, 0xC1, 0xFE, 0x00, 0x00, 0x00, 0x01, 0x8C, 0x1C, 0x60, 0x42,
  0x00, 0x00, 0x0F, 0x81, 0xFF, 0x1C, 0x3D, 0xC0, 0x6E, 0x03, 0xE0, 0x1F,
  0x00, 0x78, 0x03, 0xC0, 0x1E, 0x01, 0xF0, 0x0F, 0xC0, 0x67, 0x07, 0x1F,
  0xF0, 0x7F, 0x00, 0x07, 0xF8, 0x01, 0xFE, 0x00, 0x00, 0x00, 0x0C, 0x20,
  0x07, 0xD8, 0x03, 0x3E, 0x00, 0xC2, 0x00, 0x00, 0x00, 0x03, 0xF0, 0x07,
  0xFF, 0x03, 0xE1, 0xE1, 0xE0, 0x1C, 0x70, 0x03, 0xB8, 0x00, 0xEE, 0x00,
  0x1B, 0x80, 0x07, 0xC0, 0x01, 0xF0, 0x00, 0x7C, 0x00, 0x1F, 0x00, 0x07,
  0xC0, 0x01, 0xF8, 0x00, 0x6E, 0x00, 0x39, 0xC0, 0x0E, 0x70, 0x07, 0x0F,
  0x03, 0x81, 0xFF, 0xC0, 0x1F, 0xE0, 0x3F, 0xC1, 0xFE, 0x00, 0x00, 0x38,
  0xC3, 0xF6, 0x11, 0xE0, 0x00, 0x00, 0x00, 0x0F, 0x81, 0xFF, 0x1C, 0x3D,
  0xC0, 0x6E, 0x03, 0xE0, 0x1F, 0x00, 0x78, 0x03, 0xC0, 0x1E, 0x01, 0xF0,
  0x0F, 0xC0, 0x67, 0x07, 0x1F, 0xF0, 0x7F, 0x00, 0x01, 0xC0, 0x00, 0x70,
  0x00, 0x08, 0x00, 0x00, 0x00, 0x00, 0x00, 0x00, 0xFC, 0x01, 0xFF, 0xC0,
  0xF8, 0x78, 0x78, 0x07, 0x1C, 0x00, 0xEE, 0x00, 0x3B, 0x80, 0x06, 0xE0,
  0x01, 0xF0, 0x00, 0x7C, 0x00, 0x1F, 0x00, 0x07, 0xC0, 0x01, 0xF0, 0x00,
  0x7E, 0x00, 0x1B, 0x80, 0x0E, 0x70, 0x03, 0x9C, 0x01, 0xC3, 0xC0, 0xE0,
  0x7F, 0xF0, 0x07, 0xF8, 0x00, 0x07, 0x00, 0x38, 0x00, 0x80, 0x00, 0x00,
  0x00, 0x07, 0xC0, 0xFF, 0x8E, 0x1E, 0xE0, 0x37, 0x01, 0xF0, 0x0F, 0x80,
  0x3C, 0x01, 0xE0, 0x0F, 0x00, 0xF8, 0x07, 0xE0, 0x33, 0x83, 0x8F, 0xF8,
  0x3F, 0x80, 0x07, 0xF8, 0x01, 0xFE, 0x00, 0x00, 0x00, 0x03, 0x00, 0x01,
  0xC0, 0x00, 0x30, 0x00, 0x00, 0x00, 0x0F, 0xC0, 0x1F, 0xFC, 0x0F, 0x87,
  0x87, 0x80, 0x71, 0xC0, 0x0E, 0xE0, 0x03, 0xB8, 0x00, 0x6E, 0x00, 0x1F,
  0x00, 0x07, 0xC0, 0x01, 0xF0, 0x00, 0x7C, 0x00, 0x1F, 0x00, 0x07, 0xE0,
  0x01, 0xB8, 0x00, 0xE7, 0x00, 0x39, 0xC0, 0x1C, 0x3C, 0x0E, 0x07, 0xFF,
  0x00, 0x7F, 0x80, 0x3F, 0xC1, 0xFE, 0x00, 0x00, 0x04, 0x00, 0x70, 0x03,
  0x80, 0x00, 0x00, 0x00, 0x0F, 0x81, 0xFF, 0x1C, 0x3D, 0xC0, 0x6E, 0x03,
  0xE0, 0x1F, 0x00, 0x78, 0x03, 0xC0, 0x1E, 0x01, 0xF0, 0x0F, 0xC0, 0x67,
  0x07, 0x1F, 0xF0, 0x7F, 0x00, 0x0F, 0xF0, 0x0F, 0xF0, 0x00, 0x00, 0x00,
  0x00, 0xE0, 0x07, 0x60, 0x0E, 0x70, 0x0C, 0x30, 0x1C, 0x38, 0x18, 0x18,
  0x38, 0x1C, 0x30, 0x0C, 0x70, 0x0E, 0x60, 0x06, 0xE0, 0x07, 0xC0, 0x03,
  0xC0, 0x01, 0x80, 0x01, 0x80, 0x01, 0x80, 0x01, 0x80, 0x01, 0x80, 0x01,
  0x80, 0x01, 0x80, 0x01, 0x80, 0x1F, 0xE0, 0x7F, 0x80, 0x00, 0x00, 0x00,
  0xE0, 0x1D, 0x80, 0x76, 0x01, 0x9C, 0x0E, 0x30, 0x30, 0xE1, 0xC1, 0x87,
  0x06, 0x18, 0x1C, 0xE0, 0x33, 0x80, 0xCC, 0x01, 0xF0, 0x07, 0x80, 0x1E,
  0x00, 0x38, 0x00, 0xC0, 0x07, 0x00, 0x18, 0x00, 0xE0, 0x27, 0x00, 0xF8,
  0x01, 0x80, 0x00, 0x38, 0x0E, 0x03, 0x80, 0xE0, 0x38, 0x0E, 0x03, 0x80,
  0xE0, 0x38, 0x0E, 0x03, 0x80, 0xE0, 0x38, 0x0E, 0x03, 0x80, 0xFE, 0x3F,
  0xCE, 0x37, 0x8D, 0xFF, 0xEF, 0x90, 0x00, 0xC7, 0xC0, 0x3F, 0xFC, 0x0F,
  0x87, 0x03, 0xC0, 0xE0, 0xE0, 0x38, 0x38, 0x0E, 0x0E, 0x03, 0x83, 0x80,
  0xE0, 0xE0, 0x38, 0x38, 0x0F, 0xEE, 0x03, 0xFF, 0x80, 0xE3, 0xE0, 0x78,
  0xF8, 0x1F, 0xFE, 0x0E, 0xF8, 0x01, 0x00, 0x18, 0x06, 0x01, 0x80, 0xFE,
  0xFF, 0x86, 0x01, 0x80, 0x60, 0x18, 0x06, 0x01, 0x80, 0x60, 0x1F, 0x87,
  0xF3, 0x8D, 0xE3, 0x7F, 0xFB, 0xE4, 0x00, 0x0E, 0x1C, 0x38, 0x70, 0xE1,
  0xC3, 0x87, 0x0E, 0x1C, 0x38, 0x70, 0xE1, 0xC3, 0x87, 0x0E, 0x1C, 0x3C,
  0xEF, 0xCE, 0x00, 0x00, 0x38, 0x00, 0x00, 0x70, 0x00, 0x00, 0xE0, 0x00,
  0x01, 0xC0, 0x00, 0x03, 0x80, 0x00, 0x07, 0x00, 0x07, 0xCE, 0x78, 0x1F,
  0xFB, 0xFC, 0x70, 0xFC, 0x1D, 0xC0, 0xF0, 0x1B, 0x00, 0xE0, 0x3E, 0x01,
  0xC0, 0x7C, 0x03, 0x80, 0x78, 0x07, 0x00, 0xF0, 0x0E, 0x01, 0xE0, 0x1C,
  0x03, 0xC0, 0x38, 0x0F, 0xC0, 0xF0, 0x19, 0xC3, 0xB0, 0x73, 0xFE, 0x7F,
  0xC1, 0xF8, 0x3F, 0x00, 0x1F, 0x83, 0xE0, 0x7F, 0x8F, 0xF1, 0xC3, 0xB8,
  0x77, 0x03, 0xE0, 0x6C, 0x03, 0x80, 0xF8, 0x07, 0x01, 0xF0, 0x0E, 0x01,
  0xE0, 0x1C, 0x03, 0xC0, 0x38, 0x07, 0x80, 0x70, 0x1F, 0x00, 0xE0, 0x3F,
  0x03, 0xC0, 0x77, 0x07, 0xC1, 0xCF, 0xFE, 0xFF, 0x07, 0xEC, 0xFC, 0x00,
  0x1C, 0x00, 0x00, 0x38, 0x00, 0x00, 0x70, 0x00, 0x00, 0xE0, 0x00, 0x01,
  0xC0, 0x00, 0x03, 0x80, 0x00, 0x07, 0x00, 0x00, 0x00, 0x0C, 0x00, 0x36,
  0x00, 0x1D, 0x80, 0x07, 0xE0, 0x03, 0xF0, 0x00, 0xDC, 0x00, 0x33, 0x00,
  0x1D, 0xC0, 0x06, 0x78, 0x03, 0x96, 0x00, 0xED, 0x80, 0x33, 0x70, 0x1C,
  0x8C, 0x07, 0xFF, 0x81, 0xFF, 0xE0, 0xE4, 0x18, 0x33, 0x07, 0x1C, 0xC0,
  0xC6, 0x60, 0x39, 0x98, 0x0E, 0xE6, 0x01, 0x83, 0x00, 0x10, 0xC0, 0x00,
  0x00, 0x18, 0x0F, 0xE0, 0xFF, 0xC7, 0x8F, 0x38, 0x31, 0xC0, 0x86, 0x06,
  0x38, 0x18, 0xE0, 0x43, 0x03, 0x0C, 0x0C, 0x30, 0x20, 0xC1, 0x83, 0x06,
  0x0E, 0x30, 0x38, 0xC0, 0x73, 0x01, 0xD8, 0x03, 0xE0, 0x47, 0xFF, 0x0F,
  0xFC, 0x30, 0x00, 0xC0, 0x00, 0x00, 0x60, 0x0C, 0x03, 0x00, 0x60, 0x0C,
  0x03, 0x03, 0xE1, 0xFE, 0x7B, 0xDC, 0x63, 0x88, 0x63, 0x0C, 0x61, 0x88,
  0x33, 0x06, 0x60, 0xD8, 0x1F, 0x01, 0xE1, 0x3F, 0xE3, 0xFC, 0x60, 0x18,
  0x03, 0x00, 0x40, 0x18, 0x03, 0x00, 0x00, 0x18, 0x00, 0x60, 0x01, 0x80,
  0x06, 0x00, 0x18, 0x00, 0x60, 0x01, 0x80, 0x06, 0x00, 0x18, 0x03, 0xFF,
  0x0F, 0xFC, 0x06, 0x00, 0x18, 0x00, 0x60, 0x01, 0x80, 0x06, 0x00, 0x18,
  0x00, 0x60, 0x01, 0xFF, 0xC7, 0xFF, 0x00, 0x0D, 0xFF, 0xFF, 0xFF, 0xFF,
  0xFF, 0xF0, 0x3B, 0x00, 0x76, 0x00, 0xF8, 0x01, 0xF0, 0x03, 0xC0, 0x07,
  0x80, 0x0E, 0x00, 0x1C, 0x00, 0x38, 0x00, 0x70, 0x00, 0xE0, 0x03, 0xC0,
  0x07, 0x80, 0x1F, 0x00, 0x3E, 0x00, 0xDC, 0x01, 0xB8, 0x06, 0x00, 0x0C,
  0x00, 0x00, 0x1F, 0x8F, 0xFD, 0x81, 0x70, 0x0E, 0x00, 0xE0, 0x1F, 0x00,
  0xFC, 0x07, 0xC0, 0x1C, 0x03, 0x80, 0x38, 0x0F, 0xFF, 0x9F, 0xE0, 0xE0,
  0x0C, 0x01, 0x80, 0x38, 0x03, 0x90, 0x7E, 0x01, 0x80, 0x7F, 0xE7, 0xFE,
  0x00, 0xC0, 0x1C, 0x03, 0x80, 0x30, 0x07, 0x00, 0xE0, 0x1C, 0x01, 0x80,
  0x38, 0x07, 0x00, 0x60, 0x0F, 0x00, 0xF8, 0x01, 0xC0, 0x0C, 0x00, 0xE0,
  0x06, 0x00, 0x79, 0x03, 0xF0, 0x0E, 0x1F, 0x1F, 0xFB, 0xC7, 0xA0, 0x70,
  0x06, 0x00, 0xC0, 0x18, 0x07, 0x00, 0xE0, 0x38, 0x1E, 0x0F, 0x81, 0xC0,
  0x38, 0x07, 0x00, 0xE0, 0x1C, 0x03, 0x80, 0x70, 0x0E, 0x00, 0x3F, 0x1F,
  0xF9, 0x87, 0x00, 0x70, 0x0E, 0x01, 0xC0, 0x38, 0x07, 0x01, 0xC0, 0x70,
  0x1E, 0x0F, 0x01, 0xC0, 0x38, 0x07, 0x00, 0x1F, 0xC0, 0x1F, 0xFC, 0x1F,
  0xFE, 0x18, 0x0E, 0x18, 0x07, 0x18, 0x07, 0x18, 0x07, 0x18, 0x06, 0x18,
  0x1C, 0x1F, 0xF8, 0x1F, 0xFC, 0x18, 0x0E, 0x18, 0x07, 0xFF, 0x83, 0xFF,
  0x83, 0x18, 0x03, 0x18, 0x07, 0x18, 0x0F, 0x1F, 0xFE, 0x1F, 0xF8, 0x38,
  0x01, 0xC3, 0x80, 0x1C, 0x38, 0x01, 0xC3, 0x80, 0x1C, 0x38, 0x01, 0xC3,
  0x80, 0x1C, 0x38, 0x01, 0xC3, 0x80, 0x1C, 0xFF, 0xFF, 0xFF, 0xFF, 0xFF,
  0x38, 0x01, 0xC3, 0x80, 0x1C, 0x38, 0x01, 0xC3, 0x80, 0x1C, 0x18, 0x01,
  0x81, 0x80, 0x18, 0x1C, 0x03, 0x80, 0xE0, 0x70, 0x07, 0xFE, 0x00, 0x3F,
  0xC0, 0x01, 0xC0, 0x00, 0xE0, 0x00, 0xF0, 0x00, 0x7C, 0x00, 0x36, 0x00,
  0x3B, 0x00, 0x19, 0xC0, 0x0C, 0x60, 0x0E, 0x30, 0x06, 0x1C, 0x07, 0x06,
  0x03, 0x03, 0x81, 0x80, 0xC1, 0xC0, 0x60, 0xC0, 0x38, 0x60, 0x0C, 0x70,
  0x06, 0x30, 0x03, 0x98, 0x00, 0xDC, 0x00, 0x70, 0x00, 0xDF, 0xFF, 0xFF,
  0xFF, 0xFC, 0x19, 0x86, 0x30, 0xC6, 0x18, 0xC2, 0x18, 0xC3, 0xFF, 0x7F,
  0xEC, 0x41, 0x98, 0x33, 0x06, 0x60, 0xC8, 0x1B, 0x03, 0x60, 0x7F, 0xFF,
  0xFE, 0x60, 0x0C, 0x00, 0x00, 0x21, 0xFB, 0x3F, 0xF7, 0x0E, 0xE0, 0xEC,
  0x1F, 0xC3, 0xFF, 0xFF, 0xFF, 0xFC, 0xE0, 0xDC, 0x0D, 0x80, 0xF0, 0x07,
  0x01, 0xFF, 0xED, 0xFE, 0x80, 0x00, 0x06, 0x03, 0x01, 0x80, 0xC0, 0x60,
  0x30, 0x18, 0x0C, 0x06, 0x1F, 0xCF, 0xE0, 0xC0, 0x60, 0x30, 0x18, 0x0C,
  0x06, 0x03, 0x01, 0x80, 0xC0, 0xE0, 0x70, 0x31, 0xF8, 0xF8, 0x00, 0x0E,
  0x07, 0x01, 0x80, 0x00, 0x00, 0x70, 0x38, 0x1C, 0x0E, 0x07, 0x03, 0x87,
  0xF3, 0xF8, 0x70, 0x38, 0x1C, 0x0E, 0x07, 0x03, 0x81, 0xC0, 0xE0, 0x70,
  0x38, 0x1C, 0x9C, 0x7E, 0x1C, 0x00, 0x07, 0xE3, 0x03, 0xFF, 0x60, 0xF0,
  0xFC, 0x38, 0x07, 0x87, 0x00, 0x71, 0xC0, 0x0E, 0x38, 0x00, 0xC7, 0x00,
  0x18, 0xC0, 0x03, 0x18, 0x00, 0x63, 0x00, 0x0C, 0x60, 0x01, 0x8C, 0x00,
  0x31, 0xC0, 0x06, 0x38, 0x00, 0xC3, 0x00, 0x38, 0x70, 0x07, 0x07, 0x03,
  0xE0, 0x7F, 0xEC, 0x07, 0xF9, 0x80, 0x00, 0x30, 0x00, 0x06, 0x00, 0x00,
  0xC0, 0x00, 0x1C, 0x00, 0x03, 0xE0, 0x00, 0x3C, 0x00, 0x01, 0x80, 0x1F,
  0x18, 0x7F, 0x71, 0xC3, 0xE7, 0x03, 0xCC, 0x03, 0x98, 0x07, 0x30, 0x0E,
  0x60, 0x1C, 0xC0, 0x39, 0x80, 0x73, 0x00, 0xE7, 0x03, 0xC7, 0x07, 0x8F,
  0xFF, 0x0F, 0xEE, 0x00, 0x1C, 0x00, 0x38, 0x00, 0x70, 0x00, 0xE0, 0x01,
  0xD0, 0x01, 0xE0, 0x00, 0x80, 0x1F, 0xC0, 0x0F, 0xFC, 0x07, 0xFF, 0x03,
  0x01, 0xC1, 0x80, 0xE0, 0xC0, 0x30, 0x60, 0x18, 0x30, 0x1C, 0x18, 0x0E,
  0x0C, 0x1E, 0x3F, 0xFE, 0x1F, 0xFC, 0x01, 0x87, 0x00, 0xC1, 0xC0, 0x60,
  0x60, 0x30, 0x38, 0x18, 0x0E, 0x0C, 0x07, 0x06, 0x01, 0xC3, 0x00, 0xF0,
  0x31, 0xE6, 0x7C, 0xFC, 0x1E, 0x03, 0x80, 0x70, 0x3F, 0xC7, 0xF8, 0x38,
  0x07, 0x00, 0xE0, 0x1C, 0x03, 0x80, 0x70, 0x0E, 0x00, 0xE0, 0x07, 0x60,
  0x0E, 0x70, 0x0C, 0x30, 0x1C, 0xFF, 0xFE, 0xFF, 0xFE, 0x1C, 0x30, 0x0C,
  0x70, 0x0E, 0x60, 0x06, 0xE0, 0x07, 0xC0, 0x03, 0xC0, 0x01, 0x80, 0x01,
  0x80, 0x01, 0x80, 0x01, 0x80, 0x01, 0x80, 0x01, 0x80, 0x01, 0x80, 0x01,
  0x80, 0xE0, 0x1D, 0x80, 0x76, 0x01, 0x9C, 0x0E, 0x30, 0x33, 0xFF, 0xFF,
  0xFF, 0xC6, 0x18, 0x1C, 0xE0, 0x33, 0x80, 0xCC, 0x01, 0xF0, 0x07, 0x80,
  0x1E, 0x00, 0x38, 0x00, 0xC0, 0x07, 0x00, 0x18, 0x00, 0xE0, 0x27, 0x00,
  0xF8, 0x01, 0x80, 0x00
 };

const GFXglyph NotoSans_Regular_LatinExtB_14pt16bGlyphs[] PROGMEM = {
// bmpOff,   w,   h,xAdv, xOff, yOff      range 0 (0x180 - 0x24f)
  {     0,  15,  21,  17,    0,  -20 },   // 0x180 uni0180  (#0)
  {    40,  19,  20,  20,    0,  -19 },   // 0x181 uni0181  (#1)
  {    88,  12,  20,  17,    3,  -19 },   // 0x182 uni0182  (#2)
  {   118,  13,  21,  17,    2,  -20 },   // 0x183 uni0183  (#3)
  {   153,  14,  20,  17,    2,  -19 },   // 0x184 uni0184  (#4)
  {   188,  13,  21,  17,    2,  -20 },   // 0x185 uni0185  (#5)
  {   223,  15,  20,  17,    1,  -19 },   // 0x186 uni0186  (#6)
  {   261,  17,  24,  17,    2,  -23 },   // 0x187 uni0187  (#7)
  {   312,  13,  21,  14,    2,  -20 },   // 0x188 uni0188  (#8)
  {   347,  17,  20,  20,    1,  -19 },   // 0x189 uni0189  (#9)
  {   390,  21,  20,  22,    0,  -19 },   // 0x18A uni018A  (#10)
  {   443,  13,  20,  17,    1,  -19 },   // 0x18B uni018B  (#11)
  {   476,  13,  21,  17,    2,  -20 },   // 0x18C uni018C  (#12)
  {   511,  13,  21,  17,    2,  -14 },   // 0x18D uni018D  (#13)
  {   546,  11,  20,  15,    2,  -19 },   // 0x18E uni018E  (#14)
  {   574,  17,  20,  20,    2,  -19 },   // 0x18F uni018F  (#15)
  {   617,  14,  20,  16,    1,  -19 },   // 0x190 uni0190  (#16)
  {   652,  16,  27,  16,    0,  -19 },   // 0x191 uni0191  (#17)
  {   706,  13,  28,  11,    0,  -20 },   // 0x192 fhook  (#18)
  {   752,  18,  24,  20,    2,  -23 },   // 0x193 uni0193  (#19)
  {   806,  16,  27,  16,    0,  -19 },   // 0x194 uni0194  (#20)
  {   860,  21,  21,  26,    2,  -20 },   // 0x195 uni0195  (#21)
  {   916,   7,  20,  10,    2,  -19 },   // 0x196 uni0196  (#22)
  {   934,   7,  20,   9,    1,  -19 },   // 0x197 uni0197  (#23)
  {   952,  14,  20,  17,    3,  -19 },   // 0x198 uni0198  (#24)
  {   987,  12,  21,  15,    2,  -20 },   // 0x199 uni0199  (#25)
  {  1019,   7,  21,   7,    0,  -20 },   // 0x19A uni019A  (#26)
  {  1038,  15,  21,  15,    0,  -20 },   // 0x19B uni019B  (#27)
  {  1078,  24,  20,  28,    2,  -19 },   // 0x19C uni019C  (#28)
  {  1138,  18,  27,  21,    0,  -19 },   // 0x19D uni019D  (#29)
  {  1199,  12,  22,  17,    2,  -14 },   // 0x19E uni019E  (#30)
  {  1232,  18,  20,  21,    2,  -19 },   // 0x19F uni019F  (#31)
  {  1277,  20,  21,  22,    2,  -20 },   // 0x1A0 Ohorn  (#32)
  {  1330,  16,  17,  17,    2,  -16 },   // 0x1A1 ohorn  (#33)
  {  1364,  25,  20,  29,    2,  -19 },   // 0x1A2 uni01A2  (#34)
  {  1427,  19,  22,  23,    2,  -14 },   // 0x1A3 uni01A3  (#35)
  {  1480,  17,  20,  19,    0,  -19 },   // 0x1A4 uni01A4  (#36)
  {  1523,  13,  28,  17,    2,  -20 },   // 0x1A5 uni01A5  (#37)
  {  1569,  14,  23,  17,    3,  -19 },   // 0x1A6 uni01A6  (#38)
  {  1610,  13,  20,  15,    1,  -19 },   // 0x1A7 uni01A7  (#39)
  {  1643,  11,  15,  13,    1,  -14 },   // 0x1A8 uni01A8  (#40)
  {  1664,  14,  20,  16,    1,  -19 },   // 0x1A9 uni01A9  (#41)
  {  1699,  11,  28,  10,    0,  -20 },   // 0x1AA uni01AA  (#42)
  {  1738,   9,  25,  10,    0,  -17 },   // 0x1AB uni01AB  (#43)
  {  1767,  16,  20,  16,    0,  -19 },   // 0x1AC uni01AC  (#44)
  {  1807,   9,  21,  10,    0,  -20 },   // 0x1AD uni01AD  (#45)
  {  1831,  15,  27,  15,    0,  -19 },   // 0x1AE uni01AE  (#46)
  {  1882,  20,  21,  21,    2,  -20 },   // 0x1AF Uhorn  (#47)
  {  1935,  17,  17,  18,    2,  -16 },   // 0x1B0 uhorn  (#48)
  {  1972,  19,  20,  21,    1,  -19 },   // 0x1B1 uni01B1  (#49)
  {  2020,  16,  20,  20,    2,  -19 },   // 0x1B2 uni01B2  (#50)
  {  2060,  16,  20,  16,    0,  -19 },   // 0x1B3 uni01B3  (#51)
  {  2100,  15,  22,  15,    0,  -14 },   // 0x1B4 uni01B4  (#52)
  {  2142,  14,  20,  16,    1,  -19 },   // 0x1B5 uni01B5  (#53)
  {  2177,  11,  15,  13,    1,  -14 },   // 0x1B6 uni01B6  (#54)
  {  2198,  14,  20,  16,    1,  -19 },   // 0x1B7 uni01B7  (#55)
  {  2233,  13,  20,  16,    2,  -19 },   // 0x1B8 uni01B8  (#56)
  {  2266,  12,  22,  14,    1,  -14 },   // 0x1B9 uni01B9  (#57)
  {  2299,  11,  22,  14,    1,  -14 },   // 0x1BA uni01BA  (#58)
  {  2330,  13,  21,  16,    1,  -20 },   // 0x1BB uni01BB  (#59)
  {  2365,  14,  20,  16,    1,  -19 },   // 0x1BC uni01BC  (#60)
  {  2400,  11,  15,  13,    1,  -14 },   // 0x1BD uni01BD  (#61)
  {  2421,  10,  18,  13,    1,  -17 },   // 0x1BE uni01BE  (#62)
  {  2444,  13,  22,  16,    2,  -14 },   // 0x1BF uni01BF  (#63)
  {  2480,   2,  21,   9,    4,  -20 },   // 0x1C0 uni01C0  (#64)
  {  2486,   8,  21,  15,    4,  -20 },   // 0x1C1 uni01C1  (#65)
  {  2507,  10,  21,  14,    2,  -20 },   // 0x1C2 uni01C2  (#66)
  {  2534,   3,  20,   7,    2,  -19 },   // 0x1C3 uni01C3  (#67)
  {  2542,  32,  26,  35,    3,  -25 },   // 0x1C4 uni01C4  (#68)
  {  2646,  29,  21,  33,    3,  -20 },   // 0x1C5 uni01C5  (#69)
  {  2723,  27,  21,  30,    2,  -20 },   // 0x1C6 uni01C6  (#70)
  {  2794,  16,  25,  22,    3,  -19 },   // 0x1C7 uni01C7  (#71)
  {  2844,  16,  27,  21,    3,  -19 },   // 0x1C8 uni01C8  (#72)
  {  2898,  10,  28,  14,    2,  -20 },   // 0x1C9 uni01C9  (#73)
  {  2933,  23,  25,  28,    3,  -19 },   // 0x1CA uni01CA  (#74)
  {  3005,  23,  27,  28,    3,  -19 },   // 0x1CB uni01CB  (#75)
  {  3083,  20,  27,  24,    2,  -19 },   // 0x1CC uni01CC  (#76)
  {  3151,  18,  26,  18,    0,  -25 },   // 0x1CD uni01CD  (#77)
  {  3210,  12,  21,  15,    1,  -20 },   // 0x1CE uni01CE  (#78)
  {  3242,   9,  26,   9,    0,  -25 },   // 0x1CF uni01CF  (#79)
  {  3272,   9,  21,   7,   -1,  -20 },   // 0x1D0 uni01D0  (#80)
  {  3296,  18,  26,  21,    2,  -25 },   // 0x1D1 uni01D1  (#81)
  {  3355,  13,  21,  17,    2,  -20 },   // 0x1D2 uni01D2  (#82)
  {  3390,  16,  26,  20,    2,  -25 },   // 0x1D3 uni01D3  (#83)
  {  3442,  13,  21,  17,    2,  -20 },   // 0x1D4 uni01D4  (#84)
  {  3477,  16,  28,  20,    2,  -27 },   // 0x1D5 uni01D5  (#85)
  {  3533,  13,  23,  17,    2,  -22 },   // 0x1D6 uni01D6  (#86)
  {  3571,  16,  29,  20,    2,  -28 },   // 0x1D7 uni01D7  (#87)
  {  3629,  13,  24,  17,    2,  -23 },   // 0x1D8 uni01D8  (#88)
  {  3668,  16,  29,  20,    2,  -28 },   // 0x1D9 uni01D9  (#89)
  {  3726,  13,  24,  17,    2,  -23 },   // 0x1DA uni01DA  (#90)
  {  3765,  16,  29,  20,    2,  -28 },   // 0x1DB uni01DB  (#91)
  {  3823,  13,  24,  17,    2,  -23 },   // 0x1DC uni01DC  (#92)
  {  3862,  13,  15,  15,    1,  -14 },   // 0x1DD uni01DD  (#93)
  {  3887,  18,  28,  18,    0,  -27 },   // 0x1DE uni01DE  (#94)
  {  3950,  12,  23,  15,    1,  -22 },   // 0x1DF uni01DF  (#95)
  {  3985,  18,  27,  18,    0,  -26 },   // 0x1E0 uni01E0  (#96)
  {  4046,  12,  23,  15,    1,  -22 },   // 0x1E1 uni01E1  (#97)
  {  4081,  23,  24,  24,    0,  -23 },   // 0x1E2 uni01E2  (#98)
  {  4150,  21,  19,  24,    1,  -18 },   // 0x1E3 uni01E3  (#99)
  {  4200,  18,  20,  20,    2,  -19 },   // 0x1E4 uni01E4  (#100)
  {  4245,  14,  22,  17,    2,  -14 },   // 0x1E5 uni01E5  (#101)
  {  4284,  16,  26,  20,    2,  -25 },   // 0x1E6 Gcaron  (#102)
  {  4336,  13,  28,  17,    2,  -20 },   // 0x1E7 gcaron  (#103)
  {  4382,  14,  26,  17,    3,  -25 },   // 0x1E8 uni01E8  (#104)
  {  4428,  15,  27,  15,   -1,  -26 },   // 0x1E9 uni01E9  (#105)
  {  4479,  18,  26,  21,    2,  -19 },   // 0x1EA uni01EA  (#106)
  {  4538,  13,  21,  17,    2,  -14 },   // 0x1EB uni01EB  (#107)
  {  4573,  18,  30,  21,    2,  -23 },   // 0x1EC uni01EC  (#108)
  {  4641,  13,  25,  17,    2,  -18 },   // 0x1ED uni01ED  (#109)
  {  4682,  14,  26,  16,    1,  -25 },   // 0x1EE uni01EE  (#110)
  {  4728,  13,  28,  14,    0,  -20 },   // 0x1EF uni01EF  (#111)
  {  4774,  10,  28,   7,   -2,  -20 },   // 0x1F0 uni01F0  (#112)
  {  4809,  32,  20,  35,    3,  -19 },   // 0x1F1 uni01F1  (#113)
  {  4889,  29,  20,  33,    3,  -19 },   // 0x1F2 uni01F2  (#114)
  {  4962,  27,  21,  30,    2,  -20 },   // 0x1F3 uni01F3  (#115)
  {  5033,  16,  26,  20,    2,  -25 },   // 0x1F4 uni01F4  (#116)
  {  5085,  13,  28,  17,    2,  -20 },   // 0x1F5 uni01F5  (#117)
  {  5131,  20,  20,  26,    3,  -19 },   // 0x1F6 uni01F6  (#118)
  {  5181,  14,  27,  18,    3,  -19 },   // 0x1F7 uni01F7  (#119)
  {  5229,  15,  26,  21,    3,  -25 },   // 0x1F8 uni01F8  (#120)
  {  5278,  13,  21,  17,    2,  -20 },   // 0x1F9 uni01F9  (#121)
  {  5313,  18,  26,  18,    0,  -25 },   // 0x1FA Aringacute  (#122)
  {  5372,  12,  26,  15,    1,  -25 },   // 0x1FB aringacute  (#123)
  {  5411,  23,  26,  24,    0,  -25 },   // 0x1FC AEacute  (#124)
  {  5486,  21,  21,  24,    1,  -20 },   // 0x1FD aeacute  (#125)
  {  5542,  18,  27,  21,    2,  -25 },   // 0x1FE Oslashacute  (#126)
  {  5603,  13,  22,  17,    2,  -20 },   // 0x1FF oslashacute  (#127)
  {  5639,  18,  26,  18,    0,  -25 },   // 0x200 uni0200  (#128)
  {  5698,  12,  21,  15,    1,  -20 },   // 0x201 uni0201  (#129)
  {  5730,  18,  25,  18,    0,  -24 },   // 0x202 uni0202  (#130)
  {  5787,  12,  20,  15,    1,  -19 },   // 0x203 uni0203  (#131)
  {  5817,  12,  26,  15,    2,  -25 },   // 0x204 uni0204  (#132)
  {  5856,  12,  21,  15,    2,  -20 },   // 0x205 uni0205  (#133)
  {  5888,  11,  25,  15,    3,  -24 },   // 0x206 uni0206  (#134)
  {  5923,  12,  20,  15,    2,  -19 },   // 0x207 uni0207  (#135)
  {  5953,  10,  26,   9,   -1,  -25 },   // 0x208 uni0208  (#136)
  {  5986,  10,  21,   7,   -2,  -20 },   // 0x209 uni0209  (#137)
  {  6013,   8,  25,   9,    1,  -24 },   // 0x20A uni020A  (#138)
  {  6038,   8,  20,   7,    0,  -19 },   // 0x20B uni020B  (#139)
  {  6058,  18,  26,  21,    2,  -25 },   // 0x20C uni020C  (#140)
  {  6117,  13,  21,  17,    2,  -20 },   // 0x20D uni020D  (#141)
  {  6152,  18,  25,  21,    2,  -24 },   // 0x20E uni020E  (#142)
  {  6209,  13,  20,  17,    2,  -19 },   // 0x20F uni020F  (#143)
  {  6242,  14,  26,  17,    3,  -25 },   // 0x210 uni0210  (#144)
  {  6288,  10,  21,  11,    1,  -20 },   // 0x211 uni0211  (#145)
  {  6315,  14,  25,  17,    3,  -24 },   // 0x212 uni0212  (#146)
  {  6359,   9,  20,  11,    2,  -19 },   // 0x213 uni0213  (#147)
  {  6382,  16,  26,  20,    2,  -25 },   // 0x214 uni0214  (#148)
  {  6434,  13,  21,  17,    2,  -20 },   // 0x215 uni0215  (#149)
  {  6469,  16,  25,  20,    2,  -24 },   // 0x216 uni0216  (#150)
  {  6519,  13,  20,  17,    2,  -19 },   // 0x217 uni0217  (#151)
  {  6552,  13,  26,  15,    1,  -19 },   // 0x218 uni0218  (#152)
  {  6595,  11,  21,  13,    1,  -14 },   // 0x219 uni0219  (#153)
  {  6624,  15,  26,  15,    0,  -19 },   // 0x21A uni021A  (#154)
  {  6673,   9,  24,  10,    0,  -17 },   // 0x21B uni021B  (#155)
  {  6700,  13,  25,  16,    1,  -19 },   // 0x21C uni021C  (#156)
  {  6741,  11,  22,  14,    1,  -14 },   // 0x21D uni021D  (#157)
  {  6772,  15,  26,  20,    3,  -25 },   // 0x21E uni021E  (#158)
  {  6821,  16,  27,  17,   -1,  -26 },   // 0x21F uni021F  (#159)
  {  6875,  15,  27,  20,    3,  -19 },   // 0x220 uni0220  (#160)
  {  6926,  21,  24,  24,    2,  -20 },   // 0x221 uni0221  (#161)
  {  6989,  15,  20,  18,    2,  -19 },   // 0x222 uni0222  (#162)
  {  7027,  14,  21,  16,    1,  -20 },   // 0x223 uni0223  (#163)
  {  7064,  14,  25,  16,    1,  -19 },   // 0x224 uni0224  (#164)
  {  7108,  11,  20,  13,    1,  -14 },   // 0x225 uni0225  (#165)
  {  7136,  18,  25,  18,    0,  -24 },   // 0x226 uni0226  (#166)
  {  7193,  12,  20,  15,    1,  -19 },   // 0x227 uni0227  (#167)
  {  7223,  11,  27,  15,    3,  -19 },   // 0x228 uni0228  (#168)
  {  7261,  12,  22,  15,    2,  -14 },   // 0x229 uni0229  (#169)
  {  7294,  18,  28,  21,    2,  -27 },   // 0x22A uni022A  (#170)
  {  7357,  13,  23,  17,    2,  -22 },   // 0x22B uni022B  (#171)
  {  7395,  18,  28,  21,    2,  -27 },   // 0x22C uni022C  (#172)
  {  7458,  13,  23,  17,    2,  -22 },   // 0x22D uni022D  (#173)
  {  7496,  18,  25,  21,    2,  -24 },   // 0x22E uni022E  (#174)
  {  7553,  13,  20,  17,    2,  -19 },   // 0x22F uni022F  (#175)
  {  7586,  18,  27,  21,    2,  -26 },   // 0x230 uni0230  (#176)
  {  7647,  13,  23,  17,    2,  -22 },   // 0x231 uni0231  (#177)
  {  7685,  16,  24,  16,    0,  -23 },   // 0x232 uni0232  (#178)
  {  7733,  14,  26,  14,    0,  -18 },   // 0x233 uni0233  (#179)
  {  7779,  10,  22,  10,    0,  -20 },   // 0x234 uni0234  (#180)
  {  7807,  18,  16,  20,    2,  -14 },   // 0x235 uni0235  (#181)
  {  7843,  10,  19,  11,    0,  -17 },   // 0x236 uni0236  (#182)
  {  7867,   7,  22,   7,   -2,  -14 },   // 0x237 uni0237  (#183)
  {  7887,  23,  21,  27,    2,  -20 },   // 0x238 uni0238  (#184)
  {  7948,  23,  22,  27,    2,  -14 },   // 0x239 uni0239  (#185)
  {  8012,  18,  23,  18,    0,  -20 },   // 0x23A uni023A  (#186)
  {  8064,  14,  23,  17,    2,  -20 },   // 0x23B uni023B  (#187)
  {  8105,  11,  27,  13,    2,  -20 },   // 0x23C uni023C  (#188)
  {  8143,  14,  20,  14,    0,  -19 },   // 0x23D uni023D  (#189)
  {  8178,  15,  23,  15,    0,  -20 },   // 0x23E uni023E  (#190)
  {  8222,  11,  22,  13,    1,  -14 },   // 0x23F uni023F  (#191)
  {  8253,  12,  22,  13,    1,  -14 },   // 0x240 uni0240  (#192)
  {  8286,  11,  20,  12,    0,  -19 },   // 0x241 Glottalstopcased  (#193)
  {  8314,  11,  15,  12,    0,  -14 },   // 0x242 glottalstopcased  (#194)
  {  8335,  16,  20,  18,    0,  -19 },   // 0x243 uni0243  (#195)
  {  8375,  20,  20,  20,    0,  -19 },   // 0x244 uni0244  (#196)
  {  8425,  17,  20,  17,    0,  -19 },   // 0x245 uni0245  (#197)
  {  8468,  11,  23,  15,    3,  -20 },   // 0x246 uni0246  (#198)
  {  8500,  12,  17,  15,    2,  -15 },   // 0x247 uni0247  (#199)
  {  8526,   9,  25,   7,   -2,  -19 },   // 0x248 uni0248  (#200)
  {  8555,   9,  27,   7,   -2,  -19 },   // 0x249 uni0249  (#201)
  {  8586,  19,  27,  21,    2,  -19 },   // 0x24A uni024A  (#202)
  {  8651,  15,  22,  17,    2,  -14 },   // 0x24B uni024B  (#203)
  {  8693,  17,  20,  17,    0,  -19 },   // 0x24C uni024C  (#204)
  {  8736,  11,  15,  11,    0,  -14 },   // 0x24D uni024D  (#205)
  {  8757,  16,  20,  16,    0,  -19 },   // 0x24E uni024E  (#206)
  {  8797,  14,  22,  14,    0,  -14 } }; // 0x24F uni024F  (#207)

const GFXfont NotoSans_Regular_LatinExtB_14pt16b PROGMEM = {
  (uint8_t  *)NotoSans_Regular_LatinExtB_14pt16bBitmaps,
  (GFXglyph *)NotoSans_Regular_LatinExtB_14pt16bGlyphs,
  0x180, // first
  0x24F, // last
  44   //height
 };

// Approx. 10299 bytes

// /tmp/fontconvert_pinned -f /home/user/qmk_firmware/keyboards/handwired/polykybd/fonts/noto-sans/NotoSans-Regular.ttf -s 14 -v _Schwa_ -r 44 601 601 
// Visualize your font via https://tchapi.github.io/Adafruit-GFX-Font-Customiser

/* num ranges: 1 */
const uint8_t NotoSans_Regular_Schwa_14pt16bBitmaps[] PROGMEM = {
  /* range 0 (0x259 - 0x259): */  0x3F, 0x83, 0xFF, 0x18, 0x38, 0x00, 0xE0, 0x03, 0x80, 0x1C, 0x00, 0xFF,
  0xFF, 0xFF, 0xFF, 0x01, 0xD8, 0x0E, 0xC0, 0x67, 0x07, 0x1F, 0xF0, 0x7F,
  0x00
 };

const GFXglyph NotoSans_Regular_Schwa_14pt16bGlyphs[] PROGMEM = {
// bmpOff,   w,   h,xAdv, xOff, yOff      range 0 (0x259 - 0x259)
  {     0,  13,  15,  15,    1,  -14 } }; // 0x259 uni0259  (#0)

const GFXfont NotoSans_Regular_Schwa_14pt16b PROGMEM = {
  (uint8_t  *)NotoSans_Regular_Schwa_14pt16bBitmaps,
  (GFXglyph *)NotoSans_Regular_Schwa_14pt16bGlyphs,
  0x259, // first
  0x259, // last
  44   //height
 };

// Approx. 39 bytes

// /tmp/fontconvert_pinned -f /home/user/qmk_firmware/keyboards/handwired/polykybd/fonts/noto-sans/NotoSans-Regular.ttf -s 14 -v _SupAndExtA_ -r 44 161 382 
// Visualize your font via https://tchapi.github.io/Adafruit-GFX-Font-Customiser

/* num ranges: 1 */
const uint8_t NotoSans_Regular_SupAndExtA_14pt16bBitmaps[] PROGMEM = {
  /* range 0 (0xa1 - 0x17e): */  0xFF, 0xB0, 0x13, 0x6D, 0xB7, 0xFF, 0xFF, 0xF0, 0x03, 0x00, 0x60, 0x1E,
  0x0F, 0xF3, 0xEE, 0xE0, 0x1C, 0x03, 0x00, 0x60, 0x1C, 0x03, 0x80, 0x30,
  0x06, 0x00, 0xE0, 0x1C, 0x01, 0xFF, 0x1F, 0xE0, 0x70, 0x0C, 0x01, 0x80,
  0x03, 0xE0, 0x3F, 0xE1, 0xE3, 0x06, 0x00, 0x18, 0x00, 0x60, 0x01, 0x80,
  0x06, 0x00, 0x18, 0x03, 0xFF, 0x8F, 0xFE, 0x06, 0x00, 0x18, 0x00, 0x60,
  0x01, 0x80, 0x0E, 0x00, 0x30, 0x01, 0xC0, 0x0F, 0xFF, 0xFF, 0xFF, 0x80,
  0x2D, 0xF7, 0x7F, 0xE7, 0x0C, 0x60, 0x64, 0x06, 0xC0, 0x66, 0x06, 0x60,
  0x67, 0x1C, 0xFF, 0xEC, 0xE3, 0xE0, 0x06, 0xC0, 0x1D, 0xC0, 0x31, 0xC0,
  0xE1, 0x81, 0x83, 0x87, 0x03, 0x0C, 0x07, 0x30, 0x06, 0x60, 0x0F, 0x80,
  0x0F, 0x01, 0xFF, 0xC0, 0x18, 0x00, 0x30, 0x00, 0x60, 0x1F, 0xFC, 0x01,
  0x80, 0x03, 0x00, 0x06, 0x00, 0x0C, 0x00, 0xFF, 0xFF, 0xFC, 0x00, 0x3F,
  0xFF, 0xFF, 0x3F, 0x9F, 0xFE, 0x0B, 0x00, 0xE0, 0x1C, 0x03, 0xE1, 0xFE,
  0xC3, 0xF0, 0x3C, 0x0F, 0x83, 0x71, 0xCF, 0xE0, 0xF8, 0x0F, 0x00, 0xC0,
  0x38, 0x1F, 0xFE, 0xFF, 0x00, 0xC7, 0xE7, 0x42, 0x01, 0xF8, 0x00, 0x7F,
  0xF0, 0x0C, 0x03, 0x81, 0x80, 0x0C, 0x30, 0x78, 0x66, 0x1F, 0xC2, 0x63,
  0x84, 0x34, 0x30, 0x03, 0xC3, 0x00, 0x1C, 0x70, 0x01, 0xC7, 0x00, 0x1C,
  0x70, 0x01, 0x43, 0x00, 0x14, 0x30, 0x03, 0x61, 0xCC, 0x33, 0x0F, 0xC6,
  0x30, 0x00, 0xC1, 0xC0, 0x1C, 0x0F, 0x07, 0x00, 0x3F, 0xE0, 0x3D, 0xFC,
  0x08, 0x17, 0xF8, 0x70, 0xE3, 0xFA, 0x40, 0x08, 0x21, 0xC7, 0x18, 0xE3,
  0x1C, 0x73, 0x8E, 0x30, 0x63, 0x87, 0x18, 0x38, 0xC1, 0xC6, 0x0C, 0x70,
  0xFF, 0xFF, 0xFF, 0xC0, 0x06, 0x00, 0x30, 0x01, 0x80, 0x0C, 0x00, 0x60,
  0xFF, 0xFC, 0x01, 0xF8, 0x00, 0x7F, 0xF0, 0x0C, 0x03, 0x81, 0x80, 0x0C,
  0x31, 0xF0, 0x66, 0x1F, 0xC2, 0x61, 0x8C, 0x34, 0x18, 0xE3, 0xC1, 0x8C,
  0x1C, 0x19, 0xC1, 0xC1, 0xF8, 0x1C, 0x1B, 0x81, 0x41, 0x98, 0x14, 0x18,
  0xC3, 0x61, 0x8E, 0x33, 0x18, 0x66, 0x30, 0x01, 0xC1, 0xC0, 0x1C, 0x0F,
  0x07, 0x00, 0x3F, 0xE0, 0xFF, 0xFF, 0xFF, 0xF0, 0x3C, 0x7E, 0xC3, 0x83,
  0x83, 0xC3, 0xC3, 0x7E, 0x18, 0x03, 0x00, 0x18, 0x00, 0xC0, 0x06, 0x00,
  0x30, 0x7F, 0xFF, 0xFF, 0xE0, 0x60, 0x03, 0x00, 0x18, 0x00, 0xC0, 0x06,
  0x00, 0x30, 0x00, 0x03, 0xFF, 0xFF, 0xFF, 0x7D, 0x8C, 0x18, 0x30, 0x61,
  0x87, 0x1C, 0x71, 0x83, 0xFF, 0xF0, 0x7E, 0x31, 0x80, 0xC0, 0x60, 0x71,
  0xE0, 0x1C, 0x03, 0x01, 0xC1, 0xFF, 0xC7, 0x80, 0x3C, 0xE7, 0x38, 0xE0,
  0x3F, 0x01, 0xF8, 0x0F, 0xC0, 0x7E, 0x03, 0xF0, 0x1F, 0x80, 0xFC, 0x07,
  0xE0, 0x3F, 0x01, 0xF8, 0x0F, 0xC0, 0x7F, 0x07, 0xFF, 0xEF, 0xFE, 0x7C,
  0x00, 0xE0, 0x07, 0x00, 0x38, 0x01, 0xC0, 0x0E, 0x00, 0x70, 0x00, 0x1F,
  0xFB, 0xFF, 0xFF, 0xE7, 0xFF, 0x3F, 0xF9, 0xFF, 0xCF, 0xFE, 0x7F, 0xF3,
  0xFF, 0x9F, 0xFC, 0xFF, 0xE7, 0xFF, 0x37, 0xF9, 0x8F, 0xCC, 0x06, 0x60,
  0x33, 0x01, 0x98, 0x0C, 0xC0, 0x66, 0x03, 0x30, 0x19, 0x80, 0xCC, 0x06,
  0x60, 0x33, 0xFF, 0x80, 0x30, 0xC7, 0x83, 0x0F, 0xE6, 0x00, 0x1D, 0xFE,
  0xD3, 0x0C, 0x30, 0xC3, 0x0C, 0x30, 0xC3, 0x3C, 0x7E, 0xC3, 0xC1, 0xC1,
  0xC1, 0xC3, 0xC3, 0x7E, 0x08, 0x43, 0x0E, 0x70, 0x71, 0x83, 0x9C, 0x18,
  0xE0, 0xC7, 0x1C, 0x63, 0x8E, 0x31, 0xC6, 0x38, 0xE7, 0x00, 0x1C, 0x03,
  0x07, 0x80, 0x61, 0xB0, 0x18, 0x66, 0x03, 0x00, 0xC0, 0xC0, 0x18, 0x30,
  0x03, 0x06, 0x00, 0x61, 0x80, 0x0C, 0x71, 0xC1, 0x8C, 0x38, 0x33, 0x0B,
  0x06, 0x63, 0xE0, 0x18, 0xDC, 0x06, 0x1B, 0x80, 0xC6, 0x70, 0x31, 0x8E,
  0x06, 0x3F, 0xE1, 0x80, 0x38, 0x60, 0x07, 0x1C, 0x00, 0xE0, 0x18, 0x03,
  0x07, 0x00, 0xC3, 0xE0, 0x30, 0x6C, 0x06, 0x01, 0x81, 0x80, 0x30, 0x70,
  0x06, 0x0C, 0x00, 0xC3, 0x00, 0x18, 0x67, 0x83, 0x1B, 0xFC, 0x67, 0x21,
  0x8C, 0xC0, 0x30, 0x30, 0x06, 0x06, 0x01, 0x81, 0x80, 0x60, 0x60, 0x18,
  0x0C, 0x06, 0x03, 0x01, 0x80, 0x60, 0x7F, 0x98, 0x0F, 0xF0, 0x3E, 0x00,
  0x67, 0xF8, 0x06, 0x10, 0xC0, 0x60, 0x06, 0x03, 0x00, 0x30, 0x30, 0x1F,
  0x01, 0x80, 0xFC, 0x18, 0x00, 0x61, 0x80, 0x01, 0x8C, 0x70, 0x0C, 0xC3,
  0xB0, 0xCE, 0x2D, 0xFC, 0x63, 0xE0, 0x06, 0x37, 0x00, 0x31, 0xB8, 0x03,
  0x19, 0xC0, 0x31, 0x8E, 0x01, 0x8F, 0xF8, 0x18, 0x03, 0x80, 0xC0, 0x1C,
  0x0C, 0x00, 0xE0, 0x06, 0x01, 0xE0, 0x3C, 0x03, 0x00, 0x00, 0x00, 0x01,
  0x80, 0x30, 0x06, 0x01, 0x80, 0x70, 0x38, 0x06, 0x01, 0x80, 0x30, 0x06,
  0x00, 0xC0, 0x1C, 0x19, 0xFF, 0x9F, 0xC0, 0x07, 0x00, 0x00, 0xE0, 0x00,
  0x18, 0x00, 0x03, 0x00, 0x00, 0x20, 0x00, 0x00, 0x00, 0x0C, 0x00, 0x07,
  0x00, 0x01, 0xE0, 0x00, 0xF8, 0x00, 0x36, 0x00, 0x0C, 0xC0, 0x07, 0x30,
  0x01, 0x8E, 0x00, 0xE1, 0x80, 0x38, 0x60, 0x0C, 0x1C, 0x07, 0x03, 0x01,
  0xFF, 0xE0, 0x7F, 0xF8, 0x38, 0x06, 0x0C, 0x01, 0xC7, 0x00, 0x31, 0x80,
  0x0E, 0x60, 0x03, 0xB8, 0x00, 0x70, 0x00, 0x78, 0x00, 0x1C, 0x00, 0x0E,
  0x00, 0x07, 0x00, 0x00, 0x00, 0x00, 0x00, 0x00, 0x0C, 0x00, 0x07, 0x00,
  0x01, 0xE0, 0x00, 0xF8, 0x00, 0x36, 0x00, 0x0C, 0xC0, 0x07, 0x30, 0x01,
  0x8E, 0x00, 0xE1, 0x80, 0x38, 0x60, 0x0C, 0x1C, 0x07, 0x03, 0x01, 0xFF,
  0xE0, 0x7F, 0xF8, 0x38, 0x06, 0x0C, 0x01, 0xC7, 0x00, 0x31, 0x80, 0x0E,
  0x60, 0x03, 0xB8, 0x00, 0x70, 0x01, 0xC0, 0x00, 0xF8, 0x00, 0x37, 0x00,
  0x18, 0xE0, 0x08, 0x00, 0x00, 0x00, 0x00, 0x0C, 0x00, 0x07, 0x00, 0x01,
  0xE0, 0x00, 0xF8, 0x00, 0x36, 0x00, 0x0C, 0xC0, 0x07, 0x30, 0x01, 0x8E,
  0x00, 0xE1, 0x80, 0x38, 0x60, 0x0C, 0x1C, 0x07, 0x03, 0x01, 0xFF, 0xE0,
  0x7F, 0xF8, 0x38, 0x06, 0x0C, 0x01, 0xC7, 0x00, 0x31, 0x80, 0x0E, 0x60,
  0x03, 0xB8, 0x00, 0x70, 0x07, 0x84, 0x01, 0xFF, 0x00, 0xC7, 0x80, 0x00,
  0x00, 0x00, 0x00, 0x00, 0x30, 0x00, 0x1C, 0x00, 0x07, 0x80, 0x03, 0xE0,
  0x00, 0xD8, 0x00, 0x33, 0x00, 0x1C, 0xC0, 0x06, 0x38, 0x03, 0x86, 0x00,
  0xE1, 0x80, 0x30, 0x70, 0x1C, 0x0C, 0x07, 0xFF, 0x81, 0xFF, 0xE0, 0xE0,
  0x18, 0x30, 0x07, 0x1C, 0x00, 0xC6, 0x00, 0x39, 0x80, 0x0E, 0xE0, 0x01,
  0xC0, 0x06, 0x38, 0x01, 0xCE, 0x00, 0x21, 0x00, 0x00, 0x00, 0x00, 0x00,
  0x00, 0x30, 0x00, 0x1C, 0x00, 0x07, 0x80, 0x03, 0xE0, 0x00, 0xD8, 0x00,
  0x33, 0x00, 0x1C, 0xC0, 0x06, 0x38, 0x03, 0x86, 0x00, 0xE1, 0x80, 0x30,
  0x70, 0x1C, 0x0C, 0x07, 0xFF, 0x81, 0xFF, 0xE0, 0xE0, 0x18, 0x30, 0x07,
  0x1C, 0x00, 0xC6, 0x00, 0x39, 0x80, 0x0E, 0xE0, 0x01, 0xC0, 0x01, 0xE0,
  0x00, 0xCC, 0x00, 0x31, 0x00, 0x0C, 0xC0, 0x01, 0xE0, 0x00, 0x70, 0x00,
  0x1E, 0x00, 0x0F, 0x80, 0x03, 0x60, 0x00, 0xCC, 0x00, 0x73, 0x00, 0x18,
  0xE0, 0x0E, 0x18, 0x03, 0x86, 0x00, 0xC1, 0xC0, 0x70, 0x30, 0x1F, 0xFE,
  0x07, 0xFF, 0x83, 0x80, 0x60, 0xC0, 0x1C, 0x70, 0x03, 0x18, 0x00, 0xE6,
  0x00, 0x3B, 0x80, 0x07, 0x00, 0x7F, 0xFE, 0x00, 0xFF, 0xFC, 0x03, 0xFF,
  0xF8, 0x06, 0x70, 0x00, 0x1C, 0xE0, 0x00, 0x31, 0xC0, 0x00, 0xE3, 0x80,
  0x01, 0x87, 0x00, 0x07, 0x0E, 0x00, 0x0C, 0x1F, 0xF8, 0x38, 0x3F, 0xF0,
  0x70, 0x70, 0x00, 0xFF, 0xE0, 0x03, 0xFF, 0xC0, 0x06, 0x03, 0x80, 0x1C,
  0x07, 0x00, 0x30, 0x0E, 0x00, 0xE0, 0x1C, 0x01, 0x80, 0x3F, 0xFF, 0x00,
  0x7F, 0xF0, 0x03, 0xF0, 0x3F, 0xF1, 0xE1, 0xCE, 0x00, 0x70, 0x01, 0x80,
  0x0E, 0x00, 0x38, 0x00, 0xC0, 0x03, 0x00, 0x0C, 0x00, 0x30, 0x00, 0xC0,
  0x03, 0x80, 0x0E, 0x00, 0x1C, 0x00, 0x70, 0x00, 0xF0, 0x11, 0xFF, 0xC3,
  0xFF, 0x01, 0x80, 0x06, 0x00, 0x3C, 0x00, 0x18, 0x00, 0x60, 0x1F, 0x00,
  0x30, 0x00, 0x38, 0x03, 0x80, 0x30, 0x03, 0x00, 0x10, 0x00, 0x3F, 0xFF,
  0xFF, 0xFF, 0xF8, 0x03, 0x00, 0x60, 0x0C, 0x01, 0x80, 0x30, 0x07, 0xFE,
  0xFF, 0xD8, 0x03, 0x00, 0x60, 0x0C, 0x01, 0x80, 0x30, 0x06, 0x00, 0xFF,
  0xFF, 0xFC, 0x03, 0xC0, 0x70, 0x1C, 0x07, 0x00, 0x00, 0x00, 0x3F, 0xFF,
  0xFF, 0xFF, 0xF8, 0x03, 0x00, 0x60, 0x0C, 0x01, 0x80, 0x30, 0x07, 0xFE,
  0xFF, 0xD8, 0x03, 0x00, 0x60, 0x0C, 0x01, 0x80, 0x30, 0x06, 0x00, 0xFF,
  0xFF, 0xFC, 0x0E, 0x03, 0xE0, 0x6E, 0x18, 0xE4, 0x00, 0x00, 0x3F, 0xFF,
  0xFF, 0xFF, 0xF8, 0x03, 0x00, 0x60, 0x0C, 0x01, 0x80, 0x30, 0x07, 0xFE,
  0xFF, 0xD8, 0x03, 0x00, 0x60, 0x0C, 0x01, 0x80, 0x30, 0x06, 0x00, 0xFF,
  0xFF, 0xFC, 0x63, 0x8E, 0x70, 0x84, 0x00, 0x00, 0x01, 0xFF, 0xFF, 0xFF,
  0xFF, 0xC0, 0x18, 0x03, 0x00, 0x60, 0x0C, 0x01, 0x80, 0x3F, 0xF7, 0xFE,
  0xC0, 0x18, 0x03, 0x00, 0x60, 0x0C, 0x01, 0x80, 0x30, 0x07, 0xFF, 0xFF,
  0xE0, 0xE0, 0xE0, 0xC0, 0xC0, 0x40, 0x3F, 0xFF, 0x38, 0x70, 0xE1, 0xC3,
  0x87, 0x0E, 0x1C, 0x38, 0x70, 0xE1, 0xC3, 0x87, 0x0E, 0x1C, 0xFF, 0xFC,
  0x0F, 0x0E, 0x1C, 0x38, 0x00, 0x00, 0xFE, 0xFE, 0x38, 0x38, 0x38, 0x38,
  0x38, 0x38, 0x38, 0x38, 0x38, 0x38, 0x38, 0x38, 0x38, 0x38, 0x38, 0x38,
  0xFE, 0xFE, 0x1C, 0x1F, 0x0D, 0xCC, 0x78, 0x00, 0x01, 0xFC, 0xFE, 0x1C,
  0x0E, 0x07, 0x03, 0x81, 0xC0, 0xE0, 0x70, 0x38, 0x1C, 0x0E, 0x07, 0x03,
  0x81, 0xC0, 0xE0, 0x70, 0x38, 0x7F, 0x3F, 0x80, 0xC7, 0xE7, 0x42, 0x00,
  0x00, 0xFE, 0xFE, 0x38, 0x38, 0x38, 0x38, 0x38, 0x38, 0x38, 0x38, 0x38,
  0x38, 0x38, 0x38, 0x38, 0x38, 0x38, 0x38, 0xFE, 0xFE, 0x3F, 0x80, 0x1F,
  0xFC, 0x0F, 0xFF, 0x06, 0x01, 0xC3, 0x00, 0x71, 0x80, 0x1C, 0xC0, 0x0E,
  0x60, 0x07, 0x30, 0x01, 0xFF, 0xC0, 0xFF, 0xE0, 0x66, 0x00, 0x33, 0x00,
  0x39, 0x80, 0x1C, 0xC0, 0x0E, 0x60, 0x0E, 0x30, 0x0E, 0x18, 0x1F, 0x0F,
  0xFE, 0x07, 0xFC, 0x00, 0x1E, 0x10, 0x3F, 0xE0, 0xC7, 0x80, 0x00, 0x00,
  0x00, 0x1C, 0x00, 0xF8, 0x01, 0xF8, 0x03, 0xF8, 0x07, 0xF0, 0x0F, 0x70,
  0x1E, 0x60, 0x3C, 0xE0, 0x78, 0xE0, 0xF0, 0xC1, 0xE1, 0xC3, 0xC1, 0xC7,
  0x83, 0x8F, 0x03, 0x9E, 0x03, 0xBC, 0x07, 0x78, 0x07, 0xF0, 0x07, 0xE0,
  0x0F, 0xC0, 0x0E, 0x07, 0x00, 0x00, 0xE0, 0x00, 0x18, 0x00, 0x03, 0x00,
  0x00, 0x20, 0x00, 0x00, 0x00, 0x3F, 0x00, 0x7F, 0xF0, 0x3E, 0x1E, 0x1E,
  0x01, 0xC7, 0x00, 0x3B, 0x80, 0x0E, 0xE0, 0x01, 0xB8, 0x00, 0x7C, 0x00,
  0x1F, 0x00, 0x07, 0xC0, 0x01, 0xF0, 0x00, 0x7C, 0x00, 0x1F, 0x80, 0x06,
  0xE0, 0x03, 0x9C, 0x00, 0xE7, 0x00, 0x70, 0xF0, 0x38, 0x1F, 0xFC, 0x01,
  0xFE, 0x00, 0x00, 0x78, 0x00, 0x1C, 0x00, 0x0E, 0x00, 0x07, 0x00, 0x00,
  0x00, 0x00, 0x00, 0x00, 0x3F, 0x00, 0x7F, 0xF0, 0x3E, 0x1E, 0x1E, 0x01,
  0xC7, 0x00, 0x3B, 0x80, 0x0E, 0xE0, 0x01, 0xB8, 0x00, 0x7C, 0x00, 0x1F,
  0x00, 0x07, 0xC0, 0x01, 0xF0, 0x00, 0x7C, 0x00, 0x1F, 0x80, 0x06, 0xE0,
  0x03, 0x9C, 0x00, 0xE7, 0x00, 0x70, 0xF0, 0x38, 0x1F, 0xFC, 0x01, 0xFE,
  0x00, 0x01, 0xC0, 0x00, 0xF8, 0x00, 0x37, 0x00, 0x18, 0xE0, 0x08, 0x00,
  0x00, 0x00, 0x00, 0x3F, 0x00, 0x7F, 0xF0, 0x3E, 0x1E, 0x1E, 0x01, 0xC7,
  0x00, 0x3B, 0x80, 0x0E, 0xE0, 0x01, 0xB8, 0x00, 0x7C, 0x00, 0x1F, 0x00,
  0x07, 0xC0, 0x01, 0xF0, 0x00, 0x7C, 0x00, 0x1F, 0x80, 0x06, 0xE0, 0x03,
  0x9C, 0x00, 0xE7, 0x00, 0x70, 0xF0, 0x38, 0x1F, 0xFC, 0x01, 0xFE, 0x00,
  0x07, 0x84, 0x01, 0xFF, 0x00, 0xC7, 0x80, 0x00, 0x00, 0x00, 0x00, 0x00,
  0xFC, 0x01, 0xFF, 0xC0, 0xF8, 0x78, 0x78, 0x07, 0x1C, 0x00, 0xEE, 0x00,
  0x3B, 0x80, 0x06, 0xE0, 0x01, 0xF0, 0x00, 0x7C, 0x00, 0x1F, 0x00, 0x07,
  0xC0, 0x01, 0xF0, 0x00, 0x7E, 0x00, 0x1B, 0x80, 0x0E, 0x70, 0x03, 0x9C,
  0x01, 0xC3, 0xC0, 0xE0, 0x7F, 0xF0, 0x07, 0xF8, 0x00, 0x06, 0x38, 0x01,
  0xCE, 0x00, 0x21, 0x00, 0x00, 0x00, 0x00, 0x00, 0x00, 0xFC, 0x01, 0xFF,
  0xC0, 0xF8, 0x78, 0x78, 0x07, 0x1C, 0x00, 0xEE, 0x00, 0x3B, 0x80, 0x06,
  0xE0, 0x01, 0xF0, 0x00, 0x7C, 0x00, 0x1F, 0x00, 0x07, 0xC0, 0x01, 0xF0,
  0x00, 0x7E, 0x00, 0x1B, 0x80, 0x0E, 0x70, 0x03, 0x9C, 0x01, 0xC3, 0xC0,
  0xE0, 0x7F, 0xF0, 0x07, 0xF8, 0x00, 0x40, 0x2C, 0x07, 0x60, 0xE3, 0x1C,
  0x1B, 0x80, 0xF0, 0x0E, 0x01, 0xF0, 0x39, 0x87, 0x0C, 0xE0, 0x7C, 0x02,
  0x03, 0xF3, 0x87, 0xFF, 0xC3, 0xE1, 0xE1, 0xE0, 0x3C, 0x70, 0x1F, 0xB8,
  0x06, 0xEE, 0x03, 0x1B, 0x81, 0xC7, 0xC0, 0x61, 0xF0, 0x30, 0x7C, 0x1C,
  0x1F, 0x0E, 0x07, 0xC3, 0x01, 0xF9, 0xC0, 0x6E, 0xE0, 0x39, 0xF0, 0x0E,
  0x78, 0x07, 0x0F, 0x03, 0x83, 0xFF, 0xC1, 0x9F, 0xE0, 0x20, 0x00, 0x00,
  0x0E, 0x00, 0x07, 0x00, 0x03, 0x00, 0x01, 0x80, 0x00, 0x40, 0x00, 0x00,
  0xE0, 0x07, 0xE0, 0x07, 0xE0, 0x07, 0xE0, 0x07, 0xE0, 0x07, 0xE0, 0x07,
  0xE0, 0x07, 0xE0, 0x07, 0xE0, 0x07, 0xE0, 0x07, 0xE0, 0x07, 0xE0, 0x07,
  0xE0, 0x07, 0xE0, 0x07, 0x60, 0x06, 0x60, 0x06, 0x70, 0x0E, 0x38, 0x1C,
  0x1F, 0xF8, 0x0F, 0xF0, 0x00, 0xF0, 0x00, 0xE0, 0x01, 0xC0, 0x03, 0x80,
  0x00, 0x00, 0x00, 0x00, 0xE0, 0x07, 0xE0, 0x07, 0xE0, 0x07, 0xE0, 0x07,
  0xE0, 0x07, 0xE0, 0x07, 0xE0, 0x07, 0xE0, 0x07, 0xE0, 0x07, 0xE0, 0x07,
  0xE0, 0x07, 0xE0, 0x07, 0xE0, 0x07, 0xE0, 0x07, 0x60, 0x06, 0x60, 0x06,
  0x70, 0x0E, 0x38, 0x1C, 0x1F, 0xF8, 0x0F, 0xF0, 0x03, 0x80, 0x07, 0xC0,
  0x06, 0xE0, 0x0C, 0x70, 0x10, 0x00, 0x00, 0x00, 0xE0, 0x07, 0xE0, 0x07,
  0xE0, 0x07, 0xE0, 0x07, 0xE0, 0x07, 0xE0, 0x07, 0xE0, 0x07, 0xE0, 0x07,
  0xE0, 0x07, 0xE0, 0x07, 0xE0, 0x07, 0xE0, 0x07, 0xE0, 0x07, 0xE0, 0x07,
  0x60, 0x06, 0x60, 0x06, 0x70, 0x0E, 0x38, 0x1C, 0x1F, 0xF8, 0x0F, 0xF0,
  0x0C, 0x70, 0x0E, 0x70, 0x04, 0x20, 0x00, 0x00, 0x00, 0x00, 0xE0, 0x07,
  0xE0, 0x07, 0xE0, 0x07, 0xE0, 0x07, 0xE0, 0x07, 0xE0, 0x07, 0xE0, 0x07,
  0xE0, 0x07, 0xE0, 0x07, 0xE0, 0x07, 0xE0, 0x07, 0xE0, 0x07, 0xE0, 0x07,
  0xE0, 0x07, 0x60, 0x06, 0x60, 0x06, 0x70, 0x0E, 0x38, 0x1C, 0x1F, 0xF8,
  0x0F, 0xF0, 0x00, 0xF0, 0x00, 0xE0, 0x01, 0xC0, 0x03, 0x80, 0x00, 0x00,
  0x00, 0x00, 0xE0, 0x07, 0x60, 0x0E, 0x70, 0x0C, 0x30, 0x1C, 0x38, 0x18,
  0x18, 0x38, 0x1C, 0x30, 0x0C, 0x70, 0x0E, 0x60, 0x06, 0xE0, 0x07, 0xC0,
  0x03, 0xC0, 0x01, 0x80, 0x01, 0x80, 0x01, 0x80, 0x01, 0x80, 0x01, 0x80,
  0x01, 0x80, 0x01, 0x80, 0x01, 0x80, 0xC0, 0x0C, 0x00, 0xC0, 0x0C, 0x00,
  0xFF, 0x8F, 0xFE, 0xC0, 0xEC, 0x07, 0xC0, 0x7C, 0x03, 0xC0, 0x3C, 0x07,
  0xC0, 0x7C, 0x3E, 0xFF, 0xCF, 0xE0, 0xC0, 0x0C, 0x00, 0xC0, 0x0C, 0x00,
  0x1F, 0xC0, 0xFF, 0x87, 0x07, 0x38, 0x0C, 0xE0, 0x33, 0x81, 0xCE, 0x0E,
  0x38, 0x70, 0xE3, 0x83, 0x8E, 0x0E, 0x38, 0x38, 0x70, 0xE1, 0xE3, 0x81,
  0xEE, 0x03, 0xB8, 0x07, 0xE0, 0x0F, 0x80, 0x3E, 0x41, 0xF9, 0xFE, 0xE7,
  0xF0, 0x1C, 0x00, 0xE0, 0x06, 0x00, 0x30, 0x00, 0x80, 0x00, 0x0F, 0xC3,
  0xFE, 0x30, 0x70, 0x07, 0x00, 0x30, 0x03, 0x07, 0xF3, 0xFF, 0x70, 0x3E,
  0x03, 0xE0, 0x3E, 0x07, 0xE0, 0xF7, 0xFB, 0x3F, 0x30, 0x01, 0xE0, 0x1C,
  0x03, 0x80, 0x70, 0x00, 0x00, 0x00, 0x0F, 0xC3, 0xFE, 0x30, 0x70, 0x07,
  0x00, 0x30, 0x03, 0x07, 0xF3, 0xFF, 0x70, 0x3E, 0x03, 0xE0, 0x3E, 0x07,
  0xE0, 0xF7, 0xFB, 0x3F, 0x30, 0x07, 0x00, 0xF8, 0x0D, 0xC1, 0x8E, 0x20,
  0x00, 0x00, 0x0F, 0xC3, 0xFE, 0x30, 0x70, 0x07, 0x00, 0x30, 0x03, 0x07,
  0xF3, 0xFF, 0x70, 0x3E, 0x03, 0xE0, 0x3E, 0x07, 0xE0, 0xF7, 0xFB, 0x3F,
  0x30, 0x1E, 0x11, 0xFF, 0x31, 0xE0, 0x00, 0x00, 0x00, 0xFC, 0x3F, 0xE3,
  0x07, 0x00, 0x70, 0x03, 0x00, 0x30, 0x7F, 0x3F, 0xF7, 0x03, 0xE0, 0x3E,
  0x03, 0xE0, 0x7E, 0x0F, 0x7F, 0xB3, 0xF3, 0x18, 0xE1, 0xCE, 0x08, 0x40,
  0x00, 0x00, 0x00, 0xFC, 0x3F, 0xE3, 0x07, 0x00, 0x70, 0x03, 0x00, 0x30,
  0x7F, 0x3F, 0xF7, 0x03, 0xE0, 0x3E, 0x03, 0xE0, 0x7E, 0x0F, 0x7F, 0xB3,
  0xF3, 0x07, 0x80, 0xCC, 0x0C, 0x40, 0xCC, 0x07, 0x80, 0x00, 0x00, 0x00,
  0xFC, 0x3F, 0xE3, 0x07, 0x00, 0x70, 0x03, 0x00, 0x30, 0x7F, 0x3F, 0xF7,
  0x03, 0xE0, 0x3E, 0x03, 0xE0, 0x7E, 0x0F, 0x7F, 0xB3, 0xF3, 0x1F, 0x87,
  0xC3, 0xFE, 0x7F, 0x0C, 0x3F, 0x1C, 0x00, 0xF0, 0x70, 0x07, 0x01, 0x80,
  0x38, 0x0C, 0x3F, 0xFF, 0xE7, 0xFF, 0xFF, 0x70, 0x70, 0x07, 0x03, 0x80,
  0x38, 0x1C, 0x01, 0xC0, 0xF0, 0x0E, 0x0D, 0xC0, 0xBF, 0xCF, 0xFC, 0xFC,
  0x1F, 0xC0, 0x0F, 0x8F, 0xF7, 0x8F, 0x80, 0xE0, 0x30, 0x0C, 0x03, 0x00,
  0xC0, 0x30, 0x0C, 0x03, 0x80, 0x70, 0x5F, 0xF1, 0xFC, 0x18, 0x06, 0x03,
  0xC0, 0x18, 0x06, 0x1F, 0x03, 0x00, 0x38, 0x01, 0xC0, 0x0C, 0x00, 0x60,
  0x01, 0x00, 0x00, 0x1F, 0x83, 0xFC, 0x70, 0xEE, 0x06, 0xC0, 0x7C, 0x07,
  0xFF, 0xFF, 0xFF, 0xC0, 0x0C, 0x00, 0xC0, 0x0E, 0x00, 0x70, 0x13, 0xFE,
  0x1F, 0xE0, 0x03, 0xC0, 0x38, 0x07, 0x00, 0xE0, 0x00, 0x00, 0x00, 0x1F,
  0x83, 0xFC, 0x70, 0xEE, 0x06, 0xC0, 0x7C, 0x07, 0xFF, 0xFF, 0xFF, 0xC0,
  0x0C, 0x00, 0xC0, 0x0E, 0x00, 0x70, 0x13, 0xFE, 0x1F, 0xE0, 0x0E, 0x01,
  0xF0, 0x1B, 0x83, 0x1C, 0x40, 0x00, 0x00, 0x1F, 0x83, 0xFC, 0x70, 0xEE,
  0x06, 0xC0, 0x7C, 0x07, 0xFF, 0xFF, 0xFF, 0xC0, 0x0C, 0x00, 0xC0, 0x0E,
  0x00, 0x70, 0x13, 0xFE, 0x1F, 0xE0, 0x31, 0xC3, 0x9C, 0x10, 0x80, 0x00,
  0x00, 0x01, 0xF8, 0x3F, 0xC7, 0x0E, 0xE0, 0x6C, 0x07, 0xC0, 0x7F, 0xFF,
  0xFF, 0xFC, 0x00, 0xC0, 0x0C, 0x00, 0xE0, 0x07, 0x01, 0x3F, 0xE1, 0xFE,
  0xE1, 0xC3, 0x06, 0x04, 0x03, 0x8E, 0x38, 0xE3, 0x8E, 0x38, 0xE3, 0x8E,
  0x38, 0xE3, 0x8E, 0x38, 0x3C, 0xE7, 0x38, 0x00, 0x0E, 0x38, 0xE3, 0x8E,
  0x38, 0xE3, 0x8E, 0x38, 0xE3, 0x8E, 0x38, 0xE0, 0x1C, 0x1F, 0x0D, 0xCC,
  0x78, 0x00, 0x00, 0x70, 0x38, 0x1C, 0x0E, 0x07, 0x03, 0x81, 0xC0, 0xE0,
  0x70, 0x38, 0x1C, 0x0E, 0x07, 0x03, 0x81, 0xC0, 0xC7, 0xE7, 0x42, 0x00,
  0x00, 0x38, 0x38, 0x38, 0x38, 0x38, 0x38, 0x38, 0x38, 0x38, 0x38, 0x38,
  0x38, 0x38, 0x38, 0x38, 0x08, 0x20, 0xF7, 0x83, 0xF0, 0x0F, 0x03, 0xFC,
  0x0C, 0x70, 0x01, 0x80, 0x0E, 0x1F, 0xB1, 0xFF, 0xDC, 0x1F, 0xC0, 0x7C,
  0x03, 0xE0, 0x0F, 0x00, 0x78, 0x03, 0xC0, 0x3F, 0x01, 0x9C, 0x1C, 0xFF,
  0xC1, 0xFC, 0x00, 0x3C, 0x21, 0xFF, 0x18, 0xF0, 0x00, 0x00, 0x00, 0x63,
  0xE3, 0xFF, 0xDF, 0x0E, 0xF0, 0x3F, 0x01, 0xF8, 0x0F, 0xC0, 0x7E, 0x03,
  0xF0, 0x1F, 0x80, 0xFC, 0x07, 0xE0, 0x3F, 0x01, 0xF8, 0x0F, 0xC0, 0x70,
  0x1C, 0x00, 0x70, 0x01, 0x80, 0x06, 0x00, 0x08, 0x00, 0x00, 0x3E, 0x07,
  0xFC, 0x70, 0xF7, 0x01, 0xB8, 0x0F, 0x80, 0x7C, 0x01, 0xE0, 0x0F, 0x00,
  0x78, 0x07, 0xC0, 0x3F, 0x01, 0x9C, 0x1C, 0x7F, 0xC1, 0xFC, 0x00, 0x01,
  0xE0, 0x0E, 0x00, 0xE0, 0x0E, 0x00, 0x00, 0x00, 0x00, 0x3E, 0x07, 0xFC,
  0x70, 0xF7, 0x01, 0xB8, 0x0F, 0x80, 0x7C, 0x01, 0xE0, 0x0F, 0x00, 0x78,
  0x07, 0xC0, 0x3F, 0x01, 0x9C, 0x1C, 0x7F, 0xC1, 0xFC, 0x00, 0x07, 0x00,
  0x7C, 0x03, 0x70, 0x31, 0xC2, 0x00, 0x00, 0x00, 0x3E, 0x07, 0xFC, 0x70,
  0xF7, 0x01, 0xB8, 0x0F, 0x80, 0x7C, 0x01, 0xE0, 0x0F, 0x00, 0x78, 0x07,
  0xC0, 0x3F, 0x01, 0x9C, 0x1C, 0x7F, 0xC1, 0xFC, 0x00, 0x3C, 0x21, 0xFF,
  0x18, 0xF0, 0x00, 0x00, 0x00, 0x07, 0xC0, 0xFF, 0x8E, 0x1E, 0xE0, 0x37,
  0x01, 0xF0, 0x0F, 0x80, 0x3C, 0x01, 0xE0, 0x0F, 0x00, 0xF8, 0x07, 0xE0,
  0x33, 0x83, 0x8F, 0xF8, 0x3F, 0x80, 0x31, 0xC1, 0xCE, 0x04, 0x20, 0x00,
  0x00, 0x00, 0x07, 0xC0, 0xFF, 0x8E, 0x1E, 0xE0, 0x37, 0x01, 0xF0, 0x0F,
  0x80, 0x3C, 0x01, 0xE0, 0x0F, 0x00, 0xF8, 0x07, 0xE0, 0x33, 0x83, 0x8F,
  0xF8, 0x3F, 0x80, 0x03, 0x00, 0x38, 0x01, 0xC0, 0x00, 0x00, 0x00, 0x7F,
  0xFF, 0xFF, 0xE0, 0x00, 0x00, 0x00, 0x18, 0x01, 0xC0, 0x0E, 0x00, 0x30,
  0x00, 0x00, 0x20, 0x7D, 0xCF, 0xFC, 0xE1, 0xEE, 0x0F, 0x70, 0xFF, 0x06,
  0xF8, 0x63, 0xC7, 0x1E, 0x30, 0xF3, 0x0F, 0xB8, 0x7F, 0x83, 0x38, 0x39,
  0xFF, 0x9F, 0xF8, 0x40, 0x00, 0x1C, 0x00, 0x70, 0x01, 0x80, 0x06, 0x00,
  0x08, 0x00, 0x03, 0x80, 0xFC, 0x07, 0xE0, 0x3F, 0x01, 0xF8, 0x0F, 0xC0,
  0x7E, 0x03, 0xF0, 0x1F, 0x80, 0xFC, 0x07, 0xE0, 0x3F, 0x03, 0xDC, 0x1E,
  0xFF, 0xF3, 0xF9, 0x80, 0x01, 0xE0, 0x0E, 0x00, 0xE0, 0x0E, 0x00, 0x00,
  0x00, 0x03, 0x80, 0xFC, 0x07, 0xE0, 0x3F, 0x01, 0xF8, 0x0F, 0xC0, 0x7E,
  0x03, 0xF0, 0x1F, 0x80, 0xFC, 0x07, 0xE0, 0x3F, 0x03, 0xDC, 0x1E, 0xFF,
  0xF3, 0xF9, 0x80, 0x07, 0x00, 0x7C, 0x03, 0x70, 0x31, 0xC2, 0x00, 0x00,
  0x03, 0x80, 0xFC, 0x07, 0xE0, 0x3F, 0x01, 0xF8, 0x0F, 0xC0, 0x7E, 0x03,
  0xF0, 0x1F, 0x80, 0xFC, 0x07, 0xE0, 0x3F, 0x03, 0xDC, 0x1E, 0xFF, 0xF3,
  0xF9, 0x80, 0x18, 0xE0, 0xE7, 0x02, 0x10, 0x00, 0x00, 0x00, 0x70, 0x1F,
  0x80, 0xFC, 0x07, 0xE0, 0x3F, 0x01, 0xF8, 0x0F, 0xC0, 0x7E, 0x03, 0xF0,
  0x1F, 0x80, 0xFC, 0x07, 0xE0, 0x7B, 0x83, 0xDF, 0xFE, 0x7F, 0x30, 0x01,
  0xE0, 0x07, 0x00, 0x38, 0x01, 0xC0, 0x00, 0x00, 0x00, 0x0E, 0x01, 0xD8,
  0x07, 0x60, 0x19, 0xC0, 0xE3, 0x03, 0x0E, 0x1C, 0x18, 0x70, 0x61, 0x81,
  0xCE, 0x03, 0x38, 0x0C, 0xC0, 0x1F, 0x00, 0x78, 0x01, 0xE0, 0x03, 0x80,
  0x0C, 0x00, 0x70, 0x01, 0x80, 0x0E, 0x02, 0x70, 0x0F, 0x80, 0x18, 0x00,
  0xE0, 0x07, 0x00, 0x38, 0x01, 0xC0, 0x0E, 0x00, 0x70, 0x03, 0x9F, 0x1F,
  0xFC, 0xF8, 0x77, 0x81, 0xF8, 0x0F, 0xC0, 0x3E, 0x01, 0xF0, 0x0F, 0x80,
  0x7C, 0x03, 0xE0, 0x3F, 0x01, 0xFC, 0x1D, 0xFF, 0xEE, 0xFC, 0x70, 0x03,
  0x80, 0x1C, 0x00, 0xE0, 0x07, 0x00, 0x38, 0x01, 0xC0, 0x00, 0x18, 0xE0,
  0x73, 0x80, 0x84, 0x00, 0x00, 0x00, 0x03, 0x80, 0x76, 0x01, 0xD8, 0x06,
  0x70, 0x38, 0xC0, 0xC3, 0x87, 0x06, 0x1C, 0x18, 0x60, 0x73, 0x80, 0xCE,
  0x03, 0x30, 0x07, 0xC0, 0x1E, 0x00, 0x78, 0x00, 0xE0, 0x03, 0x00, 0x1C,
  0x00, 0x60, 0x03, 0x80, 0x9C, 0x03, 0xE0, 0x06, 0x00, 0x00, 0x07, 0xF8,
  0x01, 0xFE, 0x00, 0x00, 0x00, 0x00, 0x00, 0x00, 0xC0, 0x00, 0x70, 0x00,
  0x1E, 0x00, 0x0F, 0x80, 0x03, 0x60, 0x00, 0xCC, 0x00, 0x73, 0x00, 0x18,
  0xE0, 0x0E, 0x18, 0x03, 0x86, 0x00, 0xC1, 0xC0, 0x70, 0x30, 0x1F, 0xFE,
  0x07, 0xFF, 0x83, 0x80, 0x60, 0xC0, 0x1C, 0x70, 0x03, 0x18, 0x00, 0xE6,
  0x00, 0x3B, 0x80, 0x07, 0x1F, 0xE1, 0xFE, 0x00, 0x00, 0x00, 0x0F, 0xC3,
  0xFE, 0x30, 0x70, 0x07, 0x00, 0x30, 0x03, 0x07, 0xF3, 0xFF, 0x70, 0x3E,
  0x03, 0xE0, 0x3E, 0x07, 0xE0, 0xF7, 0xFB, 0x3F, 0x30, 0x0C, 0x18, 0x01,
  0xFC, 0x00, 0x7E, 0x00, 0x00, 0x00, 0x00, 0x00, 0x00, 0x30, 0x00, 0x1C,
  0x00, 0x07, 0x80, 0x03, 0xE0, 0x00, 0xD8, 0x00, 0x33, 0x00, 0x1C, 0xC0,
  0x06, 0x38, 0x03, 0x86, 0x00, 0xE1, 0x80, 0x30, 0x70, 0x1C, 0x0C, 0x07,
  0xFF, 0x81, 0xFF, 0xE0, 0xE0, 0x18, 0x30, 0x07, 0x1C, 0x00, 0xC6, 0x00,
  0x39, 0x80, 0x0E, 0xE0, 0x01, 0xC0, 0x30, 0x61, 0xFC, 0x1F, 0x80, 0x00,
  0x00, 0x00, 0xFC, 0x3F, 0xE3, 0x07, 0x00, 0x70, 0x03, 0x00, 0x30, 0x7F,
  0x3F, 0xF7, 0x03, 0xE0, 0x3E, 0x03, 0xE0, 0x7E, 0x0F, 0x7F, 0xB3, 0xF3,
  0x00, 0xC0, 0x00, 0x70, 0x00, 0x1E, 0x00, 0x0F, 0x80, 0x03, 0x60, 0x00,
  0xCC, 0x00, 0x73, 0x00, 0x18, 0xE0, 0x0E, 0x18, 0x03, 0x86, 0x00, 0xC1,
  0xC0, 0x70, 0x30, 0x1F, 0xFE, 0x07, 0xFF, 0x83, 0x80, 0x60, 0xC0, 0x1C,
  0x70, 0x03, 0x18, 0x00, 0xE6, 0x00, 0x3B, 0x80, 0x06, 0x00, 0x01, 0x40,
  0x00, 0xC0, 0x00, 0x60, 0x00, 0x18, 0x00, 0x07, 0xC0, 0x00, 0xF0, 0x0F,
  0xC1, 0xFF, 0x0C, 0x1C, 0x00, 0xE0, 0x03, 0x00, 0x18, 0x1F, 0xC7, 0xFE,
  0x70, 0x37, 0x01, 0xB8, 0x0D, 0xC0, 0xEE, 0x0F, 0x3F, 0xD8, 0xFC, 0xC0,
  0x04, 0x00, 0x60, 0x06, 0x00, 0x30, 0x01, 0xF0, 0x07, 0x80, 0x00, 0x78,
  0x01, 0xC0, 0x0E, 0x00, 0x70, 0x00, 0x00, 0x00, 0x00, 0x3F, 0x03, 0xFF,
  0x1E, 0x1C, 0xE0, 0x07, 0x00, 0x18, 0x00, 0xE0, 0x03, 0x80, 0x0C, 0x00,
  0x30, 0x00, 0xC0, 0x03, 0x00, 0x0C, 0x00, 0x38, 0x00, 0xE0, 0x01, 0xC0,
  0x07, 0x00, 0x0F, 0x01, 0x1F, 0xFC, 0x3F, 0xF0, 0x03, 0xC0, 0xE0, 0x70,
  0x38, 0x00, 0x00, 0x00, 0xF8, 0xFF, 0x78, 0xF8, 0x0E, 0x03, 0x00, 0xC0,
  0x30, 0x0C, 0x03, 0x00, 0xC0, 0x38, 0x07, 0x05, 0xFF, 0x1F, 0xC0, 0x01,
  0xC0, 0x0F, 0x80, 0x37, 0x01, 0x8E, 0x08, 0x00, 0x00, 0x00, 0x3F, 0x03,
  0xFF, 0x1E, 0x1C, 0xE0, 0x07, 0x00, 0x18, 0x00, 0xE0, 0x03, 0x80, 0x0C,
  0x00, 0x30, 0x00, 0xC0, 0x03, 0x00, 0x0C, 0x00, 0x38, 0x00, 0xE0, 0x01,
  0xC0, 0x07, 0x00, 0x0F, 0x01, 0x1F, 0xFC, 0x3F, 0xF0, 0x0E, 0x07, 0xC1,
  0xB8, 0xC7, 0x40, 0x00, 0x00, 0xF8, 0xFF, 0x78, 0xF8, 0x0E, 0x03, 0x00,
  0xC0, 0x30, 0x0C, 0x03, 0x00, 0xC0, 0x38, 0x07, 0x05, 0xFF, 0x1F, 0xC0,
  0x01, 0xC0, 0x07, 0x00, 0x08, 0x00, 0x00, 0x00, 0x00, 0x0F, 0xC0, 0xFF,
  0xC7, 0x87, 0x38, 0x01, 0xC0, 0x06, 0x00, 0x38, 0x00, 0xE0, 0x03, 0x00,
  0x0C, 0x00, 0x30, 0x00, 0xC0, 0x03, 0x00, 0x0E, 0x00, 0x38, 0x00, 0x70,
  0x01, 0xC0, 0x03, 0xC0, 0x47, 0xFF, 0x0F, 0xFC, 0x0E, 0x03, 0x80, 0x40,
  0x00, 0x00, 0x03, 0xE3, 0xFD, 0xE3, 0xE0, 0x38, 0x0C, 0x03, 0x00, 0xC0,
  0x30, 0x0C, 0x03, 0x00, 0xE0, 0x1C, 0x17, 0xFC, 0x7F, 0x0C, 0x18, 0x1C,
  0xC0, 0x3E, 0x00, 0x70, 0x00, 0x00, 0x00, 0x00, 0x3F, 0x03, 0xFF, 0x1E,
  0x1C, 0xE0, 0x07, 0x00, 0x18, 0x00, 0xE0, 0x03, 0x80, 0x0C, 0x00, 0x30,
  0x00, 0xC0, 0x03, 0x00, 0x0C, 0x00, 0x38, 0x00, 0xE0, 0x01, 0xC0, 0x07,
  0x00, 0x0F, 0x01, 0x1F, 0xFC, 0x3F, 0xF0, 0x60, 0xCE, 0x61, 0xF0, 0x38,
  0x00, 0x00, 0x00, 0xF8, 0xFF, 0x78, 0xF8, 0x0E, 0x03, 0x00, 0xC0, 0x30,
  0x0C, 0x03, 0x00, 0xC0, 0x38, 0x07, 0x05, 0xFF, 0x1F, 0xC0, 0x30, 0x60,
  0x39, 0x80, 0x3E, 0x00, 0x38, 0x00, 0x00, 0x00, 0x00, 0x3F, 0x80, 0x7F,
  0xF0, 0xFF, 0xF1, 0x80, 0x73, 0x00, 0x76, 0x00, 0x7C, 0x00, 0xF8, 0x01,
  0xF0, 0x01, 0xE0, 0x03, 0xC0, 0x07, 0x80, 0x0F, 0x00, 0x3E, 0x00, 0x7C,
  0x00, 0xF8, 0x03, 0xB0, 0x0E, 0x60, 0x7C, 0xFF, 0xE1, 0xFF, 0x00, 0x00,
  0x3B, 0x80, 0x1D, 0x80, 0x0E, 0xC0, 0x07, 0x60, 0x03, 0xA0, 0x01, 0xC0,
  0x7C, 0xE0, 0x7F, 0xF0, 0x70, 0xF8, 0x70, 0x3C, 0x30, 0x0E, 0x18, 0x07,
  0x0C, 0x03, 0x86, 0x01, 0xC3, 0x00, 0xE1, 0x80, 0x70, 0xC0, 0x38, 0x70,
  0x3C, 0x1C, 0x1E, 0x0F, 0xFF, 0x03, 0xFB, 0x80, 0x3F, 0x80, 0x1F, 0xFC,
  0x0F, 0xFF, 0x06, 0x01, 0xC3, 0x00, 0x71, 0x80, 0x1C, 0xC0, 0x0E, 0x60,
  0x07, 0x30, 0x01, 0xFF, 0xC0, 0xFF, 0xE0, 0x66, 0x00, 0x33, 0x00, 0x39,
  0x80, 0x1C, 0xC0, 0x0E, 0x60, 0x0E, 0x30, 0x0E, 0x18, 0x1F, 0x0F, 0xFE,
  0x07, 0xFC, 0x00, 0x00, 0x38, 0x00, 0x70, 0x00, 0xE0, 0x7F, 0xF0, 0x03,
  0x80, 0x07, 0x07, 0xCE, 0x1F, 0xDC, 0x70, 0xF9, 0xC0, 0xF3, 0x80, 0xE6,
  0x01, 0xCC, 0x03, 0x98, 0x07, 0x30, 0x0E, 0x60, 0x1C, 0xC0, 0x39, 0xC0,
  0xF1, 0xC1, 0xE3, 0xFF, 0xC3, 0xFB, 0x80, 0x7F, 0x8F, 0xF0, 0x00, 0x00,
  0x0F, 0xFF, 0xFF, 0xFF, 0xFE, 0x00, 0xC0, 0x18, 0x03, 0x00, 0x60, 0x0C,
  0x01, 0xFF, 0xBF, 0xF6, 0x00, 0xC0, 0x18, 0x03, 0x00, 0x60, 0x0C, 0x01,
  0x80, 0x3F, 0xFF, 0xFF, 0x3F, 0xC3, 0xFC, 0x00, 0x00, 0x00, 0x1F, 0x83,
  0xFC, 0x70, 0xEE, 0x06, 0xC0, 0x7C, 0x07, 0xFF, 0xFF, 0xFF, 0xC0, 0x0C,
  0x00, 0xC0, 0x0E, 0x00, 0x70, 0x13, 0xFE, 0x1F, 0xE0, 0x60, 0xC7, 0xF0,
  0xFC, 0x00, 0x00, 0x01, 0xFF, 0xFF, 0xFF, 0xFF, 0xC0, 0x18, 0x03, 0x00,
  0x60, 0x0C, 0x01, 0x80, 0x3F, 0xF7, 0xFE, 0xC0, 0x18, 0x03, 0x00, 0x60,
  0x0C, 0x01, 0x80, 0x30, 0x07, 0xFF, 0xFF, 0xE0, 0x60, 0xC3, 0xF8, 0x3F,
  0x00, 0x00, 0x00, 0x01, 0xF8, 0x3F, 0xC7, 0x0E, 0xE0, 0x6C, 0x07, 0xC0,
  0x7F, 0xFF, 0xFF, 0xFC, 0x00, 0xC0, 0x0C, 0x00, 0xE0, 0x07, 0x01, 0x3F,
  0xE1, 0xFE, 0x0E, 0x01, 0xC0, 0x10, 0x00, 0x00, 0x01, 0xFF, 0xFF, 0xFF,
  0xFF, 0xC0, 0x18, 0x03, 0x00, 0x60, 0x0C, 0x01, 0x80, 0x3F, 0xF7, 0xFE,
  0xC0, 0x18, 0x03, 0x00, 0x60, 0x0C, 0x01, 0x80, 0x30, 0x07, 0xFF, 0xFF,
  0xE0, 0x0E, 0x00, 0xE0, 0x04, 0x00, 0x00, 0x00, 0x01, 0xF8, 0x3F, 0xC7,
  0x0E, 0xE0, 0x6C, 0x07, 0xC0, 0x7F, 0xFF, 0xFF, 0xFC, 0x00, 0xC0, 0x0C,
  0x00, 0xE0, 0x07, 0x01, 0x3F, 0xE1, 0xFE, 0xFF, 0xFF, 0xFF, 0xFF, 0xE0,
  0x0C, 0x01, 0x80, 0x30, 0x06, 0x00, 0xC0, 0x1F, 0xFB, 0xFF, 0x60, 0x0C,
  0x01, 0x80, 0x30, 0x06, 0x00, 0xC0, 0x18, 0x03, 0xFF, 0xFF, 0xF0, 0x08,
  0x03, 0x00, 0xC0, 0x18, 0x03, 0xE0, 0x3C, 0x1F, 0x83, 0xFC, 0x70, 0xEE,
  0x06, 0xC0, 0x7C, 0x07, 0xFF, 0xFF, 0xFF, 0xC0, 0x0C, 0x00, 0xC0, 0x0E,
  0x00, 0x70, 0x13, 0xFE, 0x1F, 0xE0, 0x0C, 0x01, 0x80, 0x18, 0x01, 0x80,
  0x1E, 0x00, 0xE0, 0x60, 0xC7, 0x30, 0x7C, 0x07, 0x00, 0x00, 0x00, 0x3F,
  0xFF, 0xFF, 0xFF, 0xF8, 0x03, 0x00, 0x60, 0x0C, 0x01, 0x80, 0x30, 0x07,
  0xFE, 0xFF, 0xD8, 0x03, 0x00, 0x60, 0x0C, 0x01, 0x80, 0x30, 0x06, 0x00,
  0xFF, 0xFF, 0xFC, 0x60, 0xC3, 0x98, 0x1F, 0x00, 0xE0, 0x00, 0x00, 0x00,
  0x1F, 0x83, 0xFC, 0x70, 0xEE, 0x06, 0xC0, 0x7C, 0x07, 0xFF, 0xFF, 0xFF,
  0xC0, 0x0C, 0x00, 0xC0, 0x0E, 0x00, 0x70, 0x13, 0xFE, 0x1F, 0xE0, 0x01,
  0xC0, 0x03, 0xE0, 0x03, 0x70, 0x06, 0x38, 0x08, 0x00, 0x00, 0x00, 0x01,
  0xF8, 0x0F, 0xFF, 0x1F, 0x0E, 0x38, 0x00, 0x70, 0x00, 0x60, 0x00, 0xE0,
  0x00, 0xE0, 0x00, 0xC0, 0x00, 0xC0, 0x00, 0xC0, 0x7F, 0xC0, 0x7F, 0xC0,
  0x07, 0xE0, 0x07, 0xE0, 0x07, 0x70, 0x07, 0x78, 0x07, 0x3C, 0x07, 0x1F,
  0xFF, 0x07, 0xFE, 0x0E, 0x00, 0xF8, 0x06, 0xE0, 0x63, 0x84, 0x00, 0x00,
  0x00, 0x7C, 0x67, 0xF7, 0x70, 0xFF, 0x03, 0xF8, 0x0F, 0x80, 0x7C, 0x03,
  0xE0, 0x1F, 0x00, 0xF8, 0x07, 0xC0, 0x3F, 0x01, 0xDC, 0x1E, 0xFF, 0xF3,
  0xFB, 0x80, 0x1C, 0x00, 0xC0, 0x06, 0x80, 0x73, 0xCF, 0x1F, 0xF0, 0x1C,
  0x00, 0x06, 0x0C, 0x03, 0xF8, 0x03, 0xF0, 0x00, 0x00, 0x00, 0x00, 0x01,
  0xF8, 0x0F, 0xFF, 0x1F, 0x0E, 0x38, 0x00, 0x70, 0x00, 0x60, 0x00, 0xE0,
  0x00, 0xE0, 0x00, 0xC0, 0x00, 0xC0, 0x00, 0xC0, 0x7F, 0xC0, 0x7F, 0xC0,
  0x07, 0xE0, 0x07, 0xE0, 0x07, 0x70, 0x07, 0x78, 0x07, 0x3C, 0x07, 0x1F,
  0xFF, 0x07, 0xFE, 0x30, 0x60, 0xFE, 0x07, 0xE0, 0x00, 0x00, 0x00, 0x0F,
  0x8C, 0xFE, 0xEE, 0x1F, 0xE0, 0x7F, 0x01, 0xF0, 0x0F, 0x80, 0x7C, 0x03,
  0xE0, 0x1F, 0x00, 0xF8, 0x07, 0xE0, 0x3B, 0x83, 0xDF, 0xFE, 0x7F, 0x70,
  0x03, 0x80, 0x18, 0x00, 0xD0, 0x0E, 0x79, 0xE3, 0xFE, 0x03, 0x80, 0x00,
  0xE0, 0x00, 0xE0, 0x00, 0x40, 0x00, 0x00, 0x00, 0x00, 0x01, 0xF8, 0x0F,
  0xFF, 0x1F, 0x0E, 0x38, 0x00, 0x70, 0x00, 0x60, 0x00, 0xE0, 0x00, 0xE0,
  0x00, 0xC0, 0x00, 0xC0, 0x00, 0xC0, 0x7F, 0xC0, 0x7F, 0xC0, 0x07, 0xE0,
  0x07, 0xE0, 0x07, 0x70, 0x07, 0x78, 0x07, 0x3C, 0x07, 0x1F, 0xFF, 0x07,
  0xFE, 0x07, 0x00, 0x38, 0x00, 0x80, 0x00, 0x00, 0x00, 0x0F, 0x8C, 0xFE,
  0xEE, 0x1F, 0xE0, 0x7F, 0x01, 0xF0, 0x0F, 0x80, 0x7C, 0x03, 0xE0, 0x1F,
  0x00, 0xF8, 0x07, 0xE0, 0x3B, 0x83, 0xDF, 0xFE, 0x7F, 0x70, 0x03, 0x80,
  0x18, 0x00, 0xD0, 0x0E, 0x79, 0xE3, 0xFE, 0x03, 0x80, 0x01, 0xF8, 0x0F,
  0xFF, 0x1F, 0x0E, 0x38, 0x00, 0x70, 0x00, 0x60, 0x00, 0xE0, 0x00, 0xE0,
  0x00, 0xC0, 0x00, 0xC0, 0x00, 0xC0, 0x7F, 0xC0, 0x7F, 0xC0, 0x07, 0xE0,
  0x07, 0xE0, 0x07, 0x70, 0x07, 0x78, 0x07, 0x3C, 0x07, 0x1F, 0xFF, 0x07,
  0xFE, 0x00, 0x00, 0x00, 0x00, 0x00, 0xE0, 0x00, 0xC0, 0x00, 0xC0, 0x01,
  0x80, 0x03, 0x00, 0x18, 0x01, 0x80, 0x0C, 0x00, 0x80, 0x00, 0x00, 0x7C,
  0x67, 0xF7, 0x70, 0xFF, 0x03, 0xF8, 0x0F, 0x80, 0x7C, 0x03, 0xE0, 0x1F,
  0x00, 0xF8, 0x07, 0xC0, 0x3F, 0x01, 0xDC, 0x1E, 0xFF, 0xF3, 0xFB, 0x80,
  0x1C, 0x00, 0xC0, 0x06, 0x80, 0x73, 0xCF, 0x1F, 0xF0, 0x1C, 0x00, 0x07,
  0x00, 0x1F, 0x00, 0x37, 0x00, 0xC7, 0x02, 0x00, 0x00, 0x00, 0x30, 0x03,
  0xE0, 0x07, 0xC0, 0x0F, 0x80, 0x1F, 0x00, 0x3E, 0x00, 0x7C, 0x00, 0xF8,
  0x01, 0xF0, 0x03, 0xFF, 0xFF, 0xFF, 0xFF, 0x80, 0x1F, 0x00, 0x3E, 0x00,
  0x7C, 0x00, 0xF8, 0x01, 0xF0, 0x03, 0xE0, 0x07, 0xC0, 0x0F, 0x80, 0x1C,
  0x1C, 0x00, 0x3E, 0x00, 0x37, 0x00, 0x63, 0x80, 0x80, 0x00, 0x00, 0x00,
  0x1C, 0x00, 0x1C, 0x00, 0x1C, 0x00, 0x1C, 0x00, 0x1C, 0x00, 0x1C, 0x00,
  0x1C, 0xF8, 0x1F, 0xFE, 0x1F, 0x0E, 0x1E, 0x07, 0x1C, 0x07, 0x1C, 0x07,
  0x1C, 0x07, 0x1C, 0x07, 0x1C, 0x07, 0x1C, 0x07, 0x1C, 0x07, 0x1C, 0x07,
  0x1C, 0x07, 0x1C, 0x07, 0x1C, 0x07, 0x18, 0x01, 0xC1, 0x80, 0x1C, 0x18,
  0x01, 0xC1, 0x80, 0x1C, 0xFF, 0xFF, 0xFF, 0xFF, 0xFF, 0x18, 0x01, 0xC1,
  0x80, 0x1C, 0x18, 0x01, 0xC1, 0xFF, 0xFC, 0x1F, 0xFF, 0xC1, 0x80, 0x1C,
  0x18, 0x01, 0xC1, 0x80, 0x1C, 0x18, 0x01, 0xC1, 0x80, 0x1C, 0x18, 0x01,
  0xC1, 0x80, 0x1C, 0x18, 0x01, 0xC1, 0x80, 0x1C, 0x38, 0x00, 0x70, 0x00,
  0xE0, 0x07, 0xFF, 0x03, 0x80, 0x07, 0x00, 0x0E, 0x00, 0x1D, 0xFC, 0x3F,
  0xFC, 0x78, 0x18, 0xE0, 0x39, 0xC0, 0x73, 0x80, 0xE7, 0x01, 0xCE, 0x03,
  0x9C, 0x07, 0x38, 0x0E, 0x70, 0x1C, 0xE0, 0x39, 0xC0, 0x73, 0x80, 0xE0,
  0x78, 0x5F, 0xFC, 0x78, 0x00, 0x00, 0x1F, 0xC7, 0xF0, 0x70, 0x1C, 0x07,
  0x01, 0xC0, 0x70, 0x1C, 0x07, 0x01, 0xC0, 0x70, 0x1C, 0x07, 0x01, 0xC0,
  0x70, 0x1C, 0x07, 0x01, 0xC1, 0xFC, 0x7F, 0x00, 0x78, 0x5F, 0xFC, 0x78,
  0x00, 0x00, 0x03, 0x80, 0xE0, 0x38, 0x0E, 0x03, 0x80, 0xE0, 0x38, 0x0E,
  0x03, 0x80, 0xE0, 0x38, 0x0E, 0x03, 0x80, 0xE0, 0x38, 0xFF, 0xFF, 0x00,
  0x00, 0x7F, 0x7F, 0x1C, 0x1C, 0x1C, 0x1C, 0x1C, 0x1C, 0x1C, 0x1C, 0x1C,
  0x1C, 0x1C, 0x1C, 0x1C, 0x1C, 0x1C, 0x1C, 0x7F, 0x7F, 0xFF, 0xFF, 0x00,
  0x00, 0x1C, 0x1C, 0x1C, 0x1C, 0x1C, 0x1C, 0x1C, 0x1C, 0x1C, 0x1C, 0x1C,
  0x1C, 0x1C, 0x1C, 0x1C, 0xC1, 0xBF, 0x9F, 0x80, 0x00, 0x03, 0xF9, 0xFC,
  0x38, 0x1C, 0x0E, 0x07, 0x03, 0x81, 0xC0, 0xE0, 0x70, 0x38, 0x1C, 0x0E,
  0x07, 0x03, 0x81, 0xC0, 0xE0, 0x70, 0xFE, 0x7F, 0x00, 0xC1, 0xBF, 0x9F,
  0x80, 0x00, 0x00, 0xE0, 0x70, 0x38, 0x1C, 0x0E, 0x07, 0x03, 0x81, 0xC0,
  0xE0, 0x70, 0x38, 0x1C, 0x0E, 0x07, 0x03, 0x80, 0xFE, 0xFE, 0x38, 0x38,
  0x38, 0x38, 0x38, 0x38, 0x38, 0x38, 0x38, 0x38, 0x38, 0x38, 0x38, 0x38,
  0x38, 0x38, 0xFE, 0xFE, 0x04, 0x0C, 0x18, 0x18, 0x1F, 0x0F, 0x73, 0x8C,
  0x00, 0x39, 0xCE, 0x73, 0x9C, 0xE7, 0x39, 0xCE, 0x73, 0x9C, 0xE2, 0x33,
  0x18, 0xFB, 0xC0, 0x38, 0x70, 0x40, 0x00, 0x1F, 0xFF, 0x9C, 0x38, 0x70,
  0xE1, 0xC3, 0x87, 0x0E, 0x1C, 0x38, 0x70, 0xE1, 0xC3, 0x87, 0x0E, 0x7F,
  0xFE, 0xFF, 0xFF, 0xFF, 0xFF, 0xFF, 0xF8, 0xFE, 0x1F, 0xF0, 0xCE, 0x06,
  0x70, 0x33, 0x81, 0x9C, 0x0C, 0xE0, 0x67, 0x03, 0x38, 0x19, 0xC0, 0xCE,
  0x06, 0x70, 0x33, 0x81, 0x9C, 0x0C, 0xE0, 0x67, 0x03, 0x38, 0x19, 0xC0,
  0xFF, 0x87, 0xFC, 0x30, 0x03, 0x80, 0x1C, 0x00, 0xC0, 0x7E, 0x03, 0xE0,
  0xE1, 0xF8, 0x76, 0x0C, 0x00, 0x00, 0x38, 0x7E, 0x1F, 0x87, 0xE1, 0xF8,
  0x7E, 0x1F, 0x87, 0xE1, 0xF8, 0x7E, 0x1F, 0x87, 0xE1, 0xF8, 0x7E, 0x1F,
  0x87, 0x01, 0xC0, 0x70, 0x1C, 0x07, 0x13, 0x87, 0xE0, 0xE0, 0x0E, 0x07,
  0xC1, 0xB8, 0xC7, 0x40, 0x00, 0x00, 0x60, 0x18, 0x06, 0x01, 0x80, 0x60,
  0x18, 0x06, 0x01, 0x80, 0x60, 0x18, 0x06, 0x01, 0x80, 0x60, 0x18, 0x06,
  0x01, 0x80, 0x60, 0x18, 0x06, 0x01, 0x80, 0xE0, 0x38, 0x0C, 0x3F, 0x0F,
  0x80, 0x0E, 0x07, 0xC1, 0xB8, 0xC7, 0x40, 0x00, 0x00, 0xE0, 0x38, 0x0E,
  0x03, 0x80, 0xE0, 0x38, 0x0E, 0x03, 0x80, 0xE0, 0x38, 0x0E, 0x03, 0x80,
  0xE0, 0x38, 0x0E, 0x03, 0x80, 0xE0, 0x38, 0x0E, 0x27, 0x0F, 0xC1, 0xC0,
  0xC0, 0x1F, 0x00, 0xEC, 0x07, 0x30, 0x38, 0xC1, 0xC3, 0x0E, 0x0C, 0x70,
  0x33, 0x80, 0xCC, 0x03, 0x70, 0x0F, 0xE0, 0x39, 0xC0, 0xC7, 0x83, 0x0E,
  0x0C, 0x1C, 0x30, 0x38, 0xC0, 0xE3, 0x01, 0xCC, 0x03, 0xB0, 0x07, 0x00,
  0x00, 0x00, 0x00, 0x70, 0x01, 0x80, 0x06, 0x00, 0x30, 0x00, 0xE0, 0x0E,
  0x00, 0xE0, 0x0E, 0x00, 0xE0, 0x0E, 0x00, 0xE0, 0x7E, 0x0E, 0xE1, 0xCE,
  0x38, 0xE7, 0x0E, 0xE0, 0xFC, 0x0F, 0xE0, 0xF6, 0x0E, 0x70, 0xE3, 0x8E,
  0x1C, 0xE0, 0xEE, 0x0E, 0xE0, 0x70, 0x00, 0x00, 0x00, 0xE0, 0x0C, 0x00,
  0xC0, 0x18, 0x00, 0xE0, 0x7E, 0x0E, 0xE1, 0xCE, 0x38, 0xE7, 0x0E, 0x70,
  0xEE, 0x0F, 0xE0, 0xFF, 0x0E, 0x30, 0xE3, 0x8E, 0x1C, 0xE0, 0xEE, 0x0E,
  0xE0, 0x70, 0x3C, 0x03, 0x80, 0x70, 0x0E, 0x00, 0x00, 0x00, 0x00, 0x60,
  0x06, 0x00, 0x60, 0x06, 0x00, 0x60, 0x06, 0x00, 0x60, 0x06, 0x00, 0x60,
  0x06, 0x00, 0x60, 0x06, 0x00, 0x60, 0x06, 0x00, 0x60, 0x06, 0x00, 0x60,
  0x06, 0x00, 0x7F, 0xF7, 0xFF, 0x3C, 0xE7, 0x38, 0x00, 0x0E, 0x38, 0xE3,
  0x8E, 0x38, 0xE3, 0x8E, 0x38, 0xE3, 0x8E, 0x38, 0xE3, 0x8E, 0x38, 0xE3,
  0x8E, 0x00, 0xC0, 0x18, 0x03, 0x00, 0x60, 0x0C, 0x01, 0x80, 0x30, 0x06,
  0x00, 0xC0, 0x18, 0x03, 0x00, 0x60, 0x0C, 0x01, 0x80, 0x30, 0x06, 0x00,
  0xC0, 0x18, 0x03, 0xFF, 0xFF, 0xF0, 0x00, 0x00, 0x03, 0x80, 0x60, 0x0C,
  0x03, 0x00, 0xEE, 0xEE, 0xEE, 0xEE, 0xEE, 0xEE, 0xEE, 0xEE, 0xEE, 0xEE,
  0xE0, 0x07, 0x66, 0xC0, 0xC0, 0xF8, 0x1B, 0x03, 0x60, 0x4C, 0x19, 0x80,
  0x30, 0x06, 0x00, 0xC0, 0x18, 0x03, 0x00, 0x60, 0x0C, 0x01, 0x80, 0x30,
  0x06, 0x00, 0xC0, 0x18, 0x03, 0xFF, 0xFF, 0xF0, 0xE7, 0xCF, 0xB7, 0x6E,
  0x9C, 0x38, 0x70, 0xE1, 0xC3, 0x87, 0x0E, 0x1C, 0x38, 0x70, 0xE1, 0xC3,
  0x87, 0x0E, 0x00, 0xC0, 0x18, 0x03, 0x00, 0x60, 0x0C, 0x01, 0x80, 0x30,
  0x06, 0x00, 0xC0, 0x18, 0x73, 0x0E, 0x60, 0x8C, 0x01, 0x80, 0x30, 0x06,
  0x00, 0xC0, 0x18, 0x03, 0xFF, 0xFF, 0xF0, 0xE1, 0xC3, 0x87, 0x0E, 0x1C,
  0x38, 0x70, 0xE1, 0xDF, 0xBF, 0x2E, 0x1C, 0x38, 0x70, 0xE1, 0xC3, 0x87,
  0x0E, 0x00, 0x18, 0x00, 0x60, 0x01, 0x80, 0x06, 0x00, 0x18, 0x00, 0x60,
  0x01, 0x80, 0x06, 0x20, 0x19, 0xC0, 0x7E, 0x01, 0xE0, 0x0F, 0x00, 0xF8,
  0x01, 0x60, 0x01, 0x80, 0x06, 0x00, 0x18, 0x00, 0x60, 0x01, 0xFF, 0xC7,
  0xFF, 0x38, 0x70, 0xE1, 0xC3, 0x87, 0x0E, 0x1C, 0x3A, 0x7C, 0xF3, 0xCF,
  0x9F, 0x0E, 0x1C, 0x38, 0x70, 0xE1, 0xC3, 0x80, 0x00, 0xF0, 0x01, 0xC0,
  0x07, 0x00, 0x1C, 0x00, 0x00, 0x00, 0x00, 0x38, 0x01, 0xF0, 0x03, 0xF0,
  0x07, 0xF0, 0x0F, 0xE0, 0x1E, 0xE0, 0x3C, 0xC0, 0x79, 0xC0, 0xF1, 0xC1,
  0xE1, 0x83, 0xC3, 0x87, 0x83, 0x8F, 0x07, 0x1E, 0x07, 0x3C, 0x07, 0x78,
  0x0E, 0xF0, 0x0F, 0xE0, 0x0F, 0xC0, 0x1F, 0x80, 0x1C, 0x01, 0xE0, 0x0E,
  0x00, 0xE0, 0x0E, 0x00, 0x00, 0x00, 0x03, 0x1F, 0x1F, 0xFE, 0xF8, 0x77,
  0x81, 0xF8, 0x0F, 0xC0, 0x7E, 0x03, 0xF0, 0x1F, 0x80, 0xFC, 0x07, 0xE0,
  0x3F, 0x01, 0xF8, 0x0F, 0xC0, 0x7E, 0x03, 0x80, 0xE0, 0x07, 0xC0, 0x0F,
  0xC0, 0x1F, 0xC0, 0x3F, 0x80, 0x7B, 0x80, 0xF3, 0x01, 0xE7, 0x03, 0xC7,
  0x07, 0x86, 0x0F, 0x0E, 0x1E, 0x0E, 0x3C, 0x1C, 0x78, 0x1C, 0xF0, 0x1D,
  0xE0, 0x3B, 0xC0, 0x3F, 0x80, 0x3F, 0x00, 0x7E, 0x00, 0x70, 0x00, 0x00,
  0x00, 0x00, 0xE0, 0x01, 0x80, 0x03, 0x00, 0x0C, 0x00, 0xC7, 0xC7, 0xFF,
  0xBE, 0x1D, 0xE0, 0x7E, 0x03, 0xF0, 0x1F, 0x80, 0xFC, 0x07, 0xE0, 0x3F,
  0x01, 0xF8, 0x0F, 0xC0, 0x7E, 0x03, 0xF0, 0x1F, 0x80, 0xE0, 0x00, 0x00,
  0x00, 0x38, 0x01, 0x80, 0x0C, 0x00, 0xC0, 0x00, 0x18, 0x30, 0x1C, 0xC0,
  0x1F, 0x00, 0x1C, 0x00, 0x00, 0x00, 0x00, 0x38, 0x01, 0xF0, 0x03, 0xF0,
  0x07, 0xF0, 0x0F, 0xE0, 0x1E, 0xE0, 0x3C, 0xC0, 0x79, 0xC0, 0xF1, 0xC1,
  0xE1, 0x83, 0xC3, 0x87, 0x83, 0x8F, 0x07, 0x1E, 0x07, 0x3C, 0x07, 0x78,
  0x0E, 0xF0, 0x0F, 0xE0, 0x0F, 0xC0, 0x1F, 0x80, 0x1C, 0x30, 0x60, 0xE6,
  0x03, 0xE0, 0x0E, 0x00, 0x00, 0x00, 0x03, 0x1F, 0x1F, 0xFE, 0xF8, 0x77,
  0x81, 0xF8, 0x0F, 0xC0, 0x7E, 0x03, 0xF0, 0x1F, 0x80, 0xFC, 0x07, 0xE0,
  0x3F, 0x01, 0xF8, 0x0F, 0xC0, 0x7E, 0x03, 0x80, 0x30, 0x00, 0x18, 0x00,
  0x1C, 0x00, 0x0E, 0x00, 0x06, 0x00, 0x03, 0x63, 0xE3, 0x3F, 0xFC, 0x1F,
  0x0E, 0x0F, 0x03, 0x87, 0x01, 0xC3, 0x80, 0xE1, 0xC0, 0x70, 0xE0, 0x38,
  0x70, 0x1C, 0x38, 0x0E, 0x1C, 0x07, 0x0E, 0x03, 0x87, 0x01, 0xC3, 0x80,
  0xE1, 0xC0, 0x70, 0xE0, 0x07, 0xC0, 0x0F, 0xC0, 0x1F, 0xC0, 0x3F, 0x80,
  0x7B, 0x80, 0xF3, 0x81, 0xE7, 0x03, 0xC7, 0x07, 0x87, 0x0F, 0x0E, 0x1E,
  0x0E, 0x3C, 0x0E, 0x78, 0x1C, 0xF0, 0x1D, 0xE0, 0x1F, 0xC0, 0x3F, 0x80,
  0x3F, 0x00, 0x3E, 0x00, 0x30, 0x00, 0x60, 0x00, 0xC0, 0x03, 0x80, 0x7E,
  0x00, 0xF8, 0xC7, 0xC7, 0xFF, 0xBE, 0x1D, 0xE0, 0x7E, 0x03, 0xF0, 0x1F,
  0x80, 0xFC, 0x07, 0xE0, 0x3F, 0x01, 0xF8, 0x0F, 0xC0, 0x7E, 0x03, 0xF0,
  0x1F, 0x80, 0xE0, 0x07, 0x00, 0x38, 0x01, 0xC0, 0x0E, 0x02, 0xE0, 0x1F,
  0x00, 0x60, 0x07, 0xF8, 0x01, 0xFE, 0x00, 0x00, 0x00, 0x00, 0x00, 0x03,
  0xF0, 0x07, 0xFF, 0x03, 0xE1, 0xE1, 0xE0, 0x1C, 0x70, 0x03, 0xB8, 0x00,
  0xEE, 0x00, 0x1B, 0x80, 0x07, 0xC0, 0x01, 0xF0, 0x00, 0x7C, 0x00, 0x1F,
  0x00, 0x07, 0xC0, 0x01, 0xF8, 0x00, 0x6E, 0x00, 0x39, 0xC0, 0x0E, 0x70,
  0x07, 0x0F, 0x03, 0x81, 0xFF, 0xC0, 0x1F, 0xE0, 0x3F, 0xC1, 0xFE, 0x00,
  0x00, 0x00, 0x00, 0xF8, 0x1F, 0xF1, 0xC3, 0xDC, 0x06, 0xE0, 0x3E, 0x01,
  0xF0, 0x07, 0x80, 0x3C, 0x01, 0xE0, 0x1F, 0x00, 0xFC, 0x06, 0x70, 0x71,
  0xFF, 0x07, 0xF0, 0x0C, 0x18, 0x01, 0xFC, 0x00, 0x7E, 0x00, 0x00, 0x00,
  0x00, 0x00, 0x00, 0xFC, 0x01, 0xFF, 0xC0, 0xF8, 0x78, 0x78, 0x07, 0x1C,
  0x00, 0xEE, 0x00, 0x3B, 0x80, 0x06, 0xE0, 0x01, 0xF0, 0x00, 0x7C, 0x00,
  0x1F, 0x00, 0x07, 0xC0, 0x01, 0xF0, 0x00, 0x7E, 0x00, 0x1B, 0x80, 0x0E,
  0x70, 0x03, 0x9C, 0x01, 0xC3, 0xC0, 0xE0, 0x7F, 0xF0, 0x07, 0xF8, 0x00,
  0x30, 0x60, 0xFE, 0x07, 0xE0, 0x00, 0x00, 0x00, 0x07, 0xC0, 0xFF, 0x8E,
  0x1E, 0xE0, 0x37, 0x01, 0xF0, 0x0F, 0x80, 0x3C, 0x01, 0xE0, 0x0F, 0x00,
  0xF8, 0x07, 0xE0, 0x33, 0x83, 0x8F, 0xF8, 0x3F, 0x80, 0x03, 0x9C, 0x00,
  0xC6, 0x00, 0x63, 0x00, 0x31, 0x80, 0x00, 0x00, 0x00, 0x00, 0x00, 0x3F,
  0x00, 0x7F, 0xF0, 0x3E, 0x1E, 0x1E, 0x01, 0xC7, 0x00, 0x3B, 0x80, 0x0E,
  0xE0, 0x01, 0xB8, 0x00, 0x7C, 0x00, 0x1F, 0x00, 0x07, 0xC0, 0x01, 0xF0,
  0x00, 0x7C, 0x00, 0x1F, 0x80, 0x06, 0xE0, 0x03, 0x9C, 0x00, 0xE7, 0x00,
  0x70, 0xF0, 0x38, 0x1F, 0xFC, 0x01, 0xFE, 0x00, 0x1C, 0xE0, 0xC6, 0x0C,
  0x60, 0xC6, 0x00, 0x00, 0x00, 0x00, 0x3E, 0x07, 0xFC, 0x70, 0xF7, 0x01,
  0xB8, 0x0F, 0x80, 0x7C, 0x01, 0xE0, 0x0F, 0x00, 0x78, 0x07, 0xC0, 0x3F,
  0x01, 0x9C, 0x1C, 0x7F, 0xC1, 0xFC, 0x00, 0x03, 0xFF, 0xFC, 0x7F, 0xFF,
  0xF3, 0xE1, 0xFF, 0xDE, 0x07, 0x00, 0x70, 0x1C, 0x03, 0x80, 0x70, 0x0E,
  0x01, 0xC0, 0x30, 0x07, 0x00, 0xC0, 0x1C, 0x03, 0x00, 0x7F, 0xEC, 0x01,
  0xFF, 0xB0, 0x07, 0x00, 0xC0, 0x1C, 0x03, 0x80, 0x70, 0x0E, 0x01, 0xC0,
  0x18, 0x07, 0x00, 0x70, 0x1C, 0x00, 0xF0, 0x70, 0x01, 0xFF, 0xFF, 0xC1,
  0xFF, 0xFF, 0x07, 0xC1, 0xF0, 0x1F, 0xE3, 0xFC, 0x38, 0x77, 0x1C, 0x70,
  0x3E, 0x0E, 0x60, 0x1C, 0x06, 0x60, 0x1C, 0x06, 0x60, 0x1F, 0xFF, 0xE0,
  0x1F, 0xFF, 0xE0, 0x1C, 0x00, 0x60, 0x1C, 0x00, 0x60, 0x1C, 0x00, 0x70,
  0x3E, 0x00, 0x38, 0x37, 0x02, 0x1F, 0xF3, 0xFE, 0x0F, 0xC1, 0xFC, 0x03,
  0xC0, 0x0E, 0x00, 0x70, 0x03, 0x80, 0x00, 0x00, 0x00, 0x0F, 0xE0, 0x3F,
  0xF0, 0xFF, 0xE3, 0x01, 0xCC, 0x07, 0x30, 0x0C, 0xC0, 0x33, 0x01, 0xCC,
  0x07, 0x30, 0x78, 0xFF, 0xC3, 0xFC, 0x0C, 0x38, 0x30, 0x70, 0xC0, 0xC3,
  0x03, 0x8C, 0x07, 0x30, 0x1C, 0xC0, 0x3B, 0x00, 0xF0, 0x07, 0x83, 0x83,
  0x83, 0x80, 0x00, 0x03, 0x1F, 0x9F, 0xFC, 0x78, 0x38, 0x1C, 0x0E, 0x07,
  0x03, 0x81, 0xC0, 0xE0, 0x70, 0x38, 0x1C, 0x0E, 0x00, 0xFE, 0x03, 0xFF,
  0x0F, 0xFE, 0x30, 0x1C, 0xC0, 0x73, 0x00, 0xCC, 0x03, 0x30, 0x1C, 0xC0,
  0x73, 0x07, 0x8F, 0xFC, 0x3F, 0xC0, 0xC3, 0x83, 0x07, 0x0C, 0x0C, 0x30,
  0x38, 0xC0, 0x73, 0x01, 0xCC, 0x03, 0xB0, 0x0F, 0x00, 0x00, 0x00, 0x00,
  0x70, 0x01, 0x80, 0x06, 0x00, 0x30, 0x00, 0x63, 0xD9, 0xF7, 0xE1, 0xE0,
  0x70, 0x1C, 0x07, 0x01, 0xC0, 0x70, 0x1C, 0x07, 0x01, 0xC0, 0x70, 0x1C,
  0x07, 0x00, 0x00, 0x00, 0x1C, 0x06, 0x01, 0x80, 0xC0, 0x00, 0x60, 0xC0,
  0xE6, 0x01, 0xF0, 0x03, 0x80, 0x00, 0x00, 0x00, 0x0F, 0xE0, 0x3F, 0xF0,
  0xFF, 0xE3, 0x01, 0xCC, 0x07, 0x30, 0x0C, 0xC0, 0x33, 0x01, 0xCC, 0x07,
  0x30, 0x78, 0xFF, 0xC3, 0xFC, 0x0C, 0x38, 0x30, 0x70, 0xC0, 0xC3, 0x03,
  0x8C, 0x07, 0x30, 0x1C, 0xC0, 0x3B, 0x00, 0xF0, 0xC1, 0xB9, 0x8F, 0x83,
  0x80, 0x00, 0x03, 0x1F, 0x9F, 0xFC, 0x78, 0x38, 0x1C, 0x0E, 0x07, 0x03,
  0x81, 0xC0, 0xE0, 0x70, 0x38, 0x1C, 0x0E, 0x00, 0x01, 0xE0, 0x0E, 0x00,
  0xE0, 0x0E, 0x00, 0x00, 0x00, 0x00, 0x3F, 0x07, 0xFE, 0x78, 0x73, 0x80,
  0x18, 0x00, 0xC0, 0x06, 0x00, 0x38, 0x00, 0xF0, 0x03, 0xE0, 0x07, 0xC0,
  0x0F, 0x80, 0x1C, 0x00, 0x70, 0x03, 0x80, 0x1C, 0x00, 0xF8, 0x0E, 0xFF,
  0xE3, 0xFE, 0x00, 0x03, 0xC0, 0x70, 0x1C, 0x07, 0x00, 0x00, 0x00, 0x07,
  0xE3, 0xFF, 0x60, 0x5C, 0x03, 0x80, 0x38, 0x07, 0xC0, 0x3F, 0x01, 0xF0,
  0x07, 0x00, 0xE0, 0x0E, 0x03, 0xFF, 0xE7, 0xF8, 0x07, 0x00, 0x7C, 0x03,
  0x70, 0x31, 0xC2, 0x00, 0x00, 0x00, 0x3F, 0x07, 0xFE, 0x78, 0x73, 0x80,
  0x18, 0x00, 0xC0, 0x06, 0x00, 0x38, 0x00, 0xF0, 0x03, 0xE0, 0x07, 0xC0,
  0x0F, 0x80, 0x1C, 0x00, 0x70, 0x03, 0x80, 0x1C, 0x00, 0xF8, 0x0E, 0xFF,
  0xE3, 0xFE, 0x00, 0x0E, 0x03, 0xE0, 0x6E, 0x18, 0xE4, 0x00, 0x00, 0x07,
  0xE3, 0xFF, 0x60, 0x5C, 0x03, 0x80, 0x38, 0x07, 0xC0, 0x3F, 0x01, 0xF0,
  0x07, 0x00, 0xE0, 0x0E, 0x03, 0xFF, 0xE7, 0xF8, 0x0F, 0xC1, 0xFF, 0x9E,
  0x1C, 0xE0, 0x06, 0x00, 0x30, 0x01, 0x80, 0x0E, 0x00, 0x3C, 0x00, 0xF8,
  0x01, 0xF0, 0x03, 0xE0, 0x07, 0x00, 0x1C, 0x00, 0xE0, 0x07, 0x00, 0x3E,
  0x03, 0xBF, 0xF8, 0xFF, 0x80, 0x60, 0x03, 0x00, 0x3C, 0x00, 0x30, 0x01,
  0x80, 0xF8, 0x03, 0x00, 0x1F, 0x8F, 0xFD, 0x81, 0x70, 0x0E, 0x00, 0xE0,
  0x1F, 0x00, 0xFC, 0x07, 0xC0, 0x1C, 0x03, 0x80, 0x38, 0x0F, 0xFF, 0x9F,
  0xE0, 0x60, 0x0C, 0x03, 0xC0, 0x0C, 0x01, 0x83, 0xE0, 0x30, 0x00, 0x30,
  0x60, 0xE6, 0x03, 0xE0, 0x0E, 0x00, 0x00, 0x00, 0x00, 0x3F, 0x07, 0xFE,
  0x78, 0x73, 0x80, 0x18, 0x00, 0xC0, 0x06, 0x00, 0x38, 0x00, 0xF0, 0x03,
  0xE0, 0x07, 0xC0, 0x0F, 0x80, 0x1C, 0x00, 0x70, 0x03, 0x80, 0x1C, 0x00,
  0xF8, 0x0E, 0xFF, 0xE3, 0xFE, 0x00, 0x60, 0xC7, 0x30, 0x7C, 0x07, 0x00,
  0x00, 0x00, 0x07, 0xE3, 0xFF, 0x60, 0x5C, 0x03, 0x80, 0x38, 0x07, 0xC0,
  0x3F, 0x01, 0xF0, 0x07, 0x00, 0xE0, 0x0E, 0x03, 0xFF, 0xE7, 0xF8, 0xFF,
  0xFF, 0xFF, 0xFF, 0xFF, 0xF8, 0x1C, 0x00, 0x38, 0x00, 0x70, 0x00, 0xE0,
  0x01, 0xC0, 0x03, 0x80, 0x07, 0x00, 0x0E, 0x00, 0x1C, 0x00, 0x38, 0x00,
  0x70, 0x00, 0xE0, 0x01, 0xC0, 0x03, 0x80, 0x07, 0x00, 0x0E, 0x00, 0x1C,
  0x00, 0x18, 0x00, 0x30, 0x00, 0xF0, 0x00, 0x30, 0x00, 0x60, 0x0F, 0x80,
  0x0C, 0x00, 0x18, 0x0C, 0x06, 0x07, 0xFF, 0xF8, 0xC0, 0x60, 0x30, 0x18,
  0x0C, 0x06, 0x03, 0x01, 0x80, 0xC0, 0x60, 0x30, 0x1F, 0x87, 0xC1, 0x80,
  0xC0, 0xF0, 0x0C, 0x06, 0x3E, 0x0C, 0x00, 0x18, 0x30, 0x1C, 0xC0, 0x1F,
  0x00, 0x1C, 0x00, 0x00, 0x00, 0x00, 0x3F, 0xFF, 0xFF, 0xFF, 0xFF, 0xFE,
  0x07, 0x00, 0x0E, 0x00, 0x1C, 0x00, 0x38, 0x00, 0x70, 0x00, 0xE0, 0x01,
  0xC0, 0x03, 0x80, 0x07, 0x00, 0x0E, 0x00, 0x1C, 0x00, 0x38, 0x00, 0x70,
  0x00, 0xE0, 0x01, 0xC0, 0x03, 0x80, 0x07, 0x00, 0x00, 0x38, 0x01, 0xC0,
  0x0C, 0x30, 0x61, 0x82, 0x0C, 0x00, 0xFE, 0x1F, 0xF0, 0x18, 0x00, 0xC0,
  0x06, 0x00, 0x30, 0x01, 0x80, 0x0C, 0x00, 0x60, 0x03, 0x00, 0x18, 0x00,
  0xC0, 0x06, 0x00, 0x3F, 0x00, 0xF8, 0x00, 0xFF, 0xFF, 0xFF, 0xFF, 0xFF,
  0xF8, 0x1C, 0x00, 0x38, 0x00, 0x70, 0x00, 0xE0, 0x01, 0xC0, 0x03, 0x80,
  0x7F, 0xF0, 0xFF, 0xE0, 0x1C, 0x00, 0x38, 0x00, 0x70, 0x00, 0xE0, 0x01,
  0xC0, 0x03, 0x80, 0x07, 0x00, 0x0E, 0x00, 0x1C, 0x00, 0x18, 0x0C, 0x06,
  0x07, 0xFF, 0xF8, 0xC0, 0x60, 0x30, 0x18, 0x3F, 0xC6, 0x03, 0x01, 0x80,
  0xC0, 0x60, 0x30, 0x1F, 0x87, 0xC0, 0x0F, 0x08, 0x0F, 0xF8, 0x18, 0xF0,
  0x00, 0x00, 0x00, 0x00, 0xE0, 0x07, 0xE0, 0x07, 0xE0, 0x07, 0xE0, 0x07,
  0xE0, 0x07, 0xE0, 0x07, 0xE0, 0x07, 0xE0, 0x07, 0xE0, 0x07, 0xE0, 0x07,
  0xE0, 0x07, 0xE0, 0x07, 0xE0, 0x07, 0xE0, 0x07, 0x60, 0x06, 0x60, 0x06,
  0x70, 0x0E, 0x38, 0x1C, 0x1F, 0xF8, 0x0F, 0xF0, 0x3C, 0x21, 0xFF, 0x18,
  0xF0, 0x00, 0x00, 0x00, 0x70, 0x1F, 0x80, 0xFC, 0x07, 0xE0, 0x3F, 0x01,
  0xF8, 0x0F, 0xC0, 0x7E, 0x03, 0xF0, 0x1F, 0x80, 0xFC, 0x07, 0xE0, 0x7B,
  0x83, 0xDF, 0xFE, 0x7F, 0x30, 0x0F, 0xF0, 0x0F, 0xF0, 0x00, 0x00, 0x00,
  0x00, 0xE0, 0x07, 0xE0, 0x07, 0xE0, 0x07, 0xE0, 0x07, 0xE0, 0x07, 0xE0,
  0x07, 0xE0, 0x07, 0xE0, 0x07, 0xE0, 0x07, 0xE0, 0x07, 0xE0, 0x07, 0xE0,
  0x07, 0xE0, 0x07, 0xE0, 0x07, 0x60, 0x06, 0x60, 0x06, 0x70, 0x0E, 0x38,
  0x1C, 0x1F, 0xF8, 0x0F, 0xF0, 0x3F, 0xC1, 0xFE, 0x00, 0x00, 0x00, 0x0E,
  0x03, 0xF0, 0x1F, 0x80, 0xFC, 0x07, 0xE0, 0x3F, 0x01, 0xF8, 0x0F, 0xC0,
  0x7E, 0x03, 0xF0, 0x1F, 0x80, 0xFC, 0x0F, 0x70, 0x7B, 0xFF, 0xCF, 0xE6,
  0x0C, 0x18, 0x07, 0xF0, 0x07, 0xE0, 0x00, 0x00, 0x00, 0x00, 0xE0, 0x07,
  0xE0, 0x07, 0xE0, 0x07, 0xE0, 0x07, 0xE0, 0x07, 0xE0, 0x07, 0xE0, 0x07,
  0xE0, 0x07, 0xE0, 0x07, 0xE0, 0x07, 0xE0, 0x07, 0xE0, 0x07, 0xE0, 0x07,
  0xE0, 0x07, 0x60, 0x06, 0x60, 0x06, 0x70, 0x0E, 0x38, 0x1C, 0x1F, 0xF8,
  0x0F, 0xF0, 0x30, 0x60, 0xFE, 0x07, 0xE0, 0x00, 0x00, 0x00, 0x70, 0x1F,
  0x80, 0xFC, 0x07, 0xE0, 0x3F, 0x01, 0xF8, 0x0F, 0xC0, 0x7E, 0x03, 0xF0,
  0x1F, 0x80, 0xFC, 0x07, 0xE0, 0x7B, 0x83, 0xDF, 0xFE, 0x7F, 0x30, 0x03,
  0xC0, 0x06, 0x60, 0x06, 0x20, 0x06, 0x60, 0x03, 0xC0, 0x00, 0x00, 0x00,
  0x00, 0xE0, 0x07, 0xE0, 0x07, 0xE0, 0x07, 0xE0, 0x07, 0xE0, 0x07, 0xE0,
  0x07, 0xE0, 0x07, 0xE0, 0x07, 0xE0, 0x07, 0xE0, 0x07, 0xE0, 0x07, 0xE0,
  0x07, 0xE0, 0x07, 0xE0, 0x07, 0x60, 0x06, 0x60, 0x06, 0x70, 0x0E, 0x38,
  0x1C, 0x1F, 0xF8, 0x0F, 0xF0, 0x0F, 0x00, 0xCC, 0x06, 0x20, 0x33, 0x00,
  0xF0, 0x00, 0x00, 0x00, 0x1C, 0x07, 0xE0, 0x3F, 0x01, 0xF8, 0x0F, 0xC0,
  0x7E, 0x03, 0xF0, 0x1F, 0x80, 0xFC, 0x07, 0xE0, 0x3F, 0x01, 0xF8, 0x1E,
  0xE0, 0xF7, 0xFF, 0x9F, 0xCC, 0x07, 0x38, 0x06, 0x30, 0x0C, 0x60, 0x18,
  0xC0, 0x00, 0x00, 0x00, 0x00, 0xE0, 0x07, 0xE0, 0x07, 0xE0, 0x07, 0xE0,
  0x07, 0xE0, 0x07, 0xE0, 0x07, 0xE0, 0x07, 0xE0, 0x07, 0xE0, 0x07, 0xE0,
  0x07, 0xE0, 0x07, 0xE0, 0x07, 0xE0, 0x07, 0xE0, 0x07, 0x60, 0x06, 0x60,
  0x06, 0x70, 0x0E, 0x38, 0x1C, 0x1F, 0xF8, 0x0F, 0xF0, 0x1C, 0xE0, 0xC6,
  0x0C, 0x60, 0xC6, 0x00, 0x00, 0x00, 0x03, 0x80, 0xFC, 0x07, 0xE0, 0x3F,
  0x01, 0xF8, 0x0F, 0xC0, 0x7E, 0x03, 0xF0, 0x1F, 0x80, 0xFC, 0x07, 0xE0,
  0x3F, 0x03, 0xDC, 0x1E, 0xFF, 0xF3, 0xF9, 0x80, 0xE0, 0x07, 0xE0, 0x07,
  0xE0, 0x07, 0xE0, 0x07, 0xE0, 0x07, 0xE0, 0x07, 0xE0, 0x07, 0xE0, 0x07,
  0xE0, 0x07, 0xE0, 0x07, 0xE0, 0x07, 0xE0, 0x07, 0xE0, 0x07, 0xE0, 0x07,
  0x60, 0x06, 0x60, 0x06, 0x70, 0x0E, 0x38, 0x1C, 0x1F, 0xF8, 0x0F, 0xF0,
  0x00, 0x30, 0x00, 0x60, 0x00, 0x60, 0x00, 0x60, 0x00, 0x78, 0x00, 0x38,
  0xE0, 0x3F, 0x01, 0xF8, 0x0F, 0xC0, 0x7E, 0x03, 0xF0, 0x1F, 0x80, 0xFC,
  0x07, 0xE0, 0x3F, 0x01, 0xF8, 0x0F, 0xC0, 0xF7, 0x07, 0xBF, 0xFC, 0xFE,
  0x60, 0x04, 0x00, 0x60, 0x06, 0x00, 0x30, 0x01, 0xF0, 0x07, 0x80, 0x00,
  0x1C, 0x00, 0x00, 0x1F, 0x00, 0x00, 0x0D, 0xC0, 0x00, 0x0C, 0x70, 0x00,
  0x08, 0x00, 0x00, 0x00, 0x00, 0x03, 0x80, 0x70, 0x06, 0xC0, 0x38, 0x07,
  0x60, 0x1E, 0x03, 0xB8, 0x1F, 0x01, 0x9C, 0x0D, 0x80, 0xC6, 0x06, 0xC0,
  0xE3, 0x03, 0x70, 0x71, 0xC3, 0x98, 0x30, 0xE1, 0x8C, 0x18, 0x30, 0xC7,
  0x1C, 0x18, 0xE1, 0x8C, 0x0E, 0x60, 0xC6, 0x03, 0x30, 0x73, 0x01, 0x98,
  0x1B, 0x80, 0xDC, 0x0D, 0x80, 0x7C, 0x06, 0xC0, 0x1E, 0x03, 0xE0, 0x0F,
  0x00, 0xF0, 0x07, 0x00, 0x70, 0x03, 0x80, 0x38, 0x00, 0x00, 0x70, 0x00,
  0x07, 0xC0, 0x00, 0x37, 0x00, 0x03, 0x1C, 0x00, 0x20, 0x00, 0x00, 0x00,
  0x03, 0x81, 0xC0, 0x6C, 0x0E, 0x07, 0x60, 0x78, 0x3B, 0x87, 0xC1, 0x9C,
  0x36, 0x0C, 0x61, 0xB8, 0xE3, 0x0C, 0xC7, 0x1C, 0xC6, 0x30, 0x66, 0x39,
  0x83, 0x30, 0xDC, 0x1B, 0x86, 0xC0, 0xF8, 0x36, 0x03, 0xC0, 0xF0, 0x1E,
  0x07, 0x80, 0xE0, 0x38, 0x00, 0x03, 0x80, 0x07, 0xC0, 0x06, 0xE0, 0x0C,
  0x70, 0x10, 0x00, 0x00, 0x00, 0xE0, 0x07, 0x60, 0x0E, 0x70, 0x0C, 0x30,
  0x1C, 0x38, 0x18, 0x18, 0x38, 0x1C, 0x30, 0x0C, 0x70, 0x0E, 0x60, 0x06,
  0xE0, 0x07, 0xC0, 0x03, 0xC0, 0x01, 0x80, 0x01, 0x80, 0x01, 0x80, 0x01,
  0x80, 0x01, 0x80, 0x01, 0x80, 0x01, 0x80, 0x01, 0x80, 0x07, 0x00, 0x3E,
  0x00, 0xDC, 0x06, 0x38, 0x20, 0x00, 0x00, 0x0E, 0x01, 0xD8, 0x07, 0x60,
  0x19, 0xC0, 0xE3, 0x03, 0x0E, 0x1C, 0x18, 0x70, 0x61, 0x81, 0xCE, 0x03,
  0x38, 0x0C, 0xC0, 0x1F, 0x00, 0x78, 0x01, 0xE0, 0x03, 0x80, 0x0C, 0x00,
  0x70, 0x01, 0x80, 0x0E, 0x02, 0x70, 0x0F, 0x80, 0x18, 0x00, 0x0C, 0x70,
  0x0E, 0x70, 0x04, 0x20, 0x00, 0x00, 0x00, 0x00, 0xE0, 0x07, 0x60, 0x0E,
  0x70, 0x0C, 0x30, 0x1C, 0x38, 0x18, 0x18, 0x38, 0x1C, 0x30, 0x0C, 0x70,
  0x0E, 0x60, 0x06, 0xE0, 0x07, 0xC0, 0x03, 0xC0, 0x01, 0x80, 0x01, 0x80,
  0x01, 0x80, 0x01, 0x80, 0x01, 0x80, 0x01, 0x80, 0x01, 0x80, 0x01, 0x80,
  0x01, 0xE0, 0x07, 0x00, 0x38, 0x01, 0xC0, 0x00, 0x00, 0x00, 0x0F, 0xFF,
  0xBF, 0xFE, 0xFF, 0xF8, 0x00, 0xE0, 0x07, 0x00, 0x38, 0x00, 0xE0, 0x07,
  0x00, 0x38, 0x00, 0xE0, 0x07, 0x00, 0x38, 0x00, 0xE0, 0x07, 0x00, 0x38,
  0x00, 0xE0, 0x07, 0x00, 0x38, 0x00, 0xFF, 0xFF, 0xFF, 0xF0, 0x03, 0xC0,
  0x70, 0x1C, 0x07, 0x00, 0x00, 0x00, 0x1F, 0xFB, 0xFF, 0x00, 0xC0, 0x38,
  0x0E, 0x01, 0x80, 0x70, 0x1C, 0x07, 0x00, 0xC0, 0x38, 0x0E, 0x01, 0x80,
  0x7F, 0xFF, 0xFE, 0x07, 0x00, 0x1C, 0x00, 0x20, 0x00, 0x00, 0x00, 0x03,
  0xFF, 0xEF, 0xFF, 0xBF, 0xFE, 0x00, 0x38, 0x01, 0xC0, 0x0E, 0x00, 0x38,
  0x01, 0xC0, 0x0E, 0x00, 0x38, 0x01, 0xC0, 0x0E, 0x00, 0x38, 0x01, 0xC0,
  0x0E, 0x00, 0x38, 0x01, 0xC0, 0x0E, 0x00, 0x3F, 0xFF, 0xFF, 0xFC, 0x0E,
  0x01, 0xC0, 0x10, 0x00, 0x00, 0x00, 0xFF, 0xDF, 0xF8, 0x06, 0x01, 0xC0,
  0x70, 0x0C, 0x03, 0x80, 0xE0, 0x38, 0x06, 0x01, 0xC0, 0x70, 0x0C, 0x03,
  0xFF, 0xFF, 0xF0, 0x30, 0x60, 0x73, 0x00, 0xF8, 0x01, 0xC0, 0x00, 0x00,
  0x00, 0x0F, 0xFF, 0xBF, 0xFE, 0xFF, 0xF8, 0x00, 0xE0, 0x07, 0x00, 0x38,
  0x00, 0xE0, 0x07, 0x00, 0x38, 0x00, 0xE0, 0x07, 0x00, 0x38, 0x00, 0xE0,
  0x07, 0x00, 0x38, 0x00, 0xE0, 0x07, 0x00, 0x38, 0x00, 0xFF, 0xFF, 0xFF,
  0xF0, 0x60, 0xC7, 0x30, 0x7C, 0x07, 0x00, 0x00, 0x00, 0x1F, 0xFB, 0xFF,
  0x00, 0xC0, 0x38, 0x0E, 0x01, 0x80, 0x70, 0x1C, 0x07, 0x00, 0xC0, 0x38,
  0x0E, 0x01, 0x80, 0x7F, 0xFF, 0xFE
 };

const GFXglyph NotoSans_Regular_SupAndExtA_14pt16bGlyphs[] PROGMEM = {
// bmpOff,   w,   h,xAdv, xOff, yOff      range 0 (0xa1 - 0x17e)
  {     0,   3,  20,   7,    2,  -14 },   // 0xA1 exclamdown  (#0)
  {     8,  11,  20,  16,    2,  -19 },   // 0xA2 cent  (#1)
  {    36,  14,  20,  16,    1,  -19 },   // 0xA3 sterling  (#2)
  {    71,  12,  12,  16,    2,  -15 },   // 0xA4 currency  (#3)
  {    89,  15,  20,  16,    0,  -19 },   // 0xA5 yen  (#4)
  {   127,   2,  28,  15,    7,  -20 },   // 0xA6 brokenbar  (#5)
  {   134,  10,  21,  14,    2,  -20 },   // 0xA7 section  (#6)
  {   161,   8,   3,  16,    4,  -19 },   // 0xA8 dieresis  (#7)
  {   164,  20,  20,  23,    1,  -19 },   // 0xA9 copyright  (#8)
  {   214,   7,  10,  10,    1,  -19 },   // 0xAA ordfeminine  (#9)
  {   223,  12,  11,  14,    1,  -12 },   // 0xAB guillemotleft  (#10)
  {   240,  13,   7,  16,    1,  -10 },   // 0xAC logicalnot  (#11)
  {   252,   7,   2,   9,    1,   -7 },   // 0xAD uni00AD  (#12)
  {   254,  20,  20,  23,    1,  -19 },   // 0xAE registered  (#13)
  {   304,  14,   2,  14,    0,  -22 },   // 0xAF overscore  (#14)
  {   308,   8,   9,  12,    2,  -19 },   // 0xB0 degree  (#15)
  {   317,  13,  16,  16,    1,  -15 },   // 0xB1 plusminus  (#16)
  {   343,   7,  12,  10,    1,  -22 },   // 0xB2 uni00B2  (#17)
  {   354,   9,  12,  10,    0,  -22 },   // 0xB3 uni00B3  (#18)
  {   368,   6,   4,   8,    1,  -20 },   // 0xB4 acute  (#19)
  {   371,  13,  22,  17,    2,  -14 },   // 0xB5 uni00B5  (#20)
  {   407,  13,  24,  18,    2,  -20 },   // 0xB6 paragraph  (#21)
  {   446,   3,   3,   7,    2,  -10 },   // 0xB7 periodcentered  (#22)
  {   448,   6,   7,   6,    0,    1 },   // 0xB8 cedilla  (#23)
  {   454,   6,  12,  10,    1,  -22 },   // 0xB9 uni00B9  (#24)
  {   463,   8,  10,  10,    1,  -19 },   // 0xBA ordmasculine  (#25)
  {   473,  12,  11,  14,    1,  -12 },   // 0xBB guillemotright  (#26)
  {   490,  19,  20,  20,    1,  -19 },   // 0xBC onequarter  (#27)
  {   538,  19,  20,  21,    1,  -19 },   // 0xBD onehalf  (#28)
  {   586,  21,  20,  21,    0,  -19 },   // 0xBE threequarters  (#29)
  {   639,  11,  20,  12,    1,  -14 },   // 0xBF questiondown  (#30)
  {   667,  18,  26,  18,    0,  -25 },   // 0xC0 Agrave  (#31)
  {   726,  18,  26,  18,    0,  -25 },   // 0xC1 Aacute  (#32)
  {   785,  18,  26,  18,    0,  -25 },   // 0xC2 Acircumflex  (#33)
  {   844,  18,  25,  18,    0,  -24 },   // 0xC3 Atilde  (#34)
  {   901,  18,  25,  18,    0,  -24 },   // 0xC4 Adieresis  (#35)
  {   958,  18,  24,  18,    0,  -23 },   // 0xC5 Aring  (#36)
  {  1012,  23,  20,  24,    0,  -19 },   // 0xC6 AE  (#37)
  {  1070,  14,  27,  17,    2,  -19 },   // 0xC7 Ccedilla  (#38)
  {  1118,  11,  26,  15,    3,  -25 },   // 0xC8 Egrave  (#39)
  {  1154,  11,  26,  15,    3,  -25 },   // 0xC9 Eacute  (#40)
  {  1190,  11,  26,  15,    3,  -25 },   // 0xCA Ecircumflex  (#41)
  {  1226,  11,  25,  15,    3,  -24 },   // 0xCB Edieresis  (#42)
  {  1261,   7,  26,   9,    1,  -25 },   // 0xCC Igrave  (#43)
  {  1284,   8,  26,   9,    1,  -25 },   // 0xCD Iacute  (#44)
  {  1310,   9,  26,   9,    0,  -25 },   // 0xCE Icircumflex  (#45)
  {  1340,   8,  25,   9,    1,  -24 },   // 0xCF Idieresis  (#46)
  {  1365,  17,  20,  20,    1,  -19 },   // 0xD0 Eth  (#47)
  {  1408,  15,  25,  21,    3,  -24 },   // 0xD1 Ntilde  (#48)
  {  1455,  18,  26,  21,    2,  -25 },   // 0xD2 Ograve  (#49)
  {  1514,  18,  26,  21,    2,  -25 },   // 0xD3 Oacute  (#50)
  {  1573,  18,  26,  21,    2,  -25 },   // 0xD4 Ocircumflex  (#51)
  {  1632,  18,  25,  21,    2,  -24 },   // 0xD5 Otilde  (#52)
  {  1689,  18,  25,  21,    2,  -24 },   // 0xD6 Odieresis  (#53)
  {  1746,  12,  12,  16,    2,  -15 },   // 0xD7 multiply  (#54)
  {  1764,  18,  21,  21,    2,  -19 },   // 0xD8 Oslash  (#55)
  {  1812,  16,  26,  20,    2,  -25 },   // 0xD9 Ugrave  (#56)
  {  1864,  16,  26,  20,    2,  -25 },   // 0xDA Uacute  (#57)
  {  1916,  16,  26,  20,    2,  -25 },   // 0xDB Ucircumflex  (#58)
  {  1968,  16,  25,  20,    2,  -24 },   // 0xDC Udieresis  (#59)
  {  2018,  16,  26,  16,    0,  -25 },   // 0xDD Yacute  (#60)
  {  2070,  12,  20,  17,    3,  -19 },   // 0xDE Thorn  (#61)
  {  2100,  14,  21,  17,    2,  -20 },   // 0xDF germandbls  (#62)
  {  2137,  12,  21,  15,    1,  -20 },   // 0xE0 agrave  (#63)
  {  2169,  12,  21,  15,    1,  -20 },   // 0xE1 aacute  (#64)
  {  2201,  12,  21,  15,    1,  -20 },   // 0xE2 acircumflex  (#65)
  {  2233,  12,  20,  15,    1,  -19 },   // 0xE3 atilde  (#66)
  {  2263,  12,  20,  15,    1,  -19 },   // 0xE4 adieresis  (#67)
  {  2293,  12,  22,  15,    1,  -21 },   // 0xE5 aring  (#68)
  {  2326,  21,  15,  24,    1,  -14 },   // 0xE6 ae  (#69)
  {  2366,  10,  22,  13,    2,  -14 },   // 0xE7 ccedilla  (#70)
  {  2394,  12,  21,  15,    2,  -20 },   // 0xE8 egrave  (#71)
  {  2426,  12,  21,  15,    2,  -20 },   // 0xE9 eacute  (#72)
  {  2458,  12,  21,  15,    2,  -20 },   // 0xEA ecircumflex  (#73)
  {  2490,  12,  20,  15,    2,  -19 },   // 0xEB edieresis  (#74)
  {  2520,   6,  21,   7,    0,  -20 },   // 0xEC igrave  (#75)
  {  2536,   6,  21,   7,    2,  -20 },   // 0xED iacute  (#76)
  {  2552,   9,  21,   7,   -1,  -20 },   // 0xEE icircumflex  (#77)
  {  2576,   8,  20,   7,    0,  -19 },   // 0xEF idieresis  (#78)
  {  2596,  13,  21,  17,    2,  -20 },   // 0xF0 eth  (#79)
  {  2631,  13,  20,  17,    2,  -19 },   // 0xF1 ntilde  (#80)
  {  2664,  13,  21,  17,    2,  -20 },   // 0xF2 ograve  (#81)
  {  2699,  13,  21,  17,    2,  -20 },   // 0xF3 oacute  (#82)
  {  2734,  13,  21,  17,    2,  -20 },   // 0xF4 ocircumflex  (#83)
  {  2769,  13,  20,  17,    2,  -19 },   // 0xF5 otilde  (#84)
  {  2802,  13,  20,  17,    2,  -19 },   // 0xF6 odieresis  (#85)
  {  2835,  13,  13,  16,    1,  -15 },   // 0xF7 divide  (#86)
  {  2857,  13,  17,  17,    2,  -15 },   // 0xF8 oslash  (#87)
  {  2885,  13,  21,  17,    2,  -20 },   // 0xF9 ugrave  (#88)
  {  2920,  13,  21,  17,    2,  -20 },   // 0xFA uacute  (#89)
  {  2955,  13,  21,  17,    2,  -20 },   // 0xFB ucircumflex  (#90)
  {  2990,  13,  20,  17,    2,  -19 },   // 0xFC udieresis  (#91)
  {  3023,  14,  28,  14,    0,  -20 },   // 0xFD yacute  (#92)
  {  3072,  13,  28,  17,    2,  -20 },   // 0xFE thorn  (#93)
  {  3118,  14,  27,  14,    0,  -19 },   // 0xFF ydieresis  (#94)
  {  3166,  18,  24,  18,    0,  -23 },   // 0x100 Amacron  (#95)
  {  3220,  12,  19,  15,    1,  -18 },   // 0x101 amacron  (#96)
  {  3249,  18,  25,  18,    0,  -24 },   // 0x102 Abreve  (#97)
  {  3306,  12,  20,  15,    1,  -19 },   // 0x103 abreve  (#98)
  {  3336,  18,  26,  18,    0,  -19 },   // 0x104 Aogonek  (#99)
  {  3395,  13,  21,  15,    1,  -14 },   // 0x105 aogonek  (#100)
  {  3430,  14,  26,  17,    2,  -25 },   // 0x106 Cacute  (#101)
  {  3476,  10,  21,  13,    2,  -20 },   // 0x107 cacute  (#102)
  {  3503,  14,  26,  17,    2,  -25 },   // 0x108 Ccircumflex  (#103)
  {  3549,  10,  21,  13,    2,  -20 },   // 0x109 ccircumflex  (#104)
  {  3576,  14,  25,  17,    2,  -24 },   // 0x10A Cdotaccent  (#105)
  {  3620,  10,  20,  13,    2,  -19 },   // 0x10B cdotaccent  (#106)
  {  3645,  14,  26,  17,    2,  -25 },   // 0x10C Ccaron  (#107)
  {  3691,  10,  21,  13,    2,  -20 },   // 0x10D ccaron  (#108)
  {  3718,  15,  26,  20,    3,  -25 },   // 0x10E Dcaron  (#109)
  {  3767,  17,  21,  17,    2,  -20 },   // 0x10F dcaron  (#110)
  {  3812,  17,  20,  20,    1,  -19 },   // 0x110 Dcroat  (#111)
  {  3855,  15,  21,  17,    2,  -20 },   // 0x111 dcroat  (#112)
  {  3895,  11,  24,  15,    3,  -23 },   // 0x112 Emacron  (#113)
  {  3928,  12,  19,  15,    2,  -18 },   // 0x113 emacron  (#114)
  {  3957,  11,  25,  15,    3,  -24 },   // 0x114 Ebreve  (#115)
  {  3992,  12,  20,  15,    2,  -19 },   // 0x115 ebreve  (#116)
  {  4022,  11,  25,  15,    3,  -24 },   // 0x116 Edotaccent  (#117)
  {  4057,  12,  20,  15,    2,  -19 },   // 0x117 edotaccent  (#118)
  {  4087,  11,  26,  15,    3,  -19 },   // 0x118 Eogonek  (#119)
  {  4123,  12,  21,  15,    2,  -14 },   // 0x119 eogonek  (#120)
  {  4155,  11,  26,  15,    3,  -25 },   // 0x11A Ecaron  (#121)
  {  4191,  12,  21,  15,    2,  -20 },   // 0x11B ecaron  (#122)
  {  4223,  16,  26,  20,    2,  -25 },   // 0x11C Gcircumflex  (#123)
  {  4275,  13,  28,  17,    2,  -20 },   // 0x11D gcircumflex  (#124)
  {  4321,  16,  25,  20,    2,  -24 },   // 0x11E Gbreve  (#125)
  {  4371,  13,  27,  17,    2,  -19 },   // 0x11F gbreve  (#126)
  {  4415,  16,  25,  20,    2,  -24 },   // 0x120 Gdotaccent  (#127)
  {  4465,  13,  27,  17,    2,  -19 },   // 0x121 gdotaccent  (#128)
  {  4509,  16,  26,  20,    2,  -19 },   // 0x122 uni0122  (#129)
  {  4561,  13,  28,  17,    2,  -20 },   // 0x123 uni0123  (#130)
  {  4607,  15,  26,  20,    3,  -25 },   // 0x124 Hcircumflex  (#131)
  {  4656,  16,  27,  17,   -1,  -26 },   // 0x125 hcircumflex  (#132)
  {  4710,  20,  20,  20,    0,  -19 },   // 0x126 Hbar  (#133)
  {  4760,  15,  21,  17,    0,  -20 },   // 0x127 hbar  (#134)
  {  4800,  10,  25,   9,    0,  -24 },   // 0x128 Itilde  (#135)
  {  4832,  10,  20,   7,   -2,  -19 },   // 0x129 itilde  (#136)
  {  4857,   8,  24,   9,    0,  -23 },   // 0x12A Imacron  (#137)
  {  4881,   8,  19,   7,   -1,  -18 },   // 0x12B imacron  (#138)
  {  4900,   9,  25,   9,    0,  -24 },   // 0x12C Ibreve  (#139)
  {  4929,   9,  20,   7,   -1,  -19 },   // 0x12D ibreve  (#140)
  {  4952,   8,  26,   9,    1,  -19 },   // 0x12E Iogonek  (#141)
  {  4978,   5,  26,   7,    1,  -19 },   // 0x12F iogonek  (#142)
  {  4995,   7,  25,   9,    1,  -24 },   // 0x130 Idotaccent  (#143)
  {  5017,   3,  15,   7,    2,  -14 },   // 0x131 dotlessi  (#144)
  {  5023,  13,  25,  17,    1,  -19 },   // 0x132 IJ  (#145)
  {  5064,  10,  27,  14,    2,  -19 },   // 0x133 ij  (#146)
  {  5098,  10,  31,   7,   -2,  -25 },   // 0x134 Jcircumflex  (#147)
  {  5137,  10,  28,   7,   -2,  -20 },   // 0x135 jcircumflex  (#148)
  {  5172,  14,  26,  17,    3,  -19 },   // 0x136 uni0136  (#149)
  {  5218,  12,  27,  15,    2,  -20 },   // 0x137 uni0137  (#150)
  {  5259,  12,  15,  15,    2,  -14 },   // 0x138 kgreenlandic  (#151)
  {  5282,  12,  26,  14,    2,  -25 },   // 0x139 Lacute  (#152)
  {  5321,   6,  27,   7,    2,  -26 },   // 0x13A lacute  (#153)
  {  5342,  11,  26,  14,    3,  -19 },   // 0x13B uni013B  (#154)
  {  5378,   4,  27,   7,    2,  -20 },   // 0x13C uni013C  (#155)
  {  5392,  11,  20,  14,    3,  -19 },   // 0x13D Lcaron  (#156)
  {  5420,   7,  21,   7,    2,  -20 },   // 0x13E lcaron  (#157)
  {  5439,  11,  20,  14,    3,  -19 },   // 0x13F Ldot  (#158)
  {  5467,   7,  21,   7,    2,  -20 },   // 0x140 ldot  (#159)
  {  5486,  14,  20,  14,    0,  -19 },   // 0x141 Lslash  (#160)
  {  5521,   7,  21,   7,    0,  -20 },   // 0x142 lslash  (#161)
  {  5540,  15,  26,  21,    3,  -25 },   // 0x143 Nacute  (#162)
  {  5589,  13,  21,  17,    2,  -20 },   // 0x144 nacute  (#163)
  {  5624,  15,  26,  21,    3,  -19 },   // 0x145 uni0145  (#164)
  {  5673,  13,  21,  17,    2,  -14 },   // 0x146 uni0146  (#165)
  {  5708,  15,  26,  21,    3,  -25 },   // 0x147 Ncaron  (#166)
  {  5757,  13,  21,  17,    2,  -20 },   // 0x148 ncaron  (#167)
  {  5792,  17,  20,  19,    0,  -19 },   // 0x149 napostrophe  (#168)
  {  5835,  15,  25,  21,    3,  -19 },   // 0x14A Eng  (#169)
  {  5882,  13,  22,  17,    2,  -14 },   // 0x14B eng  (#170)
  {  5918,  18,  24,  21,    2,  -23 },   // 0x14C Omacron  (#171)
  {  5972,  13,  19,  17,    2,  -18 },   // 0x14D omacron  (#172)
  {  6003,  18,  25,  21,    2,  -24 },   // 0x14E Obreve  (#173)
  {  6060,  13,  20,  17,    2,  -19 },   // 0x14F obreve  (#174)
  {  6093,  18,  26,  21,    2,  -25 },   // 0x150 Ohungarumlaut  (#175)
  {  6152,  13,  21,  17,    2,  -20 },   // 0x151 ohungarumlaut  (#176)
  {  6187,  22,  20,  25,    2,  -19 },   // 0x152 OE  (#177)
  {  6242,  24,  15,  26,    1,  -14 },   // 0x153 oe  (#178)
  {  6287,  14,  26,  17,    3,  -25 },   // 0x154 Racute  (#179)
  {  6333,   9,  21,  11,    2,  -20 },   // 0x155 racute  (#180)
  {  6357,  14,  26,  17,    3,  -19 },   // 0x156 uni0156  (#181)
  {  6403,  10,  21,  11,    1,  -14 },   // 0x157 uni0157  (#182)
  {  6430,  14,  26,  17,    3,  -25 },   // 0x158 Rcaron  (#183)
  {  6476,   9,  21,  11,    2,  -20 },   // 0x159 rcaron  (#184)
  {  6500,  13,  26,  15,    1,  -25 },   // 0x15A Sacute  (#185)
  {  6543,  11,  21,  13,    1,  -20 },   // 0x15B sacute  (#186)
  {  6572,  13,  26,  15,    1,  -25 },   // 0x15C Scircumflex  (#187)
  {  6615,  11,  21,  13,    1,  -20 },   // 0x15D scircumflex  (#188)
  {  6644,  13,  27,  15,    1,  -19 },   // 0x15E Scedilla  (#189)
  {  6688,  11,  22,  13,    1,  -14 },   // 0x15F scedilla  (#190)
  {  6719,  13,  26,  15,    1,  -25 },   // 0x160 Scaron  (#191)
  {  6762,  11,  21,  13,    1,  -20 },   // 0x161 scaron  (#192)
  {  6791,  15,  27,  15,    0,  -19 },   // 0x162 uni0162  (#193)
  {  6842,   9,  25,  10,    0,  -17 },   // 0x163 uni0163  (#194)
  {  6871,  15,  26,  15,    0,  -25 },   // 0x164 Tcaron  (#195)
  {  6920,  13,  21,  10,    0,  -20 },   // 0x165 tcaron  (#196)
  {  6955,  15,  20,  15,    0,  -19 },   // 0x166 Tbar  (#197)
  {  6993,   9,  18,  10,    0,  -17 },   // 0x167 tbar  (#198)
  {  7014,  16,  25,  20,    2,  -24 },   // 0x168 Utilde  (#199)
  {  7064,  13,  20,  17,    2,  -19 },   // 0x169 utilde  (#200)
  {  7097,  16,  24,  20,    2,  -23 },   // 0x16A Umacron  (#201)
  {  7145,  13,  19,  17,    2,  -18 },   // 0x16B umacron  (#202)
  {  7176,  16,  25,  20,    2,  -24 },   // 0x16C Ubreve  (#203)
  {  7226,  13,  20,  17,    2,  -19 },   // 0x16D ubreve  (#204)
  {  7259,  16,  27,  20,    2,  -26 },   // 0x16E Uring  (#205)
  {  7313,  13,  22,  17,    2,  -21 },   // 0x16F uring  (#206)
  {  7349,  16,  26,  20,    2,  -25 },   // 0x170 Uhungarumlaut  (#207)
  {  7401,  13,  21,  17,    2,  -20 },   // 0x171 uhungarumlaut  (#208)
  {  7436,  16,  26,  20,    2,  -19 },   // 0x172 Uogonek  (#209)
  {  7488,  13,  21,  17,    2,  -14 },   // 0x173 uogonek  (#210)
  {  7523,  25,  26,  26,    0,  -25 },   // 0x174 Wcircumflex  (#211)
  {  7605,  21,  21,  22,    0,  -20 },   // 0x175 wcircumflex  (#212)
  {  7661,  16,  26,  16,    0,  -25 },   // 0x176 Ycircumflex  (#213)
  {  7713,  14,  28,  14,    0,  -20 },   // 0x177 ycircumflex  (#214)
  {  7762,  16,  25,  16,    0,  -24 },   // 0x178 Ydieresis  (#215)
  {  7812,  14,  26,  16,    1,  -25 },   // 0x179 Zacute  (#216)
  {  7858,  11,  21,  13,    1,  -20 },   // 0x17A zacute  (#217)
  {  7887,  14,  25,  16,    1,  -24 },   // 0x17B Zdotaccent  (#218)
  {  7931,  11,  20,  13,    1,  -19 },   // 0x17C zdotaccent  (#219)
  {  7959,  14,  26,  16,    1,  -25 },   // 0x17D Zcaron  (#220)
  {  8005,  11,  21,  13,    1,  -20 } }; // 0x17E zcaron  (#221)

const GFXfont NotoSans_Regular_SupAndExtA_14pt16b PROGMEM = {
  (uint8_t  *)NotoSans_Regular_SupAndExtA_14pt16bBitmaps,
  (GFXglyph *)NotoSans_Regular_SupAndExtA_14pt16bGlyphs,
  0xA1, // first
  0x17E, // last
  44   //height
 };

// Approx. 9595 bytes

// /tmp/fontconvert_pinned -f /home/user/qmk_firmware/keyboards/handwired/polykybd/fonts/noto-sans/NotoSans-Regular.ttf -s 14 -v _CurrencySigns_ 8362 8364 8372 8372 8470 8470 
// Visualize your font via https://tchapi.github.io/Adafruit-GFX-Font-Customiser

/* num ranges: 3 */
const uint8_t NotoSans_Regular_CurrencySigns_14pt16bBitmaps[] PROGMEM = {
  /* range 0 (0x20aa - 0x20ac): */  0xFF, 0x01, 0xFF, 0xF0, 0x7E, 0x0E, 0x1F, 0x81, 0xC7, 0xE0, 0x31, 0xF9,
  0xCC, 0x7E, 0x73, 0x9F, 0x9C, 0xE7, 0xE7, 0x39, 0xF9, 0xCE, 0x7E, 0x73,
  0x9F, 0x9C, 0xE7, 0xE7, 0x39, 0xF9, 0xCE, 0x7E, 0x73, 0x9F, 0x9C, 0x07,
  0xE7, 0x01, 0xB9, 0xC0, 0xEE, 0x7F, 0xF3, 0x9F, 0xF0, 0x00, 0x38, 0x00,
  0x70, 0x00, 0xE0, 0x7F, 0xF0, 0x03, 0x80, 0x07, 0x07, 0xCE, 0x1F, 0xDC,
  0x70, 0xF9, 0xC0, 0xF3, 0x80, 0xE6, 0x01, 0xCC, 0x03, 0x98, 0x07, 0x30,
  0x0E, 0x60, 0x1C, 0xC0, 0x39, 0xC0, 0xF1, 0xC1, 0xE3, 0xFF, 0xC3, 0xFB,
  0x80, 0x00, 0x00, 0x00, 0x3F, 0xFC, 0x7F, 0xF8, 0x01, 0xF0, 0x1F, 0xF0,
  0xF1, 0xC7, 0x00, 0x18, 0x00, 0xE0, 0x03, 0x00, 0x0C, 0x00, 0xFF, 0xE0,
  0xC0, 0x03, 0x00, 0x3F, 0xF0, 0xFF, 0xC0, 0xC0, 0x03, 0x80, 0x0E, 0x00,
  0x1C, 0x00, 0x78, 0x10, 0xFF, 0xC0, 0xFF
  /* range 1 (0x20b4 - 0x20b4): */  , 0x07, 0xC0, 0x7F, 0xE0, 0x71,
  0xE0, 0x00, 0xE0, 0x01, 0xC0, 0x03, 0x80, 0x06, 0x7F, 0xFF, 0xFF, 0xFE,
  0x07, 0xC0, 0x3E, 0x07, 0xFF, 0xFF, 0xFF, 0xEE, 0x00, 0x1C, 0x00, 0x38,
  0x00, 0x70, 0x00, 0x70, 0x18, 0xFF, 0xF0, 0x7F, 0xC0
  /* range 2 (0x2116 - 0x2116): */  , 0xC0, 0x18, 0x00,
  0xE0, 0x18, 0x00, 0xF0, 0x18, 0x00, 0xF0, 0x18, 0x00, 0xF8, 0x18, 0x00,
  0xD8, 0x18, 0x00, 0xDC, 0x18, 0x00, 0xCC, 0x18, 0x7C, 0xCE, 0x18, 0xFE,
  0xC6, 0x18, 0xC6, 0xC7, 0x18, 0x83, 0xC3, 0x99, 0x83, 0xC3, 0x99, 0x83,
  0xC1, 0xD8, 0xC6, 0xC0, 0xD8, 0xC6, 0xC0, 0xF8, 0x7C, 0xC0, 0x78, 0x00,
  0xC0, 0x78, 0x00, 0xC0, 0x38, 0xFE, 0xC0, 0x38, 0xFE
 };

const GFXglyph NotoSans_Regular_CurrencySigns_14pt16bGlyphs[] PROGMEM = {
// bmpOff,   w,   h,xAdv, xOff, yOff      range 0 (0x20aa - 0x20ac)
  {     0,  18,  20,  22,    2,  -19 },   // 0x20AA uni20AA  (#0)
  {    45,  15,  25,  17,    2,  -20 },   // 0x20AB dong  (#1)
  {    92,  14,  20,  16,    1,  -19 },   // 0x20AC Euro  (#2)
  {     0,   0,   0,   0,    0,    0 },   // 0x20AD (skip)
  {     0,   0,   0,   0,    0,    0 },   // 0x20AE (skip)
  {     0,   0,   0,   0,    0,    0 },   // 0x20AF (skip)
  {     0,   0,   0,   0,    0,    0 },   // 0x20B0 (skip)
  {     0,   0,   0,   0,    0,    0 },   // 0x20B1 (skip)
  {     0,   0,   0,   0,    0,    0 },   // 0x20B2 (skip)
  {     0,   0,   0,   0,    0,    0 },   // 0x20B3 (skip)
// bmpOff,   w,   h,xAdv, xOff, yOff      range 1 (0x20b4 - 0x20b4)
  {   127,  15,  20,  15,    0,  -19 },   // 0x20B4 uni20B4  (#3)
  {     0,   0,   0,   0,    0,    0 },   // 0x20B5 (skip)
  {     0,   0,   0,   0,    0,    0 },   // 0x20B6 (skip)
  {     0,   0,   0,   0,    0,    0 },   // 0x20B7 (skip)
  {     0,   0,   0,   0,    0,    0 },   // 0x20B8 (skip)
  {     0,   0,   0,   0,    0,    0 },   // 0x20B9 (skip)
  {     0,   0,   0,   0,    0,    0 },   // 0x20BA (skip)
  {     0,   0,   0,   0,    0,    0 },   // 0x20BB (skip)
  {     0,   0,   0,   0,    0,    0 },   // 0x20BC (skip)
  {     0,   0,   0,   0,    0,    0 },   // 0x20BD (skip)
  {     0,   0,   0,   0,    0,    0 },   // 0x20BE (skip)
  {     0,   0,   0,   0,    0,    0 },   // 0x20BF (skip)
  {     0,   0,   0,   0,    0,    0 },   // 0x20C0 (skip)
  {     0,   0,   0,   0,    0,    0 },   // 0x20C1 (skip)
  {     0,   0,   0,   0,    0,    0 },   // 0x20C2 (skip)
  {     0,   0,   0,   0,    0,    0 },   // 0x20C3 (skip)
  {     0,   0,   0,   0,    0,    0 },   // 0x20C4 (skip)
  {     0,   0,   0,   0,    0,    0 },   // 0x20C5 (skip)
  {     0,   0,   0,   0,    0,    0 },   // 0x20C6 (skip)
  {     0,   0,   0,   0,    0,    0 },   // 0x20C7 (skip)
  {     0,   0,   0,   0,    0,    0 },   // 0x20C8 (skip)
  {     0,   0,   0,   0,    0,    0 },   // 0x20C9 (skip)
  {     0,   0,   0,   0,    0,    0 },   // 0x20CA (skip)
  {     0,   0,   0,   0,    0,    0 },   // 0x20CB (skip)
  {     0,   0,   0,   0,    0,    0 },   // 0x20CC (skip)
  {     0,   0,   0,   0,    0,    0 },   // 0x20CD (skip)
  {     0,   0,   0,   0,    0,    0 },   // 0x20CE (skip)
  {     0,   0,   0,   0,    0,    0 },   // 0x20CF (skip)
  {     0,   0,   0,   0,    0,    0 },   // 0x20D0 (skip)
  {     0,   0,   0,   0,    0,    0 },   // 0x20D1 (skip)
  {     0,   0,   0,   0,    0,    0 },   // 0x20D2 (skip)
  {     0,   0,   0,   0,    0,    0 },   // 0x20D3 (skip)
  {     0,   0,   0,   0,    0,    0 },   // 0x20D4 (skip)
  {     0,   0,   0,   0,    0,    0 },   // 0x20D5 (skip)
  {     0,   0,   0,   0,    0,    0 },   // 0x20D6 (skip)
  {     0,   0,   0,   0,    0,    0 },   // 0x20D7 (skip)
  {     0,   0,   0,   0,    0,    0 },   // 0x20D8 (skip)
  {     0,   0,   0,   0,    0,    0 },   // 0x20D9 (skip)
  {     0,   0,   0,   0,    0,    0 },   // 0x20DA (skip)
  {     0,   0,   0,   0,    0,    0 },   // 0x20DB (skip)
  {     0,   0,   0,   0,    0,    0 },   // 0x20DC (skip)
  {     0,   0,   0,   0,    0,    0 },   // 0x20DD (skip)
  {     0,   0,   0,   0,    0,    0 },   // 0x20DE (skip)
  {     0,   0,   0,   0,    0,    0 },   // 0x20DF (skip)
  {     0,   0,   0,   0,    0,    0 },   // 0x20E0 (skip)
  {     0,   0,   0,   0,    0,    0 },   // 0x20E1 (skip)
  {     0,   0,   0,   0,    0,    0 },   // 0x20E2 (skip)
  {     0,   0,   0,   0,    0,    0 },   // 0x20E3 (skip)
  {     0,   0,   0,   0,    0,    0 },   // 0x20E4 (skip)
  {     0,   0,   0,   0,    0,    0 },   // 0x20E5 (skip)
  {     0,   0,   0,   0,    0,    0 },   // 0x20E6 (skip)
  {     0,   0,   0,   0,    0,    0 },   // 0x20E7 (skip)
  {     0,   0,   0,   0,    0,    0 },   // 0x20E8 (skip)
  {     0,   0,   0,   0,    0,    0 },   // 0x20E9 (skip)
  {     0,   0,   0,   0,    0,    0 },   // 0x20EA (skip)
  {     0,   0,   0,   0,    0,    0 },   // 0x20EB (skip)
  {     0,   0,   0,   0,    0,    0 },   // 0x20EC (skip)
  {     0,   0,   0,   0,    0,    0 },   // 0x20ED (skip)
  {     0,   0,   0,   0,    0,    0 },   // 0x20EE (skip)
  {     0,   0,   0,   0,    0,    0 },   // 0x20EF (skip)
  {     0,   0,   0,   0,    0,    0 },   // 0x20F0 (skip)
  {     0,   0,   0,   0,    0,    0 },   // 0x20F1 (skip)
  {     0,   0,   0,   0,    0,    0 },   // 0x20F2 (skip)
  {     0,   0,   0,   0,    0,    0 },   // 0x20F3 (skip)
  {     0,   0,   0,   0,    0,    0 },   // 0x20F4 (skip)
  {     0,   0,   0,   0,    0,    0 },   // 0x20F5 (skip)
  {     0,   0,   0,   0,    0,    0 },   // 0x20F6 (skip)
  {     0,   0,   0,   0,    0,    0 },   // 0x20F7 (skip)
  {     0,   0,   0,   0,    0,    0 },   // 0x20F8 (skip)
  {     0,   0,   0,   0,    0,    0 },   // 0x20F9 (skip)
  {     0,   0,   0,   0,    0,    0 },   // 0x20FA (skip)
  {     0,   0,   0,   0,    0,    0 },   // 0x20FB (skip)
  {     0,   0,   0,   0,    0,    0 },   // 0x20FC (skip)
  {     0,   0,   0,   0,    0,    0 },   // 0x20FD (skip)
  {     0,   0,   0,   0,    0,    0 },   // 0x20FE (skip)
  {     0,   0,   0,   0,    0,    0 },   // 0x20FF (skip)
  {     0,   0,   0,   0,    0,    0 },   // 0x2100 (skip)
  {     0,   0,   0,   0,    0,    0 },   // 0x2101 (skip)
  {     0,   0,   0,   0,    0,    0 },   // 0x2102 (skip)
  {     0,   0,   0,   0,    0,    0 },   // 0x2103 (skip)
  {     0,   0,   0,   0,    0,    0 },   // 0x2104 (skip)
  {     0,   0,   0,   0,    0,    0 },   // 0x2105 (skip)
  {     0,   0,   0,   0,    0,    0 },   // 0x2106 (skip)
  {     0,   0,   0,   0,    0,    0 },   // 0x2107 (skip)
  {     0,   0,   0,   0,    0,    0 },   // 0x2108 (skip)
  {     0,   0,   0,   0,    0,    0 },   // 0x2109 (skip)
  {     0,   0,   0,   0,    0,    0 },   // 0x210A (skip)
  {     0,   0,   0,   0,    0,    0 },   // 0x210B (skip)
  {     0,   0,   0,   0,    0,    0 },   // 0x210C (skip)
  {     0,   0,   0,   0,    0,    0 },   // 0x210D (skip)
  {     0,   0,   0,   0,    0,    0 },   // 0x210E (skip)
  {     0,   0,   0,   0,    0,    0 },   // 0x210F (skip)
  {     0,   0,   0,   0,    0,    0 },   // 0x2110 (skip)
  {     0,   0,   0,   0,    0,    0 },   // 0x2111 (skip)
  {     0,   0,   0,   0,    0,    0 },   // 0x2112 (skip)
  {     0,   0,   0,   0,    0,    0 },   // 0x2113 (skip)
  {     0,   0,   0,   0,    0,    0 },   // 0x2114 (skip)
  {     0,   0,   0,   0,    0,    0 },   // 0x2115 (skip)
// bmpOff,   w,   h,xAdv, xOff, yOff      range 2 (0x2116 - 0x2116)
  {   165,  24,  20,  28,    3,  -19 } }; // 0x2116 uni2116  (#4)

const GFXfont NotoSans_Regular_CurrencySigns_14pt16b PROGMEM = {
  (uint8_t  *)NotoSans_Regular_CurrencySigns_14pt16bBitmaps,
  (GFXglyph *)NotoSans_Regular_CurrencySigns_14pt16bGlyphs,
  0x20AA, // first
  0x2116, // last
  37   //height
 };

// Approx. 995 bytes

// /tmp/fontconvert_pinned -f /home/user/qmk_firmware/keyboards/handwired/polykybd/fonts/noto-sans/NotoSans-Regular.ttf -s 16 -v _Cyrillic_ 1025 1131 1168 1211 1240 1257 
// Visualize your font via https://tchapi.github.io/Adafruit-GFX-Font-Customiser

/* num ranges: 3 */
const uint8_t NotoSans_Regular_Cyrillic_16pt16bBitmaps[] PROGMEM = {
  /* range 0 (0x401 - 0x46b): */  0x1C, 0xE0, 0xE7, 0x07, 0x38, 0x00, 0x00, 0x00, 0x00, 0x03, 0xFF, 0xFF,
  0xFF, 0xE0, 0x07, 0x00, 0x38, 0x01, 0xC0, 0x0E, 0x00, 0x70, 0x03, 0x80,
  0x1F, 0xFE, 0xFF, 0xF7, 0xFF, 0xB8, 0x01, 0xC0, 0x0E, 0x00, 0x70, 0x03,
  0x80, 0x1C, 0x00, 0xE0, 0x07, 0x00, 0x3F, 0xFF, 0xFF, 0xF0, 0xFF, 0xFF,
  0x07, 0xFF, 0xF8, 0x00, 0xC0, 0x00, 0x06, 0x00, 0x00, 0x30, 0x00, 0x01,
  0x80, 0x00, 0x0C, 0x00, 0x00, 0x60, 0x00, 0x03, 0x1E, 0x00, 0x1F, 0xFE,
  0x00, 0xFF, 0xF8, 0x07, 0x01, 0xE0, 0x30, 0x07, 0x01, 0x80, 0x1C, 0x0C,
  0x00, 0xE0, 0x60, 0x07, 0x03, 0x00, 0x38, 0x18, 0x01, 0xC0, 0xC0, 0x1C,
  0x06, 0x01, 0xE0, 0x31, 0xFE, 0x01, 0x8F, 0xE0, 0x01, 0xE0, 0x1C, 0x03,
  0x80, 0x70, 0x06, 0x00, 0x00, 0x00, 0x00, 0x00, 0xFF, 0xFF, 0xFF, 0xE0,
  0x0E, 0x00, 0xE0, 0x0E, 0x00, 0xE0, 0x0E, 0x00, 0xE0, 0x0E, 0x00, 0xE0,
  0x0E, 0x00, 0xE0, 0x0E, 0x00, 0xE0, 0x0E, 0x00, 0xE0, 0x0E, 0x00, 0xE0,
  0x0E, 0x00, 0xE0, 0x0E, 0x00, 0x00, 0xF8, 0x03, 0xFF, 0xC3, 0xFF, 0xC3,
  0xC0, 0x63, 0xC0, 0x03, 0xC0, 0x01, 0xC0, 0x01, 0xE0, 0x00, 0xE0, 0x00,
  0x70, 0x00, 0x3F, 0xFF, 0x1F, 0xFF, 0x8F, 0xFF, 0xC7, 0x00, 0x03, 0x80,
  0x01, 0xC0, 0x00, 0xF0, 0x00, 0x38, 0x00, 0x1E, 0x00, 0x07, 0x80, 0x01,
  0xF0, 0x30, 0x7F, 0xF8, 0x0F, 0xFC, 0x07, 0xC0, 0xFF, 0xE7, 0xFF, 0xBC,
  0x06, 0xE0, 0x03, 0x80, 0x0E, 0x00, 0x38, 0x00, 0xF0, 0x01, 0xE0, 0x03,
  0xE0, 0x07, 0xF0, 0x07, 0xF0, 0x03, 0xE0, 0x03, 0x80, 0x0F, 0x00, 0x1C,
  0x00, 0x70, 0x01, 0xC0, 0x0E, 0xE0, 0xFB, 0xFF, 0xCF, 0xFC, 0x00, 0xFF,
  0xFF, 0xFF, 0xFF, 0xFF, 0xFF, 0xFF, 0xFF, 0xC0, 0xEF, 0xDF, 0xB8, 0x00,
  0x00, 0x0E, 0x1C, 0x38, 0x70, 0xE1, 0xC3, 0x87, 0x0E, 0x1C, 0x38, 0x70,
  0xE1, 0xC3, 0x87, 0x0E, 0x1C, 0x38, 0x70, 0xE1, 0xC0, 0x07, 0x07, 0x07,
  0x07, 0x07, 0x07, 0x07, 0x07, 0x07, 0x07, 0x07, 0x07, 0x07, 0x07, 0x07,
  0x07, 0x07, 0x07, 0x07, 0x07, 0x07, 0x07, 0x07, 0x07, 0x0E, 0xFE, 0xFC,
  0xF8, 0x07, 0xFF, 0xE0, 0x00, 0x1F, 0xFF, 0x80, 0x00, 0x70, 0x0E, 0x00,
  0x01, 0xC0, 0x38, 0x00, 0x07, 0x00, 0xE0, 0x00, 0x1C, 0x03, 0x80, 0x00,
  0x70, 0x0E, 0x00, 0x01, 0xC0, 0x38, 0x00, 0x07, 0x00, 0xFF, 0x00, 0x1C,
  0x03, 0xFF, 0x80, 0x70, 0x0F, 0xFF, 0x01, 0x80, 0x38, 0x1E, 0x06, 0x00,
  0xE0, 0x3C, 0x18, 0x03, 0x80, 0x70, 0x60, 0x0E, 0x01, 0xC1, 0x80, 0x38,
  0x07, 0x0E, 0x00, 0xE0, 0x1C, 0x38, 0x03, 0x80, 0x70, 0xE0, 0x0E, 0x03,
  0xA7, 0x00, 0x38, 0x7E, 0xFC, 0x00, 0xFF, 0xE3, 0xE0, 0x03, 0xFF, 0x00,
  0xE0, 0x07, 0x00, 0x0E, 0x00, 0x70, 0x00, 0xE0, 0x07, 0x00, 0x0E, 0x00,
  0x70, 0x00, 0xE0, 0x07, 0x00, 0x0E, 0x00, 0x70, 0x00, 0xE0, 0x07, 0x00,
  0x0E, 0x00, 0x70, 0x00, 0xE0, 0x07, 0x00, 0x0F, 0xFF, 0xFF, 0xF0, 0xFF,
  0xFF, 0xFF, 0xCE, 0x00, 0x70, 0x3E, 0xE0, 0x07, 0x00, 0xEE, 0x00, 0x70,
  0x0E, 0xE0, 0x07, 0x00, 0x7E, 0x00, 0x70, 0x07, 0xE0, 0x07, 0x00, 0x6E,
  0x00, 0x70, 0x0E, 0xE0, 0x07, 0x01, 0xEE, 0x00, 0x70, 0x7C, 0xE0, 0x07,
  0xFF, 0x8E, 0x00, 0x7F, 0xE0, 0xFF, 0xFF, 0x07, 0xFF, 0xF8, 0x00, 0xC0,
  0x00, 0x06, 0x00, 0x00, 0x30, 0x00, 0x01, 0x80, 0x00, 0x0C, 0x00, 0x00,
  0x60, 0x00, 0x03, 0x0F, 0x00, 0x1F, 0xFE, 0x00, 0xFF, 0xF8, 0x07, 0x01,
  0xE0, 0x30, 0x07, 0x01, 0x80, 0x1C, 0x0C, 0x00, 0xE0, 0x60, 0x07, 0x03,
  0x00, 0x38, 0x18, 0x01, 0xC0, 0xC0, 0x0E, 0x06, 0x00, 0x70, 0x30, 0x03,
  0x81, 0x80, 0x1C, 0x00, 0xF0, 0x00, 0xE0, 0x01, 0xC0, 0x03, 0x80, 0x03,
  0x00, 0x00, 0x00, 0x00, 0x00, 0x00, 0x01, 0xE0, 0x0E, 0xE0, 0x1C, 0xE0,
  0x1C, 0xE0, 0x38, 0xE0, 0x70, 0xE0, 0x70, 0xE0, 0xE0, 0xE1, 0xC0, 0xE1,
  0xC0, 0xFF, 0x80, 0xFF, 0x80, 0xFF, 0x80, 0xE1, 0xC0, 0xE1, 0xE0, 0xE0,
  0xE0, 0xE0, 0x70, 0xE0, 0x78, 0xE0, 0x38, 0xE0, 0x1C, 0xE0, 0x1E, 0xE0,
  0x0E, 0xE0, 0x07, 0x07, 0x80, 0x00, 0xE0, 0x00, 0x1C, 0x00, 0x03, 0x00,
  0x00, 0x60, 0x00, 0x00, 0x00, 0x00, 0x00, 0x00, 0x00, 0xE0, 0x03, 0xF8,
  0x01, 0xFE, 0x00, 0x7F, 0x80, 0x3F, 0xE0, 0x1D, 0xF8, 0x07, 0x7E, 0x03,
  0x9F, 0x80, 0xC7, 0xE0, 0x71, 0xF8, 0x38, 0x7E, 0x0C, 0x1F, 0x87, 0x07,
  0xE3, 0x81, 0xF8, 0xE0, 0x7E, 0x70, 0x1F, 0xB8, 0x07, 0xEE, 0x01, 0xFF,
  0x00, 0x7F, 0x80, 0x1F, 0xE0, 0x07, 0xF0, 0x01, 0xF8, 0x00, 0x70, 0x07,
  0x0E, 0x00, 0x73, 0x80, 0x0F, 0xF0, 0x00, 0x78, 0x00, 0x00, 0x01, 0x00,
  0x00, 0x1C, 0x00, 0x3B, 0x80, 0x0E, 0x38, 0x01, 0xC7, 0x00, 0x38, 0x70,
  0x0E, 0x0E, 0x01, 0xC0, 0xE0, 0x70, 0x1C, 0x0E, 0x01, 0xC3, 0x80, 0x38,
  0x70, 0x03, 0x8C, 0x00, 0x73, 0x80, 0x07, 0x70, 0x00, 0xFC, 0x00, 0x0F,
  0x80, 0x01, 0xE0, 0x00, 0x1C, 0x00, 0x07, 0x00, 0x01, 0xE0, 0x04, 0x78,
  0x00, 0x7E, 0x00, 0x0F, 0x80, 0x00, 0xE0, 0x03, 0xF0, 0x01, 0xF8, 0x00,
  0xFC, 0x00, 0x7E, 0x00, 0x3F, 0x00, 0x1F, 0x80, 0x0F, 0xC0, 0x07, 0xE0,
  0x03, 0xF0, 0x01, 0xF8, 0x00, 0xFC, 0x00, 0x7E, 0x00, 0x3F, 0x00, 0x1F,
  0x80, 0x0F, 0xC0, 0x07, 0xE0, 0x03, 0xF0, 0x01, 0xF8, 0x00, 0xFC, 0x00,
  0x7F, 0xFF, 0xFF, 0xFF, 0xFC, 0x07, 0x00, 0x03, 0x80, 0x01, 0xC0, 0x00,
  0xE0, 0x00, 0x70, 0x00, 0x00, 0xF0, 0x00, 0x0F, 0x00, 0x00, 0xF0, 0x00,
  0x1F, 0x80, 0x01, 0x98, 0x00, 0x39, 0xC0, 0x03, 0x9C, 0x00, 0x30, 0xC0,
  0x07, 0x0E, 0x00, 0x70, 0xE0, 0x0E, 0x07, 0x00, 0xE0, 0x70, 0x0C, 0x03,
  0x01, 0xFF, 0xF8, 0x1F, 0xFF, 0x81, 0x80, 0x18, 0x38, 0x01, 0xC3, 0x80,
  0x1C, 0x70, 0x00, 0xE7, 0x00, 0x0E, 0x60, 0x00, 0xEE, 0x00, 0x07, 0xFF,
  0xF9, 0xFF, 0xF3, 0x80, 0x07, 0x00, 0x0E, 0x00, 0x1C, 0x00, 0x38, 0x00,
  0x70, 0x00, 0xFE, 0x01, 0xFF, 0xE3, 0xFF, 0xE7, 0x01, 0xEE, 0x01, 0xDC,
  0x03, 0xF8, 0x03, 0xF0, 0x07, 0xE0, 0x0F, 0xC0, 0x3B, 0x80, 0xF7, 0x07,
  0xCF, 0xFF, 0x1F, 0xF8, 0x00, 0xFF, 0xF0, 0xFF, 0xFC, 0xE0, 0x3C, 0xE0,
  0x1E, 0xE0, 0x0E, 0xE0, 0x0E, 0xE0, 0x0E, 0xE0, 0x0C, 0xE0, 0x1C, 0xFF,
  0xF0, 0xFF, 0xF0, 0xFF, 0xFC, 0xE0, 0x1E, 0xE0, 0x0E, 0xE0, 0x07, 0xE0,
  0x07, 0xE0, 0x07, 0xE0, 0x0E, 0xE0, 0x1E, 0xE0, 0x7C, 0xFF, 0xF8, 0xFF,
  0xF0, 0xFF, 0xFF, 0xFF, 0xE0, 0x0E, 0x00, 0xE0, 0x0E, 0x00, 0xE0, 0x0E,
  0x00, 0xE0, 0x0E, 0x00, 0xE0, 0x0E, 0x00, 0xE0, 0x0E, 0x00, 0xE0, 0x0E,
  0x00, 0xE0, 0x0E, 0x00, 0xE0, 0x0E, 0x00, 0xE0, 0x0E, 0x00, 0x03, 0xFF,
  0xF0, 0x07, 0xFF, 0xE0, 0x0E, 0x01, 0xC0, 0x1C, 0x03, 0x80, 0x38, 0x07,
  0x00, 0x70, 0x0E, 0x00, 0xC0, 0x1C, 0x01, 0x80, 0x38, 0x03, 0x00, 0x70,
  0x06, 0x00, 0xE0, 0x0C, 0x01, 0xC0, 0x18, 0x03, 0x80, 0x70, 0x07, 0x00,
  0xE0, 0x0E, 0x01, 0xC0, 0x1C, 0x03, 0x00, 0x38, 0x0E, 0x00, 0x70, 0x1C,
  0x00, 0xE0, 0x70, 0x01, 0xC1, 0xE0, 0x03, 0x8F, 0xFF, 0xFF, 0xFF, 0xFF,
  0xFF, 0xF8, 0x00, 0x03, 0xF0, 0x00, 0x07, 0xE0, 0x00, 0x0F, 0xC0, 0x00,
  0x1F, 0x80, 0x00, 0x38, 0xFF, 0xFF, 0xFF, 0xF8, 0x01, 0xC0, 0x0E, 0x00,
  0x70, 0x03, 0x80, 0x1C, 0x00, 0xE0, 0x07, 0xFF, 0xBF, 0xFD, 0xFF, 0xEE,
  0x00, 0x70, 0x03, 0x80, 0x1C, 0x00, 0xE0, 0x07, 0x00, 0x38, 0x01, 0xC0,
  0x0F, 0xFF, 0xFF, 0xFC, 0x70, 0x07, 0x00, 0xF3, 0x80, 0x70, 0x1C, 0x1C,
  0x07, 0x01, 0xC1, 0xC0, 0x70, 0x38, 0x0E, 0x07, 0x07, 0x00, 0x70, 0x70,
  0x70, 0x07, 0x07, 0x0E, 0x00, 0x38, 0x71, 0xC0, 0x01, 0xC7, 0x1C, 0x00,
  0x1F, 0xFF, 0x80, 0x01, 0xFF, 0xF8, 0x00, 0x1F, 0xFF, 0xC0, 0x03, 0x87,
  0x1C, 0x00, 0x78, 0x70, 0xE0, 0x07, 0x07, 0x0E, 0x00, 0xE0, 0x70, 0x70,
  0x0E, 0x07, 0x03, 0x81, 0xC0, 0x70, 0x38, 0x3C, 0x07, 0x01, 0xC3, 0x80,
  0x70, 0x1E, 0x70, 0x07, 0x00, 0xEF, 0x00, 0x70, 0x07, 0x0F, 0xC1, 0xFF,
  0xE1, 0xFF, 0xE3, 0x01, 0xE0, 0x01, 0xC0, 0x01, 0xC0, 0x03, 0x00, 0x0E,
  0x00, 0x1C, 0x00, 0x70, 0x7F, 0xC0, 0xFF, 0x01, 0xFF, 0x80, 0x03, 0x80,
  0x03, 0x80, 0x07, 0x00, 0x0E, 0x00, 0x1C, 0x00, 0x38, 0x00, 0xFE, 0x07,
  0xDF, 0xFF, 0x1F, 0xF8, 0x00, 0xE0, 0x03, 0xF8, 0x01, 0xFE, 0x00, 0x7F,
  0x80, 0x3F, 0xE0, 0x1D, 0xF8, 0x07, 0x7E, 0x03, 0x9F, 0x80, 0xC7, 0xE0,
  0x71, 0xF8, 0x38, 0x7E, 0x0C, 0x1F, 0x87, 0x07, 0xE3, 0x81, 0xF8, 0xE0,
  0x7E, 0x70, 0x1F, 0xB8, 0x07, 0xEE, 0x01, 0xFF, 0x00, 0x7F, 0x80, 0x1F,
  0xE0, 0x07, 0xF0, 0x01, 0xF8, 0x00, 0x70, 0x0E, 0x1C, 0x01, 0xCE, 0x00,
  0x7F, 0x80, 0x07, 0x80, 0x00, 0x00, 0x00, 0x00, 0x0E, 0x00, 0x3F, 0x80,
  0x1F, 0xE0, 0x07, 0xF8, 0x03, 0xFE, 0x01, 0xDF, 0x80, 0x77, 0xE0, 0x39,
  0xF8, 0x0C, 0x7E, 0x07, 0x1F, 0x83, 0x87, 0xE0, 0xC1, 0xF8, 0x70, 0x7E,
  0x38, 0x1F, 0x8E, 0x07, 0xE7, 0x01, 0xFB, 0x80, 0x7E, 0xE0, 0x1F, 0xF0,
  0x07, 0xF8, 0x01, 0xFE, 0x00, 0x7F, 0x00, 0x1F, 0x80, 0x07, 0xE0, 0x0F,
  0xE0, 0x1C, 0xE0, 0x1C, 0xE0, 0x38, 0xE0, 0x70, 0xE0, 0x70, 0xE0, 0xE0,
  0xE1, 0xC0, 0xE1, 0xC0, 0xFF, 0x80, 0xFF, 0x80, 0xFF, 0x80, 0xE1, 0xC0,
  0xE1, 0xE0, 0xE0, 0xE0, 0xE0, 0x70, 0xE0, 0x78, 0xE0, 0x38, 0xE0, 0x1C,
  0xE0, 0x1E, 0xE0, 0x0E, 0xE0, 0x07, 0x07, 0xFF, 0xE0, 0xFF, 0xFC, 0x1C,
  0x03, 0x83, 0x80, 0x70, 0x70, 0x0E, 0x0E, 0x01, 0xC1, 0xC0, 0x38, 0x38,
  0x07, 0x07, 0x00, 0xE0, 0xE0, 0x1C, 0x1C, 0x03, 0x83, 0x00, 0x70, 0x60,
  0x0E, 0x0C, 0x01, 0xC1, 0x80, 0x38, 0x30, 0x07, 0x0E, 0x00, 0xE1, 0xC0,
  0x1C, 0x38, 0x03, 0xCE, 0x00, 0x7F, 0xC0, 0x0F, 0xF0, 0x01, 0xC0, 0xF8,
  0x00, 0x3F, 0xE0, 0x00, 0xFD, 0x80, 0x07, 0xFF, 0x00, 0x1B, 0xFC, 0x00,
  0xEF, 0xB0, 0x03, 0xBE, 0xE0, 0x0C, 0xFB, 0x80, 0x73, 0xE7, 0x01, 0x8F,
  0x9C, 0x0E, 0x3E, 0x30, 0x38, 0xF8, 0xE0, 0xC3, 0xE3, 0x87, 0x0F, 0x86,
  0x18, 0x3E, 0x1C, 0x60, 0xF8, 0x73, 0x83, 0xE0, 0xEC, 0x0F, 0x83, 0xF0,
  0x3E, 0x07, 0xC0, 0xF8, 0x1E, 0x03, 0xE0, 0x78, 0x0F, 0x80, 0xC0, 0x30,
  0xE0, 0x03, 0xF0, 0x01, 0xF8, 0x00, 0xFC, 0x00, 0x7E, 0x00, 0x3F, 0x00,
  0x1F, 0x80, 0x0F, 0xC0, 0x07, 0xE0, 0x03, 0xFF, 0xFF, 0xFF, 0xFF, 0xFF,
  0xFF, 0xFE, 0x00, 0x3F, 0x00, 0x1F, 0x80, 0x0F, 0xC0, 0x07, 0xE0, 0x03,
  0xF0, 0x01, 0xF8, 0x00, 0xFC, 0x00, 0x7E, 0x00, 0x3F, 0x00, 0x1C, 0x00,
  0xF0, 0x00, 0x7F, 0xE0, 0x1F, 0xFF, 0x83, 0xC0, 0x78, 0x38, 0x01, 0xC7,
  0x00, 0x1E, 0x70, 0x00, 0xEE, 0x00, 0x0E, 0xE0, 0x00, 0x7E, 0x00, 0x07,
  0xE0, 0x00, 0x7E, 0x00, 0x07, 0xE0, 0x00, 0x7E, 0x00, 0x07, 0xE0, 0x00,
  0x7E, 0x00, 0x07, 0x70, 0x00, 0xE7, 0x00, 0x0E, 0x78, 0x01, 0xE3, 0xC0,
  0x3C, 0x1F, 0x0F, 0x80, 0xFF, 0xF0, 0x03, 0xFC, 0x00, 0xFF, 0xFF, 0xFF,
  0xFF, 0xF8, 0x00, 0xFC, 0x00, 0x7E, 0x00, 0x3F, 0x00, 0x1F, 0x80, 0x0F,
  0xC0, 0x07, 0xE0, 0x03, 0xF0, 0x01, 0xF8, 0x00, 0xFC, 0x00, 0x7E, 0x00,
  0x3F, 0x00, 0x1F, 0x80, 0x0F, 0xC0, 0x07, 0xE0, 0x03, 0xF0, 0x01, 0xF8,
  0x00, 0xFC, 0x00, 0x7E, 0x00, 0x3F, 0x00, 0x1C, 0xFF, 0xE3, 0xFF, 0xEE,
  0x07, 0xB8, 0x0F, 0xE0, 0x1F, 0x80, 0x7E, 0x01, 0xF8, 0x07, 0xE0, 0x1F,
  0x80, 0xFE, 0x0F, 0xBF, 0xFC, 0xFF, 0xC3, 0x80, 0x0E, 0x00, 0x38, 0x00,
  0xE0, 0x03, 0x80, 0x0E, 0x00, 0x38, 0x00, 0xE0, 0x03, 0x80, 0x00, 0x00,
  0xF8, 0x03, 0xFF, 0xC3, 0xFF, 0xC3, 0xC0, 0x63, 0xC0, 0x03, 0xC0, 0x01,
  0xC0, 0x01, 0xE0, 0x00, 0xE0, 0x00, 0x70, 0x00, 0x38, 0x00, 0x1C, 0x00,
  0x0E, 0x00, 0x07, 0x00, 0x03, 0x80, 0x01, 0xC0, 0x00, 0xF0, 0x00, 0x38,
  0x00, 0x1E, 0x00, 0x07, 0x80, 0x01, 0xF0, 0x30, 0x7F, 0xF8, 0x0F, 0xFC,
  0xFF, 0xFF, 0xFF, 0xFF, 0xC0, 0x70, 0x00, 0x38, 0x00, 0x1C, 0x00, 0x0E,
  0x00, 0x07, 0x00, 0x03, 0x80, 0x01, 0xC0, 0x00, 0xE0, 0x00, 0x70, 0x00,
  0x38, 0x00, 0x1C, 0x00, 0x0E, 0x00, 0x07, 0x00, 0x03, 0x80, 0x01, 0xC0,
  0x00, 0xE0, 0x00, 0x70, 0x00, 0x38, 0x00, 0x1C, 0x00, 0x0E, 0x00, 0xF0,
  0x00, 0xEE, 0x00, 0x38, 0xE0, 0x07, 0x1C, 0x00, 0xE1, 0xC0, 0x38, 0x38,
  0x07, 0x03, 0x81, 0xC0, 0x70, 0x38, 0x07, 0x0E, 0x00, 0xE1, 0xC0, 0x0E,
  0x30, 0x01, 0xCE, 0x00, 0x1D, 0xC0, 0x03, 0xF0, 0x00, 0x3E, 0x00, 0x07,
  0x80, 0x00, 0x70, 0x00, 0x1C, 0x00, 0x07, 0x80, 0x11, 0xE0, 0x01, 0xF8,
  0x00, 0x3E, 0x00, 0x00, 0x00, 0x70, 0x00, 0x01, 0xC0, 0x00, 0x07, 0x00,
  0x00, 0xFF, 0xC0, 0x1F, 0xFF, 0xC0, 0xFD, 0xDF, 0xC7, 0x87, 0x07, 0x1C,
  0x1C, 0x0E, 0xE0, 0x70, 0x3B, 0x81, 0xC0, 0x7E, 0x07, 0x01, 0xF0, 0x1C,
  0x07, 0xE0, 0x70, 0x1F, 0x81, 0xC0, 0x7E, 0x07, 0x01, 0xF8, 0x1C, 0x0E,
  0x70, 0x70, 0x78, 0xF1, 0xC7, 0xC1, 0xFF, 0xFE, 0x01, 0xFF, 0xE0, 0x00,
  0x70, 0x00, 0x01, 0xC0, 0x00, 0x07, 0x00, 0x00, 0x70, 0x03, 0xCE, 0x00,
  0xE3, 0xC0, 0x70, 0x70, 0x38, 0x0E, 0x0E, 0x03, 0x87, 0x00, 0x73, 0x80,
  0x0E, 0xE0, 0x03, 0xF0, 0x00, 0x78, 0x00, 0x1E, 0x00, 0x07, 0xC0, 0x03,
  0xF0, 0x00, 0xCE, 0x00, 0x73, 0x80, 0x38, 0x70, 0x0E, 0x0E, 0x07, 0x03,
  0x83, 0x80, 0x70, 0xE0, 0x0E, 0x70, 0x03, 0xB8, 0x00, 0x70, 0xE0, 0x03,
  0x8E, 0x00, 0x38, 0xE0, 0x03, 0x8E, 0x00, 0x38, 0xE0, 0x03, 0x8E, 0x00,
  0x38, 0xE0, 0x03, 0x8E, 0x00, 0x38, 0xE0, 0x03, 0x8E, 0x00, 0x38, 0xE0,
  0x03, 0x8E, 0x00, 0x38, 0xE0, 0x03, 0x8E, 0x00, 0x38, 0xE0, 0x03, 0x8E,
  0x00, 0x38, 0xE0, 0x03, 0x8E, 0x00, 0x38, 0xE0, 0x03, 0x8E, 0x00, 0x38,
  0xFF, 0xFF, 0xFF, 0xFF, 0xFF, 0x00, 0x00, 0x70, 0x00, 0x07, 0x00, 0x00,
  0x70, 0x00, 0x07, 0x00, 0x00, 0x70, 0xE0, 0x07, 0xE0, 0x07, 0xE0, 0x07,
  0xE0, 0x07, 0xE0, 0x07, 0xE0, 0x07, 0xE0, 0x07, 0xE0, 0x07, 0xE0, 0x07,
  0x70, 0x07, 0x78, 0x0F, 0x3F, 0xFF, 0x1F, 0xFF, 0x03, 0x87, 0x00, 0x07,
  0x00, 0x07, 0x00, 0x07, 0x00, 0x07, 0x00, 0x07, 0x00, 0x07, 0x00, 0x07,
  0x00, 0x07, 0xE0, 0x0E, 0x00, 0xF8, 0x03, 0x80, 0x3E, 0x00, 0xE0, 0x0F,
  0x80, 0x38, 0x03, 0xE0, 0x0E, 0x00, 0xF8, 0x03, 0x80, 0x3E, 0x00, 0xE0,
  0x0F, 0x80, 0x38, 0x03, 0xE0, 0x0E, 0x00, 0xF8, 0x03, 0x80, 0x3E, 0x00,
  0xE0, 0x0F, 0x80, 0x38, 0x03, 0xE0, 0x0E, 0x00, 0xF8, 0x03, 0x80, 0x3E,
  0x00, 0xE0, 0x0F, 0x80, 0x38, 0x03, 0xE0, 0x0E, 0x00, 0xF8, 0x03, 0x80,
  0x3E, 0x00, 0xE0, 0x0F, 0xFF, 0xFF, 0xFF, 0xFF, 0xFF, 0xFF, 0xFF, 0xFF,
  0xFF, 0xF0, 0xE0, 0x1C, 0x01, 0xC7, 0x00, 0xE0, 0x0E, 0x38, 0x07, 0x00,
  0x71, 0xC0, 0x38, 0x03, 0x8E, 0x01, 0xC0, 0x1C, 0x70, 0x0E, 0x00, 0xE3,
  0x80, 0x70, 0x07, 0x1C, 0x03, 0x80, 0x38, 0xE0, 0x1C, 0x01, 0xC7, 0x00,
  0xE0, 0x0E, 0x38, 0x07, 0x00, 0x71, 0xC0, 0x38, 0x03, 0x8E, 0x01, 0xC0,
  0x1C, 0x70, 0x0E, 0x00, 0xE3, 0x80, 0x70, 0x07, 0x1C, 0x03, 0x80, 0x38,
  0xE0, 0x1C, 0x01, 0xC7, 0x00, 0xE0, 0x0E, 0x38, 0x07, 0x00, 0x71, 0xC0,
  0x38, 0x03, 0x8F, 0xFF, 0xFF, 0xFF, 0xFF, 0xFF, 0xFF, 0xFC, 0x00, 0x00,
  0x00, 0xE0, 0x00, 0x00, 0x07, 0x00, 0x00, 0x00, 0x38, 0x00, 0x00, 0x01,
  0xC0, 0x00, 0x00, 0x0E, 0xFF, 0x00, 0x0F, 0xF0, 0x00, 0x03, 0x00, 0x00,
  0x30, 0x00, 0x03, 0x00, 0x00, 0x30, 0x00, 0x03, 0x00, 0x00, 0x30, 0x00,
  0x03, 0xFC, 0x00, 0x3F, 0xF8, 0x03, 0xFF, 0xC0, 0x30, 0x1E, 0x03, 0x00,
  0xE0, 0x30, 0x07, 0x03, 0x00, 0x70, 0x30, 0x07, 0x03, 0x00, 0x70, 0x30,
  0x0E, 0x03, 0x00, 0xE0, 0x30, 0x7C, 0x03, 0xFF, 0x80, 0x3F, 0xE0, 0xE0,
  0x00, 0x3F, 0x00, 0x01, 0xF8, 0x00, 0x0F, 0xC0, 0x00, 0x7E, 0x00, 0x03,
  0xF0, 0x00, 0x1F, 0x80, 0x00, 0xFC, 0x00, 0x07, 0xFF, 0x00, 0x3F, 0xFF,
  0x01, 0xFF, 0xFE, 0x0F, 0xC0, 0x78, 0x7E, 0x01, 0xC3, 0xF0, 0x0E, 0x1F,
  0x80, 0x70, 0xFC, 0x03, 0x87, 0xE0, 0x1C, 0x3F, 0x00, 0xE1, 0xF8, 0x0F,
  0x0F, 0xC3, 0xF0, 0x7F, 0xFF, 0x03, 0xFF, 0xE0, 0x1C, 0xE0, 0x03, 0x80,
  0x0E, 0x00, 0x38, 0x00, 0xE0, 0x03, 0x80, 0x0E, 0x00, 0x38, 0x00, 0xFF,
  0x03, 0xFF, 0xCF, 0xFF, 0xB8, 0x0F, 0xE0, 0x1F, 0x80, 0x7E, 0x01, 0xF8,
  0x07, 0xE0, 0x1F, 0x80, 0x7E, 0x03, 0xF8, 0x7E, 0xFF, 0xF3, 0xFF, 0x00,
  0x0F, 0x80, 0x7F, 0xF8, 0x1F, 0xFF, 0x0C, 0x07, 0xC0, 0x00, 0xF0, 0x00,
  0x38, 0x00, 0x1E, 0x00, 0x07, 0x00, 0x03, 0x80, 0x01, 0xC7, 0xFF, 0xE3,
  0xFF, 0xF1, 0xFF, 0xF8, 0x00, 0x1C, 0x00, 0x0E, 0x00, 0x07, 0x00, 0x03,
  0x80, 0x03, 0x80, 0x03, 0xC0, 0x03, 0xC6, 0x07, 0xC3, 0xFF, 0xC1, 0xFF,
  0x80, 0x00, 0x03, 0xE0, 0x38, 0x03, 0xFF, 0x0E, 0x03, 0xFF, 0xE3, 0x81,
  0xE0, 0x3C, 0xE0, 0x70, 0x07, 0xB8, 0x38, 0x00, 0xEE, 0x0E, 0x00, 0x1F,
  0x87, 0x00, 0x07, 0xE1, 0xC0, 0x01, 0xF8, 0x70, 0x00, 0x7F, 0xFC, 0x00,
  0x1F, 0xFF, 0x00, 0x07, 0xFF, 0xC0, 0x01, 0xF8, 0x70, 0x00, 0x7E, 0x1C,
  0x00, 0x1F, 0x87, 0x00, 0x07, 0xE1, 0xC0, 0x01, 0xF8, 0x38, 0x00, 0xEE,
  0x0E, 0x00, 0x3B, 0x81, 0xC0, 0x1C, 0xE0, 0x3C, 0x1F, 0x38, 0x07, 0xFF,
  0x8E, 0x00, 0xFF, 0x80, 0x07, 0xFF, 0x1F, 0xFF, 0x3C, 0x07, 0x38, 0x07,
  0x70, 0x07, 0x70, 0x07, 0x70, 0x07, 0x70, 0x07, 0x38, 0x07, 0x3C, 0x07,
  0x1F, 0xFF, 0x0F, 0xFF, 0x03, 0xFF, 0x07, 0x87, 0x07, 0x07, 0x0E, 0x07,
  0x1E, 0x07, 0x1C, 0x07, 0x38, 0x07, 0x38, 0x07, 0x70, 0x07, 0xF0, 0x07,
  0x1F, 0xE0, 0xFF, 0xC3, 0x87, 0x80, 0x07, 0x00, 0x1C, 0x00, 0x70, 0x01,
  0xC3, 0xFF, 0x3F, 0xFD, 0xE0, 0x77, 0x01, 0xF8, 0x07, 0xE0, 0x1F, 0x80,
  0xF7, 0x07, 0xDF, 0xF3, 0x3F, 0x8C, 0x00, 0x7C, 0x0F, 0xF8, 0x3F, 0xE1,
  0xF0, 0x03, 0x80, 0x0E, 0x00, 0x18, 0x00, 0x70, 0x00, 0xEF, 0xF1, 0xBF,
  0xF3, 0xE0, 0xF7, 0x80, 0xEE, 0x00, 0xFC, 0x01, 0xF8, 0x03, 0xF0, 0x07,
  0xE0, 0x0F, 0xC0, 0x1F, 0x80, 0x3B, 0x00, 0x77, 0x01, 0xC7, 0x07, 0x0F,
  0xFC, 0x07, 0xF0, 0xFF, 0x87, 0xFF, 0x30, 0x7D, 0x80, 0xFC, 0x03, 0xE0,
  0x1F, 0x01, 0xDF, 0xFC, 0xFF, 0xE6, 0x07, 0xB0, 0x0F, 0x80, 0x7C, 0x03,
  0xE0, 0x1F, 0x03, 0xFF, 0xFE, 0xFF, 0xC0, 0xFF, 0xFF, 0xFF, 0xFF, 0x00,
  0xC0, 0x30, 0x0C, 0x03, 0x00, 0xC0, 0x30, 0x0C, 0x03, 0x00, 0xC0, 0x30,
  0x0C, 0x03, 0x00, 0xC0, 0x00, 0x07, 0xFF, 0x00, 0xFF, 0xE0, 0x1F, 0xFC,
  0x03, 0x03, 0x80, 0x60, 0x70, 0x0C, 0x0E, 0x01, 0x81, 0xC0, 0x70, 0x38,
  0x0E, 0x07, 0x01, 0xC0, 0xE0, 0x38, 0x1C, 0x06, 0x03, 0x81, 0xC0, 0x70,
  0x38, 0x0E, 0x0E, 0x01, 0xC7, 0xFF, 0xFF, 0xFF, 0xFF, 0xFC, 0x00, 0x1F,
  0x80, 0x03, 0xF0, 0x00, 0x7E, 0x00, 0x0E, 0x07, 0xE0, 0x3F, 0xF0, 0xF0,
  0xE1, 0xC0, 0xE7, 0x00, 0xCE, 0x01, 0xD8, 0x03, 0xBF, 0xFF, 0xFF, 0xFE,
  0xC0, 0x01, 0xC0, 0x03, 0x80, 0x07, 0x00, 0x07, 0x00, 0x0F, 0x03, 0x0F,
  0xFE, 0x07, 0xF8, 0x70, 0x18, 0x0E, 0x30, 0x18, 0x1C, 0x38, 0x18, 0x1C,
  0x1C, 0x18, 0x38, 0x0C, 0x18, 0x70, 0x0E, 0x18, 0x70, 0x07, 0x18, 0xE0,
  0x03, 0xFF, 0xC0, 0x03, 0xFF, 0xC0, 0x07, 0xFF, 0xE0, 0x07, 0x18, 0xE0,
  0x0E, 0x18, 0x70, 0x1C, 0x18, 0x78, 0x1C, 0x18, 0x38, 0x38, 0x18, 0x1C,
  0x70, 0x18, 0x1E, 0xF0, 0x18, 0x0F, 0x3F, 0xC7, 0xFF, 0x18, 0x3C, 0x00,
  0xE0, 0x07, 0x00, 0x38, 0x03, 0xC3, 0xFC, 0x1F, 0xC0, 0x0F, 0x80, 0x1C,
  0x00, 0x70, 0x03, 0x80, 0x1F, 0x01, 0xDF, 0xFE, 0xFF, 0xC0, 0xC0, 0x3F,
  0x00, 0xFC, 0x07, 0xF0, 0x3F, 0xC0, 0xDF, 0x07, 0x7C, 0x19, 0xF0, 0xE7,
  0xC3, 0x1F, 0x18, 0x7C, 0xE1, 0xF3, 0x07, 0xDC, 0x1F, 0x60, 0x7F, 0x81,
  0xFC, 0x07, 0xE0, 0x1C, 0x38, 0x70, 0xE1, 0x81, 0xFE, 0x03, 0xE0, 0x00,
  0x00, 0x00, 0x0C, 0x03, 0xF0, 0x0F, 0xC0, 0x7F, 0x03, 0xFC, 0x0D, 0xF0,
  0x77, 0xC1, 0x9F, 0x0E, 0x7C, 0x31, 0xF1, 0x87, 0xCE, 0x1F, 0x30, 0x7D,
  0xC1, 0xF6, 0x07, 0xF8, 0x1F, 0xC0, 0x7E, 0x01, 0xC0, 0xC0, 0x3E, 0x03,
  0xB0, 0x39, 0x81, 0xCC, 0x1C, 0x61, 0xC3, 0x0E, 0x1F, 0xE0, 0xFF, 0x07,
  0xF8, 0x30, 0xE1, 0x87, 0x8C, 0x1C, 0x60, 0x73, 0x01, 0xD8, 0x0E, 0xC0,
  0x38, 0x0F, 0xFF, 0x0F, 0xFF, 0x0F, 0xFF, 0x0E, 0x07, 0x0E, 0x07, 0x0E,
  0x07, 0x0E, 0x07, 0x0C, 0x07, 0x0C, 0x07, 0x0C, 0x07, 0x0C, 0x07, 0x0C,
  0x07, 0x1C, 0x07, 0x1C, 0x07, 0x3C, 0x07, 0xF8, 0x07, 0xF0, 0x07, 0xF0,
  0x01, 0xFC, 0x00, 0xFF, 0x00, 0x3F, 0xE0, 0x1F, 0xD8, 0x06, 0xF7, 0x03,
  0xBD, 0xC0, 0xEF, 0x30, 0x33, 0xCE, 0x1C, 0xF1, 0x86, 0x3C, 0x73, 0x8F,
  0x0C, 0xC3, 0xC3, 0xF0, 0xF0, 0xFC, 0x3C, 0x1E, 0x0F, 0x07, 0x83, 0xC0,
  0xC0, 0xC0, 0xC0, 0x1F, 0x00, 0x7C, 0x01, 0xF0, 0x07, 0xC0, 0x1F, 0x00,
  0x7C, 0x01, 0xFF, 0xFF, 0xFF, 0xFF, 0xFF, 0xFC, 0x01, 0xF0, 0x07, 0xC0,
  0x1F, 0x00, 0x7C, 0x01, 0xF0, 0x07, 0xC0, 0x1C, 0x07, 0xF0, 0x1F, 0xF8,
  0x3C, 0x3C, 0x38, 0x0E, 0x70, 0x0E, 0x70, 0x07, 0x70, 0x07, 0x60, 0x07,
  0xE0, 0x07, 0x60, 0x07, 0x70, 0x07, 0x70, 0x07, 0x70, 0x0E, 0x38, 0x0E,
  0x3C, 0x1C, 0x1F, 0xF8, 0x07, 0xF0, 0xFF, 0xFF, 0xFF, 0xFF, 0xFF, 0x80,
  0x3C, 0x01, 0xE0, 0x0F, 0x00, 0x78, 0x03, 0xC0, 0x1E, 0x00, 0xF0, 0x07,
  0x80, 0x3C, 0x01, 0xE0, 0x0F, 0x00, 0x78, 0x03, 0xC0, 0x18, 0xC7, 0xE1,
  0xBF, 0xE3, 0xE1, 0xE7, 0x81, 0xEE, 0x01, 0xDC, 0x03, 0xB0, 0x07, 0x60,
  0x07, 0xC0, 0x0F, 0x80, 0x1F, 0x80, 0x77, 0x00, 0xEE, 0x01, 0xDE, 0x07,
  0xBE, 0x1E, 0x6F, 0xF8, 0xCF, 0xE1, 0x80, 0x03, 0x00, 0x06, 0x00, 0x0C,
  0x00, 0x18, 0x00, 0x30, 0x00, 0x60, 0x00, 0xC0, 0x00, 0x07, 0xF0, 0xFF,
  0xCF, 0x86, 0x70, 0x07, 0x00, 0x38, 0x01, 0xC0, 0x0C, 0x00, 0xE0, 0x07,
  0x00, 0x18, 0x00, 0xE0, 0x07, 0x00, 0x3C, 0x00, 0xF0, 0x23, 0xFF, 0x0F,
  0xF8, 0xFF, 0xFF, 0xFF, 0xFF, 0xFF, 0xC0, 0xE0, 0x03, 0x80, 0x0E, 0x00,
  0x38, 0x00, 0xE0, 0x03, 0x80, 0x0E, 0x00, 0x38, 0x00, 0xE0, 0x03, 0x80,
  0x0E, 0x00, 0x38, 0x00, 0xE0, 0x03, 0x80, 0xE0, 0x07, 0x60, 0x0E, 0x70,
  0x0E, 0x70, 0x0E, 0x38, 0x1C, 0x38, 0x1C, 0x18, 0x1C, 0x1C, 0x38, 0x1C,
  0x38, 0x0C, 0x30, 0x0E, 0x70, 0x06, 0x70, 0x07, 0x60, 0x07, 0xE0, 0x03,
  0xE0, 0x03, 0xC0, 0x01, 0xC0, 0x01, 0x80, 0x03, 0x80, 0x03, 0x80, 0x07,
  0x00, 0x0F, 0x00, 0xFE, 0x00, 0xFC, 0x00, 0x20, 0x00, 0x00, 0x70, 0x00,
  0x03, 0x80, 0x00, 0x1C, 0x00, 0x00, 0xE0, 0x00, 0x07, 0x00, 0x00, 0x38,
  0x00, 0x01, 0xC0, 0x00, 0x7F, 0xC0, 0x0F, 0xFF, 0x80, 0xF3, 0xBE, 0x0F,
  0x1C, 0x38, 0xF0, 0xE1, 0xE7, 0x07, 0x07, 0x38, 0x38, 0x39, 0x81, 0xC0,
  0xFC, 0x0E, 0x07, 0x60, 0x70, 0x3B, 0x83, 0x83, 0x9C, 0x1C, 0x1C, 0xE0,
  0xE0, 0xE3, 0x87, 0x0E, 0x1F, 0x38, 0xF0, 0x7F, 0xFF, 0x00, 0xFF, 0xE0,
  0x00, 0x70, 0x00, 0x03, 0x80, 0x00, 0x1C, 0x00, 0x00, 0xE0, 0x00, 0x07,
  0x00, 0x00, 0x38, 0x00, 0x01, 0xC0, 0x00, 0x0E, 0x00, 0x70, 0x0E, 0x78,
  0x1E, 0x38, 0x1C, 0x1C, 0x38, 0x0E, 0x70, 0x0E, 0x70, 0x07, 0xE0, 0x03,
  0xC0, 0x03, 0xC0, 0x03, 0xC0, 0x07, 0xE0, 0x0E, 0x70, 0x1E, 0x38, 0x1C,
  0x38, 0x38, 0x1C, 0x70, 0x0E, 0xF0, 0x0F, 0xC0, 0x18, 0xC0, 0x18, 0xC0,
  0x18, 0xC0, 0x18, 0xC0, 0x18, 0xC0, 0x18, 0xC0, 0x18, 0xC0, 0x18, 0xC0,
  0x18, 0xC0, 0x18, 0xC0, 0x18, 0xC0, 0x18, 0xC0, 0x18, 0xC0, 0x18, 0xC0,
  0x18, 0xFF, 0xFF, 0xFF, 0xFF, 0x00, 0x07, 0x00, 0x07, 0x00, 0x07, 0x00,
  0x07, 0xE0, 0x1F, 0x80, 0x7E, 0x01, 0xF8, 0x07, 0xE0, 0x1F, 0x80, 0x7E,
  0x01, 0xF8, 0x07, 0xF0, 0x3D, 0xFF, 0xF3, 0xFF, 0xC0, 0x07, 0x00, 0x1C,
  0x00, 0x70, 0x01, 0xC0, 0x07, 0x00, 0x1C, 0xC0, 0x30, 0x0F, 0x00, 0xC0,
  0x3C, 0x03, 0x00, 0xF0, 0x0C, 0x03, 0xC0, 0x30, 0x0F, 0x00, 0xC0, 0x3C,
  0x03, 0x00, 0xF0, 0x0C, 0x03, 0xC0, 0x30, 0x0F, 0x00, 0xC0, 0x3C, 0x03,
  0x00, 0xF0, 0x0C, 0x03, 0xC0, 0x30, 0x0F, 0x00, 0xC0, 0x3C, 0x03, 0x00,
  0xFF, 0xFF, 0xFF, 0xFF, 0xFF, 0xFC, 0xC0, 0x30, 0x1C, 0x60, 0x18, 0x0E,
  0x30, 0x0C, 0x07, 0x18, 0x06, 0x03, 0x8C, 0x03, 0x01, 0xC6, 0x01, 0x80,
  0xE3, 0x00, 0xC0, 0x71, 0x80, 0x60, 0x38, 0xC0, 0x30, 0x1C, 0x60, 0x18,
  0x0E, 0x30, 0x0C, 0x07, 0x18, 0x06, 0x03, 0x8C, 0x03, 0x01, 0xC6, 0x01,
  0x80, 0xE3, 0x00, 0xC0, 0x71, 0xFF, 0xFF, 0xFF, 0xFF, 0xFF, 0xFF, 0x80,
  0x00, 0x01, 0xC0, 0x00, 0x00, 0xE0, 0x00, 0x00, 0x70, 0x00, 0x00, 0x38,
  0xFF, 0x00, 0x3F, 0xC0, 0x0F, 0xF0, 0x00, 0x1C, 0x00, 0x07, 0x00, 0x01,
  0xC0, 0x00, 0x7F, 0x80, 0x1F, 0xFC, 0x07, 0xFF, 0x81, 0xC0, 0xF0, 0x70,
  0x1C, 0x1C, 0x07, 0x07, 0x01, 0xC1, 0xC0, 0x70, 0x70, 0x78, 0x1F, 0xFC,
  0x07, 0xFE, 0x00, 0xC0, 0x01, 0xF0, 0x00, 0x7C, 0x00, 0x1F, 0x00, 0x07,
  0xC0, 0x01, 0xF0, 0x00, 0x7F, 0xF0, 0x1F, 0xFF, 0x87, 0xFF, 0xF1, 0xF0,
  0x1C, 0x7C, 0x03, 0x1F, 0x00, 0xE7, 0xC0, 0x31, 0xF0, 0x1C, 0x7C, 0x1F,
  0x1F, 0xFF, 0x87, 0xFF, 0x81, 0xC0, 0xC0, 0x06, 0x00, 0x30, 0x01, 0x80,
  0x0C, 0x00, 0x60, 0x03, 0xFC, 0x1F, 0xFC, 0xFF, 0xF6, 0x03, 0xB0, 0x0F,
  0x80, 0x7C, 0x03, 0xE0, 0x3B, 0x03, 0xDF, 0xFC, 0xFF, 0x80, 0x7F, 0x07,
  0xFE, 0x18, 0x78, 0x01, 0xE0, 0x07, 0x00, 0x1C, 0x00, 0xE7, 0xFF, 0x3F,
  0xF8, 0x01, 0xC0, 0x0E, 0x00, 0x70, 0x07, 0x00, 0x3A, 0x07, 0x9F, 0xF8,
  0xFF, 0x80, 0xC0, 0x3F, 0x06, 0x07, 0xFE, 0x30, 0x78, 0x79, 0x83, 0x81,
  0xCC, 0x38, 0x07, 0x61, 0xC0, 0x3B, 0x0E, 0x01, 0xDF, 0xE0, 0x06, 0xFF,
  0x00, 0x3F, 0xFC, 0x01, 0xB0, 0xE0, 0x0D, 0x87, 0x00, 0xEC, 0x38, 0x07,
  0x60, 0xE0, 0x7B, 0x07, 0x87, 0x98, 0x1F, 0xF8, 0xC0, 0x7F, 0x80, 0x07,
  0xFC, 0x7F, 0xF3, 0xFF, 0xDC, 0x03, 0x70, 0x0D, 0xC0, 0x37, 0x00, 0xDE,
  0x03, 0x3F, 0xFC, 0x7F, 0xF0, 0x7F, 0xC3, 0x83, 0x1C, 0x0C, 0x70, 0x33,
  0x80, 0xDC, 0x03, 0xF0, 0x0C, 0x0F, 0x00, 0x0E, 0x00, 0x0E, 0x00, 0x0C,
  0x00, 0x0C, 0x00, 0x00, 0x00, 0x00, 0x03, 0xF0, 0x1F, 0xF8, 0x78, 0x70,
  0xE0, 0x73, 0x80, 0x67, 0x00, 0xEC, 0x01, 0xDF, 0xFF, 0xFF, 0xFF, 0x60,
  0x00, 0xE0, 0x01, 0xC0, 0x03, 0x80, 0x03, 0x80, 0x07, 0x81, 0x87, 0xFF,
  0x03, 0xFC, 0x0C, 0x30, 0x1C, 0xE0, 0x39, 0xC0, 0x21, 0x00, 0x00, 0x00,
  0x00, 0x01, 0xF8, 0x0F, 0xFC, 0x3C, 0x38, 0x70, 0x39, 0xC0, 0x33, 0x80,
  0x76, 0x00, 0xEF, 0xFF, 0xFF, 0xFF, 0xB0, 0x00, 0x70, 0x00, 0xE0, 0x01,
  0xC0, 0x01, 0xC0, 0x03, 0xC0, 0xC3, 0xFF, 0x81, 0xFE, 0x00, 0x1C, 0x00,
  0x0E, 0x00, 0x07, 0x00, 0x1F, 0xFC, 0x0F, 0xFE, 0x00, 0xE0, 0x00, 0x70,
  0x00, 0x38, 0x00, 0x19, 0xFE, 0x0D, 0xFF, 0x87, 0xC1, 0xC3, 0xC0, 0x71,
  0xC0, 0x38, 0xE0, 0x1C, 0x70, 0x0E, 0x38, 0x07, 0x1C, 0x03, 0x8E, 0x01,
  0xC7, 0x00, 0xE3, 0x80, 0x71, 0xC0, 0x38, 0xE0, 0x1C, 0x70, 0x0E, 0x38,
  0x07, 0x00, 0x03, 0x80, 0x01, 0xC0, 0x00, 0xE0, 0x00, 0x70, 0x00, 0x70,
  0x03, 0xF8, 0x01, 0xF8, 0x00, 0x30, 0x03, 0xC0, 0xE0, 0x70, 0x38, 0x0C,
  0x00, 0x00, 0x03, 0xFF, 0xFF, 0xFF, 0xFC, 0x03, 0x00, 0xC0, 0x30, 0x0C,
  0x03, 0x00, 0xC0, 0x30, 0x0C, 0x03, 0x00, 0xC0, 0x30, 0x0C, 0x03, 0x00,
  0x07, 0xF0, 0xFF, 0xCF, 0x86, 0x70, 0x07, 0x00, 0x38, 0x01, 0xC0, 0x0F,
  0xFE, 0xFF, 0xF7, 0x00, 0x18, 0x00, 0xE0, 0x07, 0x00, 0x3C, 0x00, 0xF0,
  0x23, 0xFF, 0x0F, 0xF8, 0x1F, 0xE7, 0xFF, 0x70, 0x6E, 0x00, 0xE0, 0x0E,
  0x00, 0x78, 0x03, 0xE0, 0x1F, 0xC0, 0x3E, 0x00, 0xF0, 0x07, 0x00, 0x30,
  0x07, 0xC0, 0xFF, 0xFE, 0x7F, 0xC0, 0x6F, 0x70, 0x00, 0x66, 0x66, 0x66,
  0x66, 0x66, 0x66, 0x66, 0x66, 0x60, 0xCF, 0xBC, 0xC0, 0x00, 0x03, 0x0C,
  0x30, 0xC3, 0x0C, 0x30, 0xC3, 0x0C, 0x30, 0xC3, 0x0C, 0x30, 0xC3, 0x00,
  0x06, 0x0F, 0x07, 0x00, 0x00, 0x00, 0x06, 0x06, 0x06, 0x06, 0x06, 0x06,
  0x06, 0x06, 0x06, 0x06, 0x06, 0x06, 0x06, 0x06, 0x06, 0x06, 0x06, 0x06,
  0x06, 0x06, 0x06, 0x0E, 0xFE, 0xFC, 0x20, 0x0F, 0xFE, 0x00, 0x03, 0xFF,
  0x80, 0x00, 0xFF, 0xE0, 0x00, 0x38, 0x18, 0x00, 0x0E, 0x06, 0x00, 0x03,
  0x81, 0x80, 0x00, 0xE0, 0x7F, 0x80, 0x30, 0x1F, 0xFC, 0x0C, 0x07, 0xFF,
  0x83, 0x01, 0x80, 0xE0, 0xC0, 0x60, 0x38, 0x30, 0x18, 0x07, 0x1C, 0x06,
  0x01, 0x87, 0x01, 0x80, 0xE3, 0x80, 0x60, 0xFB, 0xE0, 0x1F, 0xFC, 0xF0,
  0x07, 0xFC, 0x00, 0xC0, 0x18, 0x01, 0x80, 0x30, 0x03, 0x00, 0x60, 0x06,
  0x00, 0xC0, 0x0C, 0x01, 0x80, 0x18, 0x03, 0x00, 0x30, 0x06, 0x00, 0x7F,
  0xFF, 0xFC, 0xFF, 0xFF, 0xFD, 0x80, 0x30, 0x3F, 0x00, 0x60, 0x3E, 0x00,
  0xC0, 0x3C, 0x01, 0x80, 0x78, 0x03, 0x01, 0xF0, 0x06, 0x07, 0xE0, 0x0F,
  0xFE, 0xC0, 0x1F, 0xF0, 0x1C, 0x00, 0x0E, 0x00, 0x07, 0x00, 0x1F, 0xFE,
  0x0F, 0xFF, 0x00, 0xE0, 0x00, 0x70, 0x00, 0x38, 0x00, 0x19, 0xFE, 0x0D,
  0xFF, 0x87, 0xC1, 0xC3, 0x80, 0x71, 0xC0, 0x38, 0xE0, 0x1C, 0x70, 0x0E,
  0x38, 0x07, 0x1C, 0x03, 0x8E, 0x01, 0xC7, 0x00, 0xE3, 0x80, 0x71, 0xC0,
  0x38, 0xE0, 0x1C, 0x70, 0x0E, 0x38, 0x07, 0x01, 0xE0, 0x0E, 0x00, 0xE0,
  0x0E, 0x00, 0x60, 0x00, 0x00, 0x00, 0x18, 0x07, 0xC0, 0x76, 0x07, 0x30,
  0x39, 0x83, 0x8C, 0x38, 0x61, 0xC3, 0xFC, 0x1F, 0xE0, 0xFF, 0x06, 0x1C,
  0x30, 0xF1, 0x83, 0x8C, 0x0E, 0x60, 0x3B, 0x01, 0xD8, 0x07, 0x1E, 0x00,
  0x38, 0x00, 0x70, 0x00, 0xC0, 0x01, 0x80, 0x00, 0x00, 0x00, 0x30, 0x0F,
  0xC0, 0x3F, 0x01, 0xFC, 0x0F, 0xF0, 0x37, 0xC1, 0xDF, 0x06, 0x7C, 0x39,
  0xF0, 0xC7, 0xC6, 0x1F, 0x38, 0x7C, 0xC1, 0xF7, 0x07, 0xD8, 0x1F, 0xE0,
  0x7F, 0x01, 0xF8, 0x07, 0x1C, 0x38, 0x1C, 0x30, 0x0F, 0xF0, 0x07, 0xC0,
  0x00, 0x00, 0x00, 0x00, 0xE0, 0x07, 0x60, 0x0E, 0x70, 0x0E, 0x70, 0x0E,
  0x38, 0x1C, 0x38, 0x1C, 0x18, 0x1C, 0x1C, 0x38, 0x1C, 0x38, 0x0C, 0x30,
  0x0E, 0x70, 0x06, 0x70, 0x07, 0x60, 0x07, 0xE0, 0x03, 0xE0, 0x03, 0xC0,
  0x01, 0xC0, 0x01, 0x80, 0x03, 0x80, 0x03, 0x80, 0x07, 0x00, 0x0F, 0x00,
  0xFE, 0x00, 0xFC, 0x00, 0x20, 0x00, 0xC0, 0x1E, 0x00, 0xF0, 0x07, 0x80,
  0x3C, 0x01, 0xE0, 0x0F, 0x00, 0x78, 0x03, 0xC0, 0x1E, 0x00, 0xF0, 0x07,
  0x80, 0x3C, 0x01, 0xE0, 0x0F, 0x00, 0x7F, 0xFF, 0xFF, 0xF8, 0x38, 0x01,
  0xC0, 0x0E, 0x00, 0x70, 0x00, 0xE0, 0x0C, 0x00, 0xFC, 0x01, 0xC0, 0x1F,
  0x80, 0x38, 0x03, 0xF0, 0x07, 0x00, 0x7E, 0x00, 0xE0, 0x0F, 0xC0, 0x1C,
  0x01, 0xDC, 0x03, 0x80, 0x33, 0x80, 0x78, 0x0E, 0x70, 0x1F, 0x01, 0xCE,
  0x03, 0xE0, 0x38, 0xE0, 0x7C, 0x07, 0x1C, 0x1D, 0xC0, 0xC3, 0x83, 0xB8,
  0x38, 0x70, 0x67, 0x07, 0x07, 0x1C, 0x70, 0xE0, 0xE3, 0x0E, 0x38, 0x0E,
  0xE0, 0xE7, 0x01, 0xDC, 0x1C, 0xC0, 0x1B, 0x03, 0xB8, 0x03, 0xE0, 0x3E,
  0x00, 0x3C, 0x07, 0xC0, 0x07, 0x00, 0x70, 0x00, 0xC0, 0x70, 0x0F, 0x80,
  0x60, 0x1F, 0x80, 0xC0, 0x3F, 0x01, 0xC0, 0x7E, 0x03, 0x80, 0xDC, 0x07,
  0x01, 0xB8, 0x0E, 0x07, 0x38, 0x1C, 0x0E, 0x70, 0x7C, 0x18, 0xE0, 0xF8,
  0x70, 0xE3, 0xB0, 0xE1, 0xC6, 0x71, 0x81, 0x9C, 0xE7, 0x03, 0xB0, 0xCC,
  0x03, 0xE1, 0xF8, 0x07, 0x81, 0xE0, 0x07, 0x03, 0xC0, 0x07, 0x00, 0x00,
  0x70, 0x00, 0x07, 0x00, 0x0F, 0xFF, 0xC0, 0xFF, 0xFC, 0x00, 0x70, 0x00,
  0x07, 0x00, 0x00, 0x70, 0x00, 0x07, 0x00, 0x00, 0x7F, 0xE0, 0x07, 0xFF,
  0x80, 0x7F, 0xFC, 0x07, 0x01, 0xE0, 0x70, 0x0E, 0x07, 0x00, 0xE0, 0x70,
  0x07, 0x07, 0x00, 0xE0, 0x70, 0x0E, 0x07, 0x01, 0xE0, 0x70, 0x7C, 0x07,
  0xFF, 0x80, 0x7F, 0xE0, 0x0E, 0x00, 0x03, 0x80, 0x00, 0xE0, 0x03, 0xFF,
  0xC0, 0xFF, 0xF0, 0x3F, 0xFC, 0x00, 0xE0, 0x00, 0x38, 0x00, 0x0E, 0x00,
  0x03, 0x80, 0x00, 0xFF, 0xE0, 0x3F, 0xFE, 0x0E, 0x0F, 0xC3, 0x80, 0x70,
  0xE0, 0x1C, 0x38, 0x07, 0x0E, 0x01, 0xC3, 0x81, 0xF0, 0xFF, 0xF8, 0x3F,
  0xF8, 0x00, 0x00, 0xF8, 0x70, 0x03, 0xFF, 0xB8, 0x03, 0xFF, 0xFC, 0x03,
  0xC0, 0x6E, 0x03, 0xC0, 0x07, 0x03, 0xC0, 0x03, 0x81, 0xC0, 0x01, 0xC0,
  0xE0, 0x00, 0xE0, 0xE0, 0x00, 0x70, 0x70, 0x00, 0x3F, 0xFF, 0xFF, 0x1F,
  0xFF, 0xFF, 0x8F, 0xFF, 0xFF, 0xC7, 0x07, 0x00, 0x03, 0x83, 0x80, 0x01,
  0xC1, 0xC0, 0x00, 0xE0, 0x70, 0x00, 0x70, 0x38, 0x00, 0x38, 0x1E, 0x00,
  0x1C, 0x07, 0x80, 0x0E, 0x01, 0xF0, 0x37, 0x00, 0x7F, 0xFB, 0x80, 0x0F,
  0xFC, 0xC0, 0x1F, 0xD8, 0x0F, 0xFF, 0x03, 0xE1, 0xE0, 0x70, 0x0C, 0x1C,
  0x01, 0x83, 0x80, 0x30, 0x70, 0x07, 0xFF, 0xFE, 0xFF, 0xFF, 0xDF, 0xFF,
  0xFB, 0x07, 0x00, 0x60, 0xE0, 0x0C, 0x1C, 0x01, 0x81, 0xC0, 0x30, 0x3C,
  0x0E, 0x03, 0xFF, 0xC0, 0x1F, 0xE0, 0x00, 0x70, 0x00, 0x03, 0xC0, 0x00,
  0x3E, 0x00, 0x01, 0xB8, 0x00, 0x1D, 0xC0, 0x00, 0xE7, 0x00, 0x0E, 0x38,
  0x00, 0x70, 0xC0, 0x03, 0x07, 0x00, 0x3F, 0xF8, 0x01, 0xFF, 0xE0, 0x1F,
  0xFF, 0x00, 0xE7, 0x38, 0x06, 0x38, 0xE0, 0x71, 0xC7, 0x03, 0x8E, 0x1C,
  0x38, 0x70, 0xE1, 0xC3, 0x83, 0x9C, 0x1C, 0x1C, 0xE0, 0xE0, 0xE7, 0x07,
  0x03, 0xF0, 0x38, 0x1C, 0x01, 0xE0, 0x00, 0x78, 0x00, 0x3F, 0x00, 0x0D,
  0xC0, 0x07, 0x30, 0x01, 0xCE, 0x00, 0x61, 0x80, 0x3F, 0xF0, 0x0F, 0xFC,
  0x07, 0xFF, 0x81, 0xCC, 0xE0, 0xE3, 0x18, 0x38, 0xC7, 0x0C, 0x31, 0xC7,
  0x0C, 0x39, 0xC3, 0x0E, 0xE0, 0xC1, 0xC0, 0xE0, 0x03, 0x80, 0x38, 0x01,
  0xF0, 0x0E, 0x00, 0x7C, 0x03, 0x80, 0x3B, 0x00, 0xE0, 0x0E, 0xE0, 0x38,
  0x03, 0x38, 0x0E, 0x01, 0xC7, 0x03, 0x80, 0x71, 0xC0, 0xE0, 0x38, 0x30,
  0x3F, 0xFF, 0xFE, 0x0F, 0xFF, 0xFF, 0x83, 0xFF, 0xFF, 0xF0, 0xE0, 0x73,
  0x9C, 0x38, 0x38, 0xE3, 0x8E, 0x0E, 0x38, 0xE3, 0x87, 0x0E, 0x38, 0xE1,
  0xC3, 0x87, 0x38, 0x70, 0xE1, 0xCE, 0x38, 0x38, 0x3B, 0x8E, 0x0E, 0x0E,
  0xE7, 0x03, 0x83, 0xB9, 0xC0, 0xE0, 0x70, 0xC0, 0x1C, 0x06, 0x01, 0xF0,
  0x30, 0x0D, 0x81, 0x80, 0xEE, 0x0C, 0x07, 0x70, 0x60, 0x71, 0x83, 0x03,
  0x8E, 0x1F, 0xFF, 0xF0, 0xFF, 0xFF, 0xC7, 0xFF, 0xFE, 0x30, 0xE7, 0x39,
  0x87, 0x39, 0xCC, 0x31, 0xC6, 0x63, 0x8E, 0x3B, 0x18, 0x71, 0xD9, 0xC3,
  0x87, 0xCE, 0x1C, 0x38, 0x3F, 0xFF, 0xF0, 0xFF, 0xFF, 0xC1, 0xC0, 0x07,
  0x03, 0x80, 0x38, 0x07, 0x01, 0xC0, 0x0E, 0x0E, 0x00, 0x38, 0x70, 0x00,
  0x71, 0xC0, 0x00, 0xEE, 0x00, 0x07, 0xFC, 0x00, 0x7F, 0xFC, 0x03, 0xEE,
  0xF8, 0x1E, 0x38, 0xE0, 0x70, 0xE1, 0xC1, 0xC3, 0x87, 0x0E, 0x0E, 0x0E,
  0x38, 0x38, 0x38, 0xE0, 0xE0, 0xE7, 0x03, 0x81, 0x9C, 0x0E, 0x07, 0x70,
  0x38, 0x1F, 0xC0, 0xE0, 0x70, 0x3F, 0xFF, 0xC3, 0xFF, 0xFC, 0x1C, 0x03,
  0x80, 0xE0, 0x70, 0x07, 0x0E, 0x00, 0x30, 0xC0, 0x01, 0x98, 0x00, 0x3F,
  0xC0, 0x0F, 0xFF, 0x01, 0xE6, 0x78, 0x1C, 0x63, 0x83, 0x86, 0x1C, 0x38,
  0x61, 0xC3, 0x06, 0x0C, 0x70, 0x60, 0xE7, 0x06, 0x0E, 0xE0, 0x60, 0x70
  /* range 1 (0x490 - 0x4bb): */  ,
  0x00, 0x38, 0x01, 0xC0, 0x0E, 0x00, 0x70, 0x03, 0xFF, 0xFF, 0xFF, 0xFC,
  0x00, 0xE0, 0x07, 0x00, 0x38, 0x01, 0xC0, 0x0E, 0x00, 0x70, 0x03, 0x80,
  0x1C, 0x00, 0xE0, 0x07, 0x00, 0x38, 0x01, 0xC0, 0x0E, 0x00, 0x70, 0x03,
  0x80, 0x1C, 0x00, 0xE0, 0x07, 0x00, 0x38, 0x00, 0x01, 0xC0, 0x70, 0x1C,
  0x07, 0x01, 0xFF, 0xFF, 0xFF, 0x00, 0xC0, 0x30, 0x0C, 0x03, 0x00, 0xC0,
  0x30, 0x0C, 0x03, 0x00, 0xC0, 0x30, 0x0C, 0x03, 0x00, 0xC0, 0x30, 0x00,
  0x3F, 0xFE, 0x7F, 0xFC, 0xE0, 0x01, 0xC0, 0x03, 0x80, 0x07, 0x00, 0x0E,
  0x00, 0x1C, 0x00, 0x38, 0x00, 0x70, 0x03, 0xFF, 0x87, 0xFF, 0x03, 0x80,
  0x07, 0x00, 0x0E, 0x00, 0x1C, 0x00, 0x38, 0x00, 0x70, 0x00, 0xE0, 0x01,
  0xC0, 0x03, 0x80, 0x07, 0x00, 0x00, 0x1F, 0xF8, 0xFF, 0xC7, 0xFE, 0x30,
  0x01, 0x80, 0x0C, 0x00, 0x60, 0x03, 0x00, 0xFF, 0xE7, 0xFF, 0x06, 0x00,
  0x30, 0x01, 0x80, 0x0C, 0x00, 0x60, 0x03, 0x00, 0x18, 0x00, 0xFF, 0xF8,
  0xFF, 0xF8, 0xE0, 0x00, 0xE0, 0x00, 0xE0, 0x00, 0xE0, 0x00, 0xE0, 0x00,
  0xE0, 0x00, 0xE0, 0x00, 0xE0, 0x00, 0xFF, 0xE0, 0xFF, 0xF8, 0xE0, 0xFC,
  0xE0, 0x1E, 0xE0, 0x0E, 0xE0, 0x0F, 0xE0, 0x07, 0xE0, 0x07, 0xE0, 0x07,
  0xE0, 0x07, 0xE0, 0x07, 0xE0, 0x07, 0x00, 0x07, 0x00, 0x07, 0x00, 0x0F,
  0x00, 0x0E, 0x00, 0x1E, 0x0F, 0xFC, 0x0F, 0xF8, 0x07, 0xE0, 0xFF, 0xC7,
  0xFE, 0x3F, 0xF1, 0x80, 0x0C, 0x00, 0x60, 0x03, 0x00, 0x1F, 0xC0, 0xFF,
  0xC7, 0xFF, 0x30, 0x3D, 0x80, 0xEC, 0x07, 0x60, 0x1F, 0x00, 0xF8, 0x07,
  0xC0, 0x38, 0x01, 0xC0, 0x0E, 0x00, 0xE0, 0x07, 0x10, 0x78, 0xFF, 0x87,
  0xF8, 0x0F, 0x00, 0xF0, 0x0E, 0x01, 0xC3, 0x80, 0xE0, 0x38, 0x1C, 0x0E,
  0x07, 0x01, 0xE0, 0xE0, 0xE0, 0x0E, 0x0E, 0x1E, 0x00, 0x70, 0xE1, 0xC0,
  0x03, 0x8E, 0x38, 0x00, 0x1C, 0xE7, 0x00, 0x01, 0xCE, 0xE0, 0x00, 0x0E,
  0xFE, 0x00, 0x00, 0x7F, 0xC0, 0x00, 0x0E, 0xFE, 0x00, 0x01, 0xEE, 0xE0,
  0x00, 0x1C, 0xE7, 0x00, 0x03, 0x8E, 0x38, 0x00, 0x70, 0xE3, 0xC0, 0x0F,
  0x0E, 0x1C, 0x00, 0xE0, 0xE0, 0xE0, 0x1C, 0x0E, 0x07, 0x03, 0x80, 0xE0,
  0x3F, 0x70, 0x0E, 0x03, 0xFF, 0x00, 0xE0, 0x1F, 0x00, 0x00, 0x00, 0x70,
  0x00, 0x00, 0x07, 0x00, 0x00, 0x00, 0x70, 0x00, 0x00, 0x07, 0x00, 0x00,
  0x00, 0x70, 0x00, 0x00, 0x07, 0x70, 0x38, 0x0E, 0x38, 0x38, 0x1C, 0x1C,
  0x38, 0x38, 0x1C, 0x38, 0x70, 0x0E, 0x38, 0xE0, 0x07, 0x39, 0xC0, 0x03,
  0xB9, 0x80, 0x01, 0xFB, 0x80, 0x01, 0xFF, 0x00, 0x01, 0xFB, 0x80, 0x03,
  0xB9, 0xC0, 0x07, 0x38, 0xE0, 0x0E, 0x38, 0xE0, 0x1C, 0x38, 0x70, 0x38,
  0x38, 0x38, 0x70, 0x38, 0x1F, 0xF0, 0x38, 0x0F, 0x00, 0x00, 0x03, 0x00,
  0x00, 0x03, 0x00, 0x00, 0x03, 0x00, 0x00, 0x03, 0x00, 0x00, 0x03, 0x00,
  0x00, 0x03, 0x0F, 0xC1, 0xFF, 0xE1, 0xFF, 0xE3, 0x01, 0xE0, 0x01, 0xC0,
  0x01, 0xC0, 0x03, 0x00, 0x0E, 0x00, 0x1C, 0x00, 0x70, 0x7F, 0xC0, 0xFF,
  0x01, 0xFF, 0x80, 0x03, 0x80, 0x03, 0x80, 0x07, 0x00, 0x0E, 0x00, 0x1C,
  0x00, 0x38, 0x00, 0xFE, 0x07, 0xDF, 0xFF, 0x1F, 0xF8, 0x01, 0x80, 0x01,
  0x80, 0x03, 0x80, 0x03, 0x00, 0x0E, 0x00, 0x7C, 0x00, 0xF0, 0x00, 0x3F,
  0xC7, 0xFF, 0x18, 0x3C, 0x00, 0xE0, 0x07, 0x00, 0x38, 0x03, 0xC3, 0xFC,
  0x1F, 0xC0, 0x0F, 0x80, 0x1C, 0x00, 0x70, 0x03, 0x80, 0x1F, 0x01, 0xDF,
  0xFE, 0xFF, 0xC0, 0x30, 0x00, 0xC0, 0x06, 0x00, 0x38, 0x01, 0xC0, 0x3C,
  0x01, 0xC0, 0xE0, 0x0F, 0x38, 0x07, 0x0E, 0x03, 0x83, 0x81, 0xC0, 0xE0,
  0xF0, 0x38, 0x78, 0x0E, 0x3C, 0x03, 0x8E, 0x00, 0xE7, 0x00, 0x3B, 0x80,
  0x0F, 0xC0, 0x03, 0xB8, 0x00, 0xEF, 0x00, 0x39, 0xE0, 0x0E, 0x3C, 0x03,
  0x87, 0x80, 0xE0, 0xF0, 0x38, 0x1C, 0x0E, 0x03, 0x83, 0x80, 0x7F, 0xE0,
  0x0F, 0xF8, 0x01, 0xF0, 0x00, 0x1C, 0x00, 0x07, 0x00, 0x01, 0xC0, 0x00,
  0x70, 0x00, 0x1C, 0x00, 0x07, 0xC0, 0x7B, 0x03, 0x8C, 0x0E, 0x30, 0x70,
  0xC3, 0x83, 0x1C, 0x0C, 0xE0, 0x37, 0x00, 0xFC, 0x03, 0x78, 0x0C, 0xE0,
  0x31, 0xC0, 0xC3, 0x83, 0x07, 0x0C, 0x0E, 0x30, 0x1F, 0xC0, 0x3C, 0x00,
  0x70, 0x01, 0xC0, 0x07, 0x00, 0x1C, 0x00, 0x70, 0x01, 0xC0, 0xE0, 0x0F,
  0xE0, 0x1C, 0xE0, 0x38, 0xE6, 0x70, 0xE6, 0xF0, 0xE7, 0xE0, 0xE7, 0xC0,
  0xE7, 0x80, 0xE7, 0x00, 0xEE, 0x00, 0xFE, 0x00, 0xEE, 0x00, 0xEF, 0x00,
  0xE7, 0x80, 0xE7, 0xC0, 0xE7, 0xE0, 0xE6, 0xF0, 0xE6, 0x70, 0xE0, 0x38,
  0xE0, 0x1C, 0xE0, 0x0E, 0xE0, 0x07, 0xC0, 0x7E, 0x67, 0x33, 0x39, 0x9B,
  0x8C, 0xF8, 0x67, 0x83, 0x38, 0x1B, 0x80, 0xFC, 0x06, 0xF0, 0x33, 0x81,
  0x9E, 0x0C, 0xF8, 0x66, 0xE3, 0x33, 0x99, 0x8E, 0xC0, 0x38, 0x1C, 0x01,
  0xE3, 0x80, 0x73, 0xFE, 0x0E, 0x7F, 0xC3, 0x8F, 0xF8, 0xE0, 0x38, 0x1C,
  0x07, 0x07, 0x00, 0xE1, 0xC0, 0x1C, 0x38, 0x03, 0xFE, 0x00, 0x7F, 0xC0,
  0x0F, 0xF8, 0x01, 0xC3, 0x80, 0x38, 0x78, 0x07, 0x07, 0x00, 0xE0, 0x70,
  0x1C, 0x0F, 0x03, 0x80, 0xE0, 0x70, 0x0E, 0x0E, 0x01, 0xE1, 0xC0, 0x1C,
  0x38, 0x01, 0xC0, 0x18, 0x00, 0x18, 0x00, 0x18, 0x00, 0xFF, 0xE0, 0xFF,
  0xE0, 0x18, 0x00, 0x18, 0x00, 0x18, 0x0F, 0x18, 0x1C, 0x18, 0x1C, 0x18,
  0x38, 0x18, 0x70, 0x18, 0xE0, 0x19, 0xC0, 0x1B, 0x80, 0x1F, 0x80, 0x1B,
  0xC0, 0x19, 0xC0, 0x18, 0xE0, 0x18, 0x70, 0x18, 0x38, 0x18, 0x1C, 0x18,
  0x0E, 0x18, 0x07, 0xFF, 0x00, 0x7B, 0xFC, 0x03, 0xC0, 0x70, 0x1E, 0x01,
  0xC0, 0x70, 0x07, 0x03, 0x80, 0x1C, 0x1C, 0x00, 0x70, 0xE0, 0x01, 0xC7,
  0x00, 0x07, 0x38, 0x00, 0x1D, 0xC0, 0x00, 0x7F, 0x00, 0x01, 0xDC, 0x00,
  0x07, 0x38, 0x00, 0x1C, 0x70, 0x00, 0x70, 0xE0, 0x01, 0xC3, 0xC0, 0x07,
  0x07, 0x80, 0x1C, 0x0F, 0x00, 0x70, 0x1E, 0x01, 0xC0, 0x38, 0x07, 0x00,
  0x70, 0x1C, 0x00, 0xF0, 0xFF, 0x01, 0xFF, 0xC0, 0xE0, 0x70, 0x70, 0x1C,
  0x38, 0x07, 0x1C, 0x01, 0xCE, 0x00, 0x77, 0x00, 0x1F, 0x80, 0x07, 0xE0,
  0x01, 0xDC, 0x00, 0x77, 0x80, 0x1C, 0xE0, 0x07, 0x1C, 0x01, 0xC3, 0x80,
  0x70, 0x70, 0x1C, 0x0E, 0x07, 0x01, 0xC0, 0xE0, 0x03, 0x8E, 0x00, 0x38,
  0xE0, 0x03, 0x8E, 0x00, 0x38, 0xE0, 0x03, 0x8E, 0x00, 0x38, 0xE0, 0x03,
  0x8E, 0x00, 0x38, 0xE0, 0x03, 0x8F, 0xFF, 0xF8, 0xFF, 0xFF, 0x8F, 0xFF,
  0xF8, 0xE0, 0x03, 0x8E, 0x00, 0x38, 0xE0, 0x03, 0x8E, 0x00, 0x38, 0xE0,
  0x03, 0x8E, 0x00, 0x38, 0xE0, 0x03, 0x8E, 0x00, 0x3F, 0xE0, 0x03, 0xFE,
  0x00, 0x3F, 0x00, 0x00, 0x70, 0x00, 0x07, 0x00, 0x00, 0x70, 0x00, 0x07,
  0x00, 0x00, 0x70, 0x00, 0x07, 0xC0, 0x0C, 0x60, 0x06, 0x30, 0x03, 0x18,
  0x01, 0x8C, 0x00, 0xC6, 0x00, 0x63, 0x00, 0x31, 0xFF, 0xF8, 0xFF, 0xFC,
  0x7F, 0xFE, 0x30, 0x03, 0x18, 0x01, 0x8C, 0x00, 0xC6, 0x00, 0x63, 0x00,
  0x31, 0x80, 0x1F, 0xC0, 0x0F, 0x80, 0x01, 0xC0, 0x00, 0xE0, 0x00, 0x70,
  0x00, 0x38, 0x00, 0x1C, 0x00, 0x0E, 0xE0, 0x03, 0xFF, 0x80, 0x0F, 0xFE,
  0x00, 0x38, 0x38, 0x00, 0xE0, 0xE0, 0x03, 0x83, 0x80, 0x0E, 0x0E, 0x00,
  0x38, 0x38, 0x00, 0xE0, 0xE0, 0x03, 0x83, 0xFF, 0xFE, 0x0F, 0xFF, 0xF8,
  0x3F, 0xFF, 0xE0, 0xE0, 0x03, 0x83, 0x80, 0x0E, 0x0E, 0x00, 0x38, 0x38,
  0x00, 0xE0, 0xE0, 0x03, 0x83, 0x80, 0x0E, 0x0E, 0x00, 0x38, 0x38, 0x00,
  0xE0, 0xE0, 0x03, 0x83, 0x80, 0x0E, 0x00, 0xC0, 0x0F, 0xFC, 0x00, 0xFF,
  0xC0, 0x0C, 0x0C, 0x00, 0xC0, 0xC0, 0x0C, 0x0C, 0x00, 0xC0, 0xC0, 0x0C,
  0x0F, 0xFF, 0xC0, 0xFF, 0xFC, 0x0F, 0xFF, 0xC0, 0xC0, 0x0C, 0x0C, 0x00,
  0xC0, 0xC0, 0x0C, 0x0C, 0x00, 0xC0, 0xC0, 0x0C, 0x0C, 0x00, 0xC0, 0xC0,
  0x0C, 0x00, 0xFF, 0xFF, 0x00, 0x07, 0xFF, 0xF8, 0x00, 0x38, 0x01, 0xC0,
  0x01, 0xC0, 0x0E, 0x00, 0x0E, 0x00, 0x70, 0x00, 0x70, 0x03, 0x80, 0x03,
  0x80, 0x1C, 0x00, 0x1C, 0x00, 0xE0, 0x00, 0xE0, 0x07, 0x00, 0x07, 0x00,
  0x38, 0x00, 0x38, 0x01, 0xFF, 0xC1, 0xC0, 0x0F, 0xFF, 0x0E, 0x00, 0x70,
  0x7C, 0x70, 0x03, 0x80, 0xF3, 0x80, 0x1C, 0x03, 0xDC, 0x00, 0xE0, 0x0E,
  0xE0, 0x07, 0x00, 0x3F, 0x00, 0x38, 0x01, 0xF8, 0x01, 0xC0, 0x0F, 0xC0,
  0x0E, 0x00, 0x7E, 0x00, 0x70, 0x03, 0xF0, 0x03, 0x80, 0x1C, 0x00, 0x00,
  0x00, 0xE0, 0x00, 0x00, 0x0F, 0x00, 0x00, 0x00, 0x70, 0x00, 0x00, 0x07,
  0x80, 0x00, 0x00, 0x78, 0x00, 0x01, 0xFF, 0xC0, 0x00, 0x0F, 0xF8, 0x00,
  0x00, 0x1F, 0x00, 0xFF, 0xF8, 0x01, 0xFF, 0xF0, 0x03, 0xFF, 0xE0, 0x06,
  0x01, 0xC0, 0x0C, 0x03, 0x80, 0x18, 0x07, 0x00, 0x30, 0x0E, 0x00, 0x60,
  0x1F, 0xE0, 0xC0, 0x3F, 0xF1, 0x80, 0x7F, 0xF3, 0x00, 0xE0, 0xF6, 0x01,
  0xC0, 0xEC, 0x03, 0x80, 0xF8, 0x07, 0x01, 0xF0, 0x0E, 0x03, 0xE0, 0x1C,
  0x07, 0xC0, 0x38, 0x0E, 0x00, 0x00, 0x1C, 0x00, 0x00, 0x38, 0x00, 0x00,
  0x70, 0x00, 0x00, 0xC0, 0x00, 0x83, 0x80, 0x01, 0xFE, 0x00, 0x03, 0xF8,
  0x00, 0x01, 0xC0, 0x01, 0xF0, 0x00, 0x3F, 0xC0, 0x07, 0xFE, 0x00, 0x78,
  0x00, 0x03, 0x80, 0x00, 0x38, 0x07, 0xC1, 0xC0, 0x7F, 0x9C, 0x07, 0x9C,
  0xE0, 0x38, 0x77, 0x03, 0x83, 0xB8, 0x1C, 0x1D, 0xC0, 0xE0, 0xEE, 0x07,
  0x03, 0x70, 0x38, 0x1B, 0x81, 0xC1, 0xDC, 0x0E, 0x0E, 0xF0, 0x70, 0x73,
  0x81, 0xC7, 0x1E, 0x0E, 0x38, 0x78, 0x3B, 0x81, 0xF1, 0xFC, 0x07, 0xFF,
  0xC4, 0x0F, 0xFF, 0xE0, 0x00, 0x3F, 0x0F, 0xC0, 0x1F, 0xC0, 0x1E, 0x10,
  0x0E, 0x00, 0x0E, 0x07, 0xE7, 0x07, 0xFB, 0x87, 0x1D, 0xC3, 0x86, 0xE1,
  0xC3, 0x70, 0xE1, 0xB8, 0x70, 0xDC, 0x38, 0xEE, 0x1C, 0x73, 0x87, 0x71,
  0xE1, 0xF0, 0x7F, 0xF9, 0x0F, 0xFF, 0x80, 0x07, 0xC0, 0x00, 0xF8, 0x03,
  0xFF, 0xC3, 0xFF, 0xC3, 0xC0, 0x63, 0xC0, 0x03, 0xC0, 0x01, 0xC0, 0x01,
  0xE0, 0x00, 0xE0, 0x00, 0x70, 0x00, 0x38, 0x00, 0x1C, 0x00, 0x0E, 0x00,
  0x07, 0x00, 0x03, 0x80, 0x01, 0xC0, 0x00, 0xF0, 0x00, 0x38, 0x00, 0x1E,
  0x00, 0x07, 0x80, 0x01, 0xF0, 0x30, 0x7F, 0xF8, 0x0F, 0xFC, 0x01, 0x80,
  0x00, 0x60, 0x00, 0x18, 0x00, 0x0C, 0x00, 0x06, 0x00, 0x1F, 0x00, 0x0F,
  0x00, 0x0F, 0xE1, 0xFF, 0x3C, 0x67, 0x00, 0xE0, 0x0E, 0x00, 0xE0, 0x0E,
  0x00, 0xE0, 0x0E, 0x00, 0xE0, 0x0E, 0x00, 0xE0, 0x07, 0x00, 0x78, 0x33,
  0xFF, 0x0F, 0xF0, 0x30, 0x03, 0x80, 0x18, 0x01, 0xC0, 0x1C, 0x07, 0x80,
  0x70, 0xFF, 0xFF, 0xFF, 0xFF, 0xC0, 0x70, 0x00, 0x38, 0x00, 0x1C, 0x00,
  0x0E, 0x00, 0x07, 0x00, 0x03, 0x80, 0x01, 0xC0, 0x00, 0xE0, 0x00, 0x70,
  0x00, 0x38, 0x00, 0x1C, 0x00, 0x0E, 0x00, 0x07, 0x00, 0x03, 0x80, 0x01,
  0xC0, 0x00, 0xE0, 0x00, 0x70, 0x00, 0x3F, 0x00, 0x1F, 0x80, 0x0F, 0xC0,
  0x00, 0xE0, 0x00, 0x70, 0x00, 0x38, 0x00, 0x1C, 0x00, 0x0E, 0x00, 0x07,
  0x00, 0xFF, 0xFF, 0xFF, 0xFF, 0xFE, 0x0E, 0x00, 0x70, 0x03, 0x80, 0x1C,
  0x00, 0xE0, 0x07, 0x00, 0x38, 0x01, 0xC0, 0x0E, 0x00, 0x70, 0x03, 0x80,
  0x1C, 0x00, 0xF8, 0x07, 0xC0, 0x06, 0x00, 0x30, 0x01, 0x80, 0x0C, 0x00,
  0x60, 0x03, 0x00, 0xF0, 0x03, 0xDC, 0x00, 0xE3, 0x80, 0x70, 0xE0, 0x1C,
  0x1C, 0x0E, 0x07, 0x03, 0x80, 0xE1, 0xC0, 0x38, 0xE0, 0x07, 0x38, 0x01,
  0xDC, 0x00, 0x3F, 0x00, 0x0F, 0x80, 0x01, 0xE0, 0x00, 0x70, 0x00, 0x1C,
  0x00, 0x07, 0x00, 0x01, 0xC0, 0x00, 0x70, 0x00, 0x1C, 0x00, 0x07, 0x00,
  0x01, 0xC0, 0x00, 0x70, 0x00, 0xE0, 0x07, 0xE0, 0x06, 0x70, 0x0E, 0x70,
  0x0E, 0x38, 0x1C, 0x38, 0x1C, 0x38, 0x18, 0x1C, 0x38, 0x1C, 0x38, 0x0C,
  0x30, 0x0E, 0x70, 0x0E, 0x70, 0x06, 0x60, 0x07, 0xE0, 0x03, 0xC0, 0x03,
  0xC0, 0x03, 0xC0, 0x01, 0x80, 0x01, 0x80, 0x01, 0x80, 0x01, 0x80, 0x01,
  0x80, 0x01, 0x80, 0x01, 0x80, 0x01, 0x80, 0xF0, 0x03, 0xDC, 0x00, 0xE3,
  0x80, 0x70, 0xE0, 0x1C, 0x1C, 0x0E, 0x07, 0x03, 0x80, 0xE1, 0xC0, 0x38,
  0xE0, 0x07, 0x38, 0x01, 0xDC, 0x00, 0x3F, 0x00, 0x0F, 0x80, 0x01, 0xE0,
  0x00, 0x70, 0x01, 0xFF, 0xE0, 0x7F, 0xF8, 0x1F, 0xFE, 0x00, 0x70, 0x00,
  0x1C, 0x00, 0x07, 0x00, 0x01, 0xC0, 0x00, 0x70, 0x00, 0xE0, 0x07, 0xE0,
  0x06, 0x70, 0x0E, 0x70, 0x0E, 0x38, 0x1C, 0x38, 0x1C, 0x38, 0x18, 0x1C,
  0x38, 0x1C, 0x38, 0x0C, 0x30, 0x0E, 0x70, 0x0E, 0x70, 0x06, 0xE0, 0x07,
  0xE0, 0x03, 0xC0, 0x03, 0xC0, 0x03, 0xC0, 0x3F, 0xFC, 0x3F, 0xFC, 0x01,
  0x80, 0x01, 0x80, 0x01, 0x80, 0x01, 0x80, 0x01, 0x80, 0x01, 0x80, 0x70,
  0x03, 0xC7, 0x00, 0x70, 0xF0, 0x1C, 0x0E, 0x07, 0x00, 0xE0, 0xE0, 0x1C,
  0x38, 0x01, 0xCE, 0x00, 0x1D, 0xC0, 0x03, 0xF0, 0x00, 0x3C, 0x00, 0x07,
  0x80, 0x00, 0xF8, 0x00, 0x3F, 0x00, 0x06, 0x70, 0x01, 0xCE, 0x00, 0x70,
  0xE0, 0x0E, 0x0E, 0x03, 0x81, 0xC0, 0xE0, 0x1C, 0x1C, 0x03, 0xF7, 0x00,
  0x3F, 0xC0, 0x03, 0xC0, 0x00, 0x18, 0x00, 0x03, 0x00, 0x00, 0x60, 0x00,
  0x0C, 0x00, 0x01, 0x80, 0x00, 0x30, 0xE0, 0x1E, 0x70, 0x1C, 0x78, 0x38,
  0x38, 0x70, 0x1C, 0x70, 0x0E, 0xE0, 0x0F, 0xC0, 0x07, 0xC0, 0x03, 0x80,
  0x07, 0xC0, 0x0F, 0xC0, 0x1C, 0xE0, 0x1C, 0x70, 0x38, 0x78, 0x70, 0x38,
  0x70, 0x1F, 0xE0, 0x0F, 0x00, 0x07, 0x00, 0x07, 0x00, 0x07, 0x00, 0x07,
  0x00, 0x07, 0x00, 0x07, 0xFF, 0xFF, 0x87, 0x3F, 0xFF, 0xE1, 0xC0, 0x1C,
  0x00, 0x70, 0x07, 0x00, 0x1C, 0x01, 0xC0, 0x07, 0x00, 0x70, 0x01, 0xC0,
  0x1C, 0x00, 0x70, 0x07, 0x00, 0x1C, 0x01, 0xC0, 0x07, 0x00, 0x70, 0x01,
  0xC0, 0x1C, 0x00, 0x70, 0x07, 0x00, 0x1C, 0x01, 0xC0, 0x07, 0x00, 0x70,
  0x01, 0xC0, 0x1C, 0x00, 0x70, 0x07, 0x00, 0x1C, 0x01, 0xC0, 0x07, 0x00,
  0x70, 0x01, 0xC0, 0x1C, 0x00, 0x70, 0x07, 0xFF, 0xFF, 0x01, 0xFF, 0xFF,
  0xC0, 0x7F, 0xFF, 0xF0, 0x00, 0x00, 0x0C, 0x00, 0x00, 0x03, 0x00, 0x00,
  0x00, 0xC0, 0x00, 0x00, 0x30, 0x00, 0x00, 0x0C, 0x00, 0x00, 0x03, 0xFF,
  0xF8, 0xE7, 0xFF, 0xC7, 0x3F, 0xFE, 0x38, 0x1C, 0x01, 0xC0, 0xE0, 0x0E,
  0x07, 0x00, 0x70, 0x38, 0x03, 0x81, 0xC0, 0x1C, 0x0E, 0x00, 0xE0, 0x70,
  0x07, 0x03, 0x80, 0x38, 0x1C, 0x01, 0xC0, 0xE0, 0x0E, 0x07, 0x00, 0x70,
  0x38, 0x03, 0x81, 0xFF, 0xFF, 0x0F, 0xFF, 0xF8, 0x00, 0x01, 0xC0, 0x00,
  0x0E, 0x00, 0x00, 0x70, 0x00, 0x03, 0x80, 0x00, 0x1C, 0x00, 0x00, 0xE0,
  0xE0, 0x03, 0x8E, 0x00, 0x38, 0xE0, 0x03, 0x8E, 0x00, 0x38, 0xE0, 0x03,
  0x8E, 0x00, 0x38, 0xE0, 0x03, 0x8E, 0x00, 0x38, 0xE0, 0x03, 0x87, 0x00,
  0x38, 0x70, 0x03, 0x87, 0x83, 0xF8, 0x3F, 0xFF, 0x81, 0xFF, 0x38, 0x00,
  0x03, 0x80, 0x00, 0x38, 0x00, 0x03, 0x80, 0x00, 0x38, 0x00, 0x03, 0x80,
  0x00, 0x3F, 0x00, 0x03, 0xF0, 0x00, 0x3F, 0x00, 0x00, 0x70, 0x00, 0x07,
  0x00, 0x00, 0x70, 0x00, 0x07, 0x00, 0x00, 0x70, 0x00, 0x07, 0xE0, 0x0E,
  0x70, 0x07, 0x38, 0x03, 0x9C, 0x01, 0xCE, 0x00, 0xE7, 0x00, 0x73, 0x80,
  0x39, 0xC0, 0x1C, 0x70, 0x3E, 0x3F, 0xFF, 0x0F, 0xF3, 0x80, 0x01, 0xC0,
  0x00, 0xE0, 0x00, 0x70, 0x00, 0x38, 0x00, 0x1F, 0x00, 0x0F, 0x80, 0x01,
  0xC0, 0x00, 0xE0, 0x00, 0x70, 0x00, 0x38, 0x00, 0x1C, 0x00, 0x0E, 0xE0,
  0x03, 0xF0, 0x01, 0xF8, 0x00, 0xFC, 0x00, 0x7E, 0x00, 0x3F, 0x00, 0x1F,
  0x83, 0x0F, 0xC1, 0x87, 0xE0, 0xC3, 0xB8, 0x61, 0xDC, 0x30, 0xEF, 0x9F,
  0xF3, 0xFF, 0xF8, 0xFF, 0x9C, 0x03, 0x0E, 0x01, 0x87, 0x00, 0xC3, 0x80,
  0x61, 0xC0, 0x30, 0xE0, 0x00, 0x70, 0x00, 0x38, 0x00, 0x1C, 0xE0, 0x0F,
  0x80, 0x3E, 0x00, 0xF8, 0x03, 0xE0, 0x0F, 0x8C, 0x3E, 0x30, 0xF8, 0xC7,
  0x73, 0x3D, 0xFF, 0xF3, 0xFC, 0xC0, 0xC3, 0x03, 0x0C, 0x0C, 0x30, 0x30,
  0xC0, 0x03, 0x00, 0x0C, 0xE0, 0x00, 0xE0, 0x00, 0xE0, 0x00, 0xE0, 0x00,
  0xE0, 0x00, 0xE0, 0x00, 0xE0, 0x00, 0xE0, 0xE0, 0xEF, 0xFC, 0xFF, 0xFE,
  0xF8, 0x0F, 0xE0, 0x07, 0xE0, 0x07, 0xE0, 0x03, 0xE0, 0x03, 0xE0, 0x03,
  0xE0, 0x03, 0xE0, 0x03, 0xE0, 0x03, 0xE0, 0x03, 0xE0, 0x03, 0xE0, 0x03,
  0xC0, 0x03, 0x00, 0x0C, 0x00, 0x30, 0x00, 0xC0, 0x03, 0x00, 0x0C, 0x00,
  0x31, 0xF8, 0xDF, 0xF3, 0xE1, 0xEF, 0x03, 0xB8, 0x07, 0xE0, 0x1F, 0x80,
  0x7C, 0x01, 0xF0, 0x07, 0xC0, 0x1F, 0x00, 0x7C, 0x01, 0xF0, 0x07, 0xC0,
  0x1F, 0x00, 0x7C, 0x01, 0xF0, 0x07
  /* range 2 (0x4d8 - 0x4e9): */  , 0x07, 0xE0, 0x0F, 0xFF, 0x81, 0xFF,
  0xFC, 0x30, 0x07, 0xC0, 0x00, 0x38, 0x00, 0x03, 0x80, 0x00, 0x70, 0x00,
  0x07, 0x00, 0x00, 0xE0, 0x00, 0x1C, 0x00, 0x03, 0xFF, 0xFF, 0xFF, 0xFF,
  0xFF, 0xC0, 0x01, 0xF8, 0x00, 0x3F, 0x00, 0x07, 0xE0, 0x00, 0xEE, 0x00,
  0x39, 0xC0, 0x0F, 0x3C, 0x03, 0xC3, 0xE1, 0xF0, 0x3F, 0xFC, 0x01, 0xFE,
  0x00, 0x3F, 0x83, 0xFF, 0x8E, 0x0F, 0x00, 0x1E, 0x00, 0x38, 0x00, 0x70,
  0x01, 0xC0, 0x07, 0xFF, 0xFF, 0xFF, 0xFC, 0x01, 0xF8, 0x07, 0xE0, 0x3B,
  0x80, 0xE7, 0x07, 0x0F, 0xF8, 0x1F, 0xC0, 0x06, 0x18, 0x00, 0xE3, 0x00,
  0x18, 0x60, 0x00, 0x00, 0x00, 0x00, 0x00, 0x00, 0x00, 0x01, 0xF8, 0x03,
  0xFF, 0xE0, 0x7F, 0xFF, 0x0C, 0x01, 0xF0, 0x00, 0x0E, 0x00, 0x00, 0xE0,
  0x00, 0x1C, 0x00, 0x01, 0xC0, 0x00, 0x38, 0x00, 0x07, 0x00, 0x00, 0xFF,
  0xFF, 0xFF, 0xFF, 0xFF, 0xF0, 0x00, 0x7E, 0x00, 0x0F, 0xC0, 0x01, 0xF8,
  0x00, 0x3B, 0x80, 0x0E, 0x70, 0x03, 0xCF, 0x00, 0xF0, 0xF8, 0x7C, 0x0F,
  0xFF, 0x00, 0x7F, 0x80, 0x18, 0x60, 0x71, 0x81, 0x86, 0x00, 0x00, 0x00,
  0x00, 0x00, 0x03, 0xF8, 0x3F, 0xF8, 0xE0, 0xF0, 0x01, 0xE0, 0x03, 0x80,
  0x07, 0x00, 0x1C, 0x00, 0x7F, 0xFF, 0xFF, 0xFF, 0xC0, 0x1F, 0x80, 0x7E,
  0x03, 0xB8, 0x0E, 0x70, 0x70, 0xFF, 0x81, 0xFC, 0x00, 0x00, 0x30, 0xC0,
  0x00, 0x03, 0x8C, 0x00, 0x00, 0x30, 0xC0, 0x00, 0x00, 0x00, 0x00, 0x00,
  0x00, 0x00, 0x00, 0x00, 0x00, 0x00, 0x00, 0x00, 0x00, 0x17, 0x00, 0x70,
  0x0E, 0x38, 0x07, 0x01, 0xC1, 0xC0, 0x70, 0x1C, 0x1C, 0x07, 0x03, 0x80,
  0xE0, 0x70, 0x70, 0x07, 0x07, 0x07, 0x00, 0x70, 0x70, 0xE0, 0x03, 0x87,
  0x1C, 0x00, 0x1C, 0x71, 0xC0, 0x01, 0xFF, 0xF8, 0x00, 0x1F, 0xFF, 0x80,
  0x01, 0xFF, 0xFC, 0x00, 0x38, 0x71, 0xC0, 0x07, 0x87, 0x0E, 0x00, 0x70,
  0x70, 0xE0, 0x0E, 0x07, 0x07, 0x00, 0xE0, 0x70, 0x38, 0x1C, 0x07, 0x03,
  0x83, 0xC0, 0x70, 0x1C, 0x38, 0x07, 0x01, 0xE7, 0x00, 0x70, 0x0E, 0xF0,
  0x07, 0x00, 0x70, 0x00, 0xC3, 0x00, 0x00, 0xE3, 0x00, 0x00, 0xC3, 0x00,
  0x00, 0x00, 0x00, 0x00, 0x00, 0x00, 0x00, 0x00, 0x00, 0x70, 0x18, 0x0E,
  0x30, 0x18, 0x1C, 0x38, 0x18, 0x1C, 0x1C, 0x18, 0x38, 0x0C, 0x18, 0x70,
  0x0E, 0x18, 0x70, 0x07, 0x18, 0xE0, 0x03, 0xFF, 0xC0, 0x03, 0xFF, 0xC0,
  0x07, 0xFF, 0xE0, 0x07, 0x18, 0xE0, 0x0E, 0x18, 0x70, 0x1C, 0x18, 0x78,
  0x1C, 0x18, 0x38, 0x38, 0x18, 0x1C, 0x70, 0x18, 0x1E, 0xF0, 0x18, 0x0F,
  0x18, 0x60, 0x38, 0xC0, 0x61, 0x80, 0x00, 0x00, 0x00, 0x00, 0x00, 0x03,
  0xF0, 0x7F, 0xF8, 0x7F, 0xF8, 0xC0, 0x78, 0x00, 0x70, 0x00, 0x70, 0x00,
  0xC0, 0x03, 0x80, 0x07, 0x00, 0x1C, 0x1F, 0xF0, 0x3F, 0xC0, 0x7F, 0xE0,
  0x00, 0xE0, 0x00, 0xE0, 0x01, 0xC0, 0x03, 0x80, 0x07, 0x00, 0x0E, 0x00,
  0x3F, 0x81, 0xF7, 0xFF, 0xC7, 0xFE, 0x00, 0x30, 0xC1, 0xC6, 0x0C, 0x30,
  0x00, 0x00, 0x00, 0x00, 0x00, 0xFF, 0x1F, 0xFC, 0x60, 0xF0, 0x03, 0x80,
  0x1C, 0x00, 0xE0, 0x0F, 0x0F, 0xF0, 0x7F, 0x00, 0x3E, 0x00, 0x70, 0x01,
  0xC0, 0x0E, 0x00, 0x7C, 0x07, 0x7F, 0xFB, 0xFF, 0x00, 0x7F, 0xFE, 0x7F,
  0xFE, 0x00, 0x1C, 0x00, 0x38, 0x00, 0x70, 0x00, 0xE0, 0x01, 0xC0, 0x07,
  0x80, 0x0F, 0x00, 0x0F, 0xC0, 0x0F, 0xF8, 0x0F, 0xFC, 0x00, 0x1E, 0x00,
  0x0E, 0x00, 0x0F, 0x00, 0x07, 0x00, 0x07, 0x00, 0x0E, 0x00, 0x1E, 0xE0,
  0x3C, 0xFF, 0xF8, 0x7F, 0xE0, 0x7F, 0xFC, 0xFF, 0xF9, 0xFF, 0xE0, 0x01,
  0xC0, 0x07, 0x00, 0x1C, 0x00, 0x70, 0x01, 0xC0, 0x07, 0x00, 0x1C, 0x00,
  0x3F, 0x00, 0x7F, 0x80, 0x07, 0x80, 0x07, 0x80, 0x07, 0x00, 0x06, 0x00,
  0x0E, 0x00, 0x1C, 0x00, 0x30, 0x00, 0xE0, 0x01, 0xD8, 0x0F, 0x3F, 0xFC,
  0x3F, 0xF0, 0x06, 0x00, 0x0F, 0xFC, 0x03, 0xFF, 0x00, 0x00, 0x00, 0x00,
  0x00, 0x00, 0x00, 0x38, 0x00, 0xFE, 0x00, 0x7F, 0x80, 0x1F, 0xE0, 0x0F,
  0xF8, 0x07, 0x7E, 0x01, 0xDF, 0x80, 0xE7, 0xE0, 0x31, 0xF8, 0x1C, 0x7E,
  0x0E, 0x1F, 0x83, 0x07, 0xE1, 0xC1, 0xF8, 0xE0, 0x7E, 0x38, 0x1F, 0x9C,
  0x07, 0xEE, 0x01, 0xFB, 0x80, 0x7F, 0xC0, 0x1F, 0xE0, 0x07, 0xF8, 0x01,
  0xFC, 0x00, 0x7E, 0x00, 0x1C, 0x3F, 0xF0, 0xFF, 0xC0, 0x00, 0x00, 0x00,
  0xC0, 0x3F, 0x00, 0xFC, 0x07, 0xF0, 0x3F, 0xC0, 0xDF, 0x07, 0x7C, 0x19,
  0xF0, 0xE7, 0xC3, 0x1F, 0x18, 0x7C, 0xE1, 0xF3, 0x07, 0xDC, 0x1F, 0x60,
  0x7F, 0x81, 0xFC, 0x07, 0xE0, 0x1C, 0x06, 0x18, 0x01, 0xC6, 0x00, 0x61,
  0x80, 0x00, 0x00, 0x00, 0x00, 0x00, 0x00, 0x00, 0x00, 0x03, 0x80, 0x0F,
  0xE0, 0x07, 0xF8, 0x01, 0xFE, 0x00, 0xFF, 0x80, 0x77, 0xE0, 0x1D, 0xF8,
  0x0E, 0x7E, 0x03, 0x1F, 0x81, 0xC7, 0xE0, 0xE1, 0xF8, 0x30, 0x7E, 0x1C,
  0x1F, 0x8E, 0x07, 0xE3, 0x81, 0xF9, 0xC0, 0x7E, 0xE0, 0x1F, 0xB8, 0x07,
  0xFC, 0x01, 0xFE, 0x00, 0x7F, 0x80, 0x1F, 0xC0, 0x07, 0xE0, 0x01, 0xC0,
  0x18, 0x60, 0x71, 0x81, 0x86, 0x00, 0x00, 0x00, 0x00, 0x00, 0x0C, 0x03,
  0xF0, 0x0F, 0xC0, 0x7F, 0x03, 0xFC, 0x0D, 0xF0, 0x77, 0xC1, 0x9F, 0x0E,
  0x7C, 0x31, 0xF1, 0x87, 0xCE, 0x1F, 0x30, 0x7D, 0xC1, 0xF6, 0x07, 0xF8,
  0x1F, 0xC0, 0x7E, 0x01, 0xC0, 0x03, 0x0C, 0x00, 0x1C, 0x60, 0x00, 0xC3,
  0x00, 0x00, 0x00, 0x00, 0x00, 0x00, 0x00, 0x00, 0x00, 0x03, 0xE0, 0x00,
  0xFF, 0xE0, 0x1F, 0xFF, 0x81, 0xF0, 0x1E, 0x0E, 0x00, 0x78, 0xE0, 0x01,
  0xC7, 0x00, 0x07, 0x70, 0x00, 0x3B, 0x80, 0x01, 0xDC, 0x00, 0x0E, 0xE0,
  0x00, 0x3F, 0x00, 0x01, 0xF8, 0x00, 0x0F, 0xC0, 0x00, 0xEE, 0x00, 0x07,
  0x70, 0x00, 0x39, 0xC0, 0x01, 0xCE, 0x00, 0x1E, 0x78, 0x00, 0xE1, 0xE0,
  0x0E, 0x07, 0xC1, 0xF0, 0x1F, 0xFE, 0x00, 0x3F, 0xE0, 0x00, 0x18, 0x60,
  0x38, 0xC0, 0x61, 0x80, 0x00, 0x00, 0x00, 0x00, 0x00, 0x03, 0xF8, 0x0F,
  0xF8, 0x3C, 0x78, 0xE0, 0x3B, 0x80, 0x3F, 0x00, 0x7E, 0x00, 0xFC, 0x01,
  0xF8, 0x03, 0xF0, 0x07, 0xE0, 0x0F, 0xC0, 0x1F, 0x80, 0x3B, 0x80, 0xE7,
  0x83, 0xC7, 0xFF, 0x03, 0xF8, 0x00, 0x00, 0xF8, 0x00, 0x3F, 0xF8, 0x07,
  0xFF, 0xE0, 0x7C, 0x07, 0x83, 0x80, 0x1E, 0x38, 0x00, 0x71, 0xC0, 0x01,
  0xDC, 0x00, 0x0E, 0xE0, 0x00, 0x77, 0x00, 0x03, 0xBF, 0xFF, 0xFF, 0xFF,
  0xFF, 0xFF, 0xFF, 0xFF, 0xF0, 0x00, 0x3B, 0x80, 0x01, 0xDC, 0x00, 0x0E,
  0x70, 0x00, 0x73, 0x80, 0x07, 0x9E, 0x00, 0x38, 0x78, 0x03, 0x81, 0xF0,
  0x7C, 0x07, 0xFF, 0x80, 0x0F, 0xF8, 0x00, 0x0F, 0xE0, 0x3F, 0xE1, 0xF1,
  0xE3, 0x80, 0xEE, 0x00, 0xFC, 0x01, 0xF8, 0x03, 0xFF, 0xFF, 0xFF, 0xFF,
  0xFF, 0xFF, 0x80, 0x3F, 0x00, 0x7E, 0x00, 0xEE, 0x03, 0x9E, 0x0F, 0x1F,
  0xFC, 0x0F, 0xE0
 };

const GFXglyph NotoSans_Regular_Cyrillic_16pt16bGlyphs[] PROGMEM = {
// bmpOff,   w,   h,xAdv, xOff, yOff      range 0 (0x401 - 0x46b)
  {     0,  13,  28,  17,    3,  -27 },   // 0x401 uni0401  (#0)
  {    46,  21,  22,  22,    0,  -21 },   // 0x402 uni0402  (#1)
  {   104,  12,  30,  16,    3,  -29 },   // 0x403 uni0403  (#2)
  {   149,  17,  23,  20,    2,  -22 },   // 0x404 uni0404  (#3)
  {   198,  14,  23,  17,    2,  -22 },   // 0x405 uni0405  (#4)
  {   239,   3,  22,   9,    3,  -21 },   // 0x406 uni0406  (#5)
  {   248,   7,  28,   9,    1,  -27 },   // 0x407 uni0407  (#6)
  {   273,   8,  28,   9,   -2,  -21 },   // 0x408 uni0408  (#7)
  {   301,  30,  22,  32,    0,  -21 },   // 0x409 uni0409  (#8)
  {   384,  28,  22,  32,    3,  -21 },   // 0x40A uni040A  (#9)
  {   461,  21,  22,  22,    0,  -21 },   // 0x40B uni040B  (#10)
  {   519,  16,  30,  20,    3,  -29 },   // 0x40C uni040C  (#11)
  {   579,  18,  30,  24,    3,  -29 },   // 0x40D uni040D  (#12)
  {   647,  19,  28,  19,    0,  -27 },   // 0x40E uni040E  (#13)
  {   714,  17,  27,  23,    3,  -21 },   // 0x40F uni040F  (#14)
  {   772,  20,  22,  20,    0,  -21 },   // 0x410 uni0410  (#15)
  {   827,  15,  22,  19,    3,  -21 },   // 0x411 uni0411  (#16)
  {   869,  16,  22,  20,    3,  -21 },   // 0x412 uni0412  (#17)
  {   913,  12,  22,  16,    3,  -21 },   // 0x413 uni0413  (#18)
  {   946,  23,  27,  23,    0,  -21 },   // 0x414 uni0414  (#19)
  {  1024,  13,  22,  17,    3,  -21 },   // 0x415 uni0415  (#20)
  {  1060,  28,  22,  28,    0,  -21 },   // 0x416 uni0416  (#21)
  {  1137,  15,  23,  18,    1,  -22 },   // 0x417 uni0417  (#22)
  {  1181,  18,  22,  24,    3,  -21 },   // 0x418 uni0418  (#23)
  {  1231,  18,  28,  24,    3,  -27 },   // 0x419 uni0419  (#24)
  {  1294,  16,  22,  20,    3,  -21 },   // 0x41A uni041A  (#25)
  {  1338,  19,  22,  22,    0,  -21 },   // 0x41B uni041B  (#26)
  {  1391,  22,  22,  28,    3,  -21 },   // 0x41C uni041C  (#27)
  {  1452,  17,  22,  23,    3,  -21 },   // 0x41D uni041D  (#28)
  {  1499,  20,  23,  24,    2,  -22 },   // 0x41E uni041E  (#29)
  {  1557,  17,  22,  23,    3,  -21 },   // 0x41F uni041F  (#30)
  {  1604,  14,  22,  19,    3,  -21 },   // 0x420 uni0420  (#31)
  {  1643,  17,  23,  20,    2,  -22 },   // 0x421 uni0421  (#32)
  {  1692,  17,  22,  17,    0,  -21 },   // 0x422 uni0422  (#33)
  {  1739,  19,  22,  19,    0,  -21 },   // 0x423 uni0423  (#34)
  {  1792,  22,  23,  26,    2,  -22 },   // 0x424 uni0424  (#35)
  {  1856,  18,  22,  18,    0,  -21 },   // 0x425 uni0425  (#36)
  {  1906,  20,  27,  23,    3,  -21 },   // 0x426 uni0426  (#37)
  {  1974,  16,  22,  21,    2,  -21 },   // 0x427 uni0427  (#38)
  {  2018,  26,  22,  32,    3,  -21 },   // 0x428 uni0428  (#39)
  {  2090,  29,  27,  32,    3,  -21 },   // 0x429 uni0429  (#40)
  {  2188,  20,  22,  21,    0,  -21 },   // 0x42A uni042A  (#41)
  {  2243,  21,  22,  27,    3,  -21 },   // 0x42B uni042B  (#42)
  {  2301,  14,  22,  19,    3,  -21 },   // 0x42C uni042C  (#43)
  {  2340,  17,  23,  20,    1,  -22 },   // 0x42D uni042D  (#44)
  {  2389,  26,  23,  31,    3,  -22 },   // 0x42E uni042E  (#45)
  {  2464,  16,  22,  20,    1,  -21 },   // 0x42F uni042F  (#46)
  {  2508,  14,  17,  17,    1,  -16 },   // 0x430 uni0430  (#47)
  {  2538,  15,  24,  19,    2,  -23 },   // 0x431 uni0431  (#48)
  {  2583,  13,  17,  18,    3,  -16 },   // 0x432 uni0432  (#49)
  {  2611,  10,  17,  14,    3,  -16 },   // 0x433 uni0433  (#50)
  {  2633,  19,  21,  19,    0,  -16 },   // 0x434 uni0434  (#51)
  {  2683,  15,  17,  17,    1,  -16 },   // 0x435 uni0435  (#52)
  {  2715,  24,  17,  24,    0,  -16 },   // 0x436 uni0436  (#53)
  {  2766,  13,  17,  15,    1,  -16 },   // 0x437 uni0437  (#54)
  {  2794,  14,  17,  19,    3,  -16 },   // 0x438 uni0438  (#55)
  {  2824,  14,  23,  19,    3,  -22 },   // 0x439 uni0439  (#56)
  {  2865,  13,  17,  17,    3,  -16 },   // 0x43A uni043A  (#57)
  {  2893,  16,  17,  18,    0,  -16 },   // 0x43B uni043B  (#58)
  {  2927,  18,  17,  24,    3,  -16 },   // 0x43C uni043C  (#59)
  {  2966,  14,  17,  19,    3,  -16 },   // 0x43D uni043D  (#60)
  {  2996,  16,  17,  19,    1,  -16 },   // 0x43E uni043E  (#61)
  {  3030,  13,  17,  19,    3,  -16 },   // 0x43F uni043F  (#62)
  {  3058,  15,  25,  19,    3,  -16 },   // 0x440 uni0440  (#63)
  {  3105,  13,  17,  15,    1,  -16 },   // 0x441 uni0441  (#64)
  {  3133,  14,  17,  15,    0,  -16 },   // 0x442 uni0442  (#65)
  {  3163,  16,  25,  16,    0,  -16 },   // 0x443 uni0443  (#66)
  {  3213,  21,  32,  23,    1,  -23 },   // 0x444 uni0444  (#67)
  {  3297,  16,  17,  16,    0,  -16 },   // 0x445 uni0445  (#68)
  {  3331,  16,  21,  19,    3,  -16 },   // 0x446 uni0446  (#69)
  {  3373,  14,  17,  18,    2,  -16 },   // 0x447 uni0447  (#70)
  {  3403,  22,  17,  28,    3,  -16 },   // 0x448 uni0448  (#71)
  {  3450,  25,  21,  28,    3,  -16 },   // 0x449 uni0449  (#72)
  {  3516,  18,  17,  20,    0,  -16 },   // 0x44A uni044A  (#73)
  {  3555,  18,  17,  24,    3,  -16 },   // 0x44B uni044B  (#74)
  {  3594,  13,  17,  17,    3,  -16 },   // 0x44C uni044C  (#75)
  {  3622,  13,  17,  15,    1,  -16 },   // 0x44D uni044D  (#76)
  {  3650,  21,  17,  25,    3,  -16 },   // 0x44E uni044E  (#77)
  {  3695,  14,  17,  18,    1,  -16 },   // 0x44F uni044F  (#78)
  {  3725,  15,  24,  17,    1,  -23 },   // 0x450 uni0450  (#79)
  {  3770,  15,  23,  17,    1,  -22 },   // 0x451 uni0451  (#80)
  {  3814,  17,  32,  19,    0,  -23 },   // 0x452 uni0452  (#81)
  {  3882,  10,  24,  14,    3,  -23 },   // 0x453 uni0453  (#82)
  {  3912,  13,  17,  15,    1,  -16 },   // 0x454 uni0454  (#83)
  {  3940,  12,  17,  15,    1,  -16 },   // 0x455 uni0455  (#84)
  {  3966,   4,  23,   8,    2,  -22 },   // 0x456 uni0456  (#85)
  {  3978,   6,  23,   8,    1,  -22 },   // 0x457 uni0457  (#86)
  {  3996,   8,  31,   8,   -2,  -22 },   // 0x458 uni0458  (#87)
  {  4027,  26,  17,  27,    0,  -16 },   // 0x459 uni0459  (#88)
  {  4083,  23,  17,  28,    3,  -16 },   // 0x45A uni045A  (#89)
  {  4132,  17,  24,  19,    0,  -23 },   // 0x45B uni045B  (#90)
  {  4183,  13,  24,  17,    3,  -23 },   // 0x45C uni045C  (#91)
  {  4222,  14,  24,  19,    3,  -23 },   // 0x45D uni045D  (#92)
  {  4264,  16,  31,  16,    0,  -22 },   // 0x45E uni045E  (#93)
  {  4326,  13,  21,  19,    3,  -16 },   // 0x45F uni045F  (#94)
  {  4361,  27,  22,  29,    1,  -21 },   // 0x460 uni0460  (#95)
  {  4436,  23,  17,  25,    1,  -16 },   // 0x461 uni0461  (#96)
  {  4485,  20,  22,  21,    0,  -21 },   // 0x462 uni0462  (#97)
  {  4540,  18,  20,  20,    0,  -19 },   // 0x463 uni0463  (#98)
  {  4585,  25,  23,  29,    3,  -22 },   // 0x464 uni0464  (#99)
  {  4657,  19,  17,  23,    3,  -16 },   // 0x465 uni0465  (#100)
  {  4698,  21,  22,  21,    0,  -21 },   // 0x466 uni0466  (#101)
  {  4756,  18,  17,  18,    0,  -16 },   // 0x467 uni0467  (#102)
  {  4795,  26,  22,  29,    3,  -21 },   // 0x468 uni0468  (#103)
  {  4867,  21,  17,  24,    3,  -16 },   // 0x469 uni0469  (#104)
  {  4912,  22,  22,  23,    0,  -21 },   // 0x46A uni046A  (#105)
  {  4973,  20,  17,  20,    0,  -16 },   // 0x46B uni046B  (#106)
  {     0,   0,   0,   0,    0,    0 },   // 0x46C (skip)
  {     0,   0,   0,   0,    0,    0 },   // 0x46D (skip)
  {     0,   0,   0,   0,    0,    0 },   // 0x46E (skip)
  {     0,   0,   0,   0,    0,    0 },   // 0x46F (skip)
  {     0,   0,   0,   0,    0,    0 },   // 0x470 (skip)
  {     0,   0,   0,   0,    0,    0 },   // 0x471 (skip)
  {     0,   0,   0,   0,    0,    0 },   // 0x472 (skip)
  {     0,   0,   0,   0,    0,    0 },   // 0x473 (skip)
  {     0,   0,   0,   0,    0,    0 },   // 0x474 (skip)
  {     0,   0,   0,   0,    0,    0 },   // 0x475 (skip)
  {     0,   0,   0,   0,    0,    0 },   // 0x476 (skip)
  {     0,   0,   0,   0,    0,    0 },   // 0x477 (skip)
  {     0,   0,   0,   0,    0,    0 },   // 0x478 (skip)
  {     0,   0,   0,   0,    0,    0 },   // 0x479 (skip)
  {     0,   0,   0,   0,    0,    0 },   // 0x47A (skip)
  {     0,   0,   0,   0,    0,    0 },   // 0x47B (skip)
  {     0,   0,   0,   0,    0,    0 },   // 0x47C (skip)
  {     0,   0,   0,   0,    0,    0 },   // 0x47D (skip)
  {     0,   0,   0,   0,    0,    0 },   // 0x47E (skip)
  {     0,   0,   0,   0,    0,    0 },   // 0x47F (skip)
  {     0,   0,   0,   0,    0,    0 },   // 0x480 (skip)
  {     0,   0,   0,   0,    0,    0 },   // 0x481 (skip)
  {     0,   0,   0,   0,    0,    0 },   // 0x482 (skip)
  {     0,   0,   0,   0,    0,    0 },   // 0x483 (skip)
  {     0,   0,   0,   0,    0,    0 },   // 0x484 (skip)
  {     0,   0,   0,   0,    0,    0 },   // 0x485 (skip)
  {     0,   0,   0,   0,    0,    0 },   // 0x486 (skip)
  {     0,   0,   0,   0,    0,    0 },   // 0x487 (skip)
  {     0,   0,   0,   0,    0,    0 },   // 0x488 (skip)
  {     0,   0,   0,   0,    0,    0 },   // 0x489 (skip)
  {     0,   0,   0,   0,    0,    0 },   // 0x48A (skip)
  {     0,   0,   0,   0,    0,    0 },   // 0x48B (skip)
  {     0,   0,   0,   0,    0,    0 },   // 0x48C (skip)
  {     0,   0,   0,   0,    0,    0 },   // 0x48D (skip)
  {     0,   0,   0,   0,    0,    0 },   // 0x48E (skip)
  {     0,   0,   0,   0,    0,    0 },   // 0x48F (skip)
// bmpOff,   w,   h,xAdv, xOff, yOff      range 1 (0x490 - 0x4bb)
  {  5016,  13,  27,  17,    3,  -26 },   // 0x490 uni0490  (#107)
  {  5060,  10,  22,  14,    3,  -21 },   // 0x491 uni0491  (#108)
  {  5088,  15,  22,  17,    1,  -21 },   // 0x492 uni0492  (#109)
  {  5130,  13,  17,  14,    0,  -16 },   // 0x493 uni0493  (#110)
  {  5158,  16,  30,  20,    3,  -21 },   // 0x494 uni0494  (#111)
  {  5218,  13,  25,  17,    3,  -16 },   // 0x495 uni0495  (#112)
  {  5259,  28,  28,  28,    0,  -21 },   // 0x496 uni0496  (#113)
  {  5357,  24,  23,  25,    0,  -16 },   // 0x497 uni0497  (#114)
  {  5426,  15,  30,  18,    1,  -22 },   // 0x498 uni0498  (#115)
  {  5483,  13,  24,  15,    1,  -16 },   // 0x499 uni0499  (#116)
  {  5522,  18,  28,  21,    3,  -21 },   // 0x49A uni049A  (#117)
  {  5585,  14,  23,  17,    3,  -16 },   // 0x49B uni049B  (#118)
  {  5626,  16,  22,  20,    3,  -21 },   // 0x49C uni049C  (#119)
  {  5670,  13,  17,  17,    3,  -16 },   // 0x49D uni049D  (#120)
  {  5698,  19,  22,  20,    0,  -21 },   // 0x49E uni049E  (#121)
  {  5751,  16,  24,  17,    0,  -23 },   // 0x49F uni049F  (#122)
  {  5799,  22,  22,  22,    0,  -21 },   // 0x4A0 uni04A0  (#123)
  {  5860,  18,  17,  20,    1,  -16 },   // 0x4A1 uni04A1  (#124)
  {  5899,  20,  28,  24,    3,  -21 },   // 0x4A2 uni04A2  (#125)
  {  5969,  17,  23,  21,    3,  -16 },   // 0x4A3 uni04A3  (#126)
  {  6018,  22,  22,  26,    3,  -21 },   // 0x4A4 uni04A4  (#127)
  {  6079,  20,  17,  23,    3,  -16 },   // 0x4A5 uni04A5  (#128)
  {  6122,  29,  30,  33,    3,  -21 },   // 0x4A6 uni04A6  (#129)
  {  6231,  23,  25,  27,    3,  -16 },   // 0x4A7 uni04A7  (#130)
  {  6303,  21,  24,  24,    2,  -22 },   // 0x4A8 uni04A8  (#131)
  {  6366,  17,  18,  20,    2,  -16 },   // 0x4A9 uni04A9  (#132)
  {  6405,  17,  30,  20,    2,  -22 },   // 0x4AA uni04AA  (#133)
  {  6469,  12,  24,  15,    2,  -16 },   // 0x4AB uni04AB  (#134)
  {  6505,  17,  28,  17,    0,  -21 },   // 0x4AC uni04AC  (#135)
  {  6565,  13,  23,  15,    1,  -16 },   // 0x4AD uni04AD  (#136)
  {  6603,  18,  22,  18,    0,  -21 },   // 0x4AE uni04AE  (#137)
  {  6653,  16,  25,  16,    0,  -16 },   // 0x4AF uni04AF  (#138)
  {  6703,  18,  22,  18,    0,  -21 },   // 0x4B0 uni04B0  (#139)
  {  6753,  16,  25,  16,    0,  -16 },   // 0x4B1 uni04B1  (#140)
  {  6803,  19,  28,  20,    0,  -21 },   // 0x4B2 uni04B2  (#141)
  {  6870,  16,  23,  17,    1,  -16 },   // 0x4B3 uni04B3  (#142)
  {  6916,  26,  28,  27,    0,  -21 },   // 0x4B4 uni04B4  (#143)
  {  7007,  21,  23,  23,    1,  -16 },   // 0x4B5 uni04B5  (#144)
  {  7068,  20,  28,  22,    2,  -21 },   // 0x4B6 uni04B6  (#145)
  {  7138,  17,  23,  19,    2,  -16 },   // 0x4B7 uni04B7  (#146)
  {  7187,  17,  22,  22,    2,  -21 },   // 0x4B8 uni04B8  (#147)
  {  7234,  14,  17,  19,    2,  -16 },   // 0x4B9 uni04B9  (#148)
  {  7264,  16,  22,  22,    3,  -21 },   // 0x4BA uni04BA  (#149)
  {  7308,  14,  24,  19,    3,  -23 },   // 0x4BB uni04BB  (#150)
  {     0,   0,   0,   0,    0,    0 },   // 0x4BC (skip)
  {     0,   0,   0,   0,    0,    0 },   // 0x4BD (skip)
  {     0,   0,   0,   0,    0,    0 },   // 0x4BE (skip)
  {     0,   0,   0,   0,    0,    0 },   // 0x4BF (skip)
  {     0,   0,   0,   0,    0,    0 },   // 0x4C0 (skip)
  {     0,   0,   0,   0,    0,    0 },   // 0x4C1 (skip)
  {     0,   0,   0,   0,    0,    0 },   // 0x4C2 (skip)
  {     0,   0,   0,   0,    0,    0 },   // 0x4C3 (skip)
  {     0,   0,   0,   0,    0,    0 },   // 0x4C4 (skip)
  {     0,   0,   0,   0,    0,    0 },   // 0x4C5 (skip)
  {     0,   0,   0,   0,    0,    0 },   // 0x4C6 (skip)
  {     0,   0,   0,   0,    0,    0 },   // 0x4C7 (skip)
  {     0,   0,   0,   0,    0,    0 },   // 0x4C8 (skip)
  {     0,   0,   0,   0,    0,    0 },   // 0x4C9 (skip)
  {     0,   0,   0,   0,    0,    0 },   // 0x4CA (skip)
  {     0,   0,   0,   0,    0,    0 },   // 0x4CB (skip)
  {     0,   0,   0,   0,    0,    0 },   // 0x4CC (skip)
  {     0,   0,   0,   0,    0,    0 },   // 0x4CD (skip)
  {     0,   0,   0,   0,    0,    0 },   // 0x4CE (skip)
  {     0,   0,   0,   0,    0,    0 },   // 0x4CF (skip)
  {     0,   0,   0,   0,    0,    0 },   // 0x4D0 (skip)
  {     0,   0,   0,   0,    0,    0 },   // 0x4D1 (skip)
  {     0,   0,   0,   0,    0,    0 },   // 0x4D2 (skip)
  {     0,   0,   0,   0,    0,    0 },   // 0x4D3 (skip)
  {     0,   0,   0,   0,    0,    0 },   // 0x4D4 (skip)
  {     0,   0,   0,   0,    0,    0 },   // 0x4D5 (skip)
  {     0,   0,   0,   0,    0,    0 },   // 0x4D6 (skip)
  {     0,   0,   0,   0,    0,    0 },   // 0x4D7 (skip)
// bmpOff,   w,   h,xAdv, xOff, yOff      range 2 (0x4d8 - 0x4e9)
  {  7350,  19,  23,  23,    2,  -22 },   // 0x4D8 uni04D8  (#151)
  {  7405,  14,  17,  18,    2,  -16 },   // 0x4D9 uni04D9  (#152)
  {  7435,  19,  29,  23,    2,  -28 },   // 0x4DA uni04DA  (#153)
  {  7504,  14,  23,  18,    2,  -22 },   // 0x4DB uni04DB  (#154)
  {  7545,  28,  29,  28,    0,  -28 },   // 0x4DC uni04DC  (#155)
  {  7647,  24,  23,  24,    0,  -22 },   // 0x4DD uni04DD  (#156)
  {  7716,  15,  29,  18,    1,  -28 },   // 0x4DE uni04DE  (#157)
  {  7771,  13,  23,  15,    1,  -22 },   // 0x4DF uni04DF  (#158)
  {  7809,  16,  22,  18,    1,  -21 },   // 0x4E0 uni04E0  (#159)
  {  7853,  15,  25,  16,    0,  -16 },   // 0x4E1 uni04E1  (#160)
  {  7900,  18,  27,  24,    3,  -26 },   // 0x4E2 uni04E2  (#161)
  {  7961,  14,  21,  19,    3,  -20 },   // 0x4E3 uni04E3  (#162)
  {  7998,  18,  29,  24,    3,  -28 },   // 0x4E4 uni04E4  (#163)
  {  8064,  14,  23,  19,    3,  -22 },   // 0x4E5 uni04E5  (#164)
  {  8105,  21,  29,  24,    2,  -28 },   // 0x4E6 uni04E6  (#165)
  {  8182,  15,  23,  19,    2,  -22 },   // 0x4E7 uni04E7  (#166)
  {  8226,  21,  23,  25,    2,  -22 },   // 0x4E8 uni04E8  (#167)
  {  8287,  15,  17,  19,    2,  -16 } }; // 0x4E9 uni04E9  (#168)

const GFXfont NotoSans_Regular_Cyrillic_16pt16b PROGMEM = {
  (uint8_t  *)NotoSans_Regular_Cyrillic_16pt16bBitmaps,
  (GFXglyph *)NotoSans_Regular_Cyrillic_16pt16bGlyphs,
  0x401, // first
  0x4E9, // last
  43   //height
 };

// Approx. 9957 bytes

// /tmp/fontconvert_pinned -f /home/user/qmk_firmware/keyboards/handwired/polykybd/fonts/noto-sans/NotoSans-Regular.ttf -s 14 -v _Greek_ 900 901 913 929 931 969 
// Visualize your font via https://tchapi.github.io/Adafruit-GFX-Font-Customiser

/* num ranges: 3 */
const uint8_t NotoSans_Regular_Greek_14pt16bBitmaps[] PROGMEM = {
  /* range 0 (0x384 - 0x385): */  0x76, 0x6C, 0x0E, 0x33, 0x6E, 0xDD, 0x62
  /* range 1 (0x391 - 0x3a1): */  , 0x00, 0xC0, 0x00, 0x70, 0x00,
  0x1E, 0x00, 0x0F, 0x80, 0x03, 0x60, 0x00, 0xCC, 0x00, 0x73, 0x00, 0x18,
  0xE0, 0x0E, 0x18, 0x03, 0x86, 0x00, 0xC1, 0xC0, 0x70, 0x30, 0x1F, 0xFE,
  0x07, 0xFF, 0x83, 0x80, 0x60, 0xC0, 0x1C, 0x70, 0x03, 0x18, 0x00, 0xE6,
  0x00, 0x3B, 0x80, 0x07, 0xFE, 0x07, 0xFF, 0x3F, 0xFD, 0x80, 0xEC, 0x03,
  0xE0, 0x1F, 0x00, 0xF8, 0x06, 0xC0, 0xE7, 0xFE, 0x3F, 0xF9, 0x80, 0xEC,
  0x03, 0xE0, 0x0F, 0x00, 0x78, 0x03, 0xC0, 0x3E, 0x03, 0xFF, 0xFD, 0xFF,
  0x80, 0xFF, 0xFF, 0xFF, 0xFF, 0x00, 0xC0, 0x30, 0x0C, 0x03, 0x00, 0xC0,
  0x30, 0x0C, 0x03, 0x00, 0xC0, 0x30, 0x0C, 0x03, 0x00, 0xC0, 0x30, 0x0C,
  0x03, 0x00, 0x00, 0xC0, 0x00, 0xE0, 0x00, 0x78, 0x00, 0x7C, 0x00, 0x37,
  0x00, 0x19, 0x80, 0x1C, 0xC0, 0x0C, 0x70, 0x0E, 0x18, 0x06, 0x0E, 0x03,
  0x03, 0x03, 0x81, 0x81, 0x80, 0xE1, 0xC0, 0x30, 0xC0, 0x1C, 0x60, 0x0E,
  0x70, 0x03, 0x30, 0x01, 0xFF, 0xFF, 0xFF, 0xFF, 0xF0, 0xFF, 0xFF, 0xFF,
  0xFF, 0xE0, 0x0C, 0x01, 0x80, 0x30, 0x06, 0x00, 0xC0, 0x1F, 0xFB, 0xFF,
  0x60, 0x0C, 0x01, 0x80, 0x30, 0x06, 0x00, 0xC0, 0x18, 0x03, 0xFF, 0xFF,
  0xF0, 0xFF, 0xFB, 0xFF, 0xEF, 0xFF, 0x80, 0x0E, 0x00, 0x70, 0x03, 0x80,
  0x0E, 0x00, 0x70, 0x03, 0x80, 0x0E, 0x00, 0x70, 0x03, 0x80, 0x0E, 0x00,
  0x70, 0x03, 0x80, 0x0E, 0x00, 0x70, 0x03, 0x80, 0x0F, 0xFF, 0xFF, 0xFF,
  0xC0, 0x0F, 0x80, 0x1F, 0x00, 0x3E, 0x00, 0x7C, 0x00, 0xF8, 0x01, 0xF0,
  0x03, 0xE0, 0x07, 0xC0, 0x0F, 0xFF, 0xFF, 0xFF, 0xFE, 0x00, 0x7C, 0x00,
  0xF8, 0x01, 0xF0, 0x03, 0xE0, 0x07, 0xC0, 0x0F, 0x80, 0x1F, 0x00, 0x3E,
  0x00, 0x70, 0x03, 0xF0, 0x07, 0xFF, 0x03, 0xE1, 0xE1, 0xE0, 0x1C, 0x70,
  0x03, 0xB8, 0x00, 0xEE, 0x00, 0x1B, 0x80, 0x07, 0xC0, 0x01, 0xF1, 0xFE,
  0x7C, 0x7F, 0x9F, 0x00, 0x07, 0xC0, 0x01, 0xF8, 0x00, 0x6E, 0x00, 0x39,
  0xC0, 0x0E, 0x70, 0x07, 0x0F, 0x03, 0x81, 0xFF, 0xC0, 0x1F, 0xE0, 0xFF,
  0xFC, 0xE1, 0xC3, 0x87, 0x0E, 0x1C, 0x38, 0x70, 0xE1, 0xC3, 0x87, 0x0E,
  0x1C, 0x38, 0x73, 0xFF, 0xF0, 0xC0, 0x1F, 0x00, 0xEC, 0x07, 0x30, 0x38,
  0xC1, 0xC3, 0x0E, 0x0C, 0x70, 0x33, 0x80, 0xCC, 0x03, 0x70, 0x0F, 0xE0,
  0x39, 0xC0, 0xC7, 0x83, 0x0E, 0x0C, 0x1C, 0x30, 0x38, 0xC0, 0xE3, 0x01,
  0xCC, 0x03, 0xB0, 0x07, 0x01, 0xC0, 0x00, 0xE0, 0x00, 0xF0, 0x00, 0x7C,
  0x00, 0x36, 0x00, 0x3B, 0x00, 0x19, 0xC0, 0x0C, 0x60, 0x0E, 0x30, 0x06,
  0x1C, 0x07, 0x06, 0x03, 0x03, 0x81, 0x80, 0xC1, 0xC0, 0x60, 0xC0, 0x38,
  0x60, 0x0C, 0x70, 0x06, 0x30, 0x03, 0x98, 0x00, 0xDC, 0x00, 0x70, 0xE0,
  0x00, 0xFE, 0x00, 0x3F, 0xC0, 0x07, 0xF8, 0x01, 0xFF, 0x80, 0x37, 0xB0,
  0x06, 0xF7, 0x01, 0x9E, 0x60, 0x33, 0xCC, 0x0E, 0x79, 0xC1, 0x8F, 0x18,
  0x31, 0xE3, 0x0E, 0x3C, 0x71, 0x87, 0x86, 0x30, 0xF0, 0xEC, 0x1E, 0x0D,
  0x83, 0xC1, 0xF0, 0x78, 0x3C, 0x0F, 0x03, 0x81, 0xE0, 0x70, 0x30, 0xE0,
  0x07, 0xC0, 0x0F, 0xC0, 0x1F, 0xC0, 0x3F, 0x80, 0x7B, 0x80, 0xF3, 0x01,
  0xE7, 0x03, 0xC7, 0x07, 0x86, 0x0F, 0x0E, 0x1E, 0x0E, 0x3C, 0x1C, 0x78,
  0x1C, 0xF0, 0x1D, 0xE0, 0x3B, 0xC0, 0x3F, 0x80, 0x3F, 0x00, 0x7E, 0x00,
  0x70, 0xFF, 0xFF, 0xFF, 0xFF, 0xFE, 0x00, 0x00, 0x00, 0x00, 0x00, 0x00,
  0x00, 0x00, 0x00, 0x03, 0xFF, 0x9F, 0xFC, 0x00, 0x00, 0x00, 0x00, 0x00,
  0x00, 0x00, 0x00, 0x00, 0x00, 0x00, 0x3F, 0xFF, 0xFF, 0xF0, 0x03, 0xF0,
  0x07, 0xFF, 0x03, 0xE1, 0xE1, 0xE0, 0x1C, 0x70, 0x03, 0xB8, 0x00, 0xEE,
  0x00, 0x1B, 0x80, 0x07, 0xC0, 0x01, 0xF0, 0x00, 0x7C, 0x00, 0x1F, 0x00,
  0x07, 0xC0, 0x01, 0xF8, 0x00, 0x6E, 0x00, 0x39, 0xC0, 0x0E, 0x70, 0x07,
  0x0F, 0x03, 0x81, 0xFF, 0xC0, 0x1F, 0xE0, 0xFF, 0xFF, 0xFF, 0xFF, 0xFF,
  0xF0, 0x03, 0xC0, 0x0F, 0x00, 0x3C, 0x00, 0xF0, 0x03, 0xC0, 0x0F, 0x00,
  0x3C, 0x00, 0xF0, 0x03, 0xC0, 0x0F, 0x00, 0x3C, 0x00, 0xF0, 0x03, 0xC0,
  0x0F, 0x00, 0x3C, 0x00, 0xF0, 0x03, 0xFC, 0x0F, 0xFC, 0xFF, 0xEC, 0x0F,
  0xC0, 0x7C, 0x03, 0xC0, 0x3C, 0x07, 0xC0, 0x7C, 0x0E, 0xFF, 0xCF, 0xF8,
  0xC0, 0x0C, 0x00, 0xC0, 0x0C, 0x00, 0xC0, 0x0C, 0x00, 0xC0, 0x0C, 0x00
  /* range 2 (0x3a3 - 0x3c9): */  ,
  0xFF, 0xFB, 0xFF, 0xEF, 0xFF, 0x9C, 0x00, 0x38, 0x00, 0x70, 0x00, 0xE0,
  0x01, 0xC0, 0x07, 0x00, 0x0E, 0x00, 0x38, 0x01, 0xC0, 0x0E, 0x00, 0x30,
  0x01, 0xC0, 0x0E, 0x00, 0x70, 0x03, 0x80, 0x0F, 0xFF, 0xFF, 0xFF, 0xFF,
  0xFF, 0xFF, 0xFF, 0xFF, 0xF8, 0x1C, 0x00, 0x38, 0x00, 0x70, 0x00, 0xE0,
  0x01, 0xC0, 0x03, 0x80, 0x07, 0x00, 0x0E, 0x00, 0x1C, 0x00, 0x38, 0x00,
  0x70, 0x00, 0xE0, 0x01, 0xC0, 0x03, 0x80, 0x07, 0x00, 0x0E, 0x00, 0x1C,
  0x00, 0xE0, 0x07, 0x60, 0x0E, 0x70, 0x0C, 0x30, 0x1C, 0x38, 0x18, 0x18,
  0x38, 0x1C, 0x30, 0x0C, 0x70, 0x0E, 0x60, 0x06, 0xE0, 0x07, 0xC0, 0x03,
  0xC0, 0x01, 0x80, 0x01, 0x80, 0x01, 0x80, 0x01, 0x80, 0x01, 0x80, 0x01,
  0x80, 0x01, 0x80, 0x01, 0x80, 0x00, 0x70, 0x00, 0x03, 0x80, 0x00, 0x7F,
  0x80, 0x1F, 0xFF, 0x03, 0xF7, 0x7E, 0x1C, 0x38, 0x79, 0xC1, 0xC1, 0xCC,
  0x0E, 0x06, 0x60, 0x70, 0x3F, 0x03, 0x81, 0xF8, 0x1C, 0x0E, 0xC0, 0xE0,
  0x76, 0x07, 0x03, 0x38, 0x38, 0x38, 0xE1, 0xC3, 0x83, 0xFF, 0xF8, 0x0F,
  0xFF, 0x80, 0x07, 0x80, 0x00, 0x1C, 0x00, 0x00, 0xE0, 0x00, 0x60, 0x07,
  0x70, 0x0E, 0x38, 0x0C, 0x18, 0x1C, 0x1C, 0x38, 0x0C, 0x30, 0x0E, 0x70,
  0x07, 0xE0, 0x03, 0xC0, 0x03, 0xC0, 0x03, 0xC0, 0x03, 0xE0, 0x06, 0x60,
  0x0E, 0x70, 0x0C, 0x30, 0x1C, 0x38, 0x38, 0x1C, 0x30, 0x0C, 0x70, 0x0E,
  0xE0, 0x07, 0xE0, 0xC1, 0xF8, 0x30, 0x7E, 0x0C, 0x1F, 0x83, 0x07, 0xE0,
  0xC1, 0xF8, 0x30, 0x7E, 0x0C, 0x1F, 0x83, 0x07, 0x60, 0xC1, 0xD8, 0x30,
  0x77, 0x0C, 0x19, 0xC3, 0x0E, 0x3C, 0xCF, 0x07, 0xFF, 0x80, 0x7F, 0x80,
  0x03, 0x00, 0x00, 0xC0, 0x00, 0x30, 0x00, 0x0C, 0x00, 0x03, 0x00, 0x03,
  0xF0, 0x03, 0xFF, 0x03, 0xE1, 0xE0, 0xE0, 0x1C, 0x70, 0x03, 0x98, 0x00,
  0xEE, 0x00, 0x1B, 0x80, 0x07, 0xC0, 0x01, 0xF0, 0x00, 0x7C, 0x00, 0x1F,
  0x80, 0x07, 0xE0, 0x01, 0x98, 0x00, 0x67, 0x00, 0x38, 0xC0, 0x1C, 0x18,
  0x0E, 0x03, 0x07, 0x0F, 0xE1, 0xFF, 0xF8, 0x7F, 0xC7, 0xE7, 0x42, 0x00,
  0x00, 0xFE, 0xFE, 0x38, 0x38, 0x38, 0x38, 0x38, 0x38, 0x38, 0x38, 0x38,
  0x38, 0x38, 0x38, 0x38, 0x38, 0x38, 0x38, 0xFE, 0xFE, 0x0C, 0x70, 0x0E,
  0x70, 0x04, 0x20, 0x00, 0x00, 0x00, 0x00, 0xE0, 0x07, 0x60, 0x0E, 0x70,
  0x0C, 0x30, 0x1C, 0x38, 0x18, 0x18, 0x38, 0x1C, 0x30, 0x0C, 0x70, 0x0E,
  0x60, 0x06, 0xE0, 0x07, 0xC0, 0x03, 0xC0, 0x01, 0x80, 0x01, 0x80, 0x01,
  0x80, 0x01, 0x80, 0x01, 0x80, 0x01, 0x80, 0x01, 0x80, 0x01, 0x80, 0x03,
  0x80, 0x0C, 0x00, 0x30, 0x01, 0x80, 0x00, 0x00, 0x00, 0x01, 0xF1, 0x8F,
  0xEE, 0x70, 0xFB, 0x81, 0xEC, 0x03, 0xB0, 0x0E, 0xC0, 0x3B, 0x00, 0xEC,
  0x03, 0xB0, 0x0E, 0xC0, 0x3B, 0x81, 0xE7, 0x07, 0x9F, 0xFF, 0x3F, 0x9C,
  0x03, 0x80, 0x60, 0x0C, 0x03, 0x00, 0x00, 0x00, 0x07, 0xF1, 0xFF, 0x70,
  0x4C, 0x01, 0x80, 0x38, 0x03, 0xF0, 0x3E, 0x1E, 0x07, 0x00, 0xE0, 0x1C,
  0x03, 0xC0, 0xBF, 0xF3, 0xFE, 0x07, 0x00, 0x60, 0x06, 0x00, 0xC0, 0x00,
  0x00, 0x00, 0xC7, 0xCF, 0xFE, 0xF8, 0x7F, 0x03, 0xE0, 0x3E, 0x03, 0xE0,
  0x3E, 0x03, 0xE0, 0x3E, 0x03, 0xE0, 0x3E, 0x03, 0xE0, 0x3E, 0x03, 0xE0,
  0x30, 0x03, 0x00, 0x30, 0x03, 0x00, 0x30, 0x03, 0x00, 0x30, 0x03, 0x38,
  0x60, 0xC3, 0x00, 0x00, 0x38, 0x70, 0xE1, 0xC3, 0x87, 0x0E, 0x1C, 0x38,
  0x70, 0xE1, 0xC3, 0x83, 0xF3, 0xE0, 0x03, 0x81, 0x9B, 0x0E, 0xDC, 0x2C,
  0x40, 0x00, 0x00, 0x03, 0x81, 0xDC, 0x0E, 0xE0, 0x37, 0x01, 0xB8, 0x0D,
  0xC0, 0x6E, 0x03, 0x70, 0x1F, 0x80, 0xDC, 0x06, 0xE0, 0x37, 0x03, 0x9C,
  0x38, 0xFF, 0xC3, 0xF8, 0x00, 0x1F, 0x18, 0xFE, 0xE7, 0x0F, 0xB8, 0x1E,
  0xC0, 0x3B, 0x00, 0xEC, 0x03, 0xB0, 0x0E, 0xC0, 0x3B, 0x00, 0xEC, 0x03,
  0xB8, 0x1E, 0x70, 0x79, 0xFF, 0xF3, 0xF9, 0xC0, 0x0F, 0xC1, 0xFF, 0x1E,
  0x3C, 0xC0, 0xE6, 0x03, 0x70, 0x1B, 0x80, 0xDC, 0x0E, 0xE0, 0x67, 0x3E,
  0x39, 0xF1, 0xC0, 0xEE, 0x03, 0xF0, 0x0F, 0x80, 0x7C, 0x03, 0xE0, 0x1F,
  0x01, 0xF8, 0x1F, 0xFF, 0xEF, 0xFC, 0x70, 0x03, 0x80, 0x1C, 0x00, 0xE0,
  0x07, 0x00, 0x38, 0x01, 0xC0, 0x00, 0xE0, 0x1F, 0x00, 0xD8, 0x06, 0xE0,
  0x37, 0x01, 0x98, 0x1C, 0xE0, 0xE3, 0x06, 0x18, 0x30, 0xE3, 0x83, 0x18,
  0x19, 0x80, 0xFC, 0x03, 0xC0, 0x1C, 0x00, 0xE0, 0x07, 0x00, 0x38, 0x01,
  0xC0, 0x0E, 0x00, 0x70, 0x00, 0x07, 0xE0, 0x3F, 0xE1, 0xC3, 0x86, 0x04,
  0x18, 0x00, 0x70, 0x01, 0xE0, 0x03, 0xE0, 0x0F, 0xC0, 0x73, 0x83, 0x07,
  0x1C, 0x0E, 0x60, 0x1B, 0x80, 0x7E, 0x01, 0xF8, 0x07, 0xE0, 0x19, 0x80,
  0x67, 0x03, 0x8F, 0xFC, 0x0F, 0xC0, 0x1F, 0xC7, 0xFD, 0xC1, 0x30, 0x06,
  0x00, 0xE0, 0x0F, 0xC0, 0xF8, 0x78, 0x1C, 0x03, 0x80, 0x70, 0x0F, 0x02,
  0xFF, 0xCF, 0xF8, 0xFF, 0xFF, 0xFC, 0x07, 0x00, 0xC0, 0x30, 0x0E, 0x03,
  0x80, 0xE0, 0x18, 0x07, 0x01, 0xC0, 0x30, 0x0E, 0x01, 0x80, 0x30, 0x06,
  0x00, 0xC0, 0x1C, 0x03, 0xC0, 0x3F, 0x81, 0xFC, 0x07, 0x80, 0x30, 0x06,
  0x00, 0xC0, 0x38, 0x06, 0x00, 0xC7, 0xCF, 0xFE, 0xF8, 0x7F, 0x03, 0xE0,
  0x3E, 0x03, 0xE0, 0x3E, 0x03, 0xE0, 0x3E, 0x03, 0xE0, 0x3E, 0x03, 0xE0,
  0x3E, 0x03, 0xE0, 0x30, 0x03, 0x00, 0x30, 0x03, 0x00, 0x30, 0x03, 0x00,
  0x30, 0x03, 0x0F, 0x81, 0xFE, 0x1C, 0x38, 0xC0, 0xEE, 0x07, 0x60, 0x1B,
  0x00, 0xD8, 0x07, 0xC0, 0x3F, 0xFF, 0xFF, 0xFF, 0x80, 0x7C, 0x03, 0xE0,
  0x1F, 0x00, 0xF8, 0x06, 0xE0, 0x33, 0x03, 0x9C, 0x38, 0x7F, 0x81, 0xF8,
  0x00, 0xE1, 0xC3, 0x87, 0x0E, 0x1C, 0x38, 0x70, 0xE1, 0xC3, 0x87, 0x0E,
  0x0F, 0xCF, 0x80, 0xE0, 0x7E, 0x0E, 0xE1, 0xCE, 0x38, 0xE7, 0x0E, 0x70,
  0xEE, 0x0F, 0xE0, 0xFF, 0x0E, 0x30, 0xE3, 0x8E, 0x1C, 0xE0, 0xEE, 0x0E,
  0xE0, 0x70, 0xF0, 0x03, 0xF0, 0x01, 0xC0, 0x03, 0x80, 0x06, 0x00, 0x1C,
  0x00, 0x30, 0x01, 0xE0, 0x07, 0x80, 0x36, 0x00, 0xDC, 0x03, 0x30, 0x1C,
  0xC0, 0x63, 0x81, 0x86, 0x0E, 0x1C, 0x30, 0x70, 0xC0, 0xC7, 0x03, 0x98,
  0x0F, 0xE0, 0x1C, 0xE0, 0x39, 0xC0, 0x73, 0x80, 0xE7, 0x01, 0xCE, 0x03,
  0x9C, 0x07, 0x38, 0x0E, 0x70, 0x1C, 0xE0, 0x39, 0xC0, 0x73, 0x80, 0xE7,
  0x03, 0xCF, 0x07, 0x9F, 0xFF, 0xFF, 0xE7, 0xF0, 0x00, 0xE0, 0x01, 0xC0,
  0x03, 0x80, 0x07, 0x00, 0x0E, 0x00, 0x1C, 0x00, 0x00, 0xE0, 0x1F, 0x00,
  0xD8, 0x06, 0xE0, 0x37, 0x01, 0x98, 0x1C, 0xE0, 0xE3, 0x06, 0x18, 0x30,
  0xE3, 0x83, 0x18, 0x19, 0xC0, 0xFC, 0x03, 0xC0, 0x1C, 0x00, 0xFF, 0xFF,
  0xFC, 0x60, 0x38, 0x06, 0x01, 0xC0, 0x38, 0x03, 0x00, 0x70, 0x07, 0xF8,
  0x7F, 0x38, 0x0E, 0x01, 0x80, 0x30, 0x06, 0x00, 0xC0, 0x1C, 0x03, 0xC0,
  0x3F, 0x81, 0xFC, 0x07, 0x80, 0x30, 0x06, 0x00, 0xC0, 0x38, 0x06, 0x00,
  0x0F, 0x81, 0xFF, 0x1C, 0x3D, 0xC0, 0x6E, 0x03, 0xE0, 0x1F, 0x00, 0x78,
  0x03, 0xC0, 0x1E, 0x01, 0xF0, 0x0F, 0xC0, 0x67, 0x07, 0x1F, 0xF0, 0x7F,
  0x00, 0xFF, 0xFF, 0xFF, 0xFF, 0xC7, 0x03, 0x03, 0x81, 0x81, 0xC0, 0xC0,
  0xE0, 0x60, 0x70, 0x30, 0x38, 0x18, 0x1C, 0x0C, 0x0E, 0x06, 0x07, 0x03,
  0x03, 0x81, 0x81, 0xC0, 0xE0, 0xE0, 0x7C, 0x70, 0x1E, 0x0F, 0x81, 0xFF,
  0x1C, 0x3C, 0xC0, 0xEE, 0x03, 0x70, 0x1F, 0x00, 0xF8, 0x07, 0xC0, 0x3E,
  0x01, 0xF0, 0x0F, 0x80, 0x6E, 0x07, 0x7F, 0xF3, 0x7F, 0x18, 0x00, 0xC0,
  0x06, 0x00, 0x30, 0x01, 0x80, 0x0C, 0x00, 0x60, 0x00, 0x0F, 0x8F, 0xF7,
  0x0F, 0x80, 0xC0, 0x30, 0x0C, 0x03, 0x00, 0xC0, 0x30, 0x0C, 0x03, 0x80,
  0x70, 0x0F, 0xC1, 0xFC, 0x0F, 0x00, 0xC0, 0x30, 0x0C, 0x07, 0x01, 0x80,
  0x07, 0xFC, 0xFF, 0xF7, 0x86, 0x38, 0x1C, 0xE0, 0x33, 0x00, 0xEC, 0x03,
  0xB0, 0x0E, 0xC0, 0x3B, 0x00, 0xEC, 0x03, 0x38, 0x0C, 0x70, 0x71, 0xFF,
  0x81, 0xF8, 0x00, 0xFF, 0xFF, 0xFF, 0xC3, 0x80, 0x1C, 0x00, 0xE0, 0x07,
  0x00, 0x38, 0x01, 0xC0, 0x0E, 0x00, 0x70, 0x03, 0x80, 0x1C, 0x00, 0x60,
  0x03, 0xF8, 0x0F, 0xC0, 0xE0, 0x77, 0x03, 0xB8, 0x0D, 0xC0, 0x6E, 0x03,
  0x70, 0x1B, 0x80, 0xDC, 0x07, 0xE0, 0x37, 0x01, 0xB8, 0x0D, 0xC0, 0xE7,
  0x0E, 0x3F, 0xF0, 0xFE, 0x00, 0x01, 0x80, 0x01, 0x80, 0x01, 0x80, 0x01,
  0x80, 0x01, 0x80, 0x01, 0x80, 0x0F, 0xE0, 0x3F, 0xF8, 0x79, 0x9E, 0x61,
  0x8E, 0xE1, 0x87, 0xC1, 0x83, 0xC1, 0x83, 0xC1, 0x83, 0xC1, 0x83, 0xC1,
  0x83, 0xE1, 0x87, 0xE1, 0x87, 0x71, 0x8E, 0x3F, 0xFC, 0x0F, 0xF0, 0x01,
  0x80, 0x01, 0x80, 0x01, 0x80, 0x01, 0x80, 0x01, 0x80, 0x01, 0x80, 0x01,
  0x80, 0x70, 0x07, 0x78, 0x06, 0x38, 0x0E, 0x1C, 0x0C, 0x0C, 0x1C, 0x0E,
  0x18, 0x06, 0x30, 0x07, 0x30, 0x03, 0x60, 0x03, 0xE0, 0x01, 0xC0, 0x01,
  0xC0, 0x03, 0xC0, 0x03, 0xE0, 0x06, 0xE0, 0x0E, 0x70, 0x0C, 0x70, 0x1C,
  0x38, 0x38, 0x38, 0x30, 0x1D, 0x70, 0x0F, 0xE0, 0x06, 0x01, 0x80, 0x00,
  0xC0, 0x00, 0x60, 0x00, 0x30, 0x00, 0x18, 0x00, 0x0C, 0x03, 0x86, 0x1D,
  0xC3, 0x06, 0xE1, 0x83, 0x70, 0xC1, 0xB8, 0x60, 0xFC, 0x30, 0x7E, 0x18,
  0x3F, 0x0C, 0x1F, 0x86, 0x0F, 0xC3, 0x06, 0xE1, 0x83, 0x30, 0xC3, 0x9C,
  0x63, 0x87, 0xFF, 0x81, 0xFF, 0x80, 0x0C, 0x00, 0x06, 0x00, 0x03, 0x00,
  0x01, 0x80, 0x00, 0xC0, 0x00, 0x60, 0x00, 0x30, 0x00, 0x38, 0x07, 0x1C,
  0x00, 0xE6, 0x00, 0x1B, 0x80, 0x07, 0xE0, 0x01, 0xF0, 0x30, 0x3C, 0x0C,
  0x0F, 0x03, 0x03, 0xC0, 0xC0, 0xF0, 0x30, 0x3C, 0x0C, 0x1F, 0x83, 0x07,
  0x61, 0xE3, 0x9F, 0xDF, 0xE3, 0xF3, 0xF0
 };

const GFXglyph NotoSans_Regular_Greek_14pt16bGlyphs[] PROGMEM = {
// bmpOff,   w,   h,xAdv, xOff, yOff      range 0 (0x384 - 0x385)
  {     0,   4,   4,   6,    1,  -20 },   // 0x384 tonos  (#0)
  {     2,  10,   4,  18,    4,  -20 },   // 0x385 dieresistonos  (#1)
  {     0,   0,   0,   0,    0,    0 },   // 0x386 (skip)
  {     0,   0,   0,   0,    0,    0 },   // 0x387 (skip)
  {     0,   0,   0,   0,    0,    0 },   // 0x388 (skip)
  {     0,   0,   0,   0,    0,    0 },   // 0x389 (skip)
  {     0,   0,   0,   0,    0,    0 },   // 0x38A (skip)
  {     0,   0,   0,   0,    0,    0 },   // 0x38B (skip)
  {     0,   0,   0,   0,    0,    0 },   // 0x38C (skip)
  {     0,   0,   0,   0,    0,    0 },   // 0x38D (skip)
  {     0,   0,   0,   0,    0,    0 },   // 0x38E (skip)
  {     0,   0,   0,   0,    0,    0 },   // 0x38F (skip)
  {     0,   0,   0,   0,    0,    0 },   // 0x390 (skip)
// bmpOff,   w,   h,xAdv, xOff, yOff      range 1 (0x391 - 0x3a1)
  {     7,  18,  20,  18,    0,  -19 },   // 0x391 Alpha  (#2)
  {    52,  13,  20,  18,    3,  -19 },   // 0x392 Beta  (#3)
  {    85,  10,  20,  14,    3,  -19 },   // 0x393 Gamma  (#4)
  {   110,  17,  20,  18,    0,  -19 },   // 0x394 uni0394  (#5)
  {   153,  11,  20,  15,    3,  -19 },   // 0x395 Epsilon  (#6)
  {   181,  14,  20,  16,    1,  -19 },   // 0x396 Zeta  (#7)
  {   216,  15,  20,  20,    3,  -19 },   // 0x397 Eta  (#8)
  {   254,  18,  20,  21,    2,  -19 },   // 0x398 Theta  (#9)
  {   299,   7,  20,   9,    1,  -19 },   // 0x399 Iota  (#10)
  {   317,  14,  20,  17,    3,  -19 },   // 0x39A Kappa  (#11)
  {   352,  17,  20,  17,    0,  -19 },   // 0x39B Lambda  (#12)
  {   395,  19,  20,  25,    3,  -19 },   // 0x39C Mu  (#13)
  {   443,  15,  20,  21,    3,  -19 },   // 0x39D Nu  (#14)
  {   481,  13,  20,  17,    2,  -19 },   // 0x39E Xi  (#15)
  {   514,  18,  20,  21,    2,  -19 },   // 0x39F Omicron  (#16)
  {   559,  14,  20,  20,    3,  -19 },   // 0x3A0 Pi  (#17)
  {   594,  12,  20,  17,    3,  -19 },   // 0x3A1 Rho  (#18)
  {     0,   0,   0,   0,    0,    0 },   // 0x3A2 (skip)
// bmpOff,   w,   h,xAdv, xOff, yOff      range 2 (0x3a3 - 0x3c9)
  {   624,  14,  20,  16,    1,  -19 },   // 0x3A3 Sigma  (#19)
  {   659,  15,  20,  15,    0,  -19 },   // 0x3A4 Tau  (#20)
  {   697,  16,  20,  16,    0,  -19 },   // 0x3A5 Upsilon  (#21)
  {   737,  21,  20,  23,    1,  -19 },   // 0x3A6 Phi  (#22)
  {   790,  16,  20,  16,    0,  -19 },   // 0x3A7 Chi  (#23)
  {   830,  18,  20,  23,    2,  -19 },   // 0x3A8 Psi  (#24)
  {   875,  18,  20,  20,    1,  -19 },   // 0x3A9 uni03A9  (#25)
  {   920,   8,  25,   9,    1,  -24 },   // 0x3AA Iotadieresis  (#26)
  {   945,  16,  25,  16,    0,  -24 },   // 0x3AB Upsilondieresis  (#27)
  {   995,  14,  21,  17,    2,  -20 },   // 0x3AC alphatonos  (#28)
  {  1032,  11,  21,  13,    1,  -20 },   // 0x3AD epsilontonos  (#29)
  {  1061,  12,  28,  17,    2,  -20 },   // 0x3AE etatonos  (#30)
  {  1103,   7,  21,   9,    2,  -20 },   // 0x3AF iotatonos  (#31)
  {  1122,  13,  21,  16,    2,  -20 },   // 0x3B0 upsilondieresistonos  (#32)
  {  1157,  14,  15,  17,    2,  -14 },   // 0x3B1 alpha  (#33)
  {  1184,  13,  28,  17,    2,  -20 },   // 0x3B2 beta  (#34)
  {  1230,  13,  21,  14,    0,  -14 },   // 0x3B3 gamma  (#35)
  {  1265,  14,  21,  16,    1,  -20 },   // 0x3B4 delta  (#36)
  {  1302,  11,  15,  13,    1,  -14 },   // 0x3B5 epsilon  (#37)
  {  1323,  11,  27,  13,    2,  -20 },   // 0x3B6 zeta  (#38)
  {  1361,  12,  22,  17,    2,  -14 },   // 0x3B7 eta  (#39)
  {  1394,  13,  21,  16,    2,  -20 },   // 0x3B8 theta  (#40)
  {  1429,   7,  15,   9,    2,  -14 },   // 0x3B9 iota  (#41)
  {  1443,  12,  15,  15,    2,  -14 },   // 0x3BA kappa  (#42)
  {  1466,  14,  21,  14,    0,  -20 },   // 0x3BB lambda  (#43)
  {  1503,  15,  22,  17,    2,  -14 },   // 0x3BC uni03BC  (#44)
  {  1545,  13,  15,  14,    0,  -14 },   // 0x3BD nu  (#45)
  {  1570,  11,  27,  13,    2,  -20 },   // 0x3BE xi  (#46)
  {  1608,  13,  15,  17,    2,  -14 },   // 0x3BF omicron  (#47)
  {  1633,  17,  15,  18,    0,  -14 },   // 0x3C0 pi  (#48)
  {  1665,  13,  22,  16,    2,  -14 },   // 0x3C1 rho  (#49)
  {  1701,  10,  21,  13,    2,  -14 },   // 0x3C2 uni03C2  (#50)
  {  1728,  14,  15,  17,    2,  -14 },   // 0x3C3 sigma  (#51)
  {  1755,  13,  15,  13,    0,  -14 },   // 0x3C4 tau  (#52)
  {  1780,  13,  15,  16,    2,  -14 },   // 0x3C5 upsilon  (#53)
  {  1805,  16,  28,  20,    2,  -20 },   // 0x3C6 phi  (#54)
  {  1861,  16,  22,  16,    0,  -14 },   // 0x3C7 chi  (#55)
  {  1905,  17,  28,  21,    2,  -20 },   // 0x3C8 psi  (#56)
  {  1965,  18,  15,  22,    2,  -14 } }; // 0x3C9 omega  (#57)

const GFXfont NotoSans_Regular_Greek_14pt16b PROGMEM = {
  (uint8_t  *)NotoSans_Regular_Greek_14pt16bBitmaps,
  (GFXglyph *)NotoSans_Regular_Greek_14pt16bGlyphs,
  0x384, // first
  0x3C9, // last
  37   //height
 };

// Approx. 2496 bytes

// /tmp/fontconvert_pinned -f /home/user/qmk_firmware/keyboards/handwired/polykybd/fonts/noto-sans/NotoSans-Regular.ttf -s 14 -v _LetterMod_ 710 733 
// Visualize your font via https://tchapi.github.io/Adafruit-GFX-Font-Customiser

/* num ranges: 1 */
const uint8_t NotoSans_Regular_LetterMod_14pt16bBitmaps[] PROGMEM = {
  /* range 0 (0x2c6 - 0x2dd): */  0x1C, 0x1F, 0x0D, 0xDC, 0x70, 0xC1, 0xB9, 0x8F, 0x83, 0x80, 0xFF, 0xFC,
  0xFF, 0xFF, 0x3C, 0xE7, 0x38, 0xE1, 0xC3, 0x07, 0xFF, 0xFF, 0xFF, 0xFF,
  0xE1, 0xC3, 0x07, 0x3C, 0xE7, 0x38, 0xFB, 0x98, 0x40, 0x00, 0x00, 0x00,
  0x00, 0x42, 0x3B, 0xE0, 0xFB, 0x98, 0x40, 0x99, 0xB7, 0x80, 0x3F, 0x4C,
  0xC0, 0x30, 0xC3, 0x3F, 0xFC, 0xFF, 0xF3, 0x0C, 0x30, 0x30, 0xCF, 0xCC,
  0x30, 0xFF, 0xF0, 0xC1, 0xBF, 0x9F, 0x80, 0xFD, 0x00, 0x7B, 0x3C, 0x73,
  0x78, 0x33, 0x31, 0x8F, 0xBC, 0x78, 0x5F, 0xFC, 0x78, 0x39, 0xCC, 0x66,
  0x33, 0x18
 };

const GFXglyph NotoSans_Regular_LetterMod_14pt16bGlyphs[] PROGMEM = {
// bmpOff,   w,   h,xAdv, xOff, yOff      range 0 (0x2c6 - 0x2dd)
  {     0,   9,   4,  11,    1,  -20 },   // 0x2C6 circumflex  (#0)
  {     5,   9,   4,  11,    1,  -20 },   // 0x2C7 caron  (#1)
  {    10,   2,   7,   4,    1,  -20 },   // 0x2C8 uni02C8  (#2)
  {    12,   8,   2,  10,    1,  -18 },   // 0x2C9 macronmod  (#3)
  {    14,   6,   4,   8,    1,  -20 },   // 0x2CA acutemod  (#4)
  {    17,   6,   4,   8,    1,  -20 },   // 0x2CB gravemod  (#5)
  {    20,   2,   8,   4,    1,   -1 },   // 0x2CC uni02CC  (#6)
  {    22,   8,   2,  10,    1,    3 },   // 0x2CD uni02CD  (#7)
  {    24,   6,   4,   8,    1,    2 },   // 0x2CE uni02CE  (#8)
  {    27,   6,   4,   8,    1,    2 },   // 0x2CF uni02CF  (#9)
  {    30,   5,  15,   9,    2,  -14 },   // 0x2D0 uni02D0  (#10)
  {    40,   5,   4,   9,    2,  -14 },   // 0x2D1 uni02D1  (#11)
  {    43,   3,   6,   5,    1,  -11 },   // 0x2D2 uni02D2  (#12)
  {    46,   3,   6,   5,    1,  -11 },   // 0x2D3 uni02D3  (#13)
  {    49,   6,   5,   7,    1,  -10 },   // 0x2D4 uni02D4  (#14)
  {    53,   6,   5,   7,    1,  -10 },   // 0x2D5 uni02D5  (#15)
  {    57,   6,   5,   7,    1,  -10 },   // 0x2D6 uni02D6  (#16)
  {    61,   6,   2,   8,    1,   -8 },   // 0x2D7 uni02D7  (#17)
  {    63,   9,   3,  11,    1,  -19 },   // 0x2D8 breve  (#18)
  {    67,   3,   3,   5,    1,  -19 },   // 0x2D9 dotaccent  (#19)
  {    69,   6,   5,   8,    1,  -21 },   // 0x2DA ring  (#20)
  {    73,   5,   6,   7,    1,    1 },   // 0x2DB ogonek  (#21)
  {    77,  10,   3,  12,    1,  -19 },   // 0x2DC tilde  (#22)
  {    81,  10,   4,  12,    1,  -20 } }; // 0x2DD hungarumlaut  (#23)

const GFXfont NotoSans_Regular_LetterMod_14pt16b PROGMEM = {
  (uint8_t  *)NotoSans_Regular_LetterMod_14pt16bBitmaps,
  (GFXglyph *)NotoSans_Regular_LetterMod_14pt16bGlyphs,
  0x2C6, // first
  0x2DD, // last
  37   //height
 };

// Approx. 261 bytes

// /tmp/fontconvert_pinned -f /home/user/qmk_firmware/keyboards/handwired/polykybd/fonts/noto-sans/NotoSans-Regular.ttf -s 14 -v _SZ_ -r 44 7838 7838 
// Visualize your font via https://tchapi.github.io/Adafruit-GFX-Font-Customiser

/* num ranges: 1 */
const uint8_t NotoSans_Regular_SZ_14pt16bBitmaps[] PROGMEM = {
  /* range 0 (0x1e9e - 0x1e9e): */  0x07, 0xE0, 0x1F, 0xF0, 0x3C, 0x78, 0x70, 0x1C, 0x60, 0x0C, 0x60, 0x1C,
  0xE0, 0x38, 0xE0, 0x70, 0xE0, 0xE0, 0xE1, 0xFC, 0xE1, 0xFE, 0xE0, 0x0F,
  0xE0, 0x07, 0xE0, 0x03, 0xE0, 0x03, 0xE0, 0x03, 0xE0, 0x07, 0xE4, 0x07,
  0xE7, 0xFE, 0xE7, 0xFC
 };

const GFXglyph NotoSans_Regular_SZ_14pt16bGlyphs[] PROGMEM = {
// bmpOff,   w,   h,xAdv, xOff, yOff      range 0 (0x1e9e - 0x1e9e)
  {     0,  16,  20,  19,    2,  -19 } }; // 0x1E9E uni1E9E  (#0)

const GFXfont NotoSans_Regular_SZ_14pt16b PROGMEM = {
  (uint8_t  *)NotoSans_Regular_SZ_14pt16bBitmaps,
  (GFXglyph *)NotoSans_Regular_SZ_14pt16bGlyphs,
  0x1E9E, // first
  0x1E9E, // last
  44   //height
 };

// Approx. 54 bytes
